{
	"credit": "Made with Blockbench",
	"texture_size": [64, 64],
	"textures": {
		"0": "item/decor/area_chair_blue",
		"particle": "item/decor/area_chair_blue"
	},
	"elements": [
		{
			"from": [2, 0, 2],
			"to": [4, 8, 4],
			"faces": {
				"north": {"uv": [7.5, 10, 8, 12], "texture": "#0"},
				"east": {"uv": [7, 10, 7.5, 12], "texture": "#0"},
				"south": {"uv": [8.5, 10, 9, 12], "texture": "#0"},
				"west": {"uv": [8, 10, 8.5, 12], "texture": "#0"},
				"up": {"uv": [8, 10, 7.5, 9.5], "texture": "#0"},
				"down": {"uv": [8.5, 9.5, 8, 10], "texture": "#0"}
			}
		},
		{
			"from": [2, 0, 12],
			"to": [4, 8, 14],
			"faces": {
				"north": {"uv": [9.25, 4, 9.75, 6], "texture": "#0"},
				"east": {"uv": [8.75, 4, 9.25, 6], "texture": "#0"},
				"south": {"uv": [10.25, 4, 10.75, 6], "texture": "#0"},
				"west": {"uv": [9.75, 4, 10.25, 6], "texture": "#0"},
				"up": {"uv": [9.75, 4, 9.25, 3.5], "texture": "#0"},
				"down": {"uv": [10.25, 3.5, 9.75, 4], "texture": "#0"}
			}
		},
		{
			"from": [12, 0, 12],
			"to": [14, 8, 14],
			"faces": {
				"north": {"uv": [0.5, 4, 1, 6], "texture": "#0"},
				"east": {"uv": [0, 4, 0.5, 6], "texture": "#0"},
				"south": {"uv": [1.5, 4, 2, 6], "texture": "#0"},
				"west": {"uv": [1, 4, 1.5, 6], "texture": "#0"},
				"up": {"uv": [1, 4, 0.5, 3.5], "texture": "#0"},
				"down": {"uv": [1.5, 3.5, 1, 4], "texture": "#0"}
			}
		},
		{
			"from": [12, 0, 2],
			"to": [14, 8, 4],
			"faces": {
				"north": {"uv": [0.5, 0.5, 1, 2.5], "texture": "#0"},
				"east": {"uv": [0, 0.5, 0.5, 2.5], "texture": "#0"},
				"south": {"uv": [1.5, 0.5, 2, 2.5], "texture": "#0"},
				"west": {"uv": [1, 0.5, 1.5, 2.5], "texture": "#0"},
				"up": {"uv": [1, 0.5, 0.5, 0], "texture": "#0"},
				"down": {"uv": [1.5, 0, 1, 0.5], "texture": "#0"}
			}
		},
		{
			"from": [1.5, 8, 1.5],
			"to": [14.5, 9, 14.5],
			"faces": {
				"north": {"uv": [3.25, 3.25, 6.5, 3.5], "texture": "#0"},
				"east": {"uv": [0, 3.25, 3.25, 3.5], "texture": "#0"},
				"south": {"uv": [9.75, 3.25, 13, 3.5], "texture": "#0"},
				"west": {"uv": [6.5, 3.25, 9.75, 3.5], "texture": "#0"},
				"up": {"uv": [6.5, 3.25, 3.25, 0], "texture": "#0"},
				"down": {"uv": [9.75, 0, 6.5, 3.25], "texture": "#0"}
			}
		},
		{
			"from": [2, 9, 3],
			"to": [14, 10, 14],
			"faces": {
				"north": {"uv": [2.775, 6.25, 5.775, 6.5], "texture": "#0", "tintindex": 0},
				"east": {"uv": [0.025, 6.25, 2.775, 6.5], "texture": "#0", "tintindex": 0},
				"south": {"uv": [8.5, 6.25, 11.5, 6.5], "texture": "#0", "tintindex": 0},
				"west": {"uv": [5.775, 6.25, 8.525, 6.5], "texture": "#0", "tintindex": 0},
				"up": {"uv": [5.775, 6.25, 2.775, 3.5], "texture": "#0", "tintindex": 0},
				"down": {"uv": [8.775, 3.5, 5.775, 6.25], "texture": "#0", "tintindex": 0}
			}
		},
		{
			"from": [1.5, 9, 1.5],
			"to": [14.5, 23, 2.5],
			"faces": {
				"north": {"uv": [0.25, 6.75, 3.5, 10.25], "texture": "#0"},
				"east": {"uv": [0, 6.75, 0.25, 10.25], "texture": "#0"},
				"south": {"uv": [3.75, 6.75, 7, 10.25], "texture": "#0"},
				"west": {"uv": [3.5, 6.75, 3.75, 10.25], "texture": "#0"},
				"up": {"uv": [3.5, 6.75, 0.25, 6.5], "texture": "#0"},
				"down": {"uv": [6.75, 6.5, 3.5, 6.75], "texture": "#0"}
			}
		},
		{
			"from": [2, 11.5, 2.5],
			"to": [14, 22.5, 3.5],
			"faces": {
				"north": {"uv": [7.25, 6.75, 10.25, 9.5], "texture": "#0", "tintindex": 0},
				"east": {"uv": [7, 6.75, 7.25, 9.5], "texture": "#0", "tintindex": 0},
				"south": {"uv": [10.5, 6.75, 13.5, 9.5], "texture": "#0", "tintindex": 0},
				"west": {"uv": [10.25, 6.75, 10.5, 9.5], "texture": "#0", "tintindex": 0},
				"up": {"uv": [10.25, 6.75, 7.25, 6.5], "texture": "#0", "tintindex": 0},
				"down": {"uv": [13.25, 6.5, 10.25, 6.75], "texture": "#0", "tintindex": 0}
			}
		}
	],
	"display": {
		"thirdperson_righthand": {
			"rotation": [60, -160, 0],
			"translation": [0, 3.25, 0],
			"scale": [0.6, 0.6, 0.6]
		},
		"thirdperson_lefthand": {
			"rotation": [60, -160, 0],
			"translation": [0, 3.25, 0],
			"scale": [0.6, 0.6, 0.6]
		},
		"firstperson_righthand": {
			"rotation": [0, -73, 6],
			"translation": [0, -0.5, 0],
			"scale": [0.4, 0.4, 0.4]
		},
		"firstperson_lefthand": {
			"rotation": [0, -73, 6],
			"translation": [0, -0.5, 0],
			"scale": [0.4, 0.4, 0.4]
		},
		"ground": {
			"translation": [0, 1.5, 0],
			"scale": [0.35, 0.35, 0.35]
		},
		"gui": {
			"rotation": [30, -40, 0],
			"translation": [0, -1.75, 0],
			"scale": [0.55, 0.55, 0.55]
		},
		"head": {
			"translation": [0, -30.4, 0],
			"scale": [1.6, 1.6, 1.6]
		},
		"fixed": {
			"rotation": [90, 0, 0],
			"translation": [0, 0, -15],
			"scale": [-2, -2, -2]
		}
	}
}