{
	"credit": "Made with Blockbench",
	"texture_size": [128, 128],
	"textures": {
		"0": "item/decor/area_sofa_double_blue",
		"particle": "item/decor/area_sofa_double_blue"
	},
	"elements": [
		{
			"from": [13, 0, 13],
			"to": [15, 3, 15],
			"rotation": {"angle": 0, "axis": "y", "origin": [0, 0, 16]},
			"faces": {
				"north": {"uv": [5.25, 7.75, 5, 8.125], "texture": "#0"},
				"east": {"uv": [4.5, 7.75, 4.25, 8.125], "texture": "#0"},
				"south": {"uv": [4.75, 7.75, 4.5, 8.125], "texture": "#0"},
				"west": {"uv": [5, 7.75, 4.75, 8.125], "texture": "#0"},
				"up": {"uv": [4.75, 7.5, 4.5, 7.75], "texture": "#0"},
				"down": {"uv": [5, 7.75, 4.75, 7.5], "texture": "#0"}
			}
		},
		{
			"from": [13, 0, 1],
			"to": [15, 3, 3],
			"rotation": {"angle": 0, "axis": "y", "origin": [0, 0, 16]},
			"faces": {
				"north": {"uv": [4.125, 7.75, 3.875, 8.125], "texture": "#0"},
				"east": {"uv": [3.375, 7.75, 3.125, 8.125], "texture": "#0"},
				"south": {"uv": [3.625, 7.75, 3.375, 8.125], "texture": "#0"},
				"west": {"uv": [3.875, 7.75, 3.625, 8.125], "texture": "#0"},
				"up": {"uv": [3.625, 7.5, 3.375, 7.75], "texture": "#0"},
				"down": {"uv": [3.875, 7.75, 3.625, 7.5], "texture": "#0"}
			}
		},
		{
			"from": [-15, 0, 13],
			"to": [-13, 3, 15],
			"rotation": {"angle": 0, "axis": "y", "origin": [0, 0, 16]},
			"faces": {
				"north": {"uv": [3, 7.75, 2.75, 8.125], "texture": "#0"},
				"east": {"uv": [2.25, 7.75, 2, 8.125], "texture": "#0"},
				"south": {"uv": [2.5, 7.75, 2.25, 8.125], "texture": "#0"},
				"west": {"uv": [2.75, 7.75, 2.5, 8.125], "texture": "#0"},
				"up": {"uv": [2.5, 7.5, 2.25, 7.75], "texture": "#0"},
				"down": {"uv": [2.75, 7.75, 2.5, 7.5], "texture": "#0"}
			}
		},
		{
			"from": [-15, 0, 1],
			"to": [-13, 3, 3],
			"rotation": {"angle": 0, "axis": "y", "origin": [0, 0, 16]},
			"faces": {
				"north": {"uv": [1, 7.75, 0.75, 8.125], "texture": "#0"},
				"east": {"uv": [0.25, 7.75, 0, 8.125], "texture": "#0"},
				"south": {"uv": [0.5, 7.75, 0.25, 8.125], "texture": "#0"},
				"west": {"uv": [0.75, 7.75, 0.5, 8.125], "texture": "#0"},
				"up": {"uv": [0.5, 7.5, 0.25, 7.75], "texture": "#0"},
				"down": {"uv": [0.75, 7.75, 0.5, 7.5], "texture": "#0"}
			}
		},
		{
			"from": [-15.5, 3, 0.5],
			"to": [15.5, 4, 15.5],
			"rotation": {"angle": 0, "axis": "y", "origin": [0, 0, 16]},
			"faces": {
				"north": {"uv": [11.5, 1.875, 7.625, 2], "texture": "#0"},
				"east": {"uv": [1.875, 1.875, 0, 2], "texture": "#0"},
				"south": {"uv": [5.75, 1.875, 1.875, 2], "texture": "#0"},
				"west": {"uv": [7.625, 1.875, 5.75, 2], "texture": "#0"},
				"up": {"uv": [5.75, 0, 1.875, 1.875], "texture": "#0"},
				"down": {"uv": [9.625, 1.875, 5.75, 0], "texture": "#0"}
			}
		},
		{
			"from": [-15, 4, 1],
			"to": [-14, 11, 14],
			"rotation": {"angle": 0, "axis": "y", "origin": [0, 0, 16]},
			"faces": {
				"north": {"uv": [3.5, 9.125, 3.375, 10], "texture": "#0"},
				"east": {"uv": [1.625, 9.125, 0, 10], "texture": "#0"},
				"south": {"uv": [1.75, 9.125, 1.625, 10], "texture": "#0"},
				"west": {"uv": [3.375, 9.125, 1.75, 10], "texture": "#0"},
				"up": {"uv": [1.75, 7.5, 1.625, 9.125], "texture": "#0"},
				"down": {"uv": [1.875, 9.125, 1.75, 7.5], "texture": "#0"}
			}
		},
		{
			"from": [14, 4, 1],
			"to": [15, 11, 14],
			"rotation": {"angle": 0, "axis": "y", "origin": [0, 0, 16]},
			"faces": {
				"north": {"uv": [9.75, 7.5, 9.625, 8.375], "texture": "#0"},
				"east": {"uv": [7.875, 7.5, 6.25, 8.375], "texture": "#0"},
				"south": {"uv": [8, 7.5, 7.875, 8.375], "texture": "#0"},
				"west": {"uv": [9.625, 7.5, 8, 8.375], "texture": "#0"},
				"up": {"uv": [8, 5.875, 7.875, 7.5], "texture": "#0"},
				"down": {"uv": [8.125, 7.5, 8, 5.875], "texture": "#0"}
			}
		},
		{
			"from": [14, 11, 10],
			"to": [15, 16, 14],
			"rotation": {"angle": 0, "axis": "y", "origin": [0, 0, 16]},
			"faces": {
				"north": {"uv": [1.25, 2.625, 1.125, 3.25], "texture": "#0"},
				"east": {"uv": [0.5, 2.625, 0, 3.25], "texture": "#0"},
				"south": {"uv": [0.625, 2.625, 0.5, 3.25], "texture": "#0"},
				"west": {"uv": [1.125, 2.625, 0.625, 3.25], "texture": "#0"},
				"up": {"uv": [0.625, 2.125, 0.5, 2.625], "texture": "#0"},
				"down": {"uv": [0.75, 2.625, 0.625, 2.125], "texture": "#0"}
			}
		},
		{
			"from": [-15, 11, 10],
			"to": [-14, 16, 14],
			"rotation": {"angle": 0, "axis": "y", "origin": [0, 0, 16]},
			"faces": {
				"north": {"uv": [1.25, 0.5, 1.125, 1.125], "texture": "#0"},
				"east": {"uv": [0.5, 0.5, 0, 1.125], "texture": "#0"},
				"south": {"uv": [0.625, 0.5, 0.5, 1.125], "texture": "#0"},
				"west": {"uv": [1.125, 0.5, 0.625, 1.125], "texture": "#0"},
				"up": {"uv": [0.625, 0, 0.5, 0.5], "texture": "#0"},
				"down": {"uv": [0.75, 0.5, 0.625, 0], "texture": "#0"}
			}
		},
		{
			"from": [-15, 4, 14],
			"to": [15, 16, 15],
			"rotation": {"angle": 0, "axis": "y", "origin": [0, 0, 16]},
			"faces": {
				"north": {"uv": [7.75, 4.5, 4, 6], "texture": "#0"},
				"east": {"uv": [0.125, 4.5, 0, 6], "texture": "#0"},
				"south": {"uv": [3.875, 4.5, 0.125, 6], "texture": "#0"},
				"west": {"uv": [4, 4.5, 3.875, 6], "texture": "#0"},
				"up": {"uv": [3.875, 4.375, 0.125, 4.5], "texture": "#0"},
				"down": {"uv": [7.625, 4.5, 3.875, 4.375], "texture": "#0"}
			}
		},
		{
			"from": [-14, 4, 1],
			"to": [14, 8, 14],
			"rotation": {"angle": 0, "axis": "y", "origin": [0, 0, 16]},
			"faces": {
				"north": {"uv": [10.25, 3.75, 6.75, 4.25], "texture": "#0", "tintindex": 0},
				"east": {"uv": [1.625, 3.75, 0, 4.25], "texture": "#0", "tintindex": 0},
				"south": {"uv": [5.125, 3.75, 1.625, 4.25], "texture": "#0", "tintindex": 0},
				"west": {"uv": [6.75, 3.75, 5.125, 4.25], "texture": "#0", "tintindex": 0},
				"up": {"uv": [5.125, 2.125, 1.625, 3.75], "texture": "#0", "tintindex": 0},
				"down": {"uv": [8.625, 3.75, 5.125, 2.125], "texture": "#0", "tintindex": 0}
			}
		},
		{
			"from": [-14, 8, 11],
			"to": [14, 15, 14],
			"rotation": {"angle": 0, "axis": "y", "origin": [0, 0, 16]},
			"faces": {
				"north": {"uv": [7.75, 6.5, 4.25, 7.375], "texture": "#0", "tintindex": 0},
				"east": {"uv": [0.375, 6.5, 0, 7.375], "texture": "#0", "tintindex": 0},
				"south": {"uv": [3.875, 6.5, 0.375, 7.375], "texture": "#0", "tintindex": 0},
				"west": {"uv": [4.25, 6.5, 3.875, 7.375], "texture": "#0", "tintindex": 0},
				"up": {"uv": [3.875, 6.125, 0.375, 6.5], "texture": "#0", "tintindex": 0},
				"down": {"uv": [7.375, 6.5, 3.875, 6.125], "texture": "#0", "tintindex": 0}
			}
		}
	],
	"display": {
		"thirdperson_righthand": {
			"rotation": [60, -160, 0],
			"translation": [5.25, 6.25, 0],
			"scale": [-0.6, 0.6, -0.6]
		},
		"thirdperson_lefthand": {
			"rotation": [60, -160, 0],
			"translation": [-3.5, 2.75, 0],
			"scale": [-0.6, 0.6, -0.6]
		},
		"firstperson_righthand": {
			"rotation": [0, -73, 6],
			"translation": [-2, 0, 0],
			"scale": [-0.4, 0.4, -0.4]
		},
		"firstperson_lefthand": {
			"rotation": [0, -73, 6],
			"translation": [-2, 0, 3.75],
			"scale": [-0.4, 0.4, -0.4]
		},
		"ground": {
			"translation": [2.5, 1.5, 0],
			"scale": [0.35, 0.35, 0.35]
		},
		"gui": {
			"rotation": [30, -40, 0],
			"translation": [-2.75, 1, 0],
			"scale": [-0.45, 0.45, -0.45]
		},
		"head": {
			"translation": [0, -30.4, 0],
			"scale": [-1.6, 1.6, -1.6]
		},
		"fixed": {
			"rotation": [90, 0, 0],
			"translation": [0, 0, -15],
			"scale": [2, -2, -2]
		}
	}
}