{
	"credit": "Made with Blockbench",
	"texture_size": [128, 128],
	"textures": {
		"0": "item/decor/area_sofa_single_blue",
		"particle": "item/decor/area_sofa_single_blue"
	},
	"elements": [
		{
			"from": [2, 8, 2],
			"to": [14, 15, 5],
			"faces": {
				"north": {"uv": [5.125, 2.5, 6.625, 3.375], "texture": "#0", "tintindex": 0},
				"east": {"uv": [4.75, 2.5, 5.125, 3.375], "texture": "#0", "tintindex": 0},
				"south": {"uv": [7, 2.5, 8.5, 3.375], "texture": "#0", "tintindex": 0},
				"west": {"uv": [6.625, 2.5, 7, 3.375], "texture": "#0", "tintindex": 0},
				"up": {"uv": [6.625, 2.5, 5.125, 2.125], "texture": "#0", "tintindex": 0},
				"down": {"uv": [8.125, 2.125, 6.625, 2.5], "texture": "#0", "tintindex": 0}
			}
		},
		{
			"from": [2, 4, 2],
			"to": [14, 8, 15],
			"faces": {
				"north": {"uv": [1.625, 3.75, 3.125, 4.25], "texture": "#0", "tintindex": 0},
				"east": {"uv": [0, 3.75, 1.625, 4.25], "texture": "#0", "tintindex": 0},
				"south": {"uv": [4.75, 3.75, 6.25, 4.25], "texture": "#0", "tintindex": 0},
				"west": {"uv": [3.125, 3.75, 4.75, 4.25], "texture": "#0", "tintindex": 0},
				"up": {"uv": [3.125, 3.75, 1.625, 2.125], "texture": "#0", "tintindex": 0},
				"down": {"uv": [4.625, 2.125, 3.125, 3.75], "texture": "#0", "tintindex": 0}
			}
		},
		{
			"from": [1, 4, 1],
			"to": [15, 16, 2],
			"faces": {
				"north": {"uv": [5.875, 0.125, 7.625, 1.625], "texture": "#0"},
				"east": {"uv": [5.75, 0.125, 5.875, 1.625], "texture": "#0"},
				"south": {"uv": [7.75, 0.125, 9.5, 1.625], "texture": "#0"},
				"west": {"uv": [7.625, 0.125, 7.75, 1.625], "texture": "#0"},
				"up": {"uv": [7.625, 0.125, 5.875, 0], "texture": "#0"},
				"down": {"uv": [9.375, 0, 7.625, 0.125], "texture": "#0"}
			}
		},
		{
			"from": [1, 11, 2],
			"to": [2, 16, 6],
			"faces": {
				"north": {"uv": [0.5, 0.5, 0.625, 1.125], "texture": "#0"},
				"east": {"uv": [0, 0.5, 0.5, 1.125], "texture": "#0"},
				"south": {"uv": [1.125, 0.5, 1.25, 1.125], "texture": "#0"},
				"west": {"uv": [0.625, 0.5, 1.125, 1.125], "texture": "#0"},
				"up": {"uv": [0.625, 0.5, 0.5, 0], "texture": "#0"},
				"down": {"uv": [0.75, 0, 0.625, 0.5], "texture": "#0"}
			}
		},
		{
			"from": [14, 11, 2],
			"to": [15, 16, 6],
			"faces": {
				"north": {"uv": [0.5, 2.625, 0.625, 3.25], "texture": "#0"},
				"east": {"uv": [0, 2.625, 0.5, 3.25], "texture": "#0"},
				"south": {"uv": [1.125, 2.625, 1.25, 3.25], "texture": "#0"},
				"west": {"uv": [0.625, 2.625, 1.125, 3.25], "texture": "#0"},
				"up": {"uv": [0.625, 2.625, 0.5, 2.125], "texture": "#0"},
				"down": {"uv": [0.75, 2.125, 0.625, 2.625], "texture": "#0"}
			}
		},
		{
			"from": [14, 4, 2],
			"to": [15, 11, 15],
			"faces": {
				"north": {"uv": [1.625, 6, 1.75, 6.875], "texture": "#0"},
				"east": {"uv": [0, 6, 1.625, 6.875], "texture": "#0"},
				"south": {"uv": [3.375, 6, 3.5, 6.875], "texture": "#0"},
				"west": {"uv": [1.75, 6, 3.375, 6.875], "texture": "#0"},
				"up": {"uv": [1.75, 6, 1.625, 4.375], "texture": "#0"},
				"down": {"uv": [1.875, 4.375, 1.75, 6], "texture": "#0"}
			}
		},
		{
			"from": [1, 4, 2],
			"to": [2, 11, 15],
			"faces": {
				"north": {"uv": [5.25, 6, 5.375, 6.875], "texture": "#0"},
				"east": {"uv": [3.625, 6, 5.25, 6.875], "texture": "#0"},
				"south": {"uv": [7, 6, 7.125, 6.875], "texture": "#0"},
				"west": {"uv": [5.375, 6, 7, 6.875], "texture": "#0"},
				"up": {"uv": [5.375, 6, 5.25, 4.375], "texture": "#0"},
				"down": {"uv": [5.5, 4.375, 5.375, 6], "texture": "#0"}
			}
		},
		{
			"from": [0.5, 3, 0.5],
			"to": [15.5, 4, 15.5],
			"faces": {
				"north": {"uv": [1.875, 1.875, 3.75, 2], "texture": "#0"},
				"east": {"uv": [0, 1.875, 1.875, 2], "texture": "#0"},
				"south": {"uv": [5.625, 1.875, 7.5, 2], "texture": "#0"},
				"west": {"uv": [3.75, 1.875, 5.625, 2], "texture": "#0"},
				"up": {"uv": [3.75, 1.875, 1.875, 0], "texture": "#0"},
				"down": {"uv": [5.625, 0, 3.75, 1.875], "texture": "#0"}
			}
		},
		{
			"from": [1, 0, 13],
			"to": [3, 3, 15],
			"faces": {
				"north": {"uv": [0.25, 4.625, 0.5, 5], "texture": "#0"},
				"east": {"uv": [0, 4.625, 0.25, 5], "texture": "#0"},
				"south": {"uv": [0.75, 4.625, 1, 5], "texture": "#0"},
				"west": {"uv": [0.5, 4.625, 0.75, 5], "texture": "#0"},
				"up": {"uv": [0.5, 4.625, 0.25, 4.375], "texture": "#0"},
				"down": {"uv": [0.75, 4.375, 0.5, 4.625], "texture": "#0"}
			}
		},
		{
			"from": [1, 0, 1],
			"to": [3, 3, 3],
			"faces": {
				"north": {"uv": [2.25, 4.625, 2.5, 5], "texture": "#0"},
				"east": {"uv": [2, 4.625, 2.25, 5], "texture": "#0"},
				"south": {"uv": [2.75, 4.625, 3, 5], "texture": "#0"},
				"west": {"uv": [2.5, 4.625, 2.75, 5], "texture": "#0"},
				"up": {"uv": [2.5, 4.625, 2.25, 4.375], "texture": "#0"},
				"down": {"uv": [2.75, 4.375, 2.5, 4.625], "texture": "#0"}
			}
		},
		{
			"from": [13, 0, 13],
			"to": [15, 3, 15],
			"faces": {
				"north": {"uv": [3.375, 4.625, 3.625, 5], "texture": "#0"},
				"east": {"uv": [3.125, 4.625, 3.375, 5], "texture": "#0"},
				"south": {"uv": [3.875, 4.625, 4.125, 5], "texture": "#0"},
				"west": {"uv": [3.625, 4.625, 3.875, 5], "texture": "#0"},
				"up": {"uv": [3.625, 4.625, 3.375, 4.375], "texture": "#0"},
				"down": {"uv": [3.875, 4.375, 3.625, 4.625], "texture": "#0"}
			}
		},
		{
			"from": [13, 0, 1],
			"to": [15, 3, 3],
			"faces": {
				"north": {"uv": [4.25, 5.125, 4.5, 5.5], "texture": "#0"},
				"east": {"uv": [4, 5.125, 4.25, 5.5], "texture": "#0"},
				"south": {"uv": [4.75, 5.125, 5, 5.5], "texture": "#0"},
				"west": {"uv": [4.5, 5.125, 4.75, 5.5], "texture": "#0"},
				"up": {"uv": [4.5, 5.125, 4.25, 4.875], "texture": "#0"},
				"down": {"uv": [4.75, 4.875, 4.5, 5.125], "texture": "#0"}
			}
		}
	],
	"display": {
		"thirdperson_righthand": {
			"rotation": [60, -160, 0],
			"translation": [0, 4.75, 0],
			"scale": [0.6, 0.6, 0.6]
		},
		"thirdperson_lefthand": {
			"rotation": [60, -160, 0],
			"translation": [0, 4.75, 0],
			"scale": [0.6, 0.6, 0.6]
		},
		"firstperson_righthand": {
			"rotation": [0, -73, 6],
			"translation": [0, 0.75, 0],
			"scale": [0.4, 0.4, 0.4]
		},
		"firstperson_lefthand": {
			"rotation": [0, -73, 6],
			"translation": [0, 0.75, 0],
			"scale": [0.4, 0.4, 0.4]
		},
		"ground": {
			"translation": [0, 1.5, 0],
			"scale": [0.35, 0.35, 0.35]
		},
		"gui": {
			"rotation": [30, -40, 0],
			"translation": [0, -0.5, 0],
			"scale": [0.55, 0.55, 0.55]
		},
		"head": {
			"translation": [0, -30.4, 0],
			"scale": [1.6, 1.6, 1.6]
		},
		"fixed": {
			"rotation": [90, 0, 0],
			"translation": [0, 0, -15],
			"scale": [2, -2, 2]
		}
	}
}