{
	"credit": "Made with Blockbench",
	"texture_size": [64, 64],
	"textures": {
		"1": "item/decor/kitchen_barstool",
		"particle": "item/decor/kitchen_barstool"
	},
	"elements": [
		{
			"name": "Element",
			"from": [1, 13, 1],
			"to": [15, 15, 15],
			"faces": {
				"north": {"uv": [3.5, 3.5, 7, 4], "texture": "#1"},
				"east": {"uv": [0, 3.5, 3.5, 4], "texture": "#1"},
				"south": {"uv": [10.5, 3.5, 14, 4], "texture": "#1"},
				"west": {"uv": [7, 3.5, 10.5, 4], "texture": "#1"},
				"up": {"uv": [7, 3.5, 3.5, 0], "texture": "#1"},
				"down": {"uv": [10.5, 0, 7, 3.5], "texture": "#1"}
			}
		},
		{
			"name": "Element",
			"from": [1.5, 0, 12.5],
			"to": [3.5, 13, 14.5],
			"faces": {
				"north": {"uv": [0.5, 10.75, 1, 14], "texture": "#1", "tintindex": 0},
				"east": {"uv": [0, 10.75, 0.5, 14], "texture": "#1", "tintindex": 0},
				"south": {"uv": [1.5, 10.75, 2, 14], "texture": "#1", "tintindex": 0},
				"west": {"uv": [1, 10.75, 1.5, 14], "texture": "#1", "tintindex": 0},
				"up": {"uv": [1, 10.75, 0.5, 10.25], "texture": "#1", "tintindex": 0},
				"down": {"uv": [1.5, 10.25, 1, 10.75], "texture": "#1", "tintindex": 0}
			}
		},
		{
			"name": "Element",
			"from": [12.5, 0, 12.5],
			"to": [14.5, 13, 14.5],
			"faces": {
				"north": {"uv": [10.25, 9.75, 10.75, 13], "texture": "#1", "tintindex": 0},
				"east": {"uv": [9.75, 9.75, 10.25, 13], "texture": "#1", "tintindex": 0},
				"south": {"uv": [11.25, 9.75, 11.75, 13], "texture": "#1", "tintindex": 0},
				"west": {"uv": [10.75, 9.75, 11.25, 13], "texture": "#1", "tintindex": 0},
				"up": {"uv": [10.75, 9.75, 10.25, 9.25], "texture": "#1", "tintindex": 0},
				"down": {"uv": [11.25, 9.25, 10.75, 9.75], "texture": "#1", "tintindex": 0}
			}
		},
		{
			"name": "Element",
			"from": [12.5, 0, 1.5],
			"to": [14.5, 13, 3.5],
			"faces": {
				"north": {"uv": [8, 9.75, 8.5, 13], "texture": "#1", "tintindex": 0},
				"east": {"uv": [7.5, 9.75, 8, 13], "texture": "#1", "tintindex": 0},
				"south": {"uv": [9, 9.75, 9.5, 13], "texture": "#1", "tintindex": 0},
				"west": {"uv": [8.5, 9.75, 9, 13], "texture": "#1", "tintindex": 0},
				"up": {"uv": [8.5, 9.75, 8, 9.25], "texture": "#1", "tintindex": 0},
				"down": {"uv": [9, 9.25, 8.5, 9.75], "texture": "#1", "tintindex": 0}
			}
		},
		{
			"name": "Element",
			"from": [1.5, 0, 1.5],
			"to": [3.5, 13, 3.5],
			"faces": {
				"north": {"uv": [5.75, 9.5, 6.25, 12.75], "texture": "#1", "tintindex": 0},
				"east": {"uv": [5.25, 9.5, 5.75, 12.75], "texture": "#1", "tintindex": 0},
				"south": {"uv": [6.75, 9.5, 7.25, 12.75], "texture": "#1", "tintindex": 0},
				"west": {"uv": [6.25, 9.5, 6.75, 12.75], "texture": "#1", "tintindex": 0},
				"up": {"uv": [6.25, 9.5, 5.75, 9], "texture": "#1", "tintindex": 0},
				"down": {"uv": [6.75, 9, 6.25, 9.5], "texture": "#1", "tintindex": 0}
			}
		},
		{
			"name": "Element",
			"from": [2, 11, 3.5],
			"to": [3, 13, 12.5],
			"rotation": {"angle": 0, "axis": "y", "origin": [0, -2, 0]},
			"faces": {
				"north": {"uv": [8.25, 6.5, 8.5, 7], "texture": "#1", "tintindex": 0},
				"east": {"uv": [6, 6.5, 8.25, 7], "texture": "#1", "tintindex": 0},
				"south": {"uv": [10.75, 6.5, 11, 7], "texture": "#1", "tintindex": 0},
				"west": {"uv": [8.5, 6.5, 10.75, 7], "texture": "#1", "tintindex": 0},
				"up": {"uv": [8.5, 6.5, 8.25, 4.25], "texture": "#1", "tintindex": 0},
				"down": {"uv": [8.75, 4.25, 8.5, 6.5], "texture": "#1", "tintindex": 0}
			}
		},
		{
			"name": "Element",
			"from": [13, 11, 3.5],
			"to": [14, 13, 12.5],
			"rotation": {"angle": 0, "axis": "y", "origin": [0, -2, 0]},
			"faces": {
				"north": {"uv": [5.25, 7.25, 5.5, 7.75], "texture": "#1", "tintindex": 0},
				"east": {"uv": [3, 7.25, 5.25, 7.75], "texture": "#1", "tintindex": 0},
				"south": {"uv": [7.75, 7.25, 8, 7.75], "texture": "#1", "tintindex": 0},
				"west": {"uv": [5.5, 7.25, 7.75, 7.75], "texture": "#1", "tintindex": 0},
				"up": {"uv": [5.5, 7.25, 5.25, 5], "texture": "#1", "tintindex": 0},
				"down": {"uv": [5.75, 5, 5.5, 7.25], "texture": "#1", "tintindex": 0}
			}
		},
		{
			"name": "Element",
			"from": [3.5, 11, 13],
			"to": [12.5, 13, 14],
			"rotation": {"angle": 0, "axis": "y", "origin": [0, -2, 0]},
			"faces": {
				"north": {"uv": [9.25, 4.5, 11.5, 5], "texture": "#1", "tintindex": 0},
				"east": {"uv": [9, 4.5, 9.25, 5], "texture": "#1", "tintindex": 0},
				"south": {"uv": [11.75, 4.5, 14, 5], "texture": "#1", "tintindex": 0},
				"west": {"uv": [11.5, 4.5, 11.75, 5], "texture": "#1", "tintindex": 0},
				"up": {"uv": [11.5, 4.5, 9.25, 4.25], "texture": "#1", "tintindex": 0},
				"down": {"uv": [13.75, 4.25, 11.5, 4.5], "texture": "#1", "tintindex": 0}
			}
		},
		{
			"name": "Element",
			"from": [3.5, 11, 2],
			"to": [12.5, 13, 3],
			"rotation": {"angle": 0, "axis": "y", "origin": [0, -2, 0]},
			"faces": {
				"north": {"uv": [8.5, 8.5, 10.75, 9], "texture": "#1", "tintindex": 0},
				"east": {"uv": [8.25, 8.5, 8.5, 9], "texture": "#1", "tintindex": 0},
				"south": {"uv": [11, 8.5, 13.25, 9], "texture": "#1", "tintindex": 0},
				"west": {"uv": [10.75, 8.5, 11, 9], "texture": "#1", "tintindex": 0},
				"up": {"uv": [10.75, 8.5, 8.5, 8.25], "texture": "#1", "tintindex": 0},
				"down": {"uv": [13, 8.25, 10.75, 8.5], "texture": "#1", "tintindex": 0}
			}
		},
		{
			"name": "Element",
			"from": [3.5, 4, 13],
			"to": [12.5, 6, 14],
			"rotation": {"angle": 0, "axis": "y", "origin": [0, -2, 0]},
			"faces": {
				"north": {"uv": [8.5, 7.5, 10.75, 8], "texture": "#1", "tintindex": 0},
				"east": {"uv": [8.25, 7.5, 8.5, 8], "texture": "#1", "tintindex": 0},
				"south": {"uv": [11, 7.5, 13.25, 8], "texture": "#1", "tintindex": 0},
				"west": {"uv": [10.75, 7.5, 11, 8], "texture": "#1", "tintindex": 0},
				"up": {"uv": [10.75, 7.5, 8.5, 7.25], "texture": "#1", "tintindex": 0},
				"down": {"uv": [13, 7.25, 10.75, 7.5], "texture": "#1", "tintindex": 0}
			}
		},
		{
			"name": "Element",
			"from": [2, 4, 3.5],
			"to": [3, 6, 12.5],
			"rotation": {"angle": 0, "axis": "y", "origin": [0, -2, 0]},
			"faces": {
				"north": {"uv": [2.25, 6.5, 2.5, 7], "texture": "#1", "tintindex": 0},
				"east": {"uv": [0, 6.5, 2.25, 7], "texture": "#1", "tintindex": 0},
				"south": {"uv": [4.75, 6.5, 5, 7], "texture": "#1", "tintindex": 0},
				"west": {"uv": [2.5, 6.5, 4.75, 7], "texture": "#1", "tintindex": 0},
				"up": {"uv": [2.5, 6.5, 2.25, 4.25], "texture": "#1", "tintindex": 0},
				"down": {"uv": [2.75, 4.25, 2.5, 6.5], "texture": "#1", "tintindex": 0}
			}
		},
		{
			"name": "Element",
			"from": [3.5, 4, 2],
			"to": [12.5, 6, 3],
			"rotation": {"angle": 0, "axis": "y", "origin": [0, -2, 0]},
			"faces": {
				"north": {"uv": [3.25, 8.25, 5.5, 8.75], "texture": "#1", "tintindex": 0},
				"east": {"uv": [3, 8.25, 3.25, 8.75], "texture": "#1", "tintindex": 0},
				"south": {"uv": [5.75, 8.25, 8, 8.75], "texture": "#1", "tintindex": 0},
				"west": {"uv": [5.5, 8.25, 5.75, 8.75], "texture": "#1", "tintindex": 0},
				"up": {"uv": [5.5, 8.25, 3.25, 8], "texture": "#1", "tintindex": 0},
				"down": {"uv": [7.75, 8, 5.5, 8.25], "texture": "#1", "tintindex": 0}
			}
		},
		{
			"name": "Element",
			"from": [13, 4, 3.5],
			"to": [14, 6, 12.5],
			"rotation": {"angle": 0, "axis": "y", "origin": [0, -2, 0]},
			"faces": {
				"north": {"uv": [2.25, 9.5, 2.5, 10], "texture": "#1", "tintindex": 0},
				"east": {"uv": [0, 9.5, 2.25, 10], "texture": "#1", "tintindex": 0},
				"south": {"uv": [4.75, 9.5, 5, 10], "texture": "#1", "tintindex": 0},
				"west": {"uv": [2.5, 9.5, 4.75, 10], "texture": "#1", "tintindex": 0},
				"up": {"uv": [2.5, 9.5, 2.25, 7.25], "texture": "#1", "tintindex": 0},
				"down": {"uv": [2.75, 7.25, 2.5, 9.5], "texture": "#1", "tintindex": 0}
			}
		}
	],
	"display": {
		"thirdperson_righthand": {
			"rotation": [60, -160, 0],
			"translation": [0, 3.5, -1.5],
			"scale": [-0.6, 0.6, -0.6]
		},
		"thirdperson_lefthand": {
			"rotation": [60, -160, 0],
			"translation": [0, 3.5, -1.5],
			"scale": [-0.6, 0.6, -0.6]
		},
		"firstperson_righthand": {
			"rotation": [0, -73, 6],
			"translation": [0, 0.25, 0],
			"scale": [-0.4, 0.4, -0.4]
		},
		"firstperson_lefthand": {
			"rotation": [0, -73, 6],
			"translation": [0, 0.25, 0],
			"scale": [-0.4, 0.4, -0.4]
		},
		"ground": {
			"translation": [0, 1.5, 0],
			"scale": [0.35, 0.35, 0.35]
		},
		"gui": {
			"rotation": [30, -40, 0],
			"scale": [-0.55, 0.55, -0.55]
		},
		"head": {
			"translation": [0, -30.4, 0],
			"scale": [1.6, 1.6, 1.6]
		},
		"fixed": {
			"rotation": [90, 0, -180],
			"translation": [0, 0, -15],
			"scale": [2, 2, 2]
		}
	}
}