{
	"credit": "Made with Blockbench",
	"texture_size": [64, 64],
	"textures": {
		"1": "item/decor/wood_table"
	},
	"elements": [
		{
			"from": [-8, 14, -8],
			"to": [24, 16, 24],
			"faces": {
				"north": {"uv": [8, 0, 16, 0.5], "texture": "#1"},
				"east": {"uv": [8, 0.5, 16, 1], "texture": "#1"},
				"south": {"uv": [8, 0, 16, 0.5], "texture": "#1"},
				"west": {"uv": [8, 1.5, 16, 2], "texture": "#1"},
				"up": {"uv": [8, 8, 0, 0], "texture": "#1"},
				"down": {"uv": [8, 0, 0, 8], "texture": "#1"}
			}
		},
		{
			"from": [-7, 0, -7],
			"to": [-4, 14, -4],
			"faces": {
				"north": {"uv": [8, 9, 8.75, 12.5], "texture": "#1"},
				"east": {"uv": [8, 9, 8.75, 12.5], "texture": "#1"},
				"south": {"uv": [8, 9, 8.75, 12.5], "texture": "#1"},
				"west": {"uv": [8, 9, 8.75, 12.5], "texture": "#1"},
				"up": {"uv": [12.5, 7.75, 11.75, 7], "texture": "#1"},
				"down": {"uv": [12.5, 7.75, 11.75, 8.5], "texture": "#1"}
			}
		},
		{
			"from": [20, 0, -7],
			"to": [23, 14, -4],
			"faces": {
				"north": {"uv": [8, 9, 8.75, 12.5], "texture": "#1"},
				"east": {"uv": [8, 9, 8.75, 12.5], "texture": "#1"},
				"south": {"uv": [8, 9, 8.75, 12.5], "texture": "#1"},
				"west": {"uv": [8, 9, 8.75, 12.5], "texture": "#1"},
				"up": {"uv": [12.5, 7.75, 11.75, 7], "texture": "#1"},
				"down": {"uv": [12.5, 7.75, 11.75, 8.5], "texture": "#1"}
			}
		},
		{
			"from": [-7, 0, 20],
			"to": [-4, 14, 23],
			"faces": {
				"north": {"uv": [8, 9, 8.75, 12.5], "texture": "#1"},
				"east": {"uv": [8, 9, 8.75, 12.5], "texture": "#1"},
				"south": {"uv": [8, 9, 8.75, 12.5], "texture": "#1"},
				"west": {"uv": [8, 9, 8.75, 12.5], "texture": "#1"},
				"up": {"uv": [12.5, 7.75, 11.75, 7], "texture": "#1"},
				"down": {"uv": [12.5, 7.75, 11.75, 8.5], "texture": "#1"}
			}
		},
		{
			"from": [20, 0, 20],
			"to": [23, 14, 23],
			"faces": {
				"north": {"uv": [8, 9, 8.75, 12.5], "texture": "#1"},
				"east": {"uv": [8, 9, 8.75, 12.5], "texture": "#1"},
				"south": {"uv": [8, 9, 8.75, 12.5], "texture": "#1"},
				"west": {"uv": [8, 9, 8.75, 12.5], "texture": "#1"},
				"up": {"uv": [12.5, 7.75, 11.75, 7], "texture": "#1"},
				"down": {"uv": [12.5, 7.75, 11.75, 8.5], "texture": "#1"}
			}
		}
	],
	"gui_light": "front",
	"display": {
		"thirdperson_righthand": {
			"rotation": [-125, 20, 180],
			"translation": [1, 2, 1.25],
			"scale": [0.3, 0.3, 0.3]
		},
		"thirdperson_lefthand": {
			"rotation": [-125, 20, 180],
			"translation": [1, 2, 1.25],
			"scale": [0.3, 0.3, 0.3]
		},
		"firstperson_righthand": {
			"rotation": [0, 145, 0],
			"translation": [-0.75, 2.25, 1.5],
			"scale": [0.3, 0.3, 0.3]
		},
		"firstperson_lefthand": {
			"rotation": [0, 145, 0],
			"translation": [-0.75, 2.25, 1.5],
			"scale": [0.3, 0.3, 0.3]
		},
		"ground": {
			"translation": [0, 1.25, 0],
			"scale": [0.3, 0.3, 0.3]
		},
		"gui": {
			"rotation": [-165, 45, -180],
			"translation": [0, -1, 0],
			"scale": [0.3, 0.3, 0.3]
		},
		"head": {
			"translation": [0, -33.5, 0],
			"scale": [1.2, 1.2, 1.2]
		},
		"fixed": {
			"rotation": [-90, 0, 0],
			"translation": [0, 0, -16],
			"scale": [2, 2, 2]
		}
	}
}