{
	"credit": "Made with Blockbench",
	"texture_size": [128, 128],
	"textures": {
		"0": "item/decor/wood_picnic_table",
		"particle": "jitem/decor/wood_picnic_table"
	},
	"elements": [
		{
			"from": [-3, 3, -6],
			"to": [-2, 7, 22],
			"faces": {
				"north": {"uv": [6, 7, 6.125, 7.5], "texture": "#0"},
				"east": {"uv": [4, 3.5, 7, 4], "texture": "#0"},
				"south": {"uv": [6.125, 7, 6.25, 7.5], "texture": "#0"},
				"west": {"uv": [4, 3.5, 7, 4], "texture": "#0"},
				"up": {"uv": [3.125, 8, 3, 5], "texture": "#0"},
				"down": {"uv": [3.25, 5, 3.125, 8], "texture": "#0"}
			}
		},
		{
			"from": [-4.075, -5, 12],
			"to": [-3.075, 19, 16],
			"rotation": {"angle": -45, "axis": "x", "origin": [-3.575, 7, 14]},
			"faces": {
				"north": {"uv": [3.5, 5, 3.625, 8], "texture": "#0"},
				"east": {"uv": [1, 5, 0.5, 8], "texture": "#0"},
				"south": {"uv": [3.625, 5, 3.75, 8], "texture": "#0"},
				"west": {"uv": [0.5, 5, 1, 8], "texture": "#0"},
				"up": {"uv": [6.625, 7.5, 6.5, 7], "texture": "#0"},
				"down": {"uv": [7.125, 6.5, 7, 7], "texture": "#0"}
			}
		},
		{
			"from": [-2, -5, 0],
			"to": [-1, 19, 4],
			"rotation": {"angle": 45, "axis": "x", "origin": [-1.5, 7, 2]},
			"faces": {
				"north": {"uv": [3.25, 5, 3.375, 8], "texture": "#0"},
				"east": {"uv": [4, 4, 4.5, 7], "texture": "#0"},
				"south": {"uv": [3.375, 5, 3.5, 8], "texture": "#0"},
				"west": {"uv": [4.5, 4, 4, 7], "texture": "#0"},
				"up": {"uv": [6.375, 7.5, 6.25, 7], "texture": "#0"},
				"down": {"uv": [6.5, 7, 6.375, 7.5], "texture": "#0"}
			}
		},
		{
			"from": [18, 3, -6],
			"to": [19, 7, 22],
			"rotation": {"angle": 0, "axis": "y", "origin": [21, 0, 0]},
			"faces": {
				"north": {"uv": [6, 7, 6.125, 7.5], "texture": "#0"},
				"east": {"uv": [4, 3.5, 7, 4], "texture": "#0"},
				"south": {"uv": [6.125, 7, 6.25, 7.5], "texture": "#0"},
				"west": {"uv": [4, 3.5, 7, 4], "texture": "#0"},
				"up": {"uv": [3.125, 8, 3, 5], "texture": "#0"},
				"down": {"uv": [3.25, 5, 3.125, 8], "texture": "#0"}
			}
		},
		{
			"from": [18.925, -5, 12],
			"to": [19.925, 19, 16],
			"rotation": {"angle": -45, "axis": "x", "origin": [17.425, 7, 14]},
			"faces": {
				"north": {"uv": [3.5, 5, 3.625, 8], "texture": "#0"},
				"east": {"uv": [1, 5, 0.5, 8], "texture": "#0"},
				"south": {"uv": [3.625, 5, 3.75, 8], "texture": "#0"},
				"west": {"uv": [0.5, 5, 1, 8], "texture": "#0"},
				"up": {"uv": [6.625, 7.5, 6.5, 7], "texture": "#0"},
				"down": {"uv": [7.125, 6.5, 7, 7], "texture": "#0"}
			}
		},
		{
			"from": [17, -5, 0],
			"to": [18, 19, 4],
			"rotation": {"angle": 45, "axis": "x", "origin": [19.5, 7, 2]},
			"faces": {
				"north": {"uv": [3.25, 5, 3.375, 8], "texture": "#0"},
				"east": {"uv": [4, 4, 4.5, 7], "texture": "#0"},
				"south": {"uv": [3.375, 5, 3.5, 8], "texture": "#0"},
				"west": {"uv": [4.5, 4, 4, 7], "texture": "#0"},
				"up": {"uv": [6.375, 7.5, 6.25, 7], "texture": "#0"},
				"down": {"uv": [6.5, 7, 6.375, 7.5], "texture": "#0"}
			}
		},
		{
			"from": [-8, 7, -8],
			"to": [24, 9, 0],
			"rotation": {"angle": 0, "axis": "y", "origin": [0, 0, -24]},
			"faces": {
				"north": {"uv": [5, 5.5, 9, 5.75], "texture": "#0"},
				"east": {"uv": [7, 3, 8, 3.25], "texture": "#0"},
				"south": {"uv": [5, 5.75, 9, 6], "texture": "#0"},
				"west": {"uv": [7, 3.25, 8, 3.5], "texture": "#0"},
				"up": {"uv": [4, 5, 0, 4], "texture": "#0"},
				"down": {"uv": [4, 4, 0, 5], "texture": "#0"}
			}
		},
		{
			"from": [-8, 7, 16],
			"to": [24, 9, 24],
			"rotation": {"angle": 0, "axis": "y", "origin": [0, 0, -24]},
			"faces": {
				"north": {"uv": [5, 5.5, 9, 5.75], "texture": "#0"},
				"east": {"uv": [7, 3, 8, 3.25], "texture": "#0"},
				"south": {"uv": [5, 5.75, 9, 6], "texture": "#0"},
				"west": {"uv": [7, 3.25, 8, 3.5], "texture": "#0"},
				"up": {"uv": [4, 5, 0, 4], "texture": "#0"},
				"down": {"uv": [4, 4, 0, 5], "texture": "#0"}
			}
		},
		{
			"from": [-8, 14, 0],
			"to": [24, 16, 16],
			"faces": {
				"north": {"uv": [5, 5, 9, 5.25], "texture": "#0"},
				"east": {"uv": [5, 6.5, 7, 6.75], "texture": "#0"},
				"south": {"uv": [5, 5, 9, 5.25], "texture": "#0"},
				"west": {"uv": [5, 6.75, 7, 7], "texture": "#0"},
				"up": {"uv": [4, 2, 0, 0], "texture": "#0"},
				"down": {"uv": [4, 0, 0, 2], "texture": "#0"}
			}
		},
		{
			"name": "cube_outline",
			"from": [9, 16, 9],
			"to": [7, 14, 7],
			"faces": {
				"north": {"uv": [4.5, 7, 4.75, 7.25], "texture": "#0"},
				"east": {"uv": [4.75, 7, 5, 7.25], "texture": "#0"},
				"south": {"uv": [5, 7, 5.25, 7.25], "texture": "#0"},
				"west": {"uv": [5.25, 7, 5.5, 7.25], "texture": "#0"},
				"up": {"uv": [5.75, 7.25, 5.5, 7], "texture": "#0"},
				"down": {"uv": [6, 7, 5.75, 7.25], "texture": "#0"}
			}
		}
	],
	"gui_light": "front",
	"display": {
		"thirdperson_righthand": {
			"rotation": [-125, 20, 180],
			"translation": [1, 2, 1.25],
			"scale": [0.3, 0.3, 0.3]
		},
		"thirdperson_lefthand": {
			"rotation": [-125, 20, 180],
			"translation": [1, 2, 1.25],
			"scale": [0.3, 0.3, 0.3]
		},
		"firstperson_righthand": {
			"rotation": [0, 145, 0],
			"translation": [-0.75, 2.25, 1.5],
			"scale": [0.3, 0.3, 0.3]
		},
		"firstperson_lefthand": {
			"rotation": [0, 145, 0],
			"translation": [-0.75, 2.25, 1.5],
			"scale": [0.3, 0.3, 0.3]
		},
		"ground": {
			"translation": [0, 4, 0],
			"scale": [0.3, 0.3, 0.3]
		},
		"gui": {
			"rotation": [-165, 45, -180],
			"translation": [0, -0.75, 0],
			"scale": [0.3, 0.3, 0.3]
		},
		"head": {
			"translation": [0, -27, 0],
			"scale": [1.5, 1.5, 1.5]
		},
		"fixed": {
			"rotation": [-90, 0, 0],
			"translation": [0, 0, -16],
			"scale": [2, 2, 2]
		}
	}
}