{
	"credit": "Made with Blockbench",
	"texture_size": [32, 32],
	"textures": {
		"0": "block/red_carved_candle",
		"particle": "block/red_carved_candle"
	},
	"elements": [
		{
			"name": "candle_main",
			"from": [6.5, 2, 6.5],
			"to": [9.5, 9, 9.5],
			"rotation": {"angle": 0, "axis": "y", "origin": [14, 10, 14]},
			"faces": {
				"north": {"uv": [1.5, 12.5, 3, 16], "texture": "#0"},
				"east": {"uv": [0, 12.5, 1.5, 16], "texture": "#0"},
				"south": {"uv": [4.5, 12.5, 6, 16], "texture": "#0"},
				"west": {"uv": [3, 12.5, 4.5, 16], "texture": "#0"},
				"up": {"uv": [1.5, 11, 3, 12.5], "texture": "#0"},
				"down": {"uv": [3, 11, 4.5, 12.5], "texture": "#0"}
			}
		},
		{
			"name": "wick",
			"from": [7.5, 9, 8],
			"to": [8.5, 11, 8],
			"rotation": {"angle": 0, "axis": "y", "origin": [16, 17, 16.5]},
			"faces": {
				"north": {"uv": [0, 11.5, 0.5, 12.5], "texture": "#0"},
				"east": {"uv": [6, 8, 6.5, 10], "texture": "#missing"},
				"south": {"uv": [0, 11.5, 0.5, 12.5], "texture": "#0"},
				"west": {"uv": [7, 8, 7.5, 10], "texture": "#missing"},
				"up": {"uv": [6.5, 7, 7, 8], "texture": "#missing"},
				"down": {"uv": [7, 7, 7.5, 8], "texture": "#missing"}
			}
		},
		{
			"name": "holder_base",
			"from": [6, 0, 6],
			"to": [10, 2, 10],
			"rotation": {"angle": 0, "axis": "y", "origin": [14, 8, 14]},
			"faces": {
				"north": {"uv": [10, 15, 12, 16], "texture": "#0"},
				"east": {"uv": [8, 15, 10, 16], "texture": "#0"},
				"south": {"uv": [14, 15, 16, 16], "texture": "#0"},
				"west": {"uv": [12, 15, 14, 16], "texture": "#0"},
				"up": {"uv": [10, 13, 12, 15], "texture": "#0"},
				"down": {"uv": [12, 13, 14, 15], "texture": "#0"}
			}
		},
		{
			"name": "a1",
			"from": [9.25, 3, 8.5],
			"to": [9.25, 5, 9.5],
			"rotation": {"angle": -22.5, "axis": "z", "origin": [9.25, 3, 9.5]},
			"faces": {
				"north": {"uv": [0, 0, 0, 2], "texture": "#0"},
				"east": {"uv": [15.5, 2.5, 16, 3.5], "texture": "#0"},
				"south": {"uv": [0, 0, 0, 2], "texture": "#missing"},
				"west": {"uv": [15, 2, 15.5, 3], "texture": "#0"},
				"up": {"uv": [0, 0, 1, 0], "rotation": 90, "texture": "#missing"},
				"down": {"uv": [0, 0, 1, 0], "rotation": 270, "texture": "#missing"}
			}
		},
		{
			"name": "a2",
			"from": [9.25, 3, 6.5],
			"to": [9.25, 5, 7.5],
			"rotation": {"angle": -22.5, "axis": "z", "origin": [9.25, 3, 7.5]},
			"faces": {
				"north": {"uv": [0, 0, 0, 2], "texture": "#missing"},
				"east": {"uv": [15.5, 2.5, 16, 3.5], "texture": "#0"},
				"south": {"uv": [0, 0, 0, 2], "texture": "#missing"},
				"west": {"uv": [15, 2, 15.5, 3], "texture": "#0"},
				"up": {"uv": [0, 0, 1, 0], "rotation": 90, "texture": "#missing"},
				"down": {"uv": [0, 0, 1, 0], "rotation": 270, "texture": "#missing"}
			}
		},
		{
			"name": "a3",
			"from": [8.5, 3, 6.75],
			"to": [9.5, 5, 6.75],
			"rotation": {"angle": -22.5, "axis": "x", "origin": [9.5, 3, 6.75]},
			"faces": {
				"north": {"uv": [15.5, 2.5, 16, 3.5], "texture": "#0"},
				"east": {"uv": [0, 0, 0, 2], "texture": "#missing"},
				"south": {"uv": [15, 2, 15.5, 3], "texture": "#0"},
				"west": {"uv": [0, 0, 0, 2], "texture": "#missing"},
				"up": {"uv": [0, 0, 1, 0], "texture": "#missing"},
				"down": {"uv": [0, 0, 1, 0], "texture": "#missing"}
			}
		},
		{
			"name": "a4",
			"from": [6.5, 3, 6.75],
			"to": [7.5, 5, 6.75],
			"rotation": {"angle": -22.5, "axis": "x", "origin": [7.5, 3, 6.75]},
			"faces": {
				"north": {"uv": [15.5, 2.5, 16, 3.5], "texture": "#0"},
				"east": {"uv": [0, 0, 0, 2], "texture": "#missing"},
				"south": {"uv": [15, 2, 15.5, 3], "texture": "#0"},
				"west": {"uv": [0, 0, 0, 2], "texture": "#missing"},
				"up": {"uv": [0, 0, 1, 0], "texture": "#missing"},
				"down": {"uv": [0, 0, 1, 0], "texture": "#missing"}
			}
		},
		{
			"name": "a5",
			"from": [6.75, 3, 6.5],
			"to": [6.75, 5, 7.5],
			"rotation": {"angle": 22.5, "axis": "z", "origin": [6.75, 3, 6.5]},
			"faces": {
				"north": {"uv": [0, 0, 0, 2], "texture": "#missing"},
				"east": {"uv": [15, 2, 15.5, 3], "texture": "#0"},
				"south": {"uv": [0, 0, 0, 2], "texture": "#missing"},
				"west": {"uv": [15.5, 2.5, 16, 3.5], "texture": "#0"},
				"up": {"uv": [0, 0, 1, 0], "rotation": 270, "texture": "#missing"},
				"down": {"uv": [0, 0, 1, 0], "rotation": 90, "texture": "#missing"}
			}
		},
		{
			"name": "a6",
			"from": [6.75, 3, 8.5],
			"to": [6.75, 5, 9.5],
			"rotation": {"angle": 22.5, "axis": "z", "origin": [6.75, 3, 8.5]},
			"faces": {
				"north": {"uv": [0, 0, 0, 2], "texture": "#missing"},
				"east": {"uv": [15, 2, 15.5, 3], "texture": "#0"},
				"south": {"uv": [0, 0, 0, 2], "texture": "#missing"},
				"west": {"uv": [15.5, 2.5, 16, 3.5], "texture": "#0"},
				"up": {"uv": [0, 0, 1, 0], "rotation": 270, "texture": "#missing"},
				"down": {"uv": [0, 0, 1, 0], "rotation": 90, "texture": "#missing"}
			}
		},
		{
			"name": "a7",
			"from": [6.5, 3, 9.25],
			"to": [7.5, 5, 9.25],
			"rotation": {"angle": 22.5, "axis": "x", "origin": [6.5, 3, 9.25]},
			"faces": {
				"north": {"uv": [15, 2, 15.5, 3], "texture": "#0"},
				"east": {"uv": [0, 0, 0, 2], "texture": "#missing"},
				"south": {"uv": [15.5, 2.5, 16, 3.5], "texture": "#0"},
				"west": {"uv": [0, 0, 0, 2], "texture": "#missing"},
				"up": {"uv": [0, 0, 1, 0], "rotation": 180, "texture": "#missing"},
				"down": {"uv": [0, 0, 1, 0], "rotation": 180, "texture": "#missing"}
			}
		},
		{
			"name": "a8",
			"from": [8.5, 3, 9.25],
			"to": [9.5, 5, 9.25],
			"rotation": {"angle": 22.5, "axis": "x", "origin": [8.5, 3, 9.25]},
			"faces": {
				"north": {"uv": [15, 2, 15.5, 3], "texture": "#0"},
				"east": {"uv": [0, 0, 0, 2], "texture": "#missing"},
				"south": {"uv": [15.5, 2.5, 16, 3.5], "texture": "#0"},
				"west": {"uv": [0, 0, 0, 2], "texture": "#missing"},
				"up": {"uv": [0, 0, 1, 0], "rotation": 180, "texture": "#missing"},
				"down": {"uv": [0, 0, 1, 0], "rotation": 180, "texture": "#missing"}
			}
		},
		{
			"name": "b1",
			"from": [6, 4.75, 6.5],
			"to": [6, 6.75, 7.5],
			"rotation": {"angle": -22.5, "axis": "z", "origin": [6, 4.75, 6.5]},
			"faces": {
				"north": {"uv": [0, 0, 0, 2], "texture": "#missing"},
				"east": {"uv": [15, 2, 15.5, 3], "texture": "#0"},
				"south": {"uv": [0, 0, 0, 2], "texture": "#missing"},
				"west": {"uv": [15.5, 1.5, 16, 2.5], "texture": "#0"},
				"up": {"uv": [0, 0, 1, 0], "rotation": 270, "texture": "#missing"},
				"down": {"uv": [0, 0, 1, 0], "rotation": 90, "texture": "#missing"}
			}
		},
		{
			"name": "b1",
			"from": [6, 4.75, 8.5],
			"to": [6, 6.75, 9.5],
			"rotation": {"angle": -22.5, "axis": "z", "origin": [6, 4.75, 8.5]},
			"faces": {
				"north": {"uv": [0, 0, 0, 2], "texture": "#missing"},
				"east": {"uv": [15, 2, 15.5, 3], "texture": "#0"},
				"south": {"uv": [0, 0, 0, 2], "texture": "#missing"},
				"west": {"uv": [15.5, 1.5, 16, 2.5], "texture": "#0"},
				"up": {"uv": [0, 0, 1, 0], "rotation": 270, "texture": "#missing"},
				"down": {"uv": [0, 0, 1, 0], "rotation": 90, "texture": "#missing"}
			}
		},
		{
			"name": "b3",
			"from": [6.5, 4.75, 10],
			"to": [7.5, 6.75, 10],
			"rotation": {"angle": -22.5, "axis": "x", "origin": [6.5, 4.75, 10]},
			"faces": {
				"north": {"uv": [15, 2, 15.5, 3], "texture": "#0"},
				"east": {"uv": [0, 0, 0, 2], "texture": "#missing"},
				"south": {"uv": [15.5, 1.5, 16, 2.5], "texture": "#0"},
				"west": {"uv": [0, 0, 0, 2], "texture": "#missing"},
				"up": {"uv": [0, 0, 1, 0], "rotation": 180, "texture": "#missing"},
				"down": {"uv": [0, 0, 1, 0], "rotation": 180, "texture": "#missing"}
			}
		},
		{
			"name": "b4",
			"from": [8.5, 4.75, 10],
			"to": [9.5, 6.75, 10],
			"rotation": {"angle": -22.5, "axis": "x", "origin": [8.5, 4.75, 10]},
			"faces": {
				"north": {"uv": [15, 2, 15.5, 3], "texture": "#0"},
				"east": {"uv": [0, 0, 0, 2], "texture": "#missing"},
				"south": {"uv": [15.5, 1.5, 16, 2.5], "texture": "#0"},
				"west": {"uv": [0, 0, 0, 2], "texture": "#missing"},
				"up": {"uv": [0, 0, 1, 0], "rotation": 180, "texture": "#missing"},
				"down": {"uv": [0, 0, 1, 0], "rotation": 180, "texture": "#missing"}
			}
		},
		{
			"name": "b5",
			"from": [6.5, 4.75, 6],
			"to": [7.5, 6.75, 6],
			"rotation": {"angle": 22.5, "axis": "x", "origin": [7.5, 4.75, 6]},
			"faces": {
				"north": {"uv": [15.5, 1.5, 16, 2.5], "texture": "#0"},
				"east": {"uv": [0, 0, 0, 2], "texture": "#missing"},
				"south": {"uv": [15, 2, 15.5, 3], "texture": "#0"},
				"west": {"uv": [0, 0, 0, 2], "texture": "#missing"},
				"up": {"uv": [0, 0, 1, 0], "texture": "#missing"},
				"down": {"uv": [0, 0, 1, 0], "texture": "#missing"}
			}
		},
		{
			"name": "b7",
			"from": [10, 4.75, 8.5],
			"to": [10, 6.75, 9.5],
			"rotation": {"angle": 22.5, "axis": "z", "origin": [10, 4.75, 9.5]},
			"faces": {
				"north": {"uv": [0, 0, 0, 2], "texture": "#missing"},
				"east": {"uv": [15.5, 1.5, 16, 2.5], "texture": "#0"},
				"south": {"uv": [0, 0, 0, 2], "texture": "#missing"},
				"west": {"uv": [15, 2, 15.5, 3], "texture": "#0"},
				"up": {"uv": [0, 0, 1, 0], "rotation": 90, "texture": "#missing"},
				"down": {"uv": [0, 0, 1, 0], "rotation": 270, "texture": "#missing"}
			}
		},
		{
			"name": "b8",
			"from": [10, 4.75, 6.5],
			"to": [10, 6.75, 7.5],
			"rotation": {"angle": 22.5, "axis": "z", "origin": [10, 4.75, 7.5]},
			"faces": {
				"north": {"uv": [0, 0, 0, 2], "texture": "#missing"},
				"east": {"uv": [15.5, 1.5, 16, 2.5], "texture": "#0"},
				"south": {"uv": [0, 0, 0, 2], "texture": "#missing"},
				"west": {"uv": [15, 2, 15.5, 3], "texture": "#0"},
				"up": {"uv": [0, 0, 1, 0], "rotation": 90, "texture": "#missing"},
				"down": {"uv": [0, 0, 1, 0], "rotation": 270, "texture": "#missing"}
			}
		},
		{
			"name": "b6",
			"from": [8.5, 4.75, 6],
			"to": [9.5, 6.75, 6],
			"rotation": {"angle": 22.5, "axis": "x", "origin": [9.5, 4.75, 6]},
			"faces": {
				"north": {"uv": [15.5, 1.5, 16, 2.5], "texture": "#0"},
				"east": {"uv": [0, 0, 0, 2], "texture": "#missing"},
				"south": {"uv": [15, 2, 15.5, 3], "texture": "#0"},
				"west": {"uv": [0, 0, 0, 2], "texture": "#missing"},
				"up": {"uv": [0, 0, 1, 0], "texture": "#missing"},
				"down": {"uv": [0, 0, 1, 0], "texture": "#missing"}
			}
		},
		{
			"name": "candle_top1",
			"from": [6.5, 6.75, 6.5],
			"to": [9.5, 8.75, 7.5],
			"rotation": {"angle": -22.5, "axis": "x", "origin": [7.5, 6.75, 6.5]},
			"faces": {
				"north": {"uv": [0.5, 0.5, 2, 1.5], "texture": "#0"},
				"east": {"uv": [0, 0.5, 0.5, 1.5], "texture": "#0"},
				"south": {"uv": [2.5, 0.5, 4, 1.5], "texture": "#0"},
				"west": {"uv": [2, 0.5, 2.5, 1.5], "texture": "#0"},
				"up": {"uv": [0.5, 0, 2, 0.5], "texture": "#0"},
				"down": {"uv": [2, 0, 3.5, 0.5], "texture": "#0"}
			}
		},
		{
			"name": "candle_top2",
			"from": [6.5, 6.75, 6.5],
			"to": [7.5, 8.75, 9.5],
			"rotation": {"angle": 22.5, "axis": "z", "origin": [6.5, 6.75, 8.5]},
			"faces": {
				"north": {"uv": [0, 0.5, 0.5, 1.5], "texture": "#0"},
				"east": {"uv": [2.5, 0.5, 4, 1.5], "texture": "#0"},
				"south": {"uv": [2, 0.5, 2.5, 1.5], "texture": "#0"},
				"west": {"uv": [0.5, 0.5, 2, 1.5], "texture": "#0"},
				"up": {"uv": [0.5, 0, 2, 0.5], "rotation": 270, "texture": "#0"},
				"down": {"uv": [2, 0, 3.5, 0.5], "rotation": 90, "texture": "#0"}
			}
		},
		{
			"name": "candle_top3",
			"from": [6.5, 6.75, 8.5],
			"to": [9.5, 8.75, 9.5],
			"rotation": {"angle": 22.5, "axis": "x", "origin": [8.5, 6.75, 9.5]},
			"faces": {
				"north": {"uv": [2.5, 0.5, 4, 1.5], "texture": "#0"},
				"east": {"uv": [2, 0.5, 2.5, 1.5], "texture": "#0"},
				"south": {"uv": [0.5, 0.5, 2, 1.5], "texture": "#0"},
				"west": {"uv": [0, 0.5, 0.5, 1.5], "texture": "#0"},
				"up": {"uv": [0.5, 0, 2, 0.5], "rotation": 180, "texture": "#0"},
				"down": {"uv": [2, 0, 3.5, 0.5], "rotation": 180, "texture": "#0"}
			}
		},
		{
			"name": "candle_top4",
			"from": [8.5, 6.75, 6.5],
			"to": [9.5, 8.75, 9.5],
			"rotation": {"angle": -22.5, "axis": "z", "origin": [9.5, 6.75, 7.5]},
			"faces": {
				"north": {"uv": [2, 0.5, 2.5, 1.5], "texture": "#0"},
				"east": {"uv": [0.5, 0.5, 2, 1.5], "texture": "#0"},
				"south": {"uv": [0, 0.5, 0.5, 1.5], "texture": "#0"},
				"west": {"uv": [2.5, 0.5, 4, 1.5], "texture": "#0"},
				"up": {"uv": [0.5, 0, 2, 0.5], "rotation": 90, "texture": "#0"},
				"down": {"uv": [2, 0, 3.5, 0.5], "rotation": 270, "texture": "#0"}
			}
		},
		{
			"name": "c1",
			"from": [7, 1.38582, 6.17597],
			"to": [9, 4.38582, 6.17597],
			"rotation": {"angle": 22.5, "axis": "x", "origin": [8, 2.88582, 6.17597]},
			"faces": {
				"north": {"uv": [14, 0, 15, 1.5], "texture": "#0"},
				"east": {"uv": [0, 0, 0, 1.5], "texture": "#missing"},
				"south": {"uv": [15, 0, 16, 1.5], "texture": "#0"},
				"west": {"uv": [0, 0, 0, 1.5], "texture": "#missing"},
				"up": {"uv": [0, 0, 1, 0], "texture": "#missing"},
				"down": {"uv": [0, 0, 1, 0], "texture": "#missing"}
			}
		},
		{
			"name": "c2",
			"from": [6.17597, 1.38582, 7],
			"to": [6.17597, 4.38582, 9],
			"rotation": {"angle": -22.5, "axis": "z", "origin": [6.17597, 2.88582, 8]},
			"faces": {
				"north": {"uv": [0, 0, 0, 1.5], "texture": "#missing"},
				"east": {"uv": [15, 0, 16, 1.5], "texture": "#0"},
				"south": {"uv": [0, 0, 0, 1.5], "texture": "#missing"},
				"west": {"uv": [14, 0, 15, 1.5], "texture": "#0"},
				"up": {"uv": [0, 0, 1, 0], "rotation": 90, "texture": "#missing"},
				"down": {"uv": [0, 0, 1, 0], "rotation": 270, "texture": "#missing"}
			}
		},
		{
			"name": "c3",
			"from": [7, 1.38582, 9.82403],
			"to": [9, 4.38582, 9.82403],
			"rotation": {"angle": -22.5, "axis": "x", "origin": [8, 2.88582, 9.82403]},
			"faces": {
				"north": {"uv": [15, 0, 16, 1.5], "texture": "#0"},
				"east": {"uv": [0, 0, 0, 1.5], "texture": "#missing"},
				"south": {"uv": [14, 0, 15, 1.5], "texture": "#0"},
				"west": {"uv": [0, 0, 0, 1.5], "texture": "#missing"},
				"up": {"uv": [0, 0, 1, 0], "rotation": 180, "texture": "#missing"},
				"down": {"uv": [0, 0, 1, 0], "rotation": 180, "texture": "#missing"}
			}
		},
		{
			"name": "c4",
			"from": [9.82403, 1.38582, 7],
			"to": [9.82403, 4.38582, 9],
			"rotation": {"angle": 22.5, "axis": "z", "origin": [9.82403, 2.88582, 8]},
			"faces": {
				"north": {"uv": [0, 0, 0, 1.5], "texture": "#missing"},
				"east": {"uv": [14, 0, 15, 1.5], "texture": "#0"},
				"south": {"uv": [0, 0, 0, 1.5], "texture": "#missing"},
				"west": {"uv": [15, 0, 16, 1.5], "texture": "#0"},
				"up": {"uv": [0, 0, 1, 0], "rotation": 90, "texture": "#missing"},
				"down": {"uv": [0, 0, 1, 0], "rotation": 270, "texture": "#missing"}
			}
		},
		{
			"name": "d1",
			"from": [7.5, 4.25, 6.75],
			"to": [8.5, 7.25, 6.75],
			"rotation": {"angle": -22.5, "axis": "x", "origin": [8.5, 4.25, 6.75]},
			"faces": {
				"north": {"uv": [15, 1.5, 15.5, 3], "texture": "#0"},
				"east": {"uv": [0, 0, 0, 3], "texture": "#missing"},
				"south": {"uv": [15.5, 1.5, 16, 3], "texture": "#0"},
				"west": {"uv": [0, 0, 0, 3], "texture": "#missing"},
				"up": {"uv": [0, 0, 1, 0], "texture": "#missing"},
				"down": {"uv": [0, 0, 1, 0], "texture": "#missing"}
			}
		},
		{
			"name": "d2",
			"from": [9.25, 4.25, 7.5],
			"to": [9.25, 7.25, 8.5],
			"rotation": {"angle": -22.5, "axis": "z", "origin": [9.25, 4.25, 8.5]},
			"faces": {
				"north": {"uv": [0, 0, 0, 3], "texture": "#missing"},
				"east": {"uv": [15, 1.5, 15.5, 3], "texture": "#0"},
				"south": {"uv": [0, 0, 0, 3], "texture": "#missing"},
				"west": {"uv": [15.5, 1.5, 16, 3], "texture": "#0"},
				"up": {"uv": [0, 0, 1, 0], "rotation": 90, "texture": "#missing"},
				"down": {"uv": [0, 0, 1, 0], "rotation": 270, "texture": "#missing"}
			}
		},
		{
			"name": "d3",
			"from": [6.75, 4.25, 7.5],
			"to": [6.75, 7.25, 8.5],
			"rotation": {"angle": 22.5, "axis": "z", "origin": [6.75, 4.25, 7.5]},
			"faces": {
				"north": {"uv": [0, 0, 0, 3], "texture": "#missing"},
				"east": {"uv": [15.5, 1.5, 16, 3], "texture": "#0"},
				"south": {"uv": [0, 0, 0, 3], "texture": "#missing"},
				"west": {"uv": [15, 1.5, 15.5, 3], "texture": "#0"},
				"up": {"uv": [0, 0, 1, 0], "rotation": 270, "texture": "#missing"},
				"down": {"uv": [0, 0, 1, 0], "rotation": 90, "texture": "#missing"}
			}
		},
		{
			"name": "d4",
			"from": [7.5, 4.25, 9.25],
			"to": [8.5, 7.25, 9.25],
			"rotation": {"angle": 22.5, "axis": "x", "origin": [7.5, 4.25, 9.25]},
			"faces": {
				"north": {"uv": [15.5, 1.5, 16, 3], "texture": "#0"},
				"east": {"uv": [0, 0, 0, 3], "texture": "#missing"},
				"south": {"uv": [15, 1.5, 15.5, 3], "texture": "#0"},
				"west": {"uv": [0, 0, 0, 3], "texture": "#missing"},
				"up": {"uv": [0, 0, 1, 0], "rotation": 180, "texture": "#missing"},
				"down": {"uv": [0, 0, 1, 0], "rotation": 180, "texture": "#missing"}
			}
		}
	],
	"groups": [0, 1,
		{
			"name": "holder",
			"origin": [14, 8, 14],
			"children": [2]
		},
		{
			"name": "candle_additions2",
			"origin": [10, 5, 6],
			"children": [
				{
					"name": "bottom",
					"origin": [9.25, 3, 9.5],
					"children": [3, 4, 5, 6, 7, 8, 9, 10]
				},
				{
					"name": "top",
					"origin": [6, 4.75, 6.5],
					"children": [11, 12, 13, 14, 15, 16, 17, 18]
				}
			]
		},
		{
			"name": "candle_additions3",
			"origin": [8, 8, 8],
			"children": [19, 20, 21, 22,
				{
					"name": "big",
					"origin": [8, 8, 8],
					"children": [23, 24, 25, 26]
				},
				{
					"name": "small",
					"origin": [8, 8, 8],
					"children": [27, 28, 29, 30]
				}
			]
		}
	]
}