{
	"providers": [
		{
			"type": "ttf",
			"note": "Many thanks to AmberW#4615",
			"file": "minecraft:negative_spaces.ttf",
			"shift": [0.0, 0.0],
			"size": 1,
			"oversample": 1.0
		},
		{
			"type": "bitmap",
			"file": "text.textures:fish.png",
			"ascent": 10,
			"height": 10,
			"chars": ["㆒"]
		},
		{
			"type": "bitmap",
			"file": "text.textures:black.png",
			"ascent": 16384,
			"height": 32767,
			"chars": ["\ue405"]
		},
		{
			"type": "bitmap",
			"file": "text.textures:black_up.png",
			"ascent": 12,
			"height": 32,
			"chars": ["\ue009"]
		},
		{
			"type": "bitmap",
			"file": "text.textures:black_doun.png",
			"ascent": -34,
			"height": 32,
			"chars": ["\ue00a"]
		},
		{
			"type": "bitmap",
			"file": "text.textures:train_1.png",
			"ascent": 10,
			"height": 8,
			"chars": ["1234"]
		}
	]
}

