{
	"credit": "moon",
	"textures":{"1":"block/white_concrete","2":"block/spruce_planks"},
	"gui_light": "front",
	"elements": [
		{
			"name": "A",
			"from": [-2, 2, 8],
			"to": [18, 11, 9],
			"rotation": {"angle": 0, "axis": "y", "origin": [21, 11, 16]},
			"faces": {
				"north": {"uv": [0, 0, 5, 2.25], "texture": "#1"},
				"east": {"uv": [0, 0, 0.25, 2.25], "texture": "#1"},
				"south": {"uv": [0, 0, 5, 2.25], "texture": "#1"},
				"west": {"uv": [0, 0, 0.25, 2.25], "texture": "#1"},
				"up": {"uv": [0, 0, 5, 0.25], "texture": "#1"},
				"down": {"uv": [0, 0, 5, 0.25], "texture": "#1"}
			}
		},
		{
			"name": "4",
			"from": [-3, 1.2, 7.5],
			"to": [-2, 11.6, 9],
			"rotation": {"angle": 0, "axis": "y", "origin": [5, 8, 16]},
			"color": 0,
			"faces": {
				"north": {"uv": [0, 0, 0.25, 2.6], "texture": "#2"},
				"east": {"uv": [0, 0, 0.375, 2.6], "texture": "#2"},
				"south": {"uv": [0, 0, 0.25, 2.6], "texture": "#2"},
				"west": {"uv": [0, 0, 0.375, 2.6], "texture": "#2"},
				"up": {"uv": [0, 0, 0.25, 0.375], "texture": "#2"},
				"down": {"uv": [0, 0, 0.25, 0.375], "texture": "#2"}
			}
		},
		{
			"name": "3",
			"from": [18, 1.2, 7.5],
			"to": [19, 11.6, 9],
			"rotation": {"angle": 0, "axis": "y", "origin": [27, 8, 16]},
			"color": 0,
			"faces": {
				"north": {"uv": [0, 0, 0.25, 2.6], "texture": "#2"},
				"east": {"uv": [0, 0, 0.375, 2.6], "texture": "#2"},
				"south": {"uv": [0, 0, 0.25, 2.6], "texture": "#2"},
				"west": {"uv": [0, 0, 0.375, 2.6], "texture": "#2"},
				"up": {"uv": [0, 0, 0.25, 0.375], "texture": "#2"},
				"down": {"uv": [0, 0, 0.25, 0.375], "texture": "#2"}
			}
		},
		{
			"name": "2",
			"from": [-3.35, 1.45, 7.4],
			"to": [19.35, 2.25, 9],
			"rotation": {"angle": 0, "axis": "y", "origin": [7.75, 9.75, 15.8]},
			"color": 7,
			"faces": {
				"north": {"uv": [0, 0, 5.675, 0.2], "texture": "#2"},
				"east": {"uv": [0, 0, 0.4, 0.2], "texture": "#2"},
				"south": {"uv": [0, 0, 5.675, 0.2], "texture": "#2"},
				"west": {"uv": [0, 0, 0.4, 0.2], "texture": "#2"},
				"up": {"uv": [0, 0, 5.675, 0.4], "texture": "#2"},
				"down": {"uv": [0, 0, 5.675, 0.4], "texture": "#2"}
			}
		},
		{
			"name": "1",
			"from": [-3.35, 10.45, 7.4],
			"to": [19.35, 11.25, 9],
			"rotation": {"angle": 0, "axis": "y", "origin": [7.75, 18.75, 15.8]},
			"color": 7,
			"faces": {
				"north": {"uv": [0, 0, 5.675, 0.2], "texture": "#2"},
				"east": {"uv": [0, 0, 0.4, 0.2], "texture": "#2"},
				"south": {"uv": [0, 0, 5.675, 0.2], "texture": "#2"},
				"west": {"uv": [0, 0, 0.4, 0.2], "texture": "#2"},
				"up": {"uv": [0, 0, 5.675, 0.4], "texture": "#2"},
				"down": {"uv": [0, 0, 5.675, 0.4], "texture": "#2"}
			}
		}
	],
	"display": {
		"head": {
			"translation": [0, 35, 0],
			"scale": [30, 30, 30]
		}
	}
}