{
	"__comment": "Designed by Su su with Cubik Studio - https://cubik.studio",
	"textures": {
		"particle": "item/etc/amethyst_axe",
		"texture": "item/etc/amethyst_axe",
		"diamond_pickaxe": "item/etc/amethyst_axe",
		"voxels_atlas": "item/etc/amethyst_axe"
	},
	"gui_light": "front",
	"elements": [ 	 
		{
			"__comment": "Voxels",
			"from": [ 2, 0, -2 ],
			"to": [ 4, 2, -1 ],
			"faces": {
				"down": { "uv": [ 6.5, 10.5, 7.5, 11 ], "texture": "#voxels_atlas" },
				"up": { "uv": [ 2.5, 10, 3.5, 9.5 ], "texture": "#voxels_atlas" },
				"north": { "uv": [ 3.5, 8, 2.5, 9 ], "texture": "#voxels_atlas" },
				"south": { "uv": [ 3.5, 13, 4.5, 14 ], "texture": "#voxels_atlas" },
				"west": { "uv": [ 5, 8, 5.5, 9 ], "texture": "#voxels_atlas" },
				"east": { "uv": [ 8, 14, 7.5, 15 ], "texture": "#voxels_atlas" }
			}
		},
		{
			"__comment": "Voxels",
			"from": [ 3, 2, -2 ],
			"to": [ 6, 3, -1 ],
			"faces": {
				"down": { "uv": [ 6, 8.5, 7.5, 9 ], "texture": "#voxels_atlas" },
				"up": { "uv": [ 3.5, 9, 5, 8.5 ], "texture": "#voxels_atlas" },
				"north": { "uv": [ 5, 8, 3.5, 8.5 ], "texture": "#voxels_atlas" },
				"south": { "uv": [ 6, 9, 7.5, 9.5 ], "texture": "#voxels_atlas" },
				"west": { "uv": [ 10, 15, 10.5, 15.5 ], "texture": "#voxels_atlas" },
				"east": { "uv": [ 16, 15.5, 15.5, 16 ], "texture": "#voxels_atlas" }
			}
		},
		{
			"__comment": "Voxels",
			"from": [ 4, 1, -2 ],
			"to": [ 5, 2, -1 ],
			"faces": {
				"down": { "uv": [ 15, 15, 15.5, 15.5 ], "texture": "#voxels_atlas" },
				"up": { "uv": [ 15, 16, 15.5, 15.5 ], "texture": "#voxels_atlas" },
				"north": { "uv": [ 7.5, 9.5, 7, 10 ], "texture": "#voxels_atlas" },
				"south": { "uv": [ 7, 10, 7.5, 10.5 ], "texture": "#voxels_atlas" },
				"west": { "uv": [ 3, 11, 3.5, 11.5 ], "texture": "#voxels_atlas" },
				"east": { "uv": [ 3.5, 11.5, 3, 12 ], "texture": "#voxels_atlas" }
			}
		},
		{
			"__comment": "Voxels",
			"from": [ 4, 3, -2 ],
			"to": [ 7, 4, -1 ],
			"faces": {
				"down": { "uv": [ 7.5, 15.5, 9, 16 ], "texture": "#voxels_atlas" },
				"up": { "uv": [ 9, 16, 10.5, 15.5 ], "texture": "#voxels_atlas" },
				"north": { "uv": [ 12, 15.5, 10.5, 16 ], "texture": "#voxels_atlas" },
				"south": { "uv": [ 12, 15.5, 13.5, 16 ], "texture": "#voxels_atlas" },
				"west": { "uv": [ 8, 9.5, 8.5, 10 ], "texture": "#voxels_atlas" },
				"east": { "uv": [ 8.5, 10, 8, 10.5 ], "texture": "#voxels_atlas" }
			}
		},
		{
			"__comment": "Voxels",
			"from": [ 5, 4, -2 ],
			"to": [ 8, 5, -1 ],
			"faces": {
				"down": { "uv": [ 4.5, 11.5, 6, 12 ], "texture": "#voxels_atlas" },
				"up": { "uv": [ 6, 8.5, 7.5, 8 ], "texture": "#voxels_atlas" },
				"north": { "uv": [ 7.5, 12, 6, 12.5 ], "texture": "#voxels_atlas" },
				"south": { "uv": [ 6, 11.5, 7.5, 12 ], "texture": "#voxels_atlas" },
				"west": { "uv": [ 14.5, 15, 15, 15.5 ], "texture": "#voxels_atlas" },
				"east": { "uv": [ 14.5, 15, 14, 15.5 ], "texture": "#voxels_atlas" }
			}
		},
		{
			"__comment": "Voxels",
			"from": [ 6, 5, -2 ],
			"to": [ 9, 6, -1 ],
			"faces": {
				"down": { "uv": [ 3.5, 10.5, 5, 11 ], "texture": "#voxels_atlas" },
				"up": { "uv": [ 5, 11, 6.5, 10.5 ], "texture": "#voxels_atlas" },
				"north": { "uv": [ 5, 10, 3.5, 10.5 ], "texture": "#voxels_atlas" },
				"south": { "uv": [ 3.5, 9.5, 5, 10 ], "texture": "#voxels_atlas" },
				"west": { "uv": [ 13.5, 15, 14, 15.5 ], "texture": "#voxels_atlas" },
				"east": { "uv": [ 13.5, 15, 13, 15.5 ], "texture": "#voxels_atlas" }
			}
		},
		{
			"__comment": "Voxels",
			"from": [ 7, 6, -2 ],
			"to": [ 10, 7, -1 ],
			"faces": {
				"down": { "uv": [ 13.5, 15.5, 15, 16 ], "texture": "#voxels_atlas" },
				"up": { "uv": [ 7.5, 15.5, 9, 15 ], "texture": "#voxels_atlas" },
				"north": { "uv": [ 7, 10, 5.5, 10.5 ], "texture": "#voxels_atlas" },
				"south": { "uv": [ 5.5, 9.5, 7, 10 ], "texture": "#voxels_atlas" },
				"west": { "uv": [ 11.5, 15, 12, 15.5 ], "texture": "#voxels_atlas" },
				"east": { "uv": [ 11.5, 15, 11, 15.5 ], "texture": "#voxels_atlas" }
			}
		},
		{
			"__comment": "Voxels",
			"from": [ 7, 9, -2 ],
			"to": [ 15, 10, -1 ],
			"faces": {
				"down": { "uv": [ 3.5, 14.5, 7.5, 15 ], "texture": "#voxels_atlas" },
				"up": { "uv": [ 3.5, 15.5, 7.5, 15 ], "texture": "#voxels_atlas" },
				"north": { "uv": [ 7.5, 14, 3.5, 14.5 ], "texture": "#voxels_atlas" },
				"south": { "uv": [ 3.5, 15.5, 7.5, 16 ], "texture": "#voxels_atlas" },
				"west": { "uv": [ 10.5, 15, 11, 15.5 ], "texture": "#voxels_atlas" },
				"east": { "uv": [ 10, 15, 9.5, 15.5 ], "texture": "#voxels_atlas" }
			}
		},
		{
			"__comment": "Voxels",
			"from": [ 7, 10, -2 ],
			"to": [ 14, 13, -1 ],
			"faces": {
				"down": { "uv": [ 0, 12, 3.5, 12.5 ], "texture": "#voxels_atlas" },
				"up": { "uv": [ 0, 13, 3.5, 12.5 ], "texture": "#voxels_atlas" },
				"north": { "uv": [ 3.5, 14.5, 0, 16 ], "texture": "#voxels_atlas" },
				"south": { "uv": [ 0, 13, 3.5, 14.5 ], "texture": "#voxels_atlas" },
				"west": { "uv": [ 5.5, 8, 6, 9.5 ], "texture": "#voxels_atlas" },
				"east": { "uv": [ 5.5, 9, 5, 10.5 ], "texture": "#voxels_atlas" }
			}
		},
		{
			"__comment": "Voxels",
			"from": [ 8, 7, -2 ],
			"to": [ 11, 8, -1 ],
			"faces": {
				"down": { "uv": [ 3.5, 9, 5, 9.5 ], "texture": "#voxels_atlas" },
				"up": { "uv": [ 5, 11.5, 6.5, 11 ], "texture": "#voxels_atlas" },
				"north": { "uv": [ 5, 11, 3.5, 11.5 ], "texture": "#voxels_atlas" },
				"south": { "uv": [ 4.5, 12, 6, 12.5 ], "texture": "#voxels_atlas" },
				"west": { "uv": [ 15.5, 15, 16, 15.5 ], "texture": "#voxels_atlas" },
				"east": { "uv": [ 8.5, 10.5, 8, 11 ], "texture": "#voxels_atlas" }
			}
		},
		{
			"__comment": "Voxels",
			"from": [ 8, 13, -2 ],
			"to": [ 13, 14, -1 ],
			"faces": {
				"down": { "uv": [ 0, 9.5, 2.5, 10 ], "texture": "#voxels_atlas" },
				"up": { "uv": [ 0, 8.5, 2.5, 8 ], "texture": "#voxels_atlas" },
				"north": { "uv": [ 2.5, 8.5, 0, 9 ], "texture": "#voxels_atlas" },
				"south": { "uv": [ 0, 9, 2.5, 9.5 ], "texture": "#voxels_atlas" },
				"west": { "uv": [ 3, 10.5, 3.5, 11 ], "texture": "#voxels_atlas" },
				"east": { "uv": [ 3.5, 10, 3, 10.5 ], "texture": "#voxels_atlas" }
			}
		},
		{
			"__comment": "Voxels",
			"from": [ 9, 8, -2 ],
			"to": [ 15, 9, -1 ],
			"faces": {
				"down": { "uv": [ 0, 11.5, 3, 12 ], "texture": "#voxels_atlas" },
				"up": { "uv": [ 0, 10.5, 3, 10 ], "texture": "#voxels_atlas" },
				"north": { "uv": [ 3, 10.5, 0, 11 ], "texture": "#voxels_atlas" },
				"south": { "uv": [ 0, 11, 3, 11.5 ], "texture": "#voxels_atlas" },
				"west": { "uv": [ 9, 15, 9.5, 15.5 ], "texture": "#voxels_atlas" },
				"east": { "uv": [ 8.5, 9, 8, 9.5 ], "texture": "#voxels_atlas" }
			}
		},
		{
			"__comment": "Voxels",
			"from": [ 9, 14, -2 ],
			"to": [ 13, 15, -1 ],
			"faces": {
				"down": { "uv": [ 5.5, 13.5, 7.5, 14 ], "texture": "#voxels_atlas" },
				"up": { "uv": [ 5.5, 13.5, 7.5, 13 ], "texture": "#voxels_atlas" },
				"north": { "uv": [ 5.5, 12.5, 3.5, 13 ], "texture": "#voxels_atlas" },
				"south": { "uv": [ 5.5, 12.5, 7.5, 13 ], "texture": "#voxels_atlas" },
				"west": { "uv": [ 12, 15, 12.5, 15.5 ], "texture": "#voxels_atlas" },
				"east": { "uv": [ 13, 15, 12.5, 15.5 ], "texture": "#voxels_atlas" }
			}
		},
		{
			"__comment": "Voxels",
			"from": [ 12, 6, -2 ],
			"to": [ 14, 8, -1 ],
			"faces": {
				"down": { "uv": [ 2.5, 9, 3.5, 9.5 ], "texture": "#voxels_atlas" },
				"up": { "uv": [ 6.5, 11.5, 7.5, 11 ], "texture": "#voxels_atlas" },
				"north": { "uv": [ 4.5, 11.5, 3.5, 12.5 ], "texture": "#voxels_atlas" },
				"south": { "uv": [ 4.5, 13, 5.5, 14 ], "texture": "#voxels_atlas" },
				"west": { "uv": [ 7.5, 12, 8, 13 ], "texture": "#voxels_atlas" },
				"east": { "uv": [ 8, 13, 7.5, 14 ], "texture": "#voxels_atlas" }
			}
		},
		{
			"__comment": "Voxels",
			"from": [ 14, 7, -2 ],
			"to": [ 15, 8, -1 ],
			"faces": {
				"down": { "uv": [ 8, 14.5, 8.5, 15 ], "texture": "#voxels_atlas" },
				"up": { "uv": [ 8, 14.5, 8.5, 14 ], "texture": "#voxels_atlas" },
				"north": { "uv": [ 8.5, 13.5, 8, 14 ], "texture": "#voxels_atlas" },
				"south": { "uv": [ 8, 13, 8.5, 13.5 ], "texture": "#voxels_atlas" },
				"west": { "uv": [ 8, 12.5, 8.5, 13 ], "texture": "#voxels_atlas" },
				"east": { "uv": [ 8.5, 12, 8, 12.5 ], "texture": "#voxels_atlas" }
			}
		},
		{
			"__comment": "Voxels",
			"from": [ 14, 11, -2 ],
			"to": [ 15, 13, -1 ],
			"faces": {
				"down": { "uv": [ 8, 11.5, 8.5, 12 ], "texture": "#voxels_atlas" },
				"up": { "uv": [ 8, 11.5, 8.5, 11 ], "texture": "#voxels_atlas" },
				"north": { "uv": [ 8, 10, 7.5, 11 ], "texture": "#voxels_atlas" },
				"south": { "uv": [ 7.5, 9, 8, 10 ], "texture": "#voxels_atlas" },
				"west": { "uv": [ 7.5, 8, 8, 9 ], "texture": "#voxels_atlas" },
				"east": { "uv": [ 8, 11, 7.5, 12 ], "texture": "#voxels_atlas" }
			}
		}
	],
	"display": {
		"thirdperson_righthand": {
			"rotation":  [ 0, -90, 52 ],
			"translation":  [ -9.38, 2.782, -0.17 ]
		},
		"thirdperson_lefthand": {
			"rotation":  [ 0, 90, -52 ],
			"translation":  [ 9.401, 2.782, -0.17 ]
		},
		"firstperson_righthand": {
			"rotation":  [ 0, -76, 27 ],
			"translation":  [ -3.478, 2.0869, -3.472 ]
		},
		"firstperson_lefthand": {
			"rotation":  [ 0, 104, -30 ],
			"translation":  [ 15.301, 2.7825, -9.041 ]
		},
		"gui": {
			"translation":  [ -0.5, 0.5, 0 ]
		},
		"ground": {
			"translation":  [ 0.413, 3.2173, 5.826 ],
			"scale":  [ 0.6, 0.6, 0.6 ]
		},
		"fixed": {
			"rotation":  [ 0, 180, 0 ],
			"translation":  [ 0.6956, 0.6956, -11.77 ],
			"scale":  [ 1.2, 1.2, 1.2 ]
		}
	}
}