{
	"__comment": "moon",
	"textures": {
		"particle": "items/particle",
		"bonobono": "item/etc/bonobono"
	},
	"gui_light": "front",
	"elements": [ 	 
		{
			"__comment": "Voxels",
			"from": [ -11, 7, 3 ],
			"to": [ 19, 8, 6 ],
			"faces": {
				"down": { "uv": [ 0, 15.25, 7.5, 16 ], "texture": "#bonobono" },
				"up": { "uv": [ 7.5, 16, 15, 15.25 ], "texture": "#bonobono" },
				"north": { "uv": [ 7.5, 13.25, 0, 13.5 ], "texture": "#bonobono" },
				"south": { "uv": [ 7.5, 13.25, 15, 13.5 ], "texture": "#bonobono" },
				"west": { "uv": [ 15, 15.75, 15.75, 16 ], "texture": "#bonobono" },
				"east": { "uv": [ 15.75, 15.5, 15, 15.75 ], "texture": "#bonobono" }
			}
		},
		{
			"__comment": "Voxels",
			"from": [ -11, 7, 6 ],
			"to": [ 18, 8, 9 ],
			"faces": {
				"down": { "uv": [ 0, 14.5, 7.25, 15.25 ], "texture": "#bonobono" },
				"up": { "uv": [ 7.25, 15.25, 14.5, 14.5 ], "texture": "#bonobono" },
				"north": { "uv": [ 7.25, 12.75, 0, 13 ], "texture": "#bonobono" },
				"south": { "uv": [ 7.25, 12.75, 14.5, 13 ], "texture": "#bonobono" },
				"west": { "uv": [ 15, 15.25, 15.75, 15.5 ], "texture": "#bonobono" },
				"east": { "uv": [ 15.75, 13.25, 15, 13.5 ], "texture": "#bonobono" }
			}
		},
		{
			"__comment": "Voxels",
			"from": [ -10, 7, 1 ],
			"to": [ 19, 8, 3 ],
			"faces": {
				"down": { "uv": [ 0, 14, 7.25, 14.5 ], "texture": "#bonobono" },
				"up": { "uv": [ 7.25, 14.5, 14.5, 14 ], "texture": "#bonobono" },
				"north": { "uv": [ 7.25, 12.5, 0, 12.75 ], "texture": "#bonobono" },
				"south": { "uv": [ 7.25, 12.5, 14.5, 12.75 ], "texture": "#bonobono" },
				"west": { "uv": [ 15.5, 13.75, 16, 14 ], "texture": "#bonobono" },
				"east": { "uv": [ 16, 13.5, 15.5, 13.75 ], "texture": "#bonobono" }
			}
		},
		{
			"__comment": "Voxels",
			"from": [ -10, 7, 9 ],
			"to": [ 16, 8, 10 ],
			"faces": {
				"down": { "uv": [ 0, 10, 6.5, 10.25 ], "texture": "#bonobono" },
				"up": { "uv": [ 0, 9.75, 6.5, 9.5 ], "texture": "#bonobono" },
				"north": { "uv": [ 13, 10, 6.5, 10.25 ], "texture": "#bonobono" },
				"south": { "uv": [ 0, 9.75, 6.5, 10 ], "texture": "#bonobono" },
				"west": { "uv": [ 6.25, 7.75, 6.5, 8 ], "texture": "#bonobono" },
				"east": { "uv": [ 6.5, 5.25, 6.25, 5.5 ], "texture": "#bonobono" }
			}
		},
		{
			"__comment": "Voxels",
			"from": [ -9, 7, 0 ],
			"to": [ 19, 8, 1 ],
			"faces": {
				"down": { "uv": [ 0, 11.25, 7, 11.5 ], "texture": "#bonobono" },
				"up": { "uv": [ 0, 12, 7, 11.75 ], "texture": "#bonobono" },
				"north": { "uv": [ 14, 11.75, 7, 12 ], "texture": "#bonobono" },
				"south": { "uv": [ 0, 11.5, 7, 11.75 ], "texture": "#bonobono" },
				"west": { "uv": [ 5.5, 5, 5.75, 5.25 ], "texture": "#bonobono" },
				"east": { "uv": [ 6, 5, 5.75, 5.25 ], "texture": "#bonobono" }
			}
		},
		{
			"__comment": "Voxels",
			"from": [ -9, 7, 10 ],
			"to": [ 20, 8, 11 ],
			"faces": {
				"down": { "uv": [ 7.25, 13, 14.5, 13.25 ], "texture": "#bonobono" },
				"up": { "uv": [ 7.25, 12.5, 14.5, 12.25 ], "texture": "#bonobono" },
				"north": { "uv": [ 7.25, 12.25, 0, 12.5 ], "texture": "#bonobono" },
				"south": { "uv": [ 0, 13, 7.25, 13.25 ], "texture": "#bonobono" },
				"west": { "uv": [ 6, 5.5, 6.25, 5.75 ], "texture": "#bonobono" },
				"east": { "uv": [ 6.25, 5, 6, 5.25 ], "texture": "#bonobono" }
			}
		},
		{
			"__comment": "Voxels",
			"from": [ -8, 7, -1 ],
			"to": [ 19, 8, 0 ],
			"faces": {
				"down": { "uv": [ 0, 11, 6.75, 11.25 ], "texture": "#bonobono" },
				"up": { "uv": [ 0, 11, 6.75, 10.75 ], "texture": "#bonobono" },
				"north": { "uv": [ 13.5, 11, 6.75, 11.25 ], "texture": "#bonobono" },
				"south": { "uv": [ 6.75, 10.75, 13.5, 11 ], "texture": "#bonobono" },
				"west": { "uv": [ 15.75, 15.75, 16, 16 ], "texture": "#bonobono" },
				"east": { "uv": [ 16, 15.5, 15.75, 15.75 ], "texture": "#bonobono" }
			}
		},
		{
			"__comment": "Voxels",
			"from": [ -8, 7, 11 ],
			"to": [ 20, 8, 12 ],
			"faces": {
				"down": { "uv": [ 7, 11.25, 14, 11.5 ], "texture": "#bonobono" },
				"up": { "uv": [ 0, 12.25, 7, 12 ], "texture": "#bonobono" },
				"north": { "uv": [ 14, 12, 7, 12.25 ], "texture": "#bonobono" },
				"south": { "uv": [ 7, 11.5, 14, 11.75 ], "texture": "#bonobono" },
				"west": { "uv": [ 6, 6, 6.25, 6.25 ], "texture": "#bonobono" },
				"east": { "uv": [ 6.5, 6, 6.25, 6.25 ], "texture": "#bonobono" }
			}
		},
		{
			"__comment": "Voxels",
			"from": [ -7, 7, -2 ],
			"to": [ 19, 8, -1 ],
			"faces": {
				"down": { "uv": [ 6.5, 9.5, 13, 9.75 ], "texture": "#bonobono" },
				"up": { "uv": [ 6.5, 10, 13, 9.75 ], "texture": "#bonobono" },
				"north": { "uv": [ 6.5, 9.25, 0, 9.5 ], "texture": "#bonobono" },
				"south": { "uv": [ 0, 9, 6.5, 9.25 ], "texture": "#bonobono" },
				"west": { "uv": [ 5.75, 5.75, 6, 6 ], "texture": "#bonobono" },
				"east": { "uv": [ 16, 12.75, 15.75, 13 ], "texture": "#bonobono" }
			}
		},
		{
			"__comment": "Voxels",
			"from": [ -7, 7, 12 ],
			"to": [ 20, 8, 13 ],
			"faces": {
				"down": { "uv": [ 6.75, 10.5, 13.5, 10.75 ], "texture": "#bonobono" },
				"up": { "uv": [ 0, 10.75, 6.75, 10.5 ], "texture": "#bonobono" },
				"north": { "uv": [ 6.75, 10.25, 0, 10.5 ], "texture": "#bonobono" },
				"south": { "uv": [ 6.75, 10.25, 13.5, 10.5 ], "texture": "#bonobono" },
				"west": { "uv": [ 15.75, 14, 16, 14.25 ], "texture": "#bonobono" },
				"east": { "uv": [ 6.25, 6.5, 6, 6.75 ], "texture": "#bonobono" }
			}
		},
		{
			"__comment": "Voxels",
			"from": [ -6, 7, -3 ],
			"to": [ 19, 8, -2 ],
			"faces": {
				"down": { "uv": [ 0, 7.5, 6.25, 7.75 ], "texture": "#bonobono" },
				"up": { "uv": [ 0, 7.5, 6.25, 7.25 ], "texture": "#bonobono" },
				"north": { "uv": [ 6.25, 7, 0, 7.25 ], "texture": "#bonobono" },
				"south": { "uv": [ 0, 7.75, 6.25, 8 ], "texture": "#bonobono" },
				"west": { "uv": [ 15.75, 15.25, 16, 15.5 ], "texture": "#bonobono" },
				"east": { "uv": [ 5.75, 5.25, 5.5, 5.5 ], "texture": "#bonobono" }
			}
		},
		{
			"__comment": "Voxels",
			"from": [ -5, 7, -5 ],
			"to": [ 19, 8, -3 ],
			"faces": {
				"down": { "uv": [ 0, 13.5, 6, 14 ], "texture": "#bonobono" },
				"up": { "uv": [ 6, 14, 12, 13.5 ], "texture": "#bonobono" },
				"north": { "uv": [ 6, 6.75, 0, 7 ], "texture": "#bonobono" },
				"south": { "uv": [ 0, 6.5, 6, 6.75 ], "texture": "#bonobono" },
				"west": { "uv": [ 15.25, 9.5, 15.75, 9.75 ], "texture": "#bonobono" },
				"east": { "uv": [ 6.5, 6.75, 6, 7 ], "texture": "#bonobono" }
			}
		},
		{
			"__comment": "Voxels",
			"from": [ -5, 7, 13 ],
			"to": [ 20, 8, 14 ],
			"faces": {
				"down": { "uv": [ 0, 8.25, 6.25, 8.5 ], "texture": "#bonobono" },
				"up": { "uv": [ 0, 8.25, 6.25, 8 ], "texture": "#bonobono" },
				"north": { "uv": [ 6.25, 8.75, 0, 9 ], "texture": "#bonobono" },
				"south": { "uv": [ 0, 8.5, 6.25, 8.75 ], "texture": "#bonobono" },
				"west": { "uv": [ 6.25, 7, 6.5, 7.25 ], "texture": "#bonobono" },
				"east": { "uv": [ 6.5, 6.5, 6.25, 6.75 ], "texture": "#bonobono" }
			}
		},
		{
			"__comment": "Voxels",
			"from": [ -3, 7, -6 ],
			"to": [ 19, 8, -5 ],
			"faces": {
				"down": { "uv": [ 0, 5, 5.5, 5.25 ], "texture": "#bonobono" },
				"up": { "uv": [ 0, 5.5, 5.5, 5.25 ], "texture": "#bonobono" },
				"north": { "uv": [ 5.5, 4.75, 0, 5 ], "texture": "#bonobono" },
				"south": { "uv": [ 0, 4.5, 5.5, 4.75 ], "texture": "#bonobono" },
				"west": { "uv": [ 15.75, 11.5, 16, 11.75 ], "texture": "#bonobono" },
				"east": { "uv": [ 16, 11.75, 15.75, 12 ], "texture": "#bonobono" }
			}
		},
		{
			"__comment": "Voxels",
			"from": [ -3, 7, 14 ],
			"to": [ 20, 8, 15 ],
			"faces": {
				"down": { "uv": [ 0, 5.75, 5.75, 6 ], "texture": "#bonobono" },
				"up": { "uv": [ 0, 6.25, 5.75, 6 ], "texture": "#bonobono" },
				"north": { "uv": [ 5.75, 5.5, 0, 5.75 ], "texture": "#bonobono" },
				"south": { "uv": [ 0, 6.25, 5.75, 6.5 ], "texture": "#bonobono" },
				"west": { "uv": [ 15.75, 13.25, 16, 13.5 ], "texture": "#bonobono" },
				"east": { "uv": [ 16, 13, 15.75, 13.25 ], "texture": "#bonobono" }
			}
		},
		{
			"__comment": "Voxels",
			"from": [ -2, 7, -7 ],
			"to": [ 19, 8, -6 ],
			"faces": {
				"down": { "uv": [ 0, 3.75, 5.25, 4 ], "texture": "#bonobono" },
				"up": { "uv": [ 0, 4.25, 5.25, 4 ], "texture": "#bonobono" },
				"north": { "uv": [ 5.25, 3.5, 0, 3.75 ], "texture": "#bonobono" },
				"south": { "uv": [ 0, 4.25, 5.25, 4.5 ], "texture": "#bonobono" },
				"west": { "uv": [ 5.75, 6, 6, 6.25 ], "texture": "#bonobono" },
				"east": { "uv": [ 6, 6.25, 5.75, 6.5 ], "texture": "#bonobono" }
			}
		},
		{
			"__comment": "Voxels",
			"from": [ 0, 7, -8 ],
			"to": [ 18, 8, -7 ],
			"faces": {
				"down": { "uv": [ 0, 1.5, 4.5, 1.75 ], "texture": "#bonobono" },
				"up": { "uv": [ 0, 2, 4.5, 1.75 ], "texture": "#bonobono" },
				"north": { "uv": [ 4.5, 3.25, 0, 3.5 ], "texture": "#bonobono" },
				"south": { "uv": [ 0, 3, 4.5, 3.25 ], "texture": "#bonobono" },
				"west": { "uv": [ 6.25, 8, 6.5, 8.25 ], "texture": "#bonobono" },
				"east": { "uv": [ 6.5, 8.25, 6.25, 8.5 ], "texture": "#bonobono" }
			}
		},
		{
			"__comment": "Voxels",
			"from": [ 1, 7, -9 ],
			"to": [ 18, 8, -8 ],
			"faces": {
				"down": { "uv": [ 0, 1.25, 4.25, 1.5 ], "texture": "#bonobono" },
				"up": { "uv": [ 0, 1.25, 4.25, 1 ], "texture": "#bonobono" },
				"north": { "uv": [ 4.25, 0.75, 0, 1 ], "texture": "#bonobono" },
				"south": { "uv": [ 0, 0.5, 4.25, 0.75 ], "texture": "#bonobono" },
				"west": { "uv": [ 6.25, 8.5, 6.5, 8.75 ], "texture": "#bonobono" },
				"east": { "uv": [ 16, 11.25, 15.75, 11.5 ], "texture": "#bonobono" }
			}
		},
		{
			"__comment": "Voxels",
			"from": [ 1, 7, 15 ],
			"to": [ 19, 8, 16 ],
			"faces": {
				"down": { "uv": [ 0, 2.75, 4.5, 3 ], "texture": "#bonobono" },
				"up": { "uv": [ 0, 2.75, 4.5, 2.5 ], "texture": "#bonobono" },
				"north": { "uv": [ 4.5, 2.25, 0, 2.5 ], "texture": "#bonobono" },
				"south": { "uv": [ 0, 2, 4.5, 2.25 ], "texture": "#bonobono" },
				"west": { "uv": [ 6.25, 5.5, 6.5, 5.75 ], "texture": "#bonobono" },
				"east": { "uv": [ 6, 5.5, 5.75, 5.75 ], "texture": "#bonobono" }
			}
		},
		{
			"__comment": "Voxels",
			"from": [ 3, 7, -10 ],
			"to": [ 17, 8, -9 ],
			"faces": {
				"down": { "uv": [ 12, 13.75, 15.5, 14 ], "texture": "#bonobono" },
				"up": { "uv": [ 0, 0.25, 3.5, 0 ], "texture": "#bonobono" },
				"north": { "uv": [ 3.5, 0.25, 0, 0.5 ], "texture": "#bonobono" },
				"south": { "uv": [ 12, 13.5, 15.5, 13.75 ], "texture": "#bonobono" },
				"west": { "uv": [ 15.75, 12.5, 16, 12.75 ], "texture": "#bonobono" },
				"east": { "uv": [ 16, 12, 15.75, 12.25 ], "texture": "#bonobono" }
			}
		},
		{
			"__comment": "Voxels",
			"from": [ 6, 7, 16 ],
			"to": [ 16, 8, 17 ],
			"faces": {
				"down": { "uv": [ 13.5, 10.25, 16, 10.5 ], "texture": "#bonobono" },
				"up": { "uv": [ 13.5, 10.75, 16, 10.5 ], "texture": "#bonobono" },
				"north": { "uv": [ 16, 10.75, 13.5, 11 ], "texture": "#bonobono" },
				"south": { "uv": [ 13.5, 11, 16, 11.25 ], "texture": "#bonobono" },
				"west": { "uv": [ 15.75, 9.5, 16, 9.75 ], "texture": "#bonobono" },
				"east": { "uv": [ 6.5, 8.75, 6.25, 9 ], "texture": "#bonobono" }
			}
		},
		{
			"__comment": "Voxels",
			"from": [ 7, 7, -11 ],
			"to": [ 16, 8, -10 ],
			"faces": {
				"down": { "uv": [ 6.5, 9.25, 8.75, 9.5 ], "texture": "#bonobono" },
				"up": { "uv": [ 13, 9.75, 15.25, 9.5 ], "texture": "#bonobono" },
				"north": { "uv": [ 15.25, 9.75, 13, 10 ], "texture": "#bonobono" },
				"south": { "uv": [ 13, 10, 15.25, 10.25 ], "texture": "#bonobono" },
				"west": { "uv": [ 6.25, 7.5, 6.5, 7.75 ], "texture": "#bonobono" },
				"east": { "uv": [ 6.5, 7.25, 6.25, 7.5 ], "texture": "#bonobono" }
			}
		},
		{
			"__comment": "Voxels",
			"from": [ 8, 7, 17 ],
			"to": [ 15, 8, 18 ],
			"faces": {
				"down": { "uv": [ 14, 11.5, 15.75, 11.75 ], "texture": "#bonobono" },
				"up": { "uv": [ 14, 12, 15.75, 11.75 ], "texture": "#bonobono" },
				"north": { "uv": [ 15.75, 12, 14, 12.25 ], "texture": "#bonobono" },
				"south": { "uv": [ 14, 11.25, 15.75, 11.5 ], "texture": "#bonobono" },
				"west": { "uv": [ 6, 6.25, 6.25, 6.5 ], "texture": "#bonobono" },
				"east": { "uv": [ 6.5, 6.25, 6.25, 6.5 ], "texture": "#bonobono" }
			}
		},
		{
			"__comment": "Voxels",
			"from": [ 8, 7, 18 ],
			"to": [ 14, 8, 19 ],
			"faces": {
				"down": { "uv": [ 14.5, 14.25, 16, 14.5 ], "texture": "#bonobono" },
				"up": { "uv": [ 14.5, 14.75, 16, 14.5 ], "texture": "#bonobono" },
				"north": { "uv": [ 16, 14.75, 14.5, 15 ], "texture": "#bonobono" },
				"south": { "uv": [ 14.5, 15, 16, 15.25 ], "texture": "#bonobono" },
				"west": { "uv": [ 6, 5.75, 6.25, 6 ], "texture": "#bonobono" },
				"east": { "uv": [ 6.5, 5.75, 6.25, 6 ], "texture": "#bonobono" }
			}
		},
		{
			"__comment": "Voxels",
			"from": [ 8, 7, 19 ],
			"to": [ 13, 8, 20 ],
			"faces": {
				"down": { "uv": [ 14.5, 12.5, 15.75, 12.75 ], "texture": "#bonobono" },
				"up": { "uv": [ 14.5, 13, 15.75, 12.75 ], "texture": "#bonobono" },
				"north": { "uv": [ 15.75, 14, 14.5, 14.25 ], "texture": "#bonobono" },
				"south": { "uv": [ 14.5, 13, 15.75, 13.25 ], "texture": "#bonobono" },
				"west": { "uv": [ 5.75, 5.25, 6, 5.5 ], "texture": "#bonobono" },
				"east": { "uv": [ 6.25, 5.25, 6, 5.5 ], "texture": "#bonobono" }
			}
		},
		{
			"__comment": "Voxels",
			"from": [ 17, 7, 9 ],
			"to": [ 20, 8, 10 ],
			"faces": {
				"down": { "uv": [ 14.5, 12.25, 15.25, 12.5 ], "texture": "#bonobono" },
				"up": { "uv": [ 15.25, 12.5, 16, 12.25 ], "texture": "#bonobono" },
				"north": { "uv": [ 16, 10, 15.25, 10.25 ], "texture": "#bonobono" },
				"south": { "uv": [ 15.25, 9.75, 16, 10 ], "texture": "#bonobono" },
				"west": { "uv": [ 6.25, 5, 6.5, 5.25 ], "texture": "#bonobono" },
				"east": { "uv": [ 5.75, 4.75, 5.5, 5 ], "texture": "#bonobono" }
			}
		}
	],
	"display": {
		"thirdperson_righthand": {
			"rotation":  [ 102, -17, 0 ],
			"translation":  [ 0, 1.3913, 1.3913 ],
			"scale":  [ 0.15, 0.5, 0.15 ]
		},
		"thirdperson_lefthand": {
			"rotation":  [ 102, -17, 0 ],
			"translation":  [ 0, 1.3913, 1.3913 ],
			"scale":  [ 0.15, 0.5, 0.15 ]
		},
		"firstperson_righthand": {
			"rotation":  [ 72, 0, 0 ],
			"translation":  [ 6.2608, 0, -4.869 ],
			"scale":  [ 0.2, 0.2, 0.2 ]
		},
		"firstperson_lefthand": {
			"rotation":  [ 72, 69, 0 ],
			"translation":  [ 6.2608, 0, -4.869 ],
			"scale":  [ 0.2, 0.2, 0.2 ]
		},
		"gui": {
			"rotation":  [ 90, 0, 0 ],
			"translation":  [ 1, -1, 0 ],
			"scale":  [ 0.3, 1, 0.3 ]
		},
		"head": {
			"rotation":  [ -3, -39, 0 ],
			"translation":  [ -0.304, 7.8, 0 ],
			"scale":  [ 0.2, 0.5, 0.2 ]
		},
		"ground": {
			"rotation":  [ 13, 0, 0 ],
			"translation":  [ 0, 2.7826, 0 ],
			"scale":  [ 0.3, 0.7, 0.3 ]
		},
		"fixed": {
			"rotation":  [ 90, 0, 0 ],
			"translation":  [ 0, -1, 0 ],
			"scale":  [ 0.3, 1, 0.3 ]
		}
	}
}