{
	"__comment": "moon",
	"textures": {
		"deer": "item/etc/deer"
	},
	"gui_light": "front",
	"elements": [ 	 
		{
			"__comment": "Voxels",
			"from": [ 4, 3, 1 ],
			"to": [ 7, 4, 2 ],
			"faces": {
				"down": { "uv": [ 3, 15, 6, 16 ], "texture": "#deer" },
				"up": { "uv": [ 6, 16, 9, 15 ], "texture": "#deer" },
				"north": { "uv": [ 12, 15, 9, 16 ], "texture": "#deer" },
				"south": { "uv": [ 12, 15, 15, 16 ], "texture": "#deer" },
				"west": { "uv": [ 13, 9, 14, 10 ], "texture": "#deer" },
				"east": { "uv": [ 15, 9, 14, 10 ], "texture": "#deer" }
			}
		},
		{
			"__comment": "Voxels",
			"from": [ 4, 4, -1 ],
			"to": [ 5, 9, 0 ],
			"faces": {
				"down": { "uv": [ 15, 9, 16, 10 ], "texture": "#deer" },
				"up": { "uv": [ 5, 5, 6, 4 ], "texture": "#deer" },
				"north": { "uv": [ 1, 11, 0, 16 ], "texture": "#deer" },
				"south": { "uv": [ 0, 6, 1, 11 ], "texture": "#deer" },
				"west": { "uv": [ 0, 1, 1, 6 ], "texture": "#deer" },
				"east": { "uv": [ 2, 11, 1, 16 ], "texture": "#deer" }
			}
		},
		{
			"__comment": "Voxels",
			"from": [ 4, 4, 0 ],
			"to": [ 5, 5, 2 ],
			"faces": {
				"down": { "uv": [ 3, 1, 4, 3 ], "texture": "#deer" },
				"up": { "uv": [ 4, 10, 5, 8 ], "texture": "#deer" },
				"north": { "uv": [ 6, 3, 5, 4 ], "texture": "#deer" },
				"south": { "uv": [ 13, 8, 14, 9 ], "texture": "#deer" },
				"west": { "uv": [ 12, 10, 14, 11 ], "texture": "#deer" },
				"east": { "uv": [ 16, 10, 14, 11 ], "texture": "#deer" }
			}
		},
		{
			"__comment": "Voxels",
			"from": [ 4, 6, 0 ],
			"to": [ 5, 7, 2 ],
			"faces": {
				"down": { "uv": [ 4, 6, 5, 8 ], "texture": "#deer" },
				"up": { "uv": [ 4, 6, 5, 4 ], "texture": "#deer" },
				"north": { "uv": [ 6, 2, 5, 3 ], "texture": "#deer" },
				"south": { "uv": [ 5, 1, 6, 2 ], "texture": "#deer" },
				"west": { "uv": [ 12, 12, 14, 13 ], "texture": "#deer" },
				"east": { "uv": [ 16, 13, 14, 14 ], "texture": "#deer" }
			}
		},
		{
			"__comment": "Voxels",
			"from": [ 4, 7, 1 ],
			"to": [ 5, 8, 2 ],
			"faces": {
				"down": { "uv": [ 5, 0, 6, 1 ], "texture": "#deer" },
				"up": { "uv": [ 6, 7, 7, 6 ], "texture": "#deer" },
				"north": { "uv": [ 7, 5, 6, 6 ], "texture": "#deer" },
				"south": { "uv": [ 6, 2, 7, 3 ], "texture": "#deer" },
				"west": { "uv": [ 6, 1, 7, 2 ], "texture": "#deer" },
				"east": { "uv": [ 13, 8, 12, 9 ], "texture": "#deer" }
			}
		},
		{
			"__comment": "Voxels",
			"from": [ 6, 2, 2 ],
			"to": [ 8, 3, 3 ],
			"faces": {
				"down": { "uv": [ 10, 10, 12, 11 ], "texture": "#deer" },
				"up": { "uv": [ 5, 12, 7, 11 ], "texture": "#deer" },
				"north": { "uv": [ 10, 10, 8, 11 ], "texture": "#deer" },
				"south": { "uv": [ 12, 13, 14, 14 ], "texture": "#deer" },
				"west": { "uv": [ 14, 8, 15, 9 ], "texture": "#deer" },
				"east": { "uv": [ 16, 8, 15, 9 ], "texture": "#deer" }
			}
		},
		{
			"__comment": "Voxels",
			"from": [ 6, 3, 2 ],
			"to": [ 7, 4, 3 ],
			"faces": {
				"down": { "uv": [ 10, 7, 11, 8 ], "texture": "#deer" },
				"up": { "uv": [ 11, 8, 12, 7 ], "texture": "#deer" },
				"north": { "uv": [ 13, 7, 12, 8 ], "texture": "#deer" },
				"south": { "uv": [ 13, 7, 14, 8 ], "texture": "#deer" },
				"west": { "uv": [ 14, 7, 15, 8 ], "texture": "#deer" },
				"east": { "uv": [ 16, 7, 15, 8 ], "texture": "#deer" }
			}
		},
		{
			"__comment": "Voxels",
			"from": [ 7, 0, 3 ],
			"to": [ 8, 3, 4 ],
			"faces": {
				"down": { "uv": [ 8, 4, 9, 5 ], "texture": "#deer" },
				"up": { "uv": [ 8, 4, 9, 3 ], "texture": "#deer" },
				"north": { "uv": [ 4, 12, 3, 15 ], "texture": "#deer" },
				"south": { "uv": [ 4, 12, 5, 15 ], "texture": "#deer" },
				"west": { "uv": [ 5, 12, 6, 15 ], "texture": "#deer" },
				"east": { "uv": [ 3, 3, 2, 6 ], "texture": "#deer" }
			}
		},
		{
			"__comment": "Voxels",
			"from": [ 7, 2, 4 ],
			"to": [ 8, 3, 6 ],
			"faces": {
				"down": { "uv": [ 3, 9, 4, 11 ], "texture": "#deer" },
				"up": { "uv": [ 3, 9, 4, 7 ], "texture": "#deer" },
				"north": { "uv": [ 9, 2, 8, 3 ], "texture": "#deer" },
				"south": { "uv": [ 8, 1, 9, 2 ], "texture": "#deer" },
				"west": { "uv": [ 3, 11, 5, 12 ], "texture": "#deer" },
				"east": { "uv": [ 16, 12, 14, 13 ], "texture": "#deer" }
			}
		},
		{
			"__comment": "Voxels",
			"from": [ 7, 3, 5 ],
			"to": [ 8, 4, 6 ],
			"faces": {
				"down": { "uv": [ 10, 6, 11, 7 ], "texture": "#deer" },
				"up": { "uv": [ 11, 7, 12, 6 ], "texture": "#deer" },
				"north": { "uv": [ 1, 0, 0, 1 ], "texture": "#deer" },
				"south": { "uv": [ 1, 0, 2, 1 ], "texture": "#deer" },
				"west": { "uv": [ 15, 15, 16, 16 ], "texture": "#deer" },
				"east": { "uv": [ 16, 14, 15, 15 ], "texture": "#deer" }
			}
		},
		{
			"__comment": "Voxels",
			"from": [ 10, 0, 3 ],
			"to": [ 11, 3, 4 ],
			"faces": {
				"down": { "uv": [ 15, 11, 16, 12 ], "texture": "#deer" },
				"up": { "uv": [ 3, 1, 4, 0 ], "texture": "#deer" },
				"north": { "uv": [ 3, 0, 2, 3 ], "texture": "#deer" },
				"south": { "uv": [ 6, 12, 7, 15 ], "texture": "#deer" },
				"west": { "uv": [ 7, 12, 8, 15 ], "texture": "#deer" },
				"east": { "uv": [ 9, 12, 8, 15 ], "texture": "#deer" }
			}
		},
		{
			"__comment": "Voxels",
			"from": [ 10, 2, 2 ],
			"to": [ 12, 3, 3 ],
			"faces": {
				"down": { "uv": [ 7, 11, 9, 12 ], "texture": "#deer" },
				"up": { "uv": [ 9, 12, 11, 11 ], "texture": "#deer" },
				"north": { "uv": [ 13, 11, 11, 12 ], "texture": "#deer" },
				"south": { "uv": [ 13, 11, 15, 12 ], "texture": "#deer" },
				"west": { "uv": [ 6, 8, 7, 9 ], "texture": "#deer" },
				"east": { "uv": [ 7, 7, 6, 8 ], "texture": "#deer" }
			}
		},
		{
			"__comment": "Voxels",
			"from": [ 10, 2, 4 ],
			"to": [ 11, 3, 6 ],
			"faces": {
				"down": { "uv": [ 3, 5, 4, 7 ], "texture": "#deer" },
				"up": { "uv": [ 3, 5, 4, 3 ], "texture": "#deer" },
				"north": { "uv": [ 7, 4, 6, 5 ], "texture": "#deer" },
				"south": { "uv": [ 6, 3, 7, 4 ], "texture": "#deer" },
				"west": { "uv": [ 4, 10, 6, 11 ], "texture": "#deer" },
				"east": { "uv": [ 8, 10, 6, 11 ], "texture": "#deer" }
			}
		},
		{
			"__comment": "Voxels",
			"from": [ 10, 3, 5 ],
			"to": [ 11, 4, 6 ],
			"faces": {
				"down": { "uv": [ 6, 0, 7, 1 ], "texture": "#deer" },
				"up": { "uv": [ 7, 9, 8, 8 ], "texture": "#deer" },
				"north": { "uv": [ 9, 8, 8, 9 ], "texture": "#deer" },
				"south": { "uv": [ 9, 8, 10, 9 ], "texture": "#deer" },
				"west": { "uv": [ 10, 8, 11, 9 ], "texture": "#deer" },
				"east": { "uv": [ 12, 8, 11, 9 ], "texture": "#deer" }
			}
		},
		{
			"__comment": "Voxels",
			"from": [ 11, 3, 1 ],
			"to": [ 14, 4, 2 ],
			"faces": {
				"down": { "uv": [ 9, 14, 12, 15 ], "texture": "#deer" },
				"up": { "uv": [ 9, 14, 12, 13 ], "texture": "#deer" },
				"north": { "uv": [ 12, 12, 9, 13 ], "texture": "#deer" },
				"south": { "uv": [ 12, 14, 15, 15 ], "texture": "#deer" },
				"west": { "uv": [ 7, 7, 8, 8 ], "texture": "#deer" },
				"east": { "uv": [ 8, 6, 7, 7 ], "texture": "#deer" }
			}
		},
		{
			"__comment": "Voxels",
			"from": [ 11, 3, 2 ],
			"to": [ 12, 4, 3 ],
			"faces": {
				"down": { "uv": [ 7, 5, 8, 6 ], "texture": "#deer" },
				"up": { "uv": [ 7, 5, 8, 4 ], "texture": "#deer" },
				"north": { "uv": [ 8, 3, 7, 4 ], "texture": "#deer" },
				"south": { "uv": [ 7, 2, 8, 3 ], "texture": "#deer" },
				"west": { "uv": [ 7, 1, 8, 2 ], "texture": "#deer" },
				"east": { "uv": [ 8, 0, 7, 1 ], "texture": "#deer" }
			}
		},
		{
			"__comment": "Voxels",
			"from": [ 13, 4, -1 ],
			"to": [ 14, 9, 0 ],
			"faces": {
				"down": { "uv": [ 8, 7, 9, 8 ], "texture": "#deer" },
				"up": { "uv": [ 9, 8, 10, 7 ], "texture": "#deer" },
				"north": { "uv": [ 2, 6, 1, 11 ], "texture": "#deer" },
				"south": { "uv": [ 1, 1, 2, 6 ], "texture": "#deer" },
				"west": { "uv": [ 2, 11, 3, 16 ], "texture": "#deer" },
				"east": { "uv": [ 3, 6, 2, 11 ], "texture": "#deer" }
			}
		},
		{
			"__comment": "Voxels",
			"from": [ 13, 4, 0 ],
			"to": [ 14, 5, 2 ],
			"faces": {
				"down": { "uv": [ 4, 2, 5, 4 ], "texture": "#deer" },
				"up": { "uv": [ 4, 2, 5, 0 ], "texture": "#deer" },
				"north": { "uv": [ 9, 6, 8, 7 ], "texture": "#deer" },
				"south": { "uv": [ 8, 5, 9, 6 ], "texture": "#deer" },
				"west": { "uv": [ 5, 9, 7, 10 ], "texture": "#deer" },
				"east": { "uv": [ 9, 9, 7, 10 ], "texture": "#deer" }
			}
		},
		{
			"__comment": "Voxels",
			"from": [ 13, 6, 0 ],
			"to": [ 14, 7, 2 ],
			"faces": {
				"down": { "uv": [ 5, 7, 6, 9 ], "texture": "#deer" },
				"up": { "uv": [ 5, 7, 6, 5 ], "texture": "#deer" },
				"north": { "uv": [ 9, 0, 8, 1 ], "texture": "#deer" },
				"south": { "uv": [ 9, 6, 10, 7 ], "texture": "#deer" },
				"west": { "uv": [ 9, 9, 11, 10 ], "texture": "#deer" },
				"east": { "uv": [ 13, 9, 11, 10 ], "texture": "#deer" }
			}
		},
		{
			"__comment": "Voxels",
			"from": [ 13, 7, 1 ],
			"to": [ 14, 8, 2 ],
			"faces": {
				"down": { "uv": [ 12, 6, 13, 7 ], "texture": "#deer" },
				"up": { "uv": [ 13, 7, 14, 6 ], "texture": "#deer" },
				"north": { "uv": [ 15, 6, 14, 7 ], "texture": "#deer" },
				"south": { "uv": [ 15, 6, 16, 7 ], "texture": "#deer" },
				"west": { "uv": [ 9, 5, 10, 6 ], "texture": "#deer" },
				"east": { "uv": [ 10, 4, 9, 5 ], "texture": "#deer" }
			}
		}
	],
	"display": {
		"thirdperson_righthand": {
			"rotation":  [ 0, -49, 0 ],
			"translation":  [ -3.477, 7.6521, 4.1739 ]
		},
		"thirdperson_lefthand": {
			"rotation":  [ 0, -49, 0 ],
			"translation":  [ -2.781, 6.9564, 5.5652 ]
		},
		"firstperson_righthand": {
			"rotation":  [ 16, 0, 0 ],
			"translation":  [ 4.8695, 2.7826, 0 ]
		},
		"firstperson_lefthand": {
			"rotation":  [ 16, 0, 0 ],
			"translation":  [ 6.2608, 4.1739, 0 ]
		},
		"gui": {
			"rotation":  [ 20, 33, 0 ],
			"translation":  [ 2.7826, 2.0869, 6.2601 ]
		},
		"head": {
			"rotation":  [ 0, 180, 0 ],
			"translation":  [ 2, 21.563, -9.738 ],
			"scale":  [ 2, 2, 2 ]
		},
		"ground": {
			"translation":  [ 0, 6.9565, 0 ]
		},
		"fixed": {
			"rotation":  [ 90, 0, 180 ],
			"translation":  [ 2.0875, -10.43, -13.21 ],
			"scale":  [ 2, 2, 2 ]
		}
	}
}