{
	"credit": "Made with Blockbench",
	"texture_size": [32, 32],
	"textures": {
		"0": "item/etc/dva",
		"particle": "item/etc/dva"
	},
	"elements": [
		{
			"from": [7.25, 9, 3],
			"to": [8.75, 11, 4],
			"rotation": {"angle": 0, "axis": "y", "origin": [15, 17, 11]},
			"faces": {
				"north": {"uv": [0.5, 8, 0.75, 9], "texture": "#0"},
				"east": {"uv": [4, 8, 4.5, 9], "texture": "#0"},
				"south": {"uv": [0, 0, 0.75, 1], "texture": "#0"},
				"west": {"uv": [0.5, 8, 1, 9], "texture": "#0"},
				"up": {"uv": [0.5, 8, 0.75, 8.5], "texture": "#0"},
				"down": {"uv": [0.5, 8.5, 0.75, 9], "texture": "#0"}
			}
		},
		{
			"from": [7.25, 9.5, 2.5],
			"to": [8.75, 10.5, 3],
			"rotation": {"angle": 0, "axis": "y", "origin": [15, 17, 10.5]},
			"faces": {
				"north": {"uv": [0, 8, 0.25, 8.5], "texture": "#0"},
				"east": {"uv": [4.5, 8, 4.75, 8.5], "texture": "#0"},
				"south": {"uv": [0, 0, 0.75, 0.5], "texture": "#0"},
				"west": {"uv": [0, 8, 0.25, 8.5], "texture": "#0"},
				"up": {"uv": [0, 8, 0.25, 8.25], "texture": "#0"},
				"down": {"uv": [0, 8, 0.25, 8.25], "texture": "#0"}
			}
		},
		{
			"from": [7.25, 8.5, 4],
			"to": [8.75, 11, 5],
			"rotation": {"angle": 0, "axis": "y", "origin": [15, 17, 12]},
			"faces": {
				"north": {"uv": [1, 9, 1.25, 9.25], "texture": "#0"},
				"east": {"uv": [3.5, 8, 4, 9.25], "texture": "#0"},
				"south": {"uv": [0, 0, 0.75, 1.25], "texture": "#0"},
				"west": {"uv": [1, 8, 1.5, 9.25], "texture": "#0"},
				"up": {"uv": [1, 8, 1.25, 8.5], "texture": "#0"},
				"down": {"uv": [1, 9, 1.25, 9.5], "texture": "#0"}
			}
		},
		{
			"from": [7.25, 10, 5],
			"to": [8.75, 11, 6],
			"rotation": {"angle": 0, "axis": "y", "origin": [15, 17, 13]},
			"faces": {
				"north": {"uv": [0, 0, 0.75, 0.5], "texture": "#0"},
				"east": {"uv": [3, 8, 3.5, 8.5], "texture": "#0"},
				"south": {"uv": [0, 0, 0.75, 0.5], "texture": "#0"},
				"west": {"uv": [1.5, 8, 2, 8.5], "texture": "#0"},
				"up": {"uv": [0, 0, 0.75, 0.5], "texture": "#0"},
				"down": {"uv": [0, 0, 0.75, 0.5], "texture": "#0"}
			}
		},
		{
			"from": [7.25, 8.5, 5],
			"to": [8.75, 10, 7],
			"rotation": {"angle": 0, "axis": "y", "origin": [15, 17, 13]},
			"faces": {
				"north": {"uv": [0, 0, 0.75, 0.75], "texture": "#0"},
				"east": {"uv": [2.5, 8.5, 3.5, 9.25], "texture": "#0"},
				"south": {"uv": [2, 8.5, 2.25, 9.25], "texture": "#0"},
				"west": {"uv": [1.5, 8.5, 2.5, 9.25], "texture": "#0"},
				"up": {"uv": [0, 0, 0.75, 1], "texture": "#0"},
				"down": {"uv": [1.5, 9, 2.5, 9.5], "rotation": 270, "texture": "#0"}
			}
		},
		{
			"from": [7, 12.5, 7.5],
			"to": [9, 13, 10.5],
			"rotation": {"angle": 0, "axis": "y", "origin": [15, 20.5, 16.75]},
			"faces": {
				"north": {"uv": [0, 3, 0.5, 3.25], "texture": "#0"},
				"east": {"uv": [0, 3, 1.5, 3.25], "rotation": 180, "texture": "#0"},
				"south": {"uv": [1, 3, 1.5, 3.25], "texture": "#0"},
				"west": {"uv": [0, 3, 1.5, 3.25], "texture": "#0"},
				"up": {"uv": [0, 3, 1.5, 3.5], "rotation": 90, "texture": "#0"},
				"down": {"uv": [0, 0, 1, 1.5], "texture": "#0"}
			}
		},
		{
			"from": [7, 12, 6.5],
			"to": [9, 12.5, 7.5],
			"rotation": {"angle": 0, "axis": "y", "origin": [15, 20, 15.75]},
			"faces": {
				"north": {"uv": [0, 3.5, 0.5, 3.75], "texture": "#0"},
				"east": {"uv": [0, 3.5, 0.5, 3.75], "texture": "#0"},
				"south": {"uv": [0, 0, 1, 0.25], "texture": "#0"},
				"west": {"uv": [0, 3.5, 0.5, 3.75], "texture": "#0"},
				"up": {"uv": [0, 3.5, 0.5, 4], "texture": "#0"},
				"down": {"uv": [0, 3.5, 0.5, 4], "texture": "#0"}
			}
		},
		{
			"from": [7, 10, 6],
			"to": [9, 12, 7],
			"rotation": {"angle": 0, "axis": "y", "origin": [15, 17, 12]},
			"faces": {
				"north": {"uv": [3, 7.5, 3.5, 8], "texture": "#0"},
				"east": {"uv": [3, 7, 3.5, 8], "texture": "#0"},
				"south": {"uv": [3, 7, 3.5, 8], "texture": "#0"},
				"west": {"uv": [3, 7, 3.5, 8], "texture": "#0"},
				"up": {"uv": [3, 7, 3.5, 7.5], "texture": "#0"},
				"down": {"uv": [3, 7.5, 4, 8], "texture": "#0"}
			}
		},
		{
			"from": [7, 10.5, 5],
			"to": [9, 12, 6],
			"rotation": {"angle": 0, "axis": "y", "origin": [15, 17.5, 11]},
			"faces": {
				"north": {"uv": [3.5, 7, 4, 7.75], "rotation": 180, "texture": "#0"},
				"east": {"uv": [3.5, 7, 4, 7.75], "rotation": 180, "texture": "#0"},
				"south": {"uv": [0, 0, 1, 0.75], "texture": "#0"},
				"west": {"uv": [3.5, 7, 4, 7.75], "rotation": 180, "texture": "#0"},
				"up": {"uv": [3, 7.5, 4, 8], "texture": "#0"},
				"down": {"uv": [3.5, 7, 4, 7.5], "texture": "#0"}
			}
		},
		{
			"from": [7, 12, 5],
			"to": [9, 12.5, 5.5],
			"rotation": {"angle": 0, "axis": "y", "origin": [15, 18, 11]},
			"faces": {
				"north": {"uv": [0, 0, 1, 0.25], "texture": "#0"},
				"east": {"uv": [3.5, 7.5, 3.75, 7.75], "texture": "#0"},
				"south": {"uv": [3.5, 7.5, 4, 7.75], "texture": "#0"},
				"west": {"uv": [3.5, 7.5, 3.75, 7.75], "texture": "#0"},
				"up": {"uv": [0, 0, 1, 0.25], "texture": "#0"},
				"down": {"uv": [0, 0, 1, 0.25], "texture": "#0"}
			}
		},
		{
			"from": [7.25, 11.5, 7.5],
			"to": [8.75, 12, 10.5],
			"rotation": {"angle": 0, "axis": "y", "origin": [15, 18, 15]},
			"faces": {
				"north": {"uv": [0, 0, 0.75, 0.25], "texture": "#0"},
				"east": {"uv": [0.5, 6.5, 2, 6.75], "rotation": 180, "texture": "#0"},
				"south": {"uv": [0, 0, 0.75, 0.25], "texture": "#0"},
				"west": {"uv": [0.5, 6.5, 2, 6.75], "texture": "#0"},
				"up": {"uv": [0, 0, 0.75, 1.5], "texture": "#0"},
				"down": {"uv": [0.5, 6.5, 2, 7], "rotation": 270, "texture": "#0"}
			}
		},
		{
			"from": [7.25, 11, 10.5],
			"to": [8.75, 13, 12.5],
			"rotation": {"angle": 0, "axis": "y", "origin": [15, 18, 18]},
			"faces": {
				"north": {"uv": [2, 6.5, 2.25, 7], "texture": "#0"},
				"east": {"uv": [2, 5, 3, 6], "texture": "#0"},
				"south": {"uv": [2.5, 6, 2.75, 7], "texture": "#0"},
				"west": {"uv": [2, 6, 3, 7], "texture": "#0"},
				"up": {"uv": [0, 0, 0.75, 1], "texture": "#0"},
				"down": {"uv": [2, 6.5, 2.25, 7], "texture": "#0"}
			}
		},
		{
			"from": [7.25, 10, 11.25],
			"to": [8.75, 11, 11.75],
			"rotation": {"angle": 0, "axis": "y", "origin": [15, 17, 18]},
			"faces": {
				"north": {"uv": [3.5, 3, 4.25, 3.5], "texture": "#0"},
				"east": {"uv": [3.5, 3, 3.75, 3.5], "texture": "#0"},
				"south": {"uv": [0, 0, 0.75, 0.5], "texture": "#0"},
				"west": {"uv": [3.5, 3, 3.75, 3.5], "texture": "#0"},
				"up": {"uv": [0, 0, 0.75, 0.25], "texture": "#0"},
				"down": {"uv": [0, 0, 0.75, 0.25], "texture": "#0"}
			}
		},
		{
			"from": [7.15, 10.25, 11.75],
			"to": [8.85, 11, 12.5],
			"rotation": {"angle": 0, "axis": "y", "origin": [15, 17, 18.5]},
			"faces": {
				"north": {"uv": [0.5, 10, 0.85, 10.375], "texture": "#0"},
				"east": {"uv": [0.5, 10, 0.875, 10.375], "texture": "#0"},
				"south": {"uv": [2, 10, 4, 10.375], "texture": "#0"},
				"west": {"uv": [0.5, 10, 0.875, 10.375], "texture": "#0"},
				"up": {"uv": [0.5, 10, 0.85, 10.375], "texture": "#0"},
				"down": {"uv": [0, 0, 0.85, 0.375], "texture": "#0"}
			}
		},
		{
			"from": [7.15, 6.71851, 11.09306],
			"to": [8.85, 10.71851, 12.09306],
			"rotation": {"angle": -22.5, "axis": "x", "origin": [8, 9.21851, 12.84306]},
			"faces": {
				"north": {"uv": [0, 10, 0.35, 12], "texture": "#0"},
				"east": {"uv": [0, 10, 0.5, 12], "texture": "#0"},
				"south": {"uv": [0, 10, 0.35, 12], "texture": "#0"},
				"west": {"uv": [0, 10, 0.5, 12], "texture": "#0"},
				"up": {"uv": [0, 10, 0.35, 10.5], "texture": "#0"},
				"down": {"uv": [0, 11.5, 0.35, 12], "texture": "#0"}
			}
		},
		{
			"from": [7.15, 7.21851, 12.09306],
			"to": [8.85, 10.71851, 13.09306],
			"rotation": {"angle": -22.5, "axis": "x", "origin": [8, 9.21851, 12.84306]},
			"faces": {
				"north": {"uv": [0, 0, 0.85, 1.75], "texture": "#0"},
				"east": {"uv": [0.5, 10, 1, 11.75], "texture": "#0"},
				"south": {"uv": [2, 10, 4, 10.75], "texture": "#0"},
				"west": {"uv": [0.5, 10, 1, 11.75], "texture": "#0"},
				"up": {"uv": [0.5, 10, 0.85, 10.5], "texture": "#0"},
				"down": {"uv": [0.5, 11.5, 0.85, 12], "texture": "#0"}
			}
		},
		{
			"from": [7.15, 7.21851, 13.09306],
			"to": [8.85, 8.71851, 13.59306],
			"rotation": {"angle": -22.5, "axis": "x", "origin": [8, 9.21851, 12.84306]},
			"faces": {
				"north": {"uv": [0, 0, 0.85, 0.75], "texture": "#0"},
				"east": {"uv": [1, 11, 1.25, 11.75], "texture": "#0"},
				"south": {"uv": [1, 11, 1.35, 11.75], "texture": "#0"},
				"west": {"uv": [1, 11, 1.25, 11.75], "texture": "#0"},
				"up": {"uv": [1, 11, 1.35, 11.25], "texture": "#0"},
				"down": {"uv": [1, 11.5, 1.35, 11.75], "texture": "#0"}
			}
		},
		{
			"from": [7.15, 8.71851, 13.09306],
			"to": [8.85, 9.71851, 13.34306],
			"rotation": {"angle": -22.5, "axis": "x", "origin": [8, 9.21851, 12.84306]},
			"faces": {
				"north": {"uv": [0, 0, 0.85, 0.5], "texture": "#0"},
				"east": {"uv": [1, 10.5, 1.125, 11], "texture": "#0"},
				"south": {"uv": [2, 10.5, 4, 11], "texture": "#0"},
				"west": {"uv": [1, 10.5, 1.125, 11], "texture": "#0"},
				"up": {"uv": [2, 10.5, 4, 10.625], "texture": "#0"},
				"down": {"uv": [0, 0, 0.85, 0.125], "texture": "#0"}
			}
		},
		{
			"from": [7.4, 8.71851, 10.59306],
			"to": [8.6, 10.71851, 11.09306],
			"rotation": {"angle": -22.5, "axis": "x", "origin": [8, 9.21851, 12.84306]},
			"faces": {
				"north": {"uv": [1.5, 10, 1.6, 11], "texture": "#0"},
				"east": {"uv": [1.5, 10, 1.75, 11], "texture": "#0"},
				"south": {"uv": [0, 0, 0.6, 1], "texture": "#0"},
				"west": {"uv": [1.5, 10, 1.75, 11], "texture": "#0"},
				"up": {"uv": [1.5, 10, 1.6, 10.25], "texture": "#0"},
				"down": {"uv": [0, 0, 0.6, 0.25], "texture": "#0"}
			}
		},
		{
			"from": [7.15, 6.71851, 10.59306],
			"to": [8.85, 8.71851, 11.09306],
			"rotation": {"angle": -22.5, "axis": "x", "origin": [8, 9.21851, 12.84306]},
			"faces": {
				"north": {"uv": [1.5, 11, 1.85, 12], "texture": "#0"},
				"east": {"uv": [1.5, 11, 1.75, 12], "texture": "#0"},
				"south": {"uv": [0, 0, 0.85, 1], "texture": "#0"},
				"west": {"uv": [1.5, 11, 1.75, 12], "texture": "#0"},
				"up": {"uv": [1.5, 11, 1.85, 11.25], "texture": "#0"},
				"down": {"uv": [1.5, 11.5, 1.85, 11.75], "texture": "#0"}
			}
		},
		{
			"from": [7.4, 6.71851, 10.34306],
			"to": [8.6, 7.71851, 10.59306],
			"rotation": {"angle": -22.5, "axis": "x", "origin": [8, 9.21851, 12.84306]},
			"faces": {
				"north": {"uv": [1.5, 11.5, 1.6, 12], "texture": "#0"},
				"east": {"uv": [1.5, 11.5, 1.625, 12], "texture": "#0"},
				"south": {"uv": [0, 0, 0.6, 0.5], "texture": "#0"},
				"west": {"uv": [1.5, 11.5, 1.625, 12], "texture": "#0"},
				"up": {"uv": [1.5, 11.5, 1.6, 11.625], "texture": "#0"},
				"down": {"uv": [1.5, 11.5, 1.6, 11.625], "texture": "#0"}
			}
		},
		{
			"from": [7.75, 7.71851, 10.34306],
			"to": [8.25, 10.71851, 10.59306],
			"rotation": {"angle": -22.5, "axis": "x", "origin": [8, 9.21851, 12.84306]},
			"faces": {
				"north": {"uv": [3, 5, 3.25, 6.5], "texture": "#0"},
				"east": {"uv": [3, 5, 3.125, 6.5], "texture": "#0"},
				"south": {"uv": [0, 0, 0.25, 1.5], "texture": "#0"},
				"west": {"uv": [3, 5, 3.125, 6.5], "texture": "#0"},
				"up": {"uv": [0, 0, 0.25, 0.125], "texture": "#0"},
				"down": {"uv": [0, 0, 0.25, 0.125], "texture": "#0"}
			}
		},
		{
			"from": [7.75, 6.71851, 10.09306],
			"to": [8.25, 7.71851, 10.34306],
			"rotation": {"angle": -22.5, "axis": "x", "origin": [8, 9.21851, 12.84306]},
			"faces": {
				"north": {"uv": [3, 6.5, 3.25, 7], "texture": "#0"},
				"east": {"uv": [3, 6.5, 3.125, 7], "texture": "#0"},
				"south": {"uv": [0, 0, 0.25, 0.5], "texture": "#0"},
				"west": {"uv": [3, 6.5, 3.125, 7], "texture": "#0"},
				"up": {"uv": [3, 6.5, 3.25, 6.625], "texture": "#0"},
				"down": {"uv": [3, 6.5, 3.25, 6.625], "texture": "#0"}
			}
		},
		{
			"from": [7.75, 6.58457, 9.6197],
			"to": [8.25, 7.08457, 10.1197],
			"rotation": {"angle": -22.5, "axis": "x", "origin": [8, 9.08457, 12.5197]},
			"faces": {
				"north": {"uv": [0, 12, 0.25, 12.25], "texture": "#0"},
				"east": {"uv": [0, 12, 0.25, 12.25], "texture": "#0"},
				"south": {"uv": [0, 12, 0.25, 12.25], "texture": "#0"},
				"west": {"uv": [0, 12, 0.25, 12.25], "texture": "#0"},
				"up": {"uv": [0, 12, 0.25, 12.25], "texture": "#0"},
				"down": {"uv": [0, 12, 0.25, 12.25], "texture": "#0"}
			}
		},
		{
			"from": [7.6, 4.99173, 10.78245],
			"to": [8.4, 5.99173, 11.08245],
			"rotation": {"angle": 0, "axis": "y", "origin": [8, 5.99173, 10.93245]},
			"faces": {
				"north": {"uv": [0.5, 12, 0.9, 12.5], "texture": "#0"},
				"east": {"uv": [0.5, 12, 0.65, 12.5], "texture": "#0"},
				"south": {"uv": [0.5, 12, 0.9, 12.5], "texture": "#0"},
				"west": {"uv": [0.5, 12, 0.65, 12.5], "texture": "#0"},
				"up": {"uv": [0.5, 12, 0.9, 12.15], "texture": "#0"},
				"down": {"uv": [0.5, 12, 0.9, 12.15], "texture": "#0"}
			}
		},
		{
			"from": [7.75, 4.49173, 10.68245],
			"to": [8.25, 4.99173, 11.18245],
			"rotation": {"angle": 0, "axis": "y", "origin": [8, 4.99173, 10.93245]},
			"faces": {
				"north": {"uv": [1, 12, 1.25, 12.25], "texture": "#0"},
				"east": {"uv": [1, 12, 1.25, 12.25], "texture": "#0"},
				"south": {"uv": [1, 12, 1.25, 12.25], "texture": "#0"},
				"west": {"uv": [1, 12, 1.25, 12.25], "texture": "#0"},
				"up": {"uv": [1, 12, 1.25, 12.25], "texture": "#0"},
				"down": {"uv": [1, 12, 1.25, 12.25], "texture": "#0"}
			}
		},
		{
			"from": [7.75, 3.49173, 10.68245],
			"to": [8.25, 3.99173, 11.18245],
			"rotation": {"angle": 0, "axis": "y", "origin": [8, 3.99173, 10.93245]},
			"faces": {
				"north": {"uv": [1, 12, 1.25, 12.25], "texture": "#0"},
				"east": {"uv": [1, 12, 1.25, 12.25], "texture": "#0"},
				"south": {"uv": [1, 12, 1.25, 12.25], "texture": "#0"},
				"west": {"uv": [1, 12, 1.25, 12.25], "texture": "#0"},
				"up": {"uv": [1, 12, 1.25, 12.25], "texture": "#0"},
				"down": {"uv": [1, 12, 1.25, 12.25], "texture": "#0"}
			}
		},
		{
			"from": [7.75, 2.49173, 10.68245],
			"to": [8.25, 2.99173, 11.18245],
			"rotation": {"angle": 0, "axis": "y", "origin": [8, 2.99173, 10.93245]},
			"faces": {
				"north": {"uv": [1, 12, 1.25, 12.25], "texture": "#0"},
				"east": {"uv": [1, 12, 1.25, 12.25], "texture": "#0"},
				"south": {"uv": [1, 12, 1.25, 12.25], "texture": "#0"},
				"west": {"uv": [1, 12, 1.25, 12.25], "texture": "#0"},
				"up": {"uv": [1, 12, 1.25, 12.25], "texture": "#0"},
				"down": {"uv": [1, 12, 1.25, 12.25], "texture": "#0"}
			}
		},
		{
			"from": [7.75, 3.99173, 10.68245],
			"to": [8.25, 4.49173, 11.18245],
			"rotation": {"angle": -45, "axis": "y", "origin": [8, 4.49173, 10.93245]},
			"faces": {
				"north": {"uv": [1.5, 12, 1.75, 12.25], "texture": "#0"},
				"east": {"uv": [1.5, 12, 1.75, 12.25], "texture": "#0"},
				"south": {"uv": [1.5, 12, 1.75, 12.25], "texture": "#0"},
				"west": {"uv": [1.5, 12, 1.75, 12.25], "texture": "#0"},
				"up": {"uv": [1.5, 12, 1.75, 12.25], "texture": "#0"},
				"down": {"uv": [1.5, 12, 1.75, 12.25], "texture": "#0"}
			}
		},
		{
			"from": [7.75, 2.99173, 10.68245],
			"to": [8.25, 3.49173, 11.18245],
			"rotation": {"angle": -45, "axis": "y", "origin": [8, 3.49173, 10.93245]},
			"faces": {
				"north": {"uv": [1.5, 12, 1.75, 12.25], "texture": "#0"},
				"east": {"uv": [1.5, 12, 1.75, 12.25], "texture": "#0"},
				"south": {"uv": [1.5, 12, 1.75, 12.25], "texture": "#0"},
				"west": {"uv": [1.5, 12, 1.75, 12.25], "texture": "#0"},
				"up": {"uv": [1.5, 12, 1.75, 12.25], "texture": "#0"},
				"down": {"uv": [1.5, 12, 1.75, 12.25], "texture": "#0"}
			}
		},
		{
			"from": [7.5, 0.49173, 10.18245],
			"to": [8.5, 2.49173, 11.68245],
			"rotation": {"angle": 0, "axis": "y", "origin": [8, 2.49173, 10.93245]},
			"faces": {
				"north": {"uv": [0.5, 12.5, 1.5, 14.5], "texture": "#0"},
				"east": {"uv": [0, 12.5, 1.5, 14.5], "texture": "#0"},
				"south": {"uv": [0.5, 12.5, 1.5, 14.5], "texture": "#0"},
				"west": {"uv": [0, 12.5, 1.5, 14.5], "texture": "#0"},
				"up": {"uv": [0.5, 13, 1.5, 14.5], "texture": "#0"},
				"down": {"uv": [0.5, 13, 1.5, 14.5], "texture": "#0"}
			}
		},
		{
			"from": [7.5, 0.99173, 9.93245],
			"to": [8.5, 1.99173, 10.18245],
			"rotation": {"angle": 0, "axis": "y", "origin": [8, 2.49173, 10.68245]},
			"faces": {
				"north": {"uv": [0.5, 12.5, 1.5, 13.5], "texture": "#0"},
				"east": {"uv": [1, 13.5, 1.125, 14.5], "texture": "#0"},
				"south": {"uv": [0, 0, 0.5, 0.5], "texture": "#0"},
				"west": {"uv": [0, 13.5, 0.125, 14.5], "texture": "#0"},
				"up": {"uv": [0.5, 12.5, 1.5, 12.625], "rotation": 180, "texture": "#0"},
				"down": {"uv": [0.5, 14, 1.5, 14.125], "texture": "#0"}
			}
		},
		{
			"from": [7.5, 0.99173, 11.68245],
			"to": [8.5, 1.99173, 11.93245],
			"rotation": {"angle": 0, "axis": "y", "origin": [8, 2.49173, 11.93245]},
			"faces": {
				"north": {"uv": [0, 0, 0.5, 0.5], "texture": "#0"},
				"east": {"uv": [0, 13.5, 0.125, 14.5], "texture": "#0"},
				"south": {"uv": [0.5, 12.5, 1.5, 13.5], "texture": "#0"},
				"west": {"uv": [1, 13.5, 1.125, 14.5], "texture": "#0"},
				"up": {"uv": [0.5, 12.5, 1.5, 12.625], "texture": "#0"},
				"down": {"uv": [0.5, 14, 1.5, 14.125], "texture": "#0"}
			}
		},
		{
			"from": [7.75, 1.84111, 11.43891],
			"to": [8.25, 2.59111, 12.18891],
			"rotation": {"angle": -22.5, "axis": "x", "origin": [8, 2.27861, 12.43891]},
			"faces": {
				"north": {"uv": [0, 0, 0.25, 0.375], "texture": "#0"},
				"east": {"uv": [1, 13.5, 1.375, 13.875], "texture": "#0"},
				"south": {"uv": [1, 13.5, 1.25, 13.875], "texture": "#0"},
				"west": {"uv": [1, 13.5, 1.375, 13.875], "texture": "#0"},
				"up": {"uv": [1, 13.5, 1.25, 13.875], "texture": "#0"},
				"down": {"uv": [1, 13.5, 1.25, 13.875], "texture": "#0"}
			}
		},
		{
			"from": [7.75, 0.53136, 11.74007],
			"to": [8.25, 1.28136, 12.49007],
			"rotation": {"angle": 22.5, "axis": "x", "origin": [8, 1.53136, 12.24007]},
			"faces": {
				"north": {"uv": [0, 0, 0.25, 0.375], "texture": "#0"},
				"east": {"uv": [1, 14, 1.375, 14.375], "texture": "#0"},
				"south": {"uv": [1, 14, 1.25, 14.375], "texture": "#0"},
				"west": {"uv": [1, 14, 1.375, 14.375], "texture": "#0"},
				"up": {"uv": [1, 14, 1.25, 14.375], "texture": "#0"},
				"down": {"uv": [1, 14, 1.25, 14.375], "texture": "#0"}
			}
		},
		{
			"from": [7.75, 1.84111, 12.18891],
			"to": [8.25, 2.59111, 13.18891],
			"rotation": {"angle": -22.5, "axis": "x", "origin": [8, 2.27861, 12.43891]},
			"faces": {
				"north": {"uv": [0, 0, 0.25, 0.25], "texture": "#0"},
				"east": {"uv": [0.5, 13, 1.5, 13.25], "texture": "#0"},
				"south": {"uv": [1, 12.5, 1.25, 12.75], "texture": "#0"},
				"west": {"uv": [0.5, 13, 1.5, 13.25], "rotation": 180, "texture": "#0"},
				"up": {"uv": [1, 12.5, 1.25, 13.5], "rotation": 180, "texture": "#0"},
				"down": {"uv": [1, 12.5, 1.25, 13.5], "texture": "#0"}
			}
		},
		{
			"from": [7.75, 2.09111, 13.18891],
			"to": [8.25, 2.59111, 13.68891],
			"rotation": {"angle": -22.5, "axis": "x", "origin": [8, 2.27861, 12.43891]},
			"faces": {
				"north": {"uv": [0, 0, 0.25, 0.25], "texture": "#0"},
				"east": {"uv": [0.5, 12.5, 1, 12.75], "texture": "#0"},
				"south": {"uv": [0.5, 12.5, 0.75, 12.75], "texture": "#0"},
				"west": {"uv": [0.5, 12.5, 1, 12.75], "rotation": 180, "texture": "#0"},
				"up": {"uv": [0.5, 12.5, 0.75, 13], "rotation": 180, "texture": "#0"},
				"down": {"uv": [0.5, 12.5, 0.75, 13], "texture": "#0"}
			}
		},
		{
			"from": [7.75, 0.01442, 13.08887],
			"to": [8.25, 0.51442, 13.58887],
			"rotation": {"angle": 22.5, "axis": "x", "origin": [8, 0.26442, 13.33887]},
			"faces": {
				"north": {"uv": [0, 0, 0.25, 0.25], "texture": "#0"},
				"east": {"uv": [0.5, 13, 1, 13.25], "texture": "#0"},
				"south": {"uv": [1, 12.5, 1.25, 12.75], "texture": "#0"},
				"west": {"uv": [0.5, 13, 1, 13.25], "rotation": 180, "texture": "#0"},
				"up": {"uv": [1, 12.5, 1.25, 13], "rotation": 180, "texture": "#0"},
				"down": {"uv": [1, 12.5, 1.25, 13], "texture": "#0"}
			}
		},
		{
			"from": [7.75, 0.53136, 12.49007],
			"to": [8.25, 1.28136, 13.49007],
			"rotation": {"angle": 22.5, "axis": "x", "origin": [8, 1.53136, 12.24007]},
			"faces": {
				"north": {"uv": [0, 0, 0.25, 0.25], "texture": "#0"},
				"east": {"uv": [0.5, 13.5, 1.5, 13.75], "texture": "#0"},
				"south": {"uv": [0.5, 13.5, 0.75, 13.75], "texture": "#0"},
				"west": {"uv": [0.5, 13.5, 1.5, 13.75], "rotation": 180, "texture": "#0"},
				"up": {"uv": [0.5, 13.5, 0.75, 14.5], "rotation": 180, "texture": "#0"},
				"down": {"uv": [0.5, 13.5, 0.75, 14.5], "texture": "#0"}
			}
		},
		{
			"from": [7.5, 6.46851, 10.84306],
			"to": [8.5, 7.21851, 13.34306],
			"rotation": {"angle": -22.5, "axis": "x", "origin": [8, 9.21851, 12.84306]},
			"faces": {
				"north": {"uv": [3, 4, 3.5, 4.375], "texture": "#0"},
				"east": {"uv": [3, 3.75, 4, 4.125], "texture": "#0"},
				"south": {"uv": [3, 3.75, 3.5, 4.125], "texture": "#0"},
				"west": {"uv": [3, 4.375, 4, 4.75], "rotation": 180, "texture": "#0"},
				"up": {"uv": [0, 0, 0.5, 1.25], "texture": "#0"},
				"down": {"uv": [4, 3.5, 4.5, 4.5], "texture": "#0"}
			}
		},
		{
			"from": [7.35, 10.1, 10.25],
			"to": [8.65, 11.5, 11.5],
			"rotation": {"angle": 0, "axis": "y", "origin": [15, 17, 18]},
			"faces": {
				"north": {"uv": [3.5, 2, 4.15, 2.7], "rotation": 180, "texture": "#0"},
				"east": {"uv": [3.5, 2, 4.125, 2.7], "rotation": 180, "texture": "#0"},
				"south": {"uv": [0, 0, 0.65, 0.7], "texture": "#0"},
				"west": {"uv": [3.5, 2, 4.125, 2.7], "rotation": 180, "texture": "#0"},
				"up": {"uv": [0, 0, 0.65, 0.625], "texture": "#0"},
				"down": {"uv": [3.5, 2.5, 4.15, 2.625], "texture": "#0"}
			}
		},
		{
			"from": [7.25, 12.5, 7],
			"to": [8.75, 13.5, 10.5],
			"rotation": {"angle": 0, "axis": "y", "origin": [15, 18.5, 16]},
			"faces": {
				"north": {"uv": [0, 0, 0.75, 0.5], "texture": "#0"},
				"east": {"uv": [5.5, 0, 7.25, 1], "texture": "#0"},
				"south": {"uv": [0, 0, 0.75, 0.5], "texture": "#0"},
				"west": {"uv": [5.5, 0.5, 7.25, 1.5], "rotation": 180, "texture": "#0"},
				"up": {"uv": [0, 0, 0.75, 1.75], "texture": "#0"},
				"down": {"uv": [0, 0, 0.75, 1.75], "texture": "#0"}
			}
		},
		{
			"from": [7.25, 12, 6],
			"to": [8.75, 13, 7],
			"rotation": {"angle": 0, "axis": "y", "origin": [15, 18.5, 15]},
			"faces": {
				"north": {"uv": [0, 0, 0.75, 0.5], "texture": "#0"},
				"east": {"uv": [7.5, 0, 8.5, 1], "rotation": 90, "texture": "#0"},
				"south": {"uv": [0, 0, 0.75, 0.5], "texture": "#0"},
				"west": {"uv": [8.5, 0, 9.5, 1], "texture": "#0"},
				"up": {"uv": [0, 0, 0.75, 0.5], "texture": "#0"},
				"down": {"uv": [0, 0, 0.75, 0.5], "texture": "#0"}
			}
		},
		{
			"from": [7.25, 12, 5.5],
			"to": [8.75, 12.5, 6],
			"rotation": {"angle": 0, "axis": "y", "origin": [15, 18.5, 14]},
			"faces": {
				"north": {"uv": [0, 0, 0.75, 0.5], "texture": "#0"},
				"east": {"uv": [8.5, 0.5, 9, 1], "rotation": 90, "texture": "#0"},
				"south": {"uv": [0, 0, 0.75, 0.5], "texture": "#0"},
				"west": {"uv": [8.5, 0.5, 9, 1], "texture": "#0"},
				"up": {"uv": [0, 0, 0.75, 0.5], "texture": "#0"},
				"down": {"uv": [0, 0, 0.75, 0.5], "texture": "#0"}
			}
		},
		{
			"from": [7.75, 9.5, 7],
			"to": [8.25, 10, 9.5],
			"rotation": {"angle": 0, "axis": "y", "origin": [15, 16, 15]},
			"faces": {
				"north": {"uv": [0, 0, 0.25, 0.25], "texture": "#0"},
				"east": {"uv": [0, 7.5, 1.25, 7.75], "rotation": 180, "texture": "#0"},
				"south": {"uv": [1, 7.5, 1.25, 7.75], "texture": "#0"},
				"west": {"uv": [0, 7.5, 1.25, 7.75], "texture": "#0"},
				"up": {"uv": [0, 7.5, 1.25, 7.75], "rotation": 90, "texture": "#0"},
				"down": {"uv": [0, 7.5, 1.25, 7.75], "rotation": 270, "texture": "#0"}
			}
		},
		{
			"from": [7.75, 9.65, 9.5],
			"to": [8.25, 10.15, 11.5],
			"rotation": {"angle": 0, "axis": "y", "origin": [15, 16, 15.5]},
			"faces": {
				"north": {"uv": [2.5, 7.5, 2.75, 7.75], "texture": "#0"},
				"east": {"uv": [1.75, 7.5, 2.75, 7.75], "texture": "#0"},
				"south": {"uv": [0, 0, 0.25, 0.25], "texture": "#0"},
				"west": {"uv": [1.75, 7.5, 2.75, 7.75], "rotation": 180, "texture": "#0"},
				"up": {"uv": [1.75, 7.5, 2.75, 8], "rotation": 270, "texture": "#0"},
				"down": {"uv": [2.5, 7.5, 2.75, 8], "texture": "#0"}
			}
		},
		{
			"from": [7.5, 10, 7],
			"to": [8.5, 11, 7.5],
			"rotation": {"angle": 0, "axis": "y", "origin": [15, 17.5, 15]},
			"faces": {
				"north": {"uv": [0, 0, 0.5, 0.5], "texture": "#0"},
				"east": {"uv": [0, 7, 0.25, 7.5], "texture": "#0"},
				"south": {"uv": [0, 7, 0.5, 7.5], "texture": "#0"},
				"west": {"uv": [0, 7, 0.25, 7.5], "texture": "#0"},
				"up": {"uv": [0, 0, 0.5, 0.25], "texture": "#0"},
				"down": {"uv": [0, 7.5, 0.5, 7.75], "texture": "#0"}
			}
		},
		{
			"from": [7.25, 11, 7],
			"to": [8.75, 12, 7.5],
			"rotation": {"angle": 0, "axis": "y", "origin": [15, 18.5, 15]},
			"faces": {
				"north": {"uv": [0, 0, 0.75, 0.5], "texture": "#0"},
				"east": {"uv": [0, 6.5, 0.25, 7], "texture": "#0"},
				"south": {"uv": [0, 6.5, 0.25, 7], "texture": "#0"},
				"west": {"uv": [0, 6.5, 0.25, 7], "texture": "#0"},
				"up": {"uv": [0, 0, 0.75, 0.25], "texture": "#0"},
				"down": {"uv": [0, 6.5, 0.25, 6.75], "texture": "#0"}
			}
		},
		{
			"from": [7.75, 10.75, 9.5],
			"to": [8.25, 11.5, 10.5],
			"rotation": {"angle": 0, "axis": "y", "origin": [15, 17.5, 17.5]},
			"faces": {
				"north": {"uv": [0, 0, 0.25, 0.375], "texture": "#0"},
				"east": {"uv": [4.5, 1.5, 5, 1.875], "texture": "#0"},
				"south": {"uv": [0, 0, 0.25, 0.375], "texture": "#0"},
				"west": {"uv": [4.5, 1.5, 5, 1.875], "texture": "#0"},
				"up": {"uv": [0, 0, 0.25, 0.5], "texture": "#0"},
				"down": {"uv": [4.5, 1.5, 4.75, 2], "texture": "#0"}
			}
		},
		{
			"from": [7.75, 10.25, 9],
			"to": [8.25, 11.5, 9.5],
			"rotation": {"angle": 0, "axis": "y", "origin": [15, 17.5, 16.75]},
			"faces": {
				"north": {"uv": [4.5, 1.5, 4.75, 2.125], "texture": "#0"},
				"east": {"uv": [4.5, 1.5, 4.75, 2.125], "texture": "#0"},
				"south": {"uv": [4.5, 1.5, 4.75, 2.125], "texture": "#0"},
				"west": {"uv": [4.5, 1.5, 4.75, 2.125], "texture": "#0"},
				"up": {"uv": [0, 0, 0.25, 0.25], "texture": "#0"},
				"down": {"uv": [4.5, 1.5, 4.75, 1.75], "texture": "#0"}
			}
		},
		{
			"from": [7.5, 8, 4],
			"to": [8.5, 8.5, 7],
			"rotation": {"angle": 0, "axis": "y", "origin": [15, 16, 13]},
			"faces": {
				"north": {"uv": [1, 9.5, 1.5, 9.75], "texture": "#0"},
				"east": {"uv": [2.5, 9.5, 4, 9.75], "texture": "#0"},
				"south": {"uv": [2, 9.5, 2.5, 9.75], "texture": "#0"},
				"west": {"uv": [1, 9.5, 2.5, 10], "texture": "#0"},
				"up": {"uv": [0, 0, 0.5, 1], "texture": "#0"},
				"down": {"uv": [1, 9.5, 2.5, 10], "rotation": 270, "texture": "#0"}
			}
		},
		{
			"from": [7.5, 8.5, 3],
			"to": [8.5, 9, 4],
			"rotation": {"angle": 0, "axis": "y", "origin": [15, 17, 11]},
			"faces": {
				"north": {"uv": [0.5, 9.5, 1, 9.75], "texture": "#0"},
				"east": {"uv": [4, 9.5, 4.5, 9.75], "texture": "#0"},
				"south": {"uv": [0, 0, 0.5, 0.25], "texture": "#0"},
				"west": {"uv": [0.5, 9.5, 1, 9.75], "texture": "#0"},
				"up": {"uv": [0, 0, 0.5, 0.5], "texture": "#0"},
				"down": {"uv": [0.5, 9.5, 1, 10], "texture": "#0"}
			}
		},
		{
			"from": [7.5, 9, 2.5],
			"to": [8.5, 9.5, 3],
			"rotation": {"angle": 0, "axis": "y", "origin": [15, 17.5, 10.5]},
			"faces": {
				"north": {"uv": [0, 8.5, 0.5, 8.75], "texture": "#0"},
				"east": {"uv": [4.5, 8.5, 4.75, 8.75], "texture": "#0"},
				"south": {"uv": [0, 0, 0.5, 0.25], "texture": "#0"},
				"west": {"uv": [0, 8.5, 0.25, 8.75], "texture": "#0"},
				"up": {"uv": [0, 0, 0.5, 0.25], "texture": "#0"},
				"down": {"uv": [0, 8.5, 0.5, 8.75], "texture": "#0"}
			}
		},
		{
			"from": [7.5, 11, 2.5],
			"to": [8.5, 12, 5],
			"rotation": {"angle": 0, "axis": "y", "origin": [15, 19.5, 10.5]},
			"faces": {
				"north": {"uv": [0, 4.5, 2, 6.5], "texture": "#0"},
				"east": {"uv": [0, 4, 1.25, 4.5], "rotation": 180, "texture": "#0"},
				"south": {"uv": [0, 0, 0.5, 0.5], "texture": "#0"},
				"west": {"uv": [0, 4, 1.25, 4.5], "texture": "#0"},
				"up": {"uv": [0, 4, 0.5, 4.25], "texture": "#0"},
				"down": {"uv": [0, 4, 0.5, 4.25], "texture": "#0"}
			}
		},
		{
			"from": [7.25, 13.5, 2.5],
			"to": [8.75, 15, 4],
			"rotation": {"angle": 0, "axis": "y", "origin": [15, 22.5, 10.75]},
			"faces": {
				"north": {"uv": [2, 3, 2.75, 3.75], "texture": "#0"},
				"east": {"uv": [2, 2, 2.75, 2.75], "rotation": 180, "texture": "#0"},
				"south": {"uv": [0, 0, 0.75, 0.75], "texture": "#0"},
				"west": {"uv": [2, 2, 2.75, 2.75], "texture": "#0"},
				"up": {"uv": [2, 2, 2.75, 2.75], "rotation": 90, "texture": "#0"},
				"down": {"uv": [2, 3, 2.75, 3.75], "texture": "#0"}
			}
		},
		{
			"from": [7.5, 13.75, 2],
			"to": [8.5, 14.75, 2.5],
			"rotation": {"angle": 0, "axis": "y", "origin": [15, 22.5, 10.25]},
			"faces": {
				"north": {"uv": [1.5, 3.5, 2, 4], "texture": "#0"},
				"east": {"uv": [3, 2, 3.25, 2.5], "texture": "#0"},
				"south": {"uv": [0, 0, 0.5, 0.5], "texture": "#0"},
				"west": {"uv": [3, 2, 3.25, 2.5], "texture": "#0"},
				"up": {"uv": [3, 2, 3.5, 2.25], "texture": "#0"},
				"down": {"uv": [3, 2, 3.5, 2.25], "texture": "#0"}
			}
		},
		{
			"from": [7.5, 15, 4],
			"to": [8.5, 15.5, 5],
			"rotation": {"angle": 0, "axis": "y", "origin": [15, 23.5, 12.75]},
			"faces": {
				"north": {"uv": [0, 0, 0.5, 0.25], "texture": "#0"},
				"east": {"uv": [4.5, 5, 5, 5.25], "texture": "#0"},
				"south": {"uv": [4.5, 5, 5, 5.25], "texture": "#0"},
				"west": {"uv": [4.5, 5, 5, 5.25], "texture": "#0"},
				"up": {"uv": [4.5, 5, 5, 5.5], "texture": "#0"},
				"down": {"uv": [0, 0, 0.5, 0.5], "texture": "#0"}
			}
		},
		{
			"from": [7.5, 15, 3],
			"to": [8.5, 15.75, 4],
			"rotation": {"angle": 0, "axis": "y", "origin": [15, 23.5, 12.75]},
			"faces": {
				"north": {"uv": [5, 5, 5.5, 5.375], "texture": "#0"},
				"east": {"uv": [5, 5, 5.5, 5.375], "texture": "#0"},
				"south": {"uv": [5, 5, 5.5, 5.375], "texture": "#0"},
				"west": {"uv": [5, 5, 5.5, 5.375], "texture": "#0"},
				"up": {"uv": [5, 5, 5.5, 5.5], "texture": "#0"},
				"down": {"uv": [0, 0, 0.5, 0.5], "texture": "#0"}
			}
		},
		{
			"from": [7.25, 14.25, 9],
			"to": [8.75, 14.75, 12],
			"rotation": {"angle": 0, "axis": "y", "origin": [15, 22.75, 19]},
			"faces": {
				"north": {"uv": [0, 0, 0.75, 0.25], "texture": "#0"},
				"east": {"uv": [4.5, 3, 6, 3.25], "rotation": 180, "texture": "#0"},
				"south": {"uv": [5.5, 3, 5.75, 3.25], "texture": "#0"},
				"west": {"uv": [4.5, 3, 6, 3.25], "texture": "#0"},
				"up": {"uv": [4.5, 3, 6, 3.5], "rotation": 90, "texture": "#0"},
				"down": {"uv": [0, 0, 0.75, 1.5], "texture": "#0"}
			}
		},
		{
			"from": [7.5, 14.75, 9],
			"to": [8.5, 15.25, 13],
			"rotation": {"angle": 0, "axis": "y", "origin": [15, 23.25, 19]},
			"faces": {
				"north": {"uv": [0, 0, 0.5, 0.25], "texture": "#0"},
				"east": {"uv": [3.5, 5, 5.5, 5.25], "rotation": 180, "texture": "#0"},
				"south": {"uv": [5, 5, 5.5, 5.25], "texture": "#0"},
				"west": {"uv": [3.5, 5, 5.5, 5.25], "texture": "#0"},
				"up": {"uv": [3.5, 5, 5.5, 5.5], "rotation": 90, "texture": "#0"},
				"down": {"uv": [0, 0, 0.5, 2], "texture": "#0"}
			}
		},
		{
			"from": [7.5, 14.25, 12],
			"to": [8.5, 14.75, 13],
			"rotation": {"angle": 0, "axis": "y", "origin": [15, 22.75, 19]},
			"faces": {
				"north": {"uv": [0, 0, 0.5, 0.25], "texture": "#0"},
				"east": {"uv": [5, 5, 5.5, 5.25], "texture": "#0"},
				"south": {"uv": [5, 5, 5.5, 5.25], "texture": "#0"},
				"west": {"uv": [5, 5, 5.5, 5.5], "texture": "#0"},
				"up": {"uv": [0, 0, 0.5, 1], "texture": "#0"},
				"down": {"uv": [0, 0, 0.5, 1], "texture": "#0"}
			}
		},
		{
			"from": [7.5, 15.25, 11],
			"to": [8.5, 15.75, 12],
			"rotation": {"angle": 0, "axis": "y", "origin": [15, 23.75, 19.25]},
			"faces": {
				"north": {"uv": [5, 5, 5.5, 5.25], "texture": "#0"},
				"east": {"uv": [5, 5, 5.5, 5.25], "texture": "#0"},
				"south": {"uv": [5, 5, 5.5, 5.25], "texture": "#0"},
				"west": {"uv": [5, 5, 5.5, 5.25], "texture": "#0"},
				"up": {"uv": [5, 5, 5.5, 5.5], "texture": "#0"},
				"down": {"uv": [0, 0, 0.5, 0.5], "texture": "#0"}
			}
		},
		{
			"from": [7.5, 15.25, 9],
			"to": [8.5, 15.5, 11],
			"rotation": {"angle": 0, "axis": "y", "origin": [15, 23.75, 18.25]},
			"faces": {
				"north": {"uv": [4, 5, 4.5, 5.125], "texture": "#0"},
				"east": {"uv": [4, 5, 5, 5.125], "rotation": 180, "texture": "#0"},
				"south": {"uv": [0, 0, 0.5, 0.125], "texture": "#0"},
				"west": {"uv": [4, 5, 5, 5.125], "texture": "#0"},
				"up": {"uv": [4, 5, 5, 5.5], "rotation": 90, "texture": "#0"},
				"down": {"uv": [0, 0, 0.5, 1], "texture": "#0"}
			}
		},
		{
			"from": [7.75, 15.25, 5],
			"to": [8.25, 15.4, 9],
			"rotation": {"angle": 0, "axis": "y", "origin": [15, 23.75, 16.25]},
			"faces": {
				"north": {"uv": [0, 0, 0.25, 0.075], "texture": "#0"},
				"east": {"uv": [3.5, 5.5, 5.5, 5.575], "rotation": 180, "texture": "#0"},
				"south": {"uv": [0, 0, 0.25, 0.075], "texture": "#0"},
				"west": {"uv": [3.5, 5.5, 5.5, 5.575], "texture": "#0"},
				"up": {"uv": [3.5, 5.5, 5.5, 6], "rotation": 90, "texture": "#0"},
				"down": {"uv": [0, 0, 0.25, 2], "texture": "#0"}
			}
		},
		{
			"from": [7.25, 13.25, 12],
			"to": [8.75, 14.25, 13],
			"rotation": {"angle": 0, "axis": "y", "origin": [15, 21.75, 19.5]},
			"faces": {
				"north": {"uv": [0, 0, 0.75, 0.5], "texture": "#0"},
				"east": {"uv": [4.5, 2.5, 4.75, 3], "rotation": 180, "texture": "#0"},
				"south": {"uv": [4.5, 2.5, 4.75, 3], "texture": "#0"},
				"west": {"uv": [4.5, 2.5, 4.75, 3], "texture": "#0"},
				"up": {"uv": [4.5, 2.5, 4.75, 2.75], "texture": "#0"},
				"down": {"uv": [4.5, 2.5, 4.75, 2.75], "texture": "#0"}
			}
		},
		{
			"from": [7.5, 13.25, 13],
			"to": [8.5, 14.25, 13.5],
			"rotation": {"angle": 0, "axis": "y", "origin": [15, 21.75, 20]},
			"faces": {
				"north": {"uv": [0, 0, 0.75, 0.5], "texture": "#0"},
				"east": {"uv": [4.5, 3.5, 4.75, 4], "rotation": 180, "texture": "#0"},
				"south": {"uv": [4.5, 3.5, 4.75, 4], "texture": "#0"},
				"west": {"uv": [4.5, 3.5, 4.75, 4], "texture": "#0"},
				"up": {"uv": [4.5, 3.5, 4.75, 3.75], "texture": "#0"},
				"down": {"uv": [4.5, 3.5, 4.75, 3.75], "texture": "#0"}
			}
		},
		{
			"from": [7.5, 12.75, 12.5],
			"to": [8.5, 13.25, 13],
			"rotation": {"angle": 0, "axis": "y", "origin": [15, 20.75, 19.5]},
			"faces": {
				"north": {"uv": [0, 0, 0.75, 0.5], "texture": "#0"},
				"east": {"uv": [4.5, 3.5, 4.75, 4], "rotation": 180, "texture": "#0"},
				"south": {"uv": [4.5, 3.5, 4.75, 4], "texture": "#0"},
				"west": {"uv": [4.5, 3.5, 4.75, 4], "texture": "#0"},
				"up": {"uv": [4.5, 3.5, 4.75, 3.75], "texture": "#0"},
				"down": {"uv": [4.5, 3.5, 4.75, 3.75], "texture": "#0"}
			}
		},
		{
			"from": [7.25, 15.25, 3.25],
			"to": [7.5, 16.75, 3.75],
			"rotation": {"angle": 45, "axis": "x", "origin": [7.25, 15.5, 3.5]},
			"faces": {
				"north": {"uv": [5, 0, 5.125, 0.75], "texture": "#0"},
				"east": {"uv": [5, 0, 5.25, 0.75], "texture": "#0"},
				"south": {"uv": [5, 0, 5.125, 0.75], "texture": "#0"},
				"west": {"uv": [5, 0, 5.25, 0.75], "texture": "#0"},
				"up": {"uv": [5, 0, 5.125, 0.25], "texture": "#0"},
				"down": {"uv": [5, 0.5, 5.125, 0.75], "texture": "#0"}
			}
		},
		{
			"from": [8.5, 15.25, 3.25],
			"to": [8.75, 16.75, 3.75],
			"rotation": {"angle": 45, "axis": "x", "origin": [8.75, 15.5, 3.5]},
			"faces": {
				"north": {"uv": [5, 0, 5.125, 0.75], "texture": "#0"},
				"east": {"uv": [5, 0, 5.25, 0.75], "texture": "#0"},
				"south": {"uv": [5, 0, 5.125, 0.75], "texture": "#0"},
				"west": {"uv": [5, 0, 5.25, 0.75], "texture": "#0"},
				"up": {"uv": [5, 0, 5.125, 0.25], "texture": "#0"},
				"down": {"uv": [5, 0.5, 5.125, 0.75], "texture": "#0"}
			}
		},
		{
			"from": [7.5, 12.5, 2.75],
			"to": [8.5, 13.5, 3],
			"rotation": {"angle": 0, "axis": "y", "origin": [15, 21.25, 10.75]},
			"faces": {
				"north": {"uv": [2.5, 2, 3, 2.5], "texture": "#0"},
				"east": {"uv": [2.5, 2, 2.625, 2.5], "texture": "#0"},
				"south": {"uv": [0, 0, 0.5, 0.5], "texture": "#0"},
				"west": {"uv": [2.5, 2, 2.625, 2.5], "texture": "#0"},
				"up": {"uv": [0, 0, 0.5, 0.125], "texture": "#0"},
				"down": {"uv": [2.5, 2, 3, 2.125], "texture": "#0"}
			}
		},
		{
			"from": [7, 12.5, 3],
			"to": [9, 13.5, 6],
			"rotation": {"angle": 0, "axis": "y", "origin": [15, 21, 10.5]},
			"faces": {
				"north": {"uv": [0, 1, 0.5, 1.5], "texture": "#0"},
				"east": {"uv": [0, 1, 1.5, 1.5], "rotation": 180, "texture": "#0"},
				"south": {"uv": [1, 1, 1.5, 1.5], "texture": "#0"},
				"west": {"uv": [0, 1, 1.5, 1.5], "texture": "#0"},
				"up": {"uv": [0, 1, 0.5, 1.5], "texture": "#0"},
				"down": {"uv": [1, 1, 1.5, 1.5], "texture": "#0"}
			}
		},
		{
			"from": [7, 13.5, 3.5],
			"to": [9, 14.5, 7],
			"rotation": {"angle": 0, "axis": "y", "origin": [15, 22, 11.5]},
			"faces": {
				"north": {"uv": [0, 0.5, 0.5, 1], "texture": "#0"},
				"east": {"uv": [0.25, 0.5, 2, 1], "rotation": 180, "texture": "#0"},
				"south": {"uv": [0, 0, 1, 0.5], "texture": "#0"},
				"west": {"uv": [0.25, 0.5, 2, 1], "texture": "#0"},
				"up": {"uv": [0, 0.5, 0.5, 0.75], "texture": "#0"},
				"down": {"uv": [0, 0, 1, 2.75], "texture": "#0"}
			}
		},
		{
			"from": [7, 13.5, 7],
			"to": [9, 14.5, 9],
			"rotation": {"angle": 0, "axis": "y", "origin": [15, 22, 13.5]},
			"faces": {
				"north": {"uv": [0, 0, 1, 0.5], "texture": "#0"},
				"east": {"uv": [1, 2, 2, 3], "rotation": 180, "texture": "#0"},
				"south": {"uv": [2.5, 0.5, 3, 1], "texture": "#0"},
				"west": {"uv": [0, 2, 1, 3], "texture": "#0"},
				"up": {"uv": [0, 0, 1, 2.75], "texture": "#0"},
				"down": {"uv": [0, 2.5, 1, 2.75], "rotation": 270, "texture": "#0"}
			}
		},
		{
			"from": [7, 13.5, 9],
			"to": [9, 14.25, 12],
			"rotation": {"angle": 0, "axis": "y", "origin": [15, 22, 14.5]},
			"faces": {
				"north": {"uv": [0, 0, 1, 0.375], "texture": "#0"},
				"east": {"uv": [3, 0.5, 4.5, 0.875], "rotation": 180, "texture": "#0"},
				"south": {"uv": [4, 0.5, 4.5, 0.875], "texture": "#0"},
				"west": {"uv": [3, 0.5, 4.5, 0.875], "texture": "#0"},
				"up": {"uv": [3, 0.5, 4.5, 1], "rotation": 90, "texture": "#0"},
				"down": {"uv": [3, 0.5, 4.5, 1], "rotation": 90, "texture": "#0"}
			}
		},
		{
			"from": [7, 11.75, 10.5],
			"to": [7.25, 12.75, 12.5],
			"rotation": {"angle": 0, "axis": "y", "origin": [15, 20.25, 12.75]},
			"faces": {
				"north": {"uv": [3.5, 1.5, 3.625, 2], "texture": "#0"},
				"east": {"uv": [0, 0, 1, 0.5], "texture": "#0"},
				"south": {"uv": [4, 1.5, 4.125, 2], "texture": "#0"},
				"west": {"uv": [3.5, 1.5, 4.5, 2], "texture": "#0"},
				"up": {"uv": [4, 1, 4.125, 2], "texture": "#0"},
				"down": {"uv": [3.5, 1, 3.625, 2], "texture": "#0"}
			}
		},
		{
			"from": [8.75, 11.75, 10.5],
			"to": [9, 12.75, 12.5],
			"rotation": {"angle": 0, "axis": "y", "origin": [16.75, 20.25, 12.75]},
			"faces": {
				"north": {"uv": [3.5, 1.5, 3.625, 2], "texture": "#0"},
				"east": {"uv": [3.5, 1.5, 4.5, 2], "rotation": 180, "texture": "#0"},
				"south": {"uv": [4, 1.5, 4.125, 2], "texture": "#0"},
				"west": {"uv": [0, 0, 1, 0.5], "texture": "#0"},
				"up": {"uv": [4, 1, 4.125, 2], "texture": "#0"},
				"down": {"uv": [3.5, 1, 3.625, 2], "texture": "#0"}
			}
		},
		{
			"from": [7, 12, 7.5],
			"to": [9, 12.5, 10.5],
			"rotation": {"angle": 0, "axis": "y", "origin": [15, 20.25, 10.25]},
			"faces": {
				"north": {"uv": [0, 0, 1, 0.25], "texture": "#0"},
				"east": {"uv": [2, 1.5, 3.5, 1.75], "texture": "#0"},
				"south": {"uv": [0, 0, 1, 0.25], "texture": "#0"},
				"west": {"uv": [2, 1.5, 3.5, 1.75], "rotation": 180, "texture": "#0"},
				"up": {"uv": [0, 0, 1, 1.25], "texture": "#0"},
				"down": {"uv": [2, 1.5, 3.5, 1.75], "rotation": 90, "texture": "#0"}
			}
		},
		{
			"from": [7.25, 15, 5],
			"to": [8.75, 15.25, 9],
			"rotation": {"angle": 0, "axis": "y", "origin": [15, 23, 12.5]},
			"faces": {
				"north": {"uv": [3, 0, 3.25, 0.125], "texture": "#0"},
				"east": {"uv": [3, 0, 5, 0.125], "rotation": 180, "texture": "#0"},
				"south": {"uv": [4.5, 0, 4.75, 0.125], "texture": "#0"},
				"west": {"uv": [3, 0, 5, 0.125], "texture": "#0"},
				"up": {"uv": [3, 0, 5, 0.5], "rotation": 90, "texture": "#0"},
				"down": {"uv": [0, 0, 0.75, 2], "texture": "#0"}
			}
		},
		{
			"from": [7, 14.5, 4],
			"to": [9, 15, 9],
			"rotation": {"angle": 0, "axis": "y", "origin": [15, 23, 11.5]},
			"faces": {
				"north": {"uv": [0.5, 0, 1, 0.5], "texture": "#0"},
				"east": {"uv": [0.5, 0, 3, 0.25], "rotation": 180, "texture": "#0"},
				"south": {"uv": [2.5, 0, 3, 0.25], "texture": "#0"},
				"west": {"uv": [0.5, 0, 3, 0.25], "texture": "#0"},
				"up": {"uv": [0.5, 0, 3, 0.5], "rotation": 90, "texture": "#0"},
				"down": {"uv": [0, 0, 1, 2.5], "texture": "#0"}
			}
		},
		{
			"from": [7, 12, 3],
			"to": [9, 12.5, 5],
			"rotation": {"angle": 0, "axis": "y", "origin": [15, 20.5, 10.5]},
			"faces": {
				"north": {"uv": [0, 1.5, 0.5, 1.75], "texture": "#0"},
				"east": {"uv": [0, 1.5, 1, 1.75], "rotation": 180, "texture": "#0"},
				"south": {"uv": [0, 0, 1, 0.25], "texture": "#0"},
				"west": {"uv": [0, 1.5, 1, 1.75], "texture": "#0"},
				"up": {"uv": [0, 0, 1, 1], "texture": "#0"},
				"down": {"uv": [0, 1.5, 1, 2], "rotation": 270, "texture": "#0"}
			}
		},
		{
			"from": [7, 13, 6],
			"to": [9, 13.5, 7],
			"rotation": {"angle": 0, "axis": "y", "origin": [15, 21.5, 14.5]},
			"faces": {
				"north": {"uv": [0, 0, 1, 0.25], "texture": "#0"},
				"east": {"uv": [1.5, 1, 2, 1.25], "texture": "#0"},
				"south": {"uv": [1.5, 1, 2, 1.25], "texture": "#0"},
				"west": {"uv": [1.5, 1, 2, 1.25], "texture": "#0"},
				"up": {"uv": [0, 0, 1, 0.5], "texture": "#0"},
				"down": {"uv": [1.5, 1, 2, 1.5], "texture": "#0"}
			}
		},
		{
			"from": [7, 13, 10.5],
			"to": [9, 13.5, 12.5],
			"rotation": {"angle": 0, "axis": "y", "origin": [15, 21.5, 18.5]},
			"faces": {
				"north": {"uv": [3.5, 1, 4, 1.25], "texture": "#0"},
				"east": {"uv": [3.5, 1, 4.5, 1.25], "rotation": 180, "texture": "#0"},
				"south": {"uv": [4, 1, 4.5, 1.25], "texture": "#0"},
				"west": {"uv": [3.5, 1, 4.5, 1.25], "texture": "#0"},
				"up": {"uv": [3.5, 1, 4.5, 1.5], "rotation": 90, "texture": "#0"},
				"down": {"uv": [3.5, 1, 4.5, 1.5], "rotation": 270, "texture": "#0"}
			}
		}
	],
	"display": {
		"thirdperson_righthand": {
			"translation": [0, -2.75, -1],
			"scale": [0.8, 0.8, 0.8]
		},
		"thirdperson_lefthand": {
			"translation": [0, -2.75, -1],
			"scale": [0.8, 0.8, 0.8]
		},
		"firstperson_righthand": {
			"rotation": [23, 8, 0],
			"translation": [1, -1.5, -3.75]
		},
		"firstperson_lefthand": {
			"rotation": [23, 8, 0],
			"translation": [1, -1.5, -3.75]
		},
		"ground": {
			"translation": [0, 5, -0.75]
		},
		"gui": {
			"rotation": [19, 36, 0],
			"translation": [0, -2.25, 0]
		},
		"fixed": {
			"rotation": [0, -90, 0],
			"translation": [0.25, -0.25, -1.25]
		}
	}
}