{
	"credit": "Made with Blockbench",
	"texture_size": [64, 64],
	"textures": {
		"0": "item/etc/halloween_candy2",
		"particle": "item/etc/halloween_candy2"
	},
	"gui_light": "front",
	"elements": [
		{
			"from": [5, 0, 5],
			"to": [11, 1, 10],
			"faces": {
				"north": {"uv": [6, 2.75, 7.5, 3], "texture": "#0"},
				"east": {"uv": [6, 5, 7.25, 5.25], "texture": "#0"},
				"south": {"uv": [6, 3, 7.5, 3.25], "texture": "#0"},
				"west": {"uv": [6.5, 4.75, 7.75, 5], "texture": "#0"},
				"up": {"uv": [1.5, 4.75, 0, 3.5], "texture": "#0"},
				"down": {"uv": [3, 3.5, 1.5, 4.75], "texture": "#0"}
			}
		},
		{
			"from": [4, 1, 5],
			"to": [5, 9, 8],
			"faces": {
				"north": {"uv": [5.25, 5.25, 5.5, 7.5], "texture": "#0"},
				"east": {"uv": [3, 3.5, 3.75, 5.75], "texture": "#0"},
				"south": {"uv": [5.5, 0.75, 5.75, 3], "texture": "#0"},
				"west": {"uv": [3.75, 3.5, 4.5, 5.75], "texture": "#0"},
				"up": {"uv": [7.25, 2.75, 7, 2], "texture": "#0"},
				"down": {"uv": [7, 7, 6.75, 7.75], "texture": "#0"}
			}
		},
		{
			"from": [11, 1, 5],
			"to": [12, 9, 8],
			"faces": {
				"north": {"uv": [5.5, 5.25, 5.75, 7.5], "texture": "#0"},
				"east": {"uv": [4, 0, 4.75, 2.25], "texture": "#0"},
				"south": {"uv": [5.75, 0.75, 6, 3], "texture": "#0"},
				"west": {"uv": [4.5, 2.25, 5.25, 4.5], "texture": "#0"},
				"up": {"uv": [7.25, 7.75, 7, 7], "texture": "#0"},
				"down": {"uv": [7.5, 1, 7.25, 1.75], "texture": "#0"}
			}
		},
		{
			"from": [4, 1, 8],
			"to": [5, 8, 10],
			"faces": {
				"north": {"uv": [1, 6, 1.25, 7.75], "texture": "#0"},
				"east": {"uv": [4.75, 0, 5.25, 1.75], "texture": "#0"},
				"south": {"uv": [1.25, 6, 1.5, 7.75], "texture": "#0"},
				"west": {"uv": [0.5, 4.75, 1, 6.5], "texture": "#0"},
				"up": {"uv": [1.75, 8, 1.5, 7.5], "texture": "#0"},
				"down": {"uv": [2, 7.5, 1.75, 8], "texture": "#0"}
			}
		},
		{
			"from": [11, 1, 8],
			"to": [12, 8, 10],
			"faces": {
				"north": {"uv": [4, 5.75, 4.25, 7.5], "texture": "#0"},
				"east": {"uv": [4.5, 4.5, 5, 6.25], "texture": "#0"},
				"south": {"uv": [4.25, 5.75, 4.5, 7.5], "texture": "#0"},
				"west": {"uv": [0, 4.75, 0.5, 6.5], "texture": "#0"},
				"up": {"uv": [7.75, 1, 7.5, 0.5], "texture": "#0"},
				"down": {"uv": [7.75, 1, 7.5, 1.5], "texture": "#0"}
			}
		},
		{
			"from": [4, 1, 4],
			"to": [12, 9, 5],
			"faces": {
				"north": {"uv": [0, 0, 2, 2.25], "texture": "#0"},
				"east": {"uv": [5.25, 0.75, 5.5, 3], "texture": "#0"},
				"south": {"uv": [2, 0, 4, 2.25], "texture": "#0"},
				"west": {"uv": [5, 5.25, 5.25, 7.5], "texture": "#0"},
				"up": {"uv": [3, 6, 1, 5.75], "texture": "#0"},
				"down": {"uv": [7.75, 5.25, 5.75, 5.5], "texture": "#0"}
			}
		},
		{
			"from": [5, 4, 2],
			"to": [6, 10.35, 2.1],
			"faces": {
				"north": {"uv": [2.25, 6, 2.5, 7.5], "texture": "#0"},
				"east": {"uv": [0.5, 8, 0.5625, 9.5], "texture": "#0"},
				"south": {"uv": [2.5, 6, 2.75, 7.5], "texture": "#0"},
				"west": {"uv": [2.5, 8, 2.5625, 9.5], "texture": "#0"},
				"up": {"uv": [8.75, 6.3125, 8.5, 6.25], "texture": "#0"},
				"down": {"uv": [6.75, 8.5, 6.5, 8.5625], "texture": "#0"}
			}
		},
		{
			"from": [10, 8.7669, 3.62811],
			"to": [11, 10.1669, 3.72811],
			"rotation": {"angle": -22.5, "axis": "x", "origin": [10.5, 9.5669, 3.27811]},
			"faces": {
				"north": {"uv": [2.5, 7.5, 2.25, 8], "rotation": 180, "texture": "#0"},
				"east": {"uv": [8.5, 2.25, 9, 2.3125], "rotation": 270, "texture": "#0"},
				"south": {"uv": [2.25, 8, 2, 7.5], "texture": "#0"},
				"west": {"uv": [8.5, 2.5, 9, 2.5625], "rotation": 90, "texture": "#0"},
				"up": {"uv": [8.5, 5.75, 8.75, 5.8125], "rotation": 180, "texture": "#0"},
				"down": {"uv": [6, 8.5, 6.25, 8.5625], "texture": "#0"}
			}
		},
		{
			"from": [5, 4, 2],
			"to": [6, 4.1, 4],
			"faces": {
				"north": {"uv": [8.5, 6.5, 8.75, 6.5625], "texture": "#0"},
				"east": {"uv": [3.25, 8.5, 3.75, 8.5625], "texture": "#0"},
				"south": {"uv": [8.5, 6.75, 8.75, 6.8125], "texture": "#0"},
				"west": {"uv": [8.5, 3.25, 9, 3.3125], "texture": "#0"},
				"up": {"uv": [3, 8, 2.75, 7.5], "texture": "#0"},
				"down": {"uv": [7.75, 3, 7.5, 3.5], "texture": "#0"}
			}
		},
		{
			"from": [10, 4, 2],
			"to": [11, 10.35, 2.1],
			"faces": {
				"north": {"uv": [2.75, 6, 3, 7.5], "texture": "#0"},
				"east": {"uv": [2.75, 8, 2.8125, 9.5], "texture": "#0"},
				"south": {"uv": [5.75, 6, 6, 7.5], "texture": "#0"},
				"west": {"uv": [3, 8, 3.0625, 9.5], "texture": "#0"},
				"up": {"uv": [8.75, 7.3125, 8.5, 7.25], "texture": "#0"},
				"down": {"uv": [8.75, 7.5, 8.5, 7.5625], "texture": "#0"}
			}
		},
		{
			"from": [10, 4, 2],
			"to": [11, 4.1, 4],
			"faces": {
				"north": {"uv": [8.5, 7, 8.75, 7.0625], "texture": "#0"},
				"east": {"uv": [8.5, 3.5, 9, 3.5625], "texture": "#0"},
				"south": {"uv": [7.25, 8.5, 7.5, 8.5625], "texture": "#0"},
				"west": {"uv": [3.75, 8.5, 4.25, 8.5625], "texture": "#0"},
				"up": {"uv": [7.75, 4, 7.5, 3.5], "texture": "#0"},
				"down": {"uv": [4, 7.5, 3.75, 8], "texture": "#0"}
			}
		},
		{
			"from": [10, 10.25516, 2.07186],
			"to": [11, 10.35516, 3.47186],
			"rotation": {"angle": 0, "axis": "y", "origin": [0, 0.25516, -0.62814]},
			"faces": {
				"north": {"uv": [8.5, 7, 8.75, 7.0625], "texture": "#0"},
				"east": {"uv": [8.5, 3.5, 9, 3.5625], "texture": "#0"},
				"south": {"uv": [7.25, 8.5, 7.5, 8.5625], "texture": "#0"},
				"west": {"uv": [3.75, 8.5, 4.25, 8.5625], "texture": "#0"},
				"up": {"uv": [7.75, 4, 7.5, 3.5], "texture": "#0"},
				"down": {"uv": [4, 7.5, 3.75, 8], "texture": "#0"}
			}
		},
		{
			"from": [5, 10.25516, 2.07186],
			"to": [6, 10.35516, 3.47186],
			"rotation": {"angle": 0, "axis": "y", "origin": [-5, 0.25516, -0.62814]},
			"faces": {
				"north": {"uv": [8.5, 7, 8.75, 7.0625], "texture": "#0"},
				"east": {"uv": [8.5, 3.5, 9, 3.5625], "texture": "#0"},
				"south": {"uv": [7.25, 8.5, 7.5, 8.5625], "texture": "#0"},
				"west": {"uv": [3.75, 8.5, 4.25, 8.5625], "texture": "#0"},
				"up": {"uv": [7.75, 4, 7.5, 3.5], "texture": "#0"},
				"down": {"uv": [4, 7.5, 3.75, 8], "texture": "#0"}
			}
		},
		{
			"from": [5, 8.7669, 3.62811],
			"to": [6, 10.1669, 3.72811],
			"rotation": {"angle": -22.5, "axis": "x", "origin": [5.5, 9.5669, 3.27811]},
			"faces": {
				"north": {"uv": [2.5, 7.5, 2.25, 8], "rotation": 180, "texture": "#0"},
				"east": {"uv": [8.5, 2.25, 9, 2.3125], "rotation": 270, "texture": "#0"},
				"south": {"uv": [2.25, 8, 2, 7.5], "texture": "#0"},
				"west": {"uv": [8.5, 2.5, 9, 2.5625], "rotation": 90, "texture": "#0"},
				"up": {"uv": [8.5, 5.75, 8.75, 5.8125], "rotation": 180, "texture": "#0"},
				"down": {"uv": [6, 8.5, 6.25, 8.5625], "texture": "#0"}
			}
		},
		{
			"from": [4, 2, 10],
			"to": [12, 7, 11],
			"faces": {
				"north": {"uv": [0, 2.25, 2, 3.5], "texture": "#0"},
				"east": {"uv": [3.75, 6.25, 4, 7.5], "texture": "#0"},
				"south": {"uv": [2, 2.25, 4, 3.5], "texture": "#0"},
				"west": {"uv": [4.5, 6.25, 4.75, 7.5], "texture": "#0"},
				"up": {"uv": [7.75, 5.75, 5.75, 5.5], "texture": "#0"},
				"down": {"uv": [7.75, 5.75, 5.75, 6], "texture": "#0"}
			}
		},
		{
			"from": [5, 1, 10],
			"to": [11, 2, 11],
			"faces": {
				"north": {"uv": [6, 3.25, 7.5, 3.5], "texture": "#0"},
				"east": {"uv": [8, 7.5, 8.25, 7.75], "texture": "#0"},
				"south": {"uv": [6, 3.5, 7.5, 3.75], "texture": "#0"},
				"west": {"uv": [0, 8.25, 0.25, 8.5], "texture": "#0"},
				"up": {"uv": [7.5, 4, 6, 3.75], "texture": "#0"},
				"down": {"uv": [7.5, 4, 6, 4.25], "texture": "#0"}
			}
		},
		{
			"from": [11, 5.4, 5.3],
			"to": [12, 10.5, 6.3],
			"rotation": {"angle": -22.5, "axis": "z", "origin": [10.5, 12.93333, 7.8]},
			"faces": {
				"north": {"uv": [4.75, 6.25, 5, 7.5], "texture": "#0"},
				"east": {"uv": [0.75, 6.5, 1, 7.75], "texture": "#0"},
				"south": {"uv": [6.5, 6, 6.75, 7.25], "texture": "#0"},
				"west": {"uv": [3, 6.75, 3.25, 8], "texture": "#0"},
				"up": {"uv": [0.5, 8.5, 0.25, 8.25], "texture": "#0"},
				"down": {"uv": [8.5, 0.5, 8.25, 0.75], "texture": "#0"}
			}
		},
		{
			"from": [9.5, 11, 5.3],
			"to": [13.5, 14.5, 6.3],
			"rotation": {"angle": -22.5, "axis": "z", "origin": [10.5, 12.93333, 7.8]},
			"faces": {
				"north": {"uv": [1, 4.75, 2, 5.625], "texture": "#0"},
				"east": {"uv": [0.5, 7, 0.75, 7.875], "texture": "#0"},
				"south": {"uv": [2, 4.75, 3, 5.625], "texture": "#0"},
				"west": {"uv": [7, 1, 7.25, 1.875], "texture": "#0"},
				"up": {"uv": [7.75, 0.25, 6.75, 0], "texture": "#0"},
				"down": {"uv": [7.75, 0.25, 6.75, 0.5], "texture": "#0"}
			}
		},
		{
			"from": [10.5, 14.5, 5.3],
			"to": [12.5, 15, 6.3],
			"rotation": {"angle": -22.5, "axis": "z", "origin": [10.5, 12.93333, 7.8]},
			"faces": {
				"north": {"uv": [0.75, 8.25, 1.25, 8.375], "texture": "#0"},
				"east": {"uv": [2.25, 8.5, 2.5, 8.625], "texture": "#0"},
				"south": {"uv": [8.25, 0.75, 8.75, 0.875], "texture": "#0"},
				"west": {"uv": [8.5, 3.75, 8.75, 3.875], "texture": "#0"},
				"up": {"uv": [7.75, 5.25, 7.25, 5], "texture": "#0"},
				"down": {"uv": [8, 1.5, 7.5, 1.75], "texture": "#0"}
			}
		},
		{
			"from": [10.5, 10.5, 5.3],
			"to": [12.5, 11, 6.3],
			"rotation": {"angle": -22.5, "axis": "z", "origin": [10.5, 12.93333, 7.8]},
			"faces": {
				"north": {"uv": [8.25, 1, 8.75, 1.125], "texture": "#0"},
				"east": {"uv": [8.5, 4, 8.75, 4.125], "texture": "#0"},
				"south": {"uv": [8.25, 1.25, 8.75, 1.375], "texture": "#0"},
				"west": {"uv": [4.25, 8.5, 4.5, 8.625], "texture": "#0"},
				"up": {"uv": [4.5, 7.75, 4, 7.5], "texture": "#0"},
				"down": {"uv": [8, 4, 7.5, 4.25], "texture": "#0"}
			}
		},
		{
			"from": [13.5, 11.7, 5.3],
			"to": [14, 13.7, 6.3],
			"rotation": {"angle": -22.5, "axis": "z", "origin": [10.5, 12.93333, 7.8]},
			"faces": {
				"north": {"uv": [1.25, 8.25, 1.375, 8.75], "texture": "#0"},
				"east": {"uv": [4.5, 7.5, 4.75, 8], "texture": "#0"},
				"south": {"uv": [8.25, 1.75, 8.375, 2.25], "texture": "#0"},
				"west": {"uv": [4.75, 7.5, 5, 8], "texture": "#0"},
				"up": {"uv": [8.625, 4.5, 8.5, 4.25], "texture": "#0"},
				"down": {"uv": [4.625, 8.5, 4.5, 8.75], "texture": "#0"}
			}
		},
		{
			"from": [9, 11.7, 5.3],
			"to": [9.5, 13.7, 6.3],
			"rotation": {"angle": -22.5, "axis": "z", "origin": [10.5, 12.93333, 7.8]},
			"faces": {
				"north": {"uv": [8.25, 2.25, 8.375, 2.75], "texture": "#0"},
				"east": {"uv": [5, 7.5, 5.25, 8], "texture": "#0"},
				"south": {"uv": [8.25, 2.75, 8.375, 3.25], "texture": "#0"},
				"west": {"uv": [5.25, 7.5, 5.5, 8], "texture": "#0"},
				"up": {"uv": [8.625, 4.75, 8.5, 4.5], "texture": "#0"},
				"down": {"uv": [4.875, 8.5, 4.75, 8.75], "texture": "#0"}
			}
		},
		{
			"from": [5.3, 7.2, 8.9],
			"to": [6.1, 8.2, 9.7],
			"rotation": {"angle": -22.5, "axis": "y", "origin": [5.6, 7.9, 9]},
			"faces": {
				"north": {"uv": [8, 8.25, 8.1875, 8.5], "texture": "#0"},
				"east": {"uv": [0, 8.5, 0.1875, 8.75], "texture": "#0"},
				"south": {"uv": [8.5, 0, 8.6875, 0.25], "texture": "#0"},
				"west": {"uv": [0.25, 8.5, 0.4375, 8.75], "texture": "#0"},
				"up": {"uv": [1.9375, 8.6875, 1.75, 8.5], "texture": "#0"},
				"down": {"uv": [8.6875, 1.75, 8.5, 1.9375], "texture": "#0"}
			}
		},
		{
			"from": [9.9, 6.3, 8.6],
			"to": [10.9, 7.3, 9.6],
			"rotation": {"angle": 0, "axis": "y", "origin": [0, 1, 0]},
			"faces": {
				"north": {"uv": [8.25, 4.25, 8.5, 4.5], "texture": "#0"},
				"east": {"uv": [4.5, 8.25, 4.75, 8.5], "texture": "#0"},
				"south": {"uv": [4.75, 8.25, 5, 8.5], "texture": "#0"},
				"west": {"uv": [5, 8.25, 5.25, 8.5], "texture": "#0"},
				"up": {"uv": [5.5, 8.5, 5.25, 8.25], "texture": "#0"},
				"down": {"uv": [5.75, 8.25, 5.5, 8.5], "texture": "#0"}
			}
		},
		{
			"from": [6, 7, 10],
			"to": [6.7, 7, 11],
			"rotation": {"angle": 0, "axis": "y", "origin": [-3.9, 1.7, 1.4]},
			"faces": {
				"north": {"uv": [0, 0, 0.1875, 0], "texture": "#0"},
				"east": {"uv": [0, 0, 0.25, 0], "texture": "#0"},
				"south": {"uv": [0, 0, 0.1875, 0], "texture": "#0"},
				"west": {"uv": [0, 0, 0.25, 0], "texture": "#0"},
				"up": {"uv": [8.6875, 0.5, 8.5, 0.25], "texture": "#0"},
				"down": {"uv": [8.6875, 0.5, 8.5, 0.75], "texture": "#0"}
			}
		},
		{
			"from": [6, 6, 11],
			"to": [6.7, 7, 11],
			"rotation": {"angle": 0, "axis": "y", "origin": [6.35, 6.5, 11]},
			"faces": {
				"north": {"uv": [0.75, 8.5, 0.9375, 8.75], "texture": "#0"},
				"east": {"uv": [0, 0, 0, 0.25], "texture": "#0"},
				"south": {"uv": [1, 8.5, 1.1875, 8.75], "texture": "#0"},
				"west": {"uv": [0, 0, 0, 0.25], "texture": "#0"},
				"up": {"uv": [0.1875, 0, 0, 0], "texture": "#0"},
				"down": {"uv": [0.1875, 0, 0, 0], "texture": "#0"}
			}
		},
		{
			"from": [6.4, 4.6, 11],
			"to": [7.1, 6, 11],
			"rotation": {"angle": 0, "axis": "y", "origin": [6.75, 5.5, 11]},
			"faces": {
				"north": {"uv": [8, 7, 8.1875, 7.375], "texture": "#0"},
				"east": {"uv": [0, 0, 0, 0.375], "texture": "#0"},
				"south": {"uv": [7.25, 8, 7.4375, 8.375], "texture": "#0"},
				"west": {"uv": [0, 0, 0, 0.375], "texture": "#0"},
				"up": {"uv": [0.1875, 0, 0, 0], "texture": "#0"},
				"down": {"uv": [0.1875, 0, 0, 0], "texture": "#0"}
			}
		},
		{
			"from": [6, 3.5, 11],
			"to": [6.7, 4.6, 11],
			"rotation": {"angle": 0, "axis": "y", "origin": [6.35, 4.1, 11]},
			"faces": {
				"north": {"uv": [1.5, 8.5, 1.6875, 8.75], "texture": "#0"},
				"east": {"uv": [0, 0, 0, 0.25], "texture": "#0"},
				"south": {"uv": [8.5, 1.5, 8.6875, 1.75], "texture": "#0"},
				"west": {"uv": [0, 0, 0, 0.25], "texture": "#0"},
				"up": {"uv": [0.1875, 0, 0, 0], "texture": "#0"},
				"down": {"uv": [0.1875, 0, 0, 0], "texture": "#0"}
			}
		},
		{
			"from": [5.7, 1.5, 11],
			"to": [6.4, 3.5, 11],
			"rotation": {"angle": 0, "axis": "y", "origin": [6.05, 2.1, 11]},
			"faces": {
				"north": {"uv": [8, 5.75, 8.1875, 6.25], "texture": "#0"},
				"east": {"uv": [0, 0, 0, 0.5], "texture": "#0"},
				"south": {"uv": [6, 8, 6.1875, 8.5], "texture": "#0"},
				"west": {"uv": [0, 0, 0, 0.5], "texture": "#0"},
				"up": {"uv": [0.1875, 0, 0, 0], "texture": "#0"},
				"down": {"uv": [0.1875, 0, 0, 0], "texture": "#0"}
			}
		},
		{
			"from": [9, 6.4, 6.4],
			"to": [10, 7.4, 7.4],
			"rotation": {"angle": 0, "axis": "y", "origin": [0, 1, 0]},
			"faces": {
				"north": {"uv": [8.25, 3.25, 8.5, 3.5], "texture": "#0"},
				"east": {"uv": [8.25, 3.5, 8.5, 3.75], "texture": "#0"},
				"south": {"uv": [8.25, 3.75, 8.5, 4], "texture": "#0"},
				"west": {"uv": [4, 8.25, 4.25, 8.5], "texture": "#0"},
				"up": {"uv": [8.5, 4.25, 8.25, 4], "texture": "#0"},
				"down": {"uv": [4.5, 8.25, 4.25, 8.5], "texture": "#0"}
			}
		},
		{
			"from": [7.4, 6.7, 5.5],
			"to": [8.9, 8.4, 6.5],
			"rotation": {"angle": -22.5, "axis": "y", "origin": [7.5, 7.2, 5.6]},
			"faces": {
				"north": {"uv": [7.25, 4.25, 7.625, 4.6875], "texture": "#0"},
				"east": {"uv": [1.25, 7.75, 1.5, 8.1875], "texture": "#0"},
				"south": {"uv": [7.25, 6.75, 7.625, 7.1875], "texture": "#0"},
				"west": {"uv": [7.75, 4.25, 8, 4.6875], "texture": "#0"},
				"up": {"uv": [8.125, 4, 7.75, 3.75], "texture": "#0"},
				"down": {"uv": [8.375, 1.5, 8, 1.75], "texture": "#0"}
			}
		},
		{
			"from": [5, 5.4, 8],
			"to": [7, 7.4, 10],
			"rotation": {"angle": 0, "axis": "y", "origin": [0, 1, 0]},
			"faces": {
				"north": {"uv": [4, 3, 4.5, 3.5], "texture": "#0"},
				"east": {"uv": [4.75, 1.75, 5.25, 2.25], "texture": "#0"},
				"south": {"uv": [3.25, 6.75, 3.75, 7.25], "texture": "#0"},
				"west": {"uv": [6, 6.75, 6.5, 7.25], "texture": "#0"},
				"up": {"uv": [7.25, 6.5, 6.75, 6], "texture": "#0"},
				"down": {"uv": [7.25, 6.5, 6.75, 7], "texture": "#0"}
			}
		},
		{
			"from": [7, 4.7, 5],
			"to": [11, 6.7, 7.9],
			"rotation": {"angle": 0, "axis": "y", "origin": [0, 1, 0]},
			"faces": {
				"north": {"uv": [3, 5.75, 4, 6.25], "texture": "#0"},
				"east": {"uv": [6.25, 1.25, 7, 1.75], "texture": "#0"},
				"south": {"uv": [6, 0.75, 7, 1.25], "texture": "#0"},
				"west": {"uv": [6.25, 1.75, 7, 2.25], "texture": "#0"},
				"up": {"uv": [6, 5.25, 5, 4.5], "texture": "#0"},
				"down": {"uv": [6.25, 0, 5.25, 0.75], "texture": "#0"}
			}
		},
		{
			"from": [8.3, 4.9, 7.9],
			"to": [11, 6.9, 10],
			"rotation": {"angle": 0, "axis": "y", "origin": [0, 1, 0]},
			"faces": {
				"north": {"uv": [6.25, 2.25, 6.9375, 2.75], "texture": "#0"},
				"east": {"uv": [0, 7, 0.5, 7.5], "texture": "#0"},
				"south": {"uv": [3, 6.25, 3.6875, 6.75], "texture": "#0"},
				"west": {"uv": [7, 0.5, 7.5, 1], "texture": "#0"},
				"up": {"uv": [0.6875, 7, 0, 6.5], "texture": "#0"},
				"down": {"uv": [7.1875, 4.25, 6.5, 4.75], "texture": "#0"}
			}
		},
		{
			"from": [7, 4.9, 8.9],
			"to": [8.3, 7.2, 10],
			"rotation": {"angle": 0, "axis": "y", "origin": [0, 1, 0]},
			"faces": {
				"north": {"uv": [7.25, 1.75, 7.5625, 2.3125], "texture": "#0"},
				"east": {"uv": [6.5, 7.25, 6.75, 7.8125], "texture": "#0"},
				"south": {"uv": [3.25, 7.25, 3.5625, 7.8125], "texture": "#0"},
				"west": {"uv": [7.25, 7.25, 7.5, 7.8125], "texture": "#0"},
				"up": {"uv": [6.5625, 8.25, 6.25, 8], "texture": "#0"},
				"down": {"uv": [8.3125, 6.25, 8, 6.5], "texture": "#0"}
			}
		},
		{
			"from": [7, 4.3, 7.8],
			"to": [8.3, 6.6, 8.9],
			"rotation": {"angle": 0, "axis": "y", "origin": [0, 1, 0]},
			"faces": {
				"north": {"uv": [6, 7.25, 6.3125, 7.8125], "texture": "#0"},
				"east": {"uv": [0, 7.5, 0.25, 8.0625], "texture": "#0"},
				"south": {"uv": [7.25, 6, 7.5625, 6.5625], "texture": "#0"},
				"west": {"uv": [0.25, 7.5, 0.5, 8.0625], "texture": "#0"},
				"up": {"uv": [8.3125, 6.75, 8, 6.5], "texture": "#0"},
				"down": {"uv": [8.3125, 6.75, 8, 7], "texture": "#0"}
			}
		},
		{
			"from": [5, 5, 5],
			"to": [7, 8, 8],
			"rotation": {"angle": 0, "axis": "y", "origin": [0, 1, 0]},
			"faces": {
				"north": {"uv": [4, 2.25, 4.5, 3], "texture": "#0"},
				"east": {"uv": [5.25, 3, 6, 3.75], "texture": "#0"},
				"south": {"uv": [6, 4.25, 6.5, 5], "texture": "#0"},
				"west": {"uv": [5.25, 3.75, 6, 4.5], "texture": "#0"},
				"up": {"uv": [6.5, 6.75, 6, 6], "texture": "#0"},
				"down": {"uv": [6.75, 0, 6.25, 0.75], "texture": "#0"}
			}
		},
		{
			"from": [7.9, 7, 8],
			"to": [8.8, 7.5, 8.3],
			"rotation": {"angle": 22.5, "axis": "z", "origin": [8.35, 7.25, 8.15]},
			"faces": {
				"north": {"uv": [8.5, 5.5, 8.75, 5.625], "texture": "#0"},
				"east": {"uv": [2, 8.75, 2.0625, 8.875], "texture": "#0"},
				"south": {"uv": [5.75, 8.5, 6, 8.625], "texture": "#0"},
				"west": {"uv": [8.75, 2, 8.8125, 2.125], "texture": "#0"},
				"up": {"uv": [9, 0.0625, 8.75, 0], "texture": "#0"},
				"down": {"uv": [0.5, 8.75, 0.25, 8.8125], "texture": "#0"}
			}
		},
		{
			"from": [7.9, 7.7, 8],
			"to": [8.8, 8.2, 8.3],
			"rotation": {"angle": -22.5, "axis": "z", "origin": [8.35, 7.95, 8.15]},
			"faces": {
				"north": {"uv": [8.5, 5.25, 8.75, 5.375], "texture": "#0"},
				"east": {"uv": [1.75, 8.75, 1.8125, 8.875], "texture": "#0"},
				"south": {"uv": [5.5, 8.5, 5.75, 8.625], "texture": "#0"},
				"west": {"uv": [8.75, 1.75, 8.8125, 1.875], "texture": "#0"},
				"up": {"uv": [8.75, 8.5625, 8.5, 8.5], "texture": "#0"},
				"down": {"uv": [0.25, 8.75, 0, 8.8125], "texture": "#0"}
			}
		},
		{
			"from": [8.7, 6.9, 7.5],
			"to": [10, 8.3, 8.7],
			"rotation": {"angle": 0, "axis": "y", "origin": [9.35, 7.6, 8.1]},
			"faces": {
				"north": {"uv": [7.75, 0.5, 8.0625, 0.875], "texture": "#0"},
				"east": {"uv": [0.75, 7.75, 1.0625, 8.125], "texture": "#0"},
				"south": {"uv": [7.75, 1, 8.0625, 1.375], "texture": "#0"},
				"west": {"uv": [7.75, 1.75, 8.0625, 2.125], "texture": "#0"},
				"up": {"uv": [8.0625, 8.0625, 7.75, 7.75], "texture": "#0"},
				"down": {"uv": [8.3125, 0, 8, 0.3125], "texture": "#0"}
			}
		},
		{
			"from": [9.9, 7.7, 8],
			"to": [10.8, 8.2, 8.3],
			"rotation": {"angle": 22.5, "axis": "z", "origin": [10.35, 7.95, 8.15]},
			"faces": {
				"north": {"uv": [8.5, 5, 8.75, 5.125], "texture": "#0"},
				"east": {"uv": [1.5, 8.75, 1.5625, 8.875], "texture": "#0"},
				"south": {"uv": [5.25, 8.5, 5.5, 8.625], "texture": "#0"},
				"west": {"uv": [8.75, 1.5, 8.8125, 1.625], "texture": "#0"},
				"up": {"uv": [8.75, 8.0625, 8.5, 8], "texture": "#0"},
				"down": {"uv": [8.75, 8.25, 8.5, 8.3125], "texture": "#0"}
			}
		},
		{
			"from": [9.9, 7, 8],
			"to": [10.8, 7.5, 8.3],
			"rotation": {"angle": -22.5, "axis": "z", "origin": [10.35, 7.25, 8.15]},
			"faces": {
				"north": {"uv": [8.5, 4.75, 8.75, 4.875], "texture": "#0"},
				"east": {"uv": [1.25, 8.75, 1.3125, 8.875], "texture": "#0"},
				"south": {"uv": [5, 8.5, 5.25, 8.625], "texture": "#0"},
				"west": {"uv": [8.75, 1.25, 8.8125, 1.375], "texture": "#0"},
				"up": {"uv": [8.75, 7.8125, 8.5, 7.75], "texture": "#0"},
				"down": {"uv": [8.25, 8.5, 8, 8.5625], "texture": "#0"}
			}
		},
		{
			"from": [5.5, 7.3, 7.5],
			"to": [6.8, 8.7, 8.7],
			"rotation": {"angle": 22.5, "axis": "y", "origin": [6.15, 7.6, 8.14]},
			"faces": {
				"north": {"uv": [7.75, 2.25, 8.0625, 2.625], "texture": "#0"},
				"east": {"uv": [7.75, 2.75, 8.0625, 3.125], "texture": "#0"},
				"south": {"uv": [7.75, 3.25, 8.0625, 3.625], "texture": "#0"},
				"west": {"uv": [4, 7.75, 4.3125, 8.125], "texture": "#0"},
				"up": {"uv": [1.8125, 8.3125, 1.5, 8], "texture": "#0"},
				"down": {"uv": [2.3125, 8, 2, 8.3125], "texture": "#0"}
			}
		},
		{
			"from": [7.4211, 7.3, 5.16146],
			"to": [7.8211, 10.9, 5.66146],
			"rotation": {"angle": 22.5, "axis": "z", "origin": [7.6211, 9.1, 5.41146]},
			"faces": {
				"north": {"uv": [7.75, 4.75, 7.875, 5.625], "texture": "#0"},
				"east": {"uv": [7.75, 5.75, 7.875, 6.625], "texture": "#0"},
				"south": {"uv": [6.75, 7.75, 6.875, 8.625], "texture": "#0"},
				"west": {"uv": [7.75, 6.75, 7.875, 7.625], "texture": "#0"},
				"up": {"uv": [8.875, 0.375, 8.75, 0.25], "texture": "#0"},
				"down": {"uv": [8.875, 0.5, 8.75, 0.625], "texture": "#0"}
			}
		},
		{
			"from": [8.5211, 6.6, 5.16146],
			"to": [8.9211, 10.2, 5.46146],
			"rotation": {"angle": 22.5, "axis": "z", "origin": [8.7211, 8.4, 5.41146]},
			"faces": {
				"north": {"uv": [7, 7.75, 7.125, 8.625], "texture": "#0"},
				"east": {"uv": [7.75, 8.25, 7.8125, 9.125], "texture": "#0"},
				"south": {"uv": [7.5, 7.75, 7.625, 8.625], "texture": "#0"},
				"west": {"uv": [8.25, 7.75, 8.3125, 8.625], "texture": "#0"},
				"up": {"uv": [2.375, 8.8125, 2.25, 8.75], "texture": "#0"},
				"down": {"uv": [3.375, 8.75, 3.25, 8.8125], "texture": "#0"}
			}
		},
		{
			"from": [6.8, 7.2, 9.3],
			"to": [7.6, 7.5, 10.1],
			"rotation": {"angle": 22.5, "axis": "y", "origin": [6.15, 7.6, 8.14]},
			"faces": {
				"north": {"uv": [0.75, 8.75, 0.9375, 8.8125], "texture": "#0"},
				"east": {"uv": [8.75, 0.75, 8.9375, 0.8125], "texture": "#0"},
				"south": {"uv": [1, 8.75, 1.1875, 8.8125], "texture": "#0"},
				"west": {"uv": [8.75, 1, 8.9375, 1.0625], "texture": "#0"},
				"up": {"uv": [2.1875, 8.6875, 2, 8.5], "texture": "#0"},
				"down": {"uv": [8.6875, 2, 8.5, 2.1875], "texture": "#0"}
			}
		},
		{
			"from": [5.64645, 5.75355, 5.5],
			"to": [6.64645, 11.75355, 6.5],
			"rotation": {"angle": 22.5, "axis": "z", "origin": [6.14645, 8.75355, 6]},
			"faces": {
				"north": {"uv": [6, 1.25, 6.25, 2.75], "texture": "#0"},
				"east": {"uv": [1.5, 6, 1.75, 7.5], "texture": "#0"},
				"south": {"uv": [1.75, 6, 2, 7.5], "texture": "#0"},
				"west": {"uv": [2, 6, 2.25, 7.5], "texture": "#0"},
				"up": {"uv": [7, 0.75, 6.75, 0.5], "texture": "#0"},
				"down": {"uv": [7.5, 2.5, 7.25, 2.75], "texture": "#0"}
			}
		},
		{
			"from": [4.18841, 10.38816, 5.5],
			"to": [5.18841, 11.88816, 6.5],
			"rotation": {"angle": 45, "axis": "z", "origin": [3.72089, 11.38059, 6]},
			"faces": {
				"north": {"uv": [3.25, 8, 3.5, 8.375], "texture": "#0"},
				"east": {"uv": [3.5, 8, 3.75, 8.375], "texture": "#0"},
				"south": {"uv": [3.75, 8, 4, 8.375], "texture": "#0"},
				"west": {"uv": [8, 4, 8.25, 4.375], "texture": "#0"},
				"up": {"uv": [6, 8.5, 5.75, 8.25], "texture": "#0"},
				"down": {"uv": [8.5, 5.75, 8.25, 6], "texture": "#0"}
			}
		},
		{
			"from": [2.99968, 11.77719, 5.5],
			"to": [4.39968, 12.77719, 6.5],
			"rotation": {"angle": 0, "axis": "y", "origin": [3.72089, 11.38059, 6]},
			"faces": {
				"north": {"uv": [4.5, 8, 4.875, 8.25], "texture": "#0"},
				"east": {"uv": [8.25, 6, 8.5, 6.25], "texture": "#0"},
				"south": {"uv": [8, 4.5, 8.375, 4.75], "texture": "#0"},
				"west": {"uv": [6.25, 8.25, 6.5, 8.5], "texture": "#0"},
				"up": {"uv": [8.375, 5, 8, 4.75], "texture": "#0"},
				"down": {"uv": [5.375, 8, 5, 8.25], "texture": "#0"}
			}
		},
		{
			"from": [2.79846, 11.87811, 5.5],
			"to": [4.19846, 12.87811, 6.5],
			"rotation": {"angle": 45, "axis": "z", "origin": [3.72089, 11.38059, 6]},
			"faces": {
				"north": {"uv": [8, 5, 8.375, 5.25], "texture": "#0"},
				"east": {"uv": [6.5, 8.25, 6.75, 8.5], "texture": "#0"},
				"south": {"uv": [8, 5.25, 8.375, 5.5], "texture": "#0"},
				"west": {"uv": [8.25, 7, 8.5, 7.25], "texture": "#0"},
				"up": {"uv": [5.875, 8.25, 5.5, 8], "texture": "#0"},
				"down": {"uv": [8.375, 5.5, 8, 5.75], "texture": "#0"}
			}
		},
		{
			"from": [2.00973, 9.88724, 5.5],
			"to": [3.00973, 11.78724, 6.5],
			"rotation": {"angle": 0, "axis": "y", "origin": [3.72089, 11.38059, 6]},
			"faces": {
				"north": {"uv": [5.5, 7.5, 5.75, 8], "texture": "#0"},
				"east": {"uv": [5.75, 7.5, 6, 8], "texture": "#0"},
				"south": {"uv": [7.5, 7.25, 7.75, 7.75], "texture": "#0"},
				"west": {"uv": [7.75, 0, 8, 0.5], "texture": "#0"},
				"up": {"uv": [8.5, 7.5, 8.25, 7.25], "texture": "#0"},
				"down": {"uv": [8.5, 7.5, 8.25, 7.75], "texture": "#0"}
			}
		}
	],
	"display": {
		"thirdperson_righthand": {
			"rotation": [70, 0, 0],
			"translation": [-5.5, -8.25, 12.25]
		},
		"thirdperson_lefthand": {
			"rotation": [70, 0, 0],
			"translation": [-5.5, -8.25, 12.25]
		},
		"firstperson_righthand": {
			"translation": [5, 0, 0]
		},
		"firstperson_lefthand": {
			"translation": [8, 0, 0]
		},
		"ground": {
			"translation": [0, 5.5, 0]
		},
		"head": {
			"rotation": [0, -180, 0],
			"translation": [-0.25, -11.75, -10.75],
			"scale": [1.8, 1.8, 1.8]
		},
		"fixed": {
			"rotation": [-90, -180, 0],
			"translation": [0, -2, -16],
			"scale": [2, 2, 2]
		}
	},
	"groups": [
		{
			"name": "basket",
			"origin": [0, 0, 0],
			"color": 0,
			"children": [0, 1, 2, 3, 4, 5, 6, 7, 8, 9, 10, 11, 12, 13, 14, 15]
		},
		{
			"name": "롤리팝",
			"origin": [10.5, 13, 7.5],
			"color": 0,
			"children": [16, 17, 18, 19, 20, 21]
		},
		{
			"name": "back",
			"origin": [0, 0, 0],
			"color": 0,
			"children": [
				22,
				23,
				24,
				25,
				26,
				27,
				28,
				29,
				30,
				31,
				32,
				33,
				34,
				35,
				36,
				{
					"name": "candy",
					"origin": [6.65, 7.75, 6.85],
					"color": 0,
					"children": [37, 38, 39, 40, 41]
				},
				{
					"name": "candy",
					"origin": [6.65, 7.75, 6.85],
					"color": 0,
					"children": [42, 43, 44, 45]
				}
			]
		},
		{
			"name": "지팡이 사탕",
			"origin": [4.69584, 9.12426, 8.9],
			"color": 0,
			"children": [46, 47, 48, 49, 50]
		}
	]
}