{
	"credit": "Made with Blockbench",
	"texture_size": [32, 32],
	"textures": {
		"0": "item/etc/lucio",
		"particle": "item/etc/lucio"
	},
	"elements": [
		{
			"from": [7.25, 6.25, 2.75],
			"to": [8.75, 7.75, 3],
			"rotation": {"angle": 0, "axis": "y", "origin": [15, 14, 10]},
			"faces": {
				"north": {"uv": [5, 1, 6, 2], "texture": "#0"},
				"east": {"uv": [5, 1, 5.125, 2], "texture": "#0"},
				"south": {"uv": [0, 0, 0.75, 0.75], "texture": "#0"},
				"west": {"uv": [5.5, 1, 5.625, 2], "texture": "#0"},
				"up": {"uv": [5, 1, 6, 1.125], "rotation": 180, "texture": "#0"},
				"down": {"uv": [5, 1.5, 6, 1.625], "rotation": 180, "texture": "#0"}
			}
		},
		{
			"from": [6, 5, 3],
			"to": [10, 9, 3.5],
			"rotation": {"angle": 0, "axis": "y", "origin": [15, 14, 11]},
			"faces": {
				"north": {"uv": [0.5, 0.5, 2.5, 2.5], "texture": "#0"},
				"east": {"uv": [0, 0, 0.25, 2], "texture": "#0"},
				"south": {"uv": [0, 0, 2, 2], "texture": "#0"},
				"west": {"uv": [0, 0, 0.25, 2], "texture": "#0"},
				"up": {"uv": [0, 0, 2, 0.25], "texture": "#0"},
				"down": {"uv": [0, 0, 2, 0.25], "texture": "#0"}
			}
		},
		{
			"from": [5, 5, 3.5],
			"to": [11, 9, 4],
			"rotation": {"angle": 0, "axis": "y", "origin": [15, 14, 12]},
			"faces": {
				"north": {"uv": [0, 0, 3, 2], "texture": "#0"},
				"east": {"uv": [3, 4, 3.25, 6], "texture": "#0"},
				"south": {"uv": [0.5, 4, 3.5, 6], "texture": "#0"},
				"west": {"uv": [0.5, 4, 0.75, 6], "texture": "#0"},
				"up": {"uv": [0.5, 4, 3.5, 4.25], "texture": "#0"},
				"down": {"uv": [0.5, 5.5, 3.5, 5.75], "texture": "#0"}
			}
		},
		{
			"from": [6, 5, 4],
			"to": [10, 9, 5],
			"rotation": {"angle": 0, "axis": "y", "origin": [15, 14, 12.5]},
			"faces": {
				"north": {"uv": [0, 0, 2, 2], "texture": "#0"},
				"east": {"uv": [0, 0, 0.5, 2], "texture": "#0"},
				"south": {"uv": [7.5, 1, 9.5, 3], "texture": "#0"},
				"west": {"uv": [0, 0, 0.5, 2], "texture": "#0"},
				"up": {"uv": [7.5, 0.5, 9.5, 1], "texture": "#0"},
				"down": {"uv": [7.5, 0, 9.5, 0.5], "texture": "#0"}
			}
		},
		{
			"from": [6.5, 5.5, 5],
			"to": [9.5, 8.5, 5.5],
			"rotation": {"angle": 0, "axis": "y", "origin": [15.5, 13.5, 13.5]},
			"faces": {
				"north": {"uv": [0, 0, 1.5, 1.5], "texture": "#0"},
				"east": {"uv": [0.5, 4.5, 0.75, 6], "texture": "#0"},
				"south": {"uv": [0, 0, 1.5, 1.5], "texture": "#0"},
				"west": {"uv": [3, 4.5, 3.25, 6], "texture": "#0"},
				"up": {"uv": [0.5, 3.5, 1, 5], "rotation": 90, "texture": "#0"},
				"down": {"uv": [1.5, 6, 2.5, 6.25], "texture": "#0"}
			}
		},
		{
			"from": [6.5, 7, 6.5],
			"to": [9.5, 8.5, 8.5],
			"rotation": {"angle": 0, "axis": "y", "origin": [15.5, 14, 13.75]},
			"faces": {
				"north": {"uv": [0, 0, 1.5, 0.75], "texture": "#0"},
				"east": {"uv": [12, 14.5, 14, 16], "texture": "#0"},
				"south": {"uv": [9.5, 1.5, 11, 2.25], "texture": "#0"},
				"west": {"uv": [14, 14.5, 16, 16], "texture": "#0"},
				"up": {"uv": [14.5, 0.5, 16, 1.5], "texture": "#0"},
				"down": {"uv": [9, 3.5, 9.5, 4], "texture": "#0"}
			}
		},
		{
			"from": [6, 6, 6],
			"to": [10, 8, 8],
			"rotation": {"angle": 0, "axis": "y", "origin": [16, 13.5, 13.75]},
			"faces": {
				"north": {"uv": [7.5, 3, 8, 4], "texture": "#0"},
				"east": {"uv": [14, 2.5, 16, 4.5], "texture": "#0"},
				"south": {"uv": [7, 3, 7.5, 4], "texture": "#0"},
				"west": {"uv": [14, 2.5, 16, 4.5], "rotation": 90, "texture": "#0"},
				"up": {"uv": [8, 3, 8.5, 4], "texture": "#0"},
				"down": {"uv": [8.5, 3, 9, 4], "texture": "#0"}
			}
		},
		{
			"from": [9.25, 5.5, 6.5],
			"to": [9.75, 6, 8],
			"rotation": {"angle": 0, "axis": "y", "origin": [0, 13, 13.75]},
			"faces": {
				"north": {"uv": [6.25, 5, 6, 5.25], "texture": "#0"},
				"east": {"uv": [4.75, 5, 4, 5.25], "texture": "#0"},
				"south": {"uv": [6.75, 5, 6.5, 5.25], "texture": "#0"},
				"west": {"uv": [4.75, 5, 4, 5.25], "texture": "#0"},
				"up": {"uv": [0.25, 0, 0, 0.75], "texture": "#0"},
				"down": {"uv": [4.25, 5, 4, 5.75], "texture": "#0"}
			}
		},
		{
			"from": [6.25, 5.5, 6.5],
			"to": [6.75, 6, 8],
			"rotation": {"angle": 0, "axis": "y", "origin": [16, 13, 13.75]},
			"faces": {
				"north": {"uv": [6, 5, 6.25, 5.25], "texture": "#0"},
				"east": {"uv": [4, 5, 4.75, 5.25], "texture": "#0"},
				"south": {"uv": [6.5, 5, 6.75, 5.25], "texture": "#0"},
				"west": {"uv": [4, 5, 4.75, 5.25], "texture": "#0"},
				"up": {"uv": [0, 0, 0.25, 0.75], "texture": "#0"},
				"down": {"uv": [4, 5, 4.25, 5.75], "texture": "#0"}
			}
		},
		{
			"from": [6.25, 5.75, 8],
			"to": [6.75, 6.25, 8.5],
			"rotation": {"angle": 0, "axis": "y", "origin": [16, 13, 14.25]},
			"faces": {
				"north": {"uv": [0, 0, 0.25, 0.25], "texture": "#0"},
				"east": {"uv": [15.5, 5, 15.75, 5.25], "texture": "#0"},
				"south": {"uv": [15.5, 5, 15.75, 5.25], "texture": "#0"},
				"west": {"uv": [15.5, 5, 15.75, 5.25], "texture": "#0"},
				"up": {"uv": [15.5, 5, 15.75, 5.25], "texture": "#0"},
				"down": {"uv": [15.5, 5, 15.75, 5.25], "texture": "#0"}
			}
		},
		{
			"from": [9.25, 5.75, 8],
			"to": [9.75, 6.25, 8.5],
			"rotation": {"angle": 0, "axis": "y", "origin": [0, 13, 14.25]},
			"faces": {
				"north": {"uv": [0.25, 0, 0, 0.25], "texture": "#0"},
				"east": {"uv": [15.75, 5, 15.5, 5.25], "texture": "#0"},
				"south": {"uv": [15.75, 5, 15.5, 5.25], "texture": "#0"},
				"west": {"uv": [15.75, 5, 15.5, 5.25], "texture": "#0"},
				"up": {"uv": [15.75, 5, 15.5, 5.25], "texture": "#0"},
				"down": {"uv": [15.75, 5, 15.5, 5.25], "texture": "#0"}
			}
		},
		{
			"from": [6.25, 6, 8.5],
			"to": [6.75, 6.5, 9],
			"rotation": {"angle": 0, "axis": "y", "origin": [16, 13.25, 14.75]},
			"faces": {
				"north": {"uv": [15, 5, 15.25, 5.25], "texture": "#0"},
				"east": {"uv": [15, 5, 15.25, 5.25], "texture": "#0"},
				"south": {"uv": [15, 5, 15.25, 5.25], "texture": "#0"},
				"west": {"uv": [15, 5, 15.25, 5.25], "texture": "#0"},
				"up": {"uv": [15, 5, 15.25, 5.25], "texture": "#0"},
				"down": {"uv": [15, 5, 15.25, 5.25], "texture": "#0"}
			}
		},
		{
			"from": [9.25, 6, 8.5],
			"to": [9.75, 6.5, 9],
			"rotation": {"angle": 0, "axis": "y", "origin": [0, 13.25, 14.75]},
			"faces": {
				"north": {"uv": [15.25, 5, 15, 5.25], "texture": "#0"},
				"east": {"uv": [15.25, 5, 15, 5.25], "texture": "#0"},
				"south": {"uv": [15.25, 5, 15, 5.25], "texture": "#0"},
				"west": {"uv": [15.25, 5, 15, 5.25], "texture": "#0"},
				"up": {"uv": [15.25, 5, 15, 5.25], "texture": "#0"},
				"down": {"uv": [15.25, 5, 15, 5.25], "texture": "#0"}
			}
		},
		{
			"from": [9.25, 6.25, 9],
			"to": [9.75, 6.75, 10.5],
			"rotation": {"angle": 0, "axis": "y", "origin": [0, 13.5, 15.25]},
			"faces": {
				"north": {"uv": [15.25, 4.5, 15, 4.75], "texture": "#0"},
				"east": {"uv": [15.75, 4.5, 15, 4.75], "texture": "#0"},
				"south": {"uv": [0.25, 0, 0, 0.25], "texture": "#0"},
				"west": {"uv": [15.75, 4.5, 15, 4.75], "rotation": 180, "texture": "#0"},
				"up": {"uv": [14.75, 4.5, 14.5, 5.25], "texture": "#0"},
				"down": {"uv": [14.75, 4.5, 14.5, 5.25], "rotation": 180, "texture": "#0"}
			}
		},
		{
			"from": [6.25, 6.25, 9],
			"to": [6.75, 6.75, 10.5],
			"rotation": {"angle": 0, "axis": "y", "origin": [16, 13.5, 15.25]},
			"faces": {
				"north": {"uv": [15, 4.5, 15.25, 4.75], "texture": "#0"},
				"east": {"uv": [15, 4.5, 15.75, 4.75], "rotation": 180, "texture": "#0"},
				"south": {"uv": [0, 0, 0.25, 0.25], "texture": "#0"},
				"west": {"uv": [15, 4.5, 15.75, 4.75], "texture": "#0"},
				"up": {"uv": [14.5, 4.5, 14.75, 5.25], "texture": "#0"},
				"down": {"uv": [14.5, 4.5, 14.75, 5.25], "rotation": 180, "texture": "#0"}
			}
		},
		{
			"from": [7, 7, 8.5],
			"to": [9, 8.5, 10.5],
			"rotation": {"angle": 0, "axis": "y", "origin": [8, 7.5, 10]},
			"faces": {
				"north": {"uv": [0, 0, 1, 0.75], "texture": "#0"},
				"east": {"uv": [11, 1.5, 12, 2.25], "texture": "#0"},
				"south": {"uv": [9.5, 2.5, 10.5, 3.25], "texture": "#0"},
				"west": {"uv": [11, 0, 12, 0.75], "texture": "#0"},
				"up": {"uv": [15, 1.5, 16, 2.5], "texture": "#0"},
				"down": {"uv": [0, 0, 1, 1], "texture": "#0"}
			}
		},
		{
			"from": [7, 6.5, 8.5],
			"to": [9, 7, 10.5],
			"rotation": {"angle": 0, "axis": "y", "origin": [8, 7, 10]},
			"faces": {
				"north": {"uv": [0, 0, 1, 0.25], "texture": "#0"},
				"east": {"uv": [9.5, 3.5, 10.5, 3.75], "rotation": 180, "texture": "#0"},
				"south": {"uv": [0, 0, 1, 0.25], "texture": "#0"},
				"west": {"uv": [9.5, 3.5, 10.5, 3.75], "texture": "#0"},
				"up": {"uv": [0, 0, 1, 1], "texture": "#0"},
				"down": {"uv": [2, 7, 2.5, 8], "texture": "#0"}
			}
		},
		{
			"from": [7.25, 7, 10.5],
			"to": [8.75, 8.25, 11],
			"rotation": {"angle": 0, "axis": "y", "origin": [8, 7.5, 10.5]},
			"faces": {
				"north": {"uv": [0, 0, 0.75, 0.625], "texture": "#0"},
				"east": {"uv": [12, 1.5, 12.25, 2.125], "texture": "#0"},
				"south": {"uv": [0, 0, 0.75, 0.625], "texture": "#0"},
				"west": {"uv": [12, 1.5, 12.25, 2.125], "texture": "#0"},
				"up": {"uv": [12.5, 1.5, 13.25, 1.75], "texture": "#0"},
				"down": {"uv": [0, 0, 0.75, 0.25], "texture": "#0"}
			}
		},
		{
			"from": [7.25, 7, 11],
			"to": [8.75, 8, 12],
			"rotation": {"angle": 0, "axis": "y", "origin": [8, 7.5, 11]},
			"faces": {
				"north": {"uv": [0, 0, 0.75, 0.625], "texture": "#0"},
				"east": {"uv": [11.5, 4, 12, 4.625], "texture": "#0"},
				"south": {"uv": [10.5, 2.5, 11.25, 3.125], "texture": "#0"},
				"west": {"uv": [11.5, 4, 12, 4.625], "texture": "#0"},
				"up": {"uv": [10.5, 2.5, 11.25, 3], "texture": "#0"},
				"down": {"uv": [0, 0, 0.75, 0.5], "texture": "#0"}
			}
		},
		{
			"from": [7.15, 8, 11],
			"to": [8.85, 8.5, 12],
			"rotation": {"angle": 0, "axis": "y", "origin": [8, 7.75, 11]},
			"faces": {
				"north": {"uv": [11.5, 5, 11.75, 5.625], "texture": "#0"},
				"east": {"uv": [11.5, 5, 12, 5.625], "texture": "#0"},
				"south": {"uv": [10.5, 2.5, 11.25, 3], "texture": "#0"},
				"west": {"uv": [11.5, 5, 12, 5.625], "texture": "#0"},
				"up": {"uv": [10.5, 2.5, 11.25, 3], "texture": "#0"},
				"down": {"uv": [11.5, 5, 11.75, 5.5], "texture": "#0"}
			}
		},
		{
			"from": [7.25, 7, 12],
			"to": [8.75, 7.75, 13],
			"rotation": {"angle": 0, "axis": "y", "origin": [8, 7.5, 12]},
			"faces": {
				"north": {"uv": [0, 0, 0.75, 0.5], "texture": "#0"},
				"east": {"uv": [12, 4, 12.5, 4.5], "texture": "#0"},
				"south": {"uv": [10.5, 3, 11.25, 3.5], "texture": "#0"},
				"west": {"uv": [12, 4, 12.5, 4.5], "texture": "#0"},
				"up": {"uv": [10.5, 3, 11.25, 3.5], "texture": "#0"},
				"down": {"uv": [0, 0, 0.75, 0.5], "texture": "#0"}
			}
		},
		{
			"from": [7.15, 7.75, 12],
			"to": [8.85, 8.25, 13],
			"rotation": {"angle": 0, "axis": "y", "origin": [8, 7.75, 12]},
			"faces": {
				"north": {"uv": [12, 5, 12.25, 5.5], "texture": "#0"},
				"east": {"uv": [12, 5, 12.5, 5.5], "texture": "#0"},
				"south": {"uv": [10.5, 3, 11.25, 3.5], "texture": "#0"},
				"west": {"uv": [12, 5, 12.5, 5.5], "texture": "#0"},
				"up": {"uv": [10.5, 3, 11.25, 3.5], "texture": "#0"},
				"down": {"uv": [12, 5, 12.25, 5.5], "texture": "#0"}
			}
		},
		{
			"from": [7.15, 7.5, 13],
			"to": [8.85, 8, 14],
			"rotation": {"angle": 0, "axis": "y", "origin": [8, 7.75, 13]},
			"faces": {
				"north": {"uv": [12.5, 5, 12.75, 5.375], "texture": "#0"},
				"east": {"uv": [12.5, 5, 13, 5.375], "texture": "#0"},
				"south": {"uv": [12.5, 5, 12.75, 5.375], "texture": "#0"},
				"west": {"uv": [12.5, 5, 13, 5.375], "texture": "#0"},
				"up": {"uv": [10.5, 3.5, 11.25, 4], "texture": "#0"},
				"down": {"uv": [12.5, 5, 12.75, 5.5], "texture": "#0"}
			}
		},
		{
			"from": [7.25, 6.5, 13],
			"to": [8.75, 7.5, 14],
			"rotation": {"angle": 0, "axis": "y", "origin": [8, 7.5, 13]},
			"faces": {
				"north": {"uv": [0, 0, 0.75, 0.375], "texture": "#0"},
				"east": {"uv": [12.5, 4, 13, 4.375], "texture": "#0"},
				"south": {"uv": [12.5, 4, 12.75, 4.375], "texture": "#0"},
				"west": {"uv": [12.5, 4, 13, 4.375], "texture": "#0"},
				"up": {"uv": [10.5, 3.5, 11.25, 4], "texture": "#0"},
				"down": {"uv": [0, 7.5, 0.25, 8], "texture": "#0"}
			}
		},
		{
			"from": [6.25, 6, 10.5],
			"to": [9.75, 7, 11],
			"rotation": {"angle": 0, "axis": "y", "origin": [8, 6.5, 10.5]},
			"faces": {
				"north": {"uv": [11.5, 3, 13.25, 3.5], "texture": "#0"},
				"east": {"uv": [13.5, 2.5, 13.75, 3], "texture": "#0"},
				"south": {"uv": [0, 0, 1.75, 0.5], "texture": "#0"},
				"west": {"uv": [13.5, 2.5, 13.75, 3], "texture": "#0"},
				"up": {"uv": [11.5, 2.5, 13.25, 2.75], "texture": "#0"},
				"down": {"uv": [11.5, 3.5, 13.25, 3.75], "texture": "#0"}
			}
		},
		{
			"from": [6.25, 6, 11],
			"to": [9.75, 7, 12],
			"rotation": {"angle": 0, "axis": "y", "origin": [8, 6.5, 11]},
			"faces": {
				"north": {"uv": [0, 0, 1.75, 0.5], "texture": "#0"},
				"east": {"uv": [0, 7, 0.5, 7.5], "texture": "#0"},
				"south": {"uv": [0, 7, 1.75, 7.5], "texture": "#0"},
				"west": {"uv": [0, 7, 0.5, 7.5], "texture": "#0"},
				"up": {"uv": [0, 7, 1.75, 7.5], "texture": "#0"},
				"down": {"uv": [0, 8.5, 0.75, 9], "texture": "#0"}
			}
		},
		{
			"from": [6.75, 6, 12],
			"to": [9.25, 7, 13],
			"rotation": {"angle": 0, "axis": "y", "origin": [8, 6.5, 12]},
			"faces": {
				"north": {"uv": [0, 0, 1.25, 0.5], "texture": "#0"},
				"east": {"uv": [1, 7.5, 1.5, 8], "texture": "#0"},
				"south": {"uv": [0, 8, 1.25, 8.5], "texture": "#0"},
				"west": {"uv": [0, 7.5, 0.5, 8], "texture": "#0"},
				"up": {"uv": [0, 7.5, 1.25, 8], "texture": "#0"},
				"down": {"uv": [0, 8, 1.25, 8.5], "texture": "#0"}
			}
		},
		{
			"from": [7.25, 5, 10.5],
			"to": [8.75, 6, 12.5],
			"rotation": {"angle": 0, "axis": "y", "origin": [8, 5.5, 10.5]},
			"faces": {
				"north": {"uv": [15, 6, 15.75, 6.5], "texture": "#0"},
				"east": {"uv": [15, 5.5, 16, 6], "rotation": 180, "texture": "#0"},
				"south": {"uv": [15.5, 5.5, 16, 6], "texture": "#0"},
				"west": {"uv": [15, 5.5, 16, 6], "texture": "#0"},
				"up": {"uv": [0, 0, 0.75, 1], "texture": "#0"},
				"down": {"uv": [15.5, 5.5, 16, 6.5], "rotation": 180, "texture": "#0"}
			}
		},
		{
			"from": [7.5, 2.32507, 10.88425],
			"to": [8.5, 5.32507, 12.38425],
			"rotation": {"angle": -22.5, "axis": "x", "origin": [8, 4.82507, 11.63425]},
			"faces": {
				"north": {"uv": [15.5, 6, 16, 7.5], "texture": "#0"},
				"east": {"uv": [15, 6, 15.75, 7.5], "texture": "#0"},
				"south": {"uv": [15, 6, 15.5, 7.5], "texture": "#0"},
				"west": {"uv": [15, 6, 15.75, 7.5], "texture": "#0"},
				"up": {"uv": [0, 0, 0.5, 0.75], "texture": "#0"},
				"down": {"uv": [0, 0, 0.5, 0.75], "texture": "#0"}
			}
		},
		{
			"from": [7.25, 1.32507, 9.88425],
			"to": [8.75, 2.32507, 12.38425],
			"rotation": {"angle": -22.5, "axis": "x", "origin": [8, 4.82507, 11.63425]},
			"faces": {
				"north": {"uv": [14.5, 7.5, 14.75, 8], "texture": "#0"},
				"east": {"uv": [14.5, 7.5, 15.75, 8], "rotation": 180, "texture": "#0"},
				"south": {"uv": [15, 7.5, 15.75, 8], "texture": "#0"},
				"west": {"uv": [14.5, 7.5, 15.75, 8], "texture": "#0"},
				"up": {"uv": [14.5, 7.5, 15.75, 7.75], "rotation": 90, "texture": "#0"},
				"down": {"uv": [14.5, 7.5, 15.75, 7.75], "rotation": 270, "texture": "#0"}
			}
		},
		{
			"from": [6.5, 5.5, 5.5],
			"to": [9.5, 8.5, 6.5],
			"rotation": {"angle": 0, "axis": "y", "origin": [15.5, 13, 13.75]},
			"faces": {
				"north": {"uv": [0, 0, 1.5, 1.5], "texture": "#0"},
				"east": {"uv": [9.5, 0, 10, 1.5], "texture": "#0"},
				"south": {"uv": [7.5, 4, 8.5, 4.5], "texture": "#0"},
				"west": {"uv": [9.5, 0, 10, 1.5], "texture": "#0"},
				"up": {"uv": [14.5, 0, 16, 0.5], "texture": "#0"},
				"down": {"uv": [9.5, 0, 11, 0.5], "texture": "#0"}
			}
		},
		{
			"from": [7, 5, 6.5],
			"to": [9, 7, 8.5],
			"rotation": {"angle": 0, "axis": "y", "origin": [15, 13, 14.75]},
			"faces": {
				"north": {"uv": [6, 5, 6.5, 5.5], "texture": "#0"},
				"east": {"uv": [6, 3.5, 7, 4.5], "texture": "#0"},
				"south": {"uv": [6.5, 4.5, 7, 5.5], "texture": "#0"},
				"west": {"uv": [6, 4.5, 7, 5.5], "texture": "#0"},
				"up": {"uv": [0, 0, 1, 1], "texture": "#0"},
				"down": {"uv": [6.5, 4, 7, 5], "texture": "#0"}
			}
		},
		{
			"from": [7, 4, 7],
			"to": [9, 5, 8],
			"rotation": {"angle": 0, "axis": "y", "origin": [15, 12, 15.25]},
			"faces": {
				"north": {"uv": [6.5, 4.5, 7, 5], "texture": "#0"},
				"east": {"uv": [7, 4, 7.5, 4.5], "texture": "#0"},
				"south": {"uv": [6.5, 4.5, 7, 5], "texture": "#0"},
				"west": {"uv": [7, 4, 7.5, 4.5], "texture": "#0"},
				"up": {"uv": [0, 0, 1, 0.5], "texture": "#0"},
				"down": {"uv": [6.5, 4.5, 7, 5], "texture": "#0"}
			}
		},
		{
			"from": [7.25, 3, 8],
			"to": [8.75, 5, 9],
			"rotation": {"angle": 0, "axis": "y", "origin": [15, 12, 16.25]},
			"faces": {
				"north": {"uv": [8.5, 4, 9.25, 5], "texture": "#0"},
				"east": {"uv": [8.5, 4, 9, 5], "texture": "#0"},
				"south": {"uv": [8.5, 4, 9.25, 5], "texture": "#0"},
				"west": {"uv": [8.5, 4, 9, 5], "texture": "#0"},
				"up": {"uv": [8.5, 4, 9.25, 4.5], "texture": "#0"},
				"down": {"uv": [8.5, 4.5, 9.25, 5], "texture": "#0"}
			}
		},
		{
			"from": [6.75, 4.125, 8.125],
			"to": [9.25, 4.875, 8.875],
			"rotation": {"angle": 0, "axis": "y", "origin": [8, 4.5, 8.5]},
			"faces": {
				"north": {"uv": [8.5, 4.5, 9.25, 4.875], "texture": "#0"},
				"east": {"uv": [0, 0, 0.375, 0.375], "texture": "#0"},
				"south": {"uv": [8.5, 4.5, 9.25, 4.875], "texture": "#0"},
				"west": {"uv": [8.5, 4.5, 8.875, 4.875], "texture": "#0"},
				"up": {"uv": [8.5, 5, 8.75, 5.375], "texture": "#0"},
				"down": {"uv": [9, 5, 9.25, 5.375], "texture": "#0"}
			}
		},
		{
			"from": [7.5, 5, 8],
			"to": [8.5, 6, 9],
			"rotation": {"angle": 0, "axis": "y", "origin": [15, 13, 16.25]},
			"faces": {
				"north": {"uv": [0, 0, 0.5, 0.5], "texture": "#0"},
				"east": {"uv": [0, 9, 0.5, 9.5], "texture": "#0"},
				"south": {"uv": [0, 9, 0.5, 9.5], "texture": "#0"},
				"west": {"uv": [0, 9, 0.5, 9.5], "texture": "#0"},
				"up": {"uv": [0, 0, 0.5, 0.5], "texture": "#0"},
				"down": {"uv": [0, 0, 0.5, 0.5], "texture": "#0"}
			}
		},
		{
			"from": [7.5, 6, 8.5],
			"to": [8.5, 6.5, 10.5],
			"rotation": {"angle": 0, "axis": "y", "origin": [15, 13, 16.75]},
			"faces": {
				"north": {"uv": [0, 0, 0.5, 0.25], "texture": "#0"},
				"east": {"uv": [0, 9.5, 1, 9.75], "rotation": 180, "texture": "#0"},
				"south": {"uv": [0, 0, 0.5, 0.25], "texture": "#0"},
				"west": {"uv": [0, 9.5, 1, 9.75], "texture": "#0"},
				"up": {"uv": [0, 0, 0.5, 1], "texture": "#0"},
				"down": {"uv": [0, 9.5, 0.5, 10.5], "rotation": 180, "texture": "#0"}
			}
		},
		{
			"from": [7.75, 5, 10],
			"to": [8.25, 6, 10.5],
			"rotation": {"angle": 0, "axis": "y", "origin": [15, 12.5, 18]},
			"faces": {
				"north": {"uv": [7, 4.5, 7.25, 5], "texture": "#0"},
				"east": {"uv": [7, 4.5, 7.25, 5], "texture": "#0"},
				"south": {"uv": [0, 0, 0.25, 0.5], "texture": "#0"},
				"west": {"uv": [7, 4.5, 7.25, 5], "texture": "#0"},
				"up": {"uv": [0, 0, 0.25, 0.25], "texture": "#0"},
				"down": {"uv": [7, 4.5, 7.25, 4.75], "texture": "#0"}
			}
		},
		{
			"from": [7.5, 2, 8],
			"to": [8.5, 3, 9],
			"rotation": {"angle": 0, "axis": "y", "origin": [15, 11, 16.25]},
			"faces": {
				"north": {"uv": [8.5, 5, 9, 5.5], "texture": "#0"},
				"east": {"uv": [8.5, 5, 9, 5.5], "texture": "#0"},
				"south": {"uv": [8.5, 5, 9, 5.5], "texture": "#0"},
				"west": {"uv": [8.5, 5, 9, 5.5], "texture": "#0"},
				"up": {"uv": [0, 0, 0.5, 0.5], "texture": "#0"},
				"down": {"uv": [8.5, 5, 9, 5.5], "texture": "#0"}
			}
		},
		{
			"from": [7.625, 1.25, 8.125],
			"to": [8.375, 2, 8.875],
			"rotation": {"angle": 0, "axis": "y", "origin": [15, 10, 16.25]},
			"faces": {
				"north": {"uv": [9.5, 4, 9.875, 4.375], "texture": "#0"},
				"east": {"uv": [9.5, 4, 9.875, 4.375], "texture": "#0"},
				"south": {"uv": [9.5, 4, 9.875, 4.375], "texture": "#0"},
				"west": {"uv": [9.5, 4, 9.875, 4.375], "texture": "#0"},
				"up": {"uv": [0, 0, 0.375, 0.375], "texture": "#0"},
				"down": {"uv": [9.5, 4, 9.875, 4.375], "texture": "#0"}
			}
		},
		{
			"from": [7.625, 0.5, 8.375],
			"to": [8.375, 1.25, 9.125],
			"rotation": {"angle": 0, "axis": "y", "origin": [15, 9.25, 16.5]},
			"faces": {
				"north": {"uv": [9.5, 4.5, 9.875, 4.875], "texture": "#0"},
				"east": {"uv": [9.5, 4.5, 9.875, 4.875], "texture": "#0"},
				"south": {"uv": [9.5, 4.5, 9.875, 4.875], "texture": "#0"},
				"west": {"uv": [9.5, 4.5, 9.875, 4.875], "texture": "#0"},
				"up": {"uv": [9.5, 4.5, 9.875, 4.875], "texture": "#0"},
				"down": {"uv": [9.5, 4.5, 9.875, 4.875], "texture": "#0"}
			}
		},
		{
			"from": [7.625, 0.25, 9.125],
			"to": [8.375, 1, 10.625],
			"rotation": {"angle": 0, "axis": "y", "origin": [15, 9, 17.25]},
			"faces": {
				"north": {"uv": [9.5, 5, 9.875, 5.375], "texture": "#0"},
				"east": {"uv": [9.5, 5, 10.25, 5.375], "rotation": 180, "texture": "#0"},
				"south": {"uv": [10, 5, 10.375, 5.375], "texture": "#0"},
				"west": {"uv": [9.5, 5, 10.25, 5.375], "texture": "#0"},
				"up": {"uv": [9.5, 5, 9.875, 5.75], "texture": "#0"},
				"down": {"uv": [9.5, 5, 9.875, 5.75], "rotation": 180, "texture": "#0"}
			}
		},
		{
			"from": [7.5, 0.71116, 9.55473],
			"to": [8.5, 3.71116, 10.30473],
			"rotation": {"angle": -22.5, "axis": "x", "origin": [8, 2.33616, 9.92973]},
			"faces": {
				"north": {"uv": [0, 10.5, 0.5, 12], "texture": "#0"},
				"east": {"uv": [0, 10.5, 0.375, 12], "texture": "#0"},
				"south": {"uv": [0, 10.5, 0.5, 12], "texture": "#0"},
				"west": {"uv": [0, 10.5, 0.375, 12], "texture": "#0"},
				"up": {"uv": [0, 0, 0.5, 0.375], "texture": "#0"},
				"down": {"uv": [0, 0, 0.5, 0.375], "texture": "#0"}
			}
		},
		{
			"from": [7.5, 3, 9],
			"to": [8.5, 3.75, 9.75],
			"rotation": {"angle": 0, "axis": "y", "origin": [15, 11.5, 17.25]},
			"faces": {
				"north": {"uv": [0, 0, 0.5, 0.375], "texture": "#0"},
				"east": {"uv": [0, 10.5, 0.375, 10.875], "texture": "#0"},
				"south": {"uv": [0, 0, 0.5, 0.375], "texture": "#0"},
				"west": {"uv": [0, 10.5, 0.375, 10.875], "texture": "#0"},
				"up": {"uv": [0, 10.5, 0.5, 10.875], "texture": "#0"},
				"down": {"uv": [0, 10.5, 0.5, 10.875], "texture": "#0"}
			}
		},
		{
			"from": [7.5, 0.69135, 10.20514],
			"to": [8.5, 1.44135, 12.20514],
			"rotation": {"angle": 0, "axis": "y", "origin": [15, 9.19135, 18.45514]},
			"faces": {
				"north": {"uv": [0, 0, 0.5, 0.375], "texture": "#0"},
				"east": {"uv": [0, 11.5, 1, 11.875], "rotation": 180, "texture": "#0"},
				"south": {"uv": [0.5, 11.5, 1, 11.875], "texture": "#0"},
				"west": {"uv": [0, 11.5, 1, 11.875], "texture": "#0"},
				"up": {"uv": [0, 11.5, 1, 12], "rotation": 90, "texture": "#0"},
				"down": {"uv": [0, 11.5, 1, 12], "rotation": 270, "texture": "#0"}
			}
		},
		{
			"from": [7.25, 5, 5],
			"to": [8.75, 6, 6.5],
			"rotation": {"angle": 0, "axis": "y", "origin": [15.5, 12.5, 13.25]},
			"faces": {
				"north": {"uv": [0, 0, 0.75, 0.5], "texture": "#0"},
				"east": {"uv": [7.5, 4, 8.25, 4.5], "texture": "#0"},
				"south": {"uv": [0, 0, 0.75, 0.5], "texture": "#0"},
				"west": {"uv": [7.5, 4, 8.25, 4.5], "texture": "#0"},
				"up": {"uv": [0, 0, 0.75, 0.75], "texture": "#0"},
				"down": {"uv": [7.5, 4, 8.25, 4.25], "texture": "#0"}
			}
		},
		{
			"from": [7, 4.75, 5.25],
			"to": [9, 5.25, 6.25],
			"rotation": {"angle": 0, "axis": "y", "origin": [15.5, 12.25, 13.25]},
			"faces": {
				"north": {"uv": [4, 7, 5, 7.25], "texture": "#0"},
				"east": {"uv": [4, 6, 4.5, 6.25], "texture": "#0"},
				"south": {"uv": [4, 7, 5, 7.25], "texture": "#0"},
				"west": {"uv": [4, 6, 4.5, 6.25], "texture": "#0"},
				"up": {"uv": [7.5, 4, 8.5, 4.5], "texture": "#0"},
				"down": {"uv": [0, 0, 1, 0.5], "texture": "#0"}
			}
		},
		{
			"from": [7, 3.75, 4.75],
			"to": [9, 4.75, 6.25],
			"rotation": {"angle": 0, "axis": "y", "origin": [15.5, 11.75, 13.25]},
			"faces": {
				"north": {"uv": [4, 7.5, 5, 8], "texture": "#0"},
				"east": {"uv": [4, 6.5, 4.75, 7], "texture": "#0"},
				"south": {"uv": [4, 7.5, 5, 8], "texture": "#0"},
				"west": {"uv": [4, 6.5, 4.75, 7], "texture": "#0"},
				"up": {"uv": [4, 7.5, 5, 8], "texture": "#0"},
				"down": {"uv": [4, 6.5, 4.5, 6.75], "texture": "#0"}
			}
		},
		{
			"from": [7, 8.5, 5.5],
			"to": [9, 9, 7.5],
			"rotation": {"angle": 0, "axis": "y", "origin": [15, 14.5, 14]},
			"faces": {
				"north": {"uv": [13, 0, 14, 0.25], "texture": "#0"},
				"east": {"uv": [12, 0, 13, 0.25], "texture": "#0"},
				"south": {"uv": [12, 0.5, 13, 0.75], "texture": "#0"},
				"west": {"uv": [12, 0, 13, 0.25], "rotation": 180, "texture": "#0"},
				"up": {"uv": [14, 2.5, 16, 4.5], "texture": "#0"},
				"down": {"uv": [0, 0, 1, 1], "texture": "#0"}
			}
		},
		{
			"from": [7.5, 8.5, 7.5],
			"to": [8.5, 8.75, 9.5],
			"rotation": {"angle": 0, "axis": "y", "origin": [15, 14.5, 16]},
			"faces": {
				"north": {"uv": [0, 0, 0.5, 0.125], "texture": "#0"},
				"east": {"uv": [13.5, 1, 14.5, 1.125], "texture": "#0"},
				"south": {"uv": [14, 1.5, 14.5, 1.625], "texture": "#0"},
				"west": {"uv": [13.5, 1, 14.5, 1.125], "rotation": 180, "texture": "#0"},
				"up": {"uv": [14, 0, 14.5, 1], "texture": "#0"},
				"down": {"uv": [0, 0, 0.5, 1], "texture": "#0"}
			}
		},
		{
			"from": [5.9, 8.85, 4],
			"to": [6.4, 9.35, 5.5],
			"rotation": {"angle": -45, "axis": "z", "origin": [5.9, 9.1, 4.5]},
			"faces": {
				"north": {"uv": [4, 4, 4.25, 4.25], "texture": "#0"},
				"east": {"uv": [0, 0, 0.75, 0.25], "texture": "#0"},
				"south": {"uv": [4.5, 3.5, 4.75, 3.75], "texture": "#0"},
				"west": {"uv": [4, 3.5, 4.75, 3.75], "texture": "#0"},
				"up": {"uv": [4, 4, 4.25, 4.75], "texture": "#0"},
				"down": {"uv": [4, 4, 4.25, 4.75], "texture": "#0"}
			}
		},
		{
			"from": [9.6, 8.85, 4],
			"to": [10.1, 9.35, 5.5],
			"rotation": {"angle": 45, "axis": "z", "origin": [10.1, 9.1, 4.5]},
			"faces": {
				"north": {"uv": [4, 4, 4.25, 4.25], "texture": "#0"},
				"east": {"uv": [4, 3.5, 4.75, 3.75], "texture": "#0"},
				"south": {"uv": [4.5, 3.5, 4.75, 3.75], "texture": "#0"},
				"west": {"uv": [1, 0, 1.75, 0.25], "texture": "#0"},
				"up": {"uv": [4, 4, 4.25, 4.75], "texture": "#0"},
				"down": {"uv": [4, 4, 4.25, 4.75], "texture": "#0"}
			}
		},
		{
			"from": [6.4, 8.85, 4.5],
			"to": [7.4, 9.35, 6],
			"rotation": {"angle": -45, "axis": "z", "origin": [5.9, 9.1, 4.5]},
			"faces": {
				"north": {"uv": [0, 0, 0.5, 0.25], "texture": "#0"},
				"east": {"uv": [0, 0, 0.75, 0.25], "texture": "#0"},
				"south": {"uv": [5, 3.5, 5.5, 3.75], "texture": "#0"},
				"west": {"uv": [5, 3.5, 5.75, 3.75], "texture": "#0"},
				"up": {"uv": [5, 4, 5.5, 4.75], "texture": "#0"},
				"down": {"uv": [5, 4, 5.5, 4.75], "texture": "#0"}
			}
		},
		{
			"from": [8.6, 8.85, 4.5],
			"to": [9.6, 9.35, 6],
			"rotation": {"angle": 45, "axis": "z", "origin": [10.1, 9.1, 4.5]},
			"faces": {
				"north": {"uv": [0.5, 0, 1, 0.25], "texture": "#0"},
				"east": {"uv": [5, 3.5, 5.75, 3.75], "texture": "#0"},
				"south": {"uv": [5, 3.5, 5.5, 3.75], "texture": "#0"},
				"west": {"uv": [1, 0, 1.75, 0.25], "texture": "#0"},
				"up": {"uv": [5, 4, 5.5, 4.75], "texture": "#0"},
				"down": {"uv": [5, 4, 5.5, 4.75], "texture": "#0"}
			}
		},
		{
			"from": [6, 9, 3.5],
			"to": [10, 10, 4],
			"rotation": {"angle": 0, "axis": "y", "origin": [15, 15, 12]},
			"faces": {
				"north": {"uv": [0, 0, 2, 0.5], "texture": "#0"},
				"east": {"uv": [2.5, 3.5, 2.75, 4], "texture": "#0"},
				"south": {"uv": [1, 3.5, 3, 4], "texture": "#0"},
				"west": {"uv": [1, 3.5, 1.25, 4], "texture": "#0"},
				"up": {"uv": [1, 3.5, 3, 3.75], "texture": "#0"},
				"down": {"uv": [0, 0, 2, 0.25], "texture": "#0"}
			}
		},
		{
			"from": [6, 4, 3.5],
			"to": [10, 5, 4],
			"rotation": {"angle": 0, "axis": "y", "origin": [15, 10, 12]},
			"faces": {
				"north": {"uv": [0, 0, 2, 0.5], "texture": "#0"},
				"east": {"uv": [2.5, 6, 2.75, 6.5], "texture": "#0"},
				"south": {"uv": [1, 6, 3, 6.5], "texture": "#0"},
				"west": {"uv": [1, 6, 1.25, 6.5], "texture": "#0"},
				"up": {"uv": [0, 0, 2, 0.25], "texture": "#0"},
				"down": {"uv": [1, 6, 3, 6.25], "texture": "#0"}
			}
		},
		{
			"from": [6.5, 9, 2.75],
			"to": [9.5, 10, 3],
			"rotation": {"angle": 0, "axis": "y", "origin": [15, 14, 10]},
			"faces": {
				"north": {"uv": [5, 0, 6.5, 1], "texture": "#0"},
				"east": {"uv": [5, 0, 5.125, 0.5], "texture": "#0"},
				"south": {"uv": [0, 0, 1.5, 0.5], "texture": "#0"},
				"west": {"uv": [6, 0, 6.125, 0.5], "texture": "#0"},
				"up": {"uv": [5, 0, 6.5, 0.125], "texture": "#0"},
				"down": {"uv": [5, 0.5, 6.5, 0.625], "texture": "#0"}
			}
		},
		{
			"from": [7.5, 9.5, 2.5],
			"to": [8.5, 10.5, 3],
			"rotation": {"angle": 0, "axis": "y", "origin": [8, 6.75, 2.625]},
			"faces": {
				"north": {"uv": [3, 0, 3.75, 0.375], "texture": "#0"},
				"east": {"uv": [3, 0, 3.25, 0.375], "texture": "#0"},
				"south": {"uv": [0, 0, 0.75, 0.375], "texture": "#0"},
				"west": {"uv": [3, 0, 3.25, 0.375], "texture": "#0"},
				"up": {"uv": [3, 0, 3.75, 0.25], "texture": "#0"},
				"down": {"uv": [3, 0, 3.75, 0.25], "texture": "#0"}
			}
		},
		{
			"from": [4.5, 7.5, 2.5],
			"to": [5.5, 8.5, 3],
			"rotation": {"angle": 0, "axis": "y", "origin": [5.25, 8.125, 2.75]},
			"faces": {
				"north": {"uv": [3, 0, 3.75, 0.375], "rotation": 90, "texture": "#0"},
				"east": {"uv": [3, 0.5, 3.75, 0.75], "rotation": 270, "texture": "#0"},
				"south": {"uv": [0, 0, 0.75, 0.375], "rotation": 270, "texture": "#0"},
				"west": {"uv": [3, 0.5, 3.75, 0.75], "rotation": 270, "texture": "#0"},
				"up": {"uv": [3.5, 0.5, 3.75, 0.875], "rotation": 270, "texture": "#0"},
				"down": {"uv": [3, 0.5, 3.25, 0.875], "rotation": 270, "texture": "#0"}
			}
		},
		{
			"from": [10.5, 7.5, 2.5],
			"to": [11.5, 8.5, 3],
			"rotation": {"angle": 0, "axis": "y", "origin": [11, 8.125, 2.75]},
			"faces": {
				"north": {"uv": [3, 0, 3.75, 0.375], "rotation": 90, "texture": "#0"},
				"east": {"uv": [3, 0.5, 3.75, 0.75], "rotation": 270, "texture": "#0"},
				"south": {"uv": [0, 0, 0.75, 0.375], "rotation": 270, "texture": "#0"},
				"west": {"uv": [3, 0, 3.75, 0.25], "rotation": 270, "texture": "#0"},
				"up": {"uv": [3, 0.5, 3.25, 0.875], "rotation": 270, "texture": "#0"},
				"down": {"uv": [3, 0.5, 3.25, 0.875], "rotation": 270, "texture": "#0"}
			}
		},
		{
			"from": [9.5, 4, 2.5],
			"to": [10.5, 5, 3],
			"rotation": {"angle": 0, "axis": "y", "origin": [10, 4.625, 2.75]},
			"faces": {
				"north": {"uv": [3, 0.5, 3.75, 0.875], "rotation": 90, "texture": "#0"},
				"east": {"uv": [3, 1, 3.75, 1.25], "rotation": 270, "texture": "#0"},
				"south": {"uv": [0, 0, 0.75, 0.375], "rotation": 270, "texture": "#0"},
				"west": {"uv": [3, 0.5, 3.75, 0.75], "rotation": 270, "texture": "#0"},
				"up": {"uv": [3, 0.5, 3.25, 0.875], "rotation": 270, "texture": "#0"},
				"down": {"uv": [3, 1, 3.25, 1.375], "rotation": 270, "texture": "#0"}
			}
		},
		{
			"from": [5.5, 4, 2.5],
			"to": [6.5, 5, 3],
			"rotation": {"angle": 0, "axis": "y", "origin": [6, 4.625, 2.75]},
			"faces": {
				"north": {"uv": [3, 0.5, 3.75, 0.875], "rotation": 90, "texture": "#0"},
				"east": {"uv": [3, 0.5, 3.75, 0.75], "rotation": 270, "texture": "#0"},
				"south": {"uv": [0, 0, 0.75, 0.375], "rotation": 270, "texture": "#0"},
				"west": {"uv": [3, 1, 3.75, 1.25], "rotation": 270, "texture": "#0"},
				"up": {"uv": [3, 0.5, 3.25, 0.875], "rotation": 270, "texture": "#0"},
				"down": {"uv": [3, 1, 3.25, 1.375], "rotation": 270, "texture": "#0"}
			}
		},
		{
			"from": [6, 9, 3],
			"to": [10, 10.5, 3.5],
			"rotation": {"angle": 0, "axis": "y", "origin": [15, 14, 10.5]},
			"faces": {
				"north": {"uv": [0.5, 0, 2.5, 0.5], "texture": "#0"},
				"east": {"uv": [0.5, 0, 0.75, 0.75], "texture": "#0"},
				"south": {"uv": [1, 3, 3, 3.75], "texture": "#0"},
				"west": {"uv": [2, 0, 2.25, 0.75], "texture": "#0"},
				"up": {"uv": [0.5, 0, 2.5, 0.25], "texture": "#0"},
				"down": {"uv": [0, 0, 2, 0.25], "texture": "#0"}
			}
		},
		{
			"from": [6, 3.5, 3],
			"to": [10, 5, 3.5],
			"rotation": {"angle": 0, "axis": "y", "origin": [15, 8, 10.5]},
			"faces": {
				"north": {"uv": [0.5, 2.5, 2.5, 3], "texture": "#0"},
				"east": {"uv": [0.5, 2, 0.75, 2.75], "texture": "#0"},
				"south": {"uv": [1, 6, 3, 6.75], "texture": "#0"},
				"west": {"uv": [2, 2, 2.25, 2.75], "texture": "#0"},
				"up": {"uv": [0, 0, 2, 0.25], "texture": "#0"},
				"down": {"uv": [0.5, 2.5, 2.5, 2.75], "texture": "#0"}
			}
		},
		{
			"from": [7.25, 2.75, 2.75],
			"to": [8.75, 3.75, 3.25],
			"rotation": {"angle": 0, "axis": "y", "origin": [15, 6.75, 10]},
			"faces": {
				"north": {"uv": [3, 0, 3.75, 0.5], "texture": "#0"},
				"east": {"uv": [3, 0.5, 3.125, 1], "texture": "#0"},
				"south": {"uv": [0, 0, 0.75, 0.5], "texture": "#0"},
				"west": {"uv": [3, 0.5, 3.125, 1], "texture": "#0"},
				"up": {"uv": [3, 0, 3.75, 0.125], "texture": "#0"},
				"down": {"uv": [3, 1, 3.75, 1.125], "texture": "#0"}
			}
		},
		{
			"from": [7.25, 2.75, 3.25],
			"to": [8.75, 3.5, 4],
			"rotation": {"angle": 0, "axis": "y", "origin": [15, 6.75, 10.5]},
			"faces": {
				"north": {"uv": [0, 0, 0.75, 0.375], "texture": "#0"},
				"east": {"uv": [4, 7.5, 4.375, 7.875], "texture": "#0"},
				"south": {"uv": [0, 0, 0.75, 0.375], "texture": "#0"},
				"west": {"uv": [4.5, 7.5, 4.875, 7.875], "texture": "#0"},
				"up": {"uv": [4, 7.5, 4.75, 7.875], "texture": "#0"},
				"down": {"uv": [4, 7.5, 4.75, 7.875], "texture": "#0"}
			}
		},
		{
			"from": [7.25, 3.13388, 3.42678],
			"to": [8.75, 3.88388, 5.42678],
			"rotation": {"angle": -45, "axis": "x", "origin": [8, 3.63388, 4.17678]},
			"faces": {
				"north": {"uv": [0, 0, 0.75, 0.375], "texture": "#0"},
				"east": {"uv": [4, 7, 4.5, 8], "rotation": 270, "texture": "#0"},
				"south": {"uv": [0, 0, 0.75, 0.375], "texture": "#0"},
				"west": {"uv": [4, 7, 5, 8], "rotation": 90, "texture": "#0"},
				"up": {"uv": [4, 7, 4.75, 8], "rotation": 180, "texture": "#0"},
				"down": {"uv": [4, 7, 4.75, 8], "texture": "#0"}
			}
		},
		{
			"from": [9.5, 8.5, 2.75],
			"to": [10.5, 9.5, 3],
			"rotation": {"angle": 0, "axis": "y", "origin": [16, 13.5, 10]},
			"faces": {
				"north": {"uv": [4, 0, 5, 1], "texture": "#0"},
				"east": {"uv": [4, 0.5, 4.125, 1], "texture": "#0"},
				"south": {"uv": [0, 0, 0.5, 0.5], "texture": "#0"},
				"west": {"uv": [4.5, 0.5, 4.625, 1], "texture": "#0"},
				"up": {"uv": [4.5, 0, 5, 0.125], "texture": "#0"},
				"down": {"uv": [4.5, 0.5, 5, 0.625], "texture": "#0"}
			}
		},
		{
			"from": [5.5, 8.5, 2.75],
			"to": [6.5, 9.5, 3],
			"rotation": {"angle": 0, "axis": "y", "origin": [12, 13.5, 10]},
			"faces": {
				"north": {"uv": [6.5, 0, 7.5, 1], "texture": "#0"},
				"east": {"uv": [6.5, 0.5, 6.625, 1], "texture": "#0"},
				"south": {"uv": [0, 0, 0.5, 0.5], "texture": "#0"},
				"west": {"uv": [7, 0.5, 7.125, 1], "texture": "#0"},
				"up": {"uv": [6.5, 0, 7, 0.125], "texture": "#0"},
				"down": {"uv": [6.5, 0.5, 7, 0.625], "texture": "#0"}
			}
		},
		{
			"from": [6, 4.5, 2.75],
			"to": [6.5, 5.5, 3],
			"rotation": {"angle": 0, "axis": "y", "origin": [12, 9.5, 10]},
			"faces": {
				"north": {"uv": [6.5, 2.5, 6.75, 3.5], "texture": "#0"},
				"east": {"uv": [6.5, 2.5, 6.625, 3], "texture": "#0"},
				"south": {"uv": [0, 0, 0.25, 0.5], "texture": "#0"},
				"west": {"uv": [0, 0, 0.125, 0.5], "texture": "#0"},
				"up": {"uv": [6.5, 2.5, 6.75, 2.625], "texture": "#0"},
				"down": {"uv": [0, 0, 0.25, 0.125], "texture": "#0"}
			}
		},
		{
			"from": [9.5, 4.5, 2.75],
			"to": [10, 5.5, 3],
			"rotation": {"angle": 0, "axis": "y", "origin": [16, 9.5, 10]},
			"faces": {
				"north": {"uv": [4.5, 2.5, 4.75, 3.5], "texture": "#0"},
				"east": {"uv": [0, 0, 0.125, 0.5], "texture": "#0"},
				"south": {"uv": [0, 0, 0.25, 0.5], "texture": "#0"},
				"west": {"uv": [4.5, 2.5, 4.625, 3], "texture": "#0"},
				"up": {"uv": [4.5, 2.5, 4.75, 2.625], "texture": "#0"},
				"down": {"uv": [0, 0, 0.25, 0.125], "texture": "#0"}
			}
		},
		{
			"from": [10, 5, 2.75],
			"to": [10.5, 5.5, 3],
			"rotation": {"angle": 0, "axis": "y", "origin": [16.5, 9.5, 10]},
			"faces": {
				"north": {"uv": [4, 2.5, 4.25, 2.75], "texture": "#0"},
				"east": {"uv": [4, 2.5, 4.125, 2.75], "texture": "#0"},
				"south": {"uv": [0, 0, 0.25, 0.25], "texture": "#0"},
				"west": {"uv": [0, 0, 0.125, 0.25], "texture": "#0"},
				"up": {"uv": [0, 0, 0.25, 0.125], "texture": "#0"},
				"down": {"uv": [0, 0, 0.25, 0.125], "texture": "#0"}
			}
		},
		{
			"from": [5.5, 5, 2.75],
			"to": [6, 5.5, 3],
			"rotation": {"angle": 0, "axis": "y", "origin": [12, 9.5, 10]},
			"faces": {
				"north": {"uv": [7, 2.5, 7.25, 2.75], "texture": "#0"},
				"east": {"uv": [0, 0, 0.125, 0.25], "texture": "#0"},
				"south": {"uv": [0, 0, 0.25, 0.25], "texture": "#0"},
				"west": {"uv": [7, 2.5, 7.125, 2.75], "texture": "#0"},
				"up": {"uv": [0, 0, 0.25, 0.125], "texture": "#0"},
				"down": {"uv": [0, 0, 0.25, 0.125], "texture": "#0"}
			}
		},
		{
			"from": [6.5, 4, 2.75],
			"to": [9.5, 5, 3],
			"rotation": {"angle": 0, "axis": "y", "origin": [15.5, 9, 10]},
			"faces": {
				"north": {"uv": [5, 2.5, 6.5, 3.5], "texture": "#0"},
				"east": {"uv": [4.5, 3, 4.625, 3.5], "texture": "#0"},
				"south": {"uv": [0, 0, 1.5, 0.5], "texture": "#0"},
				"west": {"uv": [6.5, 3, 6.625, 3.5], "texture": "#0"},
				"up": {"uv": [5, 2.5, 6.5, 2.625], "texture": "#0"},
				"down": {"uv": [5, 3, 6.5, 3.125], "texture": "#0"}
			}
		},
		{
			"from": [10, 5.5, 2.75],
			"to": [11, 8.5, 3],
			"rotation": {"angle": 0, "axis": "y", "origin": [16, 9, 10]},
			"faces": {
				"north": {"uv": [4, 1, 5, 2.5], "texture": "#0"},
				"east": {"uv": [4, 1, 4.125, 2.5], "texture": "#0"},
				"south": {"uv": [0, 0, 0.5, 1.5], "texture": "#0"},
				"west": {"uv": [4.5, 1, 4.625, 2.5], "texture": "#0"},
				"up": {"uv": [3, 0.5, 3.5, 0.625], "texture": "#0"},
				"down": {"uv": [4, 2, 4.5, 2.125], "texture": "#0"}
			}
		},
		{
			"from": [10, 5, 3],
			"to": [11.5, 9, 3.5],
			"rotation": {"angle": 0, "axis": "y", "origin": [16, 9, 10.5]},
			"faces": {
				"north": {"uv": [0, 0.5, 0.5, 2.5], "texture": "#0"},
				"east": {"uv": [0, 0.5, 0.25, 2.5], "texture": "#0"},
				"south": {"uv": [3, 4, 3.75, 6], "texture": "#0"},
				"west": {"uv": [0, 0, 0.25, 2], "texture": "#0"},
				"up": {"uv": [0, 0, 0.75, 0.25], "texture": "#0"},
				"down": {"uv": [0, 2.5, 0.75, 2.75], "texture": "#0"}
			}
		},
		{
			"from": [4.5, 5, 3],
			"to": [6, 9, 3.5],
			"rotation": {"angle": 0, "axis": "y", "origin": [10, 9, 10.5]},
			"faces": {
				"north": {"uv": [2.5, 0.5, 3, 2.5], "texture": "#0"},
				"east": {"uv": [0, 0, 0.25, 2], "texture": "#0"},
				"south": {"uv": [0, 4, 0.75, 6], "texture": "#0"},
				"west": {"uv": [2.5, 0.5, 2.75, 2.5], "texture": "#0"},
				"up": {"uv": [2, 0, 2.75, 0.25], "texture": "#0"},
				"down": {"uv": [2, 2.5, 2.75, 2.75], "texture": "#0"}
			}
		},
		{
			"from": [5, 9, 3],
			"to": [6, 10, 3.5],
			"rotation": {"angle": 0, "axis": "y", "origin": [10, 10, 10.5]},
			"faces": {
				"north": {"uv": [2.5, 0, 3, 0.5], "texture": "#0"},
				"east": {"uv": [0, 0, 0.25, 0.5], "texture": "#0"},
				"south": {"uv": [0, 3, 1, 4], "texture": "#0"},
				"west": {"uv": [2.5, 0, 2.75, 0.5], "texture": "#0"},
				"up": {"uv": [2.5, 0, 3, 0.25], "texture": "#0"},
				"down": {"uv": [0, 0, 0.5, 0.25], "texture": "#0"}
			}
		},
		{
			"from": [5, 4, 3],
			"to": [6, 5, 3.5],
			"rotation": {"angle": 0, "axis": "y", "origin": [10, 5, 10.5]},
			"faces": {
				"north": {"uv": [2.5, 2.5, 3, 3], "texture": "#0"},
				"east": {"uv": [0, 0, 0.25, 0.5], "texture": "#0"},
				"south": {"uv": [0, 6, 1, 7], "texture": "#0"},
				"west": {"uv": [2.5, 2.5, 2.75, 3], "texture": "#0"},
				"up": {"uv": [0, 0, 0.5, 0.25], "texture": "#0"},
				"down": {"uv": [2.5, 2.5, 3, 2.75], "texture": "#0"}
			}
		},
		{
			"from": [10, 4, 3],
			"to": [11, 5, 3.5],
			"rotation": {"angle": 0, "axis": "y", "origin": [15, 5, 10.5]},
			"faces": {
				"north": {"uv": [0, 2.5, 0.5, 3], "texture": "#0"},
				"east": {"uv": [0, 2.5, 0.25, 3], "texture": "#0"},
				"south": {"uv": [3, 6, 4, 7], "texture": "#0"},
				"west": {"uv": [0, 0, 0.25, 0.5], "texture": "#0"},
				"up": {"uv": [0, 0, 0.5, 0.25], "texture": "#0"},
				"down": {"uv": [0, 2.5, 0.5, 2.75], "texture": "#0"}
			}
		},
		{
			"from": [10, 9, 3],
			"to": [11, 10, 3.5],
			"rotation": {"angle": 0, "axis": "y", "origin": [15, 10, 10.5]},
			"faces": {
				"north": {"uv": [0, 0, 0.5, 0.5], "texture": "#0"},
				"east": {"uv": [0, 0, 0.25, 0.5], "texture": "#0"},
				"south": {"uv": [3, 3, 4, 4], "texture": "#0"},
				"west": {"uv": [0, 0, 0.25, 0.5], "texture": "#0"},
				"up": {"uv": [0, 0, 0.5, 0.25], "texture": "#0"},
				"down": {"uv": [0, 0, 0.5, 0.25], "texture": "#0"}
			}
		},
		{
			"from": [5, 5.5, 2.75],
			"to": [6, 8.5, 3],
			"rotation": {"angle": 0, "axis": "y", "origin": [11, 9, 10]},
			"faces": {
				"north": {"uv": [6.5, 1, 7.5, 2.5], "texture": "#0"},
				"east": {"uv": [6.5, 1, 6.625, 2.5], "texture": "#0"},
				"south": {"uv": [0, 0, 0.5, 1.5], "texture": "#0"},
				"west": {"uv": [7, 1, 7.125, 2.5], "texture": "#0"},
				"up": {"uv": [3, 0.5, 3.5, 0.625], "texture": "#0"},
				"down": {"uv": [4, 2, 4.5, 2.125], "texture": "#0"}
			}
		}
	],
	"display": {
		"thirdperson_righthand": {
			"translation": [0, 2, -2.25]
		},
		"thirdperson_lefthand": {
			"translation": [0, 2, -2.25]
		},
		"firstperson_righthand": {
			"rotation": [23, 10, 0],
			"translation": [0.5, 3.5, 0]
		},
		"firstperson_lefthand": {
			"rotation": [23, 0, 0],
			"translation": [0.5, 3.5, 0]
		},
		"ground": {
			"rotation": [45, 0, 0],
			"translation": [0, 4.5, 1.75]
		},
		"gui": {
			"rotation": [20, 29, 0],
			"translation": [0.75, 2.25, 0]
		},
		"fixed": {
			"rotation": [0, -90, 0],
			"translation": [0, 2.5, -3.5]
		}
	}
}