{
	"credit": "Made with Blockbench",
	"texture_size": [32, 32],
	"textures": {
		"2": "item/etc/mic",
		"particle": "item/etc/mic"
	},
	"gui_light": "front",
	"elements": [
		{
			"from": [0.1, 0, -0.1],
			"to": [3.1, 12, 2.9],
			"faces": {
				"north": {"uv": [0, 0, 1.5, 6], "texture": "#2"},
				"east": {"uv": [1.5, 0, 3, 6], "texture": "#2"},
				"south": {"uv": [3, 0, 4.5, 6], "texture": "#2"},
				"west": {"uv": [4.5, 0, 6, 6], "texture": "#2"},
				"up": {"uv": [10.5, 6, 9, 4.5], "texture": "#2"},
				"down": {"uv": [10.5, 6, 9, 7.5], "texture": "#2"}
			}
		},
		{
			"from": [-0.15, 11.25, -0.35],
			"to": [3.35, 12, 3.15],
			"faces": {
				"north": {"uv": [10, 7.5, 11.75, 8], "texture": "#2"},
				"east": {"uv": [10, 8, 11.75, 8.5], "texture": "#2"},
				"south": {"uv": [10, 8.5, 11.75, 9], "texture": "#2"},
				"west": {"uv": [9, 10, 10.75, 10.5], "texture": "#2"},
				"up": {"uv": [10.75, 4.25, 9, 2.5], "texture": "#2"},
				"down": {"uv": [4.75, 9, 3, 10.75], "texture": "#2"}
			}
		},
		{
			"from": [1.35, 7, 2.9],
			"to": [1.85, 8.75, 3.15],
			"faces": {
				"north": {"uv": [10.5, 10.5, 10.75, 11.5], "texture": "#2"},
				"east": {"uv": [11, 2.5, 11.25, 3.5], "texture": "#2"},
				"south": {"uv": [3, 11, 3.25, 12], "texture": "#2"},
				"west": {"uv": [3.5, 11, 3.75, 12], "texture": "#2"},
				"up": {"uv": [11.25, 6.25, 11, 6], "texture": "#2"},
				"down": {"uv": [6.75, 11, 6.5, 11.25], "texture": "#2"}
			}
		},
		{
			"from": [1.35, 6, 2.9],
			"to": [1.85, 6.75, 3.15],
			"faces": {
				"north": {"uv": [11, 4, 11.25, 4.5], "texture": "#2"},
				"east": {"uv": [4.5, 11, 4.75, 11.5], "texture": "#2"},
				"south": {"uv": [11, 5.5, 11.25, 6], "texture": "#2"},
				"west": {"uv": [6, 11, 6.25, 11.5], "texture": "#2"},
				"up": {"uv": [11.25, 6.75, 11, 6.5], "texture": "#2"},
				"down": {"uv": [7.25, 11, 7, 11.25], "texture": "#2"}
			}
		},
		{
			"from": [1.1, -1.5, 0.9],
			"to": [2.1, 3, 1.9],
			"faces": {
				"north": {"uv": [5, 9, 5.5, 11.25], "texture": "#2"},
				"east": {"uv": [5.5, 9, 6, 11.25], "texture": "#2"},
				"south": {"uv": [9, 7.5, 9.5, 9.75], "texture": "#2"},
				"west": {"uv": [9.5, 7.5, 10, 9.75], "texture": "#2"},
				"up": {"uv": [11.5, 4, 11, 3.5], "texture": "#2"},
				"down": {"uv": [4.5, 11, 4, 11.5], "texture": "#2"}
			}
		},
		{
			"from": [1.35, -2, 1.15],
			"to": [1.85, 2, 1.65],
			"faces": {
				"north": {"uv": [10.5, 5.5, 10.75, 7.5], "texture": "#2"},
				"east": {"uv": [9, 10.5, 9.25, 12.5], "texture": "#2"},
				"south": {"uv": [9.5, 10.5, 9.75, 12.5], "texture": "#2"},
				"west": {"uv": [10, 10.5, 10.25, 12.5], "texture": "#2"},
				"up": {"uv": [11.25, 7.25, 11, 7], "texture": "#2"},
				"down": {"uv": [7.75, 11, 7.5, 11.25], "texture": "#2"}
			}
		},
		{
			"from": [-1, 12, -1.25],
			"to": [4.25, 17, 4],
			"faces": {
				"north": {"uv": [6, 6, 8.75, 8.5], "texture": "#2"},
				"east": {"uv": [6, 8.5, 8.75, 11], "texture": "#2"},
				"south": {"uv": [0, 9, 2.75, 11.5], "texture": "#2"},
				"west": {"uv": [9, 0, 11.75, 2.5], "texture": "#2"},
				"up": {"uv": [5.75, 8.75, 3, 6], "texture": "#2"},
				"down": {"uv": [8.75, 3, 6, 5.75], "texture": "#2"}
			}
		},
		{
			"from": [-1.25, 14.15, -1.5],
			"to": [4.5, 14.85, 4.25],
			"faces": {
				"north": {"uv": [10, 9, 13, 9.25], "texture": "#2"},
				"east": {"uv": [10, 9.5, 13, 9.75], "texture": "#2"},
				"south": {"uv": [10.5, 4.5, 13.5, 4.75], "texture": "#2"},
				"west": {"uv": [10.5, 5, 13.5, 5.25], "texture": "#2"},
				"up": {"uv": [3, 9, 0, 6], "texture": "#2"},
				"down": {"uv": [9, 0, 6, 3], "texture": "#2"}
			}
		}
	],
	"display": {
		"thirdperson_righthand": {
			"rotation": [0, 90, 0],
			"translation": [2.5, -0.5, -2],
			"scale": [0.5, 0.5, 0.5]
		},
		"thirdperson_lefthand": {
			"rotation": [0, 90, 0],
			"translation": [2.5, -0.5, 4.5],
			"scale": [0.5, 0.5, 0.5]
		},
		"firstperson_righthand": {
			"translation": [12, -4.75, 0],
			"scale": [1, 1, 0.66]
		},
		"firstperson_lefthand": {
			"translation": [-0.75, -4.75, 0],
			"scale": [1, 1, 0.66]
		},
		"ground": {
			"translation": [3.75, 2, 4.5],
			"scale": [0.6, 0.6, 0.6]
		},
		"gui": {
			"rotation": [0, 0, 40.5],
			"translation": [3.75, 3, 0],
			"scale": [0.8, 0.8, 1]
		},
		"head": {
			"rotation": [27.75, 90, 0],
			"translation": [4.5, -9.75, -17],
			"scale": [0.7, 0.7, 0.7]
		},
		"fixed": {
			"translation": [5, 0, 2.75],
			"scale": [0.8, 0.8, 0.8]
		}
	}
}