{
	"credit": "Made with Blockbench",
	"texture_size": [32, 32],
	"textures": {
		"1": "item/etc/mp5",
		"particle": "item/etc/mp5"
	},
	"elements": [
		{
			"from": [20, 7.1, 8.1],
			"to": [24.5, 7.9, 8.9],
			"faces": {
				"north": {"uv": [0, 2, 2.25, 2.375], "texture": "#1"},
				"east": {"uv": [3, 7.5, 3.375, 7.875], "texture": "#1"},
				"south": {"uv": [0, 2.5, 2.25, 2.875], "texture": "#1"},
				"west": {"uv": [4.5, 7.5, 4.875, 7.875], "texture": "#1"},
				"up": {"uv": [4.75, 0.375, 2.5, 0], "texture": "#1"},
				"down": {"uv": [4.75, 0.5, 2.5, 0.875], "texture": "#1"}
			}
		},
		{
			"from": [18.6, 7.35, 8.35],
			"to": [20, 7.65, 8.65],
			"faces": {
				"north": {"uv": [6.5, 8, 7.1875, 8.125], "texture": "#1"},
				"east": {"uv": [5, 10, 5.125, 10.125], "texture": "#1"},
				"south": {"uv": [8, 7, 8.6875, 7.125], "texture": "#1"},
				"west": {"uv": [10, 5, 10.125, 5.125], "texture": "#1"},
				"up": {"uv": [8.1875, 8.125, 7.5, 8], "texture": "#1"},
				"down": {"uv": [1.1875, 8.5, 0.5, 8.625], "texture": "#1"}
			}
		},
		{
			"from": [18.7, 7.15, 8.15],
			"to": [19.1, 8.05, 8.85],
			"faces": {
				"north": {"uv": [8.5, 3.5, 8.6875, 3.9375], "texture": "#1"},
				"east": {"uv": [7, 3.5, 7.375, 3.9375], "texture": "#1"},
				"south": {"uv": [5, 8.5, 5.1875, 8.9375], "texture": "#1"},
				"west": {"uv": [4.5, 7, 4.875, 7.4375], "texture": "#1"},
				"up": {"uv": [8.6875, 6.875, 8.5, 6.5], "texture": "#1"},
				"down": {"uv": [7.1875, 8.5, 7, 8.875], "texture": "#1"}
			}
		},
		{
			"from": [13.7, 7.15, 8.15],
			"to": [18.6, 8.05, 8.85],
			"faces": {
				"north": {"uv": [0, 0, 2.4375, 0.4375], "texture": "#1"},
				"east": {"uv": [7, 5, 7.375, 5.4375], "texture": "#1"},
				"south": {"uv": [0, 0.5, 2.4375, 0.9375], "texture": "#1"},
				"west": {"uv": [6, 7, 6.375, 7.4375], "texture": "#1"},
				"up": {"uv": [2.4375, 1.375, 0, 1], "texture": "#1"},
				"down": {"uv": [2.4375, 1.5, 0, 1.875], "texture": "#1"}
			}
		},
		{
			"from": [8.8, 7.65, 8.2],
			"to": [12.55, 8.025, 8.8],
			"rotation": {"angle": 0, "axis": "y", "origin": [-0.05, 0, 0]},
			"faces": {
				"north": {"uv": [4, 2.5, 5.875, 2.6875], "texture": "#1"},
				"east": {"uv": [9, 4.5, 9.3125, 4.6875], "texture": "#1"},
				"south": {"uv": [5, 0, 6.875, 0.1875], "texture": "#1"},
				"west": {"uv": [5, 9, 5.3125, 9.1875], "texture": "#1"},
				"up": {"uv": [5.875, 1.3125, 4, 1], "texture": "#1"},
				"down": {"uv": [5.875, 1.5, 4, 1.8125], "texture": "#1"}
			}
		},
		{
			"from": [8.8, 8.05, 8.2],
			"to": [13.7, 8.3, 8.8],
			"rotation": {"angle": 0, "axis": "y", "origin": [-0.05, 0, 0]},
			"faces": {
				"north": {"uv": [6, 1, 8.4375, 1.125], "texture": "#1"},
				"east": {"uv": [9.5, 3, 9.8125, 3.125], "texture": "#1"},
				"south": {"uv": [6, 1.5, 8.4375, 1.625], "texture": "#1"},
				"west": {"uv": [9.5, 3.5, 9.8125, 3.625], "texture": "#1"},
				"up": {"uv": [2.4375, 3.8125, 0, 3.5], "texture": "#1"},
				"down": {"uv": [4.9375, 3.5, 2.5, 3.8125], "texture": "#1"}
			}
		},
		{
			"from": [9.05, 8.3, 8.275],
			"to": [9.525, 8.35, 8.725],
			"rotation": {"angle": 0, "axis": "y", "origin": [-0.05, 0, 0]},
			"faces": {
				"north": {"uv": [5.5, 10, 5.75, 10.0625], "texture": "#1"},
				"east": {"uv": [10, 5.5, 10.25, 5.5625], "texture": "#1"},
				"south": {"uv": [6, 10, 6.25, 10.0625], "texture": "#1"},
				"west": {"uv": [10, 6, 10.25, 6.0625], "texture": "#1"},
				"up": {"uv": [8.75, 8.25, 8.5, 8], "texture": "#1"},
				"down": {"uv": [8.75, 8.5, 8.5, 8.75], "texture": "#1"}
			}
		},
		{
			"from": [9.05, 8.775, 8.275],
			"to": [9.525, 8.825, 8.725],
			"rotation": {"angle": 0, "axis": "y", "origin": [-0.05, 0, 0]},
			"faces": {
				"north": {"uv": [6.5, 10, 6.75, 10.0625], "texture": "#1"},
				"east": {"uv": [10, 6.5, 10.25, 6.5625], "texture": "#1"},
				"south": {"uv": [7, 10, 7.25, 10.0625], "texture": "#1"},
				"west": {"uv": [10, 7, 10.25, 7.0625], "texture": "#1"},
				"up": {"uv": [0.25, 9.25, 0, 9], "texture": "#1"},
				"down": {"uv": [0.75, 9, 0.5, 9.25], "texture": "#1"}
			}
		},
		{
			"from": [9.05, 8.35, 8.675],
			"to": [9.525, 8.775, 8.725],
			"rotation": {"angle": 0, "axis": "y", "origin": [-0.05, 0, 0]},
			"faces": {
				"north": {"uv": [6.5, 9, 6.75, 9.1875], "texture": "#1"},
				"east": {"uv": [10.5, 5, 10.5625, 5.1875], "texture": "#1"},
				"south": {"uv": [9, 6.5, 9.25, 6.6875], "texture": "#1"},
				"west": {"uv": [5.5, 10.5, 5.5625, 10.6875], "texture": "#1"},
				"up": {"uv": [7.75, 10.0625, 7.5, 10], "texture": "#1"},
				"down": {"uv": [10.25, 7.5, 10, 7.5625], "texture": "#1"}
			}
		},
		{
			"from": [9.05, 8.35, 8.275],
			"to": [9.525, 8.775, 8.325],
			"rotation": {"angle": 0, "axis": "y", "origin": [-0.05, 0, 0]},
			"faces": {
				"north": {"uv": [7, 9, 7.25, 9.1875], "texture": "#1"},
				"east": {"uv": [10.5, 5.5, 10.5625, 5.6875], "texture": "#1"},
				"south": {"uv": [9, 7, 9.25, 7.1875], "texture": "#1"},
				"west": {"uv": [6, 10.5, 6.0625, 10.6875], "texture": "#1"},
				"up": {"uv": [8.25, 10.0625, 8, 10], "texture": "#1"},
				"down": {"uv": [10.25, 8, 10, 8.0625], "texture": "#1"}
			}
		},
		{
			"from": [11.4, 8, 8.125],
			"to": [11.95, 8.375, 8.9],
			"rotation": {"angle": 0, "axis": "y", "origin": [-0.05, 0, 0]},
			"faces": {
				"north": {"uv": [7.5, 9, 7.75, 9.1875], "texture": "#1"},
				"east": {"uv": [7.5, 8.5, 7.875, 8.6875], "texture": "#1"},
				"south": {"uv": [9, 7.5, 9.25, 7.6875], "texture": "#1"},
				"west": {"uv": [8, 8.5, 8.375, 8.6875], "texture": "#1"},
				"up": {"uv": [5.75, 8.375, 5.5, 8], "texture": "#1"},
				"down": {"uv": [8.25, 5.5, 8, 5.875], "texture": "#1"}
			}
		},
		{
			"from": [13.7, 8.025, 8.25],
			"to": [14.125, 8.25, 8.75],
			"rotation": {"angle": 0, "axis": "y", "origin": [-0.05, 0, 0]},
			"faces": {
				"north": {"uv": [0.5, 10, 0.6875, 10.125], "texture": "#1"},
				"east": {"uv": [9.5, 6, 9.75, 6.125], "texture": "#1"},
				"south": {"uv": [10, 0.5, 10.1875, 0.625], "texture": "#1"},
				"west": {"uv": [6.5, 9.5, 6.75, 9.625], "texture": "#1"},
				"up": {"uv": [8.1875, 9.25, 8, 9], "texture": "#1"},
				"down": {"uv": [9.1875, 8, 9, 8.25], "texture": "#1"}
			}
		},
		{
			"from": [14.125, 8.1, 8.35],
			"to": [16.75, 8.25, 8.65],
			"rotation": {"angle": 0, "axis": "y", "origin": [-0.05, 0, 0]},
			"faces": {
				"north": {"uv": [8.5, 5, 9.8125, 5.0625], "texture": "#1"},
				"east": {"uv": [10.5, 6.5, 10.625, 6.5625], "texture": "#1"},
				"south": {"uv": [5.5, 8.5, 6.8125, 8.5625], "texture": "#1"},
				"west": {"uv": [7, 10.5, 7.125, 10.5625], "texture": "#1"},
				"up": {"uv": [7.8125, 7.125, 6.5, 7], "texture": "#1"},
				"down": {"uv": [8.3125, 6.5, 7, 6.625], "texture": "#1"}
			}
		},
		{
			"from": [16.75, 8.05, 8.1],
			"to": [17.025, 8.275, 8.9],
			"rotation": {"angle": 0, "axis": "y", "origin": [-0.05, 0, 0]},
			"faces": {
				"north": {"uv": [8.5, 10, 8.625, 10.125], "texture": "#1"},
				"east": {"uv": [8.5, 9, 8.875, 9.125], "texture": "#1"},
				"south": {"uv": [10, 8.5, 10.125, 8.625], "texture": "#1"},
				"west": {"uv": [9, 8.5, 9.375, 8.625], "texture": "#1"},
				"up": {"uv": [9.125, 9.375, 9, 9], "texture": "#1"},
				"down": {"uv": [0.125, 9.5, 0, 9.875], "texture": "#1"}
			}
		},
		{
			"from": [18.175, 8.05, 8.35],
			"to": [18.7, 8.275, 8.65],
			"rotation": {"angle": 0, "axis": "y", "origin": [-0.05, 0, 0]},
			"faces": {
				"north": {"uv": [9.5, 6.5, 9.75, 6.625], "texture": "#1"},
				"east": {"uv": [9, 10, 9.125, 10.125], "texture": "#1"},
				"south": {"uv": [7, 9.5, 7.25, 9.625], "texture": "#1"},
				"west": {"uv": [10, 9, 10.125, 9.125], "texture": "#1"},
				"up": {"uv": [9.75, 7.125, 9.5, 7], "texture": "#1"},
				"down": {"uv": [7.75, 9.5, 7.5, 9.625], "texture": "#1"}
			}
		},
		{
			"from": [18.35, 7.8, 8.125],
			"to": [18.575, 8.025, 8.15],
			"rotation": {"angle": 0, "axis": "y", "origin": [-0.05, 0, 0]},
			"faces": {
				"north": {"uv": [9.5, 10, 9.625, 10.125], "texture": "#1"},
				"east": {"uv": [10.5, 7, 10.5625, 7.125], "texture": "#1"},
				"south": {"uv": [10, 9.5, 10.125, 9.625], "texture": "#1"},
				"west": {"uv": [7.5, 10.5, 7.5625, 10.625], "texture": "#1"},
				"up": {"uv": [10.625, 7.5625, 10.5, 7.5], "texture": "#1"},
				"down": {"uv": [8.125, 10.5, 8, 10.5625], "texture": "#1"}
			}
		},
		{
			"from": [18.35, 7.8, 8.85],
			"to": [18.575, 8.025, 8.875],
			"rotation": {"angle": 0, "axis": "y", "origin": [-0.05, 0, 0]},
			"faces": {
				"north": {"uv": [10, 10, 10.125, 10.125], "texture": "#1"},
				"east": {"uv": [10.5, 8, 10.5625, 8.125], "texture": "#1"},
				"south": {"uv": [0, 10.5, 0.125, 10.625], "texture": "#1"},
				"west": {"uv": [8.5, 10.5, 8.5625, 10.625], "texture": "#1"},
				"up": {"uv": [10.625, 8.5625, 10.5, 8.5], "texture": "#1"},
				"down": {"uv": [9.125, 10.5, 9, 10.5625], "texture": "#1"}
			}
		},
		{
			"from": [18.7, 8.05, 8.3],
			"to": [19.15, 8.325, 8.7],
			"rotation": {"angle": 0, "axis": "y", "origin": [-0.05, 0, 0]},
			"faces": {
				"north": {"uv": [9.5, 7.5, 9.75, 7.625], "texture": "#1"},
				"east": {"uv": [1, 10, 1.1875, 10.125], "texture": "#1"},
				"south": {"uv": [8, 9.5, 8.25, 9.625], "texture": "#1"},
				"west": {"uv": [10, 1, 10.1875, 1.125], "texture": "#1"},
				"up": {"uv": [0.75, 9.6875, 0.5, 9.5], "texture": "#1"},
				"down": {"uv": [9.75, 0.5, 9.5, 0.6875], "texture": "#1"}
			}
		},
		{
			"from": [18.85, 8.325, 8.45],
			"to": [19, 8.5, 8.55],
			"rotation": {"angle": 0, "axis": "y", "origin": [-0.05, 0, 0]},
			"faces": {
				"north": {"uv": [11.5, 1.5, 11.5625, 1.5625], "texture": "#1"},
				"east": {"uv": [2, 11.5, 2.0625, 11.5625], "texture": "#1"},
				"south": {"uv": [11.5, 2, 11.5625, 2.0625], "texture": "#1"},
				"west": {"uv": [2.5, 11.5, 2.5625, 11.5625], "texture": "#1"},
				"up": {"uv": [11.5625, 2.5625, 11.5, 2.5], "texture": "#1"},
				"down": {"uv": [3.0625, 11.5, 3, 11.5625], "texture": "#1"}
			}
		},
		{
			"from": [18.8, 8.5, 8.45],
			"to": [19.05, 8.525, 8.55],
			"rotation": {"angle": 0, "axis": "y", "origin": [-0.05, 0, 0]},
			"faces": {
				"north": {"uv": [10.5, 9, 10.625, 9.0625], "texture": "#1"},
				"east": {"uv": [11.5, 3, 11.5625, 3.0625], "texture": "#1"},
				"south": {"uv": [9.5, 10.5, 9.625, 10.5625], "texture": "#1"},
				"west": {"uv": [3.5, 11.5, 3.5625, 11.5625], "texture": "#1"},
				"up": {"uv": [10.625, 9.5625, 10.5, 9.5], "texture": "#1"},
				"down": {"uv": [10.125, 10.5, 10, 10.5625], "texture": "#1"}
			}
		},
		{
			"from": [18.8, 8.5, 8.425],
			"to": [19.05, 8.775, 8.45],
			"rotation": {"angle": 0, "axis": "y", "origin": [-0.05, 0, 0]},
			"faces": {
				"north": {"uv": [10.5, 0, 10.625, 0.125], "texture": "#1"},
				"east": {"uv": [10.5, 10, 10.5625, 10.125], "texture": "#1"},
				"south": {"uv": [0.5, 10.5, 0.625, 10.625], "texture": "#1"},
				"west": {"uv": [10.5, 10.5, 10.5625, 10.625], "texture": "#1"},
				"up": {"uv": [0.125, 11.0625, 0, 11], "texture": "#1"},
				"down": {"uv": [11.125, 0, 11, 0.0625], "texture": "#1"}
			}
		},
		{
			"from": [18.8, 8.5, 8.55],
			"to": [19.05, 8.775, 8.575],
			"rotation": {"angle": 0, "axis": "y", "origin": [-0.05, 0, 0]},
			"faces": {
				"north": {"uv": [10.5, 0.5, 10.625, 0.625], "texture": "#1"},
				"east": {"uv": [0.5, 11, 0.5625, 11.125], "texture": "#1"},
				"south": {"uv": [1, 10.5, 1.125, 10.625], "texture": "#1"},
				"west": {"uv": [11, 0.5, 11.0625, 0.625], "texture": "#1"},
				"up": {"uv": [1.125, 11.0625, 1, 11], "texture": "#1"},
				"down": {"uv": [11.125, 1, 11, 1.0625], "texture": "#1"}
			}
		},
		{
			"from": [18.8, 8.75, 8.45],
			"to": [19.05, 8.775, 8.55],
			"rotation": {"angle": 0, "axis": "y", "origin": [-0.05, 0, 0]},
			"faces": {
				"north": {"uv": [1.5, 11, 1.625, 11.0625], "texture": "#1"},
				"east": {"uv": [11.5, 3.5, 11.5625, 3.5625], "texture": "#1"},
				"south": {"uv": [11, 1.5, 11.125, 1.5625], "texture": "#1"},
				"west": {"uv": [4, 11.5, 4.0625, 11.5625], "texture": "#1"},
				"up": {"uv": [2.125, 11.0625, 2, 11], "texture": "#1"},
				"down": {"uv": [11.125, 2, 11, 2.0625], "texture": "#1"}
			}
		},
		{
			"from": [18.025, 8.1, 8.4],
			"to": [18.175, 8.225, 8.6],
			"rotation": {"angle": 0, "axis": "y", "origin": [-0.05, 0, 0]},
			"faces": {
				"north": {"uv": [11.5, 4, 11.5625, 4.0625], "texture": "#1"},
				"east": {"uv": [2.5, 11, 2.625, 11.0625], "texture": "#1"},
				"south": {"uv": [4.5, 11.5, 4.5625, 11.5625], "texture": "#1"},
				"west": {"uv": [11, 2.5, 11.125, 2.5625], "texture": "#1"},
				"up": {"uv": [3.0625, 11.125, 3, 11], "texture": "#1"},
				"down": {"uv": [11.0625, 3, 11, 3.125], "texture": "#1"}
			}
		},
		{
			"from": [17, 8.05, 8.35],
			"to": [18.025, 8.275, 8.65],
			"rotation": {"angle": 0, "axis": "y", "origin": [-0.05, 0, 0]},
			"faces": {
				"north": {"uv": [9, 0.5, 9.5, 0.625], "texture": "#1"},
				"east": {"uv": [10.5, 1, 10.625, 1.125], "texture": "#1"},
				"south": {"uv": [1, 9, 1.5, 9.125], "texture": "#1"},
				"west": {"uv": [1.5, 10.5, 1.625, 10.625], "texture": "#1"},
				"up": {"uv": [9.5, 1.125, 9, 1], "texture": "#1"},
				"down": {"uv": [9.5, 1.5, 9, 1.625], "texture": "#1"}
			}
		},
		{
			"from": [16.725, 8.025, 7.8],
			"to": [17.05, 8.3, 8.1],
			"rotation": {"angle": 0, "axis": "y", "origin": [-0.05, 0, 0]},
			"faces": {
				"north": {"uv": [1.5, 10, 1.6875, 10.125], "texture": "#1"},
				"east": {"uv": [10.5, 1.5, 10.625, 1.625], "texture": "#1"},
				"south": {"uv": [10, 1.5, 10.1875, 1.625], "texture": "#1"},
				"west": {"uv": [2, 10.5, 2.125, 10.625], "texture": "#1"},
				"up": {"uv": [2.1875, 10.125, 2, 10], "texture": "#1"},
				"down": {"uv": [10.1875, 2, 10, 2.125], "texture": "#1"}
			}
		},
		{
			"from": [16.725, 8.025, 8.9],
			"to": [17.05, 8.3, 9.2],
			"rotation": {"angle": 0, "axis": "y", "origin": [-0.05, 0, 0]},
			"faces": {
				"north": {"uv": [2.5, 10, 2.6875, 10.125], "texture": "#1"},
				"east": {"uv": [10.5, 2, 10.625, 2.125], "texture": "#1"},
				"south": {"uv": [10, 2.5, 10.1875, 2.625], "texture": "#1"},
				"west": {"uv": [2.5, 10.5, 2.625, 10.625], "texture": "#1"},
				"up": {"uv": [3.1875, 10.125, 3, 10], "texture": "#1"},
				"down": {"uv": [10.1875, 3, 10, 3.125], "texture": "#1"}
			}
		},
		{
			"from": [8.8, 7.15, 8.2],
			"to": [12.55, 7.525, 8.8],
			"rotation": {"angle": 0, "axis": "y", "origin": [-0.05, 0, 0]},
			"faces": {
				"north": {"uv": [5, 0.5, 6.875, 0.6875], "texture": "#1"},
				"east": {"uv": [5.5, 9, 5.8125, 9.1875], "texture": "#1"},
				"south": {"uv": [3, 5, 4.875, 5.1875], "texture": "#1"},
				"west": {"uv": [9, 5.5, 9.3125, 5.6875], "texture": "#1"},
				"up": {"uv": [3.875, 4.3125, 2, 4], "texture": "#1"},
				"down": {"uv": [5.875, 2, 4, 2.3125], "texture": "#1"}
			}
		},
		{
			"from": [8.8, 7.525, 8.3],
			"to": [12.55, 7.65, 8.7],
			"rotation": {"angle": 0, "axis": "y", "origin": [-0.05, 0, 0]},
			"faces": {
				"north": {"uv": [7, 7.5, 8.875, 7.5625], "texture": "#1"},
				"east": {"uv": [10.5, 6, 10.6875, 6.0625], "texture": "#1"},
				"south": {"uv": [8, 0, 9.875, 0.0625], "texture": "#1"},
				"west": {"uv": [6.5, 10.5, 6.6875, 10.5625], "texture": "#1"},
				"up": {"uv": [6.875, 3.1875, 5, 3], "texture": "#1"},
				"down": {"uv": [6.875, 3.5, 5, 3.6875], "texture": "#1"}
			}
		},
		{
			"from": [12.55, 7.15, 8.2],
			"to": [13.7, 8.025, 8.8],
			"rotation": {"angle": 0, "axis": "y", "origin": [-0.05, 0, 0]},
			"faces": {
				"north": {"uv": [3, 4.5, 3.5625, 4.9375], "texture": "#1"},
				"east": {"uv": [5.5, 7.5, 5.8125, 7.9375], "texture": "#1"},
				"south": {"uv": [4, 6.5, 4.5625, 6.9375], "texture": "#1"},
				"west": {"uv": [6, 7.5, 6.3125, 7.9375], "texture": "#1"},
				"up": {"uv": [7.0625, 5.8125, 6.5, 5.5], "texture": "#1"},
				"down": {"uv": [6.5625, 6.5, 6, 6.8125], "texture": "#1"}
			}
		},
		{
			"from": [12.325, 6.275, 8.225],
			"to": [13.3, 7.4, 8.775],
			"rotation": {"angle": 22.5, "axis": "z", "origin": [12.8125, 6.7125, 8.5]},
			"faces": {
				"north": {"uv": [6, 2, 6.5, 2.5625], "texture": "#1"},
				"east": {"uv": [5, 7.5, 5.25, 8.0625], "texture": "#1"},
				"south": {"uv": [6, 4, 6.5, 4.5625], "texture": "#1"},
				"west": {"uv": [7.5, 5, 7.75, 5.5625], "texture": "#1"},
				"up": {"uv": [8, 6.25, 7.5, 6], "texture": "#1"},
				"down": {"uv": [7, 7.5, 6.5, 7.75], "texture": "#1"}
			}
		},
		{
			"from": [11.6, 6.175, 8.3],
			"to": [12.575, 7.4, 8.7],
			"rotation": {"angle": 0, "axis": "z", "origin": [12.8125, 6.7125, 8.5]},
			"faces": {
				"north": {"uv": [5.5, 4, 6, 4.625], "texture": "#1"},
				"east": {"uv": [0, 8, 0.1875, 8.625], "texture": "#1"},
				"south": {"uv": [4.5, 5.5, 5, 6.125], "texture": "#1"},
				"west": {"uv": [2, 8, 2.1875, 8.625], "texture": "#1"},
				"up": {"uv": [6.5, 8.1875, 6, 8], "texture": "#1"},
				"down": {"uv": [8.5, 6, 8, 6.1875], "texture": "#1"}
			}
		},
		{
			"from": [9.15, 6.125, 8.225],
			"to": [11.6, 7.4, 8.775],
			"rotation": {"angle": 0, "axis": "z", "origin": [12.8125, 6.7125, 8.5]},
			"faces": {
				"north": {"uv": [2.5, 1, 3.75, 1.625], "texture": "#1"},
				"east": {"uv": [7.5, 0, 7.75, 0.625], "texture": "#1"},
				"south": {"uv": [2.5, 2, 3.75, 2.625], "texture": "#1"},
				"west": {"uv": [0.5, 7.5, 0.75, 8.125], "texture": "#1"},
				"up": {"uv": [6.25, 5.75, 5, 5.5], "texture": "#1"},
				"down": {"uv": [6.75, 5, 5.5, 5.25], "texture": "#1"}
			}
		},
		{
			"from": [7.8, 6.175, 8.275],
			"to": [9.15, 7.4, 8.725],
			"rotation": {"angle": 0, "axis": "z", "origin": [12.8125, 6.7125, 8.5]},
			"faces": {
				"north": {"uv": [4, 4, 4.6875, 4.625], "texture": "#1"},
				"east": {"uv": [1, 7.5, 1.25, 8.125], "texture": "#1"},
				"south": {"uv": [2, 4.5, 2.6875, 5.125], "texture": "#1"},
				"west": {"uv": [1.5, 7.5, 1.75, 8.125], "texture": "#1"},
				"up": {"uv": [3.1875, 7.25, 2.5, 7], "texture": "#1"},
				"down": {"uv": [7.6875, 3, 7, 3.25], "texture": "#1"}
			}
		},
		{
			"from": [4.95, 7, 8.325],
			"to": [7.8, 7.35, 8.675],
			"rotation": {"angle": 0, "axis": "z", "origin": [12.8125, 6.7125, 8.5]},
			"faces": {
				"north": {"uv": [6, 6, 7.4375, 6.1875], "texture": "#1"},
				"east": {"uv": [9.5, 5.5, 9.6875, 5.6875], "texture": "#1"},
				"south": {"uv": [6.5, 2, 7.9375, 2.1875], "texture": "#1"},
				"west": {"uv": [6, 9.5, 6.1875, 9.6875], "texture": "#1"},
				"up": {"uv": [3.9375, 6.6875, 2.5, 6.5], "texture": "#1"},
				"down": {"uv": [7.9375, 2.5, 6.5, 2.6875], "texture": "#1"}
			}
		},
		{
			"from": [4.4, 6.75, 8.25],
			"to": [4.95, 7.575, 8.75],
			"rotation": {"angle": 0, "axis": "z", "origin": [12.8125, 6.7125, 8.5]},
			"faces": {
				"north": {"uv": [8, 0.5, 8.25, 0.9375], "texture": "#1"},
				"east": {"uv": [8, 2, 8.25, 2.4375], "texture": "#1"},
				"south": {"uv": [2.5, 8, 2.75, 8.4375], "texture": "#1"},
				"west": {"uv": [8, 2.5, 8.25, 2.9375], "texture": "#1"},
				"up": {"uv": [2.25, 9.25, 2, 9], "texture": "#1"},
				"down": {"uv": [9.25, 2, 9, 2.25], "texture": "#1"}
			}
		},
		{
			"from": [4.4, 5.85, 8.25],
			"to": [4.825, 6.75, 8.75],
			"rotation": {"angle": 0, "axis": "z", "origin": [12.8125, 6.7125, 8.5]},
			"faces": {
				"north": {"uv": [8.5, 5.5, 8.6875, 5.9375], "texture": "#1"},
				"east": {"uv": [3, 8, 3.25, 8.4375], "texture": "#1"},
				"south": {"uv": [8.5, 6, 8.6875, 6.4375], "texture": "#1"},
				"west": {"uv": [8, 3, 8.25, 3.4375], "texture": "#1"},
				"up": {"uv": [1.1875, 9.75, 1, 9.5], "texture": "#1"},
				"down": {"uv": [9.6875, 1, 9.5, 1.25], "texture": "#1"}
			}
		},
		{
			"from": [7.125, 7.35, 8.375],
			"to": [7.8, 7.525, 8.625],
			"rotation": {"angle": 0, "axis": "z", "origin": [12.8125, 6.7125, 8.5]},
			"faces": {
				"north": {"uv": [4, 10, 4.3125, 10.0625], "texture": "#1"},
				"east": {"uv": [3.5, 11, 3.625, 11.0625], "texture": "#1"},
				"south": {"uv": [10, 4, 10.3125, 4.0625], "texture": "#1"},
				"west": {"uv": [11, 3.5, 11.125, 3.5625], "texture": "#1"},
				"up": {"uv": [9.8125, 4.125, 9.5, 4], "texture": "#1"},
				"down": {"uv": [9.8125, 4.5, 9.5, 4.625], "texture": "#1"}
			}
		},
		{
			"from": [7.2, 6.85, 8.375],
			"to": [7.8, 7.025, 8.625],
			"rotation": {"angle": 0, "axis": "z", "origin": [12.8125, 6.7125, 8.5]},
			"faces": {
				"north": {"uv": [4.5, 10, 4.8125, 10.0625], "texture": "#1"},
				"east": {"uv": [4, 11, 4.125, 11.0625], "texture": "#1"},
				"south": {"uv": [10, 4.5, 10.3125, 4.5625], "texture": "#1"},
				"west": {"uv": [11, 4, 11.125, 4.0625], "texture": "#1"},
				"up": {"uv": [5.3125, 9.625, 5, 9.5], "texture": "#1"},
				"down": {"uv": [5.8125, 9.5, 5.5, 9.625], "texture": "#1"}
			}
		},
		{
			"from": [7.525, 6.55, 8.375],
			"to": [7.7, 6.85, 8.625],
			"rotation": {"angle": 0, "axis": "z", "origin": [12.8125, 6.7125, 8.5]},
			"faces": {
				"north": {"uv": [4.5, 11, 4.5625, 11.125], "texture": "#1"},
				"east": {"uv": [10.5, 2.5, 10.625, 2.625], "texture": "#1"},
				"south": {"uv": [11, 4.5, 11.0625, 4.625], "texture": "#1"},
				"west": {"uv": [3, 10.5, 3.125, 10.625], "texture": "#1"},
				"up": {"uv": [5.0625, 11.125, 5, 11], "texture": "#1"},
				"down": {"uv": [11.0625, 5, 11, 5.125], "texture": "#1"}
			}
		},
		{
			"from": [10.275, 5.325, 8.4],
			"to": [11.225, 5.4, 8.6],
			"rotation": {"angle": 0, "axis": "z", "origin": [12.8125, 6.7125, 8.5]},
			"faces": {
				"north": {"uv": [9.5, 8, 10, 8.0625], "texture": "#1"},
				"east": {"uv": [5.5, 11, 5.625, 11.0625], "texture": "#1"},
				"south": {"uv": [8.5, 9.5, 9, 9.5625], "texture": "#1"},
				"west": {"uv": [11, 5.5, 11.125, 5.5625], "texture": "#1"},
				"up": {"uv": [9.5, 2.625, 9, 2.5], "texture": "#1"},
				"down": {"uv": [9.5, 3, 9, 3.125], "texture": "#1"}
			}
		},
		{
			"from": [10.2, 5.3, 8.375],
			"to": [10.275, 5.425, 8.625],
			"rotation": {"angle": 0, "axis": "z", "origin": [12.8125, 6.7125, 8.5]},
			"faces": {
				"north": {"uv": [11.5, 4.5, 11.5625, 4.5625], "texture": "#1"},
				"east": {"uv": [6, 11, 6.125, 11.0625], "texture": "#1"},
				"south": {"uv": [5, 11.5, 5.0625, 11.5625], "texture": "#1"},
				"west": {"uv": [11, 6, 11.125, 6.0625], "texture": "#1"},
				"up": {"uv": [6.5625, 11.125, 6.5, 11], "texture": "#1"},
				"down": {"uv": [11.0625, 6.5, 11, 6.625], "texture": "#1"}
			}
		},
		{
			"from": [11.03763, 5.76009, 8.4],
			"to": [11.11263, 6.56009, 8.6],
			"rotation": {"angle": -22.5, "axis": "z", "origin": [10.07513, 5.26009, 8.5]},
			"faces": {
				"north": {"uv": [3.5, 10, 3.5625, 10.375], "texture": "#1"},
				"east": {"uv": [9.5, 1.5, 9.625, 1.875], "texture": "#1"},
				"south": {"uv": [10, 3.5, 10.0625, 3.875], "texture": "#1"},
				"west": {"uv": [2, 9.5, 2.125, 9.875], "texture": "#1"},
				"up": {"uv": [7.0625, 11.125, 7, 11], "texture": "#1"},
				"down": {"uv": [11.0625, 7, 11, 7.125], "texture": "#1"}
			}
		},
		{
			"from": [11.01263, 6.56009, 8.375],
			"to": [11.13763, 6.66009, 8.625],
			"rotation": {"angle": -22.5, "axis": "z", "origin": [10.07513, 5.26009, 8.5]},
			"faces": {
				"north": {"uv": [11.5, 5, 11.5625, 5.0625], "texture": "#1"},
				"east": {"uv": [7.5, 11, 7.625, 11.0625], "texture": "#1"},
				"south": {"uv": [5.5, 11.5, 5.5625, 11.5625], "texture": "#1"},
				"west": {"uv": [11, 7.5, 11.125, 7.5625], "texture": "#1"},
				"up": {"uv": [8.0625, 11.125, 8, 11], "texture": "#1"},
				"down": {"uv": [11.0625, 8, 11, 8.125], "texture": "#1"}
			}
		},
		{
			"from": [10.51851, 5.56374, 8.4],
			"to": [10.59351, 5.81374, 8.6],
			"rotation": {"angle": 22.5, "axis": "z", "origin": [10.63101, 6.03874, 8.5]},
			"faces": {
				"north": {"uv": [8.5, 11, 8.5625, 11.125], "texture": "#1"},
				"east": {"uv": [10.5, 3, 10.625, 3.125], "texture": "#1"},
				"south": {"uv": [11, 8.5, 11.0625, 8.625], "texture": "#1"},
				"west": {"uv": [3.5, 10.5, 3.625, 10.625], "texture": "#1"},
				"up": {"uv": [9.0625, 11.125, 9, 11], "texture": "#1"},
				"down": {"uv": [11.0625, 9, 11, 9.125], "texture": "#1"}
			}
		},
		{
			"from": [10.61317, 5.78781, 8.4],
			"to": [10.68817, 5.96281, 8.6],
			"rotation": {"angle": 0, "axis": "z", "origin": [10.60067, 5.86281, 8.5]},
			"faces": {
				"north": {"uv": [11.5, 5.5, 11.5625, 5.5625], "texture": "#1"},
				"east": {"uv": [9.5, 11, 9.625, 11.0625], "texture": "#1"},
				"south": {"uv": [6, 11.5, 6.0625, 11.5625], "texture": "#1"},
				"west": {"uv": [11, 9.5, 11.125, 9.5625], "texture": "#1"},
				"up": {"uv": [10.0625, 11.125, 10, 11], "texture": "#1"},
				"down": {"uv": [11.0625, 10, 11, 10.125], "texture": "#1"}
			}
		},
		{
			"from": [10.61317, 5.96281, 8.4],
			"to": [10.78817, 6.13781, 8.6],
			"rotation": {"angle": 0, "axis": "z", "origin": [10.75067, 6.03781, 8.5]},
			"faces": {
				"north": {"uv": [11.5, 6, 11.5625, 6.0625], "texture": "#1"},
				"east": {"uv": [10.5, 11, 10.625, 11.0625], "texture": "#1"},
				"south": {"uv": [6.5, 11.5, 6.5625, 11.5625], "texture": "#1"},
				"west": {"uv": [11, 10.5, 11.125, 10.5625], "texture": "#1"},
				"up": {"uv": [11.0625, 11.125, 11, 11], "texture": "#1"},
				"down": {"uv": [0.0625, 11.5, 0, 11.625], "texture": "#1"}
			}
		},
		{
			"from": [9.4875, 3.9375, 8.25],
			"to": [10.7625, 6.2375, 8.75],
			"rotation": {"angle": -22.5, "axis": "z", "origin": [10.375, 6.7625, 8.5]},
			"faces": {
				"north": {"uv": [0, 4, 0.625, 5.125], "texture": "#1"},
				"east": {"uv": [5, 6, 5.25, 7.125], "texture": "#1"},
				"south": {"uv": [1, 4, 1.625, 5.125], "texture": "#1"},
				"west": {"uv": [5.5, 6, 5.75, 7.125], "texture": "#1"},
				"up": {"uv": [2.625, 7.75, 2, 7.5], "texture": "#1"},
				"down": {"uv": [8.125, 3.5, 7.5, 3.75], "texture": "#1"}
			}
		},
		{
			"from": [13.1, 3.475, 8.275],
			"to": [13.25, 6.275, 8.725],
			"rotation": {"angle": 22.5, "axis": "z", "origin": [12.8125, 6.7125, 8.5]},
			"faces": {
				"north": {"uv": [8.5, 0.5, 8.5625, 1.875], "texture": "#1"},
				"east": {"uv": [5, 4, 5.25, 5.375], "texture": "#1"},
				"south": {"uv": [1.5, 8.5, 1.5625, 9.875], "texture": "#1"},
				"west": {"uv": [0, 5.5, 0.25, 6.875], "texture": "#1"},
				"up": {"uv": [10.5625, 3.75, 10.5, 3.5], "texture": "#1"},
				"down": {"uv": [4.0625, 10.5, 4, 10.75], "texture": "#1"}
			}
		},
		{
			"from": [12.75, 3.475, 8.275],
			"to": [12.925, 6.275, 8.725],
			"rotation": {"angle": 22.5, "axis": "z", "origin": [12.8125, 6.7125, 8.5]},
			"faces": {
				"north": {"uv": [8.5, 2, 8.5625, 3.375], "texture": "#1"},
				"east": {"uv": [0.5, 5.5, 0.75, 6.875], "texture": "#1"},
				"south": {"uv": [2.5, 8.5, 2.5625, 9.875], "texture": "#1"},
				"west": {"uv": [1, 5.5, 1.25, 6.875], "texture": "#1"},
				"up": {"uv": [10.5625, 4.25, 10.5, 4], "texture": "#1"},
				"down": {"uv": [4.5625, 10.5, 4.5, 10.75], "texture": "#1"}
			}
		},
		{
			"from": [12.425, 3.175, 8.275],
			"to": [13.25, 3.475, 8.725],
			"rotation": {"angle": 22.5, "axis": "z", "origin": [12.8125, 6.7125, 8.5]},
			"faces": {
				"north": {"uv": [6, 9, 6.4375, 9.125], "texture": "#1"},
				"east": {"uv": [9.5, 8.5, 9.75, 8.625], "texture": "#1"},
				"south": {"uv": [9, 6, 9.4375, 6.125], "texture": "#1"},
				"west": {"uv": [9, 9.5, 9.25, 9.625], "texture": "#1"},
				"up": {"uv": [4.9375, 8.25, 4.5, 8], "texture": "#1"},
				"down": {"uv": [8.4375, 5, 8, 5.25], "texture": "#1"}
			}
		},
		{
			"from": [12.6, 3.45, 8.375],
			"to": [12.75, 3.575, 8.625],
			"rotation": {"angle": 22.5, "axis": "z", "origin": [12.8125, 6.7125, 8.5]},
			"faces": {
				"north": {"uv": [11.5, 6.5, 11.5625, 6.5625], "texture": "#1"},
				"east": {"uv": [11.5, 0, 11.625, 0.0625], "texture": "#1"},
				"south": {"uv": [7, 11.5, 7.0625, 11.5625], "texture": "#1"},
				"west": {"uv": [0.5, 11.5, 0.625, 11.5625], "texture": "#1"},
				"up": {"uv": [11.5625, 0.625, 11.5, 0.5], "texture": "#1"},
				"down": {"uv": [1.0625, 11.5, 1, 11.625], "texture": "#1"}
			}
		},
		{
			"from": [12.425, 3.475, 8.275],
			"to": [12.6, 6.275, 8.725],
			"rotation": {"angle": 22.5, "axis": "z", "origin": [12.8125, 6.7125, 8.5]},
			"faces": {
				"north": {"uv": [3, 8.5, 3.0625, 9.875], "texture": "#1"},
				"east": {"uv": [1.5, 5.5, 1.75, 6.875], "texture": "#1"},
				"south": {"uv": [3.5, 8.5, 3.5625, 9.875], "texture": "#1"},
				"west": {"uv": [2, 5.5, 2.25, 6.875], "texture": "#1"},
				"up": {"uv": [10.5625, 4.75, 10.5, 4.5], "texture": "#1"},
				"down": {"uv": [5.0625, 10.5, 5, 10.75], "texture": "#1"}
			}
		},
		{
			"from": [12.925, 3.475, 8.35],
			"to": [13.1, 6.275, 8.65],
			"rotation": {"angle": 22.5, "axis": "z", "origin": [12.8125, 6.7125, 8.5]},
			"faces": {
				"north": {"uv": [4, 8.5, 4.0625, 9.875], "texture": "#1"},
				"east": {"uv": [3.5, 7, 3.625, 8.375], "texture": "#1"},
				"south": {"uv": [4.5, 8.5, 4.5625, 9.875], "texture": "#1"},
				"west": {"uv": [4, 7, 4.125, 8.375], "texture": "#1"},
				"up": {"uv": [11.5625, 1.125, 11.5, 1], "texture": "#1"},
				"down": {"uv": [1.5625, 11.5, 1.5, 11.625], "texture": "#1"}
			}
		},
		{
			"from": [7.65, 7.15, 8.2],
			"to": [8.8, 8.325, 8.8],
			"rotation": {"angle": 0, "axis": "y", "origin": [-0.05, 0, 0]},
			"faces": {
				"north": {"uv": [2.5, 5.5, 3.0625, 6.0625], "texture": "#1"},
				"east": {"uv": [0, 7, 0.3125, 7.5625], "texture": "#1"},
				"south": {"uv": [3.5, 5.5, 4.0625, 6.0625], "texture": "#1"},
				"west": {"uv": [7, 0, 7.3125, 0.5625], "texture": "#1"},
				"up": {"uv": [1.0625, 7.3125, 0.5, 7], "texture": "#1"},
				"down": {"uv": [2.0625, 7, 1.5, 7.3125], "texture": "#1"}
			}
		},
		{
			"from": [13.7, 6.9, 8.15],
			"to": [17.85, 7.15, 8.85],
			"faces": {
				"north": {"uv": [6.5, 4, 8.5625, 4.125], "texture": "#1"},
				"east": {"uv": [9.5, 2, 9.875, 2.125], "texture": "#1"},
				"south": {"uv": [6.5, 4.5, 8.5625, 4.625], "texture": "#1"},
				"west": {"uv": [9.5, 2.5, 9.875, 2.625], "texture": "#1"},
				"up": {"uv": [2.0625, 3.375, 0, 3], "texture": "#1"},
				"down": {"uv": [4.5625, 3, 2.5, 3.375], "texture": "#1"}
			}
		},
		{
			"from": [19.25, 7.25, 8.25],
			"to": [19.5, 7.75, 8.75],
			"faces": {
				"north": {"uv": [9.5, 9, 9.625, 9.25], "texture": "#1"},
				"east": {"uv": [9, 3.5, 9.25, 3.75], "texture": "#1"},
				"south": {"uv": [9.5, 9.5, 9.625, 9.75], "texture": "#1"},
				"west": {"uv": [9, 4, 9.25, 4.25], "texture": "#1"},
				"up": {"uv": [0.125, 10.25, 0, 10], "texture": "#1"},
				"down": {"uv": [10.125, 0, 10, 0.25], "texture": "#1"}
			}
		}
	],
	"display": {
		"thirdperson_righthand": {
			"rotation": [70, -180, -8],
			"translation": [-1.25, -1.75, 2.75],
			"scale": [1.3, 1.3, 1.3]
		},
		"thirdperson_lefthand": {
			"rotation": [70, -180, 8],
			"translation": [-10.75, -1.75, 2.75],
			"scale": [1.3, 1.3, 1.3]
		},
		"firstperson_righthand": {
			"rotation": [0, -180, 24],
			"translation": [6.75, 0, 0],
			"scale": [0.65, 1, 1]
		},
		"firstperson_lefthand": {
			"rotation": [0, -180, -24],
			"translation": [-25, 0, 0],
			"scale": [0.65, 1, 1]
		},
		"ground": {
			"translation": [-5, 0, 0],
			"scale": [0.8, 0.8, 0.8]
		},
		"gui": {
			"rotation": [0, -180, 34.75],
			"translation": [5, -2.5, 0],
			"scale": [0.9, 0.8, 0.8]
		},
		"head": {
			"rotation": [0, 0, 34.5],
			"translation": [-11, -20, 4.5],
			"scale": [2.1, 2.1, 2.3]
		},
		"fixed": {
			"rotation": [0, 0, 31.25],
			"translation": [-6.5, -2.25, -1.5],
			"scale": [1.1, 1.1, 1.1]
		}
	}
}