{
	"credit": "Made with Blockbench",
	"parent": "block/block",
	"elements": [
		{
			"from": [8, 0, 5],
			"to": [10, 6, 7],
			"rotation": {"angle": 0, "axis": "y", "origin": [1, 0, -2]},
			"faces": {
				"north": {"uv": [0, 8, 2, 14], "texture": "#all"},
				"east": {"uv": [0, 8, 2, 14], "texture": "#all"},
				"south": {"uv": [0, 8, 2, 14], "texture": "#all"},
				"west": {"uv": [0, 8, 2, 14], "texture": "#all"},
				"up": {"uv": [0, 6, 2, 8], "texture": "#all"},
				"down": {"uv": [0, 14, 2, 16], "texture": "#all", "cullface": "down"}
			}
		},
		{
			"from": [8.5, 6, 6],
			"to": [9.5, 7, 6],
			"rotation": {"angle": 45, "axis": "y", "origin": [9, 6, 6]},
			"faces": {
				"north": {"uv": [0, 5, 1, 6], "texture": "#all"},
				"east": {"uv": [0, 0, 0, 0], "texture": "#all"},
				"south": {"uv": [0, 5, 1, 6], "texture": "#all"},
				"west": {"uv": [0, 0, 0, 0], "texture": "#all"},
				"up": {"uv": [0, 0, 0, 0], "texture": "#all"},
				"down": {"uv": [0, 0, 0, 0], "texture": "#all"}
			}
		},
		{
			"from": [8.5, 6, 6],
			"to": [9.5, 7, 6],
			"rotation": {"angle": -45, "axis": "y", "origin": [9, 6, 6]},
			"faces": {
				"north": {"uv": [0, 5, 1, 6], "texture": "#all"},
				"east": {"uv": [0, 0, 0, 0], "texture": "#all"},
				"south": {"uv": [0, 5, 1, 6], "texture": "#all"},
				"west": {"uv": [0, 0, 0, 0], "texture": "#all"},
				"up": {"uv": [0, 0, 0, 0], "texture": "#all"},
				"down": {"uv": [0, 0, 0, 0], "texture": "#all"}
			}
		},
		{
			"from": [7.625, 0, 4.625],
			"to": [10.375, 2.25, 7.375],
			"rotation": {"angle": 0, "axis": "y", "origin": [1, 1.5, -2]},
			"faces": {
				"north": {"uv": [13, 0, 16, 3], "texture": "#all"},
				"east": {"uv": [13, 0, 16, 3], "texture": "#all"},
				"south": {"uv": [13, 0, 16, 3], "texture": "#all"},
				"west": {"uv": [13, 0, 16, 3], "texture": "#all"},
				"up": {"uv": [10, 0, 13, 3], "texture": "#all"},
				"down": {"uv": [10, 0, 13, 3], "texture": "#all", "cullface": "down"}
			}
		},
		{
			"from": [7.875, 3.875, 4.875],
			"to": [10.125, 6.125, 7.125],
			"rotation": {"angle": 0, "axis": "y", "origin": [-5, 1.5, -5]},
			"faces": {
				"north": {"uv": [14, 12, 16, 14], "texture": "#all"},
				"east": {"uv": [14, 12, 16, 14], "texture": "#all"},
				"south": {"uv": [14, 12, 16, 14], "texture": "#all"},
				"west": {"uv": [14, 12, 16, 14], "texture": "#all"},
				"up": {"uv": [14, 10, 16, 12], "texture": "#all"},
				"down": {"uv": [14, 10, 16, 12], "texture": "#all", "cullface": "down"}
			}
		},
		{
			"from": [9, 2.75, 4.875],
			"to": [10.125, 3.875, 4.875],
			"rotation": {"angle": 0, "axis": "y", "origin": [3, 8, 3]},
			"faces": {
				"north": {"uv": [14, 14, 15, 15], "texture": "#all"},
				"east": {"uv": [14, 12, 16, 15], "texture": "#all"},
				"south": {"uv": [14, 12, 16, 15], "texture": "#all"},
				"west": {"uv": [14, 12, 16, 15], "texture": "#all"},
				"up": {"uv": [14, 10, 16, 12], "rotation": 90, "texture": "#all"},
				"down": {"uv": [14, 8, 16, 10], "rotation": 270, "texture": "#all", "cullface": "down"}
			}
		},
		{
			"from": [7.875, 2.75, 4.875],
			"to": [7.875, 3.875, 6],
			"rotation": {"angle": 0, "axis": "z", "origin": [3, 8, 3]},
			"faces": {
				"north": {"uv": [14, 12, 16, 15], "texture": "#all"},
				"east": {"uv": [14, 12, 16, 15], "texture": "#all"},
				"south": {"uv": [14, 12, 16, 15], "texture": "#all"},
				"west": {"uv": [14, 14, 15, 15], "texture": "#all"},
				"up": {"uv": [14, 10, 16, 12], "texture": "#all"},
				"down": {"uv": [14, 8, 16, 10], "texture": "#all", "cullface": "down"}
			}
		},
		{
			"from": [7.875, 2.75, 7.125],
			"to": [9, 3.875, 7.125],
			"rotation": {"angle": 0, "axis": "y", "origin": [3, 8, 3]},
			"faces": {
				"north": {"uv": [14, 12, 16, 15], "texture": "#all"},
				"east": {"uv": [14, 12, 16, 15], "texture": "#all"},
				"south": {"uv": [14, 14, 15, 15], "texture": "#all"},
				"west": {"uv": [14, 12, 16, 15], "texture": "#all"},
				"up": {"uv": [14, 10, 16, 12], "rotation": 270, "texture": "#all"},
				"down": {"uv": [14, 8, 16, 10], "rotation": 90, "texture": "#all", "cullface": "down"}
			}
		},
		{
			"from": [10.125, 2.75, 6],
			"to": [10.125, 3.875, 7.125],
			"rotation": {"angle": 0, "axis": "y", "origin": [3, 8, 3]},
			"faces": {
				"north": {"uv": [14, 12, 16, 15], "texture": "#all"},
				"east": {"uv": [14, 14, 15, 15], "texture": "#all"},
				"south": {"uv": [14, 12, 16, 15], "texture": "#all"},
				"west": {"uv": [14, 12, 16, 15], "texture": "#all"},
				"up": {"uv": [14, 10, 16, 12], "rotation": 180, "texture": "#all"},
				"down": {"uv": [14, 8, 16, 10], "rotation": 180, "texture": "#all", "cullface": "down"}
			}
		},
		{
			"from": [9, 0, 8],
			"to": [11, 5, 10],
			"rotation": {"angle": 0, "axis": "y", "origin": [2, -1, 1]},
			"faces": {
				"north": {"uv": [0, 8, 2, 13], "texture": "#all"},
				"east": {"uv": [0, 8, 2, 13], "texture": "#all"},
				"south": {"uv": [0, 8, 2, 13], "texture": "#all"},
				"west": {"uv": [0, 8, 2, 13], "texture": "#all"},
				"up": {"uv": [0, 6, 2, 8], "texture": "#all"},
				"down": {"uv": [0, 14, 2, 16], "texture": "#all", "cullface": "down"}
			}
		},
		{
			"from": [9.5, 5, 9],
			"to": [10.5, 6, 9],
			"rotation": {"angle": 45, "axis": "y", "origin": [10, 5, 9]},
			"faces": {
				"north": {"uv": [0, 5, 1, 6], "texture": "#all"},
				"east": {"uv": [0, 0, 0, 0], "texture": "#all"},
				"south": {"uv": [0, 5, 1, 6], "texture": "#all"},
				"west": {"uv": [0, 0, 0, 0], "texture": "#all"},
				"up": {"uv": [0, 0, 0, 0], "texture": "#all"},
				"down": {"uv": [0, 0, 0, 0], "texture": "#all"}
			}
		},
		{
			"from": [9.5, 5, 9],
			"to": [10.5, 6, 9],
			"rotation": {"angle": -45, "axis": "y", "origin": [10, 5, 9]},
			"faces": {
				"north": {"uv": [0, 5, 1, 6], "texture": "#all"},
				"east": {"uv": [0, 0, 0, 0], "texture": "#all"},
				"south": {"uv": [0, 5, 1, 6], "texture": "#all"},
				"west": {"uv": [0, 0, 0, 0], "texture": "#all"},
				"up": {"uv": [0, 0, 0, 0], "texture": "#all"},
				"down": {"uv": [0, 0, 0, 0], "texture": "#all"}
			}
		},
		{
			"from": [8.625, 0, 7.625],
			"to": [11.375, 1.25, 10.375],
			"rotation": {"angle": 0, "axis": "y", "origin": [2, 0.5, 1]},
			"faces": {
				"north": {"uv": [13, 0, 16, 2], "texture": "#all"},
				"east": {"uv": [13, 0, 16, 2], "texture": "#all"},
				"south": {"uv": [13, 0, 16, 2], "texture": "#all"},
				"west": {"uv": [13, 0, 16, 2], "texture": "#all"},
				"up": {"uv": [10, 0, 13, 3], "texture": "#all"},
				"down": {"uv": [10, 0, 13, 3], "texture": "#all", "cullface": "down"}
			}
		},
		{
			"from": [10, 1.75, 7.875],
			"to": [11.125, 2.875, 7.875],
			"rotation": {"angle": 0, "axis": "y", "origin": [3, 8, 3]},
			"faces": {
				"north": {"uv": [14, 14, 15, 15], "texture": "#all"},
				"east": {"uv": [14, 12, 16, 15], "texture": "#all"},
				"south": {"uv": [14, 12, 16, 15], "texture": "#all"},
				"west": {"uv": [14, 12, 16, 15], "texture": "#all"},
				"up": {"uv": [14, 10, 16, 12], "rotation": 90, "texture": "#all"},
				"down": {"uv": [14, 8, 16, 10], "rotation": 270, "texture": "#all", "cullface": "down"}
			}
		},
		{
			"from": [8.875, 1.75, 7.875],
			"to": [8.875, 2.875, 9],
			"rotation": {"angle": 0, "axis": "z", "origin": [3, 8, 3]},
			"faces": {
				"north": {"uv": [14, 12, 16, 15], "texture": "#all"},
				"east": {"uv": [14, 12, 16, 15], "texture": "#all"},
				"south": {"uv": [14, 12, 16, 15], "texture": "#all"},
				"west": {"uv": [14, 14, 15, 15], "texture": "#all"},
				"up": {"uv": [14, 10, 16, 12], "texture": "#all"},
				"down": {"uv": [14, 8, 16, 10], "texture": "#all", "cullface": "down"}
			}
		},
		{
			"from": [11.125, 1.75, 9],
			"to": [11.125, 2.875, 10.125],
			"rotation": {"angle": 0, "axis": "y", "origin": [3, 8, 3]},
			"faces": {
				"north": {"uv": [14, 12, 16, 15], "texture": "#all"},
				"east": {"uv": [14, 14, 15, 15], "texture": "#all"},
				"south": {"uv": [14, 12, 16, 15], "texture": "#all"},
				"west": {"uv": [14, 12, 16, 15], "texture": "#all"},
				"up": {"uv": [14, 10, 16, 12], "rotation": 180, "texture": "#all"},
				"down": {"uv": [14, 8, 16, 10], "rotation": 180, "texture": "#all", "cullface": "down"}
			}
		},
		{
			"from": [8.875, 1.75, 10.125],
			"to": [10, 2.875, 10.125],
			"rotation": {"angle": 0, "axis": "y", "origin": [3, 8, 3]},
			"faces": {
				"north": {"uv": [14, 12, 16, 15], "texture": "#all"},
				"east": {"uv": [14, 12, 16, 15], "texture": "#all"},
				"south": {"uv": [14, 14, 15, 15], "texture": "#all"},
				"west": {"uv": [14, 12, 16, 15], "texture": "#all"},
				"up": {"uv": [14, 10, 16, 12], "rotation": 270, "texture": "#all"},
				"down": {"uv": [14, 8, 16, 10], "rotation": 90, "texture": "#all", "cullface": "down"}
			}
		},
		{
			"from": [8.875, 2.875, 7.875],
			"to": [11.125, 5.125, 10.125],
			"rotation": {"angle": 0, "axis": "y", "origin": [-5, 1.5, -5]},
			"faces": {
				"north": {"uv": [14, 12, 16, 14], "texture": "#all"},
				"east": {"uv": [14, 12, 16, 14], "texture": "#all"},
				"south": {"uv": [14, 12, 16, 14], "texture": "#all"},
				"west": {"uv": [14, 12, 16, 14], "texture": "#all"},
				"up": {"uv": [14, 10, 16, 12], "texture": "#all"},
				"down": {"uv": [14, 10, 16, 12], "texture": "#all", "cullface": "down"}
			}
		},
		{
			"from": [5, 0, 5],
			"to": [7, 5, 7],
			"rotation": {"angle": 0, "axis": "y", "origin": [-2, -1, -2]},
			"faces": {
				"north": {"uv": [0, 8, 2, 13], "texture": "#all"},
				"east": {"uv": [0, 8, 2, 13], "texture": "#all"},
				"south": {"uv": [0, 8, 2, 13], "texture": "#all"},
				"west": {"uv": [0, 8, 2, 13], "texture": "#all"},
				"up": {"uv": [0, 6, 2, 8], "texture": "#all"},
				"down": {"uv": [0, 14, 2, 16], "texture": "#all", "cullface": "down"}
			}
		},
		{
			"from": [5.5, 5, 6],
			"to": [6.5, 6, 6],
			"rotation": {"angle": 45, "axis": "y", "origin": [6, 5, 6]},
			"faces": {
				"north": {"uv": [0, 5, 1, 6], "texture": "#all"},
				"east": {"uv": [0, 0, 0, 0], "texture": "#all"},
				"south": {"uv": [0, 5, 1, 6], "texture": "#all"},
				"west": {"uv": [0, 0, 0, 0], "texture": "#all"},
				"up": {"uv": [0, 0, 0, 0], "texture": "#all"},
				"down": {"uv": [0, 0, 0, 0], "texture": "#all"}
			}
		},
		{
			"from": [5.5, 5, 6],
			"to": [6.5, 6, 6],
			"rotation": {"angle": -45, "axis": "y", "origin": [6, 5, 6]},
			"faces": {
				"north": {"uv": [0, 5, 1, 6], "texture": "#all"},
				"east": {"uv": [0, 0, 0, 0], "texture": "#all"},
				"south": {"uv": [0, 5, 1, 6], "texture": "#all"},
				"west": {"uv": [0, 0, 0, 0], "texture": "#all"},
				"up": {"uv": [0, 0, 0, 0], "texture": "#all"},
				"down": {"uv": [0, 0, 0, 0], "texture": "#all"}
			}
		},
		{
			"from": [4.625, 0, 4.625],
			"to": [7.375, 1.25, 7.375],
			"rotation": {"angle": 0, "axis": "y", "origin": [-2, 0.5, -2]},
			"faces": {
				"north": {"uv": [13, 0, 16, 2], "texture": "#all"},
				"east": {"uv": [13, 0, 16, 2], "texture": "#all"},
				"south": {"uv": [13, 0, 16, 2], "texture": "#all"},
				"west": {"uv": [13, 0, 16, 2], "texture": "#all"},
				"up": {"uv": [10, 0, 13, 3], "texture": "#all"},
				"down": {"uv": [10, 0, 13, 3], "texture": "#all", "cullface": "down"}
			}
		},
		{
			"from": [4.875, 2.875, 4.875],
			"to": [7.125, 5.125, 7.125],
			"rotation": {"angle": 0, "axis": "y", "origin": [-5, 1.5, -5]},
			"faces": {
				"north": {"uv": [14, 12, 16, 14], "texture": "#all"},
				"east": {"uv": [14, 12, 16, 14], "texture": "#all"},
				"south": {"uv": [14, 12, 16, 14], "texture": "#all"},
				"west": {"uv": [14, 12, 16, 14], "texture": "#all"},
				"up": {"uv": [14, 10, 16, 12], "texture": "#all"},
				"down": {"uv": [14, 10, 16, 12], "texture": "#all", "cullface": "down"}
			}
		},
		{
			"from": [4.875, 1.75, 7.125],
			"to": [6, 2.875, 7.125],
			"rotation": {"angle": 0, "axis": "y", "origin": [3, 8, 3]},
			"faces": {
				"north": {"uv": [14, 12, 16, 15], "texture": "#all"},
				"east": {"uv": [14, 12, 16, 15], "texture": "#all"},
				"south": {"uv": [14, 14, 15, 15], "texture": "#all"},
				"west": {"uv": [14, 12, 16, 15], "texture": "#all"},
				"up": {"uv": [14, 10, 16, 12], "rotation": 270, "texture": "#all"},
				"down": {"uv": [14, 8, 16, 10], "rotation": 90, "texture": "#all", "cullface": "down"}
			}
		},
		{
			"from": [7.125, 1.75, 6],
			"to": [7.125, 2.875, 7.125],
			"rotation": {"angle": 0, "axis": "y", "origin": [3, 8, 3]},
			"faces": {
				"north": {"uv": [14, 12, 16, 15], "texture": "#all"},
				"east": {"uv": [14, 14, 15, 15], "texture": "#all"},
				"south": {"uv": [14, 12, 16, 15], "texture": "#all"},
				"west": {"uv": [14, 12, 16, 15], "texture": "#all"},
				"up": {"uv": [14, 10, 16, 12], "rotation": 180, "texture": "#all"},
				"down": {"uv": [14, 8, 16, 10], "rotation": 180, "texture": "#all", "cullface": "down"}
			}
		},
		{
			"from": [4.875, 1.75, 4.875],
			"to": [4.875, 2.875, 6],
			"rotation": {"angle": 0, "axis": "z", "origin": [3, 8, 3]},
			"faces": {
				"north": {"uv": [14, 12, 16, 15], "texture": "#all"},
				"east": {"uv": [14, 12, 16, 15], "texture": "#all"},
				"south": {"uv": [14, 12, 16, 15], "texture": "#all"},
				"west": {"uv": [14, 14, 15, 15], "texture": "#all"},
				"up": {"uv": [14, 10, 16, 12], "texture": "#all"},
				"down": {"uv": [14, 8, 16, 10], "texture": "#all", "cullface": "down"}
			}
		},
		{
			"from": [6, 1.75, 4.875],
			"to": [7.125, 2.875, 4.875],
			"rotation": {"angle": 0, "axis": "y", "origin": [3, 8, 3]},
			"faces": {
				"north": {"uv": [14, 14, 15, 15], "texture": "#all"},
				"east": {"uv": [14, 12, 16, 15], "texture": "#all"},
				"south": {"uv": [14, 12, 16, 15], "texture": "#all"},
				"west": {"uv": [14, 12, 16, 15], "texture": "#all"},
				"up": {"uv": [14, 10, 16, 12], "rotation": 90, "texture": "#all"},
				"down": {"uv": [14, 8, 16, 10], "rotation": 270, "texture": "#all", "cullface": "down"}
			}
		},
		{
			"from": [6.5, 3, 9],
			"to": [7.5, 4, 9],
			"rotation": {"angle": 45, "axis": "y", "origin": [7, 3, 9]},
			"faces": {
				"north": {"uv": [0, 5, 1, 6], "texture": "#all"},
				"east": {"uv": [0, 0, 0, 0], "texture": "#all"},
				"south": {"uv": [0, 5, 1, 6], "texture": "#all"},
				"west": {"uv": [0, 0, 0, 0], "texture": "#all"},
				"up": {"uv": [0, 0, 0, 0], "texture": "#all"},
				"down": {"uv": [0, 0, 0, 0], "texture": "#all"}
			}
		},
		{
			"from": [6.5, 3, 9],
			"to": [7.5, 4, 9],
			"rotation": {"angle": -45, "axis": "y", "origin": [7, 3, 9]},
			"faces": {
				"north": {"uv": [0, 5, 1, 6], "texture": "#all"},
				"east": {"uv": [0, 0, 0, 0], "texture": "#all"},
				"south": {"uv": [0, 5, 1, 6], "texture": "#all"},
				"west": {"uv": [0, 0, 0, 0], "texture": "#all"},
				"up": {"uv": [0, 0, 0, 0], "texture": "#all"},
				"down": {"uv": [0, 0, 0, 0], "texture": "#all"}
			}
		},
		{
			"from": [5.625, 0, 7.625],
			"to": [8.375, 0.25, 10.375],
			"rotation": {"angle": 0, "axis": "y", "origin": [-1, -1.5, 1]},
			"faces": {
				"north": {"uv": [13, 0, 16, 1], "texture": "#all"},
				"east": {"uv": [13, 0, 16, 1], "texture": "#all"},
				"south": {"uv": [13, 0, 16, 1], "texture": "#all"},
				"west": {"uv": [13, 0, 16, 1], "texture": "#all"},
				"up": {"uv": [10, 0, 13, 3], "texture": "#all"},
				"down": {"uv": [10, 0, 13, 3], "texture": "#all", "cullface": "down"}
			}
		},
		{
			"from": [6, 0, 8],
			"to": [8, 3, 10],
			"faces": {
				"north": {"uv": [0, 8, 2, 11], "texture": "#all"},
				"east": {"uv": [0, 8, 2, 11], "texture": "#all"},
				"south": {"uv": [0, 8, 2, 11], "texture": "#all"},
				"west": {"uv": [0, 8, 2, 11], "texture": "#all"},
				"up": {"uv": [0, 6, 2, 8], "texture": "#all"},
				"down": {"uv": [0, 14, 2, 16], "texture": "#all", "cullface": "down"}
			}
		},
		{
			"from": [7, 0, 7.875],
			"to": [8.125, 0.875, 7.875],
			"rotation": {"angle": 0, "axis": "y", "origin": [3, 8, 3]},
			"faces": {
				"north": {"uv": [14, 14, 15, 15], "texture": "#all"},
				"east": {"uv": [14, 12, 16, 15], "texture": "#all"},
				"south": {"uv": [14, 12, 16, 15], "texture": "#all"},
				"west": {"uv": [14, 12, 16, 15], "texture": "#all"},
				"up": {"uv": [14, 10, 16, 12], "rotation": 90, "texture": "#all"},
				"down": {"uv": [14, 8, 16, 10], "rotation": 270, "texture": "#all", "cullface": "down"}
			}
		},
		{
			"from": [5.875, 0, 7.875],
			"to": [5.875, 0.875, 9],
			"rotation": {"angle": 0, "axis": "z", "origin": [3, 8, 3]},
			"faces": {
				"north": {"uv": [14, 12, 16, 15], "texture": "#all"},
				"east": {"uv": [14, 12, 16, 15], "texture": "#all"},
				"south": {"uv": [14, 12, 16, 15], "texture": "#all"},
				"west": {"uv": [14, 14, 15, 15], "texture": "#all"},
				"up": {"uv": [14, 10, 16, 12], "texture": "#all"},
				"down": {"uv": [14, 8, 16, 10], "texture": "#all", "cullface": "down"}
			}
		},
		{
			"from": [8.125, 0, 9],
			"to": [8.125, 0.875, 10.125],
			"rotation": {"angle": 0, "axis": "y", "origin": [3, 8, 3]},
			"faces": {
				"north": {"uv": [14, 12, 16, 15], "texture": "#all"},
				"east": {"uv": [14, 14, 15, 15], "texture": "#all"},
				"south": {"uv": [14, 12, 16, 15], "texture": "#all"},
				"west": {"uv": [14, 12, 16, 15], "texture": "#all"},
				"up": {"uv": [14, 10, 16, 12], "rotation": 180, "texture": "#all"},
				"down": {"uv": [14, 8, 16, 10], "rotation": 180, "texture": "#all", "cullface": "down"}
			}
		},
		{
			"from": [5.875, 0, 10.125],
			"to": [7, 0.875, 10.125],
			"rotation": {"angle": 0, "axis": "y", "origin": [3, 8, 3]},
			"faces": {
				"north": {"uv": [14, 12, 16, 15], "texture": "#all"},
				"east": {"uv": [14, 12, 16, 15], "texture": "#all"},
				"south": {"uv": [14, 14, 15, 15], "texture": "#all"},
				"west": {"uv": [14, 12, 16, 15], "texture": "#all"},
				"up": {"uv": [14, 10, 16, 12], "rotation": 270, "texture": "#all"},
				"down": {"uv": [14, 8, 16, 10], "rotation": 90, "texture": "#all", "cullface": "down"}
			}
		},
		{
			"from": [5.875, 0.875, 7.875],
			"to": [8.125, 3.125, 10.125],
			"rotation": {"angle": 0, "axis": "y", "origin": [-5, 1.5, -5]},
			"faces": {
				"north": {"uv": [14, 12, 16, 14], "texture": "#all"},
				"east": {"uv": [14, 12, 16, 14], "texture": "#all"},
				"south": {"uv": [14, 12, 16, 14], "texture": "#all"},
				"west": {"uv": [14, 12, 16, 14], "texture": "#all"},
				"up": {"uv": [14, 10, 16, 12], "texture": "#all"},
				"down": {"uv": [14, 10, 16, 12], "texture": "#all", "cullface": "down"}
			}
		}
	],
	"groups": [
		{
			"name": "template_candle",
			"origin": [8, 8, 8],
			"children": [0, 1, 2, 3, 4, 5, 6, 7, 8]
		},
		{
			"name": "template_candle",
			"origin": [8, 8, 8],
			"children": [9, 10, 11, 12, 13, 14, 15, 16, 17]
		},
		{
			"name": "template_candle",
			"origin": [8, 8, 8],
			"children": [18, 19, 20, 21, 22, 23, 24, 25, 26]
		},
		{
			"name": "template_candle",
			"origin": [8, 8, 8],
			"children": [27, 28, 29, 30, 31, 32, 33, 34, 35]
		}
	]
}