{
	"credit": "Made with Blockbench",
	"texture_size": [128, 128],
	"textures": {
		"0": "item/decor/area_shelf_blue",
		"particle": "item/decor/area_shelf_blue"
	},
	"elements": [
		{
			"from": [13.5, 0, 13.5],
			"to": [15.5, 3, 15.5],
			"rotation": {"angle": 0, "axis": "y", "origin": [0, 0, 16]},
			"faces": {
				"north": {"uv": [8.125, 10.75, 7.875, 11.125], "texture": "#0"},
				"east": {"uv": [7.375, 10.75, 7.125, 11.125], "texture": "#0"},
				"south": {"uv": [7.625, 10.75, 7.375, 11.125], "texture": "#0"},
				"west": {"uv": [7.875, 10.75, 7.625, 11.125], "texture": "#0"},
				"up": {"uv": [7.625, 10.5, 7.375, 10.75], "texture": "#0"},
				"down": {"uv": [7.875, 10.75, 7.625, 10.5], "texture": "#0"}
			}
		},
		{
			"from": [13.5, 0, 3.5],
			"to": [15.5, 3, 5.5],
			"rotation": {"angle": 0, "axis": "y", "origin": [0, 0, 16]},
			"faces": {
				"north": {"uv": [10.75, 1.125, 10.5, 1.5], "texture": "#0"},
				"east": {"uv": [10, 1.125, 9.75, 1.5], "texture": "#0"},
				"south": {"uv": [10.25, 1.125, 10, 1.5], "texture": "#0"},
				"west": {"uv": [10.5, 1.125, 10.25, 1.5], "texture": "#0"},
				"up": {"uv": [10.25, 0.875, 10, 1.125], "texture": "#0"},
				"down": {"uv": [10.5, 1.125, 10.25, 0.875], "texture": "#0"}
			}
		},
		{
			"from": [-15.5, 0, 13.5],
			"to": [-13.5, 3, 15.5],
			"rotation": {"angle": 0, "axis": "y", "origin": [0, 0, 16]},
			"faces": {
				"north": {"uv": [8.125, 9.625, 7.875, 10], "texture": "#0"},
				"east": {"uv": [7.375, 9.625, 7.125, 10], "texture": "#0"},
				"south": {"uv": [7.625, 9.625, 7.375, 10], "texture": "#0"},
				"west": {"uv": [7.875, 9.625, 7.625, 10], "texture": "#0"},
				"up": {"uv": [7.625, 9.375, 7.375, 9.625], "texture": "#0"},
				"down": {"uv": [7.875, 9.625, 7.625, 9.375], "texture": "#0"}
			}
		},
		{
			"from": [-15, 0, 4],
			"to": [-13, 3, 6],
			"rotation": {"angle": 0, "axis": "y", "origin": [0, 0, 16]},
			"faces": {
				"north": {"uv": [5.25, 9.625, 5, 10], "texture": "#0"},
				"east": {"uv": [4.5, 9.625, 4.25, 10], "texture": "#0"},
				"south": {"uv": [4.75, 9.625, 4.5, 10], "texture": "#0"},
				"west": {"uv": [5, 9.625, 4.75, 10], "texture": "#0"},
				"up": {"uv": [4.75, 9.375, 4.5, 9.625], "texture": "#0"},
				"down": {"uv": [5, 9.625, 4.75, 9.375], "texture": "#0"}
			}
		},
		{
			"from": [-16, 3, 3],
			"to": [16, 4, 16],
			"rotation": {"angle": 0, "axis": "y", "origin": [0, 0, 16]},
			"faces": {
				"north": {"uv": [11.25, 1.625, 7.25, 1.75], "texture": "#0"},
				"east": {"uv": [1.625, 1.625, 0, 1.75], "texture": "#0"},
				"south": {"uv": [5.625, 1.625, 1.625, 1.75], "texture": "#0"},
				"west": {"uv": [7.25, 1.625, 5.625, 1.75], "texture": "#0"},
				"up": {"uv": [5.625, 0, 1.625, 1.625], "texture": "#0"},
				"down": {"uv": [9.625, 1.625, 5.625, 0], "texture": "#0"}
			}
		},
		{
			"from": [-14.5, 12.75, 7.5],
			"to": [12.5, 14.75, 11.5],
			"rotation": {"angle": 0, "axis": "y", "origin": [0, 0, 16]},
			"faces": {
				"north": {"uv": [9.75, 7.125, 6.375, 7.375], "texture": "#0", "tintindex": 0},
				"east": {"uv": [1.5, 7.125, 0, 7.375], "texture": "#0", "tintindex": 0},
				"south": {"uv": [4.875, 7.125, 1.5, 7.375], "texture": "#0", "tintindex": 0},
				"west": {"uv": [6.375, 7.125, 4.875, 7.375], "texture": "#0", "tintindex": 0},
				"up": {"uv": [4.875, 6.125, 1.5, 6.625], "texture": "#0", "tintindex": 0},
				"down": {"uv": [8.25, 6.625, 4.875, 6.125], "texture": "#0", "tintindex": 0}
			}
		},
		{
			"from": [-13.5, 12.75, 11.5],
			"to": [13.5, 14.75, 15.5],
			"rotation": {"angle": 0, "axis": "y", "origin": [0, 0, 16]},
			"faces": {
				"north": {"uv": [9.75, 7.125, 6.375, 7.375], "texture": "#0"},
				"east": {"uv": [1.5, 7.125, 0, 7.375], "texture": "#0"},
				"south": {"uv": [4.875, 7.125, 1.5, 7.375], "texture": "#0"},
				"west": {"uv": [6.375, 7.125, 4.875, 7.375], "texture": "#0"},
				"up": {"uv": [4.875, 6.625, 1.5, 7.125], "texture": "#0"},
				"down": {"uv": [8.25, 7.125, 4.875, 6.75], "texture": "#0"}
			}
		},
		{
			"from": [-13.5, 12.75, 3.5],
			"to": [13.5, 14.75, 7.5],
			"rotation": {"angle": 0, "axis": "y", "origin": [0, 0, 16]},
			"faces": {
				"north": {"uv": [9.75, 7.125, 6.375, 7.375], "texture": "#0"},
				"east": {"uv": [1.5, 7.125, 0, 7.375], "texture": "#0"},
				"south": {"uv": [4.875, 7.125, 1.5, 7.375], "texture": "#0"},
				"west": {"uv": [6.375, 7.125, 4.875, 7.375], "texture": "#0"},
				"up": {"uv": [4.875, 5.625, 1.5, 6.125], "texture": "#0"},
				"down": {"uv": [8.25, 6.125, 4.875, 5.625], "texture": "#0"}
			}
		},
		{
			"from": [-13.5, 20.75, 11.5],
			"to": [13.5, 22.75, 15.5],
			"rotation": {"angle": 0, "axis": "y", "origin": [0, 0, 16]},
			"faces": {
				"north": {"uv": [9.75, 7.125, 6.375, 7.375], "texture": "#0"},
				"east": {"uv": [1.5, 7.125, 0, 7.375], "texture": "#0"},
				"south": {"uv": [4.875, 7.125, 1.5, 7.375], "texture": "#0"},
				"west": {"uv": [6.375, 7.125, 4.875, 7.375], "texture": "#0"},
				"up": {"uv": [4.875, 6.625, 1.5, 7.125], "texture": "#0"},
				"down": {"uv": [8.25, 7.125, 4.875, 6.75], "texture": "#0"}
			}
		},
		{
			"from": [-13.5, 20.75, 7.5],
			"to": [13.5, 22.75, 11.5],
			"rotation": {"angle": 0, "axis": "y", "origin": [0, 0, 16]},
			"faces": {
				"north": {"uv": [9.75, 7.125, 6.375, 7.375], "texture": "#0", "tintindex": 0},
				"east": {"uv": [1.5, 7.125, 0, 7.375], "texture": "#0", "tintindex": 0},
				"south": {"uv": [4.875, 7.125, 1.5, 7.375], "texture": "#0", "tintindex": 0},
				"west": {"uv": [6.375, 7.125, 4.875, 7.375], "texture": "#0", "tintindex": 0},
				"up": {"uv": [4.875, 6.125, 1.5, 6.625], "texture": "#0", "tintindex": 0},
				"down": {"uv": [8.25, 6.625, 4.875, 6.125], "texture": "#0", "tintindex": 0}
			}
		},
		{
			"from": [-13.5, 20.75, 3.5],
			"to": [13.5, 22.75, 7.5],
			"rotation": {"angle": 0, "axis": "y", "origin": [0, 0, 16]},
			"faces": {
				"north": {"uv": [9.75, 7.125, 6.375, 7.375], "texture": "#0"},
				"east": {"uv": [1.5, 7.125, 0, 7.375], "texture": "#0"},
				"south": {"uv": [4.875, 7.125, 1.5, 7.375], "texture": "#0"},
				"west": {"uv": [6.375, 7.125, 4.875, 7.375], "texture": "#0"},
				"up": {"uv": [4.875, 5.625, 1.5, 6.125], "texture": "#0"},
				"down": {"uv": [8.25, 6.125, 4.875, 5.625], "texture": "#0"}
			}
		},
		{
			"from": [-13.5, 29.75, 11.5],
			"to": [13.5, 31.75, 15.5],
			"rotation": {"angle": 0, "axis": "y", "origin": [0, 0, 16]},
			"faces": {
				"north": {"uv": [9.75, 7.125, 6.375, 7.375], "texture": "#0"},
				"east": {"uv": [1.5, 7.125, 0, 7.375], "texture": "#0"},
				"south": {"uv": [4.875, 7.125, 1.5, 7.375], "texture": "#0"},
				"west": {"uv": [6.375, 7.125, 4.875, 7.375], "texture": "#0"},
				"up": {"uv": [4.875, 6.625, 1.5, 7.125], "texture": "#0"},
				"down": {"uv": [8.25, 7.125, 4.875, 6.75], "texture": "#0"}
			}
		},
		{
			"from": [-13.5, 29.75, 7.5],
			"to": [13.5, 31.75, 11.5],
			"rotation": {"angle": 0, "axis": "y", "origin": [0, 0, 16]},
			"faces": {
				"north": {"uv": [9.75, 7.125, 6.375, 7.375], "texture": "#0", "tintindex": 0},
				"east": {"uv": [1.5, 7.125, 0, 7.375], "texture": "#0", "tintindex": 0},
				"south": {"uv": [4.875, 7.125, 1.5, 7.375], "texture": "#0", "tintindex": 0},
				"west": {"uv": [6.375, 7.125, 4.875, 7.375], "texture": "#0", "tintindex": 0},
				"up": {"uv": [4.875, 6.125, 1.5, 6.625], "texture": "#0", "tintindex": 0},
				"down": {"uv": [8.25, 6.625, 4.875, 6.125], "texture": "#0", "tintindex": 0}
			}
		},
		{
			"from": [-13.5, 29.75, 3.5],
			"to": [13.5, 31.75, 7.5],
			"rotation": {"angle": 0, "axis": "y", "origin": [0, 0, 16]},
			"faces": {
				"north": {"uv": [9.75, 7.125, 6.375, 7.375], "texture": "#0"},
				"east": {"uv": [1.5, 7.125, 0, 7.375], "texture": "#0"},
				"south": {"uv": [4.875, 7.125, 1.5, 7.375], "texture": "#0"},
				"west": {"uv": [6.375, 7.125, 4.875, 7.375], "texture": "#0"},
				"up": {"uv": [4.875, 5.625, 1.5, 6.125], "texture": "#0"},
				"down": {"uv": [8.25, 6.125, 4.875, 5.625], "texture": "#0"}
			}
		},
		{
			"from": [-13.5, 3.75, 11.5],
			"to": [13.5, 5.75, 15.5],
			"rotation": {"angle": 0, "axis": "y", "origin": [0, 0, 16]},
			"faces": {
				"north": {"uv": [9.75, 7.125, 6.375, 7.375], "texture": "#0"},
				"east": {"uv": [1.5, 7.125, 0, 7.375], "texture": "#0"},
				"south": {"uv": [4.875, 7.125, 1.5, 7.375], "texture": "#0"},
				"west": {"uv": [6.375, 7.125, 4.875, 7.375], "texture": "#0"},
				"up": {"uv": [4.875, 6.625, 1.5, 7.125], "texture": "#0"},
				"down": {"uv": [8.25, 7.125, 4.875, 6.75], "texture": "#0"}
			}
		},
		{
			"from": [-13.5, 3.75, 7.5],
			"to": [13.5, 5.75, 11.5],
			"rotation": {"angle": 0, "axis": "y", "origin": [0, 0, 16]},
			"faces": {
				"north": {"uv": [9.75, 7.125, 6.375, 7.375], "texture": "#0", "tintindex": 0},
				"east": {"uv": [1.5, 7.125, 0, 7.375], "texture": "#0", "tintindex": 0},
				"south": {"uv": [4.875, 7.125, 1.5, 7.375], "texture": "#0", "tintindex": 0},
				"west": {"uv": [6.375, 7.125, 4.875, 7.375], "texture": "#0", "tintindex": 0},
				"up": {"uv": [4.875, 6.125, 1.5, 6.625], "texture": "#0", "tintindex": 0},
				"down": {"uv": [8.25, 6.625, 4.875, 6.125], "texture": "#0", "tintindex": 0}
			}
		},
		{
			"from": [-13.5, 3.75, 3.5],
			"to": [13.5, 5.75, 7.5],
			"rotation": {"angle": 0, "axis": "y", "origin": [0, 0, 16]},
			"faces": {
				"north": {"uv": [9.75, 7.125, 6.375, 7.375], "texture": "#0"},
				"east": {"uv": [1.5, 7.125, 0, 7.375], "texture": "#0"},
				"south": {"uv": [4.875, 7.125, 1.5, 7.375], "texture": "#0"},
				"west": {"uv": [6.375, 7.125, 4.875, 7.375], "texture": "#0"},
				"up": {"uv": [4.875, 5.625, 1.5, 6.125], "texture": "#0"},
				"down": {"uv": [8.25, 6.125, 4.875, 5.625], "texture": "#0"}
			}
		},
		{
			"from": [-15.5, 4, 11.5],
			"to": [-13.5, 31.75, 15.5],
			"rotation": {"angle": 0, "axis": "y", "origin": [0, 0, 16]},
			"faces": {
				"north": {"uv": [3.5, 10.875, 3.25, 14.375], "texture": "#0"},
				"east": {"uv": [1.5, 10.875, 1, 14.375], "texture": "#0"},
				"south": {"uv": [1.75, 10.875, 1.5, 14.375], "texture": "#0"},
				"west": {"uv": [2.25, 10.875, 1.75, 14.375], "texture": "#0"},
				"up": {"uv": [1.75, 10.375, 1.5, 10.875], "texture": "#0"},
				"down": {"uv": [2, 10.875, 1.75, 10.375], "texture": "#0"}
			}
		},
		{
			"from": [-15.5, 4, 7.5],
			"to": [-13.5, 31.75, 11.5],
			"rotation": {"angle": 0, "axis": "y", "origin": [0, 0, 16]},
			"faces": {
				"north": {"uv": [3.5, 10.875, 3.25, 14.375], "texture": "#0", "tintindex": 0},
				"east": {"uv": [1, 10.875, 0.5, 14.375], "texture": "#0", "tintindex": 0},
				"south": {"uv": [1.75, 10.875, 1.5, 14.375], "texture": "#0", "tintindex": 0},
				"west": {"uv": [2.75, 10.875, 2.25, 14.375], "texture": "#0", "tintindex": 0},
				"up": {"uv": [1.75, 9.875, 1.5, 10.375], "texture": "#0", "tintindex": 0},
				"down": {"uv": [2, 10.375, 1.75, 9.875], "texture": "#0", "tintindex": 0}
			}
		},
		{
			"from": [-15.5, 4, 3.5],
			"to": [-13.5, 31.75, 7.5],
			"rotation": {"angle": 0, "axis": "y", "origin": [0, 0, 16]},
			"faces": {
				"north": {"uv": [3.5, 10.875, 3.25, 14.375], "texture": "#0"},
				"east": {"uv": [0.5, 10.875, 0, 14.375], "texture": "#0"},
				"south": {"uv": [1.75, 10.875, 1.5, 14.375], "texture": "#0"},
				"west": {"uv": [3.25, 10.875, 2.75, 14.375], "texture": "#0"},
				"up": {"uv": [1.75, 9.375, 1.5, 9.875], "texture": "#0"},
				"down": {"uv": [2, 9.875, 1.75, 9.375], "texture": "#0"}
			}
		},
		{
			"from": [13.5, 4, 11.5],
			"to": [15.5, 31.75, 15.5],
			"rotation": {"angle": 0, "axis": "y", "origin": [0, 0, 16]},
			"faces": {
				"north": {"uv": [3.5, 10.875, 3.25, 14.375], "texture": "#0"},
				"east": {"uv": [1.5, 10.875, 1, 14.375], "texture": "#0"},
				"south": {"uv": [1.75, 10.875, 1.5, 14.375], "texture": "#0"},
				"west": {"uv": [2.25, 10.875, 1.75, 14.375], "texture": "#0"},
				"up": {"uv": [1.75, 10.375, 1.5, 10.875], "texture": "#0"},
				"down": {"uv": [2, 10.875, 1.75, 10.375], "texture": "#0"}
			}
		},
		{
			"from": [13.5, 4, 7.5],
			"to": [15.5, 31.75, 11.5],
			"rotation": {"angle": 0, "axis": "y", "origin": [0, 0, 16]},
			"faces": {
				"north": {"uv": [3.5, 10.875, 3.25, 14.375], "texture": "#0", "tintindex": 0},
				"east": {"uv": [1, 10.875, 0.5, 14.375], "texture": "#0", "tintindex": 0},
				"south": {"uv": [1.75, 10.875, 1.5, 14.375], "texture": "#0", "tintindex": 0},
				"west": {"uv": [2.75, 10.875, 2.25, 14.375], "texture": "#0", "tintindex": 0},
				"up": {"uv": [1.75, 9.875, 1.5, 10.375], "texture": "#0", "tintindex": 0},
				"down": {"uv": [2, 10.375, 1.75, 9.875], "texture": "#0", "tintindex": 0}
			}
		},
		{
			"from": [13.5, 4, 3.5],
			"to": [15.5, 31.75, 7.5],
			"rotation": {"angle": 0, "axis": "y", "origin": [0, 0, 16]},
			"faces": {
				"north": {"uv": [3.5, 10.875, 3.25, 14.375], "texture": "#0"},
				"east": {"uv": [0.5, 10.875, 0, 14.375], "texture": "#0"},
				"south": {"uv": [1.75, 10.875, 1.5, 14.375], "texture": "#0"},
				"west": {"uv": [3.25, 10.875, 2.75, 14.375], "texture": "#0"},
				"up": {"uv": [1.75, 9.375, 1.5, 9.875], "texture": "#0"},
				"down": {"uv": [2, 9.875, 1.75, 9.375], "texture": "#0"}
			}
		},
		{
			"from": [9.5, 23, 5],
			"to": [13.5, 30, 6],
			"rotation": {"angle": 0, "axis": "y", "origin": [0, 0, 16]},
			"faces": {
				"north": {"uv": [8.125, 14.125, 7.625, 15], "texture": "#0", "tintindex": 0},
				"east": {"uv": [7, 14.125, 6.875, 15], "texture": "#0", "tintindex": 0},
				"south": {"uv": [7.5, 14.125, 7, 15], "texture": "#0", "tintindex": 0},
				"west": {"uv": [7.625, 14.125, 7.5, 15], "texture": "#0", "tintindex": 0},
				"up": {"uv": [7.5, 14, 7, 14.125], "texture": "#0", "tintindex": 0},
				"down": {"uv": [8, 14.125, 7.5, 14], "texture": "#0", "tintindex": 0}
			}
		},
		{
			"from": [12.5, 23, 6],
			"to": [13.5, 30, 11],
			"rotation": {"angle": 0, "axis": "y", "origin": [0, 0, 16]},
			"faces": {
				"north": {"uv": [15.375, 8.875, 15.25, 9.75], "texture": "#0", "tintindex": 0},
				"east": {"uv": [14.5, 8.875, 13.875, 9.75], "texture": "#0", "tintindex": 0},
				"south": {"uv": [14.625, 8.875, 14.5, 9.75], "texture": "#0", "tintindex": 0},
				"west": {"uv": [15.25, 8.875, 14.625, 9.75], "texture": "#0", "tintindex": 0},
				"up": {"uv": [14.625, 8.25, 14.5, 8.875], "texture": "#0", "tintindex": 0},
				"down": {"uv": [14.75, 8.875, 14.625, 8.25], "texture": "#0", "tintindex": 0}
			}
		},
		{
			"from": [9.5, 23, 6],
			"to": [10.5, 30, 11],
			"rotation": {"angle": 0, "axis": "y", "origin": [0, 0, 16]},
			"faces": {
				"north": {"uv": [15.25, 1.875, 15.125, 2.75], "texture": "#0", "tintindex": 0},
				"east": {"uv": [14.375, 1.875, 13.75, 2.75], "texture": "#0", "tintindex": 0},
				"south": {"uv": [14.5, 1.875, 14.375, 2.75], "texture": "#0", "tintindex": 0},
				"west": {"uv": [15.125, 1.875, 14.5, 2.75], "texture": "#0", "tintindex": 0},
				"up": {"uv": [14.5, 1.25, 14.375, 1.875], "texture": "#0", "tintindex": 0},
				"down": {"uv": [14.625, 1.875, 14.5, 1.25], "texture": "#0", "tintindex": 0}
			}
		},
		{
			"from": [10.5, 23.5, 5.5],
			"to": [12.5, 29.5, 10.5],
			"rotation": {"angle": 0, "axis": "y", "origin": [0, 0, 16]},
			"faces": {
				"north": {"uv": [13.75, 11, 13.5, 11.75], "texture": "#0"},
				"east": {"uv": [12.625, 11, 12, 11.75], "texture": "#0"},
				"south": {"uv": [12.875, 11, 12.625, 11.75], "texture": "#0"},
				"west": {"uv": [13.5, 11, 12.875, 11.75], "texture": "#0"},
				"up": {"uv": [12.875, 10.375, 12.625, 11], "texture": "#0"},
				"down": {"uv": [13.125, 11, 12.875, 10.375], "texture": "#0"}
			}
		},
		{
			"from": [5, 23, 5],
			"to": [9, 30, 6],
			"rotation": {"angle": 0, "axis": "y", "origin": [0, 0, 16]},
			"faces": {
				"north": {"uv": [15.125, 10, 14.625, 10.875], "texture": "#0"},
				"east": {"uv": [14, 10, 13.875, 10.875], "texture": "#0"},
				"south": {"uv": [14.5, 10, 14, 10.875], "texture": "#0"},
				"west": {"uv": [14.625, 10, 14.5, 10.875], "texture": "#0"},
				"up": {"uv": [14.5, 9.875, 14, 10], "texture": "#0"},
				"down": {"uv": [15, 10, 14.5, 9.875], "texture": "#0"}
			}
		},
		{
			"from": [8, 23, 6],
			"to": [9, 30, 11],
			"rotation": {"angle": 0, "axis": "y", "origin": [0, 0, 16]},
			"faces": {
				"north": {"uv": [15.125, 11.875, 15, 12.75], "texture": "#0"},
				"east": {"uv": [14.25, 11.875, 13.625, 12.75], "texture": "#0"},
				"south": {"uv": [14.375, 11.875, 14.25, 12.75], "texture": "#0"},
				"west": {"uv": [15, 11.875, 14.375, 12.75], "texture": "#0"},
				"up": {"uv": [14.375, 11.25, 14.25, 11.875], "texture": "#0"},
				"down": {"uv": [14.5, 11.875, 14.375, 11.25], "texture": "#0"}
			}
		},
		{
			"from": [5, 23, 6],
			"to": [6, 30, 11],
			"rotation": {"angle": 0, "axis": "y", "origin": [0, 0, 16]},
			"faces": {
				"north": {"uv": [6.75, 14.125, 6.625, 15], "texture": "#0"},
				"east": {"uv": [5.875, 14.125, 5.25, 15], "texture": "#0"},
				"south": {"uv": [6, 14.125, 5.875, 15], "texture": "#0"},
				"west": {"uv": [6.625, 14.125, 6, 15], "texture": "#0"},
				"up": {"uv": [6, 13.5, 5.875, 14.125], "texture": "#0"},
				"down": {"uv": [6.125, 14.125, 6, 13.5], "texture": "#0"}
			}
		},
		{
			"from": [6, 23.5, 5.5],
			"to": [8, 29.5, 10.5],
			"rotation": {"angle": 0, "axis": "y", "origin": [0, 0, 16]},
			"faces": {
				"north": {"uv": [13.75, 9.5, 13.5, 10.25], "texture": "#0"},
				"east": {"uv": [12.625, 9.5, 12, 10.25], "texture": "#0"},
				"south": {"uv": [12.875, 9.5, 12.625, 10.25], "texture": "#0"},
				"west": {"uv": [13.5, 9.5, 12.875, 10.25], "texture": "#0"},
				"up": {"uv": [12.875, 8.875, 12.625, 9.5], "texture": "#0"},
				"down": {"uv": [13.125, 9.5, 12.875, 8.875], "texture": "#0"}
			}
		},
		{
			"from": [0.5, 23, 5],
			"to": [4.5, 30, 6],
			"rotation": {"angle": 0, "axis": "y", "origin": [0, 0, 16]},
			"faces": {
				"north": {"uv": [1.25, 9.5, 0.75, 10.375], "texture": "#0", "tintindex": 0},
				"east": {"uv": [0.125, 9.5, 0, 10.375], "texture": "#0", "tintindex": 0},
				"south": {"uv": [0.625, 9.5, 0.125, 10.375], "texture": "#0", "tintindex": 0},
				"west": {"uv": [0.75, 9.5, 0.625, 10.375], "texture": "#0", "tintindex": 0},
				"up": {"uv": [0.625, 9.375, 0.125, 9.5], "texture": "#0", "tintindex": 0},
				"down": {"uv": [1.125, 9.5, 0.625, 9.375], "texture": "#0", "tintindex": 0}
			}
		},
		{
			"from": [3.5, 23, 6],
			"to": [4.5, 30, 11],
			"rotation": {"angle": 0, "axis": "y", "origin": [0, 0, 16]},
			"faces": {
				"north": {"uv": [14.625, 7.25, 14.5, 8.125], "texture": "#0", "tintindex": 0},
				"east": {"uv": [13.75, 7.25, 13.125, 8.125], "texture": "#0", "tintindex": 0},
				"south": {"uv": [13.875, 7.25, 13.75, 8.125], "texture": "#0", "tintindex": 0},
				"west": {"uv": [14.5, 7.25, 13.875, 8.125], "texture": "#0", "tintindex": 0},
				"up": {"uv": [13.875, 6.625, 13.75, 7.25], "texture": "#0", "tintindex": 0},
				"down": {"uv": [14, 7.25, 13.875, 6.625], "texture": "#0", "tintindex": 0}
			}
		},
		{
			"from": [0.5, 23, 6],
			"to": [1.5, 30, 11],
			"rotation": {"angle": 0, "axis": "y", "origin": [0, 0, 16]},
			"faces": {
				"north": {"uv": [14.625, 5.375, 14.5, 6.25], "texture": "#0", "tintindex": 0},
				"east": {"uv": [13.75, 5.375, 13.125, 6.25], "texture": "#0", "tintindex": 0},
				"south": {"uv": [13.875, 5.375, 13.75, 6.25], "texture": "#0", "tintindex": 0},
				"west": {"uv": [14.5, 5.375, 13.875, 6.25], "texture": "#0", "tintindex": 0},
				"up": {"uv": [13.875, 4.75, 13.75, 5.375], "texture": "#0", "tintindex": 0},
				"down": {"uv": [14, 5.375, 13.875, 4.75], "texture": "#0", "tintindex": 0}
			}
		},
		{
			"from": [1.5, 23.5, 5.5],
			"to": [3.5, 29.5, 10.5],
			"rotation": {"angle": 0, "axis": "y", "origin": [0, 0, 16]},
			"faces": {
				"north": {"uv": [7.25, 12.625, 7, 13.375], "texture": "#0"},
				"east": {"uv": [6.125, 12.625, 5.5, 13.375], "texture": "#0"},
				"south": {"uv": [6.375, 12.625, 6.125, 13.375], "texture": "#0"},
				"west": {"uv": [7, 12.625, 6.375, 13.375], "texture": "#0"},
				"up": {"uv": [6.375, 12, 6.125, 12.625], "texture": "#0"},
				"down": {"uv": [6.625, 12.625, 6.375, 12], "texture": "#0"}
			}
		},
		{
			"from": [-4, 23, 5],
			"to": [0, 30, 6],
			"rotation": {"angle": 0, "axis": "y", "origin": [0, 0, 16]},
			"faces": {
				"north": {"uv": [9.625, 8, 9.125, 8.875], "texture": "#0", "tintindex": 0},
				"east": {"uv": [8.5, 8, 8.375, 8.875], "texture": "#0", "tintindex": 0},
				"south": {"uv": [9, 8, 8.5, 8.875], "texture": "#0", "tintindex": 0},
				"west": {"uv": [9.125, 8, 9, 8.875], "texture": "#0", "tintindex": 0},
				"up": {"uv": [9, 7.875, 8.5, 8], "texture": "#0", "tintindex": 0},
				"down": {"uv": [9.5, 8, 9, 7.875], "texture": "#0", "tintindex": 0}
			}
		},
		{
			"from": [-1, 23, 6],
			"to": [0, 30, 11],
			"rotation": {"angle": 0, "axis": "y", "origin": [0, 0, 16]},
			"faces": {
				"north": {"uv": [14.625, 3.5, 14.5, 4.375], "texture": "#0", "tintindex": 0},
				"east": {"uv": [13.75, 3.5, 13.125, 4.375], "texture": "#0", "tintindex": 0},
				"south": {"uv": [13.875, 3.5, 13.75, 4.375], "texture": "#0", "tintindex": 0},
				"west": {"uv": [14.5, 3.5, 13.875, 4.375], "texture": "#0", "tintindex": 0},
				"up": {"uv": [13.875, 2.875, 13.75, 3.5], "texture": "#0", "tintindex": 0},
				"down": {"uv": [14, 3.5, 13.875, 2.875], "texture": "#0", "tintindex": 0}
			}
		},
		{
			"from": [-4, 23, 6],
			"to": [-3, 30, 11],
			"rotation": {"angle": 0, "axis": "y", "origin": [0, 0, 16]},
			"faces": {
				"north": {"uv": [14.5, 13.5, 14.375, 14.375], "texture": "#0", "tintindex": 0},
				"east": {"uv": [13.625, 13.5, 13, 14.375], "texture": "#0", "tintindex": 0},
				"south": {"uv": [13.75, 13.5, 13.625, 14.375], "texture": "#0", "tintindex": 0},
				"west": {"uv": [14.375, 13.5, 13.75, 14.375], "texture": "#0", "tintindex": 0},
				"up": {"uv": [13.75, 12.875, 13.625, 13.5], "texture": "#0", "tintindex": 0},
				"down": {"uv": [13.875, 13.5, 13.75, 12.875], "texture": "#0", "tintindex": 0}
			}
		},
		{
			"from": [-3, 23.5, 5.5],
			"to": [-1, 29.5, 10.5],
			"rotation": {"angle": 0, "axis": "y", "origin": [0, 0, 16]},
			"faces": {
				"north": {"uv": [13.625, 6.375, 13.375, 7.125], "texture": "#0"},
				"east": {"uv": [12.5, 6.375, 11.875, 7.125], "texture": "#0"},
				"south": {"uv": [12.75, 6.375, 12.5, 7.125], "texture": "#0"},
				"west": {"uv": [13.375, 6.375, 12.75, 7.125], "texture": "#0"},
				"up": {"uv": [12.75, 5.75, 12.5, 6.375], "texture": "#0"},
				"down": {"uv": [13, 6.375, 12.75, 5.75], "texture": "#0"}
			}
		},
		{
			"from": [9.5, 14, 5],
			"to": [13.5, 21, 6],
			"rotation": {"angle": 0, "axis": "y", "origin": [0, 0, 16]},
			"faces": {
				"north": {"uv": [1.25, 7.625, 0.75, 8.5], "texture": "#0"},
				"east": {"uv": [0.125, 7.625, 0, 8.5], "texture": "#0"},
				"south": {"uv": [0.625, 7.625, 0.125, 8.5], "texture": "#0"},
				"west": {"uv": [0.75, 7.625, 0.625, 8.5], "texture": "#0"},
				"up": {"uv": [0.625, 7.5, 0.125, 7.625], "texture": "#0"},
				"down": {"uv": [1.125, 7.625, 0.625, 7.5], "texture": "#0"}
			}
		},
		{
			"from": [12.5, 14, 6],
			"to": [13.5, 21, 11],
			"rotation": {"angle": 0, "axis": "y", "origin": [0, 0, 16]},
			"faces": {
				"north": {"uv": [12.125, 13.625, 12, 14.5], "texture": "#0"},
				"east": {"uv": [11.25, 13.625, 10.625, 14.5], "texture": "#0"},
				"south": {"uv": [11.375, 13.625, 11.25, 14.5], "texture": "#0"},
				"west": {"uv": [12, 13.625, 11.375, 14.5], "texture": "#0"},
				"up": {"uv": [11.375, 13, 11.25, 13.625], "texture": "#0"},
				"down": {"uv": [11.5, 13.625, 11.375, 13], "texture": "#0"}
			}
		},
		{
			"from": [9.5, 14, 6],
			"to": [10.5, 21, 11],
			"rotation": {"angle": 0, "axis": "y", "origin": [0, 0, 16]},
			"faces": {
				"north": {"uv": [10.5, 13.625, 10.375, 14.5], "texture": "#0"},
				"east": {"uv": [9.625, 13.625, 9, 14.5], "texture": "#0"},
				"south": {"uv": [9.75, 13.625, 9.625, 14.5], "texture": "#0"},
				"west": {"uv": [10.375, 13.625, 9.75, 14.5], "texture": "#0"},
				"up": {"uv": [9.75, 13, 9.625, 13.625], "texture": "#0"},
				"down": {"uv": [9.875, 13.625, 9.75, 13], "texture": "#0"}
			}
		},
		{
			"from": [10.5, 14.5, 5.5],
			"to": [12.5, 20.5, 10.5],
			"rotation": {"angle": 0, "axis": "y", "origin": [0, 0, 16]},
			"faces": {
				"north": {"uv": [13.625, 4.5, 13.375, 5.25], "texture": "#0"},
				"east": {"uv": [12.5, 4.5, 11.875, 5.25], "texture": "#0"},
				"south": {"uv": [12.75, 4.5, 12.5, 5.25], "texture": "#0"},
				"west": {"uv": [13.375, 4.5, 12.75, 5.25], "texture": "#0"},
				"up": {"uv": [12.75, 3.875, 12.5, 4.5], "texture": "#0"},
				"down": {"uv": [13, 4.5, 12.75, 3.875], "texture": "#0"}
			}
		},
		{
			"from": [5, 14, 5],
			"to": [9, 21, 6],
			"rotation": {"angle": 0, "axis": "y", "origin": [0, 0, 16]},
			"faces": {
				"north": {"uv": [1.25, 5.75, 0.75, 6.625], "texture": "#0", "tintindex": 0},
				"east": {"uv": [0.125, 5.75, 0, 6.625], "texture": "#0", "tintindex": 0},
				"south": {"uv": [0.625, 5.75, 0.125, 6.625], "texture": "#0", "tintindex": 0},
				"west": {"uv": [0.75, 5.75, 0.625, 6.625], "texture": "#0", "tintindex": 0},
				"up": {"uv": [0.625, 5.625, 0.125, 5.75], "texture": "#0", "tintindex": 0},
				"down": {"uv": [1.125, 5.75, 0.625, 5.625], "texture": "#0", "tintindex": 0}
			}
		},
		{
			"from": [8, 14, 6],
			"to": [9, 21, 11],
			"rotation": {"angle": 0, "axis": "y", "origin": [0, 0, 16]},
			"faces": {
				"north": {"uv": [5.125, 13.5, 5, 14.375], "texture": "#0", "tintindex": 0},
				"east": {"uv": [4.25, 13.5, 3.625, 14.375], "texture": "#0", "tintindex": 0},
				"south": {"uv": [4.375, 13.5, 4.25, 14.375], "texture": "#0", "tintindex": 0},
				"west": {"uv": [5, 13.5, 4.375, 14.375], "texture": "#0", "tintindex": 0},
				"up": {"uv": [4.375, 12.875, 4.25, 13.5], "texture": "#0", "tintindex": 0},
				"down": {"uv": [4.5, 13.5, 4.375, 12.875], "texture": "#0", "tintindex": 0}
			}
		},
		{
			"from": [5, 14, 6],
			"to": [6, 21, 11],
			"rotation": {"angle": 0, "axis": "y", "origin": [0, 0, 16]},
			"faces": {
				"north": {"uv": [8.875, 13, 8.75, 13.875], "texture": "#0", "tintindex": 0},
				"east": {"uv": [8, 13, 7.375, 13.875], "texture": "#0", "tintindex": 0},
				"south": {"uv": [8.125, 13, 8, 13.875], "texture": "#0", "tintindex": 0},
				"west": {"uv": [8.75, 13, 8.125, 13.875], "texture": "#0", "tintindex": 0},
				"up": {"uv": [8.125, 12.375, 8, 13], "texture": "#0", "tintindex": 0},
				"down": {"uv": [8.25, 13, 8.125, 12.375], "texture": "#0", "tintindex": 0}
			}
		},
		{
			"from": [6, 14.5, 5.5],
			"to": [8, 20.5, 10.5],
			"rotation": {"angle": 0, "axis": "y", "origin": [0, 0, 16]},
			"faces": {
				"north": {"uv": [5.375, 12, 5.125, 12.75], "texture": "#0"},
				"east": {"uv": [4.25, 12, 3.625, 12.75], "texture": "#0"},
				"south": {"uv": [4.5, 12, 4.25, 12.75], "texture": "#0"},
				"west": {"uv": [5.125, 12, 4.5, 12.75], "texture": "#0"},
				"up": {"uv": [4.5, 11.375, 4.25, 12], "texture": "#0"},
				"down": {"uv": [4.75, 12, 4.5, 11.375], "texture": "#0"}
			}
		},
		{
			"from": [0.5, 14, 5],
			"to": [4.5, 21, 6],
			"rotation": {"angle": 0, "axis": "y", "origin": [0, 0, 16]},
			"faces": {
				"north": {"uv": [1.25, 3.875, 0.75, 4.75], "texture": "#0"},
				"east": {"uv": [0.125, 3.875, 0, 4.75], "texture": "#0"},
				"south": {"uv": [0.625, 3.875, 0.125, 4.75], "texture": "#0"},
				"west": {"uv": [0.75, 3.875, 0.625, 4.75], "texture": "#0"},
				"up": {"uv": [0.625, 3.75, 0.125, 3.875], "texture": "#0"},
				"down": {"uv": [1.125, 3.875, 0.625, 3.75], "texture": "#0"}
			}
		},
		{
			"from": [3.5, 14, 6],
			"to": [4.5, 21, 11],
			"rotation": {"angle": 0, "axis": "y", "origin": [0, 0, 16]},
			"faces": {
				"north": {"uv": [13.75, 0.875, 13.625, 1.75], "texture": "#0"},
				"east": {"uv": [12.875, 0.875, 12.25, 1.75], "texture": "#0"},
				"south": {"uv": [13, 0.875, 12.875, 1.75], "texture": "#0"},
				"west": {"uv": [13.625, 0.875, 13, 1.75], "texture": "#0"},
				"up": {"uv": [13, 0.25, 12.875, 0.875], "texture": "#0"},
				"down": {"uv": [13.125, 0.875, 13, 0.25], "texture": "#0"}
			}
		},
		{
			"from": [0.5, 14, 6],
			"to": [1.5, 21, 11],
			"rotation": {"angle": 0, "axis": "y", "origin": [0, 0, 16]},
			"faces": {
				"north": {"uv": [13.625, 2.5, 13.5, 3.375], "texture": "#0"},
				"east": {"uv": [12.75, 2.5, 12.125, 3.375], "texture": "#0"},
				"south": {"uv": [12.875, 2.5, 12.75, 3.375], "texture": "#0"},
				"west": {"uv": [13.5, 2.5, 12.875, 3.375], "texture": "#0"},
				"up": {"uv": [12.875, 1.875, 12.75, 2.5], "texture": "#0"},
				"down": {"uv": [13, 2.5, 12.875, 1.875], "texture": "#0"}
			}
		},
		{
			"from": [1.5, 14.5, 5.5],
			"to": [3.5, 20.5, 10.5],
			"rotation": {"angle": 0, "axis": "y", "origin": [0, 0, 16]},
			"faces": {
				"north": {"uv": [12.375, 5.5, 12.125, 6.25], "texture": "#0"},
				"east": {"uv": [11.25, 5.5, 10.625, 6.25], "texture": "#0"},
				"south": {"uv": [11.5, 5.5, 11.25, 6.25], "texture": "#0"},
				"west": {"uv": [12.125, 5.5, 11.5, 6.25], "texture": "#0"},
				"up": {"uv": [11.5, 4.875, 11.25, 5.5], "texture": "#0"},
				"down": {"uv": [11.75, 5.5, 11.5, 4.875], "texture": "#0"}
			}
		},
		{
			"from": [-3, 14, 3],
			"to": [4, 18, 4],
			"rotation": {"angle": 45, "axis": "y", "origin": [0, 0, 16]},
			"faces": {
				"north": {"uv": [15.25, 0.125, 14.375, 0.625], "texture": "#0", "tintindex": 0},
				"east": {"uv": [13.375, 0.125, 13.25, 0.625], "texture": "#0", "tintindex": 0},
				"south": {"uv": [14.25, 0.125, 13.375, 0.625], "texture": "#0", "tintindex": 0},
				"west": {"uv": [14.375, 0.125, 14.25, 0.625], "texture": "#0", "tintindex": 0},
				"up": {"uv": [14.25, 0, 13.375, 0.125], "texture": "#0", "tintindex": 0},
				"down": {"uv": [15.125, 0.125, 14.25, 0], "texture": "#0", "tintindex": 0}
			}
		},
		{
			"from": [-3, 14, 4],
			"to": [4, 15, 9],
			"rotation": {"angle": 45, "axis": "y", "origin": [0, 0, 16]},
			"faces": {
				"north": {"uv": [6.625, 11.125, 5.75, 11.25], "texture": "#0", "tintindex": 0},
				"east": {"uv": [4.25, 11.125, 3.625, 11.25], "texture": "#0", "tintindex": 0},
				"south": {"uv": [5.125, 11.125, 4.25, 11.25], "texture": "#0", "tintindex": 0},
				"west": {"uv": [5.75, 11.125, 5.125, 11.25], "texture": "#0", "tintindex": 0},
				"up": {"uv": [5.125, 10.5, 4.25, 11.125], "texture": "#0", "tintindex": 0},
				"down": {"uv": [6, 11.125, 5.125, 10.5], "texture": "#0", "tintindex": 0}
			}
		},
		{
			"from": [-3, 17, 4],
			"to": [4, 18, 9],
			"rotation": {"angle": 45, "axis": "y", "origin": [0, 0, 16]},
			"faces": {
				"north": {"uv": [12.75, 0.625, 11.875, 0.75], "texture": "#0", "tintindex": 0},
				"east": {"uv": [10.375, 0.625, 9.75, 0.75], "texture": "#0", "tintindex": 0},
				"south": {"uv": [11.25, 0.625, 10.375, 0.75], "texture": "#0", "tintindex": 0},
				"west": {"uv": [11.875, 0.625, 11.25, 0.75], "texture": "#0", "tintindex": 0},
				"up": {"uv": [11.25, 0, 10.375, 0.625], "texture": "#0", "tintindex": 0},
				"down": {"uv": [12.125, 0.625, 11.25, 0], "texture": "#0", "tintindex": 0}
			}
		},
		{
			"from": [-2.5, 15, 3.5],
			"to": [3.5, 17, 8.5],
			"rotation": {"angle": 45, "axis": "y", "origin": [0, 0, 16]},
			"faces": {
				"north": {"uv": [13.25, 8.5, 12.5, 8.75], "texture": "#0"},
				"east": {"uv": [11.125, 8.5, 10.5, 8.75], "texture": "#0"},
				"south": {"uv": [11.875, 8.5, 11.125, 8.75], "texture": "#0"},
				"west": {"uv": [12.5, 8.5, 11.875, 8.75], "texture": "#0"},
				"up": {"uv": [11.875, 7.875, 11.125, 8.5], "texture": "#0"},
				"down": {"uv": [12.625, 8.5, 11.875, 7.875], "texture": "#0"}
			}
		},
		{
			"from": [-8, 6, 3],
			"to": [-7, 10, 10],
			"rotation": {"angle": 22.5, "axis": "y", "origin": [0, 0, 16]},
			"faces": {
				"north": {"uv": [12.625, 1.875, 12.5, 2.375], "texture": "#0"},
				"east": {"uv": [11.5, 1.875, 10.625, 2.375], "texture": "#0"},
				"south": {"uv": [11.625, 1.875, 11.5, 2.375], "texture": "#0"},
				"west": {"uv": [12.5, 1.875, 11.625, 2.375], "texture": "#0"},
				"up": {"uv": [11.625, 1, 11.5, 1.875], "texture": "#0"},
				"down": {"uv": [11.75, 1.875, 11.625, 1], "texture": "#0"}
			}
		},
		{
			"from": [-7, 6, 3],
			"to": [-2, 7, 10],
			"rotation": {"angle": 22.5, "axis": "y", "origin": [0, 0, 16]},
			"faces": {
				"north": {"uv": [12, 7.625, 11.375, 7.75], "texture": "#0"},
				"east": {"uv": [9.875, 7.625, 9, 7.75], "texture": "#0"},
				"south": {"uv": [10.5, 7.625, 9.875, 7.75], "texture": "#0"},
				"west": {"uv": [11.375, 7.625, 10.5, 7.75], "texture": "#0"},
				"up": {"uv": [10.5, 6.75, 9.875, 7.625], "texture": "#0"},
				"down": {"uv": [11.125, 7.625, 10.5, 6.75], "texture": "#0"}
			}
		},
		{
			"from": [-7, 9, 3],
			"to": [-2, 10, 10],
			"rotation": {"angle": 22.5, "axis": "y", "origin": [0, 0, 16]},
			"faces": {
				"north": {"uv": [11.375, 6.5, 10.75, 6.625], "texture": "#0"},
				"east": {"uv": [9.25, 6.5, 8.375, 6.625], "texture": "#0"},
				"south": {"uv": [9.875, 6.5, 9.25, 6.625], "texture": "#0"},
				"west": {"uv": [10.75, 6.5, 9.875, 6.625], "texture": "#0"},
				"up": {"uv": [9.875, 5.625, 9.25, 6.5], "texture": "#0"},
				"down": {"uv": [10.5, 6.5, 9.875, 5.625], "texture": "#0"}
			}
		},
		{
			"from": [-7.5, 7, 3.5],
			"to": [-2.5, 9, 9.5],
			"rotation": {"angle": 22.5, "axis": "y", "origin": [0, 0, 16]},
			"faces": {
				"north": {"uv": [7.75, 10.125, 7.125, 10.375], "texture": "#0"},
				"east": {"uv": [5.75, 10.125, 5, 10.375], "texture": "#0"},
				"south": {"uv": [6.375, 10.125, 5.75, 10.375], "texture": "#0"},
				"west": {"uv": [7.125, 10.125, 6.375, 10.375], "texture": "#0"},
				"up": {"uv": [6.375, 9.375, 5.75, 10.125], "texture": "#0"},
				"down": {"uv": [7, 10.125, 6.375, 9.375], "texture": "#0"}
			}
		},
		{
			"from": [-2, 6, 4],
			"to": [-1, 10, 11],
			"rotation": {"angle": -22.5, "axis": "y", "origin": [0, 0, 16]},
			"faces": {
				"north": {"uv": [7.875, 11.375, 7.75, 11.875], "texture": "#0", "tintindex": 0},
				"east": {"uv": [6.75, 11.375, 5.875, 11.875], "texture": "#0", "tintindex": 0},
				"south": {"uv": [6.875, 11.375, 6.75, 11.875], "texture": "#0", "tintindex": 0},
				"west": {"uv": [7.75, 11.375, 6.875, 11.875], "texture": "#0", "tintindex": 0},
				"up": {"uv": [6.875, 10.5, 6.75, 11.375], "texture": "#0", "tintindex": 0},
				"down": {"uv": [7, 11.375, 6.875, 10.5], "texture": "#0", "tintindex": 0}
			}
		},
		{
			"from": [-1, 6, 4],
			"to": [4, 7, 11],
			"rotation": {"angle": -22.5, "axis": "y", "origin": [0, 0, 16]},
			"faces": {
				"north": {"uv": [11.375, 4.625, 10.75, 4.75], "texture": "#0", "tintindex": 0},
				"east": {"uv": [9.25, 4.625, 8.375, 4.75], "texture": "#0", "tintindex": 0},
				"south": {"uv": [9.875, 4.625, 9.25, 4.75], "texture": "#0", "tintindex": 0},
				"west": {"uv": [10.75, 4.625, 9.875, 4.75], "texture": "#0", "tintindex": 0},
				"up": {"uv": [9.875, 3.75, 9.25, 4.625], "texture": "#0", "tintindex": 0},
				"down": {"uv": [10.5, 4.625, 9.875, 3.75], "texture": "#0", "tintindex": 0}
			}
		},
		{
			"from": [-1, 9, 4],
			"to": [4, 10, 11],
			"rotation": {"angle": -22.5, "axis": "y", "origin": [0, 0, 16]},
			"faces": {
				"north": {"uv": [11.375, 2.75, 10.75, 2.875], "texture": "#0", "tintindex": 0},
				"east": {"uv": [9.25, 2.75, 8.375, 2.875], "texture": "#0", "tintindex": 0},
				"south": {"uv": [9.875, 2.75, 9.25, 2.875], "texture": "#0", "tintindex": 0},
				"west": {"uv": [10.75, 2.75, 9.875, 2.875], "texture": "#0", "tintindex": 0},
				"up": {"uv": [9.875, 1.875, 9.25, 2.75], "texture": "#0", "tintindex": 0},
				"down": {"uv": [10.5, 2.75, 9.875, 1.875], "texture": "#0", "tintindex": 0}
			}
		},
		{
			"from": [-1.5, 7, 4.5],
			"to": [3.5, 9, 10.5],
			"rotation": {"angle": -22.5, "axis": "y", "origin": [0, 0, 16]},
			"faces": {
				"north": {"uv": [4.875, 10.125, 4.25, 10.375], "texture": "#0"},
				"east": {"uv": [2.875, 10.125, 2.125, 10.375], "texture": "#0"},
				"south": {"uv": [3.5, 10.125, 2.875, 10.375], "texture": "#0"},
				"west": {"uv": [4.25, 10.125, 3.5, 10.375], "texture": "#0"},
				"up": {"uv": [3.5, 9.375, 2.875, 10.125], "texture": "#0"},
				"down": {"uv": [4.125, 10.125, 3.5, 9.375], "texture": "#0"}
			}
		},
		{
			"from": [-14.5, 23, 19],
			"to": [-10.5, 30, 20],
			"rotation": {"angle": -45, "axis": "y", "origin": [0, 0, 16]},
			"faces": {
				"north": {"uv": [1.25, 2, 0.75, 2.875], "texture": "#0"},
				"east": {"uv": [0.125, 2, 0, 2.875], "texture": "#0"},
				"south": {"uv": [0.625, 2, 0.125, 2.875], "texture": "#0"},
				"west": {"uv": [0.75, 2, 0.625, 2.875], "texture": "#0"},
				"up": {"uv": [0.625, 1.875, 0.125, 2], "texture": "#0"},
				"down": {"uv": [1.125, 2, 0.625, 1.875], "texture": "#0"}
			}
		},
		{
			"from": [-14.5, 23, 14],
			"to": [-13.5, 30, 19],
			"rotation": {"angle": -45, "axis": "y", "origin": [0, 0, 16]},
			"faces": {
				"north": {"uv": [13.5, 12.5, 13.375, 13.375], "texture": "#0"},
				"east": {"uv": [12.625, 12.5, 12, 13.375], "texture": "#0"},
				"south": {"uv": [12.75, 12.5, 12.625, 13.375], "texture": "#0"},
				"west": {"uv": [13.375, 12.5, 12.75, 13.375], "texture": "#0"},
				"up": {"uv": [12.75, 11.875, 12.625, 12.5], "texture": "#0"},
				"down": {"uv": [12.875, 12.5, 12.75, 11.875], "texture": "#0"}
			}
		},
		{
			"from": [-11.5, 23, 14],
			"to": [-10.5, 30, 19],
			"rotation": {"angle": -45, "axis": "y", "origin": [0, 0, 16]},
			"faces": {
				"north": {"uv": [1.5, 0.625, 1.375, 1.5], "texture": "#0"},
				"east": {"uv": [0.625, 0.625, 0, 1.5], "texture": "#0"},
				"south": {"uv": [0.75, 0.625, 0.625, 1.5], "texture": "#0"},
				"west": {"uv": [1.375, 0.625, 0.75, 1.5], "texture": "#0"},
				"up": {"uv": [0.75, 0, 0.625, 0.625], "texture": "#0"},
				"down": {"uv": [0.875, 0.625, 0.75, 0], "texture": "#0"}
			}
		},
		{
			"from": [-13.5, 23.5, 14.5],
			"to": [-11.5, 29.5, 19.5],
			"rotation": {"angle": -45, "axis": "y", "origin": [0, 0, 16]},
			"faces": {
				"north": {"uv": [12.375, 3.625, 12.125, 4.375], "texture": "#0"},
				"east": {"uv": [11.25, 3.625, 10.625, 4.375], "texture": "#0"},
				"south": {"uv": [11.5, 3.625, 11.25, 4.375], "texture": "#0", "tintindex": 0},
				"west": {"uv": [12.125, 3.625, 11.5, 4.375], "texture": "#0"},
				"up": {"uv": [11.5, 3, 11.25, 3.625], "texture": "#0"},
				"down": {"uv": [11.75, 3.625, 11.5, 3], "texture": "#0"}
			}
		}
	],
	"display": {
		"thirdperson_righthand": {
			"rotation": [60, -160, 0],
			"translation": [8, 4.75, -4.5],
			"scale": [-0.6, 0.6, -0.6]
		},
		"thirdperson_lefthand": {
			"rotation": [60, -160, 0],
			"translation": [-0.75, 2.5, -3.75],
			"scale": [-0.6, 0.6, -0.6]
		},
		"firstperson_righthand": {
			"rotation": [0, -73, 6],
			"translation": [0, -5.25, 0],
			"scale": [-0.4, 0.4, -0.4]
		},
		"firstperson_lefthand": {
			"rotation": [0, -73, 6],
			"translation": [0, -5.25, 6],
			"scale": [-0.4, 0.4, -0.4]
		},
		"ground": {
			"translation": [3, 1.5, 0.25],
			"scale": [0.35, 0.35, 0.35]
		},
		"gui": {
			"rotation": [30, -40, 0],
			"translation": [-2.75, -1.75, 0],
			"scale": [-0.35, 0.35, -0.35]
		},
		"head": {
			"translation": [0, -30.4, 0],
			"scale": [-1.6, 1.6, -1.6]
		},
		"fixed": {
			"rotation": [90, 0, 0],
			"translation": [0, 0, -15],
			"scale": [2, -2, -2]
		}
	},
	"groups": [
		0,
		1,
		2,
		3,
		4,
		5,
		6,
		7,
		8,
		9,
		10,
		11,
		12,
		13,
		14,
		15,
		16,
		17,
		18,
		19,
		20,
		21,
		22,
		{
			"name": "Buch",
			"origin": [0, 0, 0],
			"color": 0,
			"children": [23, 24, 25, 26]
		},
		{
			"name": "Buch",
			"origin": [0, 0, 0],
			"color": 0,
			"children": [27, 28, 29, 30]
		},
		{
			"name": "Buch",
			"origin": [0, 0, 0],
			"color": 0,
			"children": [31, 32, 33, 34]
		},
		{
			"name": "Buch",
			"origin": [0, 0, 0],
			"color": 0,
			"children": [35, 36, 37, 38]
		},
		{
			"name": "Buch",
			"origin": [0, 0, 0],
			"color": 0,
			"children": [39, 40, 41, 42]
		},
		{
			"name": "Buch",
			"origin": [0, 0, 0],
			"color": 0,
			"children": [43, 44, 45, 46]
		},
		{
			"name": "Buch",
			"origin": [0, 0, 0],
			"color": 0,
			"children": [47, 48, 49, 50]
		},
		{
			"name": "Buch",
			"origin": [0, 0, 0],
			"color": 0,
			"children": [51, 52, 53, 54]
		},
		{
			"name": "Buch",
			"origin": [0, 0, 0],
			"color": 0,
			"children": [55, 56, 57, 58]
		},
		{
			"name": "Buch",
			"origin": [0, 0, 0],
			"color": 0,
			"children": [59, 60, 61, 62]
		},
		{
			"name": "Buch",
			"origin": [0, 0, 0],
			"color": 0,
			"children": [63, 64, 65, 66]
		}
	]
}