{
	"credit": "Made with Blockbench",
	"texture_size": [64, 64],
	"textures": {
		"0": "item/decor/bedroom_picture_2x1",
		"particle": "item/decor/bedroom_picture_2x1"
	},
	"elements": [
		{
			"from": [-14, 0, 14],
			"to": [14, 1, 16],
			"faces": {
				"north": {"uv": [0.5, 5.5, 7.5, 5.75], "texture": "#0", "tintindex": 0},
				"east": {"uv": [0, 5.5, 0.5, 5.75], "texture": "#0", "tintindex": 0},
				"south": {"uv": [8, 5.5, 15, 5.75], "texture": "#0", "tintindex": 0},
				"west": {"uv": [7.5, 5.5, 8, 5.75], "texture": "#0", "tintindex": 0},
				"up": {"uv": [7.5, 5.5, 0.5, 5], "texture": "#0", "tintindex": 0},
				"down": {"uv": [14.5, 5, 7.5, 5.5], "texture": "#0", "tintindex": 0}
			}
		},
		{
			"from": [-14, 1, 14.5],
			"to": [14, 15, 15.5],
			"faces": {
				"north": {"uv": [0.25, 0.25, 7.25, 3.75], "texture": "#0"},
				"east": {"uv": [0, 0.25, 0.25, 3.75], "texture": "#0"},
				"south": {"uv": [7.5, 0.25, 14.5, 3.75], "texture": "#0"},
				"west": {"uv": [7.25, 0.25, 7.5, 3.75], "texture": "#0"},
				"up": {"uv": [7.25, 0.25, 0.25, 0], "texture": "#0"},
				"down": {"uv": [14.25, 0, 7.25, 0.25], "texture": "#0"}
			}
		},
		{
			"from": [-14, 15, 14],
			"to": [14, 16, 16],
			"faces": {
				"north": {"uv": [0.5, 4.5, 7.5, 4.75], "texture": "#0", "tintindex": 0},
				"east": {"uv": [0, 4.5, 0.5, 4.75], "texture": "#0", "tintindex": 0},
				"south": {"uv": [8, 4.5, 15, 4.75], "texture": "#0", "tintindex": 0},
				"west": {"uv": [7.5, 4.5, 8, 4.75], "texture": "#0", "tintindex": 0},
				"up": {"uv": [7.5, 4.5, 0.5, 4], "texture": "#0", "tintindex": 0},
				"down": {"uv": [14.5, 4, 7.5, 4.5], "texture": "#0", "tintindex": 0}
			}
		},
		{
			"from": [-15, 0, 14],
			"to": [-14, 16, 16],
			"faces": {
				"north": {"uv": [2.25, 6.5, 2.5, 10.5], "texture": "#0", "tintindex": 0},
				"east": {"uv": [1.75, 6.5, 2.25, 10.5], "texture": "#0", "tintindex": 0},
				"south": {"uv": [3, 6.5, 3.25, 10.5], "texture": "#0", "tintindex": 0},
				"west": {"uv": [2.5, 6.5, 3, 10.5], "texture": "#0", "tintindex": 0},
				"up": {"uv": [2.5, 6.5, 2.25, 6], "texture": "#0", "tintindex": 0},
				"down": {"uv": [2.75, 6, 2.5, 6.5], "texture": "#0", "tintindex": 0}
			}
		},
		{
			"from": [14, 0, 14],
			"to": [15, 16, 16],
			"faces": {
				"north": {"uv": [0.5, 6.5, 0.75, 10.5], "texture": "#0", "tintindex": 0},
				"east": {"uv": [0, 6.5, 0.5, 10.5], "texture": "#0", "tintindex": 0},
				"south": {"uv": [1.25, 6.5, 1.5, 10.5], "texture": "#0", "tintindex": 0},
				"west": {"uv": [0.75, 6.5, 1.25, 10.5], "texture": "#0", "tintindex": 0},
				"up": {"uv": [0.75, 6.5, 0.5, 6], "texture": "#0", "tintindex": 0},
				"down": {"uv": [1, 6, 0.75, 6.5], "texture": "#0", "tintindex": 0}
			}
		}
	],
	"display": {
		"thirdperson_righthand": {
			"rotation": [60, -160, 1],
			"translation": [5.75, 8, 0],
			"scale": [-0.6, 0.6, -0.6]
		},
		"thirdperson_lefthand": {
			"rotation": [60, -160, 0],
			"translation": [-4.5, 4.25, 0],
			"scale": [-0.6, 0.6, -0.6]
		},
		"firstperson_righthand": {
			"rotation": [0, -73, 6],
			"translation": [-4.25, 1.5, 0],
			"scale": [-0.4, 0.4, -0.4]
		},
		"firstperson_lefthand": {
			"rotation": [0, -73, 6],
			"translation": [-2.75, 1.5, 4.75],
			"scale": [-0.4, 0.4, -0.4]
		},
		"ground": {
			"translation": [2, 1.5, -2.5],
			"scale": [0.35, 0.35, 0.35]
		},
		"gui": {
			"rotation": [30, -40, 0],
			"translation": [-5.75, -0.25, 0],
			"scale": [-0.55, 0.55, -0.55]
		},
		"head": {
			"translation": [0, -30.4, 0],
			"scale": [-1.6, 1.6, -1.6]
		},
		"fixed": {
			"translation": [2, 0, -15],
			"scale": [2, 2, 2]
		}
	}
}