{
	"credit": "Made with Blockbench",
	"texture_size": [64, 64],
	"textures": {
		"0": "item/decor/kitchen_cookerhood",
		"particle": "item/decor/kitchen_cookerhood"
	},
	"elements": [
		{
			"from": [0, 0, 4],
			"to": [16, 4, 16],
			"faces": {
				"north": {"uv": [3, 3, 7, 4], "texture": "#0", "tintindex": 0},
				"east": {"uv": [0, 3, 3, 4], "texture": "#0", "tintindex": 0},
				"south": {"uv": [10, 3, 14, 4], "texture": "#0", "tintindex": 0},
				"west": {"uv": [7, 3, 10, 4], "texture": "#0", "tintindex": 0},
				"up": {"uv": [7, 3, 3, 0], "texture": "#0", "tintindex": 0},
				"down": {"uv": [11, 0, 7, 3], "texture": "#0", "tintindex": 0}
			}
		},
		{
			"from": [4, 4, 9],
			"to": [12, 16, 16],
			"faces": {
				"north": {"uv": [1.75, 6, 3.75, 9], "texture": "#0", "tintindex": 0},
				"east": {"uv": [0, 6, 1.75, 9], "texture": "#0", "tintindex": 0},
				"south": {"uv": [5.5, 6, 7.5, 9], "texture": "#0", "tintindex": 0},
				"west": {"uv": [3.75, 6, 5.5, 9], "texture": "#0", "tintindex": 0},
				"up": {"uv": [3.75, 6, 1.75, 4.25], "texture": "#0", "tintindex": 0},
				"down": {"uv": [5.75, 4.25, 3.75, 6], "texture": "#0", "tintindex": 0}
			}
		}
	],
	"display": {
		"thirdperson_righthand": {
			"rotation": [60, -160, 0],
			"translation": [-1.25, 5.25, 0],
			"scale": [-0.6, 0.6, -0.6]
		},
		"thirdperson_lefthand": {
			"rotation": [60, -160, 0],
			"translation": [-1.25, 5.25, 0],
			"scale": [-0.6, 0.6, -0.6]
		},
		"firstperson_righthand": {
			"rotation": [0, -73, 6],
			"translation": [1.25, 1.25, 0],
			"scale": [-0.4, 0.4, -0.4]
		},
		"firstperson_lefthand": {
			"rotation": [0, -73, 6],
			"translation": [1.25, 1.25, 0],
			"scale": [-0.4, 0.4, -0.4]
		},
		"ground": {
			"translation": [0, 1.5, -1],
			"scale": [0.35, 0.35, 0.35]
		},
		"gui": {
			"rotation": [30, -40, 0],
			"translation": [-1, -0.25, 0],
			"scale": [-0.6, 0.6, -0.6]
		},
		"head": {
			"rotation": [0, -180, 0],
			"translation": [0, -30.4, 0],
			"scale": [1.6, 1.6, 1.6]
		},
		"fixed": {
			"rotation": [-180, -180, -180],
			"translation": [0, 0, -15],
			"scale": [2, 2, 2]
		}
	}
}