{"credit":"Made with Blockbench by yungwilder","texture_size":[32,32],"textures":{"0":"item/decor/paint_bucket_paint_dye","particle":"item/decor/paint_bucket_paint_dye"},"elements":[{"from":[5,0,5],"to":[11,7,11],"faces":{"north":{"uv":[6,0,9,3.5],"texture":"#0"},"east":{"uv":[6,3.5,9,7],"texture":"#0"},"south":{"uv":[6,7,9,10.5],"texture":"#0"},"west":{"uv":[0,8,3,11.5],"texture":"#0"},"up":{"uv":[6,11,3,8],"texture":"#0","tintindex":0},"down":{"uv":[12,0,9,3],"texture":"#0"}}},{"from":[5,7,5],"to":[6,8,11],"faces":{"north":{"uv":[11,12,11.5,12.5],"texture":"#0"},"east":{"uv":[9,10.5,12,11],"texture":"#0","tintindex":0},"south":{"uv":[11.5,12,12,12.5],"texture":"#0"},"west":{"uv":[3,11,6,11.5],"texture":"#0"},"up":{"uv":[6.5,14,6,11],"texture":"#0","tintindex":0},"down":{"uv":[7,11,6.5,14],"texture":"#0"}}},{"from":[10,7,5],"to":[11,8,11],"faces":{"north":{"uv":[12,12,12.5,12.5],"texture":"#0"},"east":{"uv":[7,11,10,11.5],"texture":"#0"},"south":{"uv":[12.5,0,13,0.5],"texture":"#0"},"west":{"uv":[10,11,13,11.5],"texture":"#0","tintindex":0},"up":{"uv":[0.5,14.5,0,11.5],"texture":"#0","tintindex":0},"down":{"uv":[1,11.5,0.5,14.5],"texture":"#0"}}},{"from":[6,7,10],"to":[10,8,11],"faces":{"north":{"uv":[12,3.5,14,4],"texture":"#0","tintindex":0},"east":{"uv":[12.5,0.5,13,1],"texture":"#0"},"south":{"uv":[12,4,14,4.5],"texture":"#0"},"west":{"uv":[12.5,1,13,1.5],"texture":"#0"},"up":{"uv":[14,5,12,4.5],"texture":"#0","tintindex":0},"down":{"uv":[14,5,12,5.5],"texture":"#0"}}},{"from":[6,7,5],"to":[10,8,6],"faces":{"north":{"uv":[12,5.5,14,6],"texture":"#0"},"east":{"uv":[12.5,1.5,13,2],"texture":"#0"},"south":{"uv":[12,6,14,6.5],"texture":"#0","tintindex":0},"west":{"uv":[12.5,2,13,2.5],"texture":"#0"},"up":{"uv":[14,7,12,6.5],"texture":"#0","tintindex":0},"down":{"uv":[14,7,12,7.5],"texture":"#0"}}},{"from":[4.975,0,4.975],"to":[11.025,8.025,11.025],"faces":{"north":{"uv":[0,0,3,4],"texture":"#0","tintindex":0},"east":{"uv":[3,0,6,4],"texture":"#0","tintindex":0},"south":{"uv":[0,4,3,8],"texture":"#0","tintindex":0},"west":{"uv":[3,4,6,8],"texture":"#0","tintindex":0},"up":{"uv":[12,6,9,3],"texture":"#0","tintindex":0},"down":{"uv":[12,6,9,9],"texture":"#0","tintindex":0}}},{"from":[4,4,2],"to":[5,5,7],"rotation":{"angle":-45,"axis":"x","origin":[4.5,5.5,6]},"faces":{"north":{"uv":[9.5,12,10,12.5],"texture":"#0"},"east":{"uv":[1,11.5,3.5,12],"texture":"#0"},"south":{"uv":[12,9.5,12.5,10],"texture":"#0"},"west":{"uv":[3.5,11.5,6,12],"texture":"#0"},"up":{"uv":[7.5,14,7,11.5],"texture":"#0"},"down":{"uv":[8,11.5,7.5,14],"texture":"#0"}}},{"from":[11,4,2],"to":[12,5,7],"rotation":{"angle":-45,"axis":"x","origin":[4.5,5.5,6]},"faces":{"north":{"uv":[10.5,12,11,12.5],"texture":"#0"},"east":{"uv":[8,11.5,10.5,12],"texture":"#0"},"south":{"uv":[12,10.5,12.5,11],"texture":"#0"},"west":{"uv":[10.5,11.5,13,12],"texture":"#0"},"up":{"uv":[12.5,2.5,12,0],"texture":"#0"},"down":{"uv":[1.5,12,1,14.5],"texture":"#0"}}},{"from":[5,4,2],"to":[11,5,3],"rotation":{"angle":-45,"axis":"x","origin":[4.5,5.5,6]},"faces":{"north":{"uv":[9,9,12,9.5],"texture":"#0"},"east":{"uv":[10,12,10.5,12.5],"texture":"#0"},"south":{"uv":[9,9.5,12,10],"texture":"#0"},"west":{"uv":[12,10,12.5,10.5],"texture":"#0"},"up":{"uv":[12,10.5,9,10],"texture":"#0"},"down":{"uv":[9,10.5,6,11],"texture":"#0"}}},{"from":[4,5,7],"to":[5,7,9],"faces":{"north":{"uv":[8,12,8.5,13],"texture":"#0"},"east":{"uv":[12,2.5,13,3.5],"texture":"#0"},"south":{"uv":[8.5,12,9,13],"texture":"#0"},"west":{"uv":[3.5,12,4.5,13],"texture":"#0"},"up":{"uv":[12.5,9.5,12,8.5],"texture":"#0"},"down":{"uv":[9.5,12,9,13],"texture":"#0"}}},{"from":[11,5,7],"to":[12,7,9],"faces":{"north":{"uv":[4.5,12,5,13],"texture":"#0"},"east":{"uv":[1.5,12,2.5,13],"texture":"#0"},"south":{"uv":[5,12,5.5,13],"texture":"#0"},"west":{"uv":[2.5,12,3.5,13],"texture":"#0"},"up":{"uv":[6,13,5.5,12],"texture":"#0"},"down":{"uv":[12.5,7.5,12,8.5],"texture":"#0"}}}],"gui_light":"front","display":{"thirdperson_righthand":{"rotation":[-90,0,-180],"translation":[0,-2,16.5],"scale":[0.6,0.6,0.6]},"thirdperson_lefthand":{"rotation":[-90,0,-180],"translation":[0,-2,16.5],"scale":[0.6,0.6,0.6]},"firstperson_righthand":{"rotation":[0,130,0],"translation":[1,5,0],"scale":[0.7,0.7,0.7]},"firstperson_lefthand":{"rotation":[0,130,0],"translation":[1,5,0],"scale":[0.7,0.7,0.7]},"ground":{"scale":[0.5,0.5,0.5]},"gui":{"rotation":[20,-135,0],"translation":[0,3.5,0]},"head":{"translation":[0,14.5,0]},"fixed":{"rotation":[-90,0,0],"translation":[0,0,-12.75],"scale":[1.6,1.6,1.6]}}}