{
	"credit": "Made with Blockbench",
	"texture_size": [64, 64],
	"textures": {
		"0": "item/decor/wood_chair"
	},
	"elements": [
		{
			"from": [12, 0, 12],
			"to": [15, 7, 15],
			"rotation": {"angle": 0, "axis": "y", "origin": [8, 10.75, 8]},
			"faces": {
				"north": {"uv": [7.75, 3.75, 8.5, 5.5], "texture": "#0"},
				"east": {"uv": [7.75, 3.75, 8.5, 5.5], "texture": "#0"},
				"south": {"uv": [7.75, 3.75, 8.5, 5.5], "texture": "#0"},
				"west": {"uv": [7.75, 3.75, 8.5, 5.5], "texture": "#0"},
				"up": {"uv": [9, 3.5, 8.25, 2.75], "rotation": 180, "texture": "#0"},
				"down": {"uv": [9.25, 3.5, 8.5, 4.25], "rotation": 180, "texture": "#0"}
			}
		},
		{
			"from": [1, 0, 12],
			"to": [4, 7, 15],
			"rotation": {"angle": 0, "axis": "y", "origin": [8, 10.75, 8]},
			"faces": {
				"north": {"uv": [7.75, 3.75, 8.5, 5.5], "texture": "#0"},
				"east": {"uv": [7.75, 3.75, 8.5, 5.5], "texture": "#0"},
				"south": {"uv": [7.75, 3.75, 8.5, 5.5], "texture": "#0"},
				"west": {"uv": [7.75, 3.75, 8.5, 5.5], "texture": "#0"},
				"up": {"uv": [9, 3.5, 8.25, 2.75], "rotation": 180, "texture": "#0"},
				"down": {"uv": [9.25, 3.5, 8.5, 4.25], "rotation": 180, "texture": "#0"}
			}
		},
		{
			"from": [12, 0, 1],
			"to": [15, 7, 4],
			"rotation": {"angle": 0, "axis": "y", "origin": [8, 10.75, 8]},
			"faces": {
				"north": {"uv": [7.75, 3.75, 8.5, 5.5], "texture": "#0"},
				"east": {"uv": [7.75, 3.75, 8.5, 5.5], "texture": "#0"},
				"south": {"uv": [7.75, 3.75, 8.5, 5.5], "texture": "#0"},
				"west": {"uv": [7.75, 3.75, 8.5, 5.5], "texture": "#0"},
				"up": {"uv": [9, 3.5, 8.25, 2.75], "rotation": 180, "texture": "#0"},
				"down": {"uv": [9.25, 3.5, 8.5, 4.25], "rotation": 180, "texture": "#0"}
			}
		},
		{
			"from": [1, 0, 1],
			"to": [4, 7, 4],
			"rotation": {"angle": 0, "axis": "y", "origin": [8, 10.75, 8]},
			"faces": {
				"north": {"uv": [7.75, 3.75, 8.5, 5.5], "texture": "#0"},
				"east": {"uv": [7.75, 3.75, 8.5, 5.5], "texture": "#0"},
				"south": {"uv": [7.75, 3.75, 8.5, 5.5], "texture": "#0"},
				"west": {"uv": [7.75, 3.75, 8.5, 5.5], "texture": "#0"},
				"up": {"uv": [9, 3.5, 8.25, 2.75], "rotation": 180, "texture": "#0"},
				"down": {"uv": [9.25, 3.5, 8.5, 4.25], "rotation": 180, "texture": "#0"}
			}
		},
		{
			"from": [0, 7, 0],
			"to": [16, 9, 16],
			"rotation": {"angle": 0, "axis": "y", "origin": [8, 10.75, 8]},
			"faces": {
				"north": {"uv": [5.5, 0, 9.5, 0.5], "texture": "#0"},
				"east": {"uv": [5.5, 1.5, 9.5, 2], "texture": "#0"},
				"south": {"uv": [5.5, 0, 9.5, 0.5], "texture": "#0"},
				"west": {"uv": [5.5, 0.5, 9.5, 1], "texture": "#0"},
				"up": {"uv": [4, 4, 0, 0], "rotation": 180, "texture": "#0"},
				"down": {"uv": [4, 0, 0, 4], "rotation": 180, "texture": "#0"}
			}
		},
		{
			"from": [12, 9, 1],
			"to": [15, 21, 4],
			"rotation": {"angle": 0, "axis": "y", "origin": [8, 10.75, 8]},
			"faces": {
				"north": {"uv": [4, 0, 4.75, 3], "texture": "#0"},
				"east": {"uv": [4, 0, 4.75, 3], "texture": "#0"},
				"south": {"uv": [4, 0, 4.75, 3], "texture": "#0"},
				"west": {"uv": [4, 0, 4.75, 3], "texture": "#0"},
				"up": {"uv": [8.5, 8, 7.75, 7.25], "rotation": 180, "texture": "#0"},
				"down": {"uv": [0.75, 8, 0, 8.75], "rotation": 180, "texture": "#0"}
			}
		},
		{
			"from": [1, 9, 1],
			"to": [4, 21, 4],
			"rotation": {"angle": 0, "axis": "y", "origin": [8, 10.75, 8]},
			"faces": {
				"north": {"uv": [4, 0, 4.75, 3], "texture": "#0"},
				"east": {"uv": [4, 0, 4.75, 3], "texture": "#0"},
				"south": {"uv": [4, 0, 4.75, 3], "texture": "#0"},
				"west": {"uv": [4, 0, 4.75, 3], "texture": "#0"},
				"up": {"uv": [8.5, 8, 7.75, 7.25], "rotation": 180, "texture": "#0"},
				"down": {"uv": [0.75, 8, 0, 8.75], "rotation": 180, "texture": "#0"}
			}
		},
		{
			"from": [4, 16, 2],
			"to": [12, 20, 3],
			"rotation": {"angle": 0, "axis": "y", "origin": [8, 10.75, 8]},
			"faces": {
				"north": {"uv": [5.5, 3, 7.5, 4], "texture": "#0"},
				"east": {"uv": [8.5, 4.75, 8.75, 5.75], "texture": "#0"},
				"south": {"uv": [5.5, 2, 7.5, 3], "texture": "#0"},
				"west": {"uv": [3.75, 8, 4, 9], "texture": "#0"},
				"up": {"uv": [10.5, 4.5, 8.5, 4.25], "rotation": 180, "texture": "#0"},
				"down": {"uv": [10.5, 4.5, 8.5, 4.75], "rotation": 180, "texture": "#0"}
			}
		}
	],
	"gui_light": "front",
	"display": {
		"thirdperson_righthand": {
			"rotation": [-125, 20, 180],
			"translation": [1, 2, 1.25],
			"scale": [0.3, 0.3, 0.3]
		},
		"thirdperson_lefthand": {
			"rotation": [-125, 20, 180],
			"translation": [1, 2, 1.25],
			"scale": [0.3, 0.3, 0.3]
		},
		"firstperson_righthand": {
			"rotation": [0, 145, 0],
			"translation": [-0.75, 2.25, 1.5],
			"scale": [0.3, 0.3, 0.3]
		},
		"firstperson_lefthand": {
			"rotation": [0, 145, 0],
			"translation": [-0.75, 2.25, 1.5],
			"scale": [0.3, 0.3, 0.3]
		},
		"ground": {
			"translation": [0, 2, 0],
			"scale": [0.4, 0.4, 0.4]
		},
		"gui": {
			"rotation": [-165, 45, -180],
			"translation": [0, -1.25, 0],
			"scale": [0.5, 0.5, 0.5]
		},
		"head": {
			"translation": [0, -35, 0]
		},
		"fixed": {
			"rotation": [-90, 0, 0],
			"translation": [0, 0, -16],
			"scale": [2, 2, 2]
		}
	}
}