{
	"credit": "Made with Blockbench",
	"texture_size": [64, 64],
	"textures": {
		"0": "item/decor/wood_light_post"
	},
	"elements": [
		{
			"from": [6, -16, 8],
			"to": [10, 28, 12],
			"rotation": {"angle": 0, "axis": "y", "origin": [7, 0, 8]},
			"faces": {
				"north": {"uv": [0, 0, 1, 11], "texture": "#0"},
				"east": {"uv": [1, 0, 2, 11], "texture": "#0"},
				"south": {"uv": [2, 0, 3, 11], "texture": "#0"},
				"west": {"uv": [3, 0, 4, 11], "texture": "#0"},
				"up": {"uv": [8.5, 6, 7.5, 5], "texture": "#0"},
				"down": {"uv": [8.5, 6, 7.5, 7], "texture": "#0"}
			}
		},
		{
			"from": [6, 28, -16],
			"to": [10, 32, 16],
			"rotation": {"angle": 0, "axis": "y", "origin": [7, 4, 8]},
			"faces": {
				"north": {"uv": [7.5, 7, 8.5, 8], "texture": "#0"},
				"east": {"uv": [4, 0, 12, 1], "texture": "#0"},
				"south": {"uv": [7.5, 8, 8.5, 9], "texture": "#0"},
				"west": {"uv": [4, 1, 12, 2], "texture": "#0"},
				"up": {"uv": [4, 10, 5, 2], "texture": "#0"},
				"down": {"uv": [4, 2, 5, 10], "texture": "#0"}
			}
		},
		{
			"from": [8, 23, -9.5],
			"to": [8, 28, -6.5],
			"rotation": {"angle": 0, "axis": "y", "origin": [7, 0, 8]},
			"faces": {
				"north": {"uv": [0, 0, 0, 1.25], "texture": "#0"},
				"east": {"uv": [9, 3.25, 9.75, 4.5], "texture": "#0"},
				"south": {"uv": [0, 0, 0, 1.25], "texture": "#0"},
				"west": {"uv": [9, 3.25, 9.75, 4.5], "texture": "#0"},
				"up": {"uv": [0, 0.75, 0, 0], "texture": "#0"},
				"down": {"uv": [0, 0, 0, 0.75], "texture": "#0"}
			}
		},
		{
			"from": [6.5, 23, -8],
			"to": [9.5, 28, -8],
			"rotation": {"angle": 0, "axis": "y", "origin": [8, 25.5, -8]},
			"faces": {
				"north": {"uv": [8.5, 8.25, 9.25, 9.5], "texture": "#0"},
				"east": {"uv": [0, 0, 0, 1.25], "texture": "#0"},
				"south": {"uv": [8.5, 8.25, 9.25, 9.5], "texture": "#0"},
				"west": {"uv": [0, 0, 0, 1.25], "texture": "#0"},
				"up": {"uv": [0.75, 0, 0, 0], "texture": "#0"},
				"down": {"uv": [0.75, 0, 0, 0], "texture": "#0"}
			}
		},
		{
			"from": [5, 14, -11],
			"to": [11, 21, -5],
			"rotation": {"angle": 0, "axis": "y", "origin": [7, -7, 8]},
			"faces": {
				"north": {"uv": [6, 7.25, 7.5, 9], "texture": "#0"},
				"east": {"uv": [6, 7.25, 7.5, 9], "texture": "#0"},
				"south": {"uv": [6, 7.25, 7.5, 9], "texture": "#0"},
				"west": {"uv": [6, 7.25, 7.5, 9], "texture": "#0"},
				"up": {"uv": [9, 3.5, 7.5, 2], "texture": "#0"},
				"down": {"uv": [9, 3.5, 7.5, 5], "texture": "#0"}
			}
		},
		{
			"from": [6, 21, -10],
			"to": [10, 23, -6],
			"rotation": {"angle": 0, "axis": "y", "origin": [7, -6, 8]},
			"faces": {
				"north": {"uv": [9.25, 7, 10.25, 7.5], "texture": "#0"},
				"east": {"uv": [9.25, 7, 10.25, 7.5], "texture": "#0"},
				"south": {"uv": [9.25, 7, 10.25, 7.5], "texture": "#0"},
				"west": {"uv": [9.25, 7, 10.25, 7.5], "texture": "#0"},
				"up": {"uv": [9.5, 6, 8.5, 5], "texture": "#0"},
				"down": {"uv": [9.5, 6, 8.5, 7], "texture": "#0"}
			}
		}
	],
	"gui_light": "front",
	"display": {
		"thirdperson_righthand": {
			"rotation": [-125, 160, 180],
			"translation": [0, 2, 1.25],
			"scale": [0.3, 0.3, 0.3]
		},
		"thirdperson_lefthand": {
			"rotation": [-125, 160, 180],
			"translation": [0, 2, 1.25],
			"scale": [0.3, 0.3, 0.3]
		},
		"firstperson_righthand": {
			"rotation": [0, 145, 0],
			"translation": [-0.75, 2.25, 1.5],
			"scale": [0.3, 0.3, 0.3]
		},
		"firstperson_lefthand": {
			"rotation": [0, 145, 0],
			"translation": [-0.75, 2.25, 1.5],
			"scale": [0.3, 0.3, 0.3]
		},
		"ground": {
			"translation": [0, 4, 0],
			"scale": [0.3, 0.3, 0.3]
		},
		"gui": {
			"rotation": [-165, 45, -180],
			"translation": [1.5, -0.25, 0],
			"scale": [0.3, 0.3, 0.3]
		},
		"head": {
			"translation": [0, -6.75, 0],
			"scale": [1.5, 1.5, 1.5]
		},
		"fixed": {
			"rotation": [-90, 0, 0],
			"translation": [0, 0, -48],
			"scale": [2, 2, 2]
		}
	}
}