{
	"credit": "Made with Blockbench",
	"texture_size": [64, 64],
	"textures": {
		"0": "item/decor/wood_coffee_table_2"
	},
	"elements": [
		{
			"from": [0, 10, 0],
			"to": [32, 12, 16],
			"rotation": {"angle": 0, "axis": "y", "origin": [0, -4, 0]},
			"faces": {
				"north": {"uv": [0, 8, 8, 8.5], "texture": "#0"},
				"east": {"uv": [12, 1, 8, 1.5], "texture": "#0"},
				"south": {"uv": [0, 8, 8, 8.5], "texture": "#0"},
				"west": {"uv": [8, 1, 12, 1.5], "texture": "#0"},
				"up": {"uv": [8, 4, 0, 0], "texture": "#0"},
				"down": {"uv": [0, 0, 8, 4], "texture": "#0"}
			}
		},
		{
			"from": [1, 0, 1],
			"to": [4, 10, 4],
			"rotation": {"angle": 0, "axis": "y", "origin": [-27, 0, 0]},
			"faces": {
				"north": {"uv": [3.75, 8.5, 4.5, 11], "texture": "#0"},
				"east": {"uv": [3.75, 8.5, 4.5, 11], "texture": "#0"},
				"south": {"uv": [3.75, 8.5, 4.5, 11], "texture": "#0"},
				"west": {"uv": [3.75, 8.5, 4.5, 11], "texture": "#0"},
				"up": {"uv": [10.25, 3, 9.5, 2.25], "texture": "#0"},
				"down": {"uv": [10.25, 3, 9.5, 3.75], "texture": "#0"}
			}
		},
		{
			"from": [28, 0, 1],
			"to": [31, 10, 4],
			"rotation": {"angle": 0, "axis": "y", "origin": [-27, 0, 0]},
			"faces": {
				"north": {"uv": [3.75, 8.5, 4.5, 11], "texture": "#0"},
				"east": {"uv": [3.75, 8.5, 4.5, 11], "texture": "#0"},
				"south": {"uv": [3.75, 8.5, 4.5, 11], "texture": "#0"},
				"west": {"uv": [3.75, 8.5, 4.5, 11], "texture": "#0"},
				"up": {"uv": [10.25, 3, 9.5, 2.25], "texture": "#0"},
				"down": {"uv": [10.25, 3, 9.5, 3.75], "texture": "#0"}
			}
		},
		{
			"from": [1, 0, 12],
			"to": [4, 10, 15],
			"rotation": {"angle": 0, "axis": "y", "origin": [-27, 0, 0]},
			"faces": {
				"north": {"uv": [3.75, 8.5, 4.5, 11], "texture": "#0"},
				"east": {"uv": [3.75, 8.5, 4.5, 11], "texture": "#0"},
				"south": {"uv": [3.75, 8.5, 4.5, 11], "texture": "#0"},
				"west": {"uv": [3.75, 8.5, 4.5, 11], "texture": "#0"},
				"up": {"uv": [10.25, 3, 9.5, 2.25], "texture": "#0"},
				"down": {"uv": [10.25, 3, 9.5, 3.75], "texture": "#0"}
			}
		},
		{
			"from": [28, 0, 12],
			"to": [31, 10, 15],
			"rotation": {"angle": 0, "axis": "y", "origin": [-27, 0, 0]},
			"faces": {
				"north": {"uv": [3.75, 8.5, 4.5, 11], "texture": "#0"},
				"east": {"uv": [3.75, 8.5, 4.5, 11], "texture": "#0"},
				"south": {"uv": [3.75, 8.5, 4.5, 11], "texture": "#0"},
				"west": {"uv": [3.75, 8.5, 4.5, 11], "texture": "#0"},
				"up": {"uv": [10.25, 3, 9.5, 2.25], "texture": "#0"},
				"down": {"uv": [10.25, 3, 9.5, 3.75], "texture": "#0"}
			}
		}
	],
	"gui_light": "front",
	"display": {
		"thirdperson_righthand": {
			"rotation": [-125, 20, 180],
			"translation": [0, 2, 1.25],
			"scale": [0.3, 0.3, 0.3]
		},
		"thirdperson_lefthand": {
			"rotation": [-125, 20, 180],
			"translation": [0, 2, 1.25],
			"scale": [0.3, 0.3, 0.3]
		},
		"firstperson_righthand": {
			"rotation": [0, 145, 0],
			"translation": [3.75, 2.25, 1.5],
			"scale": [0.3, 0.3, 0.3]
		},
		"firstperson_lefthand": {
			"rotation": [0, 145, 0],
			"translation": [-0.75, 2.25, 1.5],
			"scale": [0.3, 0.3, 0.3]
		},
		"ground": {
			"translation": [-2, 4, 0],
			"scale": [0.3, 0.3, 0.3]
		},
		"gui": {
			"rotation": [-165, 45, -180],
			"translation": [2, 0, 0],
			"scale": [0.4, 0.4, 0.4]
		},
		"head": {
			"translation": [0.75, -34, 0],
			"scale": [1.1, 1.1, 1.1]
		},
		"fixed": {
			"rotation": [-90, 0, 0],
			"translation": [-0.25, 0, -17],
			"scale": [2, 2, 2]
		}
	}
}