{
	"credit": "Made with Blockbench",
	"texture_size": [64, 64],
	"textures": {
		"1": "item/decor/wood_bench",
		"particle": "item/decor/wood_bench"
	},
	"elements": [
		{
			"from": [0, 7, 0],
			"to": [32, 9, 16],
			"rotation": {"angle": 0, "axis": "y", "origin": [1, 10.75, 8]},
			"faces": {
				"north": {"uv": [8, 3.5, 16, 4], "texture": "#1"},
				"east": {"uv": [1.5, 9.5, 5.5, 10], "texture": "#1"},
				"south": {"uv": [8, 3, 16, 3.5], "texture": "#1"},
				"west": {"uv": [1.5, 9, 5.5, 9.5], "texture": "#1"},
				"up": {"uv": [8, 4, 0, 0], "rotation": 180, "texture": "#1"},
				"down": {"uv": [8, 4, 0, 8], "rotation": 180, "texture": "#1"}
			}
		},
		{
			"from": [4, 16, 2],
			"to": [28, 20, 3],
			"rotation": {"angle": 0, "axis": "y", "origin": [1, 10.75, 8]},
			"faces": {
				"north": {"uv": [8, 0, 14, 1], "texture": "#1"},
				"east": {"uv": [7.75, 8, 8, 9], "texture": "#1"},
				"south": {"uv": [0, 8, 6, 9], "texture": "#1"},
				"west": {"uv": [7.5, 8, 7.75, 9], "texture": "#1"},
				"up": {"uv": [15.5, 4.25, 9.5, 4], "rotation": 180, "texture": "#1"},
				"down": {"uv": [15.5, 4.25, 9.5, 4.5], "rotation": 180, "texture": "#1"}
			}
		},
		{
			"from": [4, 11, 2],
			"to": [28, 15, 3],
			"rotation": {"angle": 0, "axis": "y", "origin": [1, 10.75, 8]},
			"faces": {
				"north": {"uv": [8, 0, 14, 1], "texture": "#1"},
				"east": {"uv": [7.75, 8, 8, 9], "texture": "#1"},
				"south": {"uv": [0, 8, 6, 9], "texture": "#1"},
				"west": {"uv": [7.5, 8, 7.75, 9], "texture": "#1"},
				"up": {"uv": [15.5, 4.25, 9.5, 4], "rotation": 180, "texture": "#1"},
				"down": {"uv": [15.5, 4.25, 9.5, 4.5], "rotation": 180, "texture": "#1"}
			}
		},
		{
			"from": [28, 9, 1],
			"to": [31, 21, 4],
			"rotation": {"angle": 0, "axis": "y", "origin": [1, 10.75, 8]},
			"faces": {
				"north": {"uv": [8, 4, 8.75, 7], "texture": "#1"},
				"east": {"uv": [8, 4, 8.75, 7], "texture": "#1"},
				"south": {"uv": [8, 4, 8.75, 7], "texture": "#1"},
				"west": {"uv": [8, 4, 8.75, 7], "texture": "#1"},
				"up": {"uv": [4.5, 10.75, 3.75, 10], "rotation": 180, "texture": "#1"},
				"down": {"uv": [5.25, 10, 4.5, 10.75], "rotation": 180, "texture": "#1"}
			}
		},
		{
			"from": [1, 9, 1],
			"to": [4, 21, 4],
			"rotation": {"angle": 0, "axis": "y", "origin": [1, 10.75, 8]},
			"faces": {
				"north": {"uv": [8, 4, 8.75, 7], "texture": "#1"},
				"east": {"uv": [8, 4, 8.75, 7], "texture": "#1"},
				"south": {"uv": [8, 4, 8.75, 7], "texture": "#1"},
				"west": {"uv": [8, 4, 8.75, 7], "texture": "#1"},
				"up": {"uv": [4.5, 10.75, 3.75, 10], "rotation": 180, "texture": "#1"},
				"down": {"uv": [5.25, 10, 4.5, 10.75], "rotation": 180, "texture": "#1"}
			}
		},
		{
			"from": [28, 0, 12],
			"to": [31, 7, 15],
			"rotation": {"angle": 0, "axis": "y", "origin": [1, 10.75, 8]},
			"faces": {
				"north": {"uv": [10.25, 5, 9.5, 6.75], "texture": "#1"},
				"east": {"uv": [10.25, 5, 9.5, 6.75], "texture": "#1"},
				"south": {"uv": [10.25, 5, 9.5, 6.75], "texture": "#1"},
				"west": {"uv": [10.25, 5, 9.5, 6.75], "texture": "#1"},
				"up": {"uv": [2.25, 10.75, 3, 10], "rotation": 180, "texture": "#1"},
				"down": {"uv": [3, 10, 3.75, 10.75], "rotation": 180, "texture": "#1"}
			}
		},
		{
			"from": [1, 0, 12],
			"to": [4, 7, 15],
			"rotation": {"angle": 0, "axis": "y", "origin": [1, 10.75, 8]},
			"faces": {
				"north": {"uv": [10.25, 5, 9.5, 6.75], "texture": "#1"},
				"east": {"uv": [10.25, 5, 9.5, 6.75], "texture": "#1"},
				"south": {"uv": [10.25, 5, 9.5, 6.75], "texture": "#1"},
				"west": {"uv": [10.25, 5, 9.5, 6.75], "texture": "#1"},
				"up": {"uv": [2.25, 10.75, 3, 10], "rotation": 180, "texture": "#1"},
				"down": {"uv": [3, 10, 3.75, 10.75], "rotation": 180, "texture": "#1"}
			}
		},
		{
			"from": [28, 0, 1],
			"to": [31, 7, 4],
			"rotation": {"angle": 0, "axis": "y", "origin": [1, 10.75, 8]},
			"faces": {
				"north": {"uv": [10.25, 5, 9.5, 6.75], "texture": "#1"},
				"east": {"uv": [10.25, 5, 9.5, 6.75], "texture": "#1"},
				"south": {"uv": [10.25, 5, 9.5, 6.75], "texture": "#1"},
				"west": {"uv": [10.25, 5, 9.5, 6.75], "texture": "#1"},
				"up": {"uv": [2.25, 10.75, 3, 10], "rotation": 180, "texture": "#1"},
				"down": {"uv": [3, 10, 3.75, 10.75], "rotation": 180, "texture": "#1"}
			}
		},
		{
			"from": [1, 0, 1],
			"to": [4, 7, 4],
			"rotation": {"angle": 0, "axis": "y", "origin": [1, 10.75, 8]},
			"faces": {
				"north": {"uv": [10.25, 5, 9.5, 6.75], "texture": "#1"},
				"east": {"uv": [10.25, 5, 9.5, 6.75], "texture": "#1"},
				"south": {"uv": [10.25, 5, 9.5, 6.75], "texture": "#1"},
				"west": {"uv": [10.25, 5, 9.5, 6.75], "texture": "#1"},
				"up": {"uv": [2.25, 10.75, 3, 10], "rotation": 180, "texture": "#1"},
				"down": {"uv": [3, 10, 3.75, 10.75], "rotation": 180, "texture": "#1"}
			}
		}
	],
	"gui_light": "front",
	"display": {
		"thirdperson_righthand": {
			"rotation": [-125, 20, 180],
			"translation": [1, 2, 1.25],
			"scale": [0.3, 0.3, 0.3]
		},
		"thirdperson_lefthand": {
			"rotation": [-125, 20, 180],
			"translation": [1, 2, 1.25],
			"scale": [0.3, 0.3, 0.3]
		},
		"firstperson_righthand": {
			"rotation": [0, 145, 0],
			"translation": [4, 2.25, 1.5],
			"scale": [0.3, 0.3, 0.3]
		},
		"firstperson_lefthand": {
			"rotation": [0, 145, 0],
			"translation": [-0.75, 2.25, 1.5],
			"scale": [0.3, 0.3, 0.3]
		},
		"ground": {
			"translation": [-2, 4, 0],
			"scale": [0.3, 0.3, 0.3]
		},
		"gui": {
			"rotation": [-165, 45, -180],
			"translation": [2.5, -0.75, 0],
			"scale": [0.45, 0.45, 0.45]
		},
		"head": {
			"translation": [-1, -33.5, 0],
			"scale": [1.2, 1.2, 1.2]
		},
		"fixed": {
			"rotation": [-90, 0, 0],
			"translation": [-3.25, 0.5, -16],
			"scale": [2, 2, 2]
		}
	}
}