{
	"credit": "Created by Stridey",
	"ambientocclusion": false,
	"textures": {
		"1": "block/crimson_door_bottom",
		"particle": "block/crimson_door_bottom"
	},
	"elements": [
		{
			"from": [0, 0, 0],
			"to": [3, 16, 16],
			"faces": {
				"north": {"uv": [3, 0, 0, 16], "texture": "#1"},
				"east": {"uv": [16, 0, 0, 16], "texture": "#1"},
				"south": {"uv": [0, 0, 3, 16], "texture": "#1"},
				"west": {"uv": [0, 0, 16, 16], "texture": "#1", "cullface": "west"},
				"down": {"uv": [13, 0, 16, 16], "texture": "#1", "cullface": "down"}
			}
		},
		{
			"from": [-1, 6, 0.06],
			"to": [0, 11, 15.94],
			"rotation": {"angle": 0, "axis": "y", "origin": [7, 8, 8]},
			"faces": {
				"north": {"uv": [2, 5, 1, 10], "texture": "#1"},
				"south": {"uv": [14, 5, 15, 10], "texture": "#1"},
				"west": {"uv": [16, 5, 0, 10], "texture": "#1", "cullface": "west"},
				"up": {"uv": [15, 5, 14, 6], "rotation": 90, "texture": "#1"},
				"down": {"uv": [15, 9, 16, 10], "rotation": 90, "texture": "#1", "cullface": "down"}
			}
		},
		{
			"from": [3, 6, 0.06],
			"to": [4, 11, 15.94],
			"rotation": {"angle": 0, "axis": "y", "origin": [-4, 8, 8]},
			"faces": {
				"north": {"uv": [1, 5, 2, 10], "texture": "#1"},
				"east": {"uv": [16, 5, 0, 10], "texture": "#1", "cullface": "west"},
				"south": {"uv": [15, 5, 14, 10], "texture": "#1"},
				"up": {"uv": [14, 5, 15, 6], "rotation": 270, "texture": "#1"},
				"down": {"uv": [16, 9, 15, 10], "rotation": 270, "texture": "#1", "cullface": "down"}
			}
		},
		{
			"from": [-0.5, 15, 11],
			"to": [0, 16, 14],
			"rotation": {"angle": 0, "axis": "y", "origin": [5, 8, 8]},
			"faces": {
				"north": {"uv": [11.5, 0, 11, 1], "texture": "#1"},
				"south": {"uv": [11, 0, 11.5, 1], "texture": "#1"},
				"west": {"uv": [11, 0, 14, 1], "texture": "#1"},
				"up": {"uv": [11, 0, 11.5, 3], "rotation": 90, "texture": "#1"},
				"down": {"uv": [11, 0, 11.5, 3], "rotation": 90, "texture": "#1"}
			}
		},
		{
			"from": [3, 15, 11],
			"to": [3.5, 16, 14],
			"rotation": {"angle": 0, "axis": "y", "origin": [8.5, 8, 8]},
			"faces": {
				"north": {"uv": [11.5, 0, 11, 1], "texture": "#1"},
				"east": {"uv": [14, 0, 11, 1], "texture": "#1"},
				"south": {"uv": [11, 0, 11.5, 1], "texture": "#1"},
				"up": {"uv": [11, 0, 11.5, 3], "rotation": 90, "texture": "#1"},
				"down": {"uv": [11, 0, 11.5, 3], "rotation": 90, "texture": "#1"}
			}
		}
	]
}