{
	"credit": "Made with Blockbench",
	"texture_size": [64, 64],
	"textures": {
		"1": "item/etc/cake_fork",
		"particle": "item/etc/cake_fork"
	},
	"gui_light": "front",
	"elements": [
		{
			"name": "포크몸통",
			"from": [0, -10, 2.5],
			"to": [3, 9, 3.5],
			"rotation": {"angle": 0, "axis": "y", "origin": [1.5, -3.5, 3.1]},
			"faces": {
				"north": {"uv": [2.75, 7, 3.5, 13.25], "texture": "#1"},
				"east": {"uv": [2.5, 8.75, 2.75, 15], "texture": "#1"},
				"south": {"uv": [3.5, 7, 4.25, 13.25], "texture": "#1"},
				"west": {"uv": [6.25, 9.75, 6.5, 16], "texture": "#1"},
				"up": {"uv": [12, 6.75, 11.25, 6.5], "texture": "#1"},
				"down": {"uv": [12.25, 3.25, 11.5, 3.5], "texture": "#1"}
			}
		},
		{
			"from": [-2, 9, 2.5],
			"to": [5, 12, 3.5],
			"rotation": {"angle": 0, "axis": "y", "origin": [0, 5, 2.5]},
			"faces": {
				"north": {"uv": [9.5, 6, 11.25, 6.75], "texture": "#1"},
				"east": {"uv": [2.25, 11.75, 2.5, 12.5], "texture": "#1"},
				"south": {"uv": [6.5, 9.75, 8.25, 10.5], "texture": "#1"},
				"west": {"uv": [11.75, 5.25, 12, 6], "texture": "#1"},
				"up": {"uv": [8.75, 1.5, 7, 1.25], "texture": "#1"},
				"down": {"uv": [8.75, 1.5, 7, 1.75], "texture": "#1"}
			}
		},
		{
			"from": [2.23223, 7.14645, 2.5],
			"to": [4.23223, 10.14645, 3.5],
			"rotation": {"angle": -45, "axis": "z", "origin": [3.23223, 8.64645, 3]},
			"faces": {
				"north": {"uv": [11.25, 5.75, 11.75, 6.5], "texture": "#1"},
				"east": {"uv": [8, 11.75, 8.25, 12.5], "texture": "#1"},
				"south": {"uv": [11.25, 10, 11.75, 10.75], "texture": "#1"},
				"west": {"uv": [11.75, 8.75, 12, 9.5], "texture": "#1"},
				"up": {"uv": [10, 7, 9.5, 6.75], "texture": "#1"},
				"down": {"uv": [10.5, 8.75, 10, 9], "texture": "#1"}
			}
		},
		{
			"from": [-1.23223, 7.14645, 2.5],
			"to": [0.76777, 10.14645, 3.5],
			"rotation": {"angle": 45, "axis": "z", "origin": [-0.23223, 8.64645, 3]},
			"faces": {
				"north": {"uv": [11.5, 2.5, 12, 3.25], "texture": "#1"},
				"east": {"uv": [11.75, 9.5, 12, 10.25], "texture": "#1"},
				"south": {"uv": [5.25, 11.5, 5.75, 12.25], "texture": "#1"},
				"west": {"uv": [10.25, 11.75, 10.5, 12.5], "texture": "#1"},
				"up": {"uv": [11, 12, 10.5, 11.75], "texture": "#1"},
				"down": {"uv": [12, 11.75, 11.5, 12], "texture": "#1"}
			}
		},
		{
			"from": [3.75, 12, 2.5],
			"to": [5, 17, 3.5],
			"rotation": {"angle": 0, "axis": "y", "origin": [0, 5, 2.5]},
			"faces": {
				"north": {"uv": [11, 11, 11.375, 12.25], "texture": "#1"},
				"east": {"uv": [2.25, 10.5, 2.5, 11.75], "texture": "#1"},
				"south": {"uv": [11.25, 8.75, 11.625, 10], "texture": "#1"},
				"west": {"uv": [8, 10.5, 8.25, 11.75], "texture": "#1"},
				"up": {"uv": [12.375, 0.25, 12, 0], "texture": "#1"},
				"down": {"uv": [12.375, 0.25, 12, 0.5], "texture": "#1"}
			}
		},
		{
			"from": [-2, 12, 2.5],
			"to": [-0.75, 17, 3.5],
			"rotation": {"angle": 0, "axis": "y", "origin": [0, 5, 2.5]},
			"faces": {
				"north": {"uv": [11.5, 0, 11.875, 1.25], "texture": "#1"},
				"east": {"uv": [5.75, 11.5, 6, 12.75], "texture": "#1"},
				"south": {"uv": [11.5, 1.25, 11.875, 2.5], "texture": "#1"},
				"west": {"uv": [6, 11.5, 6.25, 12.75], "texture": "#1"},
				"up": {"uv": [12.375, 0.75, 12, 0.5], "texture": "#1"},
				"down": {"uv": [12.375, 0.75, 12, 1], "texture": "#1"}
			}
		},
		{
			"from": [0.9, 12, 2.5],
			"to": [2.15, 17, 3.5],
			"rotation": {"angle": 0, "axis": "y", "origin": [0, 5, 2.5]},
			"faces": {
				"north": {"uv": [4.25, 11.5, 4.625, 12.75], "texture": "#1"},
				"east": {"uv": [8.25, 11.5, 8.5, 12.75], "texture": "#1"},
				"south": {"uv": [4.75, 11.5, 5.125, 12.75], "texture": "#1"},
				"west": {"uv": [8.5, 11.5, 8.75, 12.75], "texture": "#1"},
				"up": {"uv": [12.375, 1.25, 12, 1], "texture": "#1"},
				"down": {"uv": [12.375, 1.25, 12, 1.5], "texture": "#1"}
			}
		},
		{
			"from": [-6.62184, 17, 2.95499],
			"to": [4.67816, 24, 6.95499],
			"rotation": {"angle": 22.5, "axis": "y", "origin": [-0.99684, 5, -0.29501]},
			"faces": {
				"north": {"uv": [6.5, 5.25, 9.375, 7], "texture": "#1"},
				"east": {"uv": [9.5, 4.25, 10.5, 6], "texture": "#1"},
				"south": {"uv": [6.75, 1.75, 9.625, 3.5], "texture": "#1"},
				"west": {"uv": [9.5, 9, 10.5, 10.75], "texture": "#1"},
				"up": {"uv": [9.875, 8, 7, 7], "texture": "#1"},
				"down": {"uv": [9.875, 8, 7, 9], "texture": "#1"}
			}
		},
		{
			"from": [-4.74847, 17, -0.19136],
			"to": [6.45153, 24, 4.30864],
			"rotation": {"angle": -22.5, "axis": "y", "origin": [0.90153, 20.5, 2.18364]},
			"faces": {
				"north": {"uv": [6.75, 3.5, 9.5, 5.25], "texture": "#1"},
				"east": {"uv": [0, 8.75, 1.125, 10.5], "texture": "#1"},
				"south": {"uv": [0, 7, 2.75, 8.75], "texture": "#1"},
				"west": {"uv": [1.25, 8.75, 2.375, 10.5], "texture": "#1"},
				"up": {"uv": [9.75, 1.125, 7, 0], "texture": "#1"},
				"down": {"uv": [7, 7, 4.25, 8.125], "texture": "#1"}
			}
		},
		{
			"from": [-2.99684, 17, 2.02999],
			"to": [10.00316, 24, 4.32999],
			"rotation": {"angle": 0, "axis": "y", "origin": [-0.99684, 5, -0.29501]},
			"faces": {
				"north": {"uv": [0, 5.25, 3.25, 7], "texture": "#1"},
				"east": {"uv": [8.25, 9.75, 8.875, 11.5], "texture": "#1"},
				"south": {"uv": [3.25, 5.25, 6.5, 7], "texture": "#1"},
				"west": {"uv": [0, 10.5, 0.625, 12.25], "texture": "#1"},
				"up": {"uv": [9.5, 9.625, 6.25, 9], "texture": "#1"},
				"down": {"uv": [12.75, 3.5, 9.5, 4.125], "texture": "#1"}
			}
		},
		{
			"from": [9.92053, 17, 1.23137],
			"to": [11.54553, 24, 2.85637],
			"rotation": {"angle": -45, "axis": "y", "origin": [8.99553, 20.5, 1.73137]},
			"faces": {
				"north": {"uv": [10.5, 4.25, 10.875, 6], "texture": "#1"},
				"east": {"uv": [6.5, 10.5, 6.875, 12.25], "texture": "#1"},
				"south": {"uv": [7, 10.5, 7.375, 12.25], "texture": "#1"},
				"west": {"uv": [7.5, 10.5, 7.875, 12.25], "texture": "#1"},
				"up": {"uv": [12.125, 6.375, 11.75, 6], "texture": "#1"},
				"down": {"uv": [12.125, 10.25, 11.75, 10.625], "texture": "#1"}
			}
		},
		{
			"from": [-6.18116, 17, -3.30274],
			"to": [-2.93116, 24, 9.69726],
			"rotation": {"angle": 0, "axis": "y", "origin": [-0.93116, 5, -0.30274]},
			"faces": {
				"north": {"uv": [9.75, 0, 10.625, 1.75], "texture": "#1"},
				"east": {"uv": [3.5, 1.75, 6.75, 3.5], "texture": "#1"},
				"south": {"uv": [9.75, 1.75, 10.625, 3.5], "texture": "#1"},
				"west": {"uv": [3.5, 3.5, 6.75, 5.25], "texture": "#1"},
				"up": {"uv": [5.125, 11.5, 4.25, 8.25], "texture": "#1"},
				"down": {"uv": [6.125, 8.25, 5.25, 11.5], "texture": "#1"}
			}
		},
		{
			"from": [-4.12392, 17, 5.70083],
			"to": [9.87608, 24, 6.95083],
			"rotation": {"angle": 22.5, "axis": "y", "origin": [3.37608, 20.5, 5.32583]},
			"faces": {
				"north": {"uv": [0, 0, 3.5, 1.75], "texture": "#1"},
				"east": {"uv": [9, 9.75, 9.375, 11.5], "texture": "#1"},
				"south": {"uv": [0, 1.75, 3.5, 3.5], "texture": "#1"},
				"west": {"uv": [0.75, 10.5, 1.125, 12.25], "texture": "#1"},
				"up": {"uv": [13.5, 7.125, 10, 6.75], "texture": "#1"},
				"down": {"uv": [13.5, 7.25, 10, 7.625], "texture": "#1"}
			}
		},
		{
			"from": [-4.88929, 17, -0.73339],
			"to": [9.11071, 24, 0.51661],
			"rotation": {"angle": -22.5, "axis": "y", "origin": [2.61071, 20.5, 2.89161]},
			"faces": {
				"north": {"uv": [0, 3.5, 3.5, 5.25], "texture": "#1"},
				"east": {"uv": [1.25, 10.5, 1.625, 12.25], "texture": "#1"},
				"south": {"uv": [3.5, 0, 7, 1.75], "texture": "#1"},
				"west": {"uv": [1.75, 10.5, 2.125, 12.25], "texture": "#1"},
				"up": {"uv": [13.5, 8.125, 10, 7.75], "texture": "#1"},
				"down": {"uv": [13.5, 8.25, 10, 8.625], "texture": "#1"}
			}
		},
		{
			"from": [-3.12184, 24, 1.65499],
			"to": [-0.07184, 27, 4.65499],
			"rotation": {"angle": 0, "axis": "y", "origin": [-0.99684, 5, -0.29501]},
			"faces": {
				"north": {"uv": [6.25, 8.25, 7, 9], "texture": "#1"},
				"east": {"uv": [10.5, 8.75, 11.25, 9.5], "texture": "#1"},
				"south": {"uv": [10.5, 9.5, 11.25, 10.25], "texture": "#1"},
				"west": {"uv": [10.5, 10.25, 11.25, 11], "texture": "#1"},
				"up": {"uv": [11.5, 0.75, 10.75, 0], "texture": "#1"},
				"down": {"uv": [11.5, 0.75, 10.75, 1.5], "texture": "#1"}
			}
		},
		{
			"from": [-3.12184, 23.88582, 5.22901],
			"to": [-0.07184, 25.18582, 5.22901],
			"rotation": {"angle": 22.5, "axis": "x", "origin": [-1.59684, 25.38582, 5.22901]},
			"faces": {
				"north": {"uv": [8.75, 1.25, 9.5, 1.625], "texture": "#1"},
				"east": {"uv": [0, 0, 0, 0.375], "texture": "#1"},
				"south": {"uv": [10.75, 3, 11.5, 3.375], "texture": "#1"},
				"west": {"uv": [0, 0, 0, 0.375], "texture": "#1"},
				"up": {"uv": [0.75, 0, 0, 0], "texture": "#1"},
				"down": {"uv": [0.75, 0, 0, 0], "texture": "#1"}
			}
		},
		{
			"from": [-3.12184, 23.88544, 1.08004],
			"to": [-0.07184, 25.18544, 1.08004],
			"rotation": {"angle": -22.5, "axis": "x", "origin": [-1.59684, 25.38544, 1.08004]},
			"faces": {
				"north": {"uv": [8.75, 11.5, 9.5, 11.875], "texture": "#1"},
				"east": {"uv": [0, 0, 0, 0.375], "texture": "#1"},
				"south": {"uv": [9.5, 11.5, 10.25, 11.875], "texture": "#1"},
				"west": {"uv": [0, 0, 0, 0.375], "texture": "#1"},
				"up": {"uv": [0.75, 0, 0, 0], "texture": "#1"},
				"down": {"uv": [0.75, 0, 0, 0], "texture": "#1"}
			}
		},
		{
			"from": [-3.69587, 23.88582, 1.65499],
			"to": [-3.69587, 25.18582, 4.70499],
			"rotation": {"angle": 22.5, "axis": "z", "origin": [-3.69587, 25.38582, 3.17999]},
			"faces": {
				"north": {"uv": [0, 0, 0, 0.375], "texture": "#1"},
				"east": {"uv": [11.5, 10.75, 12.25, 11.125], "texture": "#1"},
				"south": {"uv": [0, 0, 0, 0.375], "texture": "#1"},
				"west": {"uv": [11.5, 11.25, 12.25, 11.625], "texture": "#1"},
				"up": {"uv": [0, 0.75, 0, 0], "texture": "#1"},
				"down": {"uv": [0, 0, 0, 0.75], "texture": "#1"}
			}
		},
		{
			"from": [0.50126, 23.8862, 1.65499],
			"to": [0.50126, 25.1862, 4.70499],
			"rotation": {"angle": -22.5, "axis": "z", "origin": [0.50126, 25.3862, 3.17999]},
			"faces": {
				"north": {"uv": [0, 0, 0, 0.375], "texture": "#1"},
				"east": {"uv": [11.75, 4.25, 12.5, 4.625], "texture": "#1"},
				"south": {"uv": [0, 0, 0, 0.375], "texture": "#1"},
				"west": {"uv": [11.75, 4.75, 12.5, 5.125], "texture": "#1"},
				"up": {"uv": [0, 0.75, 0, 0], "texture": "#1"},
				"down": {"uv": [0, 0, 0, 0.75], "texture": "#1"}
			}
		}
	],
	"display": {
		"thirdperson_righthand": {
			"rotation": [-178.86, -17.52, -172.52],
			"translation": [-4, 3.75, -0.25],
			"scale": [0.52, 0.59, 0.45]
		},
		"thirdperson_lefthand": {
			"rotation": [66.75, 0, 324.5],
			"translation": [-9.25, -11, 12.25],
			"scale": [0.6, 0.65, 0.5]
		},
		"firstperson_righthand": {
			"rotation": [0, -180, 0],
			"translation": [6.5, -4.75, -10],
			"scale": [0.4, 0.5, 0.45]
		},
		"firstperson_lefthand": {
			"translation": [7.25, -5, -6],
			"scale": [0.4, 0.5, 0.45]
		},
		"ground": {
			"rotation": [0, 0, -43.75],
			"translation": [1, -0.75, 1.5],
			"scale": [0.3, 0.3, 0.3]
		},
		"gui": {
			"rotation": [0, 0, 49.75],
			"translation": [2.5, 1.5, 0],
			"scale": [0.45, 0.45, 0.45]
		},
		"head": {
			"rotation": [44.53, -61.4, 72.68],
			"translation": [0.75, -9, -5.5],
			"scale": [0.3, 0.3, 0.3]
		},
		"fixed": {
			"rotation": [0, -180, -45.5],
			"translation": [-1.5, -3.25, -3.25],
			"scale": [0.5, 0.5, 0.5]
		}
	},
	"groups": [
		0,
		{
			"name": "포크헤드",
			"origin": [0, 0, 0],
			"color": 0,
			"children": [1, 2, 3, 4, 5, 6]
		},
		{
			"name": "케이크",
			"origin": [2.61071, 20.5, 2.89161],
			"color": 0,
			"children": [7, 8, 9, 10, 11, 12, 13]
		},
		{
			"name": "딸기",
			"origin": [0.50126, 25.3862, 3.17999],
			"color": 0,
			"children": [14, 15, 16, 17, 18]
		}
	]
}