{
	"credit": "Made with Blockbench",
	"texture_size": [32, 32],
	"textures": {
		"0": "item/etc/doomfist",
		"particle": "item/etc/doomfist"
	},
	"elements": [
		{
			"from": [5.5, 0, 5.5],
			"to": [10.5, 9, 10.5],
			"rotation": {"angle": 0, "axis": "y", "origin": [15.5, 9, 15.5]},
			"faces": {
				"north": {"uv": [4.5, 0, 7, 4.5], "texture": "#0"},
				"east": {"uv": [4.5, 0, 7, 4.5], "texture": "#0"},
				"south": {"uv": [4.5, 0, 7, 4.5], "texture": "#0"},
				"west": {"uv": [4.5, 0, 7, 4.5], "texture": "#0"},
				"up": {"uv": [0, 0, 2.5, 2.5], "texture": "#0"},
				"down": {"uv": [4.5, 2, 7, 4.5], "texture": "#0"}
			}
		},
		{
			"from": [5.5, 9, 5.5],
			"to": [10.5, 10, 10.5],
			"rotation": {"angle": 0, "axis": "y", "origin": [15.5, 10, 15.5]},
			"faces": {
				"north": {"uv": [4.5, 6.5, 7, 7], "texture": "#0"},
				"east": {"uv": [4.5, 6.5, 7, 7], "texture": "#0"},
				"south": {"uv": [4.5, 6.5, 7, 7], "texture": "#0"},
				"west": {"uv": [4.5, 6.5, 7, 7], "texture": "#0"},
				"up": {"uv": [4.5, 6.5, 7, 9], "texture": "#0"},
				"down": {"uv": [0, 0, 2.5, 2.5], "texture": "#0"}
			}
		},
		{
			"from": [5.5, 10, 6.5],
			"to": [10.5, 11, 9.5],
			"rotation": {"angle": 0, "axis": "y", "origin": [15.5, 11, 15.5]},
			"faces": {
				"north": {"uv": [4.5, 7, 7, 7.5], "texture": "#0"},
				"east": {"uv": [5, 7, 6.5, 7.5], "texture": "#0"},
				"south": {"uv": [0, 0, 2.5, 0.5], "texture": "#0"},
				"west": {"uv": [5, 7, 6.5, 7.5], "texture": "#0"},
				"up": {"uv": [0, 0, 2.5, 1.5], "texture": "#0"},
				"down": {"uv": [0, 0, 2.5, 1.5], "texture": "#0"}
			}
		},
		{
			"from": [4.5, 11, 6.5],
			"to": [11.5, 15, 9.5],
			"rotation": {"angle": 0, "axis": "y", "origin": [15.5, 12, 15.5]},
			"faces": {
				"north": {"uv": [4.5, 10, 8, 12], "texture": "#0"},
				"east": {"uv": [8, 12, 9.5, 14], "texture": "#0"},
				"south": {"uv": [4.5, 13, 8, 15], "texture": "#0"},
				"west": {"uv": [8, 10, 9.5, 12], "texture": "#0"},
				"up": {"uv": [0, 0, 3.5, 1.5], "texture": "#0"},
				"down": {"uv": [4.5, 8.5, 8, 10], "texture": "#0"}
			}
		},
		{
			"from": [3.5, 10.5, 4.5],
			"to": [5.5, 13.5, 7.5],
			"rotation": {"angle": 0, "axis": "y", "origin": [14.5, 11.5, 13.5]},
			"faces": {
				"north": {"uv": [13.5, 4.5, 14.5, 6], "texture": "#0"},
				"east": {"uv": [13.5, 7.5, 15, 9], "texture": "#0"},
				"south": {"uv": [15, 7.5, 16, 9], "texture": "#0"},
				"west": {"uv": [14.5, 4.5, 16, 6], "texture": "#0"},
				"up": {"uv": [15, 6, 16, 7.5], "texture": "#0"},
				"down": {"uv": [14, 6, 15, 7.5], "texture": "#0"}
			}
		},
		{
			"from": [4, 11.25, 3],
			"to": [5.5, 12.75, 4.5],
			"rotation": {"angle": 0, "axis": "y", "origin": [14.5, 12, 12.5]},
			"faces": {
				"north": {"uv": [13, 7, 13.75, 7.75], "texture": "#0"},
				"east": {"uv": [0, 0, 0.75, 0.75], "texture": "#0"},
				"south": {"uv": [0, 0, 0.75, 0.75], "texture": "#0"},
				"west": {"uv": [13, 6, 13.75, 6.75], "texture": "#0"},
				"up": {"uv": [12, 6, 12.75, 6.75], "texture": "#0"},
				"down": {"uv": [13, 7, 13.75, 7.75], "texture": "#0"}
			}
		},
		{
			"from": [7.75, 11.25, 3.25],
			"to": [8.75, 12.75, 4.5],
			"rotation": {"angle": 0, "axis": "y", "origin": [18.25, 12.25, 12.5]},
			"faces": {
				"north": {"uv": [13, 6, 13.5, 6.75], "texture": "#0"},
				"east": {"uv": [0, 0, 0.625, 0.75], "texture": "#0"},
				"south": {"uv": [13, 7, 13.5, 7.75], "texture": "#0"},
				"west": {"uv": [0, 0, 0.625, 0.75], "texture": "#0"},
				"up": {"uv": [12.5, 6, 13, 6.625], "texture": "#0"},
				"down": {"uv": [13, 7, 13.5, 7.625], "texture": "#0"}
			}
		},
		{
			"from": [4.75, 11, 2.75],
			"to": [7.75, 13, 4.5],
			"rotation": {"angle": 0, "axis": "y", "origin": [16.5, 12, 12.5]},
			"faces": {
				"north": {"uv": [14.5, 9, 16, 10], "texture": "#0"},
				"east": {"uv": [12, 10, 12.875, 11], "texture": "#0"},
				"south": {"uv": [13, 12, 14.5, 13], "texture": "#0"},
				"west": {"uv": [12, 9, 12.875, 10], "texture": "#0"},
				"up": {"uv": [13, 11, 14.5, 11.875], "texture": "#0"},
				"down": {"uv": [13, 9, 14.5, 9.875], "texture": "#0"}
			}
		},
		{
			"from": [8, 11, 3.5],
			"to": [11, 13, 5],
			"rotation": {"angle": -45, "axis": "y", "origin": [9, 12, 4.25]},
			"faces": {
				"north": {"uv": [14.5, 10, 16, 11], "texture": "#0"},
				"east": {"uv": [12, 9, 12.75, 10], "texture": "#0"},
				"south": {"uv": [14.5, 12, 16, 13], "texture": "#0"},
				"west": {"uv": [12, 10, 12.75, 11], "texture": "#0"},
				"up": {"uv": [14.5, 11, 16, 11.75], "texture": "#0"},
				"down": {"uv": [13, 10, 14.5, 10.75], "texture": "#0"}
			}
		},
		{
			"from": [4, 15, 6.5],
			"to": [12, 17, 9.5],
			"rotation": {"angle": 0, "axis": "y", "origin": [16, 14, 15.5]},
			"faces": {
				"north": {"uv": [0, 12, 4, 13], "texture": "#0"},
				"east": {"uv": [4, 12, 5.5, 13], "texture": "#0"},
				"south": {"uv": [0, 12, 4, 13], "texture": "#0"},
				"west": {"uv": [4, 12, 5.5, 13], "texture": "#0"},
				"up": {"uv": [0, 13, 4, 14.5], "texture": "#0"},
				"down": {"uv": [0, 13, 4, 14.5], "texture": "#0"}
			}
		},
		{
			"from": [5.5, 13.25, 9.75],
			"to": [10.5, 16.25, 10.75],
			"rotation": {"angle": 0, "axis": "y", "origin": [16, 14.25, 16.75]},
			"faces": {
				"north": {"uv": [1, 0, 3.5, 1.5], "texture": "#0"},
				"east": {"uv": [0, 0, 0.5, 1.5], "texture": "#0"},
				"south": {"uv": [1, 0, 3.5, 1.5], "texture": "#0"},
				"west": {"uv": [0, 0, 0.5, 1.5], "texture": "#0"},
				"up": {"uv": [1, 1.5, 3.5, 2], "texture": "#0"},
				"down": {"uv": [1, 1, 3.5, 1.5], "texture": "#0"}
			}
		},
		{
			"from": [6, 10, 9.75],
			"to": [10, 12, 10.75],
			"rotation": {"angle": 0, "axis": "y", "origin": [17, 11, 16.75]},
			"faces": {
				"north": {"uv": [0, 0, 2, 1], "texture": "#0"},
				"east": {"uv": [0, 0, 0.5, 1], "texture": "#0"},
				"south": {"uv": [1, 2, 3, 3], "texture": "#0"},
				"west": {"uv": [0, 0, 0.5, 1], "texture": "#0"},
				"up": {"uv": [1, 2, 3, 2.5], "texture": "#0"},
				"down": {"uv": [1, 2.5, 3, 3], "texture": "#0"}
			}
		},
		{
			"from": [5, 10, 9.75],
			"to": [6, 12, 10.75],
			"rotation": {"angle": -22.5, "axis": "y", "origin": [6, 11, 10.75]},
			"faces": {
				"north": {"uv": [0, 0, 0.5, 1], "texture": "#0"},
				"east": {"uv": [0, 0, 0.5, 1], "texture": "#0"},
				"south": {"uv": [0.5, 2, 1, 3], "texture": "#0"},
				"west": {"uv": [0.5, 2, 1, 3], "texture": "#0"},
				"up": {"uv": [1, 2, 1.5, 2.5], "texture": "#0"},
				"down": {"uv": [1, 2.5, 1.5, 3], "texture": "#0"}
			}
		},
		{
			"from": [10, 10, 9.75],
			"to": [11, 12, 10.75],
			"rotation": {"angle": 22.5, "axis": "y", "origin": [10, 11, 10.75]},
			"faces": {
				"north": {"uv": [0.5, 0, 0, 1], "texture": "#0"},
				"east": {"uv": [3.5, 2, 3, 3], "texture": "#0"},
				"south": {"uv": [3.5, 2, 3, 3], "texture": "#0"},
				"west": {"uv": [0.5, 0, 0, 1], "texture": "#0"},
				"up": {"uv": [3, 2, 2.5, 2.5], "texture": "#0"},
				"down": {"uv": [3, 2.5, 2.5, 3], "texture": "#0"}
			}
		},
		{
			"from": [4, 10, 9.75],
			"to": [5, 11, 10.75],
			"rotation": {"angle": -22.5, "axis": "y", "origin": [6, 11, 10.75]},
			"faces": {
				"north": {"uv": [0, 0, 0.5, 0.5], "texture": "#0"},
				"east": {"uv": [0, 0, 0.5, 0.5], "texture": "#0"},
				"south": {"uv": [0, 2.5, 0.5, 3], "texture": "#0"},
				"west": {"uv": [0, 2.5, 0.5, 3], "texture": "#0"},
				"up": {"uv": [0, 2.5, 0.5, 3], "texture": "#0"},
				"down": {"uv": [0, 2.5, 0.5, 3], "texture": "#0"}
			}
		},
		{
			"from": [11, 10, 9.75],
			"to": [12, 11, 10.75],
			"rotation": {"angle": 22.5, "axis": "y", "origin": [10, 11, 10.75]},
			"faces": {
				"north": {"uv": [0.5, 0, 0, 0.5], "texture": "#0"},
				"east": {"uv": [4, 2.5, 3.5, 3], "texture": "#0"},
				"south": {"uv": [4, 2.5, 3.5, 3], "texture": "#0"},
				"west": {"uv": [0.5, 0, 0, 0.5], "texture": "#0"},
				"up": {"uv": [4, 2.5, 3.5, 3], "texture": "#0"},
				"down": {"uv": [4, 2.5, 3.5, 3], "texture": "#0"}
			}
		},
		{
			"from": [3.5, 12.25, 9.75],
			"to": [5.5, 16.25, 10.75],
			"rotation": {"angle": -22.5, "axis": "y", "origin": [5.5, 14.25, 10.75]},
			"faces": {
				"north": {"uv": [3.5, 0, 4.5, 2], "texture": "#0"},
				"east": {"uv": [0.5, 0, 1, 2], "texture": "#0"},
				"south": {"uv": [0, 0, 1, 2], "texture": "#0"},
				"west": {"uv": [0, 0, 0.5, 2], "texture": "#0"},
				"up": {"uv": [0, 0, 1, 0.5], "texture": "#0"},
				"down": {"uv": [0, 1.5, 1, 2], "texture": "#0"}
			}
		},
		{
			"from": [10.5, 12.25, 9.75],
			"to": [12.5, 16.25, 10.75],
			"rotation": {"angle": 22.5, "axis": "y", "origin": [10.5, 14.25, 10.75]},
			"faces": {
				"north": {"uv": [0, 0, 1, 2], "texture": "#0"},
				"east": {"uv": [4, 0, 4.5, 2], "texture": "#0"},
				"south": {"uv": [3.5, 0, 4.5, 2], "texture": "#0"},
				"west": {"uv": [3.5, 0, 4, 2], "texture": "#0"},
				"up": {"uv": [3.5, 0, 4.5, 0.5], "texture": "#0"},
				"down": {"uv": [3.5, 1.5, 4.5, 2], "texture": "#0"}
			}
		},
		{
			"from": [4, 16.5, 9.5],
			"to": [12, 18.5, 10.5],
			"rotation": {"angle": -22.5, "axis": "x", "origin": [8, 17.5, 10]},
			"faces": {
				"north": {"uv": [0, 11, 4, 12], "texture": "#0"},
				"east": {"uv": [3.5, 11, 4, 12], "texture": "#0"},
				"south": {"uv": [0, 11, 4, 12], "texture": "#0"},
				"west": {"uv": [0, 11, 0.5, 12], "texture": "#0"},
				"up": {"uv": [0, 11, 4, 11.5], "texture": "#0"},
				"down": {"uv": [0, 11.5, 4, 12], "texture": "#0"}
			}
		},
		{
			"from": [4.5, 17, 10.5],
			"to": [5.5, 18, 11.5],
			"rotation": {"angle": -22.5, "axis": "x", "origin": [8, 17.5, 10]},
			"faces": {
				"north": {"uv": [0, 0, 0.5, 0.5], "texture": "#0"},
				"east": {"uv": [0, 3, 0.5, 3.5], "texture": "#0"},
				"south": {"uv": [0.5, 3, 1, 3.5], "texture": "#0"},
				"west": {"uv": [0, 3, 0.5, 3.5], "texture": "#0"},
				"up": {"uv": [0, 3.5, 0.5, 4], "texture": "#0"},
				"down": {"uv": [0.5, 3.5, 1, 4], "texture": "#0"}
			}
		},
		{
			"from": [6.5, 17, 10.5],
			"to": [7.5, 18, 11.5],
			"rotation": {"angle": -22.5, "axis": "x", "origin": [10, 17.5, 10]},
			"faces": {
				"north": {"uv": [0, 0, 0.5, 0.5], "texture": "#0"},
				"east": {"uv": [0, 3, 0.5, 3.5], "texture": "#0"},
				"south": {"uv": [0.5, 3, 1, 3.5], "texture": "#0"},
				"west": {"uv": [0, 3, 0.5, 3.5], "texture": "#0"},
				"up": {"uv": [0, 3.5, 0.5, 4], "texture": "#0"},
				"down": {"uv": [0.5, 3.5, 1, 4], "texture": "#0"}
			}
		},
		{
			"from": [8.5, 17, 10.5],
			"to": [9.5, 18, 11.5],
			"rotation": {"angle": -22.5, "axis": "x", "origin": [12, 17.5, 10]},
			"faces": {
				"north": {"uv": [0, 0, 0.5, 0.5], "texture": "#0"},
				"east": {"uv": [0, 3, 0.5, 3.5], "texture": "#0"},
				"south": {"uv": [0.5, 3, 1, 3.5], "texture": "#0"},
				"west": {"uv": [0, 3, 0.5, 3.5], "texture": "#0"},
				"up": {"uv": [0, 3.5, 0.5, 4], "texture": "#0"},
				"down": {"uv": [0.5, 3.5, 1, 4], "texture": "#0"}
			}
		},
		{
			"from": [10.5, 17, 10.5],
			"to": [11.5, 18, 11.5],
			"rotation": {"angle": -22.5, "axis": "x", "origin": [14, 17.5, 10]},
			"faces": {
				"north": {"uv": [0, 0, 0.5, 0.5], "texture": "#0"},
				"east": {"uv": [0, 3, 0.5, 3.5], "texture": "#0"},
				"south": {"uv": [0.5, 3, 1, 3.5], "texture": "#0"},
				"west": {"uv": [0, 3, 0.5, 3.5], "texture": "#0"},
				"up": {"uv": [0, 3.5, 0.5, 4], "texture": "#0"},
				"down": {"uv": [0.5, 3.5, 1, 4], "texture": "#0"}
			}
		},
		{
			"from": [10.5, 9.5, 7.5],
			"to": [10.75, 10.5, 8.5],
			"rotation": {"angle": 0, "axis": "y", "origin": [10, 10, 5]},
			"faces": {
				"north": {"uv": [0, 3, 0.5, 3.5], "texture": "#0"},
				"east": {"uv": [0.5, 3, 1, 3.5], "texture": "#0"},
				"south": {"uv": [0, 3, 0.5, 3.5], "texture": "#0"},
				"west": {"uv": [0, 0, 0.5, 0.5], "texture": "#0"},
				"up": {"uv": [0, 3.5, 0.5, 4], "rotation": 270, "texture": "#0"},
				"down": {"uv": [0.5, 3.5, 1, 4], "rotation": 90, "texture": "#0"}
			}
		},
		{
			"from": [5.25, 9.5, 7.5],
			"to": [5.5, 10.5, 8.5],
			"rotation": {"angle": 0, "axis": "y", "origin": [6, 10, 5]},
			"faces": {
				"north": {"uv": [0.5, 3, 0, 3.5], "texture": "#0"},
				"east": {"uv": [0.5, 0, 0, 0.5], "texture": "#0"},
				"south": {"uv": [0.5, 3, 0, 3.5], "texture": "#0"},
				"west": {"uv": [1, 3, 0.5, 3.5], "texture": "#0"},
				"up": {"uv": [0, 4, 0.5, 3.5], "rotation": 270, "texture": "#0"},
				"down": {"uv": [0.5, 4, 1, 3.5], "rotation": 90, "texture": "#0"}
			}
		},
		{
			"from": [5.5, 0, 10.5],
			"to": [10.5, 6, 11.5],
			"rotation": {"angle": 0, "axis": "y", "origin": [15.5, 9, 16.5]},
			"faces": {
				"north": {"uv": [0, 0, 2.5, 3], "texture": "#0"},
				"east": {"uv": [3, 4, 3.5, 7], "texture": "#0"},
				"south": {"uv": [1, 4, 3.5, 7], "texture": "#0"},
				"west": {"uv": [1, 4, 1.5, 7], "texture": "#0"},
				"up": {"uv": [1, 4, 3.5, 4.5], "texture": "#0"},
				"down": {"uv": [1, 6.5, 3.5, 7], "texture": "#0"}
			}
		},
		{
			"from": [5.5, 0, 4.5],
			"to": [10.5, 5, 5.5],
			"rotation": {"angle": 0, "axis": "y", "origin": [15.5, 9, 10.5]},
			"faces": {
				"north": {"uv": [1, 8.5, 3.5, 11], "texture": "#0"},
				"east": {"uv": [1, 8.5, 1.5, 11], "texture": "#0"},
				"south": {"uv": [0, 0, 2.5, 2.5], "texture": "#0"},
				"west": {"uv": [3, 8.5, 3.5, 11], "texture": "#0"},
				"up": {"uv": [1, 8.5, 3.5, 9], "texture": "#0"},
				"down": {"uv": [1, 10.5, 3.5, 11], "texture": "#0"}
			}
		},
		{
			"from": [6.5, 5, 4.5],
			"to": [9.5, 6, 5.5],
			"rotation": {"angle": 0, "axis": "y", "origin": [15.5, 10, 10.5]},
			"faces": {
				"north": {"uv": [1.5, 8, 3, 8.5], "texture": "#0"},
				"east": {"uv": [1.5, 8, 2, 8.5], "texture": "#0"},
				"south": {"uv": [0, 0, 1.5, 0.5], "texture": "#0"},
				"west": {"uv": [2.5, 8, 3, 8.5], "texture": "#0"},
				"up": {"uv": [1.5, 8, 3, 8.5], "texture": "#0"},
				"down": {"uv": [0, 0, 1.5, 0.5], "texture": "#0"}
			}
		},
		{
			"from": [8.5, 6, 4.5],
			"to": [9.5, 8, 5.5],
			"rotation": {"angle": 0, "axis": "y", "origin": [15.5, 11, 10.5]},
			"faces": {
				"north": {"uv": [1.5, 7, 2, 8], "texture": "#0"},
				"east": {"uv": [1.5, 7, 2, 8], "texture": "#0"},
				"south": {"uv": [0, 0, 0.5, 1], "texture": "#0"},
				"west": {"uv": [1.5, 7, 2, 8], "texture": "#0"},
				"up": {"uv": [1.5, 7, 2, 7.5], "texture": "#0"},
				"down": {"uv": [0, 0, 0.5, 0.5], "texture": "#0"}
			}
		},
		{
			"from": [6.5, 6, 4.5],
			"to": [7.5, 8, 5.5],
			"rotation": {"angle": 0, "axis": "y", "origin": [13.5, 11, 10.5]},
			"faces": {
				"north": {"uv": [2.5, 7, 3, 8], "texture": "#0"},
				"east": {"uv": [2.5, 7, 3, 8], "texture": "#0"},
				"south": {"uv": [0, 0, 0.5, 1], "texture": "#0"},
				"west": {"uv": [2.5, 7, 3, 8], "texture": "#0"},
				"up": {"uv": [2.5, 7, 3, 7.5], "texture": "#0"},
				"down": {"uv": [0, 0, 0.5, 0.5], "texture": "#0"}
			}
		},
		{
			"from": [5.5, 6, 10.5],
			"to": [7.5, 8, 11.5],
			"rotation": {"angle": 0, "axis": "y", "origin": [15.5, 11, 16.5]},
			"faces": {
				"north": {"uv": [0, 0, 1, 1], "texture": "#0"},
				"east": {"uv": [1.5, 3, 2, 4], "texture": "#0"},
				"south": {"uv": [1, 3, 2, 4], "texture": "#0"},
				"west": {"uv": [1, 3, 1.5, 4], "texture": "#0"},
				"up": {"uv": [1, 3, 2, 3.5], "texture": "#0"},
				"down": {"uv": [0, 0, 1, 0.5], "texture": "#0"}
			}
		},
		{
			"from": [7.5, 6, 10.5],
			"to": [8.5, 8, 11],
			"rotation": {"angle": 0, "axis": "y", "origin": [16.5, 11, 16.5]},
			"faces": {
				"north": {"uv": [0, 0, 0.5, 1], "texture": "#0"},
				"east": {"uv": [0, 0, 0.25, 1], "texture": "#0"},
				"south": {"uv": [2, 3, 2.5, 4], "texture": "#0"},
				"west": {"uv": [0, 0, 0.25, 1], "texture": "#0"},
				"up": {"uv": [2, 7, 2.5, 7.25], "texture": "#0"},
				"down": {"uv": [0, 0, 0.5, 0.25], "texture": "#0"}
			}
		},
		{
			"from": [7.5, 6, 5],
			"to": [8.5, 8, 5.5],
			"rotation": {"angle": 0, "axis": "y", "origin": [16.5, 11, 11]},
			"faces": {
				"north": {"uv": [2, 7, 2.5, 8], "texture": "#0"},
				"east": {"uv": [0, 0, 0.25, 1], "texture": "#0"},
				"south": {"uv": [0, 0, 0.5, 1], "texture": "#0"},
				"west": {"uv": [0, 0, 0.25, 1], "texture": "#0"},
				"up": {"uv": [2, 7, 2.5, 7.25], "texture": "#0"},
				"down": {"uv": [0, 0, 0.5, 0.25], "texture": "#0"}
			}
		},
		{
			"from": [8.5, 6, 10.5],
			"to": [10.5, 8, 11.5],
			"rotation": {"angle": 0, "axis": "y", "origin": [18.5, 11, 16.5]},
			"faces": {
				"north": {"uv": [0, 0, 1, 1], "texture": "#0"},
				"east": {"uv": [3, 3, 3.5, 4], "texture": "#0"},
				"south": {"uv": [2.5, 3, 3.5, 4], "texture": "#0"},
				"west": {"uv": [2.5, 3, 3, 4], "texture": "#0"},
				"up": {"uv": [2.5, 3, 3.5, 3.5], "texture": "#0"},
				"down": {"uv": [0, 0, 1, 0.5], "texture": "#0"}
			}
		},
		{
			"from": [10.5, 1, 10.5],
			"to": [11.5, 5, 11.5],
			"rotation": {"angle": 45, "axis": "y", "origin": [10.5, 3, 11.5]},
			"faces": {
				"north": {"uv": [0, 0, 0.5, 2], "texture": "#0"},
				"east": {"uv": [3.5, 4.5, 4, 6.5], "texture": "#0"},
				"south": {"uv": [3.5, 4.5, 4, 6.5], "texture": "#0"},
				"west": {"uv": [0, 0, 0.5, 2], "texture": "#0"},
				"up": {"uv": [3.5, 4.5, 4, 5], "texture": "#0"},
				"down": {"uv": [3.5, 6, 4, 6.5], "texture": "#0"}
			}
		},
		{
			"from": [10.5, 1, 4.5],
			"to": [11.5, 5, 5.5],
			"rotation": {"angle": -45, "axis": "y", "origin": [10.5, 3, 4.5]},
			"faces": {
				"north": {"uv": [0.5, 8.5, 1, 10.5], "texture": "#0"},
				"east": {"uv": [0.5, 8.5, 1, 10.5], "texture": "#0"},
				"south": {"uv": [1, 0, 1.5, 2], "texture": "#0"},
				"west": {"uv": [0.5, 0, 1, 2], "texture": "#0"},
				"up": {"uv": [1, 8.5, 1.5, 9], "texture": "#0"},
				"down": {"uv": [0.5, 10, 1, 10.5], "texture": "#0"}
			}
		},
		{
			"from": [11.5, 1, 4.5],
			"to": [12.5, 4, 5.25],
			"rotation": {"angle": -45, "axis": "y", "origin": [10.5, 3, 4.5]},
			"faces": {
				"north": {"uv": [0, 9, 0.5, 10.5], "texture": "#0"},
				"east": {"uv": [0, 9, 0.375, 10.5], "texture": "#0"},
				"south": {"uv": [0, 9, 0.5, 10.5], "texture": "#0"},
				"west": {"uv": [0.5, 0, 0.875, 1.5], "texture": "#0"},
				"up": {"uv": [0, 9, 0.5, 9.375], "texture": "#0"},
				"down": {"uv": [0, 10, 0.5, 10.375], "texture": "#0"}
			}
		},
		{
			"from": [11.5, 1, 10.75],
			"to": [12.5, 4, 11.5],
			"rotation": {"angle": 45, "axis": "y", "origin": [10.5, 3, 11.5]},
			"faces": {
				"north": {"uv": [4.5, 5, 4, 6.5], "texture": "#0"},
				"east": {"uv": [4.375, 5, 4, 6.5], "texture": "#0"},
				"south": {"uv": [4.5, 5, 4, 6.5], "texture": "#0"},
				"west": {"uv": [0.875, 0, 0.5, 1.5], "texture": "#0"},
				"up": {"uv": [4, 5.375, 4.5, 5], "texture": "#0"},
				"down": {"uv": [4, 6.375, 4.5, 6], "texture": "#0"}
			}
		},
		{
			"from": [3.5, 1, 4.5],
			"to": [4.5, 4, 5.25],
			"rotation": {"angle": 45, "axis": "y", "origin": [5.5, 3, 4.5]},
			"faces": {
				"north": {"uv": [4.5, 9, 4, 10.5], "texture": "#0"},
				"east": {"uv": [0.875, 0, 0.5, 1.5], "texture": "#0"},
				"south": {"uv": [4.5, 9, 4, 10.5], "texture": "#0"},
				"west": {"uv": [4.375, 9, 4, 10.5], "texture": "#0"},
				"up": {"uv": [4.5, 9, 4, 9.375], "texture": "#0"},
				"down": {"uv": [4.5, 10, 4, 10.375], "texture": "#0"}
			}
		},
		{
			"from": [3.5, 1, 10.75],
			"to": [4.5, 4, 11.5],
			"rotation": {"angle": -45, "axis": "y", "origin": [5.5, 3, 11.5]},
			"faces": {
				"north": {"uv": [0, 5, 0.5, 6.5], "texture": "#0"},
				"east": {"uv": [0.5, 0, 0.875, 1.5], "texture": "#0"},
				"south": {"uv": [0, 5, 0.5, 6.5], "texture": "#0"},
				"west": {"uv": [0, 5, 0.375, 6.5], "texture": "#0"},
				"up": {"uv": [0.5, 5.375, 0, 5], "texture": "#0"},
				"down": {"uv": [0.5, 6.375, 0, 6], "texture": "#0"}
			}
		},
		{
			"from": [4.5, 1, 10.5],
			"to": [5.5, 5, 11.5],
			"rotation": {"angle": -45, "axis": "y", "origin": [5.5, 3, 11.5]},
			"faces": {
				"north": {"uv": [0, 0, 0.5, 2], "texture": "#0"},
				"east": {"uv": [0, 0, 0.5, 2], "texture": "#0"},
				"south": {"uv": [0.5, 4.5, 1, 6.5], "texture": "#0"},
				"west": {"uv": [0.5, 4.5, 1, 6.5], "texture": "#0"},
				"up": {"uv": [0.5, 4.5, 1, 5], "texture": "#0"},
				"down": {"uv": [0.5, 6, 1, 6.5], "texture": "#0"}
			}
		},
		{
			"from": [4.5, 1, 4.5],
			"to": [5.5, 5, 5.5],
			"rotation": {"angle": 45, "axis": "y", "origin": [5.5, 3, 4.5]},
			"faces": {
				"north": {"uv": [3.5, 8.5, 4, 10.5], "texture": "#0"},
				"east": {"uv": [0.5, 0, 1, 2], "texture": "#0"},
				"south": {"uv": [1, 0, 1.5, 2], "texture": "#0"},
				"west": {"uv": [3.5, 8.5, 4, 10.5], "texture": "#0"},
				"up": {"uv": [3, 8.5, 3.5, 9], "texture": "#0"},
				"down": {"uv": [3.5, 10, 4, 10.5], "texture": "#0"}
			}
		},
		{
			"from": [3.5, 6, 6.5],
			"to": [5.5, 9, 9.5],
			"rotation": {"angle": 0, "axis": "y", "origin": [13.5, 9, 15.5]},
			"faces": {
				"north": {"uv": [7, 0, 8, 1.5], "texture": "#0"},
				"east": {"uv": [0, 0, 1.5, 1.5], "texture": "#0"},
				"south": {"uv": [9.5, 0, 10.5, 1.5], "texture": "#0"},
				"west": {"uv": [8, 0, 9.5, 1.5], "texture": "#0"},
				"up": {"uv": [8, 1.5, 9, 3], "texture": "#0"},
				"down": {"uv": [10, 1.5, 11, 3], "texture": "#0"}
			}
		},
		{
			"from": [3.5, 0, 6.5],
			"to": [5.5, 4, 9.5],
			"rotation": {"angle": 0, "axis": "y", "origin": [13.5, 4, 15.5]},
			"faces": {
				"north": {"uv": [4.5, 4.5, 5.5, 6.5], "texture": "#0"},
				"east": {"uv": [0, 0, 1.5, 2], "texture": "#0"},
				"south": {"uv": [7, 4.5, 8, 6.5], "texture": "#0"},
				"west": {"uv": [5.5, 4.5, 7, 6.5], "texture": "#0"},
				"up": {"uv": [8, 4.5, 9, 6], "texture": "#0"},
				"down": {"uv": [8, 6, 9, 7.5], "texture": "#0"}
			}
		},
		{
			"from": [4, 4, 7],
			"to": [5.5, 6, 9],
			"rotation": {"angle": 0, "axis": "y", "origin": [13.5, 6, 15.5]},
			"faces": {
				"north": {"uv": [7, 3, 7.75, 4], "texture": "#0"},
				"east": {"uv": [0, 0, 1, 1], "texture": "#0"},
				"south": {"uv": [9, 3, 9.75, 4], "texture": "#0"},
				"west": {"uv": [8, 3, 9, 4], "texture": "#0"},
				"up": {"uv": [0, 0, 0.75, 1], "texture": "#0"},
				"down": {"uv": [0, 0, 0.75, 1], "texture": "#0"}
			}
		},
		{
			"from": [10.5, 4, 7],
			"to": [12, 6, 9],
			"rotation": {"angle": 0, "axis": "y", "origin": [20.5, 6, 15.5]},
			"faces": {
				"north": {"uv": [9, 3, 9.75, 4], "texture": "#0"},
				"east": {"uv": [8, 3, 9, 4], "texture": "#0"},
				"south": {"uv": [7, 3, 7.75, 4], "texture": "#0"},
				"west": {"uv": [0, 0, 1, 1], "texture": "#0"},
				"up": {"uv": [0, 0, 0.75, 1], "texture": "#0"},
				"down": {"uv": [0, 0, 0.75, 1], "texture": "#0"}
			}
		},
		{
			"from": [10.5, 6, 6.5],
			"to": [12.5, 9, 9.5],
			"rotation": {"angle": 0, "axis": "y", "origin": [20.5, 9, 15.5]},
			"faces": {
				"north": {"uv": [9.5, 0, 10.5, 1.5], "texture": "#0"},
				"east": {"uv": [8, 0, 9.5, 1.5], "texture": "#0"},
				"south": {"uv": [7, 0, 8, 1.5], "texture": "#0"},
				"west": {"uv": [0, 0, 1.5, 1.5], "texture": "#0"},
				"up": {"uv": [7, 1.5, 8, 3], "texture": "#0"},
				"down": {"uv": [9, 1.5, 10, 3], "texture": "#0"}
			}
		},
		{
			"from": [10.5, 0, 6.5],
			"to": [12.5, 4, 9.5],
			"rotation": {"angle": 0, "axis": "y", "origin": [20.5, 4, 15.5]},
			"faces": {
				"north": {"uv": [7, 4.5, 8, 6.5], "texture": "#0"},
				"east": {"uv": [5.5, 4.5, 7, 6.5], "texture": "#0"},
				"south": {"uv": [4.5, 4.5, 5.5, 6.5], "texture": "#0"},
				"west": {"uv": [0, 0, 1.5, 2], "texture": "#0"},
				"up": {"uv": [9, 4.5, 10, 6], "texture": "#0"},
				"down": {"uv": [9, 6, 10, 7.5], "texture": "#0"}
			}
		},
		{
			"from": [4.25, 13.9, 3.75],
			"to": [5.75, 15.15, 5.75],
			"rotation": {"angle": 22.5, "axis": "x", "origin": [5, 14.65, 4.75]},
			"faces": {
				"north": {"uv": [15, 3.5, 15.75, 3.625], "rotation": 180, "texture": "#0"},
				"east": {"uv": [15, 3.5, 15.625, 4.5], "rotation": 90, "texture": "#0"},
				"south": {"uv": [15, 4, 15.75, 4.125], "texture": "#0"},
				"west": {"uv": [15, 3.5, 15.625, 4.5], "rotation": 270, "texture": "#0"},
				"up": {"uv": [15, 3.5, 15.75, 4.5], "texture": "#0"},
				"down": {"uv": [15, 3.5, 15.75, 4.5], "rotation": 180, "texture": "#0"}
			}
		},
		{
			"from": [4.5, 14.5, 3],
			"to": [5.5, 15.5, 4],
			"rotation": {"angle": 0, "axis": "y", "origin": [10, 14.5, 11]},
			"faces": {
				"north": {"uv": [15.5, 0, 16, 0.5], "texture": "#0"},
				"east": {"uv": [14.5, 0, 15, 0.5], "texture": "#0"},
				"south": {"uv": [15.5, 0, 16, 0.5], "texture": "#0"},
				"west": {"uv": [14.5, 0, 15, 0.5], "texture": "#0"},
				"up": {"uv": [0, 0, 0.5, 0.5], "texture": "#0"},
				"down": {"uv": [15.5, 0, 16, 0.5], "texture": "#0"}
			}
		},
		{
			"from": [4.25, 15.5, 2.75],
			"to": [5.75, 17.5, 4.25],
			"rotation": {"angle": 0, "axis": "y", "origin": [10, 15.5, 10.25]},
			"faces": {
				"north": {"uv": [14, 2.5, 14.75, 3.5], "texture": "#0"},
				"east": {"uv": [14, 2.5, 14.75, 3.5], "texture": "#0"},
				"south": {"uv": [14, 2.5, 14.75, 3.5], "texture": "#0"},
				"west": {"uv": [14, 2.5, 14.75, 3.5], "texture": "#0"},
				"up": {"uv": [14, 2.5, 14.75, 2.75], "texture": "#0"},
				"down": {"uv": [14, 3, 14.75, 3.25], "texture": "#0"}
			}
		},
		{
			"from": [4.5, 17, 3],
			"to": [5.5, 18.5, 4.5],
			"rotation": {"angle": 0, "axis": "y", "origin": [10, 17.5, 11]},
			"faces": {
				"north": {"uv": [15.5, 0, 16, 0.75], "texture": "#0"},
				"east": {"uv": [14.5, 0, 15.25, 0.75], "texture": "#0"},
				"south": {"uv": [0, 0, 0.5, 0.75], "texture": "#0"},
				"west": {"uv": [14.5, 0, 15.25, 0.75], "texture": "#0"},
				"up": {"uv": [15.5, 0, 16, 0.75], "texture": "#0"},
				"down": {"uv": [14.5, 0, 15, 0.75], "texture": "#0"}
			}
		},
		{
			"from": [4.25, 18, 3.5],
			"to": [5.75, 19, 4.5],
			"rotation": {"angle": 0, "axis": "y", "origin": [10, 17, 12.5]},
			"faces": {
				"north": {"uv": [14.5, 1.5, 14.75, 2], "texture": "#0"},
				"east": {"uv": [14.5, 1.5, 15, 2], "texture": "#0"},
				"south": {"uv": [0, 0, 0.75, 0.5], "texture": "#0"},
				"west": {"uv": [14.5, 1.5, 15, 2], "texture": "#0"},
				"up": {"uv": [14.5, 1.5, 14.75, 2], "texture": "#0"},
				"down": {"uv": [14.5, 1.5, 14.75, 2], "texture": "#0"}
			}
		},
		{
			"from": [4.25, 17, 4.5],
			"to": [5.75, 19, 6.5],
			"rotation": {"angle": 0, "axis": "y", "origin": [10, 17, 12.5]},
			"faces": {
				"north": {"uv": [15.5, 2.5, 16, 3.5], "texture": "#0"},
				"east": {"uv": [15, 2.5, 16, 3.5], "texture": "#0"},
				"south": {"uv": [15, 2.5, 15.5, 3.5], "texture": "#0"},
				"west": {"uv": [15, 1.5, 16, 2.5], "texture": "#0"},
				"up": {"uv": [15, 1.5, 16, 2], "rotation": 90, "texture": "#0"},
				"down": {"uv": [15, 2, 16, 2.5], "rotation": 270, "texture": "#0"}
			}
		},
		{
			"from": [4.5, 17.5, 6],
			"to": [5.5, 18.5, 9],
			"rotation": {"angle": 0, "axis": "y", "origin": [10, 17.5, 15]},
			"faces": {
				"north": {"uv": [0, 0, 0.5, 0.5], "texture": "#0"},
				"east": {"uv": [11, 2.5, 12.5, 3], "texture": "#0"},
				"south": {"uv": [12.5, 2.5, 13, 3], "texture": "#0"},
				"west": {"uv": [11, 2, 12.5, 2.5], "texture": "#0"},
				"up": {"uv": [13, 0.5, 13.5, 2], "texture": "#0"},
				"down": {"uv": [13, 0.5, 13.5, 2], "rotation": 180, "texture": "#0"}
			}
		},
		{
			"from": [4.25, 16, 7],
			"to": [5.75, 18, 10],
			"rotation": {"angle": 0, "axis": "y", "origin": [10, 16, 16]},
			"faces": {
				"north": {"uv": [11, 1, 11.75, 2], "texture": "#0"},
				"east": {"uv": [12, 0, 13.5, 1], "texture": "#0"},
				"south": {"uv": [12, 1, 12.75, 2], "texture": "#0"},
				"west": {"uv": [10.5, 0, 12, 1], "texture": "#0"},
				"up": {"uv": [13.5, 0, 14.25, 1.5], "texture": "#0"},
				"down": {"uv": [0, 0, 0.75, 1.5], "texture": "#0"}
			}
		},
		{
			"from": [6.25, 13.9, 3.75],
			"to": [7.75, 15.15, 5.75],
			"rotation": {"angle": 22.5, "axis": "x", "origin": [7, 14.65, 4.75]},
			"faces": {
				"north": {"uv": [15, 3.5, 15.75, 3.625], "rotation": 180, "texture": "#0"},
				"east": {"uv": [15, 3.5, 15.625, 4.5], "rotation": 90, "texture": "#0"},
				"south": {"uv": [15, 4, 15.75, 4.125], "texture": "#0"},
				"west": {"uv": [15, 3.5, 15.625, 4.5], "rotation": 270, "texture": "#0"},
				"up": {"uv": [15, 3.5, 15.75, 4.5], "texture": "#0"},
				"down": {"uv": [15, 3.5, 15.75, 4.5], "rotation": 180, "texture": "#0"}
			}
		},
		{
			"from": [6.5, 14.5, 3],
			"to": [7.5, 15.5, 4],
			"rotation": {"angle": 0, "axis": "y", "origin": [12, 14.5, 11]},
			"faces": {
				"north": {"uv": [15.5, 0, 16, 0.5], "texture": "#0"},
				"east": {"uv": [14.5, 0, 15, 0.5], "texture": "#0"},
				"south": {"uv": [15.5, 0, 16, 0.5], "texture": "#0"},
				"west": {"uv": [14.5, 0, 15, 0.5], "texture": "#0"},
				"up": {"uv": [0, 0, 0.5, 0.5], "texture": "#0"},
				"down": {"uv": [15.5, 0, 16, 0.5], "texture": "#0"}
			}
		},
		{
			"from": [6.25, 15.5, 2.75],
			"to": [7.75, 17.5, 4.25],
			"rotation": {"angle": 0, "axis": "y", "origin": [12, 15.5, 10.25]},
			"faces": {
				"north": {"uv": [14, 2.5, 14.75, 3.5], "texture": "#0"},
				"east": {"uv": [14, 2.5, 14.75, 3.5], "texture": "#0"},
				"south": {"uv": [14, 2.5, 14.75, 3.5], "texture": "#0"},
				"west": {"uv": [14, 2.5, 14.75, 3.5], "texture": "#0"},
				"up": {"uv": [14, 2.5, 14.75, 2.75], "texture": "#0"},
				"down": {"uv": [14, 3, 14.75, 3.25], "texture": "#0"}
			}
		},
		{
			"from": [6.5, 17, 3],
			"to": [7.5, 18.5, 4.5],
			"rotation": {"angle": 0, "axis": "y", "origin": [12, 17.5, 11]},
			"faces": {
				"north": {"uv": [15.5, 0, 16, 0.75], "texture": "#0"},
				"east": {"uv": [14.5, 0, 15.25, 0.75], "texture": "#0"},
				"south": {"uv": [0, 0, 0.5, 0.75], "texture": "#0"},
				"west": {"uv": [14.5, 0, 15.25, 0.75], "texture": "#0"},
				"up": {"uv": [15.5, 0, 16, 0.75], "texture": "#0"},
				"down": {"uv": [14.5, 0, 15, 0.75], "texture": "#0"}
			}
		},
		{
			"from": [6.25, 18, 3.5],
			"to": [7.75, 19, 4.5],
			"rotation": {"angle": 0, "axis": "y", "origin": [12, 17, 12.5]},
			"faces": {
				"north": {"uv": [14.5, 1.5, 14.75, 2], "texture": "#0"},
				"east": {"uv": [14.5, 1.5, 15, 2], "texture": "#0"},
				"south": {"uv": [0, 0, 0.75, 0.5], "texture": "#0"},
				"west": {"uv": [14.5, 1.5, 15, 2], "texture": "#0"},
				"up": {"uv": [14.5, 1.5, 14.75, 2], "texture": "#0"},
				"down": {"uv": [14.5, 1.5, 14.75, 2], "texture": "#0"}
			}
		},
		{
			"from": [6.25, 17, 4.5],
			"to": [7.75, 19, 6.5],
			"rotation": {"angle": 0, "axis": "y", "origin": [12, 17, 12.5]},
			"faces": {
				"north": {"uv": [15.5, 2.5, 16, 3.5], "texture": "#0"},
				"east": {"uv": [15, 2.5, 16, 3.5], "texture": "#0"},
				"south": {"uv": [15, 2.5, 15.5, 3.5], "texture": "#0"},
				"west": {"uv": [15, 1.5, 16, 2.5], "texture": "#0"},
				"up": {"uv": [15, 1.5, 16, 2], "rotation": 90, "texture": "#0"},
				"down": {"uv": [15, 2, 16, 2.5], "rotation": 270, "texture": "#0"}
			}
		},
		{
			"from": [6.5, 17.5, 6],
			"to": [7.5, 18.5, 9],
			"rotation": {"angle": 0, "axis": "y", "origin": [12, 17.5, 15]},
			"faces": {
				"north": {"uv": [0, 0, 0.5, 0.5], "texture": "#0"},
				"east": {"uv": [11, 2.5, 12.5, 3], "texture": "#0"},
				"south": {"uv": [12.5, 2.5, 13, 3], "texture": "#0"},
				"west": {"uv": [11, 2, 12.5, 2.5], "texture": "#0"},
				"up": {"uv": [13, 0.5, 13.5, 2], "texture": "#0"},
				"down": {"uv": [13, 0.5, 13.5, 2], "rotation": 180, "texture": "#0"}
			}
		},
		{
			"from": [6.25, 16, 7],
			"to": [7.75, 18, 10],
			"rotation": {"angle": 0, "axis": "y", "origin": [12, 16, 16]},
			"faces": {
				"north": {"uv": [11, 1, 11.75, 2], "texture": "#0"},
				"east": {"uv": [12, 0, 13.5, 1], "texture": "#0"},
				"south": {"uv": [12, 1, 12.75, 2], "texture": "#0"},
				"west": {"uv": [10.5, 0, 12, 1], "texture": "#0"},
				"up": {"uv": [13.5, 0, 14.25, 1.5], "texture": "#0"},
				"down": {"uv": [0, 0, 0.75, 1.5], "texture": "#0"}
			}
		},
		{
			"from": [8.25, 13.9, 3.75],
			"to": [9.75, 15.15, 5.75],
			"rotation": {"angle": 22.5, "axis": "x", "origin": [9, 14.65, 4.75]},
			"faces": {
				"north": {"uv": [15, 3.5, 15.75, 3.625], "rotation": 180, "texture": "#0"},
				"east": {"uv": [15, 3.5, 15.625, 4.5], "rotation": 90, "texture": "#0"},
				"south": {"uv": [15, 4, 15.75, 4.125], "texture": "#0"},
				"west": {"uv": [15, 3.5, 15.625, 4.5], "rotation": 270, "texture": "#0"},
				"up": {"uv": [15, 3.5, 15.75, 4.5], "texture": "#0"},
				"down": {"uv": [15, 3.5, 15.75, 4.5], "rotation": 180, "texture": "#0"}
			}
		},
		{
			"from": [8.5, 14.5, 3],
			"to": [9.5, 15.5, 4],
			"rotation": {"angle": 0, "axis": "y", "origin": [14, 14.5, 11]},
			"faces": {
				"north": {"uv": [15.5, 0, 16, 0.5], "texture": "#0"},
				"east": {"uv": [14.5, 0, 15, 0.5], "texture": "#0"},
				"south": {"uv": [15.5, 0, 16, 0.5], "texture": "#0"},
				"west": {"uv": [14.5, 0, 15, 0.5], "texture": "#0"},
				"up": {"uv": [0, 0, 0.5, 0.5], "texture": "#0"},
				"down": {"uv": [15.5, 0, 16, 0.5], "texture": "#0"}
			}
		},
		{
			"from": [8.25, 15.5, 2.75],
			"to": [9.75, 17.5, 4.25],
			"rotation": {"angle": 0, "axis": "y", "origin": [14, 15.5, 10.25]},
			"faces": {
				"north": {"uv": [14, 2.5, 14.75, 3.5], "texture": "#0"},
				"east": {"uv": [14, 2.5, 14.75, 3.5], "texture": "#0"},
				"south": {"uv": [14, 2.5, 14.75, 3.5], "texture": "#0"},
				"west": {"uv": [14, 2.5, 14.75, 3.5], "texture": "#0"},
				"up": {"uv": [14, 2.5, 14.75, 2.75], "texture": "#0"},
				"down": {"uv": [14, 3, 14.75, 3.25], "texture": "#0"}
			}
		},
		{
			"from": [8.5, 17, 3],
			"to": [9.5, 18.5, 4.5],
			"rotation": {"angle": 0, "axis": "y", "origin": [14, 17.5, 11]},
			"faces": {
				"north": {"uv": [15.5, 0, 16, 0.75], "texture": "#0"},
				"east": {"uv": [14.5, 0, 15.25, 0.75], "texture": "#0"},
				"south": {"uv": [0, 0, 0.5, 0.75], "texture": "#0"},
				"west": {"uv": [14.5, 0, 15.25, 0.75], "texture": "#0"},
				"up": {"uv": [15.5, 0, 16, 0.75], "texture": "#0"},
				"down": {"uv": [14.5, 0, 15, 0.75], "texture": "#0"}
			}
		},
		{
			"from": [8.25, 18, 3.5],
			"to": [9.75, 19, 4.5],
			"rotation": {"angle": 0, "axis": "y", "origin": [14, 17, 12.5]},
			"faces": {
				"north": {"uv": [14.5, 1.5, 14.75, 2], "texture": "#0"},
				"east": {"uv": [14.5, 1.5, 15, 2], "texture": "#0"},
				"south": {"uv": [0, 0, 0.75, 0.5], "texture": "#0"},
				"west": {"uv": [14.5, 1.5, 15, 2], "texture": "#0"},
				"up": {"uv": [14.5, 1.5, 14.75, 2], "texture": "#0"},
				"down": {"uv": [14.5, 1.5, 14.75, 2], "texture": "#0"}
			}
		},
		{
			"from": [8.25, 17, 4.5],
			"to": [9.75, 19, 6.5],
			"rotation": {"angle": 0, "axis": "y", "origin": [14, 17, 12.5]},
			"faces": {
				"north": {"uv": [15.5, 2.5, 16, 3.5], "texture": "#0"},
				"east": {"uv": [15, 2.5, 16, 3.5], "texture": "#0"},
				"south": {"uv": [15, 2.5, 15.5, 3.5], "texture": "#0"},
				"west": {"uv": [15, 1.5, 16, 2.5], "texture": "#0"},
				"up": {"uv": [15, 1.5, 16, 2], "rotation": 90, "texture": "#0"},
				"down": {"uv": [15, 2, 16, 2.5], "rotation": 270, "texture": "#0"}
			}
		},
		{
			"from": [8.5, 17.5, 6],
			"to": [9.5, 18.5, 9],
			"rotation": {"angle": 0, "axis": "y", "origin": [14, 17.5, 15]},
			"faces": {
				"north": {"uv": [0, 0, 0.5, 0.5], "texture": "#0"},
				"east": {"uv": [11, 2.5, 12.5, 3], "texture": "#0"},
				"south": {"uv": [12.5, 2.5, 13, 3], "texture": "#0"},
				"west": {"uv": [11, 2, 12.5, 2.5], "texture": "#0"},
				"up": {"uv": [13, 0.5, 13.5, 2], "texture": "#0"},
				"down": {"uv": [13, 0.5, 13.5, 2], "rotation": 180, "texture": "#0"}
			}
		},
		{
			"from": [8.25, 16, 7],
			"to": [9.75, 18, 10],
			"rotation": {"angle": 0, "axis": "y", "origin": [14, 16, 16]},
			"faces": {
				"north": {"uv": [11, 1, 11.75, 2], "texture": "#0"},
				"east": {"uv": [12, 0, 13.5, 1], "texture": "#0"},
				"south": {"uv": [12, 1, 12.75, 2], "texture": "#0"},
				"west": {"uv": [10.5, 0, 12, 1], "texture": "#0"},
				"up": {"uv": [13.5, 0, 14.25, 1.5], "texture": "#0"},
				"down": {"uv": [0, 0, 0.75, 1.5], "texture": "#0"}
			}
		},
		{
			"from": [10.25, 13.9, 3.75],
			"to": [11.75, 15.15, 5.75],
			"rotation": {"angle": 22.5, "axis": "x", "origin": [11, 14.65, 4.75]},
			"faces": {
				"north": {"uv": [15, 3.5, 15.75, 3.625], "rotation": 180, "texture": "#0"},
				"east": {"uv": [15, 3.5, 15.625, 4.5], "rotation": 90, "texture": "#0"},
				"south": {"uv": [15, 4, 15.75, 4.125], "texture": "#0"},
				"west": {"uv": [15, 3.5, 15.625, 4.5], "rotation": 270, "texture": "#0"},
				"up": {"uv": [15, 3.5, 15.75, 4.5], "texture": "#0"},
				"down": {"uv": [15, 3.5, 15.75, 4.5], "rotation": 180, "texture": "#0"}
			}
		},
		{
			"from": [10.5, 14.5, 3],
			"to": [11.5, 15.5, 4],
			"rotation": {"angle": 0, "axis": "y", "origin": [16, 14.5, 11]},
			"faces": {
				"north": {"uv": [15.5, 0, 16, 0.5], "texture": "#0"},
				"east": {"uv": [14.5, 0, 15, 0.5], "texture": "#0"},
				"south": {"uv": [15.5, 0, 16, 0.5], "texture": "#0"},
				"west": {"uv": [14.5, 0, 15, 0.5], "texture": "#0"},
				"up": {"uv": [0, 0, 0.5, 0.5], "texture": "#0"},
				"down": {"uv": [15.5, 0, 16, 0.5], "texture": "#0"}
			}
		},
		{
			"from": [10.25, 15.5, 2.75],
			"to": [11.75, 17.5, 4.25],
			"rotation": {"angle": 0, "axis": "y", "origin": [16, 15.5, 10.25]},
			"faces": {
				"north": {"uv": [14, 2.5, 14.75, 3.5], "texture": "#0"},
				"east": {"uv": [14, 2.5, 14.75, 3.5], "texture": "#0"},
				"south": {"uv": [14, 2.5, 14.75, 3.5], "texture": "#0"},
				"west": {"uv": [14, 2.5, 14.75, 3.5], "texture": "#0"},
				"up": {"uv": [14, 2.5, 14.75, 2.75], "texture": "#0"},
				"down": {"uv": [14, 3, 14.75, 3.25], "texture": "#0"}
			}
		},
		{
			"from": [10.5, 17, 3],
			"to": [11.5, 18.5, 4.5],
			"rotation": {"angle": 0, "axis": "y", "origin": [16, 17.5, 11]},
			"faces": {
				"north": {"uv": [15.5, 0, 16, 0.75], "texture": "#0"},
				"east": {"uv": [14.5, 0, 15.25, 0.75], "texture": "#0"},
				"south": {"uv": [0, 0, 0.5, 0.75], "texture": "#0"},
				"west": {"uv": [14.5, 0, 15.25, 0.75], "texture": "#0"},
				"up": {"uv": [15.5, 0, 16, 0.75], "texture": "#0"},
				"down": {"uv": [14.5, 0, 15, 0.75], "texture": "#0"}
			}
		},
		{
			"from": [10.25, 18, 3.5],
			"to": [11.75, 19, 4.5],
			"rotation": {"angle": 0, "axis": "y", "origin": [16, 17, 12.5]},
			"faces": {
				"north": {"uv": [14.5, 1.5, 14.75, 2], "texture": "#0"},
				"east": {"uv": [14.5, 1.5, 15, 2], "texture": "#0"},
				"south": {"uv": [0, 0, 0.75, 0.5], "texture": "#0"},
				"west": {"uv": [14.5, 1.5, 15, 2], "texture": "#0"},
				"up": {"uv": [14.5, 1.5, 14.75, 2], "texture": "#0"},
				"down": {"uv": [14.5, 1.5, 14.75, 2], "texture": "#0"}
			}
		},
		{
			"from": [10.25, 17, 4.5],
			"to": [11.75, 19, 6.5],
			"rotation": {"angle": 0, "axis": "y", "origin": [16, 17, 12.5]},
			"faces": {
				"north": {"uv": [15.5, 2.5, 16, 3.5], "texture": "#0"},
				"east": {"uv": [15, 2.5, 16, 3.5], "texture": "#0"},
				"south": {"uv": [15, 2.5, 15.5, 3.5], "texture": "#0"},
				"west": {"uv": [15, 1.5, 16, 2.5], "texture": "#0"},
				"up": {"uv": [15, 1.5, 16, 2], "rotation": 90, "texture": "#0"},
				"down": {"uv": [15, 2, 16, 2.5], "rotation": 270, "texture": "#0"}
			}
		},
		{
			"from": [10.5, 17.5, 6],
			"to": [11.5, 18.5, 9],
			"rotation": {"angle": 0, "axis": "y", "origin": [16, 17.5, 15]},
			"faces": {
				"north": {"uv": [0, 0, 0.5, 0.5], "texture": "#0"},
				"east": {"uv": [11, 2.5, 12.5, 3], "texture": "#0"},
				"south": {"uv": [12.5, 2.5, 13, 3], "texture": "#0"},
				"west": {"uv": [11, 2, 12.5, 2.5], "texture": "#0"},
				"up": {"uv": [13, 0.5, 13.5, 2], "texture": "#0"},
				"down": {"uv": [13, 0.5, 13.5, 2], "rotation": 180, "texture": "#0"}
			}
		},
		{
			"from": [10.25, 16, 7],
			"to": [11.75, 18, 10],
			"rotation": {"angle": 0, "axis": "y", "origin": [16, 16, 16]},
			"faces": {
				"north": {"uv": [11, 1, 11.75, 2], "texture": "#0"},
				"east": {"uv": [12, 0, 13.5, 1], "texture": "#0"},
				"south": {"uv": [12, 1, 12.75, 2], "texture": "#0"},
				"west": {"uv": [10.5, 0, 12, 1], "texture": "#0"},
				"up": {"uv": [13.5, 0, 14.25, 1.5], "texture": "#0"},
				"down": {"uv": [0, 0, 0.75, 1.5], "texture": "#0"}
			}
		}
	],
	"display": {
		"thirdperson_righthand": {
			"rotation": [-90, 90, 0],
			"translation": [0, -2, -0.75],
			"scale": [0.85, 0.85, 0.85]
		},
		"thirdperson_lefthand": {
			"rotation": [-90, 90, 0],
			"translation": [0, -2, -0.75],
			"scale": [0.85, 0.85, 0.85]
		},
		"firstperson_righthand": {
			"rotation": [-53, 35, -9],
			"translation": [2.5, 0, 0.5],
			"scale": [0.8, 0.8, 0.8]
		},
		"firstperson_lefthand": {
			"rotation": [-53, 35, -9],
			"translation": [2.5, 0, 0.5],
			"scale": [0.8, 0.8, 0.8]
		},
		"ground": {
			"rotation": [-45, 0, 0],
			"translation": [0, 3.75, 1],
			"scale": [0.8, 0.8, 0.8]
		},
		"gui": {
			"rotation": [-80, 37, 47],
			"translation": [1.25, -0.5, 0],
			"scale": [0.8, 0.8, 0.8]
		},
		"fixed": {
			"rotation": [0, -90, 0],
			"translation": [0, -1.5, -3.25]
		}
	},
	"groups": [0, 1, 2, 3, 4, 5, 6, 7, 8, 9, 10, 11, 12, 13, 14, 15, 16, 17, 18, 19, 20, 21, 22, 23, 24, 25, 26, 27, 28, 29, 30, 31, 32, 33, 34, 35, 36, 37, 38, 39, 40, 41, 42, 43, 44, 45, 46, 47,
		{
			"name": "group",
			"origin": [10, 17.5, 15],
			"children": []
		},
		{
			"name": "group",
			"origin": [10, 16, 16],
			"children": [48, 49, 50, 51, 52, 53, 54, 55]
		},
		{
			"name": "group",
			"origin": [10, 16, 16],
			"children": [56, 57, 58, 59, 60, 61, 62, 63]
		},
		{
			"name": "group",
			"origin": [10, 16, 16],
			"children": [64, 65, 66, 67, 68, 69, 70, 71]
		},
		{
			"name": "group",
			"origin": [10, 16, 16],
			"children": [72, 73, 74, 75, 76, 77, 78, 79]
		}
	]
}