{
	"credit": "Made with Blockbench",
	"texture_size": [32, 32],
	"textures": {
		"0": "item/etc/xmasgift01",
		"particle": "item/etc/xmasgift01"
	},
	"elements": [
		{
			"from": [5, 0, 10],
			"to": [10, 5, 15],
			"faces": {
				"north": {"uv": [8, 8, 10.5, 10.5], "texture": "#0"},
				"east": {"uv": [10.5, 0, 13, 2.5], "texture": "#0"},
				"south": {"uv": [10.5, 2.5, 13, 5], "texture": "#0"},
				"west": {"uv": [4, 10.5, 6.5, 13], "texture": "#0"},
				"up": {"uv": [13, 7.5, 10.5, 5], "texture": "#0"},
				"down": {"uv": [9, 10.5, 6.5, 13], "texture": "#0"}
			}
		},
		{
			"from": [9.9, 0, 4],
			"to": [14.5, 3, 12],
			"faces": {
				"north": {"uv": [10.5, 9, 13, 10.5], "texture": "#0"},
				"east": {"uv": [10.5, 7.5, 14.5, 9], "texture": "#0"},
				"south": {"uv": [0, 11.5, 2.5, 13], "texture": "#0"},
				"west": {"uv": [9, 10.5, 13, 12], "texture": "#0"},
				"up": {"uv": [10.5, 4, 8, 0], "texture": "#0"},
				"down": {"uv": [10.5, 4, 8, 8], "texture": "#0"}
			}
		},
		{
			"from": [2, 0, 2],
			"to": [10, 7, 10],
			"faces": {
				"north": {"uv": [4, 0, 8, 3.5], "texture": "#0"},
				"east": {"uv": [4, 3.5, 8, 7], "texture": "#0"},
				"south": {"uv": [4, 7, 8, 10.5], "texture": "#0"},
				"west": {"uv": [0, 8, 4, 11.5], "texture": "#0"},
				"up": {"uv": [4, 4, 0, 0], "texture": "#0"},
				"down": {"uv": [4, 4, 0, 8], "texture": "#0"}
			}
		}
	],
	"display": {
		"thirdperson_righthand": {
			"rotation": [104.55, 86.65, -37.06],
			"translation": [-5.5, 4, 5.25],
			"scale": [0.7, 0.7, 0.7]
		},
		"thirdperson_lefthand": {
			"rotation": [104.55, 86.65, -37.06],
			"translation": [-5.5, 4, 5.25],
			"scale": [0.7, 0.7, 0.7]
		},
		"firstperson_righthand": {
			"rotation": [180, -83, 180],
			"translation": [7, 2.5, -1.5],
			"scale": [0.5, 0.5, 0.5]
		},
		"firstperson_lefthand": {
			"rotation": [180, -83, 180],
			"translation": [7, 2.5, -1.5],
			"scale": [0.5, 0.5, 0.5]
		},
		"ground": {
			"translation": [0, 5, 0]
		},
		"head": {
			"rotation": [-180, 90, -180],
			"translation": [-0.25, 18.5, -0.25],
			"scale": [1.5, 1.5, 1.5]
		},
		"fixed": {
			"rotation": [-90, 0, 0],
			"translation": [0, 0, -31],
			"scale": [4, 4, 4]
		}
	}
}