{
	"__comment": "haru_711",
	"textures": {
		"particle": "item/fish/sturgeon",
		"sturgeon": "item/fish/sturgeon"
	},
	"elements": [ 	 
		{
			"__comment": "Voxels",
			"from": [ -13.037, 5.9259, 5.9259 ],
			"to": [ 27.2593, 8.29627, 6.518493 ],
			"faces": {
				"down": { "uv": [ 2.625, 10.625, 6.875, 10.6875 ], "texture": "#sturgeon" },
				"up": { "uv": [ 2.625, 10.75, 6.875, 10.6875 ], "texture": "#sturgeon" },
				"north": { "uv": [ 4.25, 15.75, 0, 16 ], "texture": "#sturgeon" },
				"south": { "uv": [ 0, 15.5, 4.25, 15.75 ], "texture": "#sturgeon" },
				"west": { "uv": [ 5.5625, 8.3125, 5.625, 8.5625 ], "texture": "#sturgeon" },
				"east": { "uv": [ 2.9375, 8.3125, 2.875, 8.5625 ], "texture": "#sturgeon" }
			}
		},
		{
			"__comment": "Voxels",
			"from": [ -13.037, 5.9259, 6.5185 ],
			"to": [ 26.66671, 8.29627, 7.111093 ],
			"faces": {
				"down": { "uv": [ 2.625, 10.5625, 6.8125, 10.625 ], "texture": "#sturgeon" },
				"up": { "uv": [ 2.625, 10.5625, 6.8125, 10.5 ], "texture": "#sturgeon" },
				"north": { "uv": [ 4.1875, 15.25, 0, 15.5 ], "texture": "#sturgeon" },
				"south": { "uv": [ 0, 15, 4.1875, 15.25 ], "texture": "#sturgeon" },
				"west": { "uv": [ 2.9375, 8.3125, 3, 8.5625 ], "texture": "#sturgeon" },
				"east": { "uv": [ 3.3125, 8.3125, 3.25, 8.5625 ], "texture": "#sturgeon" }
			}
		},
		{
			"__comment": "Voxels",
			"from": [ -13.037, 5.9259, 7.1111 ],
			"to": [ 26.07411, 8.29627, 9.48147 ],
			"faces": {
				"down": { "uv": [ 0, 14.75, 4.125, 15 ], "texture": "#sturgeon" },
				"up": { "uv": [ 0, 14.75, 4.125, 14.5 ], "texture": "#sturgeon" },
				"north": { "uv": [ 4.125, 14.25, 0, 14.5 ], "texture": "#sturgeon" },
				"south": { "uv": [ 0, 14, 4.125, 14.25 ], "texture": "#sturgeon" },
				"west": { "uv": [ 7.75, 13, 8, 13.25 ], "texture": "#sturgeon" },
				"east": { "uv": [ 5.1875, 8.6875, 4.9375, 8.9375 ], "texture": "#sturgeon" }
			}
		},
		{
			"__comment": "Voxels",
			"from": [ -13.037, 5.9259, 9.4815 ],
			"to": [ 25.48152, 8.29627, 11.85187 ],
			"faces": {
				"down": { "uv": [ 0, 13.75, 4.0625, 14 ], "texture": "#sturgeon" },
				"up": { "uv": [ 0, 13.75, 4.0625, 13.5 ], "texture": "#sturgeon" },
				"north": { "uv": [ 4.0625, 13.25, 0, 13.5 ], "texture": "#sturgeon" },
				"south": { "uv": [ 0, 13, 4.0625, 13.25 ], "texture": "#sturgeon" },
				"west": { "uv": [ 5.1875, 8.6875, 5.4375, 8.9375 ], "texture": "#sturgeon" },
				"east": { "uv": [ 5.6875, 8.6875, 5.4375, 8.9375 ], "texture": "#sturgeon" }
			}
		},
		{
			"__comment": "Voxels",
			"from": [ -12.4444, 5.9259, 11.8519 ],
			"to": [ 26.07412, 8.29627, 12.44449 ],
			"faces": {
				"down": { "uv": [ 0, 10.375, 4.0625, 10.4375 ], "texture": "#sturgeon" },
				"up": { "uv": [ 0, 10.5, 4.0625, 10.4375 ], "texture": "#sturgeon" },
				"north": { "uv": [ 4.0625, 12.75, 0, 13 ], "texture": "#sturgeon" },
				"south": { "uv": [ 0, 12.5, 4.0625, 12.75 ], "texture": "#sturgeon" },
				"west": { "uv": [ 3.3125, 8.3125, 3.375, 8.5625 ], "texture": "#sturgeon" },
				"east": { "uv": [ 3.75, 8.3125, 3.6875, 8.5625 ], "texture": "#sturgeon" }
			}
		},
		{
			"__comment": "Voxels",
			"from": [ -9.4815, 5.9259, 12.4444 ],
			"to": [ 26.07406, 8.29627, 13.03699 ],
			"faces": {
				"down": { "uv": [ 4.0625, 10.4375, 7.8125, 10.5 ], "texture": "#sturgeon" },
				"up": { "uv": [ 4.0625, 10.4375, 7.8125, 10.375 ], "texture": "#sturgeon" },
				"north": { "uv": [ 8, 15.75, 4.25, 16 ], "texture": "#sturgeon" },
				"south": { "uv": [ 4.25, 15.5, 8, 15.75 ], "texture": "#sturgeon" },
				"west": { "uv": [ 3.75, 8.3125, 3.8125, 8.5625 ], "texture": "#sturgeon" },
				"east": { "uv": [ 3.875, 8.3125, 3.8125, 8.5625 ], "texture": "#sturgeon" }
			}
		},
		{
			"__comment": "Voxels",
			"from": [ -7.7037, 5.9259, 5.3333 ],
			"to": [ 27.25926, 8.29627, 5.925892 ],
			"faces": {
				"down": { "uv": [ 3.75, 10.25, 7.4375, 10.3125 ], "texture": "#sturgeon" },
				"up": { "uv": [ 3.75, 10.375, 7.4375, 10.3125 ], "texture": "#sturgeon" },
				"north": { "uv": [ 7.875, 15, 4.1875, 15.25 ], "texture": "#sturgeon" },
				"south": { "uv": [ 4.1875, 15.25, 7.875, 15.5 ], "texture": "#sturgeon" },
				"west": { "uv": [ 4, 8.3125, 4.0625, 8.5625 ], "texture": "#sturgeon" },
				"east": { "uv": [ 4.125, 8.3125, 4.0625, 8.5625 ], "texture": "#sturgeon" }
			}
		},
		{
			"__comment": "Voxels",
			"from": [ -7.7037, 5.9259, 13.037 ],
			"to": [ 20.14815, 8.29627, 13.62959 ],
			"faces": {
				"down": { "uv": [ 0, 9.9375, 2.9375, 10 ], "texture": "#sturgeon" },
				"up": { "uv": [ 2.9375, 10, 5.875, 9.9375 ], "texture": "#sturgeon" },
				"north": { "uv": [ 7, 13.75, 4.0625, 14 ], "texture": "#sturgeon" },
				"south": { "uv": [ 4.0625, 13.5, 7, 13.75 ], "texture": "#sturgeon" },
				"west": { "uv": [ 4.375, 8.3125, 4.4375, 8.5625 ], "texture": "#sturgeon" },
				"east": { "uv": [ 4.5, 8.3125, 4.4375, 8.5625 ], "texture": "#sturgeon" }
			}
		},
		{
			"__comment": "Voxels",
			"from": [ -7.1111, 5.9259, 13.6296 ],
			"to": [ 20.74075, 8.29627, 14.22219 ],
			"faces": {
				"down": { "uv": [ 3.375, 10.0625, 6.3125, 10.125 ], "texture": "#sturgeon" },
				"up": { "uv": [ 3.375, 10.0625, 6.3125, 10 ], "texture": "#sturgeon" },
				"north": { "uv": [ 7, 13, 4.0625, 13.25 ], "texture": "#sturgeon" },
				"south": { "uv": [ 4.0625, 13.25, 7, 13.5 ], "texture": "#sturgeon" },
				"west": { "uv": [ 4.75, 8.3125, 4.8125, 8.5625 ], "texture": "#sturgeon" },
				"east": { "uv": [ 4.875, 8.3125, 4.8125, 8.5625 ], "texture": "#sturgeon" }
			}
		},
		{
			"__comment": "Voxels",
			"from": [ -6.5185, 5.9259, 4.7407 ],
			"to": [ 27.25928, 8.29627, 5.333292 ],
			"faces": {
				"down": { "uv": [ 0, 10.1875, 3.5625, 10.25 ], "texture": "#sturgeon" },
				"up": { "uv": [ 3.5625, 10.25, 7.125, 10.1875 ], "texture": "#sturgeon" },
				"north": { "uv": [ 7.6875, 14.5, 4.125, 14.75 ], "texture": "#sturgeon" },
				"south": { "uv": [ 4.125, 14.75, 7.6875, 15 ], "texture": "#sturgeon" },
				"west": { "uv": [ 5.125, 8.3125, 5.1875, 8.5625 ], "texture": "#sturgeon" },
				"east": { "uv": [ 5.25, 8.3125, 5.1875, 8.5625 ], "texture": "#sturgeon" }
			}
		},
		{
			"__comment": "Voxels",
			"from": [ -6.5185, 5.9259, 14.2222 ],
			"to": [ 20.74076, 8.29627, 14.81479 ],
			"faces": {
				"down": { "uv": [ 2.875, 9.875, 5.75, 9.9375 ], "texture": "#sturgeon" },
				"up": { "uv": [ 0, 9.9375, 2.875, 9.875 ], "texture": "#sturgeon" },
				"north": { "uv": [ 6.9375, 12.5, 4.0625, 12.75 ], "texture": "#sturgeon" },
				"south": { "uv": [ 4.0625, 12.75, 6.9375, 13 ], "texture": "#sturgeon" },
				"west": { "uv": [ 5.25, 8.3125, 5.3125, 8.5625 ], "texture": "#sturgeon" },
				"east": { "uv": [ 5.375, 8.3125, 5.3125, 8.5625 ], "texture": "#sturgeon" }
			}
		},
		{
			"__comment": "Voxels",
			"from": [ -5.9259, 5.9259, 14.8148 ],
			"to": [ -1.185159, 8.29627, 15.40739 ],
			"faces": {
				"down": { "uv": [ 1.625, 8.5625, 2.125, 8.625 ], "texture": "#sturgeon" },
				"up": { "uv": [ 2.125, 8.625, 2.625, 8.5625 ], "texture": "#sturgeon" },
				"north": { "uv": [ 6.8125, 8.9375, 6.3125, 9.1875 ], "texture": "#sturgeon" },
				"south": { "uv": [ 5.8125, 8.9375, 6.3125, 9.1875 ], "texture": "#sturgeon" },
				"west": { "uv": [ 5.5, 8.3125, 5.5625, 8.5625 ], "texture": "#sturgeon" },
				"east": { "uv": [ 8, 12.75, 7.9375, 13 ], "texture": "#sturgeon" }
			}
		},
		{
			"__comment": "Voxels",
			"from": [ -5.3333, 5.9259, 4.1481 ],
			"to": [ 27.85188, 8.29627, 4.740693 ],
			"faces": {
				"down": { "uv": [ 0, 10.125, 3.5, 10.1875 ], "texture": "#sturgeon" },
				"up": { "uv": [ 3.5, 10.1875, 7, 10.125 ], "texture": "#sturgeon" },
				"north": { "uv": [ 7.625, 14, 4.125, 14.25 ], "texture": "#sturgeon" },
				"south": { "uv": [ 4.125, 14.25, 7.625, 14.5 ], "texture": "#sturgeon" },
				"west": { "uv": [ 5.875, 8.3125, 5.9375, 8.5625 ], "texture": "#sturgeon" },
				"east": { "uv": [ 6, 8.3125, 5.9375, 8.5625 ], "texture": "#sturgeon" }
			}
		},
		{
			"__comment": "Voxels",
			"from": [ -5.3333, 5.9259, 15.4074 ],
			"to": [ -0.5925589, 8.29627, 15.99999 ],
			"faces": {
				"down": { "uv": [ 2.625, 8.5625, 3.125, 8.625 ], "texture": "#sturgeon" },
				"up": { "uv": [ 3.625, 8.625, 4.125, 8.5625 ], "texture": "#sturgeon" },
				"north": { "uv": [ 7.8125, 8.9375, 7.3125, 9.1875 ], "texture": "#sturgeon" },
				"south": { "uv": [ 5.3125, 8.9375, 5.8125, 9.1875 ], "texture": "#sturgeon" },
				"west": { "uv": [ 6.25, 8.3125, 6.3125, 8.5625 ], "texture": "#sturgeon" },
				"east": { "uv": [ 6.375, 8.3125, 6.3125, 8.5625 ], "texture": "#sturgeon" }
			}
		},
		{
			"__comment": "Voxels",
			"from": [ -4.7407, 5.9259, 3.5556 ],
			"to": [ 21.33337, 8.29627, 4.148192 ],
			"faces": {
				"down": { "uv": [ 0.6875, 9.8125, 3.4375, 9.875 ], "texture": "#sturgeon" },
				"up": { "uv": [ 0.6875, 9.8125, 3.4375, 9.75 ], "texture": "#sturgeon" },
				"north": { "uv": [ 2.75, 12.25, 0, 12.5 ], "texture": "#sturgeon" },
				"south": { "uv": [ 2.75, 12.25, 5.5, 12.5 ], "texture": "#sturgeon" },
				"west": { "uv": [ 7.6875, 8.3125, 7.75, 8.5625 ], "texture": "#sturgeon" },
				"east": { "uv": [ 7.6875, 8.3125, 7.625, 8.5625 ], "texture": "#sturgeon" }
			}
		},
		{
			"__comment": "Voxels",
			"from": [ -4.7407, 5.9259, 16 ],
			"to": [ 0.000041008, 8.29627, 16.59259 ],
			"faces": {
				"down": { "uv": [ 5.625, 8.5625, 6.125, 8.625 ], "texture": "#sturgeon" },
				"up": { "uv": [ 5.125, 8.625, 5.625, 8.5625 ], "texture": "#sturgeon" },
				"north": { "uv": [ 4.8125, 8.9375, 4.3125, 9.1875 ], "texture": "#sturgeon" },
				"south": { "uv": [ 3.8125, 8.9375, 4.3125, 9.1875 ], "texture": "#sturgeon" },
				"west": { "uv": [ 6.6875, 8.3125, 6.75, 8.5625 ], "texture": "#sturgeon" },
				"east": { "uv": [ 6.6875, 8.3125, 6.625, 8.5625 ], "texture": "#sturgeon" }
			}
		},
		{
			"__comment": "Voxels",
			"from": [ -4.1481, 5.9259, 2.963 ],
			"to": [ 21.33338, 8.29627, 3.555593 ],
			"faces": {
				"down": { "uv": [ 0, 9.5625, 2.6875, 9.625 ], "texture": "#sturgeon" },
				"up": { "uv": [ 2.6875, 9.625, 5.375, 9.5625 ], "texture": "#sturgeon" },
				"north": { "uv": [ 2.6875, 11.5, 0, 11.75 ], "texture": "#sturgeon" },
				"south": { "uv": [ 0, 11.75, 2.6875, 12 ], "texture": "#sturgeon" },
				"west": { "uv": [ 6.0625, 8.3125, 6.125, 8.5625 ], "texture": "#sturgeon" },
				"east": { "uv": [ 6.0625, 8.3125, 6, 8.5625 ], "texture": "#sturgeon" }
			}
		},
		{
			"__comment": "Voxels",
			"from": [ -4.1481, 5.9259, 16.5926 ],
			"to": [ 0.000048161, 8.29627, 17.18519 ],
			"faces": {
				"down": { "uv": [ 0.125, 8.375, 0.5625, 8.4375 ], "texture": "#sturgeon" },
				"up": { "uv": [ 0.125, 8.5, 0.5625, 8.4375 ], "texture": "#sturgeon" },
				"north": { "uv": [ 0.9375, 8.6875, 0.5, 8.9375 ], "texture": "#sturgeon" },
				"south": { "uv": [ 0.9375, 8.6875, 1.375, 8.9375 ], "texture": "#sturgeon" },
				"west": { "uv": [ 4.9375, 8.3125, 5, 8.5625 ], "texture": "#sturgeon" },
				"east": { "uv": [ 4.9375, 8.3125, 4.875, 8.5625 ], "texture": "#sturgeon" }
			}
		},
		{
			"__comment": "Voxels",
			"from": [ -3.5556, 5.9259, 2.3704 ],
			"to": [ 21.92588, 8.29627, 2.962993 ],
			"faces": {
				"down": { "uv": [ 4.8125, 9.75, 7.5, 9.8125 ], "texture": "#sturgeon" },
				"up": { "uv": [ 0.6875, 9.75, 3.375, 9.6875 ], "texture": "#sturgeon" },
				"north": { "uv": [ 5.375, 11.75, 2.6875, 12 ], "texture": "#sturgeon" },
				"south": { "uv": [ 2.6875, 12, 5.375, 12.25 ], "texture": "#sturgeon" },
				"west": { "uv": [ 4.5625, 8.3125, 4.625, 8.5625 ], "texture": "#sturgeon" },
				"east": { "uv": [ 4.5625, 8.3125, 4.5, 8.5625 ], "texture": "#sturgeon" }
			}
		},
		{
			"__comment": "Voxels",
			"from": [ -2.963, 5.9259, 1.7778 ],
			"to": [ 22.51848, 8.29627, 2.370393 ],
			"faces": {
				"down": { "uv": [ 4.8125, 9.8125, 7.5, 9.875 ], "texture": "#sturgeon" },
				"up": { "uv": [ 0.6875, 9.6875, 3.375, 9.625 ], "texture": "#sturgeon" },
				"north": { "uv": [ 2.6875, 12, 0, 12.25 ], "texture": "#sturgeon" },
				"south": { "uv": [ 2.6875, 11.25, 5.375, 11.5 ], "texture": "#sturgeon" },
				"west": { "uv": [ 4.1875, 8.3125, 4.25, 8.5625 ], "texture": "#sturgeon" },
				"east": { "uv": [ 4.1875, 8.3125, 4.125, 8.5625 ], "texture": "#sturgeon" }
			}
		},
		{
			"__comment": "Voxels",
			"from": [ -2.963, 5.9259, 17.1852 ],
			"to": [ -0.000036716, 8.29627, 17.77779 ],
			"faces": {
				"down": { "uv": [ 0.5625, 8.3125, 0.875, 8.375 ], "texture": "#sturgeon" },
				"up": { "uv": [ 0.5625, 8.4375, 0.875, 8.375 ], "texture": "#sturgeon" },
				"north": { "uv": [ 8, 14.75, 7.6875, 15 ], "texture": "#sturgeon" },
				"south": { "uv": [ 7.6875, 14.5, 8, 14.75 ], "texture": "#sturgeon" },
				"west": { "uv": [ 3.4375, 8.3125, 3.5, 8.5625 ], "texture": "#sturgeon" },
				"east": { "uv": [ 3.4375, 8.3125, 3.375, 8.5625 ], "texture": "#sturgeon" }
			}
		},
		{
			"__comment": "Voxels",
			"from": [ -2.3704, 5.9259, 0.5926 ],
			"to": [ 23.11108, 8.29627, 1.185193 ],
			"faces": {
				"down": { "uv": [ 4.8125, 9.625, 7.5, 9.6875 ], "texture": "#sturgeon" },
				"up": { "uv": [ 4.8125, 9.75, 7.5, 9.6875 ], "texture": "#sturgeon" },
				"north": { "uv": [ 5.375, 11.5, 2.6875, 11.75 ], "texture": "#sturgeon" },
				"south": { "uv": [ 0, 11.25, 2.6875, 11.5 ], "texture": "#sturgeon" },
				"west": { "uv": [ 3.0625, 8.3125, 3.125, 8.5625 ], "texture": "#sturgeon" },
				"east": { "uv": [ 3.0625, 8.3125, 3, 8.5625 ], "texture": "#sturgeon" }
			}
		},
		{
			"__comment": "Voxels",
			"from": [ -2.3704, 5.9259, 1.1852 ],
			"to": [ 22.51849, 8.29627, 1.777793 ],
			"faces": {
				"down": { "uv": [ 5.375, 9.5625, 8, 9.625 ], "texture": "#sturgeon" },
				"up": { "uv": [ 0, 9.5625, 2.625, 9.5 ], "texture": "#sturgeon" },
				"north": { "uv": [ 8, 11.5, 5.375, 11.75 ], "texture": "#sturgeon" },
				"south": { "uv": [ 5.375, 11.25, 8, 11.5 ], "texture": "#sturgeon" },
				"west": { "uv": [ 2.6875, 8.3125, 2.75, 8.5625 ], "texture": "#sturgeon" },
				"east": { "uv": [ 2.6875, 8.3125, 2.625, 8.5625 ], "texture": "#sturgeon" }
			}
		},
		{
			"__comment": "Voxels",
			"from": [ -2.3704, 5.9259, 17.7778 ],
			"to": [ -0.5926222, 8.29627, 18.37039 ],
			"faces": {
				"down": { "uv": [ 7.8125, 10.375, 8, 10.4375 ], "texture": "#sturgeon" },
				"up": { "uv": [ 7.8125, 10.5, 8, 10.4375 ], "texture": "#sturgeon" },
				"north": { "uv": [ 6.5, 8.6875, 6.3125, 8.9375 ], "texture": "#sturgeon" },
				"south": { "uv": [ 6.125, 8.6875, 6.3125, 8.9375 ], "texture": "#sturgeon" },
				"west": { "uv": [ 1.9375, 8.3125, 2, 8.5625 ], "texture": "#sturgeon" },
				"east": { "uv": [ 1.9375, 8.3125, 1.875, 8.5625 ], "texture": "#sturgeon" }
			}
		},
		{
			"__comment": "Voxels",
			"from": [ -1.7778, 5.9259, 0 ],
			"to": [ 23.11109, 8.29627, 0.5925926 ],
			"faces": {
				"down": { "uv": [ 2.625, 9.5, 5.25, 9.5625 ], "texture": "#sturgeon" },
				"up": { "uv": [ 5.25, 9.5625, 7.875, 9.5 ], "texture": "#sturgeon" },
				"north": { "uv": [ 8, 12, 5.375, 12.25 ], "texture": "#sturgeon" },
				"south": { "uv": [ 5.375, 11.75, 8, 12 ], "texture": "#sturgeon" },
				"west": { "uv": [ 1.25, 8.3125, 1.3125, 8.5625 ], "texture": "#sturgeon" },
				"east": { "uv": [ 8, 8.6875, 7.9375, 8.9375 ], "texture": "#sturgeon" }
			}
		},
		{
			"__comment": "Voxels",
			"from": [ -1.1852, 5.9259, -0.5926 ],
			"to": [ 22.51851, 8.29627, -0.000007391 ],
			"faces": {
				"down": { "uv": [ 0, 9.4375, 2.5, 9.5 ], "texture": "#sturgeon" },
				"up": { "uv": [ 2.5, 9.5, 5, 9.4375 ], "texture": "#sturgeon" },
				"north": { "uv": [ 2.5, 11, 0, 11.25 ], "texture": "#sturgeon" },
				"south": { "uv": [ 5.5, 12.25, 8, 12.5 ], "texture": "#sturgeon" },
				"west": { "uv": [ 7.9375, 11, 8, 11.25 ], "texture": "#sturgeon" },
				"east": { "uv": [ 8, 12.5, 7.9375, 12.75 ], "texture": "#sturgeon" }
			}
		},
		{
			"__comment": "Voxels",
			"from": [ -0.5926, 5.9259, -1.7778 ],
			"to": [ 17.18518, 8.29627, -0.5926148 ],
			"faces": {
				"down": { "uv": [ 1.875, 10.25, 3.75, 10.375 ], "texture": "#sturgeon" },
				"up": { "uv": [ 0, 10.375, 1.875, 10.25 ], "texture": "#sturgeon" },
				"north": { "uv": [ 4.375, 11, 2.5, 11.25 ], "texture": "#sturgeon" },
				"south": { "uv": [ 4.375, 11, 6.25, 11.25 ], "texture": "#sturgeon" },
				"west": { "uv": [ 7.875, 15.25, 8, 15.5 ], "texture": "#sturgeon" },
				"east": { "uv": [ 0.125, 8.3125, 0, 8.5625 ], "texture": "#sturgeon" }
			}
		},
		{
			"__comment": "Voxels",
			"from": [ 0, 5.9259, -2.3704 ],
			"to": [ 17.18518, 8.29627, -1.777807 ],
			"faces": {
				"down": { "uv": [ 5.75, 9.875, 7.5625, 9.9375 ], "texture": "#sturgeon" },
				"up": { "uv": [ 5.875, 10, 7.6875, 9.9375 ], "texture": "#sturgeon" },
				"north": { "uv": [ 1.8125, 10.75, 0, 11 ], "texture": "#sturgeon" },
				"south": { "uv": [ 1.8125, 10.75, 3.625, 11 ], "texture": "#sturgeon" },
				"west": { "uv": [ 7.3125, 8.3125, 7.375, 8.5625 ], "texture": "#sturgeon" },
				"east": { "uv": [ 7.3125, 8.3125, 7.25, 8.5625 ], "texture": "#sturgeon" }
			}
		},
		{
			"__comment": "Voxels",
			"from": [ 0, 5.9259, 14.8148 ],
			"to": [ 13.62963, 8.29627, 15.40739 ],
			"faces": {
				"down": { "uv": [ 6.3125, 10.0625, 7.75, 10.125 ], "texture": "#sturgeon" },
				"up": { "uv": [ 6.3125, 10.0625, 7.75, 10 ], "texture": "#sturgeon" },
				"north": { "uv": [ 1.4375, 10.5, 0, 10.75 ], "texture": "#sturgeon" },
				"south": { "uv": [ 5.3125, 10.75, 6.75, 11 ], "texture": "#sturgeon" },
				"west": { "uv": [ 6.5625, 8.3125, 6.625, 8.5625 ], "texture": "#sturgeon" },
				"east": { "uv": [ 6.5625, 8.3125, 6.5, 8.5625 ], "texture": "#sturgeon" }
			}
		},
		{
			"__comment": "Voxels",
			"from": [ 0.5926, 5.9259, -3.5556 ],
			"to": [ 16.5926, 8.29627, -2.370415 ],
			"faces": {
				"down": { "uv": [ 0, 10, 1.6875, 10.125 ], "texture": "#sturgeon" },
				"up": { "uv": [ 1.6875, 10.125, 3.375, 10 ], "texture": "#sturgeon" },
				"north": { "uv": [ 5.3125, 10.75, 3.625, 11 ], "texture": "#sturgeon" },
				"south": { "uv": [ 6.25, 11, 7.9375, 11.25 ], "texture": "#sturgeon" },
				"west": { "uv": [ 7.5625, 8.6875, 7.6875, 8.9375 ], "texture": "#sturgeon" },
				"east": { "uv": [ 8, 15, 7.875, 15.25 ], "texture": "#sturgeon" }
			}
		},
		{
			"__comment": "Voxels",
			"from": [ 1.1852, 5.9259, 15.4074 ],
			"to": [ 12.44446, 8.29627, 15.99999 ],
			"faces": {
				"down": { "uv": [ 5, 9.4375, 6.1875, 9.5 ], "texture": "#sturgeon" },
				"up": { "uv": [ 6.1875, 9.5, 7.375, 9.4375 ], "texture": "#sturgeon" },
				"north": { "uv": [ 7.9375, 10.75, 6.75, 11 ], "texture": "#sturgeon" },
				"south": { "uv": [ 1.4375, 10.5, 2.625, 10.75 ], "texture": "#sturgeon" },
				"west": { "uv": [ 2.8125, 8.3125, 2.875, 8.5625 ], "texture": "#sturgeon" },
				"east": { "uv": [ 5.75, 8.3125, 5.6875, 8.5625 ], "texture": "#sturgeon" }
			}
		},
		{
			"__comment": "Voxels",
			"from": [ 1.7778, 5.9259, 16 ],
			"to": [ 8.888911, 8.29627, 16.59259 ],
			"faces": {
				"down": { "uv": [ 7.125, 10.1875, 7.875, 10.25 ], "texture": "#sturgeon" },
				"up": { "uv": [ 3.9375, 8.875, 4.6875, 8.8125 ], "texture": "#sturgeon" },
				"north": { "uv": [ 7.75, 13, 7, 13.25 ], "texture": "#sturgeon" },
				"south": { "uv": [ 7, 13.25, 7.75, 13.5 ], "texture": "#sturgeon" },
				"west": { "uv": [ 7.125, 8.3125, 7.1875, 8.5625 ], "texture": "#sturgeon" },
				"east": { "uv": [ 7.25, 8.3125, 7.1875, 8.5625 ], "texture": "#sturgeon" }
			}
		},
		{
			"__comment": "Voxels",
			"from": [ 1.7778, 5.9259, 16.5926 ],
			"to": [ 8.296318, 8.29627, 17.18519 ],
			"faces": {
				"down": { "uv": [ 3.9375, 8.75, 4.625, 8.8125 ], "texture": "#sturgeon" },
				"up": { "uv": [ 3.9375, 8.75, 4.625, 8.6875 ], "texture": "#sturgeon" },
				"north": { "uv": [ 4.125, 9.625, 3.4375, 9.875 ], "texture": "#sturgeon" },
				"south": { "uv": [ 4.125, 9.625, 4.8125, 9.875 ], "texture": "#sturgeon" },
				"west": { "uv": [ 7.5, 8.3125, 7.5625, 8.5625 ], "texture": "#sturgeon" },
				"east": { "uv": [ 7.625, 8.3125, 7.5625, 8.5625 ], "texture": "#sturgeon" }
			}
		},
		{
			"__comment": "Voxels",
			"from": [ 2.3704, 5.9259, 17.1852 ],
			"to": [ 8.296326, 8.29627, 17.77779 ],
			"faces": {
				"down": { "uv": [ 7.375, 9.4375, 8, 9.5 ], "texture": "#sturgeon" },
				"up": { "uv": [ 0, 8.6875, 0.625, 8.625 ], "texture": "#sturgeon" },
				"north": { "uv": [ 1.875, 9.1875, 1.25, 9.4375 ], "texture": "#sturgeon" },
				"south": { "uv": [ 2.5, 9.1875, 3.125, 9.4375 ], "texture": "#sturgeon" },
				"west": { "uv": [ 7.875, 8.3125, 7.9375, 8.5625 ], "texture": "#sturgeon" },
				"east": { "uv": [ 8, 8.3125, 7.9375, 8.5625 ], "texture": "#sturgeon" }
			}
		},
		{
			"__comment": "Voxels",
			"from": [ 2.963, 5.9259, 17.7778 ],
			"to": [ 7.703741, 8.29627, 18.37039 ],
			"faces": {
				"down": { "uv": [ 3.125, 8.5625, 3.625, 8.625 ], "texture": "#sturgeon" },
				"up": { "uv": [ 6.125, 8.625, 6.625, 8.5625 ], "texture": "#sturgeon" },
				"north": { "uv": [ 5.3125, 8.9375, 4.8125, 9.1875 ], "texture": "#sturgeon" },
				"south": { "uv": [ 6.8125, 8.9375, 7.3125, 9.1875 ], "texture": "#sturgeon" },
				"west": { "uv": [ 7.9375, 10.75, 8, 11 ], "texture": "#sturgeon" },
				"east": { "uv": [ 8, 9.1875, 7.9375, 9.4375 ], "texture": "#sturgeon" }
			}
		},
		{
			"__comment": "Voxels",
			"from": [ 4.1481, 5.9259, -4.1481 ],
			"to": [ 13.62958, 8.29627, -3.555507 ],
			"faces": {
				"down": { "uv": [ 7, 10.125, 8, 10.1875 ], "texture": "#sturgeon" },
				"up": { "uv": [ 3.9375, 8.9375, 4.9375, 8.875 ], "texture": "#sturgeon" },
				"north": { "uv": [ 8, 13.75, 7, 14 ], "texture": "#sturgeon" },
				"south": { "uv": [ 7, 13.5, 8, 13.75 ], "texture": "#sturgeon" },
				"west": { "uv": [ 1.3125, 8.3125, 1.375, 8.5625 ], "texture": "#sturgeon" },
				"east": { "uv": [ 1.4375, 8.3125, 1.375, 8.5625 ], "texture": "#sturgeon" }
			}
		},
		{
			"__comment": "Voxels",
			"from": [ 4.1481, 5.9259, 18.3704 ],
			"to": [ 6.51847, 8.29627, 18.96299 ],
			"faces": {
				"down": { "uv": [ 7.75, 10.0625, 8, 10.125 ], "texture": "#sturgeon" },
				"up": { "uv": [ 7.75, 10.0625, 8, 10 ], "texture": "#sturgeon" },
				"north": { "uv": [ 5.9375, 8.6875, 5.6875, 8.9375 ], "texture": "#sturgeon" },
				"south": { "uv": [ 7.75, 13.25, 8, 13.5 ], "texture": "#sturgeon" },
				"west": { "uv": [ 1.4375, 8.3125, 1.5, 8.5625 ], "texture": "#sturgeon" },
				"east": { "uv": [ 1.5625, 8.3125, 1.5, 8.5625 ], "texture": "#sturgeon" }
			}
		},
		{
			"__comment": "Voxels",
			"from": [ 5.3333, 5.9259, -4.7407 ],
			"to": [ 8.296263, 8.29627, -4.148107 ],
			"faces": {
				"down": { "uv": [ 0.9375, 8.3125, 1.25, 8.375 ], "texture": "#sturgeon" },
				"up": { "uv": [ 0.9375, 8.4375, 1.25, 8.375 ], "texture": "#sturgeon" },
				"north": { "uv": [ 7.9375, 12.5, 7.625, 12.75 ], "texture": "#sturgeon" },
				"south": { "uv": [ 7.625, 12.75, 7.9375, 13 ], "texture": "#sturgeon" },
				"west": { "uv": [ 1.5625, 8.3125, 1.625, 8.5625 ], "texture": "#sturgeon" },
				"east": { "uv": [ 1.6875, 8.3125, 1.625, 8.5625 ], "texture": "#sturgeon" }
			}
		},
		{
			"__comment": "Voxels",
			"from": [ 5.9259, 5.9259, -5.3333 ],
			"to": [ 7.703678, 8.29627, -4.740707 ],
			"faces": {
				"down": { "uv": [ 0.125, 8.25, 0.3125, 8.3125 ], "texture": "#sturgeon" },
				"up": { "uv": [ 4.6875, 8.75, 4.875, 8.6875 ], "texture": "#sturgeon" },
				"north": { "uv": [ 6.875, 8.6875, 6.6875, 8.9375 ], "texture": "#sturgeon" },
				"south": { "uv": [ 7.8125, 8.9375, 8, 9.1875 ], "texture": "#sturgeon" },
				"west": { "uv": [ 2.4375, 8.3125, 2.5, 8.5625 ], "texture": "#sturgeon" },
				"east": { "uv": [ 1.75, 8.3125, 1.6875, 8.5625 ], "texture": "#sturgeon" }
			}
		},
		{
			"__comment": "Voxels",
			"from": [ 10.0741, 5.9259, -4.7407 ],
			"to": [ 13.03706, 8.29627, -4.148107 ],
			"faces": {
				"down": { "uv": [ 0.9375, 8.4375, 1.25, 8.5 ], "texture": "#sturgeon" },
				"up": { "uv": [ 0.9375, 8.5625, 1.25, 8.5 ], "texture": "#sturgeon" },
				"north": { "uv": [ 3, 8.6875, 2.6875, 8.9375 ], "texture": "#sturgeon" },
				"south": { "uv": [ 3, 8.6875, 3.3125, 8.9375 ], "texture": "#sturgeon" },
				"west": { "uv": [ 1.75, 8.3125, 1.8125, 8.5625 ], "texture": "#sturgeon" },
				"east": { "uv": [ 1.875, 8.3125, 1.8125, 8.5625 ], "texture": "#sturgeon" }
			}
		},
		{
			"__comment": "Voxels",
			"from": [ 14.8148, 5.9259, 14.8148 ],
			"to": [ 20.74073, 8.29627, 15.40739 ],
			"faces": {
				"down": { "uv": [ 1.25, 8.625, 1.875, 8.6875 ], "texture": "#sturgeon" },
				"up": { "uv": [ 5, 8.6875, 5.625, 8.625 ], "texture": "#sturgeon" },
				"north": { "uv": [ 6.25, 9.1875, 5.625, 9.4375 ], "texture": "#sturgeon" },
				"south": { "uv": [ 5, 9.1875, 5.625, 9.4375 ], "texture": "#sturgeon" },
				"west": { "uv": [ 2, 8.3125, 2.0625, 8.5625 ], "texture": "#sturgeon" },
				"east": { "uv": [ 2.125, 8.3125, 2.0625, 8.5625 ], "texture": "#sturgeon" }
			}
		},
		{
			"__comment": "Voxels",
			"from": [ 16, 5.9259, 15.4074 ],
			"to": [ 20.14815, 8.29627, 15.99999 ],
			"faces": {
				"down": { "uv": [ 7.5625, 9.875, 8, 9.9375 ], "texture": "#sturgeon" },
				"up": { "uv": [ 0.125, 8.5625, 0.5625, 8.5 ], "texture": "#sturgeon" },
				"north": { "uv": [ 1.8125, 8.6875, 1.375, 8.9375 ], "texture": "#sturgeon" },
				"south": { "uv": [ 2.25, 8.6875, 2.6875, 8.9375 ], "texture": "#sturgeon" },
				"west": { "uv": [ 2.125, 8.3125, 2.1875, 8.5625 ], "texture": "#sturgeon" },
				"east": { "uv": [ 2.25, 8.3125, 2.1875, 8.5625 ], "texture": "#sturgeon" }
			}
		},
		{
			"__comment": "Voxels",
			"from": [ 16.5926, 5.9259, -2.963 ],
			"to": [ 17.18519, 8.29627, -2.370407 ],
			"faces": {
				"down": { "uv": [ 6.8125, 10.5, 6.875, 10.5625 ], "texture": "#sturgeon" },
				"up": { "uv": [ 6.8125, 10.625, 6.875, 10.5625 ], "texture": "#sturgeon" },
				"north": { "uv": [ 2.3125, 8.3125, 2.25, 8.5625 ], "texture": "#sturgeon" },
				"south": { "uv": [ 2.3125, 8.3125, 2.375, 8.5625 ], "texture": "#sturgeon" },
				"west": { "uv": [ 2.375, 8.3125, 2.4375, 8.5625 ], "texture": "#sturgeon" },
				"east": { "uv": [ 3.6875, 8.3125, 3.625, 8.5625 ], "texture": "#sturgeon" }
			}
		},
		{
			"__comment": "Voxels",
			"from": [ 17.1852, 5.9259, -1.1852 ],
			"to": [ 22.51853, 8.29627, -0.5926074 ],
			"faces": {
				"down": { "uv": [ 6.75, 8.625, 7.3125, 8.6875 ], "texture": "#sturgeon" },
				"up": { "uv": [ 7.4375, 10.375, 8, 10.3125 ], "texture": "#sturgeon" },
				"north": { "uv": [ 2.8125, 8.9375, 2.25, 9.1875 ], "texture": "#sturgeon" },
				"south": { "uv": [ 1.6875, 8.9375, 2.25, 9.1875 ], "texture": "#sturgeon" },
				"west": { "uv": [ 2.5, 8.3125, 2.5625, 8.5625 ], "texture": "#sturgeon" },
				"east": { "uv": [ 2.625, 8.3125, 2.5625, 8.5625 ], "texture": "#sturgeon" }
			}
		},
		{
			"__comment": "Voxels",
			"from": [ 20.7407, 5.9259, 13.037 ],
			"to": [ 26.07403, 8.29627, 13.62959 ],
			"faces": {
				"down": { "uv": [ 5.625, 8.625, 6.1875, 8.6875 ], "texture": "#sturgeon" },
				"up": { "uv": [ 7.4375, 10.3125, 8, 10.25 ], "texture": "#sturgeon" },
				"north": { "uv": [ 6.8125, 9.1875, 6.25, 9.4375 ], "texture": "#sturgeon" },
				"south": { "uv": [ 6.8125, 9.1875, 7.375, 9.4375 ], "texture": "#sturgeon" },
				"west": { "uv": [ 2.75, 8.3125, 2.8125, 8.5625 ], "texture": "#sturgeon" },
				"east": { "uv": [ 5.6875, 8.3125, 5.625, 8.5625 ], "texture": "#sturgeon" }
			}
		},
		{
			"__comment": "Voxels",
			"from": [ 21.3333, 5.9259, 13.6296 ],
			"to": [ 26.66663, 8.29627, 14.22219 ],
			"faces": {
				"down": { "uv": [ 7.3125, 8.625, 7.875, 8.6875 ], "texture": "#sturgeon" },
				"up": { "uv": [ 6.1875, 8.6875, 6.75, 8.625 ], "texture": "#sturgeon" },
				"north": { "uv": [ 7.9375, 9.1875, 7.375, 9.4375 ], "texture": "#sturgeon" },
				"south": { "uv": [ 0, 8.9375, 0.5625, 9.1875 ], "texture": "#sturgeon" },
				"west": { "uv": [ 3.125, 8.3125, 3.1875, 8.5625 ], "texture": "#sturgeon" },
				"east": { "uv": [ 3.25, 8.3125, 3.1875, 8.5625 ], "texture": "#sturgeon" }
			}
		},
		{
			"__comment": "Voxels",
			"from": [ 21.9259, 5.9259, 3.5556 ],
			"to": [ 28.44442, 8.29627, 4.148192 ],
			"faces": {
				"down": { "uv": [ 6.875, 8.875, 7.5625, 8.9375 ], "texture": "#sturgeon" },
				"up": { "uv": [ 6.875, 8.875, 7.5625, 8.8125 ], "texture": "#sturgeon" },
				"north": { "uv": [ 7.625, 12.5, 6.9375, 12.75 ], "texture": "#sturgeon" },
				"south": { "uv": [ 6.875, 10.5, 7.5625, 10.75 ], "texture": "#sturgeon" },
				"west": { "uv": [ 3.5, 8.3125, 3.5625, 8.5625 ], "texture": "#sturgeon" },
				"east": { "uv": [ 3.625, 8.3125, 3.5625, 8.5625 ], "texture": "#sturgeon" }
			}
		},
		{
			"__comment": "Voxels",
			"from": [ 21.9259, 5.9259, 14.2222 ],
			"to": [ 26.66664, 8.29627, 14.81479 ],
			"faces": {
				"down": { "uv": [ 1.125, 8.5625, 1.625, 8.625 ], "texture": "#sturgeon" },
				"up": { "uv": [ 6.625, 8.625, 7.125, 8.5625 ], "texture": "#sturgeon" },
				"north": { "uv": [ 3.3125, 8.9375, 2.8125, 9.1875 ], "texture": "#sturgeon" },
				"south": { "uv": [ 7.5, 9.625, 8, 9.875 ], "texture": "#sturgeon" },
				"west": { "uv": [ 3.875, 8.3125, 3.9375, 8.5625 ], "texture": "#sturgeon" },
				"east": { "uv": [ 4, 8.3125, 3.9375, 8.5625 ], "texture": "#sturgeon" }
			}
		},
		{
			"__comment": "Voxels",
			"from": [ 22.5185, 5.9259, 2.963 ],
			"to": [ 29.03702, 8.29627, 3.555593 ],
			"faces": {
				"down": { "uv": [ 6.875, 8.6875, 7.5625, 8.75 ], "texture": "#sturgeon" },
				"up": { "uv": [ 6.875, 8.8125, 7.5625, 8.75 ], "texture": "#sturgeon" },
				"north": { "uv": [ 0.6875, 9.625, 0, 9.875 ], "texture": "#sturgeon" },
				"south": { "uv": [ 6.9375, 12.75, 7.625, 13 ], "texture": "#sturgeon" },
				"west": { "uv": [ 4.25, 8.3125, 4.3125, 8.5625 ], "texture": "#sturgeon" },
				"east": { "uv": [ 4.375, 8.3125, 4.3125, 8.5625 ], "texture": "#sturgeon" }
			}
		},
		{
			"__comment": "Voxels",
			"from": [ 22.5185, 5.9259, 14.8148 ],
			"to": [ 26.66665, 8.29627, 15.40739 ],
			"faces": {
				"down": { "uv": [ 7.125, 8.5625, 7.5625, 8.625 ], "texture": "#sturgeon" },
				"up": { "uv": [ 7.5625, 8.625, 8, 8.5625 ], "texture": "#sturgeon" },
				"north": { "uv": [ 8, 10.5, 7.5625, 10.75 ], "texture": "#sturgeon" },
				"south": { "uv": [ 1.8125, 8.6875, 2.25, 8.9375 ], "texture": "#sturgeon" },
				"west": { "uv": [ 4.625, 8.3125, 4.6875, 8.5625 ], "texture": "#sturgeon" },
				"east": { "uv": [ 4.75, 8.3125, 4.6875, 8.5625 ], "texture": "#sturgeon" }
			}
		},
		{
			"__comment": "Voxels",
			"from": [ 23.1111, 5.9259, 2.3704 ],
			"to": [ 29.03703, 8.29627, 2.962993 ],
			"faces": {
				"down": { "uv": [ 1.875, 8.625, 2.5, 8.6875 ], "texture": "#sturgeon" },
				"up": { "uv": [ 2.5, 8.6875, 3.125, 8.625 ], "texture": "#sturgeon" },
				"north": { "uv": [ 3.75, 9.1875, 3.125, 9.4375 ], "texture": "#sturgeon" },
				"south": { "uv": [ 3.75, 9.1875, 4.375, 9.4375 ], "texture": "#sturgeon" },
				"west": { "uv": [ 5, 8.3125, 5.0625, 8.5625 ], "texture": "#sturgeon" },
				"east": { "uv": [ 5.125, 8.3125, 5.0625, 8.5625 ], "texture": "#sturgeon" }
			}
		},
		{
			"__comment": "Voxels",
			"from": [ 23.7037, 5.9259, 1.7778 ],
			"to": [ 29.62963, 8.29627, 2.370393 ],
			"faces": {
				"down": { "uv": [ 3.125, 8.625, 3.75, 8.6875 ], "texture": "#sturgeon" },
				"up": { "uv": [ 0.625, 8.6875, 1.25, 8.625 ], "texture": "#sturgeon" },
				"north": { "uv": [ 1.25, 9.1875, 0.625, 9.4375 ], "texture": "#sturgeon" },
				"south": { "uv": [ 1.875, 9.1875, 2.5, 9.4375 ], "texture": "#sturgeon" },
				"west": { "uv": [ 5.375, 8.3125, 5.4375, 8.5625 ], "texture": "#sturgeon" },
				"east": { "uv": [ 5.5, 8.3125, 5.4375, 8.5625 ], "texture": "#sturgeon" }
			}
		},
		{
			"__comment": "Voxels",
			"from": [ 23.7037, 5.9259, 15.4074 ],
			"to": [ 26.66666, 8.29627, 15.99999 ],
			"faces": {
				"down": { "uv": [ 7.6875, 9.9375, 8, 10 ], "texture": "#sturgeon" },
				"up": { "uv": [ 0.5625, 8.5, 0.875, 8.4375 ], "texture": "#sturgeon" },
				"north": { "uv": [ 3.625, 8.6875, 3.3125, 8.9375 ], "texture": "#sturgeon" },
				"south": { "uv": [ 3.625, 8.6875, 3.9375, 8.9375 ], "texture": "#sturgeon" },
				"west": { "uv": [ 5.75, 8.3125, 5.8125, 8.5625 ], "texture": "#sturgeon" },
				"east": { "uv": [ 5.875, 8.3125, 5.8125, 8.5625 ], "texture": "#sturgeon" }
			}
		},
		{
			"__comment": "Voxels",
			"from": [ 24.2963, 5.9259, 1.1852 ],
			"to": [ 30.22223, 8.29627, 1.777793 ],
			"faces": {
				"down": { "uv": [ 3.75, 8.625, 4.375, 8.6875 ], "texture": "#sturgeon" },
				"up": { "uv": [ 4.375, 8.6875, 5, 8.625 ], "texture": "#sturgeon" },
				"north": { "uv": [ 5, 9.1875, 4.375, 9.4375 ], "texture": "#sturgeon" },
				"south": { "uv": [ 0, 9.1875, 0.625, 9.4375 ], "texture": "#sturgeon" },
				"west": { "uv": [ 6.125, 8.3125, 6.1875, 8.5625 ], "texture": "#sturgeon" },
				"east": { "uv": [ 6.25, 8.3125, 6.1875, 8.5625 ], "texture": "#sturgeon" }
			}
		},
		{
			"__comment": "Voxels",
			"from": [ 24.8889, 5.9259, 16 ],
			"to": [ 26.07408, 8.29627, 16.59259 ],
			"faces": {
				"down": { "uv": [ 7.875, 10.1875, 8, 10.25 ], "texture": "#sturgeon" },
				"up": { "uv": [ 7.875, 9.5625, 8, 9.5 ], "texture": "#sturgeon" },
				"north": { "uv": [ 7.8125, 8.6875, 7.6875, 8.9375 ], "texture": "#sturgeon" },
				"south": { "uv": [ 7.8125, 8.6875, 7.9375, 8.9375 ], "texture": "#sturgeon" },
				"west": { "uv": [ 6.375, 8.3125, 6.4375, 8.5625 ], "texture": "#sturgeon" },
				"east": { "uv": [ 6.5, 8.3125, 6.4375, 8.5625 ], "texture": "#sturgeon" }
			}
		},
		{
			"__comment": "Voxels",
			"from": [ 25.4815, 5.9259, 0.5926 ],
			"to": [ 30.81483, 8.29627, 1.185193 ],
			"faces": {
				"down": { "uv": [ 0.5625, 8.5625, 1.125, 8.625 ], "texture": "#sturgeon" },
				"up": { "uv": [ 0, 8.625, 0.5625, 8.5625 ], "texture": "#sturgeon" },
				"north": { "uv": [ 1.6875, 8.9375, 1.125, 9.1875 ], "texture": "#sturgeon" },
				"south": { "uv": [ 0.5625, 8.9375, 1.125, 9.1875 ], "texture": "#sturgeon" },
				"west": { "uv": [ 6.75, 8.3125, 6.8125, 8.5625 ], "texture": "#sturgeon" },
				"east": { "uv": [ 6.875, 8.3125, 6.8125, 8.5625 ], "texture": "#sturgeon" }
			}
		},
		{
			"__comment": "Voxels",
			"from": [ 25.4815, 5.9259, 11.2593 ],
			"to": [ 26.07409, 8.29627, 11.85189 ],
			"faces": {
				"down": { "uv": [ 3.375, 9.6875, 3.4375, 9.75 ], "texture": "#sturgeon" },
				"up": { "uv": [ 3.375, 9.6875, 3.4375, 9.625 ], "texture": "#sturgeon" },
				"north": { "uv": [ 6.9375, 8.3125, 6.875, 8.5625 ], "texture": "#sturgeon" },
				"south": { "uv": [ 6.9375, 8.3125, 7, 8.5625 ], "texture": "#sturgeon" },
				"west": { "uv": [ 7, 8.3125, 7.0625, 8.5625 ], "texture": "#sturgeon" },
				"east": { "uv": [ 7.125, 8.3125, 7.0625, 8.5625 ], "texture": "#sturgeon" }
			}
		},
		{
			"__comment": "Voxels",
			"from": [ 26.0741, 5.9259, 0 ],
			"to": [ 30.81484, 8.29627, 0.5925926 ],
			"faces": {
				"down": { "uv": [ 4.125, 8.5625, 4.625, 8.625 ], "texture": "#sturgeon" },
				"up": { "uv": [ 4.625, 8.625, 5.125, 8.5625 ], "texture": "#sturgeon" },
				"north": { "uv": [ 3.8125, 8.9375, 3.3125, 9.1875 ], "texture": "#sturgeon" },
				"south": { "uv": [ 0, 8.6875, 0.5, 8.9375 ], "texture": "#sturgeon" },
				"west": { "uv": [ 7.375, 8.3125, 7.4375, 8.5625 ], "texture": "#sturgeon" },
				"east": { "uv": [ 7.5, 8.3125, 7.4375, 8.5625 ], "texture": "#sturgeon" }
			}
		},
		{
			"__comment": "Voxels",
			"from": [ 27.2593, 5.9259, -0.5926 ],
			"to": [ 30.81486, 8.29627, -0.000007391 ],
			"faces": {
				"down": { "uv": [ 0.125, 8.3125, 0.5, 8.375 ], "texture": "#sturgeon" },
				"up": { "uv": [ 0.5625, 8.5625, 0.9375, 8.5 ], "texture": "#sturgeon" },
				"north": { "uv": [ 8, 14, 7.625, 14.25 ], "texture": "#sturgeon" },
				"south": { "uv": [ 7.625, 14.25, 8, 14.5 ], "texture": "#sturgeon" },
				"west": { "uv": [ 7.75, 8.3125, 7.8125, 8.5625 ], "texture": "#sturgeon" },
				"east": { "uv": [ 7.875, 8.3125, 7.8125, 8.5625 ], "texture": "#sturgeon" }
			}
		},
		{
			"__comment": "Voxels",
			"from": [ 28.4444, 5.9259, -1.1852 ],
			"to": [ 30.22218, 8.29627, -0.5926074 ],
			"faces": {
				"down": { "uv": [ 4.6875, 8.8125, 4.875, 8.875 ], "texture": "#sturgeon" },
				"up": { "uv": [ 4.6875, 8.8125, 4.875, 8.75 ], "texture": "#sturgeon" },
				"north": { "uv": [ 6.125, 8.6875, 5.9375, 8.9375 ], "texture": "#sturgeon" },
				"south": { "uv": [ 6.5, 8.6875, 6.6875, 8.9375 ], "texture": "#sturgeon" },
				"west": { "uv": [ 0, 8.0625, 0.0625, 8.3125 ], "texture": "#sturgeon" },
				"east": { "uv": [ 0.125, 8.0625, 0.0625, 8.3125 ], "texture": "#sturgeon" }
			}
		}
	],
	"display": {
		"thirdperson_righthand": {
			"rotation":  [ -3, 169, -1 ],
			"translation":  [ 0.6968, 2.0869, 2.0869 ],
			"scale":  [ 0.5, 0.5, 0.5 ]
		},
		"thirdperson_lefthand": {
			"rotation":  [ -3, -166, 0 ],
			"translation":  [ 0.6968, 2.0869, 2.0869 ],
			"scale":  [ 0.5, 0.5, 0.5 ]
		},
		"firstperson_righthand": {
			"rotation":  [ 90, -13, 16 ],
			"translation":  [ 2.0869, 0, -7.652 ],
			"scale":  [ 0.5, 0.5, 0.5 ]
		},
		"firstperson_lefthand": {
			"rotation":  [ 90, -13, 180 ],
			"translation":  [ 2.0869, 0, -7.652 ],
			"scale":  [ 0.5, 0.5, 0.5 ]
		},
		"gui": {
			"rotation":  [ 90, -28, 0 ],
			"translation":  [ -0.695, 0, 0 ],
			"scale":  [ 0.35, 1, 0.35 ]
		},
		"head": {
			"rotation":  [ 91, -9, 0 ],
			"translation":  [ 0, 12.521, 3.4782 ],
			"scale":  [ 0.5, 0.5, 0.5 ]
		},
		"ground": {
			"rotation":  [ 61, 0, 0 ],
			"translation":  [ -2.782, 4.1739, 0 ],
			"scale":  [ 0.7, 0.7, 0.7 ]
		},
		"fixed": {
			"rotation":  [ 91, 0, 180 ],
			"translation":  [ 0, -1.391, -2.086 ],
			"scale":  [ 1.5, 1, 1.5 ]
		}
	}
}