{
	"credit": "Made with Blockbench",
	"parent": "block/block",
	"texture_size": [32, 32],
	"textures": {
		"2": "item/decor/terminal",
		"particle": "item/decor/terminal"
	},
	"elements": [
		{
			"from": [0, 0, 0],
			"to": [16, 4, 16],
			"faces": {
				"north": {"uv": [0, 14, 8, 16], "texture": "#2", "cullface": "north"},
				"east": {"uv": [6.5, 1, 14.5, 3], "texture": "#2", "cullface": "east"},
				"south": {"uv": [0, 0, 8, 2], "texture": "#2", "cullface": "south"},
				"west": {"uv": [14.5, 0, 6.5, 2], "texture": "#2", "cullface": "west"},
				"up": {"uv": [0, 6, 8, 14], "texture": "#2"},
				"down": {"uv": [4.5, 6, 8, 10], "texture": "#2", "cullface": "down"}
			}
		},
		{
			"from": [3, 4, 3],
			"to": [13, 5, 12],
			"faces": {
				"north": {"uv": [1, 6, 6, 6.5], "texture": "#2"},
				"east": {"uv": [0, 0, 4.5, 0.5], "texture": "#2"},
				"south": {"uv": [0, 0, 5, 0.5], "texture": "#2"},
				"west": {"uv": [0, 0, 4.5, 0.5], "texture": "#2"},
				"up": {"uv": [0, 0, 0, 0], "texture": "#2"},
				"down": {"uv": [0, 0, 0, 0], "texture": "#2"}
			}
		},
		{
			"from": [1, 5, 2],
			"to": [15, 16, 8],
			"faces": {
				"north": {"uv": [9, 6, 16, 11.5], "texture": "#2"},
				"east": {"uv": [7, 0, 10, 5.5], "texture": "#2"},
				"south": {"uv": [8.5, 0, 15.5, 5.5], "texture": "#2"},
				"west": {"uv": [7.5, 0, 10.5, 5.5], "texture": "#2"},
				"up": {"uv": [6.5, 0, 13.5, 3], "texture": "#2", "cullface": "up"},
				"down": {"uv": [0, 0, 7, 3], "texture": "#2"}
			}
		},
		{
			"from": [13.5, 5, 1],
			"to": [15, 16, 2],
			"faces": {
				"north": {"uv": [0, 0, 0.75, 5.5], "texture": "#2"},
				"east": {"uv": [6.5, 0, 7, 5.5], "texture": "#2"},
				"south": {"uv": [0, 0, 0, 0], "texture": "#2"},
				"west": {"uv": [6, 0, 6.5, 5.5], "texture": "#2"},
				"up": {"uv": [0, 0, 7, 0.5], "texture": "#2", "cullface": "up"},
				"down": {"uv": [0, 0, 7, 0.5], "texture": "#2"}
			}
		},
		{
			"from": [1, 5, 1],
			"to": [2.5, 16, 2],
			"faces": {
				"north": {"uv": [6.25, 0, 7, 5.5], "texture": "#2"},
				"east": {"uv": [6, 0, 6.5, 5.5], "texture": "#2"},
				"south": {"uv": [0, 0, 0, 0], "texture": "#2"},
				"west": {"uv": [7, 0, 7.5, 5.5], "texture": "#2"},
				"up": {"uv": [0, 0, 7, 0.5], "texture": "#2", "cullface": "up"},
				"down": {"uv": [0, 0, 7, 0.5], "texture": "#2"}
			}
		},
		{
			"from": [2.5, 14.5, 1],
			"to": [13.5, 16, 2],
			"faces": {
				"north": {"uv": [1, 0, 6.5, 0.75], "texture": "#2"},
				"east": {"uv": [0, 0, 0, 0], "texture": "#2"},
				"south": {"uv": [0, 0, 0, 0], "texture": "#2"},
				"west": {"uv": [0, 0, 0, 0], "texture": "#2"},
				"up": {"uv": [0, 0, 5, 0.5], "texture": "#2", "cullface": "up"},
				"down": {"uv": [1, 0.5, 6, 1], "texture": "#2"}
			}
		},
		{
			"from": [2.5, 5, 1],
			"to": [13.5, 6.5, 2],
			"faces": {
				"north": {"uv": [1, 4.75, 6, 5.5], "texture": "#2"},
				"east": {"uv": [0, 0, 0, 0], "texture": "#2"},
				"south": {"uv": [0, 0, 0, 0], "texture": "#2"},
				"west": {"uv": [0, 0, 0, 0], "texture": "#2"},
				"up": {"uv": [1, 0.5, 6, 1], "texture": "#2"},
				"down": {"uv": [0, 0, 5, 0.5], "texture": "#2"}
			}
		},
		{
			"from": [2, 5, 8],
			"to": [14, 13, 15],
			"faces": {
				"north": {"uv": [0, 0, 0, 0], "texture": "#2"},
				"east": {"uv": [10, 1, 13.5, 5], "texture": "#2"},
				"south": {"uv": [0.5, 6, 4.5, 12], "rotation": 90, "texture": "#2"},
				"west": {"uv": [10, 1, 13.5, 5], "texture": "#2"},
				"up": {"uv": [9, 0, 15, 3.5], "texture": "#2"},
				"down": {"uv": [9, 2, 15, 5.5], "texture": "#2"}
			}
		}
	],
	"display": {
		"thirdperson_righthand": {
			"scale": [0.7, 0.7, 0.7]
		},
		"thirdperson_lefthand": {
			"scale": [0.7, 0.7, 0.7]
		},
		"firstperson_righthand": {
			"translation": [2.25, 0, 0.5],
			"scale": [0.4, 0.4, 0.4]
		},
		"firstperson_lefthand": {
			"translation": [2.25, 0, 0.5],
			"scale": [0.4, 0.4, 0.4]
		},
		"ground": {
			"translation": [0, 1.25, 0],
			"scale": [0.7, 0.7, 0.7]
		},
		"gui": {
			"rotation": [0, -180, 0],
			"scale": [0.7, 0.7, 0.7]
		},
		"head": {
			"translation": [0, 12.5, 0.25],
			"scale": [0.7, 0.7, 0.7]
		},
		"fixed": {
			"rotation": [-90, 0, 0],
			"translation": [0, 0, -15.25],
			"scale": [2, 2, 2]
		}
	}
}