{
	"credit": "Made with Blockbench",
	"texture_size": [32, 32],
	"textures": {
		"0": "item/decor/kitchen_knifes",
		"particle": "item/decor/kitchen_knifes"
	},
	"elements": [
		{
			"from": [2, 4, 15],
			"to": [14, 8, 16],
			"faces": {
				"north": {"uv": [0.5, 0.5, 6.5, 2.5], "texture": "#0"},
				"east": {"uv": [0, 0.5, 0.5, 2.5], "texture": "#0"},
				"south": {"uv": [7, 0.5, 13, 2.5], "texture": "#0"},
				"west": {"uv": [6.5, 0.5, 7, 2.5], "texture": "#0"},
				"up": {"uv": [6.5, 0.5, 0.5, 0], "texture": "#0"},
				"down": {"uv": [12.5, 0, 6.5, 0.5], "texture": "#0"}
			}
		},
		{
			"from": [10.5, 3, 14],
			"to": [11.5, 7, 15],
			"faces": {
				"north": {"uv": [3, 3.5, 3.5, 5.5], "texture": "#0"},
				"east": {"uv": [2.5, 3.5, 3, 5.5], "texture": "#0"},
				"south": {"uv": [4, 3.5, 4.5, 5.5], "texture": "#0"},
				"west": {"uv": [3.5, 3.5, 4, 5.5], "texture": "#0"},
				"up": {"uv": [3.5, 3.5, 3, 3], "texture": "#0"},
				"down": {"uv": [4, 3, 3.5, 3.5], "texture": "#0"}
			}
		},
		{
			"from": [10.5, 7, 14.5],
			"to": [12.5, 15, 14.5],
			"faces": {
				"north": {"uv": [0, 3, 1, 7], "texture": "#0"},
				"east": {"uv": [0, 3, 0, 7], "texture": "#0"},
				"south": {"uv": [1, 3, 2, 7], "texture": "#0"},
				"west": {"uv": [1, 3, 1, 7], "texture": "#0"},
				"up": {"uv": [1, 3, 0, 3], "texture": "#0"},
				"down": {"uv": [2, 3, 1, 3], "texture": "#0"}
			}
		},
		{
			"from": [7.5, 3, 14],
			"to": [8.5, 7, 15],
			"faces": {
				"north": {"uv": [3, 3.5, 3.5, 5.5], "texture": "#0"},
				"east": {"uv": [2.5, 3.5, 3, 5.5], "texture": "#0"},
				"south": {"uv": [4, 3.5, 4.5, 5.5], "texture": "#0"},
				"west": {"uv": [3.5, 3.5, 4, 5.5], "texture": "#0"},
				"up": {"uv": [3.5, 3.5, 3, 3], "texture": "#0"},
				"down": {"uv": [4, 3, 3.5, 3.5], "texture": "#0"}
			}
		},
		{
			"from": [7.5, 7, 14.5],
			"to": [9.5, 15, 14.5],
			"faces": {
				"north": {"uv": [0, 3, 1, 7], "texture": "#0"},
				"east": {"uv": [0, 3, 0, 7], "texture": "#0"},
				"south": {"uv": [1, 3, 2, 7], "texture": "#0"},
				"west": {"uv": [1, 3, 1, 7], "texture": "#0"},
				"up": {"uv": [1, 3, 0, 3], "texture": "#0"},
				"down": {"uv": [2, 3, 1, 3], "texture": "#0"}
			}
		},
		{
			"from": [4.5, 3, 14],
			"to": [5.5, 7, 15],
			"faces": {
				"north": {"uv": [3, 3.5, 3.5, 5.5], "texture": "#0"},
				"east": {"uv": [2.5, 3.5, 3, 5.5], "texture": "#0"},
				"south": {"uv": [4, 3.5, 4.5, 5.5], "texture": "#0"},
				"west": {"uv": [3.5, 3.5, 4, 5.5], "texture": "#0"},
				"up": {"uv": [3.5, 3.5, 3, 3], "texture": "#0"},
				"down": {"uv": [4, 3, 3.5, 3.5], "texture": "#0"}
			}
		},
		{
			"from": [4.5, 7, 14.5],
			"to": [6.5, 15, 14.5],
			"faces": {
				"north": {"uv": [0, 3, 1, 7], "texture": "#0"},
				"east": {"uv": [0, 3, 0, 7], "texture": "#0"},
				"south": {"uv": [1, 3, 2, 7], "texture": "#0"},
				"west": {"uv": [1, 3, 1, 7], "texture": "#0"},
				"up": {"uv": [1, 3, 0, 3], "texture": "#0"},
				"down": {"uv": [2, 3, 1, 3], "texture": "#0"}
			}
		}
	],
	"display": {
		"thirdperson_righthand": {
			"rotation": [60, -160, 0],
			"translation": [-1.75, 6.25, -1.5],
			"scale": [-0.8, 0.8, -0.8]
		},
		"thirdperson_lefthand": {
			"rotation": [60, -160, 0],
			"translation": [-1.75, 6.25, -1.5],
			"scale": [-0.8, 0.8, -0.8]
		},
		"firstperson_righthand": {
			"rotation": [0, -73, 6],
			"translation": [-2.25, 0.5, 0],
			"scale": [-0.8, 0.8, -0.8]
		},
		"firstperson_lefthand": {
			"rotation": [0, -73, 6],
			"translation": [-2.25, 0.5, 0],
			"scale": [-0.8, 0.8, -0.8]
		},
		"ground": {
			"translation": [0, 1.5, -3.25],
			"scale": [0.5, 0.5, 0.5]
		},
		"gui": {
			"rotation": [30, -40, 0],
			"translation": [-4.25, -3, 0],
			"scale": [-1, 1, -1]
		},
		"head": {
			"rotation": [0, -180, 0],
			"translation": [0, -30.4, 0],
			"scale": [1.6, 1.6, 1.6]
		},
		"fixed": {
			"rotation": [-180, -180, -180],
			"translation": [0, 0, -15],
			"scale": [2, 2, 2]
		}
	}
}