{
	"credit": "Made with Blockbench",
	"texture_size": [64, 64],
	"textures": {
		"0": "item/decor/kitchen_pan",
		"particle": "item/decor/kitchen_pan"
	},
	"elements": [
		{
			"from": [4.5, 0, 4.5],
			"to": [11.5, 1, 11.5],
			"faces": {
				"north": {"uv": [1.75, 1.75, 3.5, 2], "texture": "#0"},
				"east": {"uv": [0, 1.75, 1.75, 2], "texture": "#0"},
				"south": {"uv": [5.25, 1.75, 7, 2], "texture": "#0"},
				"west": {"uv": [3.5, 1.75, 5.25, 2], "texture": "#0"},
				"up": {"uv": [3.5, 1.75, 1.75, 0], "texture": "#0"},
				"down": {"uv": [5.25, 0, 3.5, 1.75], "texture": "#0"}
			}
		},
		{
			"from": [11.5, 1, 3.5],
			"to": [12.5, 3, 11.5],
			"faces": {
				"north": {"uv": [2, 7, 2.25, 7.5], "texture": "#0"},
				"east": {"uv": [0, 7, 2, 7.5], "texture": "#0"},
				"south": {"uv": [4.25, 7, 4.5, 7.5], "texture": "#0"},
				"west": {"uv": [2.25, 7, 4.25, 7.5], "texture": "#0"},
				"up": {"uv": [2.25, 7, 2, 5], "texture": "#0"},
				"down": {"uv": [2.5, 5, 2.25, 7], "texture": "#0"}
			}
		},
		{
			"from": [3.5, 1, 3.5],
			"to": [4.5, 3, 11.5],
			"faces": {
				"north": {"uv": [5.25, 5, 5.5, 5.5], "texture": "#0"},
				"east": {"uv": [3.25, 5, 5.25, 5.5], "texture": "#0"},
				"south": {"uv": [7.5, 5, 7.75, 5.5], "texture": "#0"},
				"west": {"uv": [5.5, 5, 7.5, 5.5], "texture": "#0"},
				"up": {"uv": [5.5, 5, 5.25, 3], "texture": "#0"},
				"down": {"uv": [5.75, 3, 5.5, 5], "texture": "#0"}
			}
		},
		{
			"from": [4.5, 1, 3.5],
			"to": [11.5, 3, 4.5],
			"faces": {
				"north": {"uv": [3, 6, 4.75, 6.5], "texture": "#0"},
				"east": {"uv": [2.75, 6, 3, 6.5], "texture": "#0"},
				"south": {"uv": [5, 6, 6.75, 6.5], "texture": "#0"},
				"west": {"uv": [4.75, 6, 5, 6.5], "texture": "#0"},
				"up": {"uv": [4.75, 6, 3, 5.75], "texture": "#0"},
				"down": {"uv": [6.5, 5.75, 4.75, 6], "texture": "#0"}
			}
		},
		{
			"from": [3.5, 1, 11.5],
			"to": [12.5, 3, 12.5],
			"faces": {
				"north": {"uv": [5.75, 0.25, 8, 0.75], "texture": "#0"},
				"east": {"uv": [5.5, 0.25, 5.75, 0.75], "texture": "#0"},
				"south": {"uv": [8.25, 0.25, 10.5, 0.75], "texture": "#0"},
				"west": {"uv": [8, 0.25, 8.25, 0.75], "texture": "#0"},
				"up": {"uv": [8, 0.25, 5.75, 0], "texture": "#0"},
				"down": {"uv": [10.25, 0, 8, 0.25], "texture": "#0"}
			}
		},
		{
			"from": [7.5, 1, 2.5],
			"to": [8.5, 2, 3.5],
			"faces": {
				"north": {"uv": [0.25, 0.25, 0.5, 0.5], "texture": "#0"},
				"east": {"uv": [0, 0.25, 0.25, 0.5], "texture": "#0"},
				"south": {"uv": [0.75, 0.25, 1, 0.5], "texture": "#0"},
				"west": {"uv": [0.5, 0.25, 0.75, 0.5], "texture": "#0"},
				"up": {"uv": [0.5, 0.25, 0.25, 0], "texture": "#0"},
				"down": {"uv": [0.75, 0, 0.5, 0.25], "texture": "#0"}
			}
		},
		{
			"from": [7, 0.5, -5.5],
			"to": [9, 2.5, 2.5],
			"faces": {
				"north": {"uv": [2, 4.25, 2.5, 4.75], "texture": "#0"},
				"east": {"uv": [0, 4.25, 2, 4.75], "texture": "#0"},
				"south": {"uv": [4.5, 4.25, 5, 4.75], "texture": "#0"},
				"west": {"uv": [2.5, 4.25, 4.5, 4.75], "texture": "#0"},
				"up": {"uv": [2.5, 4.25, 2, 2.25], "texture": "#0"},
				"down": {"uv": [3, 2.25, 2.5, 4.25], "texture": "#0"}
			}
		}
	],
	"display": {
		"thirdperson_righthand": {
			"rotation": [60, 17, 0],
			"translation": [-3, 9.25, 2],
			"scale": [-1, 1, -1]
		},
		"thirdperson_lefthand": {
			"rotation": [60, 17, 0],
			"translation": [-3, 9.25, 2],
			"scale": [-1, 1, -1]
		},
		"firstperson_righthand": {
			"rotation": [0, 12, 6],
			"translation": [0, 6.25, -4.25],
			"scale": [-1, 1, -1]
		},
		"firstperson_lefthand": {
			"rotation": [0, 12, 6],
			"translation": [0, 6.25, -4.25],
			"scale": [-1, 1, -1]
		},
		"ground": {
			"translation": [0, 3.75, 0],
			"scale": [0.8, 0.8, 0.8]
		},
		"gui": {
			"rotation": [30, 140, 0],
			"translation": [-1.5, 3.5, 0],
			"scale": [-1, 1, -1]
		},
		"head": {
			"rotation": [0, -180, 0],
			"translation": [0, -30.4, 0],
			"scale": [1.6, 1.6, 1.6]
		},
		"fixed": {
			"rotation": [90, -180, -180],
			"translation": [0, 0, -15],
			"scale": [2, 2, 2]
		}
	}
}