{
	"credit": "Made by LZLeon with Blockbench, Contact - Discord: LZBlocks#0261 - E-Mail: lzblocks@outlook.com",
	"texture_size": [64, 64],
	"textures": {
		"1": "item/decor/medievalroyal_mirror"
	},
	"elements": [
		{
			"from": [0, 25, 14.1],
			"to": [16, 32, 14.1],
			"rotation": {"angle": 0, "axis": "x", "origin": [0, 0, 7]},
			"faces": {
				"north": {"uv": [6.5, 0, 10.5, 1.75], "texture": "#1"},
				"east": {"uv": [6.5, 0, 6.5, 1.75], "texture": "#1"},
				"south": {"uv": [10.5, 0, 14.5, 1.75], "texture": "#1"},
				"west": {"uv": [10.5, 0, 10.5, 1.75], "texture": "#1"},
				"up": {"uv": [10.5, 0, 6.5, 0], "texture": "#1"},
				"down": {"uv": [14.5, 0, 10.5, 0], "texture": "#1"}
			}
		},
		{
			"from": [2, 2, 13],
			"to": [14, 28, 14],
			"rotation": {"angle": 0, "axis": "x", "origin": [0, 0, 7]},
			"faces": {
				"north": {"uv": [0.25, 0.25, 3.25, 6.75], "texture": "#1"},
				"east": {"uv": [0, 0.25, 0.25, 6.75], "texture": "#1"},
				"south": {"uv": [3.5, 0.25, 6.5, 6.75], "texture": "#1"},
				"west": {"uv": [3.25, 0.25, 3.5, 6.75], "texture": "#1"},
				"up": {"uv": [3.25, 0.25, 0.25, 0], "texture": "#1"},
				"down": {"uv": [6.25, 0, 3.25, 0.25], "texture": "#1"}
			}
		},
		{
			"from": [4, 27, 13],
			"to": [12, 29, 15],
			"rotation": {"angle": 0, "axis": "x", "origin": [0, 0, 7]},
			"faces": {
				"north": {"uv": [4.5, 7.75, 6.5, 8.25], "texture": "#1"},
				"east": {"uv": [4, 7.75, 4.5, 8.25], "texture": "#1"},
				"south": {"uv": [7, 7.75, 9, 8.25], "texture": "#1"},
				"west": {"uv": [6.5, 7.75, 7, 8.25], "texture": "#1"},
				"up": {"uv": [6.5, 7.75, 4.5, 7.25], "texture": "#1"},
				"down": {"uv": [8.5, 7.25, 6.5, 7.75], "texture": "#1"}
			}
		},
		{
			"from": [12, 23, 13],
			"to": [14, 29, 15],
			"rotation": {"angle": 0, "axis": "x", "origin": [0, 0, 7]},
			"faces": {
				"north": {"uv": [8, 3.25, 8.5, 4.75], "texture": "#1"},
				"east": {"uv": [7.5, 3.25, 8, 4.75], "texture": "#1"},
				"south": {"uv": [9, 3.25, 9.5, 4.75], "texture": "#1"},
				"west": {"uv": [8.5, 3.25, 9, 4.75], "texture": "#1"},
				"up": {"uv": [8.5, 3.25, 8, 2.75], "texture": "#1"},
				"down": {"uv": [9, 2.75, 8.5, 3.25], "texture": "#1"}
			}
		},
		{
			"from": [2, 23, 13],
			"to": [4, 29, 15],
			"rotation": {"angle": 0, "axis": "x", "origin": [0, 0, 7]},
			"faces": {
				"north": {"uv": [8, 5.25, 8.5, 6.75], "texture": "#1"},
				"east": {"uv": [7.5, 5.25, 8, 6.75], "texture": "#1"},
				"south": {"uv": [9, 5.25, 9.5, 6.75], "texture": "#1"},
				"west": {"uv": [8.5, 5.25, 9, 6.75], "texture": "#1"},
				"up": {"uv": [8.5, 5.25, 8, 4.75], "texture": "#1"},
				"down": {"uv": [9, 4.75, 8.5, 5.25], "texture": "#1"}
			}
		},
		{
			"from": [7, 3, 6],
			"to": [9, 5, 21],
			"rotation": {"angle": -45, "axis": "x", "origin": [0, 0, 7]},
			"faces": {
				"north": {"uv": [6.5, 6.75, 7, 7.25], "texture": "#1"},
				"east": {"uv": [2.75, 6.75, 6.5, 7.25], "texture": "#1"},
				"south": {"uv": [10.75, 6.75, 11.25, 7.25], "texture": "#1"},
				"west": {"uv": [7, 6.75, 10.75, 7.25], "texture": "#1"},
				"up": {"uv": [7, 6.75, 6.5, 3], "texture": "#1"},
				"down": {"uv": [7.5, 3, 7, 6.75], "texture": "#1"}
			}
		},
		{
			"from": [14, 0, 13],
			"to": [16, 25, 15],
			"rotation": {"angle": 0, "axis": "x", "origin": [0, 0, 7]},
			"faces": {
				"north": {"uv": [0.5, 7.25, 1, 13.5], "texture": "#1"},
				"east": {"uv": [0, 7.25, 0.5, 13.5], "texture": "#1"},
				"south": {"uv": [1.5, 7.25, 2, 13.5], "texture": "#1"},
				"west": {"uv": [1, 7.25, 1.5, 13.5], "texture": "#1"},
				"up": {"uv": [1, 7.25, 0.5, 6.75], "texture": "#1"},
				"down": {"uv": [1.5, 6.75, 1, 7.25], "texture": "#1"}
			}
		},
		{
			"from": [0, 0, 13],
			"to": [2, 25, 15],
			"rotation": {"angle": 0, "axis": "x", "origin": [0, 0, 7]},
			"faces": {
				"north": {"uv": [2.5, 7.75, 3, 14], "texture": "#1"},
				"east": {"uv": [2, 7.75, 2.5, 14], "texture": "#1"},
				"south": {"uv": [3.5, 7.75, 4, 14], "texture": "#1"},
				"west": {"uv": [3, 7.75, 3.5, 14], "texture": "#1"},
				"up": {"uv": [3, 7.75, 2.5, 7.25], "texture": "#1"},
				"down": {"uv": [3.5, 7.25, 3, 7.75], "texture": "#1"}
			}
		},
		{
			"from": [2, 0, 13],
			"to": [14, 2, 15],
			"rotation": {"angle": 0, "axis": "x", "origin": [0, 0, 7]},
			"faces": {
				"north": {"uv": [7, 2.25, 10, 2.75], "texture": "#1"},
				"east": {"uv": [6.5, 2.25, 7, 2.75], "texture": "#1"},
				"south": {"uv": [10.5, 2.25, 13.5, 2.75], "texture": "#1"},
				"west": {"uv": [10, 2.25, 10.5, 2.75], "texture": "#1"},
				"up": {"uv": [10, 2.25, 7, 1.75], "texture": "#1"},
				"down": {"uv": [13, 1.75, 10, 2.25], "texture": "#1"}
			}
		}
	],
	"display": {
		"thirdperson_righthand": {
			"rotation": [60, -160, 0],
			"translation": [0.5, -2, 0],
			"scale": [0.6, 0.6, 0.6]
		},
		"thirdperson_lefthand": {
			"rotation": [60, -160, 0],
			"translation": [0.5, -2, 0],
			"scale": [0.6, 0.6, 0.6]
		},
		"firstperson_righthand": {
			"rotation": [0, -73, 6],
			"translation": [3, -2, 0],
			"scale": [0.4, 0.4, 0.4]
		},
		"firstperson_lefthand": {
			"rotation": [0, -73, 6],
			"translation": [3, -2, 0],
			"scale": [0.4, 0.4, 0.4]
		},
		"ground": {
			"rotation": [-11, 0, 0],
			"translation": [0, 1.5, 0],
			"scale": [0.35, 0.35, 0.35]
		},
		"gui": {
			"rotation": [30, -40, 0],
			"translation": [1.75, -1.75, 0],
			"scale": [0.45, 0.45, 0.45]
		},
		"head": {
			"rotation": [-10, 0, 0],
			"translation": [0, -31.9, -4],
			"scale": [1.6, 1.6, 1.6]
		},
		"fixed": {
			"rotation": [-80, -180, 0],
			"translation": [0, 4.5, -13],
			"scale": [2, 2, 2]
		}
	}
}