{
	"credit": "Made with Blockbench",
	"texture_size": [128, 128],
	"textures": {
		"0": "item/decor/modern_desk",
		"particle": "item/decor/modern_desk"
	},
	"elements": [
		{
			"from": [16, 14, 0],
			"to": [32, 16, 16],
			"rotation": {"angle": 0, "axis": "y", "origin": [16, 7.75, 7.5]},
			"faces": {
				"north": {"uv": [6, 2, 8, 2.25], "texture": "#0", "tintindex": 0},
				"east": {"uv": [4, 2, 6, 2.25], "texture": "#0", "tintindex": 0},
				"south": {"uv": [2, 2, 4, 2.25], "texture": "#0", "tintindex": 0},
				"west": {"uv": [0, 2, 2, 2.25], "texture": "#0", "tintindex": 0},
				"up": {"uv": [4, 2, 2, 0], "rotation": 180, "texture": "#0", "tintindex": 0},
				"down": {"uv": [6, 0, 4, 2], "rotation": 180, "texture": "#0", "tintindex": 0}
			}
		},
		{
			"from": [0, 14, 0],
			"to": [16, 16, 16],
			"rotation": {"angle": 0, "axis": "y", "origin": [16, 7.75, 7.5]},
			"faces": {
				"north": {"uv": [6, 5.625, 8, 5.875], "texture": "#0", "tintindex": 0},
				"east": {"uv": [4, 5.625, 6, 5.875], "texture": "#0", "tintindex": 0},
				"south": {"uv": [2, 5.625, 4, 5.875], "texture": "#0", "tintindex": 0},
				"west": {"uv": [0, 5.625, 2, 5.875], "texture": "#0", "tintindex": 0},
				"up": {"uv": [4, 5.625, 2, 3.625], "rotation": 180, "texture": "#0", "tintindex": 0},
				"down": {"uv": [6, 3.625, 4, 5.625], "rotation": 180, "texture": "#0", "tintindex": 0}
			}
		},
		{
			"from": [16, 4, 0],
			"to": [32, 14, 16],
			"rotation": {"angle": 0, "axis": "y", "origin": [16, 7.75, 7.5]},
			"faces": {
				"north": {"uv": [6, 2.25, 8, 3.5], "texture": "#0"},
				"east": {"uv": [4, 2.25, 6, 3.5], "texture": "#0"},
				"south": {"uv": [2, 2.25, 4, 3.5], "texture": "#0"},
				"west": {"uv": [0, 2.25, 2, 3.5], "texture": "#0"},
				"up": {"uv": [4, 2, 2, 0], "rotation": 180, "texture": "#0"},
				"down": {"uv": [6, 0, 4, 2], "rotation": 180, "texture": "#0"}
			}
		},
		{
			"from": [17, 6, 16],
			"to": [31, 9, 17],
			"rotation": {"angle": 0, "axis": "y", "origin": [16, 7.75, 7.5]},
			"faces": {
				"north": {"uv": [8.125, 0.125, 9.875, 0.5], "texture": "#0", "tintindex": 0},
				"east": {"uv": [8, 0.125, 8.125, 0.5], "texture": "#0", "tintindex": 0},
				"south": {"uv": [6.25, 0.125, 8, 0.5], "texture": "#0", "tintindex": 0},
				"west": {"uv": [6.125, 0.125, 6.25, 0.5], "texture": "#0", "tintindex": 0},
				"up": {"uv": [8, 0.125, 6.25, 0], "rotation": 180, "texture": "#0", "tintindex": 0},
				"down": {"uv": [9.75, 0, 8, 0.125], "rotation": 180, "texture": "#0", "tintindex": 0}
			}
		},
		{
			"from": [17, 10, 16],
			"to": [31, 13, 17],
			"rotation": {"angle": 0, "axis": "y", "origin": [16, 7.75, 7.5]},
			"faces": {
				"north": {"uv": [4.875, 6.125, 6.625, 6.5], "texture": "#0", "tintindex": 0},
				"east": {"uv": [4.75, 6.125, 4.875, 6.5], "texture": "#0", "tintindex": 0},
				"south": {"uv": [3, 6.125, 4.75, 6.5], "texture": "#0", "tintindex": 0},
				"west": {"uv": [2.875, 6.125, 3, 6.5], "texture": "#0", "tintindex": 0},
				"up": {"uv": [4.75, 6.125, 3, 6], "rotation": 180, "texture": "#0", "tintindex": 0},
				"down": {"uv": [6.5, 6, 4.75, 6.125], "rotation": 180, "texture": "#0", "tintindex": 0}
			}
		},
		{
			"from": [16, 0, 0],
			"to": [19, 1, 16],
			"rotation": {"angle": 0, "axis": "y", "origin": [16, 7.75, 7.5]},
			"faces": {
				"north": {"uv": [4.375, 10.25, 4.75, 10.375], "texture": "#0"},
				"east": {"uv": [2.375, 10.25, 4.375, 10.375], "texture": "#0"},
				"south": {"uv": [2, 10.25, 2.375, 10.375], "texture": "#0"},
				"west": {"uv": [0, 10.25, 2, 10.375], "texture": "#0"},
				"up": {"uv": [2.375, 10.25, 2, 8.25], "rotation": 180, "texture": "#0"},
				"down": {"uv": [2.75, 8.25, 2.375, 10.25], "rotation": 180, "texture": "#0"}
			}
		},
		{
			"from": [29, 0, 0],
			"to": [32, 1, 16],
			"rotation": {"angle": 0, "axis": "y", "origin": [16, 7.75, 7.5]},
			"faces": {
				"north": {"uv": [12.125, 8.25, 12.5, 8.375], "texture": "#0"},
				"east": {"uv": [10.125, 8.25, 12.125, 8.375], "texture": "#0"},
				"south": {"uv": [9.75, 8.25, 10.125, 8.375], "texture": "#0"},
				"west": {"uv": [7.75, 8.25, 9.75, 8.375], "texture": "#0"},
				"up": {"uv": [10.125, 8.25, 9.75, 6.25], "rotation": 180, "texture": "#0"},
				"down": {"uv": [10.5, 6.25, 10.125, 8.25], "rotation": 180, "texture": "#0"}
			}
		},
		{
			"from": [29, 3, 0],
			"to": [32, 4, 16],
			"rotation": {"angle": 0, "axis": "y", "origin": [16, 7.75, 7.5]},
			"faces": {
				"north": {"uv": [12.125, 6, 12.5, 6.125], "texture": "#0"},
				"east": {"uv": [10.125, 6, 12.125, 6.125], "texture": "#0"},
				"south": {"uv": [9.75, 6, 10.125, 6.125], "texture": "#0"},
				"west": {"uv": [7.75, 6, 9.75, 6.125], "texture": "#0"},
				"up": {"uv": [10.125, 6, 9.75, 4], "rotation": 180, "texture": "#0"},
				"down": {"uv": [10.5, 4, 10.125, 6], "rotation": 180, "texture": "#0"}
			}
		},
		{
			"from": [16, 3, 0],
			"to": [19, 4, 16],
			"rotation": {"angle": 0, "axis": "y", "origin": [16, 7.75, 7.5]},
			"faces": {
				"north": {"uv": [10.5, 3.625, 10.875, 3.75], "texture": "#0"},
				"east": {"uv": [8.5, 3.625, 10.5, 3.75], "texture": "#0"},
				"south": {"uv": [8.125, 3.625, 8.5, 3.75], "texture": "#0"},
				"west": {"uv": [6.125, 3.625, 8.125, 3.75], "texture": "#0"},
				"up": {"uv": [8.5, 3.625, 8.125, 1.625], "rotation": 180, "texture": "#0"},
				"down": {"uv": [8.875, 1.625, 8.5, 3.625], "rotation": 180, "texture": "#0"}
			}
		},
		{
			"from": [0, 0, 0],
			"to": [3, 1, 16],
			"rotation": {"angle": 0, "axis": "y", "origin": [16, 7.75, 7.5]},
			"faces": {
				"north": {"uv": [9.25, 8, 9.625, 8.125], "texture": "#0"},
				"east": {"uv": [7.25, 8, 9.25, 8.125], "texture": "#0"},
				"south": {"uv": [6.875, 8, 7.25, 8.125], "texture": "#0"},
				"west": {"uv": [4.875, 8, 6.875, 8.125], "texture": "#0"},
				"up": {"uv": [7.25, 8, 6.875, 6], "rotation": 180, "texture": "#0"},
				"down": {"uv": [7.625, 6, 7.25, 8], "rotation": 180, "texture": "#0"}
			}
		},
		{
			"from": [0, 13, 0],
			"to": [3, 14, 16],
			"rotation": {"angle": 0, "axis": "y", "origin": [16, 7.75, 7.5]},
			"faces": {
				"north": {"uv": [4.375, 8, 4.75, 8.125], "texture": "#0"},
				"east": {"uv": [2.375, 8, 4.375, 8.125], "texture": "#0"},
				"south": {"uv": [2, 8, 2.375, 8.125], "texture": "#0"},
				"west": {"uv": [0, 8, 2, 8.125], "texture": "#0"},
				"up": {"uv": [2.375, 8, 2, 6], "rotation": 180, "texture": "#0"},
				"down": {"uv": [2.75, 6, 2.375, 8], "rotation": 180, "texture": "#0"}
			}
		},
		{
			"from": [29, 1, 15],
			"to": [32, 3, 16],
			"rotation": {"angle": 0, "axis": "y", "origin": [16, 7.75, 7.5]},
			"faces": {
				"north": {"uv": [6.75, 4, 7.125, 4.25], "texture": "#0"},
				"east": {"uv": [6.625, 4, 6.75, 4.25], "texture": "#0"},
				"south": {"uv": [6.25, 4, 6.625, 4.25], "texture": "#0"},
				"west": {"uv": [6.125, 4, 6.25, 4.25], "texture": "#0"},
				"up": {"uv": [6.625, 4, 6.25, 3.875], "rotation": 180, "texture": "#0"},
				"down": {"uv": [7, 3.875, 6.625, 4], "rotation": 180, "texture": "#0"}
			}
		},
		{
			"from": [29, 1, 0],
			"to": [32, 3, 1],
			"rotation": {"angle": 0, "axis": "y", "origin": [16, 7.75, 7.5]},
			"faces": {
				"north": {"uv": [6.75, 1.25, 7.125, 1.5], "texture": "#0"},
				"east": {"uv": [6.625, 1.25, 6.75, 1.5], "texture": "#0"},
				"south": {"uv": [6.25, 1.25, 6.625, 1.5], "texture": "#0"},
				"west": {"uv": [6.125, 1.25, 6.25, 1.5], "texture": "#0"},
				"up": {"uv": [6.625, 1.25, 6.25, 1.125], "rotation": 180, "texture": "#0"},
				"down": {"uv": [7, 1.125, 6.625, 1.25], "rotation": 180, "texture": "#0"}
			}
		},
		{
			"from": [16, 1, 0],
			"to": [19, 3, 1],
			"rotation": {"angle": 0, "axis": "y", "origin": [16, 7.75, 7.5]},
			"faces": {
				"north": {"uv": [6.75, 0.75, 7.125, 1], "texture": "#0"},
				"east": {"uv": [6.625, 0.75, 6.75, 1], "texture": "#0"},
				"south": {"uv": [6.25, 0.75, 6.625, 1], "texture": "#0"},
				"west": {"uv": [6.125, 0.75, 6.25, 1], "texture": "#0"},
				"up": {"uv": [6.625, 0.75, 6.25, 0.625], "rotation": 180, "texture": "#0"},
				"down": {"uv": [7, 0.625, 6.625, 0.75], "rotation": 180, "texture": "#0"}
			}
		},
		{
			"from": [16, 1, 15],
			"to": [19, 3, 16],
			"rotation": {"angle": 0, "axis": "y", "origin": [16, 7.75, 7.5]},
			"faces": {
				"north": {"uv": [0.625, 6.125, 1, 6.375], "texture": "#0"},
				"east": {"uv": [0.5, 6.125, 0.625, 6.375], "texture": "#0"},
				"south": {"uv": [0.125, 6.125, 0.5, 6.375], "texture": "#0"},
				"west": {"uv": [0, 6.125, 0.125, 6.375], "texture": "#0"},
				"up": {"uv": [0.5, 6.125, 0.125, 6], "rotation": 180, "texture": "#0"},
				"down": {"uv": [0.875, 6, 0.5, 6.125], "rotation": 180, "texture": "#0"}
			}
		},
		{
			"from": [0, 1, 15],
			"to": [3, 13, 16],
			"rotation": {"angle": 0, "axis": "y", "origin": [16, 7.75, 7.5]},
			"faces": {
				"north": {"uv": [0.625, 3.75, 1, 5.25], "texture": "#0"},
				"east": {"uv": [0.5, 3.75, 0.625, 5.25], "texture": "#0"},
				"south": {"uv": [0.125, 3.75, 0.5, 5.25], "texture": "#0"},
				"west": {"uv": [0, 3.75, 0.125, 5.25], "texture": "#0"},
				"up": {"uv": [0.5, 3.75, 0.125, 3.625], "rotation": 180, "texture": "#0"},
				"down": {"uv": [0.875, 3.625, 0.5, 3.75], "rotation": 180, "texture": "#0"}
			}
		},
		{
			"from": [0, 1, 0],
			"to": [3, 13, 1],
			"rotation": {"angle": 0, "axis": "y", "origin": [16, 7.75, 7.5]},
			"faces": {
				"north": {"uv": [0.625, 0.125, 1, 1.625], "texture": "#0"},
				"east": {"uv": [0.5, 0.125, 0.625, 1.625], "texture": "#0"},
				"south": {"uv": [0.125, 0.125, 0.5, 1.625], "texture": "#0"},
				"west": {"uv": [0, 0.125, 0.125, 1.625], "texture": "#0"},
				"up": {"uv": [0.5, 0.125, 0.125, 0], "rotation": 180, "texture": "#0"},
				"down": {"uv": [0.875, 0, 0.5, 0.125], "rotation": 180, "texture": "#0"}
			}
		}
	],
	"display": {
		"thirdperson_righthand": {
			"rotation": [60, -160, 0],
			"translation": [-1.25, 2.75, -2],
			"scale": [-0.4, 0.4, -0.4]
		},
		"thirdperson_lefthand": {
			"rotation": [60, -160, 0],
			"translation": [5, 5, -2],
			"scale": [-0.4, 0.4, -0.4]
		},
		"firstperson_righthand": {
			"rotation": [0, -36, 6],
			"translation": [2.25, 0.5, 0],
			"scale": [-0.2, 0.2, -0.2]
		},
		"firstperson_lefthand": {
			"rotation": [0, -36, 6],
			"translation": [2.25, 0.5, 0],
			"scale": [-0.2, 0.2, -0.2]
		},
		"ground": {
			"translation": [-2.25, 1.5, 0],
			"scale": [0.35, 0.35, 0.35]
		},
		"gui": {
			"rotation": [30, -40, 0],
			"translation": [2.75, -1, 0],
			"scale": [-0.45, 0.45, -0.45]
		},
		"head": {
			"translation": [0, -30.4, 0],
			"scale": [1.6, 1.6, 1.6]
		},
		"fixed": {
			"rotation": [90, -180, -180],
			"translation": [0, 0, -15],
			"scale": [2, 2, 2]
		}
	}
}