{"credit":"Made with Blockbench by dragonmaster95","textures":{"1":"item/etc/star"},"elements":[{"from":[2,-0.175,2],"to":[14,12.075,14],"faces":{"north":{"uv":[0,8,7.949,15.949],"texture":"#1"},"east":{"uv":[8,5.5,15.95,13.5],"texture":"#1"},"south":{"uv":[8,5.5,15.95,13.5],"texture":"#1"},"west":{"uv":[8,5.5,15.95,13.5],"texture":"#1"},"up":{"uv":[8,4,15.95,11.95],"texture":"#1"},"down":{"uv":[3.9975,4.4975,4.5025,5.0025],"rotation":270,"texture":"#1"}}},{"from":[3,12,3.5],"to":[13,15,13.5],"faces":{"north":{"uv":[9,6,15.667,8],"texture":"#1"},"east":{"uv":[9,6,15.667,8],"texture":"#1"},"south":{"uv":[9,6,15.667,8],"texture":"#1"},"west":{"uv":[12.5,6,15.666,8],"texture":"#1"},"up":{"uv":[15.025,15.025,15.975,15.975],"texture":"#1"},"down":{"uv":[15.025,15.025,15.975,15.975],"texture":"#1"}}},{"from":[4,15,6],"to":[12,22,13],"rotation":{"angle":0,"axis":"y","origin":[8,8,7]},"faces":{"north":{"uv":[15.025,15.025,15.975,15.975],"texture":"#1"},"east":{"uv":[10.5,7,15.833,11.667],"texture":"#1"},"south":{"uv":[7.5,4.5,12.833,9.167],"texture":"#1"},"west":{"uv":[9,6,14.33333,10.66667],"texture":"#1"},"up":{"uv":[15.025,15.025,15.975,15.975],"texture":"#1"},"down":{"uv":[15.025,15.025,15.975,15.975],"texture":"#1"}}},{"from":[5.15,18.25,5.25],"to":[7.9,22.75,7],"rotation":{"angle":0,"axis":"y","origin":[8.1,9,7]},"faces":{"north":{"uv":[1.95,4.025,0.025,7.95],"texture":"#1"},"east":{"uv":[0.025,4.025,0.475,4.475],"texture":"#1"},"south":{"uv":[0.025,4.025,0.475,4.475],"texture":"#1"},"west":{"uv":[0.025,4.025,0.475,4.475],"texture":"#1"},"up":{"uv":[0.025,4.025,0.475,4.475],"texture":"#1"},"down":{"uv":[0.025,4.025,0.475,4.475],"texture":"#1"}}},{"from":[8.1,18.25,5.25],"to":[10.85,22.75,7],"rotation":{"angle":0,"axis":"y","origin":[8.1,9,7]},"faces":{"north":{"uv":[1.95,4.025,0.025,7.95],"texture":"#1"},"east":{"uv":[0.025,4.025,0.475,4.475],"texture":"#1"},"south":{"uv":[0.025,4.025,0.475,4.475],"texture":"#1"},"west":{"uv":[0.025,4.025,0.475,4.475],"texture":"#1"},"up":{"uv":[0.025,4.025,0.475,4.475],"texture":"#1"},"down":{"uv":[0.025,4.025,0.475,4.475],"texture":"#1"}}},{"from":[3.1,22.75,5.25],"to":[5.35,23.75,7],"rotation":{"angle":-22.5,"axis":"z","origin":[8,8,8]},"faces":{"north":{"uv":[2.975,7.525,2.525,7.975],"texture":"#1"},"east":{"uv":[2.975,7.525,2.525,7.975],"texture":"#1"},"south":{"uv":[2.975,7.525,2.525,7.975],"texture":"#1"},"west":{"uv":[2.975,7.525,2.525,7.975],"texture":"#1"},"up":{"uv":[2.975,7.525,2.525,7.975],"texture":"#1"},"down":{"uv":[2.975,7.525,2.525,7.975],"texture":"#1"}}},{"from":[10.65,22.75,5.25],"to":[12.9,23.75,7],"rotation":{"angle":22.5,"axis":"z","origin":[8,8,8]},"faces":{"north":{"uv":[2.975,7.525,2.525,7.975],"texture":"#1"},"east":{"uv":[2.975,7.525,2.525,7.975],"texture":"#1"},"south":{"uv":[2.975,7.525,2.525,7.975],"texture":"#1"},"west":{"uv":[2.975,7.525,2.525,7.975],"texture":"#1"},"up":{"uv":[2.975,7.525,2.525,7.975],"texture":"#1"},"down":{"uv":[2.975,7.525,2.525,7.975],"texture":"#1"}}},{"from":[-1.91421,9.84315,7],"to":[4.08579,12.84315,12],"rotation":{"angle":45,"axis":"z","origin":[1.08579,12.84315,10]},"faces":{"north":{"uv":[15.025,15.025,15.975,15.975],"texture":"#1"},"east":{"uv":[15.025,15.025,15.975,15.975],"texture":"#1"},"south":{"uv":[15.025,15.025,15.975,15.975],"texture":"#1"},"west":{"uv":[15.025,15.025,15.975,15.975],"texture":"#1"},"up":{"uv":[15.025,15.025,15.975,15.975],"texture":"#1"},"down":{"uv":[15.025,15.025,15.975,15.975],"texture":"#1"}}},{"from":[11.91421,9.84315,7],"to":[17.91421,12.84315,12],"rotation":{"angle":-45,"axis":"z","origin":[14.91421,12.84315,10]},"faces":{"north":{"uv":[15.025,15.025,15.975,15.975],"texture":"#1"},"east":{"uv":[15.025,15.025,15.975,15.975],"texture":"#1"},"south":{"uv":[15.025,15.025,15.975,15.975],"texture":"#1"},"west":{"uv":[15.025,15.025,15.975,15.975],"texture":"#1"},"up":{"uv":[15.025,15.025,15.975,15.975],"texture":"#1"},"down":{"uv":[15.025,15.025,15.975,15.975],"texture":"#1"}}},{"from":[-2.18358,4.95019,7.5],"to":[0.81642,10.95019,11.5],"rotation":{"angle":-22.5,"axis":"z","origin":[-2.18358,7.95019,10]},"faces":{"north":{"uv":[15.025,15.025,15.975,15.975],"texture":"#1"},"east":{"uv":[15.025,15.025,15.975,15.975],"texture":"#1"},"south":{"uv":[15.025,15.025,15.975,15.975],"texture":"#1"},"west":{"uv":[15.025,15.025,15.975,15.975],"texture":"#1"},"up":{"uv":[15.025,15.025,15.975,15.975],"texture":"#1"},"down":{"uv":[15.025,15.025,15.975,15.975],"texture":"#1"}}},{"from":[15.18358,6.95019,2.5],"to":[18.18358,10.95019,11.5],"rotation":{"angle":22.5,"axis":"z","origin":[18.18358,7.95019,10]},"faces":{"north":{"uv":[15.025,15.025,15.975,15.975],"texture":"#1"},"east":{"uv":[15.025,15.025,15.975,15.975],"texture":"#1"},"south":{"uv":[15.025,15.025,15.975,15.975],"texture":"#1"},"west":{"uv":[15.025,15.025,15.975,15.975],"texture":"#1"},"up":{"uv":[15.025,15.025,15.975,15.975],"texture":"#1"},"down":{"uv":[15.025,15.025,15.975,15.975],"texture":"#1"}}},{"from":[14.43358,5.70019,-1],"to":[18.43358,10.70019,3],"rotation":{"angle":0,"axis":"z","origin":[18.18358,7.95019,10]},"faces":{"north":{"uv":[15.025,15.025,15.975,15.975],"texture":"#1"},"east":{"uv":[15.025,15.025,15.975,15.975],"texture":"#1"},"south":{"uv":[15.025,15.025,15.975,15.975],"texture":"#1"},"west":{"uv":[15.025,15.025,15.975,15.975],"texture":"#1"},"up":{"uv":[15.025,15.025,15.975,15.975],"texture":"#1"},"down":{"uv":[15.025,15.025,15.975,15.975],"texture":"#1"}}},{"from":[15.43358,3.20019,0],"to":[17.43358,15.20019,2],"rotation":{"angle":0,"axis":"z","origin":[18.18358,7.95019,10]},"faces":{"north":{"uv":[3.025,4.025,3.475,4.475],"rotation":180,"texture":"#1"},"east":{"uv":[3.025,4.025,3.475,4.475],"rotation":180,"texture":"#1"},"south":{"uv":[3.025,4.025,3.475,4.475],"rotation":180,"texture":"#1"},"west":{"uv":[3.025,4.025,3.475,4.475],"rotation":180,"texture":"#1"},"up":{"uv":[3.025,4.025,3.475,4.475],"rotation":180,"texture":"#1"},"down":{"uv":[3.025,4.025,3.475,4.475],"rotation":180,"texture":"#1"}}},{"from":[14.93358,15.20019,-1],"to":[17.93358,18.20019,3],"rotation":{"angle":0,"axis":"z","origin":[18.18358,6.95019,10]},"faces":{"north":{"uv":[2.525,4.025,2.975,4.475],"rotation":180,"texture":"#1"},"east":{"uv":[2.525,4.025,2.975,4.475],"rotation":180,"texture":"#1"},"south":{"uv":[2.525,4.025,2.975,4.475],"rotation":180,"texture":"#1"},"west":{"uv":[2.525,4.025,2.975,4.475],"rotation":180,"texture":"#1"},"up":{"uv":[2.525,4.025,2.975,4.475],"rotation":180,"texture":"#1"},"down":{"uv":[2.525,4.025,2.975,4.475],"rotation":180,"texture":"#1"}}},{"from":[14.93358,15.20019,-3],"to":[17.93358,18.20019,-2],"rotation":{"angle":0,"axis":"z","origin":[18.18358,7.95019,10]},"faces":{"north":{"uv":[2.525,4.025,2.975,4.475],"rotation":180,"texture":"#1"},"east":{"uv":[2.525,4.025,2.975,4.475],"rotation":180,"texture":"#1"},"south":{"uv":[2.525,4.025,2.975,4.475],"rotation":180,"texture":"#1"},"west":{"uv":[2.525,4.025,2.975,4.475],"rotation":180,"texture":"#1"},"up":{"uv":[2.525,4.025,2.975,4.475],"rotation":180,"texture":"#1"},"down":{"uv":[2.525,4.025,2.975,4.475],"rotation":180,"texture":"#1"}}},{"from":[15.43358,15.70019,-2],"to":[17.43358,17.70019,-1],"rotation":{"angle":0,"axis":"z","origin":[18.18358,7.95019,10]},"faces":{"north":{"uv":[2.525,4.025,2.975,4.475],"rotation":180,"texture":"#1"},"east":{"uv":[2.525,4.025,2.975,4.475],"rotation":180,"texture":"#1"},"south":{"uv":[2.525,4.025,2.975,4.475],"rotation":180,"texture":"#1"},"west":{"uv":[2.525,4.025,2.975,4.475],"rotation":180,"texture":"#1"},"up":{"uv":[2.525,4.025,2.975,4.475],"rotation":180,"texture":"#1"},"down":{"uv":[2.525,4.025,2.975,4.475],"rotation":180,"texture":"#1"}}},{"from":[15.18358,15.75019,2.7],"to":[16.18358,16.75019,4.7],"rotation":{"angle":22.5,"axis":"x","origin":[15.93358,16.20019,4]},"faces":{"north":{"uv":[2.525,4.025,2.975,4.475],"rotation":180,"texture":"#1"},"east":{"uv":[2.525,4.025,2.975,4.475],"rotation":180,"texture":"#1"},"south":{"uv":[2.525,4.025,2.975,4.475],"rotation":180,"texture":"#1"},"west":{"uv":[2.525,4.025,2.975,4.475],"rotation":180,"texture":"#1"},"up":{"uv":[2.525,4.025,2.975,4.475],"rotation":180,"texture":"#1"},"down":{"uv":[2.525,4.025,2.975,4.475],"rotation":180,"texture":"#1"}}},{"from":[16.68358,15.75019,2.7],"to":[17.68358,16.75019,4.7],"rotation":{"angle":22.5,"axis":"x","origin":[15.93358,16.20019,4]},"faces":{"north":{"uv":[2.525,4.025,2.975,4.475],"rotation":180,"texture":"#1"},"east":{"uv":[2.525,4.025,2.975,4.475],"rotation":180,"texture":"#1"},"south":{"uv":[2.525,4.025,2.975,4.475],"rotation":180,"texture":"#1"},"west":{"uv":[2.525,4.025,2.975,4.475],"rotation":180,"texture":"#1"},"up":{"uv":[2.525,4.025,2.975,4.475],"rotation":180,"texture":"#1"},"down":{"uv":[2.525,4.025,2.975,4.475],"rotation":180,"texture":"#1"}}},{"from":[-3.33358,1.25019,8],"to":[-0.33358,5.25019,11],"rotation":{"angle":0,"axis":"z","origin":[-1.83358,3.25019,9.5]},"faces":{"north":{"uv":[15.025,15.025,15.975,15.975],"texture":"#1"},"east":{"uv":[15.025,15.025,15.975,15.975],"texture":"#1"},"south":{"uv":[15.025,15.025,15.975,15.975],"texture":"#1"},"west":{"uv":[15.025,15.025,15.975,15.975],"texture":"#1"},"up":{"uv":[15.025,15.025,15.975,15.975],"texture":"#1"},"down":{"uv":[15.025,15.025,15.975,15.975],"texture":"#1"}}},{"from":[4,15,5],"to":[12,17,6],"rotation":{"angle":0,"axis":"y","origin":[8,8,7]},"faces":{"north":{"uv":[2.525,5.525,2.975,7.975],"rotation":180,"texture":"#1"},"east":{"uv":[3.475,8,2.525,5.55],"texture":"#1"},"south":{"uv":[0.025,0.025,0.975,0.975],"texture":"#1"},"west":{"uv":[2.525,8,3.475,5.55],"texture":"#1"},"up":{"uv":[2.525,7.025,2.975,7.975],"rotation":180,"texture":"#1"},"down":{"uv":[0.025,0.025,0.975,0.975],"texture":"#1"}}},{"from":[6,27,7.5],"to":[10,32,11.5],"rotation":{"angle":0,"axis":"y","origin":[8,8,7]},"faces":{"north":{"uv":[7,4,9.666,7.333],"texture":"#1"},"east":{"uv":[7,4,9.666,7.333],"texture":"#1"},"south":{"uv":[13,8.5,15.666,11.833],"texture":"#1"},"west":{"uv":[7,4,9.666,7.333],"texture":"#1"},"up":{"uv":[7,4,9.666,7.333],"texture":"#1"},"down":{"uv":[15.025,15.025,15.975,15.975],"texture":"#1"}}},{"from":[5,22,7],"to":[11,27,12],"rotation":{"angle":0,"axis":"y","origin":[8,8,7]},"faces":{"north":{"uv":[15.025,15.025,15.975,15.975],"texture":"#1"},"east":{"uv":[7,4.5,10.333,7.833],"texture":"#1"},"south":{"uv":[12,5.5,16,8.833],"texture":"#1"},"west":{"uv":[7,4.5,10.333,7.833],"texture":"#1"},"up":{"uv":[15.025,15.025,15.975,15.975],"texture":"#1"},"down":{"uv":[15.025,15.025,15.975,15.975],"texture":"#1"}}},{"from":[0,25,6],"to":[16,29,7.5],"rotation":{"angle":0,"axis":"y","origin":[8,8,7]},"faces":{"north":{"uv":[0.025,0.025,15.975,3.975],"texture":"#1"},"east":{"uv":[1.525,0.025,2.975,3.975],"texture":"#1"},"south":{"uv":[15.975,0.025,0.025,3.975],"texture":"#1"},"west":{"uv":[11.975,0.025,10.525,3.975],"texture":"#1"},"up":{"uv":[15.975,0.025,0.025,0.975],"texture":"#1"},"down":{"uv":[15.975,2.525,0.025,3.975],"texture":"#1"}}},{"from":[7,27.75,4],"to":[8,28.75,6.5],"rotation":{"angle":22.5,"axis":"x","origin":[7.5,27.5,5.75]},"faces":{"north":{"uv":[2.525,4.025,2.975,4.475],"rotation":180,"texture":"#1"},"east":{"uv":[2.525,4.025,2.975,4.475],"rotation":180,"texture":"#1"},"south":{"uv":[2.525,4.025,2.975,4.475],"rotation":180,"texture":"#1"},"west":{"uv":[2.525,4.025,2.975,4.475],"rotation":180,"texture":"#1"},"up":{"uv":[2.525,4.025,2.975,4.475],"rotation":180,"texture":"#1"},"down":{"uv":[2.525,4.025,2.975,4.475],"rotation":180,"texture":"#1"}}},{"from":[6.5,27.25,3.5],"to":[8.5,29.25,4],"rotation":{"angle":22.5,"axis":"x","origin":[7.5,27.5,5.75]},"faces":{"north":{"uv":[2.525,4.025,2.975,4.475],"rotation":180,"texture":"#1"},"east":{"uv":[2.525,4.025,2.975,4.475],"rotation":180,"texture":"#1"},"south":{"uv":[2.525,4.025,2.975,4.475],"rotation":180,"texture":"#1"},"west":{"uv":[2.525,4.025,2.975,4.475],"rotation":180,"texture":"#1"},"up":{"uv":[2.525,4.025,2.975,4.475],"rotation":180,"texture":"#1"},"down":{"uv":[2.525,4.025,2.975,4.475],"rotation":180,"texture":"#1"}}},{"from":[1,1,1],"to":[15,7,15],"rotation":{"angle":0,"axis":"y","origin":[8,9,8]},"faces":{"north":{"uv":[0.525,12.025,7.475,14.975],"texture":"#1"},"east":{"uv":[0.025,15.025,0.975,15.975],"rotation":270,"texture":"#1"},"south":{"uv":[0.025,15.025,0.975,15.975],"rotation":270,"texture":"#1"},"west":{"uv":[0.025,15.025,0.975,15.975],"rotation":270,"texture":"#1"},"up":{"uv":[0.025,8.025,7.975,15.975],"texture":"#1"},"down":{"uv":[0.025,15.025,0.975,15.975],"rotation":270,"texture":"#1"}}},{"from":[0.75,7,0.75],"to":[15.25,8,15.25],"rotation":{"angle":0,"axis":"y","origin":[8,9,8]},"faces":{"north":{"uv":[3.97,4.5,4.53,5],"rotation":270,"texture":"#1"},"east":{"uv":[3.97,4.5,4.53,5],"rotation":270,"texture":"#1"},"south":{"uv":[3.97,4.5,4.53,5],"rotation":270,"texture":"#1"},"west":{"uv":[3.97,4.5,4.53,5],"rotation":270,"texture":"#1"},"up":{"uv":[6.95,14.95,7.55,15.55],"rotation":270,"texture":"#1"},"down":{"uv":[0.025,15.025,0.975,15.975],"rotation":270,"texture":"#1"}}},{"from":[-0.75,0.1,-4],"to":[4.25,5.1,3],"rotation":{"angle":22.5,"axis":"y","origin":[3.5,2.6,-3.5]},"faces":{"north":{"uv":[4.025,12.025,6.475,14.475],"rotation":180,"texture":"#1"},"east":{"uv":[0.025,15.025,0.975,15.975],"rotation":270,"texture":"#1"},"south":{"uv":[0.025,8.025,7.975,15.975],"texture":"#1"},"west":{"uv":[7.475,12.025,4.025,14.475],"rotation":180,"texture":"#1"},"up":{"uv":[0.025,15.025,0.975,15.975],"rotation":270,"texture":"#1"},"down":{"uv":[4.025,12.025,7.475,14.475],"rotation":270,"texture":"#1"}}},{"from":[11.75,0.1,-4],"to":[16.75,5.1,3],"rotation":{"angle":-22.5,"axis":"y","origin":[12.5,2.6,-3.5]},"faces":{"north":{"uv":[6.475,12.025,4.025,14.475],"rotation":180,"texture":"#1"},"east":{"uv":[4.025,12.025,7.475,14.475],"rotation":180,"texture":"#1"},"south":{"uv":[7.975,8.025,0.025,15.975],"texture":"#1"},"west":{"uv":[0.025,15.975,0.975,15.025],"rotation":270,"texture":"#1"},"up":{"uv":[0.025,15.975,0.975,15.025],"rotation":270,"texture":"#1"},"down":{"uv":[4.025,14.475,7.475,12.025],"rotation":270,"texture":"#1"}}},{"from":[-0.25,0.6,-7],"to":[3.75,4.6,-4],"rotation":{"angle":22.5,"axis":"y","origin":[3.5,2.6,-3.5]},"faces":{"north":{"uv":[15.025,15.025,15.975,15.975],"texture":"#1"},"east":{"uv":[15.025,15.025,15.975,15.975],"texture":"#1"},"south":{"uv":[15.025,15.025,15.975,15.975],"texture":"#1"},"west":{"uv":[15.025,15.025,15.975,15.975],"texture":"#1"},"up":{"uv":[15.025,15.025,15.975,15.975],"texture":"#1"},"down":{"uv":[15.025,15.025,15.975,15.975],"texture":"#1"}}},{"from":[12.25,0.6,-7],"to":[16.25,4.6,-4],"rotation":{"angle":-22.5,"axis":"y","origin":[12.5,2.6,-3.5]},"faces":{"north":{"uv":[15.025,15.025,15.975,15.975],"texture":"#1"},"east":{"uv":[15.025,15.025,15.975,15.975],"texture":"#1"},"south":{"uv":[15.025,15.025,15.975,15.975],"texture":"#1"},"west":{"uv":[15.025,15.025,15.975,15.975],"texture":"#1"},"up":{"uv":[15.025,15.025,15.975,15.975],"texture":"#1"},"down":{"uv":[15.025,15.025,15.975,15.975],"texture":"#1"}}}],"display":{"thirdperson_righthand":{"rotation":[75,45,0],"translation":[0,2.5,0],"scale":[0.375,0.375,0.375]},"thirdperson_lefthand":{"rotation":[75,45,0],"translation":[0,2.5,0],"scale":[0.375,0.375,0.375]},"firstperson_righthand":{"rotation":[0,45,0],"scale":[0.4,0.4,0.4]},"firstperson_lefthand":{"rotation":[0,45,0],"scale":[0.4,0.4,0.4]},"ground":{"translation":[0,2,0],"scale":[0.5,0.5,0.5]},"gui":{"rotation":[30,135,0],"translation":[1.5,-2.25,0],"scale":[0.45,0.45,0.45]},"fixed":{"translation":[0,-3,0],"scale":[0.5,0.5,0.5]}},"groups":[0,1,2,3,4,5,6,7,8,9,10,11,12,13,14,15,16,17,18,19,20,21,22,23,24,25,26,{"name":"group","origin":[8,8,8],"children":[27,28,29]},{"name":"group","origin":[8,8,8],"children":[30]}]}