{
	"__comment": "Designed by Su su with Cubik Studio - https://cubik.studio",
	"textures": {
		"particle": "item/etc/diamond1",
		"texture": "item/etc/diamond1",
		"voxels_atlas": "item/etc/diamond1"
	},
	"gui_light": "front",
	"elements": [ 	 
		{
			"__comment": "Voxels",
			"from": [ 12, -4, -2 ],
			"to": [ 17, 1, -1 ],
			"faces": {
				"down": { "uv": [ 1, 9, 3.5, 9.5 ], "texture": "#voxels_atlas" },
				"up": { "uv": [ 5, 14, 7.5, 13.5 ], "texture": "#voxels_atlas" },
				"north": { "uv": [ 2.5, 13.5, 0, 16 ], "texture": "#voxels_atlas" },
				"south": { "uv": [ 2.5, 13.5, 5, 16 ], "texture": "#voxels_atlas" },
				"west": { "uv": [ 0, 8, 0.5, 10.5 ], "texture": "#voxels_atlas" },
				"east": { "uv": [ 1, 8, 0.5, 10.5 ], "texture": "#voxels_atlas" }
			}
		},
		{
			"__comment": "Voxels",
			"from": [ 13, 1, -2 ],
			"to": [ 22, 2, -1 ],
			"faces": {
				"down": { "uv": [ 0, 12.5, 4.5, 13 ], "texture": "#voxels_atlas" },
				"up": { "uv": [ 0, 13.5, 4.5, 13 ], "texture": "#voxels_atlas" },
				"north": { "uv": [ 4.5, 12, 0, 12.5 ], "texture": "#voxels_atlas" },
				"south": { "uv": [ 0, 11.5, 4.5, 12 ], "texture": "#voxels_atlas" },
				"west": { "uv": [ 3.5, 8, 4, 8.5 ], "texture": "#voxels_atlas" },
				"east": { "uv": [ 8, 13.5, 7.5, 14 ], "texture": "#voxels_atlas" }
			}
		},
		{
			"__comment": "Voxels",
			"from": [ 14, 2, -2 ],
			"to": [ 22, 3, -1 ],
			"faces": {
				"down": { "uv": [ 4, 11, 8, 11.5 ], "texture": "#voxels_atlas" },
				"up": { "uv": [ 0, 11, 4, 10.5 ], "texture": "#voxels_atlas" },
				"north": { "uv": [ 4, 11, 0, 11.5 ], "texture": "#voxels_atlas" },
				"south": { "uv": [ 4, 10.5, 8, 11 ], "texture": "#voxels_atlas" },
				"west": { "uv": [ 1.5, 7.5, 2, 8 ], "texture": "#voxels_atlas" },
				"east": { "uv": [ 1.5, 7.5, 1, 8 ], "texture": "#voxels_atlas" }
			}
		},
		{
			"__comment": "Voxels",
			"from": [ 15, 3, -2 ],
			"to": [ 22, 4, -1 ],
			"faces": {
				"down": { "uv": [ 4.5, 13, 8, 13.5 ], "texture": "#voxels_atlas" },
				"up": { "uv": [ 4.5, 13, 8, 12.5 ], "texture": "#voxels_atlas" },
				"north": { "uv": [ 8, 12, 4.5, 12.5 ], "texture": "#voxels_atlas" },
				"south": { "uv": [ 4.5, 11.5, 8, 12 ], "texture": "#voxels_atlas" },
				"west": { "uv": [ 7.5, 8, 8, 8.5 ], "texture": "#voxels_atlas" },
				"east": { "uv": [ 2.5, 7.5, 2, 8 ], "texture": "#voxels_atlas" }
			}
		},
		{
			"__comment": "Voxels",
			"from": [ 16, 4, -2 ],
			"to": [ 22, 5, -1 ],
			"faces": {
				"down": { "uv": [ 5, 15.5, 8, 16 ], "texture": "#voxels_atlas" },
				"up": { "uv": [ 5, 15.5, 8, 15 ], "texture": "#voxels_atlas" },
				"north": { "uv": [ 8, 14.5, 5, 15 ], "texture": "#voxels_atlas" },
				"south": { "uv": [ 5, 14, 8, 14.5 ], "texture": "#voxels_atlas" },
				"west": { "uv": [ 7, 8, 7.5, 8.5 ], "texture": "#voxels_atlas" },
				"east": { "uv": [ 8, 8.5, 7.5, 9 ], "texture": "#voxels_atlas" }
			}
		},
		{
			"__comment": "Voxels",
			"from": [ 17, -3, -2 ],
			"to": [ 18, 1, -1 ],
			"faces": {
				"down": { "uv": [ 2.5, 7.5, 3, 8 ], "texture": "#voxels_atlas" },
				"up": { "uv": [ 7, 9, 7.5, 8.5 ], "texture": "#voxels_atlas" },
				"north": { "uv": [ 5.5, 8.5, 5, 10.5 ], "texture": "#voxels_atlas" },
				"south": { "uv": [ 4.5, 8.5, 5, 10.5 ], "texture": "#voxels_atlas" },
				"west": { "uv": [ 3.5, 8.5, 4, 10.5 ], "texture": "#voxels_atlas" },
				"east": { "uv": [ 4.5, 8.5, 4, 10.5 ], "texture": "#voxels_atlas" }
			}
		},
		{
			"__comment": "Voxels",
			"from": [ 17, 5, -2 ],
			"to": [ 22, 6, -1 ],
			"faces": {
				"down": { "uv": [ 1, 8.5, 3.5, 9 ], "texture": "#voxels_atlas" },
				"up": { "uv": [ 1, 8.5, 3.5, 8 ], "texture": "#voxels_atlas" },
				"north": { "uv": [ 3.5, 9.5, 1, 10 ], "texture": "#voxels_atlas" },
				"south": { "uv": [ 1, 10, 3.5, 10.5 ], "texture": "#voxels_atlas" },
				"west": { "uv": [ 4, 8, 4.5, 8.5 ], "texture": "#voxels_atlas" },
				"east": { "uv": [ 5, 8, 4.5, 8.5 ], "texture": "#voxels_atlas" }
			}
		},
		{
			"__comment": "Voxels",
			"from": [ 18, -2, -2 ],
			"to": [ 19, 1, -1 ],
			"faces": {
				"down": { "uv": [ 5, 8, 5.5, 8.5 ], "texture": "#voxels_atlas" },
				"up": { "uv": [ 7.5, 9.5, 8, 9 ], "texture": "#voxels_atlas" },
				"north": { "uv": [ 6, 9, 5.5, 10.5 ], "texture": "#voxels_atlas" },
				"south": { "uv": [ 6, 9, 6.5, 10.5 ], "texture": "#voxels_atlas" },
				"west": { "uv": [ 6.5, 9, 7, 10.5 ], "texture": "#voxels_atlas" },
				"east": { "uv": [ 7.5, 9, 7, 10.5 ], "texture": "#voxels_atlas" }
			}
		},
		{
			"__comment": "Voxels",
			"from": [ 19, -1, -2 ],
			"to": [ 20, 1, -1 ],
			"faces": {
				"down": { "uv": [ 0, 7.5, 0.5, 8 ], "texture": "#voxels_atlas" },
				"up": { "uv": [ 0.5, 8, 1, 7.5 ], "texture": "#voxels_atlas" },
				"north": { "uv": [ 6.5, 8, 6, 9 ], "texture": "#voxels_atlas" },
				"south": { "uv": [ 7.5, 9.5, 8, 10.5 ], "texture": "#voxels_atlas" },
				"west": { "uv": [ 5.5, 8, 6, 9 ], "texture": "#voxels_atlas" },
				"east": { "uv": [ 7, 8, 6.5, 9 ], "texture": "#voxels_atlas" }
			}
		},
		{
			"__comment": "Voxels",
			"from": [ 20, 0, -2 ],
			"to": [ 21, 1, -1 ],
			"faces": {
				"down": { "uv": [ 3, 7.5, 3.5, 8 ], "texture": "#voxels_atlas" },
				"up": { "uv": [ 3.5, 8, 4, 7.5 ], "texture": "#voxels_atlas" },
				"north": { "uv": [ 4.5, 7.5, 4, 8 ], "texture": "#voxels_atlas" },
				"south": { "uv": [ 4.5, 7.5, 5, 8 ], "texture": "#voxels_atlas" },
				"west": { "uv": [ 5, 7.5, 5.5, 8 ], "texture": "#voxels_atlas" },
				"east": { "uv": [ 6, 7.5, 5.5, 8 ], "texture": "#voxels_atlas" }
			}
		}
	],
	"display": {
		"thirdperson_righthand": {
			"rotation":  [ 17, 0, 0 ],
			"translation":  [ -2.781, 2.79, 6.2608 ],
			"scale":  [ 0.35, 0.35, 0.5434 ]
		},
		"thirdperson_lefthand": {
			"rotation":  [ 17, 0, 0 ],
			"translation":  [ 2.0842, 2.79, 6.2608 ],
			"scale":  [ 0.35, 0.35, 0.5434 ]
		},
		"firstperson_righthand": {
			"rotation":  [ -17, -72, 9 ],
			"translation":  [ -5.555, 4.1778, -7.652 ],
			"scale":  [ 0.7, 0.7, 0.7 ]
		},
		"firstperson_lefthand": {
			"rotation":  [ -165, -116, -56 ],
			"translation":  [ -6.259, 5.5652, -5.543 ],
			"scale":  [ 0.7, 0.7, 0.7 ]
		},
		"gui": {
			"translation":  [ -8.651, 6.9565, 0 ]
		},
		"head": {
			"translation":  [ -5.565, 16.695, 10.434 ],
			"scale":  [ 0.7, 0.7, 0.7 ]
		},
		"ground": {
			"translation":  [ -4.867, 4.1738, 4.8695 ],
			"scale":  [ 0.5, 0.5, 0.5 ]
		},
		"fixed": {
			"translation":  [ -10.42, 8.3478, 10.434 ],
			"scale":  [ 1.2, 1.2, 1.2 ]
		}
	}
}