{
	"credit": "Made with Blockbench",
	"texture_size": [32, 32],
	"textures": {
		"0": "item/etc/hanzo",
		"particle": "item/etc/hanzo"
	},
	"elements": [
		{
			"from": [7, 9, 21],
			"to": [9, 10, 24],
			"rotation": {"angle": 0, "axis": "y", "origin": [16, 17, 29]},
			"faces": {
				"north": {"uv": [3.5, 1, 4.5, 1.5], "texture": "#0"},
				"east": {"uv": [3.5, 1, 5, 1.5], "rotation": 180, "texture": "#0"},
				"south": {"uv": [9, 0.5, 10, 1], "texture": "#0"},
				"west": {"uv": [3.5, 1, 5, 1.5], "texture": "#0"},
				"up": {"uv": [9, 0, 10, 0.5], "texture": "#0"},
				"down": {"uv": [9, 0.5, 10, 1], "texture": "#0"}
			}
		},
		{
			"from": [7, 9, 24],
			"to": [8, 10, 28],
			"rotation": {"angle": 0, "axis": "y", "origin": [16, 17, 32]},
			"faces": {
				"north": {"uv": [0, 0, 1, 1], "texture": "#0"},
				"east": {"uv": [5, 1, 7, 1.5], "rotation": 180, "texture": "#0"},
				"south": {"uv": [6.5, 1, 7, 1.5], "texture": "#0"},
				"west": {"uv": [5, 1, 7, 1.5], "texture": "#0"},
				"up": {"uv": [0, 0, 1, 4], "texture": "#0"},
				"down": {"uv": [5, 1, 5.5, 1.5], "rotation": 270, "texture": "#0"}
			}
		},
		{
			"from": [7.5, 9, 25.25],
			"to": [9.5, 9.5, 28.25],
			"rotation": {"angle": 0, "axis": "y", "origin": [16.5, 17, 32.25]},
			"faces": {
				"north": {"uv": [5, 1, 6, 1.5], "texture": "#0"},
				"east": {"uv": [5, 1, 5.5, 1.5], "texture": "#0"},
				"south": {"uv": [5, 1, 6, 1.5], "rotation": 180, "texture": "#0"},
				"west": {"uv": [5, 1, 5.5, 1.5], "texture": "#0"},
				"up": {"uv": [5, 1, 6, 1.5], "rotation": 180, "texture": "#0"},
				"down": {"uv": [5, 1, 5.5, 1.5], "texture": "#0"}
			}
		},
		{
			"from": [8, 8, 24],
			"to": [9, 9, 28],
			"rotation": {"angle": 0, "axis": "y", "origin": [17, 16, 32]},
			"faces": {
				"north": {"uv": [0, 4.5, 0.5, 5], "texture": "#0"},
				"east": {"uv": [0, 4.5, 2, 5], "texture": "#0"},
				"south": {"uv": [1.5, 4.5, 2, 5], "texture": "#0"},
				"west": {"uv": [0, 4.5, 2, 5], "texture": "#0"},
				"up": {"uv": [0, 4.5, 2, 5], "texture": "#0"},
				"down": {"uv": [0, 0, 1, 4], "texture": "#0"}
			}
		},
		{
			"from": [7.5, 8, 30],
			"to": [8.5, 9, 31],
			"rotation": {"angle": 0, "axis": "y", "origin": [16.5, 16, 35]},
			"faces": {
				"north": {"uv": [0, 8, 0.5, 8.5], "texture": "#0"},
				"east": {"uv": [1.5, 8, 2, 8.5], "texture": "#0"},
				"south": {"uv": [0, 8, 0.5, 8.5], "texture": "#0"},
				"west": {"uv": [1.5, 8, 2, 8.5], "texture": "#0"},
				"up": {"uv": [0, 8, 0.5, 8.5], "texture": "#0"},
				"down": {"uv": [0, 8, 0.5, 8.5], "texture": "#0"}
			}
		},
		{
			"from": [7.75, 8.25, 31],
			"to": [8.25, 8.75, 31.75],
			"rotation": {"angle": 0, "axis": "y", "origin": [16.5, 16, 36]},
			"faces": {
				"north": {"uv": [0, 0, 0.5, 0.5], "texture": "#0"},
				"east": {"uv": [1, 8, 1.25, 8.5], "texture": "#0"},
				"south": {"uv": [1, 8, 1.5, 8.5], "texture": "#0"},
				"west": {"uv": [1, 8, 1.25, 8.5], "texture": "#0"},
				"up": {"uv": [1, 8, 1.5, 8.25], "texture": "#0"},
				"down": {"uv": [1, 8, 1.5, 8.5], "texture": "#0"}
			}
		},
		{
			"from": [7.6, 8.5, 29.9],
			"to": [8.4, 9.75, 30.4],
			"rotation": {"angle": -45, "axis": "x", "origin": [8, 9.25, 30.15]},
			"faces": {
				"north": {"uv": [0.5, 8, 0.8, 8.25], "texture": "#0"},
				"east": {"uv": [0.5, 8, 1, 8.25], "texture": "#0"},
				"south": {"uv": [0.5, 8, 1, 8.5], "texture": "#0"},
				"west": {"uv": [0.5, 8, 1, 8.5], "texture": "#0"},
				"up": {"uv": [0.5, 8, 0.8, 8.5], "texture": "#0"},
				"down": {"uv": [0.5, 8, 0.8, 8.5], "texture": "#0"}
			}
		},
		{
			"from": [7.6, 7.25, 29.9],
			"to": [8.4, 8.5, 30.4],
			"rotation": {"angle": 45, "axis": "x", "origin": [8, 7.75, 30.15]},
			"faces": {
				"north": {"uv": [0.5, 8, 0.8, 8.25], "texture": "#0"},
				"east": {"uv": [0.5, 8, 1, 8.5], "texture": "#0"},
				"south": {"uv": [0.5, 8, 0.8, 8.25], "texture": "#0"},
				"west": {"uv": [0.5, 8, 1, 8.25], "texture": "#0"},
				"up": {"uv": [0.5, 8, 0.8, 8.5], "texture": "#0"},
				"down": {"uv": [0.5, 8, 0.8, 8.5], "texture": "#0"}
			}
		},
		{
			"from": [9, 8, 24.5],
			"to": [10, 9, 28.5],
			"rotation": {"angle": 0, "axis": "y", "origin": [18, 16, 32.5]},
			"faces": {
				"north": {"uv": [6.5, 1, 7, 1.5], "texture": "#0"},
				"east": {"uv": [5, 1, 7, 1.5], "texture": "#0"},
				"south": {"uv": [5, 1, 5.5, 1.5], "texture": "#0"},
				"west": {"uv": [5, 1, 7, 1.5], "rotation": 180, "texture": "#0"},
				"up": {"uv": [5, 1, 7, 1.5], "rotation": 270, "texture": "#0"},
				"down": {"uv": [5, 1, 7, 1.5], "rotation": 90, "texture": "#0"}
			}
		},
		{
			"from": [7, 7, 22],
			"to": [9, 8, 29],
			"rotation": {"angle": 0, "axis": "y", "origin": [16, 15, 30]},
			"faces": {
				"north": {"uv": [4.5, 5, 5.5, 5.5], "texture": "#0"},
				"east": {"uv": [0, 5, 3.5, 5.5], "rotation": 180, "texture": "#0"},
				"south": {"uv": [3.5, 5, 4.5, 5.5], "texture": "#0"},
				"west": {"uv": [0, 5, 3.5, 5.5], "texture": "#0"},
				"up": {"uv": [0, 6.5, 3.5, 7.5], "rotation": 90, "texture": "#0"},
				"down": {"uv": [0, 5.5, 3.5, 6.5], "rotation": 90, "texture": "#0"}
			}
		},
		{
			"from": [7, 11, 23],
			"to": [9, 12, 27],
			"rotation": {"angle": 0, "axis": "y", "origin": [16, 18, 31]},
			"faces": {
				"north": {"uv": [6, 0, 7, 0.5], "texture": "#0"},
				"east": {"uv": [3.5, 0, 5.5, 0.5], "rotation": 180, "texture": "#0"},
				"south": {"uv": [6, 0, 7, 0.5], "texture": "#0"},
				"west": {"uv": [3.5, 0, 5.5, 0.5], "texture": "#0"},
				"up": {"uv": [6, 0, 7, 0.5], "rotation": 180, "texture": "#0"},
				"down": {"uv": [0, 0, 2, 4], "texture": "#0"}
			}
		},
		{
			"from": [7, 5, 23],
			"to": [9, 7, 26],
			"rotation": {"angle": 0, "axis": "y", "origin": [16, 12, 31]},
			"faces": {
				"north": {"uv": [15, 1, 16, 2], "texture": "#0"},
				"east": {"uv": [12.5, 0, 14, 1], "texture": "#0"},
				"south": {"uv": [15, 0, 16, 1], "texture": "#0"},
				"west": {"uv": [11, 0, 12.5, 1], "texture": "#0"},
				"up": {"uv": [0, 0, 2, 3], "texture": "#0"},
				"down": {"uv": [14, 0, 15, 1], "texture": "#0"}
			}
		},
		{
			"from": [7, 10, 22],
			"to": [9, 11, 28],
			"rotation": {"angle": 0, "axis": "y", "origin": [16, 17, 31]},
			"faces": {
				"north": {"uv": [8, 0, 9, 0.5], "texture": "#0"},
				"east": {"uv": [3.5, 0.5, 6.5, 1], "rotation": 180, "texture": "#0"},
				"south": {"uv": [8, 0.5, 9, 1], "texture": "#0"},
				"west": {"uv": [3.5, 0.5, 6.5, 1], "texture": "#0"},
				"up": {"uv": [7, 0, 8, 1], "rotation": 180, "texture": "#0"},
				"down": {"uv": [9, 0.5, 10, 1], "texture": "#0"}
			}
		},
		{
			"from": [7.5, 4.49686, 27.4979],
			"to": [8.5, 7.49686, 28.9979],
			"rotation": {"angle": -22.5, "axis": "x", "origin": [8, 5.99686, 28.4979]},
			"faces": {
				"north": {"uv": [8.5, 1.5, 9, 3], "texture": "#0"},
				"east": {"uv": [9.5, 1.5, 10, 3], "texture": "#0"},
				"south": {"uv": [9, 1.5, 9.5, 3], "texture": "#0"},
				"west": {"uv": [9.5, 1.5, 10, 3], "texture": "#0"},
				"up": {"uv": [0, 0, 1, 1.5], "texture": "#0"},
				"down": {"uv": [0, 0, 1, 1.5], "texture": "#0"}
			}
		},
		{
			"from": [7.5, 3.80239, 28.03387],
			"to": [8.5, 4.80239, 29.53387],
			"rotation": {"angle": 0, "axis": "y", "origin": [8, 3.30239, 29.03387]},
			"faces": {
				"north": {"uv": [9.5, 2.5, 10, 3], "texture": "#0"},
				"east": {"uv": [9.5, 2.5, 10, 3], "texture": "#0"},
				"south": {"uv": [9.5, 2.5, 10, 3], "texture": "#0"},
				"west": {"uv": [9.5, 2.5, 10, 3], "texture": "#0"},
				"up": {"uv": [0, 0, 1, 1.5], "texture": "#0"},
				"down": {"uv": [0, 0, 1, 1.5], "texture": "#0"}
			}
		},
		{
			"from": [7.25, 0.80239, 28.03387],
			"to": [8.75, 3.80239, 29.53387],
			"rotation": {"angle": 0, "axis": "y", "origin": [8, 2.30239, 29.03387]},
			"faces": {
				"north": {"uv": [3.5, 7.5, 4, 9], "texture": "#0"},
				"east": {"uv": [3.5, 7.5, 4, 9], "texture": "#0"},
				"south": {"uv": [3.5, 7.5, 4, 9], "texture": "#0"},
				"west": {"uv": [3.5, 7.5, 4, 9], "texture": "#0"},
				"up": {"uv": [3.5, 7.5, 4, 8], "texture": "#0"},
				"down": {"uv": [3.5, 8.5, 4, 9], "texture": "#0"}
			}
		},
		{
			"from": [7, 3.30239, 27.78387],
			"to": [9, 4.30239, 28.78387],
			"rotation": {"angle": 0, "axis": "y", "origin": [7.75, 2.80239, 28.78387]},
			"faces": {
				"north": {"uv": [4, 7.5, 4.5, 8], "texture": "#0"},
				"east": {"uv": [4, 7.5, 4.5, 8], "texture": "#0"},
				"south": {"uv": [4, 7.5, 4.5, 8], "texture": "#0"},
				"west": {"uv": [4, 7.5, 4.5, 8], "texture": "#0"},
				"up": {"uv": [4, 7.5, 4.5, 8], "texture": "#0"},
				"down": {"uv": [4, 7.5, 4.5, 8], "texture": "#0"}
			}
		},
		{
			"from": [7.5, -0.19761, 28.28387],
			"to": [8.5, 0.80239, 29.28387],
			"rotation": {"angle": 0, "axis": "y", "origin": [8, 1.30239, 29.03387]},
			"faces": {
				"north": {"uv": [3.5, 9, 4, 9.5], "texture": "#0"},
				"east": {"uv": [3.5, 9, 4, 9.5], "texture": "#0"},
				"south": {"uv": [3.5, 9, 4, 9.5], "texture": "#0"},
				"west": {"uv": [3.5, 9, 4, 9.5], "texture": "#0"},
				"up": {"uv": [0, 0, 1, 1], "texture": "#0"},
				"down": {"uv": [3.5, 9, 4, 9.5], "texture": "#0"}
			}
		},
		{
			"from": [6.5, -1.19761, 28.53387],
			"to": [8.5, -0.19761, 29.28387],
			"rotation": {"angle": -22.5, "axis": "y", "origin": [8, 0.30239, 29.03387]},
			"faces": {
				"north": {"uv": [3, 7.5, 3.5, 8], "texture": "#0"},
				"east": {"uv": [3, 7.5, 3.25, 8], "texture": "#0"},
				"south": {"uv": [2.5, 7.5, 3.5, 8], "texture": "#0"},
				"west": {"uv": [0, 0, 0.75, 1], "texture": "#0"},
				"up": {"uv": [2, 7.5, 2.5, 7.75], "texture": "#0"},
				"down": {"uv": [2, 7.5, 2.5, 7.75], "texture": "#0"}
			}
		},
		{
			"from": [6.51851, -1.19761, 23.69081],
			"to": [7.01851, -0.19761, 28.69081],
			"rotation": {"angle": 0, "axis": "y", "origin": [6.76851, 0.30239, 28.19081]},
			"faces": {
				"north": {"uv": [0, 7.5, 0.5, 8], "texture": "#0"},
				"east": {"uv": [0, 7.5, 2.5, 8], "rotation": 180, "texture": "#0"},
				"south": {"uv": [0, 0, 0.5, 1], "texture": "#0"},
				"west": {"uv": [0, 7.5, 2.5, 8], "texture": "#0"},
				"up": {"uv": [0, 7.5, 2.5, 8], "rotation": 90, "texture": "#0"},
				"down": {"uv": [0, 7.5, 2.5, 8], "rotation": 90, "texture": "#0"}
			}
		},
		{
			"from": [7.26851, -1.44761, 19.19081],
			"to": [8.76851, 0.05239, 23.19081],
			"rotation": {"angle": 0, "axis": "y", "origin": [6.76851, 0.30239, 23.19081]},
			"faces": {
				"north": {"uv": [0, 8.5, 0.5, 9], "texture": "#0"},
				"east": {"uv": [0, 8.5, 2, 9], "rotation": 180, "texture": "#0"},
				"south": {"uv": [0, 0, 1.5, 1.5], "texture": "#0"},
				"west": {"uv": [0, 8.5, 2, 9], "texture": "#0"},
				"up": {"uv": [0, 8.5, 2, 9], "rotation": 90, "texture": "#0"},
				"down": {"uv": [0, 8.5, 2, 9], "rotation": 270, "texture": "#0"}
			}
		},
		{
			"from": [7.01851, -1.44761, 23.19081],
			"to": [8.76851, 0.05239, 24.19081],
			"rotation": {"angle": 0, "axis": "y", "origin": [6.76851, 0.30239, 23.69081]},
			"faces": {
				"north": {"uv": [2.5, 8.5, 2.75, 9], "texture": "#0"},
				"east": {"uv": [2, 9, 2.5, 9.5], "texture": "#0"},
				"south": {"uv": [2.5, 8.5, 2.75, 9], "texture": "#0"},
				"west": {"uv": [2, 9, 2.5, 9.5], "texture": "#0"},
				"up": {"uv": [2, 8.5, 2.5, 8.75], "rotation": 90, "texture": "#0"},
				"down": {"uv": [2, 8.5, 2.5, 8.75], "rotation": 270, "texture": "#0"}
			}
		},
		{
			"from": [7, 12, 24],
			"to": [9, 15, 27],
			"rotation": {"angle": 0, "axis": "y", "origin": [16, 19, 31]},
			"faces": {
				"north": {"uv": [2.5, 0, 3.5, 1.5], "texture": "#0"},
				"east": {"uv": [0, 0, 1.5, 1.5], "texture": "#0"},
				"south": {"uv": [1.5, 0, 2.5, 1.5], "texture": "#0"},
				"west": {"uv": [0, 0, 1.5, 1.5], "texture": "#0"},
				"up": {"uv": [7.5, 1, 8.5, 2.5], "texture": "#0"},
				"down": {"uv": [0, 0, 2, 3], "texture": "#0"}
			}
		},
		{
			"from": [7, 2, 24],
			"to": [9, 5, 27],
			"rotation": {"angle": 0, "axis": "y", "origin": [16, -2, 31]},
			"faces": {
				"north": {"uv": [2.5, 1.5, 3.5, 0], "texture": "#0"},
				"east": {"uv": [0, 1.5, 1.5, 0], "texture": "#0"},
				"south": {"uv": [1.5, 1.5, 2.5, 0], "texture": "#0"},
				"west": {"uv": [0, 1.5, 1.5, 0], "texture": "#0"},
				"up": {"uv": [8.5, 2.5, 9.5, 1], "texture": "#0"},
				"down": {"uv": [7.5, 2.5, 8.5, 1], "texture": "#0"}
			}
		},
		{
			"from": [7, 15, 25],
			"to": [9, 17, 27],
			"rotation": {"angle": 0, "axis": "y", "origin": [16, 21, 32]},
			"faces": {
				"north": {"uv": [10, 0, 11, 1], "texture": "#0"},
				"east": {"uv": [2, 1.5, 3, 2.5], "texture": "#0"},
				"south": {"uv": [1, 1.5, 2, 2.5], "texture": "#0"},
				"west": {"uv": [0, 1.5, 1, 2.5], "texture": "#0"},
				"up": {"uv": [10, 0, 11, 1], "texture": "#0"},
				"down": {"uv": [0, 0, 2, 2], "texture": "#0"}
			}
		},
		{
			"from": [7, 0, 25],
			"to": [9, 2, 27],
			"rotation": {"angle": 0, "axis": "y", "origin": [16, -4, 32]},
			"faces": {
				"north": {"uv": [10, 1, 11, 0], "texture": "#0"},
				"east": {"uv": [2, 2.5, 3, 1.5], "texture": "#0"},
				"south": {"uv": [1, 2.5, 2, 1.5], "texture": "#0"},
				"west": {"uv": [0, 2.5, 1, 1.5], "texture": "#0"},
				"up": {"uv": [0, 2, 2, 0], "texture": "#0"},
				"down": {"uv": [10, 1, 11, 0], "texture": "#0"}
			}
		},
		{
			"from": [7.25, 17, 26],
			"to": [8.75, 21, 28],
			"rotation": {"angle": 0, "axis": "y", "origin": [16, 23, 33]},
			"faces": {
				"north": {"uv": [0, 2.5, 0.5, 4.5], "rotation": 180, "texture": "#0"},
				"east": {"uv": [0, 2.5, 1, 4.5], "rotation": 180, "texture": "#0"},
				"south": {"uv": [0.5, 2.5, 1, 4.5], "rotation": 180, "texture": "#0"},
				"west": {"uv": [7.5, 2.5, 8.5, 4.5], "rotation": 180, "texture": "#0"},
				"up": {"uv": [0, 2.5, 1, 3], "rotation": 90, "texture": "#0"},
				"down": {"uv": [0, 2.5, 1, 3], "rotation": 270, "texture": "#0"}
			}
		},
		{
			"from": [7.25, -4, 26],
			"to": [8.75, 0, 28],
			"rotation": {"angle": 0, "axis": "y", "origin": [16, -6, 33]},
			"faces": {
				"north": {"uv": [0, 4.5, 0.5, 2.5], "rotation": 180, "texture": "#0"},
				"east": {"uv": [0, 4.5, 1, 2.5], "rotation": 180, "texture": "#0"},
				"south": {"uv": [0.5, 4.5, 1, 2.5], "rotation": 180, "texture": "#0"},
				"west": {"uv": [7.5, 4.5, 8.5, 2.5], "rotation": 180, "texture": "#0"},
				"up": {"uv": [1, 4, 0, 4.5], "rotation": 270, "texture": "#0"},
				"down": {"uv": [1, 2.5, 0, 3], "rotation": 90, "texture": "#0"}
			}
		},
		{
			"from": [7.5, 21, 27],
			"to": [8.5, 24, 28],
			"rotation": {"angle": 0, "axis": "y", "origin": [15.5, 27, 33]},
			"faces": {
				"north": {"uv": [1, 2.5, 1.5, 4], "texture": "#0"},
				"east": {"uv": [1, 2.5, 1.5, 4], "texture": "#0"},
				"south": {"uv": [1.5, 2.5, 2, 4], "texture": "#0"},
				"west": {"uv": [1, 2.5, 1.5, 4], "texture": "#0"},
				"up": {"uv": [1, 2.5, 1.5, 3], "texture": "#0"},
				"down": {"uv": [0, 0, 1, 1], "texture": "#0"}
			}
		},
		{
			"from": [7.5, -7, 27],
			"to": [8.5, -4, 28],
			"rotation": {"angle": 0, "axis": "y", "origin": [15.5, -10, 33]},
			"faces": {
				"north": {"uv": [1, 4, 1.5, 2.5], "texture": "#0"},
				"east": {"uv": [1, 4, 1.5, 2.5], "texture": "#0"},
				"south": {"uv": [1.5, 4, 2, 2.5], "texture": "#0"},
				"west": {"uv": [1, 4, 1.5, 2.5], "texture": "#0"},
				"up": {"uv": [0, 1, 1, 0], "texture": "#0"},
				"down": {"uv": [1, 3, 1.5, 2.5], "texture": "#0"}
			}
		},
		{
			"from": [7.5, 24, 27],
			"to": [8.5, 26, 28],
			"rotation": {"angle": 0, "axis": "y", "origin": [15.5, 30, 33]},
			"faces": {
				"north": {"uv": [2, 2.5, 2.5, 3.5], "texture": "#0"},
				"east": {"uv": [2.5, 2.5, 3, 3.5], "texture": "#0"},
				"south": {"uv": [3, 2.5, 3.5, 3.5], "texture": "#0"},
				"west": {"uv": [2.5, 2.5, 3, 3.5], "texture": "#0"},
				"up": {"uv": [2, 2.5, 2.5, 3], "texture": "#0"},
				"down": {"uv": [2.5, 3, 3, 3.5], "texture": "#0"}
			}
		},
		{
			"from": [7.5, -9, 27],
			"to": [8.5, -7, 28],
			"rotation": {"angle": 0, "axis": "y", "origin": [15.5, -13, 33]},
			"faces": {
				"north": {"uv": [2, 3.5, 2.5, 2.5], "texture": "#0"},
				"east": {"uv": [2.5, 3.5, 3, 2.5], "texture": "#0"},
				"south": {"uv": [3, 3.5, 3.5, 2.5], "texture": "#0"},
				"west": {"uv": [2.5, 3.5, 3, 2.5], "texture": "#0"},
				"up": {"uv": [2.5, 3.5, 3, 3], "texture": "#0"},
				"down": {"uv": [2, 3, 2.5, 2.5], "texture": "#0"}
			}
		},
		{
			"from": [7.5, 26, 28],
			"to": [8.5, 28, 29],
			"rotation": {"angle": 0, "axis": "y", "origin": [15.5, 30, 34]},
			"faces": {
				"north": {"uv": [3.5, 2.5, 4, 3.5], "texture": "#0"},
				"east": {"uv": [4, 2.5, 4.5, 3.5], "texture": "#0"},
				"south": {"uv": [4.5, 2.5, 5, 3.5], "texture": "#0"},
				"west": {"uv": [4, 2.5, 4.5, 3.5], "texture": "#0"},
				"up": {"uv": [3.5, 2.5, 4, 3], "texture": "#0"},
				"down": {"uv": [4.5, 3, 5, 3.5], "texture": "#0"}
			}
		},
		{
			"from": [7.5, -11, 28],
			"to": [8.5, -9, 29],
			"rotation": {"angle": 0, "axis": "y", "origin": [15.5, -13, 34]},
			"faces": {
				"north": {"uv": [3.5, 3.5, 4, 2.5], "texture": "#0"},
				"east": {"uv": [4, 3.5, 4.5, 2.5], "texture": "#0"},
				"south": {"uv": [4.5, 3.5, 5, 2.5], "texture": "#0"},
				"west": {"uv": [4, 3.5, 4.5, 2.5], "texture": "#0"},
				"up": {"uv": [4.5, 3.5, 5, 3], "texture": "#0"},
				"down": {"uv": [3.5, 3, 4, 2.5], "texture": "#0"}
			}
		},
		{
			"from": [7.5, 28, 29],
			"to": [8.5, 29, 30],
			"rotation": {"angle": 0, "axis": "y", "origin": [15.5, 33, 35]},
			"faces": {
				"north": {"uv": [5, 2.5, 5.5, 3], "texture": "#0"},
				"east": {"uv": [5.5, 2.5, 6, 3], "texture": "#0"},
				"south": {"uv": [5.5, 3, 6, 3.5], "texture": "#0"},
				"west": {"uv": [5.5, 2.5, 6, 3], "texture": "#0"},
				"up": {"uv": [5, 2.5, 5.5, 3], "texture": "#0"},
				"down": {"uv": [5, 3, 5.5, 3.5], "texture": "#0"}
			}
		},
		{
			"from": [7.5, -12, 29],
			"to": [8.5, -11, 30],
			"rotation": {"angle": 0, "axis": "y", "origin": [15.5, -16, 35]},
			"faces": {
				"north": {"uv": [5, 3, 5.5, 2.5], "texture": "#0"},
				"east": {"uv": [5.5, 3, 6, 2.5], "texture": "#0"},
				"south": {"uv": [5.5, 3.5, 6, 3], "texture": "#0"},
				"west": {"uv": [5.5, 3, 6, 2.5], "texture": "#0"},
				"up": {"uv": [5, 3.5, 5.5, 3], "texture": "#0"},
				"down": {"uv": [5, 3, 5.5, 2.5], "texture": "#0"}
			}
		},
		{
			"from": [7.5, 29, 29],
			"to": [8.5, 30, 30],
			"rotation": {"angle": 0, "axis": "y", "origin": [15.5, 34, 35]},
			"faces": {
				"north": {"uv": [5, 2.5, 5.5, 3], "texture": "#0"},
				"east": {"uv": [5.5, 2.5, 6, 3], "texture": "#0"},
				"south": {"uv": [5.5, 3, 6, 3.5], "texture": "#0"},
				"west": {"uv": [5.5, 2.5, 6, 3], "texture": "#0"},
				"up": {"uv": [5, 2.5, 5.5, 3], "texture": "#0"},
				"down": {"uv": [5, 3, 5.5, 3.5], "texture": "#0"}
			}
		},
		{
			"from": [7.5, -13, 29],
			"to": [8.5, -12, 30],
			"rotation": {"angle": 0, "axis": "y", "origin": [15.5, -17, 35]},
			"faces": {
				"north": {"uv": [5, 3, 5.5, 2.5], "texture": "#0"},
				"east": {"uv": [5.5, 3, 6, 2.5], "texture": "#0"},
				"south": {"uv": [5.5, 3.5, 6, 3], "texture": "#0"},
				"west": {"uv": [5.5, 3, 6, 2.5], "texture": "#0"},
				"up": {"uv": [5, 3.5, 5.5, 3], "texture": "#0"},
				"down": {"uv": [5, 3, 5.5, 2.5], "texture": "#0"}
			}
		},
		{
			"from": [7.5, 30, 30],
			"to": [8.5, 32, 31],
			"rotation": {"angle": 0, "axis": "y", "origin": [15.5, 36, 36]},
			"faces": {
				"north": {"uv": [6, 2.5, 6.5, 3.5], "texture": "#0"},
				"east": {"uv": [6.5, 2.5, 7, 3.5], "texture": "#0"},
				"south": {"uv": [7, 2.5, 7.5, 3.5], "texture": "#0"},
				"west": {"uv": [6.5, 2.5, 7, 3.5], "texture": "#0"},
				"up": {"uv": [7, 2.5, 7.5, 3], "texture": "#0"},
				"down": {"uv": [7, 3, 7.5, 3.5], "texture": "#0"}
			}
		},
		{
			"from": [7.5, -15, 30],
			"to": [8.5, -13, 31],
			"rotation": {"angle": 0, "axis": "y", "origin": [15.5, -19, 36]},
			"faces": {
				"north": {"uv": [6, 3.5, 6.5, 2.5], "texture": "#0"},
				"east": {"uv": [6.5, 3.5, 7, 2.5], "texture": "#0"},
				"south": {"uv": [7, 3.5, 7.5, 2.5], "texture": "#0"},
				"west": {"uv": [6.5, 3.5, 7, 2.5], "texture": "#0"},
				"up": {"uv": [7, 3.5, 7.5, 3], "texture": "#0"},
				"down": {"uv": [7, 3, 7.5, 2.5], "texture": "#0"}
			}
		},
		{
			"from": [7.75, -13, 30.25],
			"to": [8.25, 8.5, 30.75],
			"rotation": {"angle": 0, "axis": "y", "origin": [15.5, -5, 38.25]},
			"faces": {
				"north": {"uv": [0, 13.5, 0.5, 16], "texture": "#0"},
				"east": {"uv": [0, 13.5, 0.5, 16], "texture": "#0"},
				"south": {"uv": [0, 13.5, 0.5, 16], "texture": "#0"},
				"west": {"uv": [0, 13.5, 0.5, 16], "texture": "#0"},
				"up": {"uv": [0, 0, 0.5, 0.5], "texture": "#0"},
				"down": {"uv": [0, 0, 0.5, 0.5], "texture": "#0"}
			}
		},
		{
			"from": [7.75, 8.5, 30.25],
			"to": [8.25, 30, 30.75],
			"rotation": {"angle": 0, "axis": "y", "origin": [15.5, 16.5, 38.25]},
			"faces": {
				"north": {"uv": [0, 13.5, 0.5, 16], "texture": "#0"},
				"east": {"uv": [0, 13.5, 0.5, 16], "texture": "#0"},
				"south": {"uv": [0, 13.5, 0.5, 16], "texture": "#0"},
				"west": {"uv": [0, 13.5, 0.5, 16], "texture": "#0"},
				"up": {"uv": [0, 0, 0.5, 0.5], "texture": "#0"},
				"down": {"uv": [0, 0, 0.5, 0.5], "texture": "#0"}
			}
		}
	],
	"display": {
		"thirdperson_righthand": {
			"translation": [-2, 0.75, -11.5],
			"scale": [0.6, 0.6, 0.6]
		},
		"thirdperson_lefthand": {
			"translation": [-2, 0.75, -11.5],
			"scale": [0.6, 0.6, 0.6]
		},
		"firstperson_righthand": {
			"rotation": [15, -7, -8],
			"translation": [-1, 6.5, -5.5],
			"scale": [0.5, 0.5, 0.5]
		},
		"firstperson_lefthand": {
			"rotation": [15, -7, -8],
			"translation": [-1, 6.5, -5.5],
			"scale": [0.5, 0.5, 0.5]
		},
		"ground": {
			"rotation": [45, 0, 0],
			"translation": [0, 14, -8],
			"scale": [0.5, 0.5, 0.5]
		},
		"gui": {
			"rotation": [43, 30, -47],
			"translation": [-4.25, 6.75, 0],
			"scale": [0.4, 0.4, 0.5]
		},
		"fixed": {
			"rotation": [0, -90, 0],
			"translation": [8.25, 0, -1],
			"scale": [0.4, 0.4, 0.4]
		}
	},
"overrides": [
      	  {
        	    "predicate": {
                	"pulling": 1
            	},
           	 "model": "item/bow_pulling_0"
	        },
        	{
        	    "predicate": {
        	        "pulling": 1,
        	        "pull": 0.65
        	    },
        	    "model": "item/bow_pulling_1"
        	},
        	{
           	 "predicate": {
               	 "pulling": 1,
                	"pull": 0.9
           	 },
           	 "model": "item/bow_pulling_2"
        	}
	]
}