{
	"__comment": "moon",
	"textures": {
		"crown": "item/etc/crown"
	},
	"elements": [ 	 
		{
			"__comment": "Voxels",
			"from": [ -4, 5, -6 ],
			"to": [ -1, 6, -5 ],
			"faces": {
				"down": { "uv": [ 9.75, 9.5, 10.5, 9.75 ], "texture": "#crown" },
				"up": { "uv": [ 9, 9.25, 9.75, 9 ], "texture": "#crown" },
				"north": { "uv": [ 9, 9, 8.25, 9.25 ], "texture": "#crown" },
				"south": { "uv": [ 7.5, 9, 8.25, 9.25 ], "texture": "#crown" },
				"west": { "uv": [ 10.25, 6.75, 10.5, 7 ], "texture": "#crown" },
				"east": { "uv": [ 10.25, 6.75, 10, 7 ], "texture": "#crown" }
			}
		},
		{
			"__comment": "Voxels",
			"from": [ -4, 5, -5 ],
			"to": [ -2, 6, 3 ],
			"faces": {
				"down": { "uv": [ 0, 12.25, 0.5, 14.25 ], "texture": "#crown" },
				"up": { "uv": [ 0, 12.25, 0.5, 10.25 ], "texture": "#crown" },
				"north": { "uv": [ 11.75, 8, 11.25, 8.25 ], "texture": "#crown" },
				"south": { "uv": [ 11.75, 8, 12.25, 8.25 ], "texture": "#crown" },
				"west": { "uv": [ 10, 10.75, 12, 11 ], "texture": "#crown" },
				"east": { "uv": [ 10, 10.75, 8, 11 ], "texture": "#crown" }
			}
		},
		{
			"__comment": "Voxels",
			"from": [ -4, 6, -4 ],
			"to": [ -2, 8, -3 ],
			"faces": {
				"down": { "uv": [ 12.25, 8, 12.75, 8.25 ], "texture": "#crown" },
				"up": { "uv": [ 14.75, 8.25, 15.25, 8 ], "texture": "#crown" },
				"north": { "uv": [ 5.25, 1.25, 4.75, 1.75 ], "texture": "#crown" },
				"south": { "uv": [ 4.75, 0.75, 5.25, 1.25 ], "texture": "#crown" },
				"west": { "uv": [ 7.75, 6, 8, 6.5 ], "texture": "#crown" },
				"east": { "uv": [ 8, 5.5, 7.75, 6 ], "texture": "#crown" }
			}
		},
		{
			"__comment": "Voxels",
			"from": [ -4, 6, -3 ],
			"to": [ -2, 7, -2 ],
			"faces": {
				"down": { "uv": [ 15.25, 8, 15.75, 8.25 ], "texture": "#crown" },
				"up": { "uv": [ 10, 8, 10.5, 7.75 ], "texture": "#crown" },
				"north": { "uv": [ 11, 7.75, 10.5, 8 ], "texture": "#crown" },
				"south": { "uv": [ 11, 7.75, 11.5, 8 ], "texture": "#crown" },
				"west": { "uv": [ 9.75, 6.75, 10, 7 ], "texture": "#crown" },
				"east": { "uv": [ 9.25, 0, 9, 0.25 ], "texture": "#crown" }
			}
		},
		{
			"__comment": "Voxels",
			"from": [ -4, 6, -1 ],
			"to": [ -2, 7, 1 ],
			"faces": {
				"down": { "uv": [ 4.75, 0.25, 5.25, 0.75 ], "texture": "#crown" },
				"up": { "uv": [ 5.25, 10.5, 5.75, 10 ], "texture": "#crown" },
				"north": { "uv": [ 12, 7.75, 11.5, 8 ], "texture": "#crown" },
				"south": { "uv": [ 13, 7.75, 13.5, 8 ], "texture": "#crown" },
				"west": { "uv": [ 13.5, 7.75, 14, 8 ], "texture": "#crown" },
				"east": { "uv": [ 14.5, 7.75, 14, 8 ], "texture": "#crown" }
			}
		},
		{
			"__comment": "Voxels",
			"from": [ -4, 7, -6 ],
			"to": [ -1, 11, -5 ],
			"faces": {
				"down": { "uv": [ 6, 3, 6.75, 3.25 ], "texture": "#crown" },
				"up": { "uv": [ 6, 3.5, 6.75, 3.25 ], "texture": "#crown" },
				"north": { "uv": [ 1.25, 11.25, 0.5, 12.25 ], "texture": "#crown" },
				"south": { "uv": [ 0.5, 10.25, 1.25, 11.25 ], "texture": "#crown" },
				"west": { "uv": [ 1, 5.25, 1.25, 6.25 ], "texture": "#crown" },
				"east": { "uv": [ 1.25, 2.25, 1, 3.25 ], "texture": "#crown" }
			}
		},
		{
			"__comment": "Voxels",
			"from": [ -4, 7, -5 ],
			"to": [ -2, 8, -4 ],
			"faces": {
				"down": { "uv": [ 14.5, 7.75, 15, 8 ], "texture": "#crown" },
				"up": { "uv": [ 15, 8, 15.5, 7.75 ], "texture": "#crown" },
				"north": { "uv": [ 16, 7.75, 15.5, 8 ], "texture": "#crown" },
				"south": { "uv": [ 8, 7.5, 8.5, 7.75 ], "texture": "#crown" },
				"west": { "uv": [ 9, 0.25, 9.25, 0.5 ], "texture": "#crown" },
				"east": { "uv": [ 9.25, 0.5, 9, 0.75 ], "texture": "#crown" }
			}
		},
		{
			"__comment": "Voxels",
			"from": [ -4, 7, -2 ],
			"to": [ -2, 11, -1 ],
			"faces": {
				"down": { "uv": [ 8.5, 7.5, 9, 7.75 ], "texture": "#crown" },
				"up": { "uv": [ 9, 7.75, 9.5, 7.5 ], "texture": "#crown" },
				"north": { "uv": [ 1, 2.25, 0.5, 3.25 ], "texture": "#crown" },
				"south": { "uv": [ 0.5, 5.25, 1, 6.25 ], "texture": "#crown" },
				"west": { "uv": [ 5.25, 8, 5.5, 9 ], "texture": "#crown" },
				"east": { "uv": [ 5.75, 8, 5.5, 9 ], "texture": "#crown" }
			}
		},
		{
			"__comment": "Voxels",
			"from": [ -4, 7, 0 ],
			"to": [ -2, 8, 3 ],
			"faces": {
				"down": { "uv": [ 2.75, 5, 3.25, 5.75 ], "texture": "#crown" },
				"up": { "uv": [ 6.25, 15, 6.75, 14.25 ], "texture": "#crown" },
				"north": { "uv": [ 10, 7.5, 9.5, 7.75 ], "texture": "#crown" },
				"south": { "uv": [ 10, 7.5, 10.5, 7.75 ], "texture": "#crown" },
				"west": { "uv": [ 6, 4.25, 6.75, 4.5 ], "texture": "#crown" },
				"east": { "uv": [ 6.75, 4.5, 6, 4.75 ], "texture": "#crown" }
			}
		},
		{
			"__comment": "Voxels",
			"from": [ -4, 8, -7 ],
			"to": [ -1, 10, -6 ],
			"faces": {
				"down": { "uv": [ 6, 4.75, 6.75, 5 ], "texture": "#crown" },
				"up": { "uv": [ 9, 9.5, 9.75, 9.25 ], "texture": "#crown" },
				"north": { "uv": [ 2, 0.25, 1.25, 0.75 ], "texture": "#crown" },
				"south": { "uv": [ 1.25, 0.75, 2, 1.25 ], "texture": "#crown" },
				"west": { "uv": [ 7.75, 4, 8, 4.5 ], "texture": "#crown" },
				"east": { "uv": [ 8, 3.5, 7.75, 4 ], "texture": "#crown" }
			}
		},
		{
			"__comment": "Voxels",
			"from": [ -4, 8, -3 ],
			"to": [ -2, 10, -2 ],
			"faces": {
				"down": { "uv": [ 10.5, 7.5, 11, 7.75 ], "texture": "#crown" },
				"up": { "uv": [ 11, 7.75, 11.5, 7.5 ], "texture": "#crown" },
				"north": { "uv": [ 5.75, 6.5, 5.25, 7 ], "texture": "#crown" },
				"south": { "uv": [ 5.25, 6, 5.75, 6.5 ], "texture": "#crown" },
				"west": { "uv": [ 7.75, 3, 8, 3.5 ], "texture": "#crown" },
				"east": { "uv": [ 8, 2.5, 7.75, 3 ], "texture": "#crown" }
			}
		},
		{
			"__comment": "Voxels",
			"from": [ -4, 8, -1 ],
			"to": [ -2, 10, 0 ],
			"faces": {
				"down": { "uv": [ 11.5, 7.5, 12, 7.75 ], "texture": "#crown" },
				"up": { "uv": [ 13, 7.75, 13.5, 7.5 ], "texture": "#crown" },
				"north": { "uv": [ 5.75, 5.5, 5.25, 6 ], "texture": "#crown" },
				"south": { "uv": [ 5.25, 1, 5.75, 1.5 ], "texture": "#crown" },
				"west": { "uv": [ 7.75, 2, 8, 2.5 ], "texture": "#crown" },
				"east": { "uv": [ 8, 1.5, 7.75, 2 ], "texture": "#crown" }
			}
		},
		{
			"__comment": "Voxels",
			"from": [ -4, 8, 2 ],
			"to": [ -1, 11, 3 ],
			"faces": {
				"down": { "uv": [ 6, 7.75, 6.75, 8 ], "texture": "#crown" },
				"up": { "uv": [ 6, 8.25, 6.75, 8 ], "texture": "#crown" },
				"north": { "uv": [ 1.25, 6.25, 0.5, 7 ], "texture": "#crown" },
				"south": { "uv": [ 0.5, 7, 1.25, 7.75 ], "texture": "#crown" },
				"west": { "uv": [ 6, 8.25, 6.25, 9 ], "texture": "#crown" },
				"east": { "uv": [ 6, 0.25, 5.75, 1 ], "texture": "#crown" }
			}
		},
		{
			"__comment": "Voxels",
			"from": [ -4, 8, 3 ],
			"to": [ -1, 10, 4 ],
			"faces": {
				"down": { "uv": [ 14.25, 9.25, 15, 9.5 ], "texture": "#crown" },
				"up": { "uv": [ 13.5, 9.5, 14.25, 9.25 ], "texture": "#crown" },
				"north": { "uv": [ 4.75, 8.25, 4, 8.75 ], "texture": "#crown" },
				"south": { "uv": [ 4, 10.25, 4.75, 10.75 ], "texture": "#crown" },
				"west": { "uv": [ 7.75, 1, 8, 1.5 ], "texture": "#crown" },
				"east": { "uv": [ 8, 0.5, 7.75, 1 ], "texture": "#crown" }
			}
		},
		{
			"__comment": "Voxels",
			"from": [ -4, 10, -5 ],
			"to": [ -2, 13, -3 ],
			"faces": {
				"down": { "uv": [ 5.25, 0.5, 5.75, 1 ], "texture": "#crown" },
				"up": { "uv": [ 5.25, 0.5, 5.75, 0 ], "texture": "#crown" },
				"north": { "uv": [ 3.25, 0.5, 2.75, 1.25 ], "texture": "#crown" },
				"south": { "uv": [ 2.25, 0.5, 2.75, 1.25 ], "texture": "#crown" },
				"west": { "uv": [ 2.25, 3, 2.75, 3.75 ], "texture": "#crown" },
				"east": { "uv": [ 3.25, 3.75, 2.75, 4.5 ], "texture": "#crown" }
			}
		},
		{
			"__comment": "Voxels",
			"from": [ -4, 10, 0 ],
			"to": [ -2, 15, 1 ],
			"faces": {
				"down": { "uv": [ 13.5, 7.5, 14, 7.75 ], "texture": "#crown" },
				"up": { "uv": [ 14, 7.75, 14.5, 7.5 ], "texture": "#crown" },
				"north": { "uv": [ 0.5, 1.5, 0, 2.75 ], "texture": "#crown" },
				"south": { "uv": [ 0, 6.5, 0.5, 7.75 ], "texture": "#crown" },
				"west": { "uv": [ 4, 3.25, 4.25, 4.5 ], "texture": "#crown" },
				"east": { "uv": [ 4.75, 4.5, 4.5, 5.75 ], "texture": "#crown" }
			}
		},
		{
			"__comment": "Voxels",
			"from": [ -4, 10, 1 ],
			"to": [ -2, 13, 2 ],
			"faces": {
				"down": { "uv": [ 14.5, 7.5, 15, 7.75 ], "texture": "#crown" },
				"up": { "uv": [ 8.25, 7.5, 8.75, 7.25 ], "texture": "#crown" },
				"north": { "uv": [ 4, 9.25, 3.5, 10 ], "texture": "#crown" },
				"south": { "uv": [ 3.5, 4.75, 4, 5.5 ], "texture": "#crown" },
				"west": { "uv": [ 5.75, 1, 6, 1.75 ], "texture": "#crown" },
				"east": { "uv": [ 6, 1.75, 5.75, 2.5 ], "texture": "#crown" }
			}
		},
		{
			"__comment": "Voxels",
			"from": [ -4, 11, -3 ],
			"to": [ -2, 16, -2 ],
			"faces": {
				"down": { "uv": [ 8.75, 7.25, 9.25, 7.5 ], "texture": "#crown" },
				"up": { "uv": [ 9.25, 7.5, 9.75, 7.25 ], "texture": "#crown" },
				"north": { "uv": [ 0.5, 2.75, 0, 4 ], "texture": "#crown" },
				"south": { "uv": [ 0, 4, 0.5, 5.25 ], "texture": "#crown" },
				"west": { "uv": [ 4.25, 4.5, 4.5, 5.75 ], "texture": "#crown" },
				"east": { "uv": [ 1.25, 9, 1, 10.25 ], "texture": "#crown" }
			}
		},
		{
			"__comment": "Voxels",
			"from": [ -4, 11, -1 ],
			"to": [ -2, 16, 0 ],
			"faces": {
				"down": { "uv": [ 9.75, 7.25, 10.25, 7.5 ], "texture": "#crown" },
				"up": { "uv": [ 11.25, 7.5, 11.75, 7.25 ], "texture": "#crown" },
				"north": { "uv": [ 0.5, 7.75, 0, 9 ], "texture": "#crown" },
				"south": { "uv": [ 0, 9, 0.5, 10.25 ], "texture": "#crown" },
				"west": { "uv": [ 4.5, 7, 4.75, 8.25 ], "texture": "#crown" },
				"east": { "uv": [ 4.75, 5.75, 4.5, 7 ], "texture": "#crown" }
			}
		},
		{
			"__comment": "Voxels",
			"from": [ -4, 12, -6 ],
			"to": [ -1, 13, -5 ],
			"faces": {
				"down": { "uv": [ 8.25, 9.25, 9, 9.5 ], "texture": "#crown" },
				"up": { "uv": [ 6, 9.5, 6.75, 9.25 ], "texture": "#crown" },
				"north": { "uv": [ 15.75, 9.5, 15, 9.75 ], "texture": "#crown" },
				"south": { "uv": [ 12.75, 9.5, 13.5, 9.75 ], "texture": "#crown" },
				"west": { "uv": [ 9, 0.75, 9.25, 1 ], "texture": "#crown" },
				"east": { "uv": [ 15.5, 7, 15.25, 7.25 ], "texture": "#crown" }
			}
		},
		{
			"__comment": "Voxels",
			"from": [ -4, 12, -2 ],
			"to": [ -2, 17, -1 ],
			"faces": {
				"down": { "uv": [ 11.75, 7.25, 12.25, 7.5 ], "texture": "#crown" },
				"up": { "uv": [ 13.25, 7.5, 13.75, 7.25 ], "texture": "#crown" },
				"north": { "uv": [ 0.5, 0.25, 0, 1.5 ], "texture": "#crown" },
				"south": { "uv": [ 0, 5.25, 0.5, 6.5 ], "texture": "#crown" },
				"west": { "uv": [ 4, 5.75, 4.25, 7 ], "texture": "#crown" },
				"east": { "uv": [ 4.5, 5.75, 4.25, 7 ], "texture": "#crown" }
			}
		},
		{
			"__comment": "Voxels",
			"from": [ -4, 12, 2 ],
			"to": [ -1, 13, 3 ],
			"faces": {
				"down": { "uv": [ 9, 9.5, 9.75, 9.75 ], "texture": "#crown" },
				"up": { "uv": [ 6.75, 9.75, 7.5, 9.5 ], "texture": "#crown" },
				"north": { "uv": [ 6.75, 9.5, 6, 9.75 ], "texture": "#crown" },
				"south": { "uv": [ 15, 9.75, 15.75, 10 ], "texture": "#crown" },
				"west": { "uv": [ 15, 7, 15.25, 7.25 ], "texture": "#crown" },
				"east": { "uv": [ 15, 7, 14.75, 7.25 ], "texture": "#crown" }
			}
		},
		{
			"__comment": "Voxels",
			"from": [ -4, 13, -4 ],
			"to": [ -2, 15, -3 ],
			"faces": {
				"down": { "uv": [ 13.75, 7.25, 14.25, 7.5 ], "texture": "#crown" },
				"up": { "uv": [ 14.25, 7.5, 14.75, 7.25 ], "texture": "#crown" },
				"north": { "uv": [ 3.5, 4.5, 3, 5 ], "texture": "#crown" },
				"south": { "uv": [ 3, 1.75, 3.5, 2.25 ], "texture": "#crown" },
				"west": { "uv": [ 8, 2.5, 8.25, 3 ], "texture": "#crown" },
				"east": { "uv": [ 8.25, 2, 8, 2.5 ], "texture": "#crown" }
			}
		},
		{
			"__comment": "Voxels",
			"from": [ -3, 5, -8 ],
			"to": [ 0, 6, -7 ],
			"faces": {
				"down": { "uv": [ 10.5, 9.75, 11.25, 10 ], "texture": "#crown" },
				"up": { "uv": [ 6.75, 10, 7.5, 9.75 ], "texture": "#crown" },
				"north": { "uv": [ 6.75, 9.75, 6, 10 ], "texture": "#crown" },
				"south": { "uv": [ 14, 10, 14.75, 10.25 ], "texture": "#crown" },
				"west": { "uv": [ 14.5, 7, 14.75, 7.25 ], "texture": "#crown" },
				"east": { "uv": [ 14, 7, 13.75, 7.25 ], "texture": "#crown" }
			}
		},
		{
			"__comment": "Voxels",
			"from": [ -3, 5, -7 ],
			"to": [ -1, 6, -6 ],
			"faces": {
				"down": { "uv": [ 14.75, 7.25, 15.25, 7.5 ], "texture": "#crown" },
				"up": { "uv": [ 15.25, 7.5, 15.75, 7.25 ], "texture": "#crown" },
				"north": { "uv": [ 8.75, 7, 8.25, 7.25 ], "texture": "#crown" },
				"south": { "uv": [ 8.25, 6.5, 8.75, 6.75 ], "texture": "#crown" },
				"west": { "uv": [ 13.5, 7, 13.75, 7.25 ], "texture": "#crown" },
				"east": { "uv": [ 13.5, 7, 13.25, 7.25 ], "texture": "#crown" }
			}
		},
		{
			"__comment": "Voxels",
			"from": [ -3, 5, 3 ],
			"to": [ -1, 6, 5 ],
			"faces": {
				"down": { "uv": [ 3, 1.25, 3.5, 1.75 ], "texture": "#crown" },
				"up": { "uv": [ 2.25, 0.5, 2.75, 0 ], "texture": "#crown" },
				"north": { "uv": [ 8.75, 6.25, 8.25, 6.5 ], "texture": "#crown" },
				"south": { "uv": [ 8.25, 4, 8.75, 4.25 ], "texture": "#crown" },
				"west": { "uv": [ 8.25, 3.75, 8.75, 4 ], "texture": "#crown" },
				"east": { "uv": [ 8.75, 3.5, 8.25, 3.75 ], "texture": "#crown" }
			}
		},
		{
			"__comment": "Voxels",
			"from": [ -3, 6, -6 ],
			"to": [ -1, 7, -5 ],
			"faces": {
				"down": { "uv": [ 8.25, 3.25, 8.75, 3.5 ], "texture": "#crown" },
				"up": { "uv": [ 8.25, 3.25, 8.75, 3 ], "texture": "#crown" },
				"north": { "uv": [ 8.75, 2.75, 8.25, 3 ], "texture": "#crown" },
				"south": { "uv": [ 8.25, 2.5, 8.75, 2.75 ], "texture": "#crown" },
				"west": { "uv": [ 13, 7, 13.25, 7.25 ], "texture": "#crown" },
				"east": { "uv": [ 12.5, 7, 12.25, 7.25 ], "texture": "#crown" }
			}
		},
		{
			"__comment": "Voxels",
			"from": [ -3, 6, -5 ],
			"to": [ -2, 7, -4 ],
			"faces": {
				"down": { "uv": [ 12, 7, 12.25, 7.25 ], "texture": "#crown" },
				"up": { "uv": [ 15.75, 8.25, 16, 8 ], "texture": "#crown" },
				"north": { "uv": [ 16, 8.25, 15.75, 8.5 ], "texture": "#crown" },
				"south": { "uv": [ 7, 0, 7.25, 0.25 ], "texture": "#crown" },
				"west": { "uv": [ 15.75, 9, 16, 9.25 ], "texture": "#crown" },
				"east": { "uv": [ 6.25, 0, 6, 0.25 ], "texture": "#crown" }
			}
		},
		{
			"__comment": "Voxels",
			"from": [ -3, 6, -2 ],
			"to": [ -2, 7, -1 ],
			"faces": {
				"down": { "uv": [ 15.75, 9.25, 16, 9.5 ], "texture": "#crown" },
				"up": { "uv": [ 15.75, 9.75, 16, 9.5 ], "texture": "#crown" },
				"north": { "uv": [ 16, 9.75, 15.75, 10 ], "texture": "#crown" },
				"south": { "uv": [ 5.75, 0, 6, 0.25 ], "texture": "#crown" },
				"west": { "uv": [ 15.75, 11, 16, 11.25 ], "texture": "#crown" },
				"east": { "uv": [ 16, 11.25, 15.75, 11.5 ], "texture": "#crown" }
			}
		},
		{
			"__comment": "Voxels",
			"from": [ -3, 6, 1 ],
			"to": [ -2, 7, 3 ],
			"faces": {
				"down": { "uv": [ 8.25, 2, 8.5, 2.5 ], "texture": "#crown" },
				"up": { "uv": [ 8.5, 2.5, 8.75, 2 ], "texture": "#crown" },
				"north": { "uv": [ 16, 11.5, 15.75, 11.75 ], "texture": "#crown" },
				"south": { "uv": [ 15.75, 12.5, 16, 12.75 ], "texture": "#crown" },
				"west": { "uv": [ 8.25, 1.75, 8.75, 2 ], "texture": "#crown" },
				"east": { "uv": [ 8.75, 1.5, 8.25, 1.75 ], "texture": "#crown" }
			}
		},
		{
			"__comment": "Voxels",
			"from": [ -3, 7, -8 ],
			"to": [ 0, 8, -7 ],
			"faces": {
				"down": { "uv": [ 8.75, 10.25, 9.5, 10.5 ], "texture": "#crown" },
				"up": { "uv": [ 13.75, 10.75, 14.5, 10.5 ], "texture": "#crown" },
				"north": { "uv": [ 13, 10.5, 12.25, 10.75 ], "texture": "#crown" },
				"south": { "uv": [ 4, 0, 4.75, 0.25 ], "texture": "#crown" },
				"west": { "uv": [ 15.75, 12.75, 16, 13 ], "texture": "#crown" },
				"east": { "uv": [ 16, 13.5, 15.75, 13.75 ], "texture": "#crown" }
			}
		},
		{
			"__comment": "Voxels",
			"from": [ -3, 7, -7 ],
			"to": [ -1, 8, -6 ],
			"faces": {
				"down": { "uv": [ 8.25, 1.25, 8.75, 1.5 ], "texture": "#crown" },
				"up": { "uv": [ 8.25, 0.25, 8.75, 0 ], "texture": "#crown" },
				"north": { "uv": [ 9.5, 7, 9, 7.25 ], "texture": "#crown" },
				"south": { "uv": [ 9.5, 7, 10, 7.25 ], "texture": "#crown" },
				"west": { "uv": [ 15.75, 13.75, 16, 14 ], "texture": "#crown" },
				"east": { "uv": [ 16, 14, 15.75, 14.25 ], "texture": "#crown" }
			}
		},
		{
			"__comment": "Voxels",
			"from": [ -3, 7, -3 ],
			"to": [ -2, 8, -2 ],
			"faces": {
				"down": { "uv": [ 15.75, 14.25, 16, 14.5 ], "texture": "#crown" },
				"up": { "uv": [ 11.75, 5.75, 12, 5.5 ], "texture": "#crown" },
				"north": { "uv": [ 11.75, 5.5, 11.5, 5.75 ], "texture": "#crown" },
				"south": { "uv": [ 11.25, 5.5, 11.5, 5.75 ], "texture": "#crown" },
				"west": { "uv": [ 11, 5.5, 11.25, 5.75 ], "texture": "#crown" },
				"east": { "uv": [ 10.5, 5.5, 10.25, 5.75 ], "texture": "#crown" }
			}
		},
		{
			"__comment": "Voxels",
			"from": [ -3, 7, -1 ],
			"to": [ -2, 8, 0 ],
			"faces": {
				"down": { "uv": [ 10, 0, 10.25, 0.25 ], "texture": "#crown" },
				"up": { "uv": [ 10, 0.5, 10.25, 0.25 ], "texture": "#crown" },
				"north": { "uv": [ 10.25, 0.5, 10, 0.75 ], "texture": "#crown" },
				"south": { "uv": [ 10, 1.75, 10.25, 2 ], "texture": "#crown" },
				"west": { "uv": [ 10, 2, 10.25, 2.25 ], "texture": "#crown" },
				"east": { "uv": [ 10.25, 2.25, 10, 2.5 ], "texture": "#crown" }
			}
		},
		{
			"__comment": "Voxels",
			"from": [ -3, 7, 3 ],
			"to": [ -1, 8, 5 ],
			"faces": {
				"down": { "uv": [ 4, 2.75, 4.5, 3.25 ], "texture": "#crown" },
				"up": { "uv": [ 4, 2.75, 4.5, 2.25 ], "texture": "#crown" },
				"north": { "uv": [ 10.5, 7, 10, 7.25 ], "texture": "#crown" },
				"south": { "uv": [ 10.5, 7, 11, 7.25 ], "texture": "#crown" },
				"west": { "uv": [ 11, 7, 11.5, 7.25 ], "texture": "#crown" },
				"east": { "uv": [ 12, 7, 11.5, 7.25 ], "texture": "#crown" }
			}
		},
		{
			"__comment": "Voxels",
			"from": [ -3, 8, -5 ],
			"to": [ -2, 10, -3 ],
			"faces": {
				"down": { "uv": [ 8.75, 1.75, 9, 2.25 ], "texture": "#crown" },
				"up": { "uv": [ 8.75, 0.75, 9, 0.25 ], "texture": "#crown" },
				"north": { "uv": [ 9.25, 6.5, 9, 7 ], "texture": "#crown" },
				"south": { "uv": [ 9, 6, 9.25, 6.5 ], "texture": "#crown" },
				"west": { "uv": [ 4.75, 9.25, 5.25, 9.75 ], "texture": "#crown" },
				"east": { "uv": [ 5.25, 8.75, 4.75, 9.25 ], "texture": "#crown" }
			}
		},
		{
			"__comment": "Voxels",
			"from": [ -3, 8, 0 ],
			"to": [ -2, 10, 2 ],
			"faces": {
				"down": { "uv": [ 9, 5.5, 9.25, 6 ], "texture": "#crown" },
				"up": { "uv": [ 2, 1.25, 2.25, 0.75 ], "texture": "#crown" },
				"north": { "uv": [ 2.25, 0.25, 2, 0.75 ], "texture": "#crown" },
				"south": { "uv": [ 4.5, 2.75, 4.75, 3.25 ], "texture": "#crown" },
				"west": { "uv": [ 4.75, 8.25, 5.25, 8.75 ], "texture": "#crown" },
				"east": { "uv": [ 5.25, 7.75, 4.75, 8.25 ], "texture": "#crown" }
			}
		},
		{
			"__comment": "Voxels",
			"from": [ -3, 10, -8 ],
			"to": [ 0, 11, -7 ],
			"faces": {
				"down": { "uv": [ 13.5, 9, 14.25, 9.25 ], "texture": "#crown" },
				"up": { "uv": [ 12.25, 9, 13, 8.75 ], "texture": "#crown" },
				"north": { "uv": [ 14.75, 10.25, 14, 10.5 ], "texture": "#crown" },
				"south": { "uv": [ 14.75, 10.25, 15.5, 10.5 ], "texture": "#crown" },
				"west": { "uv": [ 10, 2.5, 10.25, 2.75 ], "texture": "#crown" },
				"east": { "uv": [ 10.25, 3.25, 10, 3.5 ], "texture": "#crown" }
			}
		},
		{
			"__comment": "Voxels",
			"from": [ -3, 10, -7 ],
			"to": [ -1, 13, -6 ],
			"faces": {
				"down": { "uv": [ 0, 0, 0.5, 0.25 ], "texture": "#crown" },
				"up": { "uv": [ 15.5, 11, 16, 10.75 ], "texture": "#crown" },
				"north": { "uv": [ 3.25, 2.25, 2.75, 3 ], "texture": "#crown" },
				"south": { "uv": [ 2.25, 2.25, 2.75, 3 ], "texture": "#crown" },
				"west": { "uv": [ 5.75, 6.25, 6, 7 ], "texture": "#crown" },
				"east": { "uv": [ 6, 5.5, 5.75, 6.25 ], "texture": "#crown" }
			}
		},
		{
			"__comment": "Voxels",
			"from": [ -3, 10, -3 ],
			"to": [ -2, 11, -2 ],
			"faces": {
				"down": { "uv": [ 10, 3.5, 10.25, 3.75 ], "texture": "#crown" },
				"up": { "uv": [ 10, 4, 10.25, 3.75 ], "texture": "#crown" },
				"north": { "uv": [ 10.25, 4, 10, 4.25 ], "texture": "#crown" },
				"south": { "uv": [ 10, 4.75, 10.25, 5 ], "texture": "#crown" },
				"west": { "uv": [ 10, 5, 10.25, 5.25 ], "texture": "#crown" },
				"east": { "uv": [ 16, 5.75, 15.75, 6 ], "texture": "#crown" }
			}
		},
		{
			"__comment": "Voxels",
			"from": [ -3, 10, -1 ],
			"to": [ -2, 11, 0 ],
			"faces": {
				"down": { "uv": [ 15.5, 5.75, 15.75, 6 ], "texture": "#crown" },
				"up": { "uv": [ 14.25, 6, 14.5, 5.75 ], "texture": "#crown" },
				"north": { "uv": [ 14.25, 5.75, 14, 6 ], "texture": "#crown" },
				"south": { "uv": [ 13.75, 5.75, 14, 6 ], "texture": "#crown" },
				"west": { "uv": [ 13.5, 5.75, 13.75, 6 ], "texture": "#crown" },
				"east": { "uv": [ 12.5, 5.75, 12.25, 6 ], "texture": "#crown" }
			}
		},
		{
			"__comment": "Voxels",
			"from": [ -3, 10, 3 ],
			"to": [ -1, 13, 4 ],
			"faces": {
				"down": { "uv": [ 4.25, 3.25, 4.75, 3.5 ], "texture": "#crown" },
				"up": { "uv": [ 4.75, 0.25, 5.25, 0 ], "texture": "#crown" },
				"north": { "uv": [ 2.75, 3.75, 2.25, 4.5 ], "texture": "#crown" },
				"south": { "uv": [ 3.5, 10, 4, 10.75 ], "texture": "#crown" },
				"west": { "uv": [ 6.75, 7.5, 7, 8.25 ], "texture": "#crown" },
				"east": { "uv": [ 7, 6.75, 6.75, 7.5 ], "texture": "#crown" }
			}
		},
		{
			"__comment": "Voxels",
			"from": [ -3, 10, 4 ],
			"to": [ 0, 11, 5 ],
			"faces": {
				"down": { "uv": [ 15, 9, 15.75, 9.25 ], "texture": "#crown" },
				"up": { "uv": [ 7, 9, 7.75, 8.75 ], "texture": "#crown" },
				"north": { "uv": [ 8.5, 8.75, 7.75, 9 ], "texture": "#crown" },
				"south": { "uv": [ 8.5, 8.75, 9.25, 9 ], "texture": "#crown" },
				"west": { "uv": [ 12, 5.75, 12.25, 6 ], "texture": "#crown" },
				"east": { "uv": [ 11.5, 5.75, 11.25, 6 ], "texture": "#crown" }
			}
		},
		{
			"__comment": "Voxels",
			"from": [ -3, 11, -6 ],
			"to": [ -1, 12, -5 ],
			"faces": {
				"down": { "uv": [ 15.5, 10.25, 16, 10.5 ], "texture": "#crown" },
				"up": { "uv": [ 15.5, 10.25, 16, 10 ], "texture": "#crown" },
				"north": { "uv": [ 6.75, 0, 6.25, 0.25 ], "texture": "#crown" },
				"south": { "uv": [ 11.5, 8.5, 12, 8.75 ], "texture": "#crown" },
				"west": { "uv": [ 11, 5.75, 11.25, 6 ], "texture": "#crown" },
				"east": { "uv": [ 10, 0, 9.75, 0.25 ], "texture": "#crown" }
			}
		},
		{
			"__comment": "Voxels",
			"from": [ -3, 11, -2 ],
			"to": [ -2, 12, -1 ],
			"faces": {
				"down": { "uv": [ 9.75, 0.25, 10, 0.5 ], "texture": "#crown" },
				"up": { "uv": [ 9.75, 0.75, 10, 0.5 ], "texture": "#crown" },
				"north": { "uv": [ 10, 0.75, 9.75, 1 ], "texture": "#crown" },
				"south": { "uv": [ 9.25, 3.75, 9.5, 4 ], "texture": "#crown" },
				"west": { "uv": [ 9.25, 4, 9.5, 4.25 ], "texture": "#crown" },
				"east": { "uv": [ 9.5, 4.25, 9.25, 4.5 ], "texture": "#crown" }
			}
		},
		{
			"__comment": "Voxels",
			"from": [ -3, 11, 2 ],
			"to": [ -1, 12, 3 ],
			"faces": {
				"down": { "uv": [ 12, 8.5, 12.5, 8.75 ], "texture": "#crown" },
				"up": { "uv": [ 12.5, 8.75, 13, 8.5 ], "texture": "#crown" },
				"north": { "uv": [ 13.5, 8.5, 13, 8.75 ], "texture": "#crown" },
				"south": { "uv": [ 13.5, 8.5, 14, 8.75 ], "texture": "#crown" },
				"west": { "uv": [ 9.25, 4.5, 9.5, 4.75 ], "texture": "#crown" },
				"east": { "uv": [ 9.5, 5.25, 9.25, 5.5 ], "texture": "#crown" }
			}
		},
		{
			"__comment": "Voxels",
			"from": [ -3, 12, -8 ],
			"to": [ 0, 13, -7 ],
			"faces": {
				"down": { "uv": [ 15.25, 10.5, 16, 10.75 ], "texture": "#crown" },
				"up": { "uv": [ 5.75, 10.5, 6.5, 10.25 ], "texture": "#crown" },
				"north": { "uv": [ 7.25, 10.25, 6.5, 10.5 ], "texture": "#crown" },
				"south": { "uv": [ 7.25, 10.25, 8, 10.5 ], "texture": "#crown" },
				"west": { "uv": [ 9.25, 5.5, 9.5, 5.75 ], "texture": "#crown" },
				"east": { "uv": [ 9.5, 5.75, 9.25, 6 ], "texture": "#crown" }
			}
		},
		{
			"__comment": "Voxels",
			"from": [ -3, 12, 4 ],
			"to": [ 0, 13, 5 ],
			"faces": {
				"down": { "uv": [ 9.5, 10.25, 10.25, 10.5 ], "texture": "#crown" },
				"up": { "uv": [ 10.25, 10.5, 11, 10.25 ], "texture": "#crown" },
				"north": { "uv": [ 11.75, 10.25, 11, 10.5 ], "texture": "#crown" },
				"south": { "uv": [ 11.75, 10.25, 12.5, 10.5 ], "texture": "#crown" },
				"west": { "uv": [ 9.25, 6, 9.5, 6.25 ], "texture": "#crown" },
				"east": { "uv": [ 15.75, 6.5, 15.5, 6.75 ], "texture": "#crown" }
			}
		},
		{
			"__comment": "Voxels",
			"from": [ -2, 5, -9 ],
			"to": [ 2, 8, -8 ],
			"faces": {
				"down": { "uv": [ 14.75, 11, 15.75, 11.25 ], "texture": "#crown" },
				"up": { "uv": [ 5.25, 10.75, 6.25, 10.5 ], "texture": "#crown" },
				"north": { "uv": [ 2.25, 5.5, 1.25, 6.25 ], "texture": "#crown" },
				"south": { "uv": [ 1.25, 4.75, 2.25, 5.5 ], "texture": "#crown" },
				"west": { "uv": [ 3.25, 5, 3.5, 5.75 ], "texture": "#crown" },
				"east": { "uv": [ 3.5, 3.75, 3.25, 4.5 ], "texture": "#crown" }
			}
		},
		{
			"__comment": "Voxels",
			"from": [ -2, 5, 2 ],
			"to": [ -1, 8, 3 ],
			"faces": {
				"down": { "uv": [ 15.25, 6.5, 15.5, 6.75 ], "texture": "#crown" },
				"up": { "uv": [ 15, 6.75, 15.25, 6.5 ], "texture": "#crown" },
				"north": { "uv": [ 3.5, 2.25, 3.25, 3 ], "texture": "#crown" },
				"south": { "uv": [ 3.25, 0.5, 3.5, 1.25 ], "texture": "#crown" },
				"west": { "uv": [ 5.75, 9.25, 6, 10 ], "texture": "#crown" },
				"east": { "uv": [ 6, 8.5, 5.75, 9.25 ], "texture": "#crown" }
			}
		},
		{
			"__comment": "Voxels",
			"from": [ -2, 5, 5 ],
			"to": [ 2, 8, 6 ],
			"faces": {
				"down": { "uv": [ 6.25, 10.5, 7.25, 10.75 ], "texture": "#crown" },
				"up": { "uv": [ 7.25, 10.75, 8.25, 10.5 ], "texture": "#crown" },
				"north": { "uv": [ 15.75, 14.5, 14.75, 15.25 ], "texture": "#crown" },
				"south": { "uv": [ 1.25, 11.5, 2.25, 12.25 ], "texture": "#crown" },
				"west": { "uv": [ 5.75, 7.75, 6, 8.5 ], "texture": "#crown" },
				"east": { "uv": [ 6, 7, 5.75, 7.75 ], "texture": "#crown" }
			}
		},
		{
			"__comment": "Voxels",
			"from": [ -2, 6, -8 ],
			"to": [ 0, 7, -7 ],
			"faces": {
				"down": { "uv": [ 14, 8.5, 14.5, 8.75 ], "texture": "#crown" },
				"up": { "uv": [ 14.5, 8.75, 15, 8.5 ], "texture": "#crown" },
				"north": { "uv": [ 15.5, 8.5, 15, 8.75 ], "texture": "#crown" },
				"south": { "uv": [ 15.5, 8.5, 16, 8.75 ], "texture": "#crown" },
				"west": { "uv": [ 14.25, 6.5, 14.5, 6.75 ], "texture": "#crown" },
				"east": { "uv": [ 13.75, 6.5, 13.5, 6.75 ], "texture": "#crown" }
			}
		},
		{
			"__comment": "Voxels",
			"from": [ -2, 6, -7 ],
			"to": [ -1, 7, -6 ],
			"faces": {
				"down": { "uv": [ 12.75, 6.5, 13, 6.75 ], "texture": "#crown" },
				"up": { "uv": [ 12.5, 6.75, 12.75, 6.5 ], "texture": "#crown" },
				"north": { "uv": [ 12.5, 6.5, 12.25, 6.75 ], "texture": "#crown" },
				"south": { "uv": [ 12, 6.5, 12.25, 6.75 ], "texture": "#crown" },
				"west": { "uv": [ 11.25, 6.5, 11.5, 6.75 ], "texture": "#crown" },
				"east": { "uv": [ 11.25, 6.5, 11, 6.75 ], "texture": "#crown" }
			}
		},
		{
			"__comment": "Voxels",
			"from": [ -2, 6, 3 ],
			"to": [ -1, 7, 5 ],
			"faces": {
				"down": { "uv": [ 4.5, 2.25, 4.75, 2.75 ], "texture": "#crown" },
				"up": { "uv": [ 4.5, 2.25, 4.75, 1.75 ], "texture": "#crown" },
				"north": { "uv": [ 11, 6.5, 10.75, 6.75 ], "texture": "#crown" },
				"south": { "uv": [ 10.5, 6.5, 10.75, 6.75 ], "texture": "#crown" },
				"west": { "uv": [ 7.25, 8.25, 7.75, 8.5 ], "texture": "#crown" },
				"east": { "uv": [ 8.25, 8.25, 7.75, 8.5 ], "texture": "#crown" }
			}
		},
		{
			"__comment": "Voxels",
			"from": [ -2, 8, -8 ],
			"to": [ 0, 10, -7 ],
			"faces": {
				"down": { "uv": [ 8.25, 8.25, 8.75, 8.5 ], "texture": "#crown" },
				"up": { "uv": [ 8.75, 8.5, 9.25, 8.25 ], "texture": "#crown" },
				"north": { "uv": [ 5.25, 5.25, 4.75, 5.75 ], "texture": "#crown" },
				"south": { "uv": [ 4.75, 4.75, 5.25, 5.25 ], "texture": "#crown" },
				"west": { "uv": [ 4.5, 1.25, 4.75, 1.75 ], "texture": "#crown" },
				"east": { "uv": [ 4.75, 0.75, 4.5, 1.25 ], "texture": "#crown" }
			}
		},
		{
			"__comment": "Voxels",
			"from": [ -2, 8, 4 ],
			"to": [ 0, 10, 5 ],
			"faces": {
				"down": { "uv": [ 9.25, 8.25, 9.75, 8.5 ], "texture": "#crown" },
				"up": { "uv": [ 9.75, 8.5, 10.25, 8.25 ], "texture": "#crown" },
				"north": { "uv": [ 5.25, 4.25, 4.75, 4.75 ], "texture": "#crown" },
				"south": { "uv": [ 4.75, 3.75, 5.25, 4.25 ], "texture": "#crown" },
				"west": { "uv": [ 4.5, 0.25, 4.75, 0.75 ], "texture": "#crown" },
				"east": { "uv": [ 7.25, 5.75, 7, 6.25 ], "texture": "#crown" }
			}
		},
		{
			"__comment": "Voxels",
			"from": [ -2, 10, -9 ],
			"to": [ 2, 13, -8 ],
			"faces": {
				"down": { "uv": [ 8.25, 10.5, 9.25, 10.75 ], "texture": "#crown" },
				"up": { "uv": [ 9.25, 10.75, 10.25, 10.5 ], "texture": "#crown" },
				"north": { "uv": [ 2.25, 9.25, 1.25, 10 ], "texture": "#crown" },
				"south": { "uv": [ 1.25, 8.5, 2.25, 9.25 ], "texture": "#crown" },
				"west": { "uv": [ 5.75, 4.75, 6, 5.5 ], "texture": "#crown" },
				"east": { "uv": [ 6, 4, 5.75, 4.75 ], "texture": "#crown" }
			}
		},
		{
			"__comment": "Voxels",
			"from": [ -2, 10, 5 ],
			"to": [ 2, 13, 6 ],
			"faces": {
				"down": { "uv": [ 10.25, 10.5, 11.25, 10.75 ], "texture": "#crown" },
				"up": { "uv": [ 11.25, 10.75, 12.25, 10.5 ], "texture": "#crown" },
				"north": { "uv": [ 2.25, 7.75, 1.25, 8.5 ], "texture": "#crown" },
				"south": { "uv": [ 14.75, 15.25, 15.75, 16 ], "texture": "#crown" },
				"west": { "uv": [ 5.75, 3.25, 6, 4 ], "texture": "#crown" },
				"east": { "uv": [ 6, 2.5, 5.75, 3.25 ], "texture": "#crown" }
			}
		},
		{
			"__comment": "Voxels",
			"from": [ -2, 11, -8 ],
			"to": [ 0, 12, -7 ],
			"faces": {
				"down": { "uv": [ 10.25, 8.25, 10.75, 8.5 ], "texture": "#crown" },
				"up": { "uv": [ 10.75, 8.5, 11.25, 8.25 ], "texture": "#crown" },
				"north": { "uv": [ 11.75, 8.25, 11.25, 8.5 ], "texture": "#crown" },
				"south": { "uv": [ 11.75, 8.25, 12.25, 8.5 ], "texture": "#crown" },
				"west": { "uv": [ 10.25, 6.5, 10.5, 6.75 ], "texture": "#crown" },
				"east": { "uv": [ 10.25, 6.5, 10, 6.75 ], "texture": "#crown" }
			}
		},
		{
			"__comment": "Voxels",
			"from": [ -2, 11, 4 ],
			"to": [ 0, 12, 5 ],
			"faces": {
				"down": { "uv": [ 12.25, 8.25, 12.75, 8.5 ], "texture": "#crown" },
				"up": { "uv": [ 12.75, 8.5, 13.25, 8.25 ], "texture": "#crown" },
				"north": { "uv": [ 13.75, 8.25, 13.25, 8.5 ], "texture": "#crown" },
				"south": { "uv": [ 13.75, 8.25, 14.25, 8.5 ], "texture": "#crown" },
				"west": { "uv": [ 9.75, 6.5, 10, 6.75 ], "texture": "#crown" },
				"east": { "uv": [ 9.75, 6.5, 9.5, 6.75 ], "texture": "#crown" }
			}
		},
		{
			"__comment": "Voxels",
			"from": [ -1, 5, -10 ],
			"to": [ 12, 6, -9 ],
			"faces": {
				"down": { "uv": [ 10.25, 12.75, 13.5, 13 ], "texture": "#crown" },
				"up": { "uv": [ 7, 13, 10.25, 12.75 ], "texture": "#crown" },
				"north": { "uv": [ 7, 12.75, 3.75, 13 ], "texture": "#crown" },
				"south": { "uv": [ 0.5, 13.5, 3.75, 13.75 ], "texture": "#crown" },
				"west": { "uv": [ 9.25, 6.5, 9.5, 6.75 ], "texture": "#crown" },
				"east": { "uv": [ 16, 6.75, 15.75, 7 ], "texture": "#crown" }
			}
		},
		{
			"__comment": "Voxels",
			"from": [ -1, 5, 4 ],
			"to": [ 0, 8, 5 ],
			"faces": {
				"down": { "uv": [ 15.5, 6.75, 15.75, 7 ], "texture": "#crown" },
				"up": { "uv": [ 9.5, 0.5, 9.75, 0.25 ], "texture": "#crown" },
				"north": { "uv": [ 6.75, 0.25, 6.5, 1 ], "texture": "#crown" },
				"south": { "uv": [ 6.25, 0.25, 6.5, 1 ], "texture": "#crown" },
				"west": { "uv": [ 6, 0.25, 6.25, 1 ], "texture": "#crown" },
				"east": { "uv": [ 6.75, 1.25, 6.5, 2 ], "texture": "#crown" }
			}
		},
		{
			"__comment": "Voxels",
			"from": [ -1, 5, 6 ],
			"to": [ 12, 6, 7 ],
			"faces": {
				"down": { "uv": [ 7, 14, 10.25, 14.25 ], "texture": "#crown" },
				"up": { "uv": [ 0.5, 14, 3.75, 13.75 ], "texture": "#crown" },
				"north": { "uv": [ 7, 13.75, 3.75, 14 ], "texture": "#crown" },
				"south": { "uv": [ 7, 13.75, 10.25, 14 ], "texture": "#crown" },
				"west": { "uv": [ 10.75, 6.75, 11, 7 ], "texture": "#crown" },
				"east": { "uv": [ 10.75, 6.75, 10.5, 7 ], "texture": "#crown" }
			}
		},
		{
			"__comment": "Voxels",
			"from": [ -1, 7, -10 ],
			"to": [ 12, 8, -9 ],
			"faces": {
				"down": { "uv": [ 10.25, 13.25, 13.5, 13.5 ], "texture": "#crown" },
				"up": { "uv": [ 0.5, 13.25, 3.75, 13 ], "texture": "#crown" },
				"north": { "uv": [ 7, 13, 3.75, 13.25 ], "texture": "#crown" },
				"south": { "uv": [ 10.25, 13.75, 13.5, 14 ], "texture": "#crown" },
				"west": { "uv": [ 9.5, 6.75, 9.75, 7 ], "texture": "#crown" },
				"east": { "uv": [ 9.5, 6.75, 9.25, 7 ], "texture": "#crown" }
			}
		},
		{
			"__comment": "Voxels",
			"from": [ -1, 7, 6 ],
			"to": [ 12, 8, 7 ],
			"faces": {
				"down": { "uv": [ 7, 13.25, 10.25, 13.5 ], "texture": "#crown" },
				"up": { "uv": [ 0.5, 13, 3.75, 12.75 ], "texture": "#crown" },
				"north": { "uv": [ 13.5, 13, 10.25, 13.25 ], "texture": "#crown" },
				"south": { "uv": [ 3.75, 13.5, 7, 13.75 ], "texture": "#crown" },
				"west": { "uv": [ 12.75, 7, 13, 7.25 ], "texture": "#crown" },
				"east": { "uv": [ 12.75, 7, 12.5, 7.25 ], "texture": "#crown" }
			}
		},
		{
			"__comment": "Voxels",
			"from": [ -1, 8, -9 ],
			"to": [ 2, 10, -8 ],
			"faces": {
				"down": { "uv": [ 6, 5.5, 6.75, 5.75 ], "texture": "#crown" },
				"up": { "uv": [ 6, 6, 6.75, 5.75 ], "texture": "#crown" },
				"north": { "uv": [ 1.25, 0, 0.5, 0.5 ], "texture": "#crown" },
				"south": { "uv": [ 9, 14.25, 9.75, 14.75 ], "texture": "#crown" },
				"west": { "uv": [ 7, 5.25, 7.25, 5.75 ], "texture": "#crown" },
				"east": { "uv": [ 7.25, 4.75, 7, 5.25 ], "texture": "#crown" }
			}
		},
		{
			"__comment": "Voxels",
			"from": [ -1, 8, 5 ],
			"to": [ 2, 10, 6 ],
			"faces": {
				"down": { "uv": [ 12.75, 9.25, 13.5, 9.5 ], "texture": "#crown" },
				"up": { "uv": [ 11.25, 9.5, 12, 9.25 ], "texture": "#crown" },
				"north": { "uv": [ 3, 1.75, 2.25, 2.25 ], "texture": "#crown" },
				"south": { "uv": [ 4, 8.75, 4.75, 9.25 ], "texture": "#crown" },
				"west": { "uv": [ 7, 4.25, 7.25, 4.75 ], "texture": "#crown" },
				"east": { "uv": [ 7.25, 3.75, 7, 4.25 ], "texture": "#crown" }
			}
		},
		{
			"__comment": "Voxels",
			"from": [ -1, 10, -10 ],
			"to": [ 12, 11, -9 ],
			"faces": {
				"down": { "uv": [ 10.25, 12.5, 13.5, 12.75 ], "texture": "#crown" },
				"up": { "uv": [ 0.5, 12.75, 3.75, 12.5 ], "texture": "#crown" },
				"north": { "uv": [ 7, 13.25, 3.75, 13.5 ], "texture": "#crown" },
				"south": { "uv": [ 10.25, 12.25, 13.5, 12.5 ], "texture": "#crown" },
				"west": { "uv": [ 8.75, 0, 9, 0.25 ], "texture": "#crown" },
				"east": { "uv": [ 16, 7.25, 15.75, 7.5 ], "texture": "#crown" }
			}
		},
		{
			"__comment": "Voxels",
			"from": [ -1, 10, 6 ],
			"to": [ 12, 11, 7 ],
			"faces": {
				"down": { "uv": [ 3.75, 12.5, 7, 12.75 ], "texture": "#crown" },
				"up": { "uv": [ 7, 12.75, 10.25, 12.5 ], "texture": "#crown" },
				"north": { "uv": [ 13.5, 13.5, 10.25, 13.75 ], "texture": "#crown" },
				"south": { "uv": [ 7, 13.5, 10.25, 13.75 ], "texture": "#crown" },
				"west": { "uv": [ 15.75, 13, 16, 13.25 ], "texture": "#crown" },
				"east": { "uv": [ 16, 13.25, 15.75, 13.5 ], "texture": "#crown" }
			}
		},
		{
			"__comment": "Voxels",
			"from": [ -1, 12, -10 ],
			"to": [ 12, 13, -9 ],
			"faces": {
				"down": { "uv": [ 7, 13, 10.25, 13.25 ], "texture": "#crown" },
				"up": { "uv": [ 10.25, 14.25, 13.5, 14 ], "texture": "#crown" },
				"north": { "uv": [ 7, 14, 3.75, 14.25 ], "texture": "#crown" },
				"south": { "uv": [ 0.5, 14, 3.75, 14.25 ], "texture": "#crown" },
				"west": { "uv": [ 9.75, 3.5, 10, 3.75 ], "texture": "#crown" },
				"east": { "uv": [ 10, 3.75, 9.75, 4 ], "texture": "#crown" }
			}
		},
		{
			"__comment": "Voxels",
			"from": [ -1, 12, 6 ],
			"to": [ 12, 13, 7 ],
			"faces": {
				"down": { "uv": [ 3.75, 12.25, 7, 12.5 ], "texture": "#crown" },
				"up": { "uv": [ 0.5, 12.5, 3.75, 12.25 ], "texture": "#crown" },
				"north": { "uv": [ 3.75, 13.25, 0.5, 13.5 ], "texture": "#crown" },
				"south": { "uv": [ 7, 12.25, 10.25, 12.5 ], "texture": "#crown" },
				"west": { "uv": [ 14.25, 6, 14.5, 6.25 ], "texture": "#crown" },
				"east": { "uv": [ 14.25, 6, 14, 6.25 ], "texture": "#crown" }
			}
		},
		{
			"__comment": "Voxels",
			"from": [ -1, 13, 6 ],
			"to": [ 0, 14, 7 ],
			"faces": {
				"down": { "uv": [ 13.75, 6, 14, 6.25 ], "texture": "#crown" },
				"up": { "uv": [ 13.5, 6.25, 13.75, 6 ], "texture": "#crown" },
				"north": { "uv": [ 10, 6, 9.75, 6.25 ], "texture": "#crown" },
				"south": { "uv": [ 9.5, 0, 9.75, 0.25 ], "texture": "#crown" },
				"west": { "uv": [ 9.5, 0.5, 9.75, 0.75 ], "texture": "#crown" },
				"east": { "uv": [ 9.75, 0.75, 9.5, 1 ], "texture": "#crown" }
			}
		},
		{
			"__comment": "Voxels",
			"from": [ 0, 8, -11 ],
			"to": [ 2, 10, -9 ],
			"faces": {
				"down": { "uv": [ 4, 1.75, 4.5, 2.25 ], "texture": "#crown" },
				"up": { "uv": [ 4, 1.75, 4.5, 1.25 ], "texture": "#crown" },
				"north": { "uv": [ 4.5, 0.75, 4, 1.25 ], "texture": "#crown" },
				"south": { "uv": [ 4, 0.25, 4.5, 0.75 ], "texture": "#crown" },
				"west": { "uv": [ 4.75, 10.25, 5.25, 10.75 ], "texture": "#crown" },
				"east": { "uv": [ 5.25, 9.75, 4.75, 10.25 ], "texture": "#crown" }
			}
		},
		{
			"__comment": "Voxels",
			"from": [ 0, 8, 6 ],
			"to": [ 11, 10, 7 ],
			"faces": {
				"down": { "uv": [ 7.75, 12, 10.5, 12.25 ], "texture": "#crown" },
				"up": { "uv": [ 10.5, 12.25, 13.25, 12 ], "texture": "#crown" },
				"north": { "uv": [ 6.75, 15, 4, 15.5 ], "texture": "#crown" },
				"south": { "uv": [ 4, 15.5, 6.75, 16 ], "texture": "#crown" },
				"west": { "uv": [ 7, 3.25, 7.25, 3.75 ], "texture": "#crown" },
				"east": { "uv": [ 7.25, 2.75, 7, 3.25 ], "texture": "#crown" }
			}
		},
		{
			"__comment": "Voxels",
			"from": [ 0, 8, 7 ],
			"to": [ 2, 10, 8 ],
			"faces": {
				"down": { "uv": [ 14.25, 8.25, 14.75, 8.5 ], "texture": "#crown" },
				"up": { "uv": [ 14.75, 8.5, 15.25, 8.25 ], "texture": "#crown" },
				"north": { "uv": [ 5.25, 7.25, 4.75, 7.75 ], "texture": "#crown" },
				"south": { "uv": [ 4.75, 6.75, 5.25, 7.25 ], "texture": "#crown" },
				"west": { "uv": [ 7, 2.25, 7.25, 2.75 ], "texture": "#crown" },
				"east": { "uv": [ 7.25, 1.75, 7, 2.25 ], "texture": "#crown" }
			}
		},
		{
			"__comment": "Voxels",
			"from": [ 0, 11, -10 ],
			"to": [ 11, 12, -9 ],
			"faces": {
				"down": { "uv": [ 2.25, 12, 5, 12.25 ], "texture": "#crown" },
				"up": { "uv": [ 5, 12.25, 7.75, 12 ], "texture": "#crown" },
				"north": { "uv": [ 13.25, 11.75, 10.5, 12 ], "texture": "#crown" },
				"south": { "uv": [ 7.75, 11.75, 10.5, 12 ], "texture": "#crown" },
				"west": { "uv": [ 9.25, 3.25, 9.5, 3.5 ], "texture": "#crown" },
				"east": { "uv": [ 9.5, 3.5, 9.25, 3.75 ], "texture": "#crown" }
			}
		},
		{
			"__comment": "Voxels",
			"from": [ 0, 11, 6 ],
			"to": [ 11, 12, 7 ],
			"faces": {
				"down": { "uv": [ 5, 11.75, 7.75, 12 ], "texture": "#crown" },
				"up": { "uv": [ 2.25, 12, 5, 11.75 ], "texture": "#crown" },
				"north": { "uv": [ 16, 12, 13.25, 12.25 ], "texture": "#crown" },
				"south": { "uv": [ 13.25, 11.75, 16, 12 ], "texture": "#crown" },
				"west": { "uv": [ 9.25, 4.75, 9.5, 5 ], "texture": "#crown" },
				"east": { "uv": [ 9.5, 5, 9.25, 5.25 ], "texture": "#crown" }
			}
		},
		{
			"__comment": "Voxels",
			"from": [ 1, 5, -11 ],
			"to": [ 10, 6, -10 ],
			"faces": {
				"down": { "uv": [ 5.75, 11.5, 8, 11.75 ], "texture": "#crown" },
				"up": { "uv": [ 3.5, 11.75, 5.75, 11.5 ], "texture": "#crown" },
				"north": { "uv": [ 15.75, 12.25, 13.5, 12.5 ], "texture": "#crown" },
				"south": { "uv": [ 13.5, 12.5, 15.75, 12.75 ], "texture": "#crown" },
				"west": { "uv": [ 14, 6.5, 14.25, 6.75 ], "texture": "#crown" },
				"east": { "uv": [ 14, 6.5, 13.75, 6.75 ], "texture": "#crown" }
			}
		},
		{
			"__comment": "Voxels",
			"from": [ 1, 5, 7 ],
			"to": [ 10, 6, 8 ],
			"faces": {
				"down": { "uv": [ 13.5, 12.75, 15.75, 13 ], "texture": "#crown" },
				"up": { "uv": [ 13.5, 13.25, 15.75, 13 ], "texture": "#crown" },
				"north": { "uv": [ 15.75, 13.25, 13.5, 13.5 ], "texture": "#crown" },
				"south": { "uv": [ 13.5, 13.75, 15.75, 14 ], "texture": "#crown" },
				"west": { "uv": [ 14.25, 6.75, 14.5, 7 ], "texture": "#crown" },
				"east": { "uv": [ 14.25, 6.75, 14, 7 ], "texture": "#crown" }
			}
		},
		{
			"__comment": "Voxels",
			"from": [ 1, 6, -10 ],
			"to": [ 10, 7, -9 ],
			"faces": {
				"down": { "uv": [ 13.5, 14, 15.75, 14.25 ], "texture": "#crown" },
				"up": { "uv": [ 5.75, 11, 8, 10.75 ], "texture": "#crown" },
				"north": { "uv": [ 14.75, 11, 12.5, 11.25 ], "texture": "#crown" },
				"south": { "uv": [ 10.25, 11, 12.5, 11.25 ], "texture": "#crown" },
				"west": { "uv": [ 12.25, 6.75, 12.5, 7 ], "texture": "#crown" },
				"east": { "uv": [ 12.25, 6.75, 12, 7 ], "texture": "#crown" }
			}
		},
		{
			"__comment": "Voxels",
			"from": [ 1, 6, 6 ],
			"to": [ 10, 7, 7 ],
			"faces": {
				"down": { "uv": [ 3.5, 10.75, 5.75, 11 ], "texture": "#crown" },
				"up": { "uv": [ 4, 14.5, 6.25, 14.25 ], "texture": "#crown" },
				"north": { "uv": [ 15.75, 13.5, 13.5, 13.75 ], "texture": "#crown" },
				"south": { "uv": [ 10.25, 11.25, 12.5, 11.5 ], "texture": "#crown" },
				"west": { "uv": [ 11.75, 6.75, 12, 7 ], "texture": "#crown" },
				"east": { "uv": [ 11.75, 6.75, 11.5, 7 ], "texture": "#crown" }
			}
		},
		{
			"__comment": "Voxels",
			"from": [ 1, 7, -11 ],
			"to": [ 4, 8, -10 ],
			"faces": {
				"down": { "uv": [ 12.75, 9, 13.5, 9.25 ], "texture": "#crown" },
				"up": { "uv": [ 13, 9, 13.75, 8.75 ], "texture": "#crown" },
				"north": { "uv": [ 14.5, 8.75, 13.75, 9 ], "texture": "#crown" },
				"south": { "uv": [ 6.75, 9, 7.5, 9.25 ], "texture": "#crown" },
				"west": { "uv": [ 15.75, 12.25, 16, 12.5 ], "texture": "#crown" },
				"east": { "uv": [ 1.25, 3.25, 1, 3.5 ], "texture": "#crown" }
			}
		},
		{
			"__comment": "Voxels",
			"from": [ 1, 7, 7 ],
			"to": [ 4, 8, 8 ],
			"faces": {
				"down": { "uv": [ 9.75, 9.75, 10.5, 10 ], "texture": "#crown" },
				"up": { "uv": [ 9, 10, 9.75, 9.75 ], "texture": "#crown" },
				"north": { "uv": [ 6.75, 7.5, 6, 7.75 ], "texture": "#crown" },
				"south": { "uv": [ 15, 9.25, 15.75, 9.5 ], "texture": "#crown" },
				"west": { "uv": [ 13, 6.75, 13.25, 7 ], "texture": "#crown" },
				"east": { "uv": [ 14, 6.75, 13.75, 7 ], "texture": "#crown" }
			}
		},
		{
			"__comment": "Voxels",
			"from": [ 1, 10, -11 ],
			"to": [ 4, 11, -10 ],
			"faces": {
				"down": { "uv": [ 10.5, 9.25, 11.25, 9.5 ], "texture": "#crown" },
				"up": { "uv": [ 9.75, 9.5, 10.5, 9.25 ], "texture": "#crown" },
				"north": { "uv": [ 11.25, 9.5, 10.5, 9.75 ], "texture": "#crown" },
				"south": { "uv": [ 6, 2.75, 6.75, 3 ], "texture": "#crown" },
				"west": { "uv": [ 15.75, 6.5, 16, 6.75 ], "texture": "#crown" },
				"east": { "uv": [ 9.5, 6.25, 9.25, 6.5 ], "texture": "#crown" }
			}
		},
		{
			"__comment": "Voxels",
			"from": [ 1, 10, 7 ],
			"to": [ 4, 11, 8 ],
			"faces": {
				"down": { "uv": [ 14.25, 9.75, 15, 10 ], "texture": "#crown" },
				"up": { "uv": [ 12, 10, 12.75, 9.75 ], "texture": "#crown" },
				"north": { "uv": [ 12.5, 10, 11.75, 10.25 ], "texture": "#crown" },
				"south": { "uv": [ 13, 10.5, 13.75, 10.75 ], "texture": "#crown" },
				"west": { "uv": [ 9.5, 1.75, 9.75, 2 ], "texture": "#crown" },
				"east": { "uv": [ 9.75, 1.5, 9.5, 1.75 ], "texture": "#crown" }
			}
		},
		{
			"__comment": "Voxels",
			"from": [ 1, 12, -11 ],
			"to": [ 10, 13, -10 ],
			"faces": {
				"down": { "uv": [ 8, 11, 10.25, 11.25 ], "texture": "#crown" },
				"up": { "uv": [ 5.75, 11.25, 8, 11 ], "texture": "#crown" },
				"north": { "uv": [ 8, 11.25, 5.75, 11.5 ], "texture": "#crown" },
				"south": { "uv": [ 3.5, 11.25, 5.75, 11.5 ], "texture": "#crown" },
				"west": { "uv": [ 10.5, 6, 10.75, 6.25 ], "texture": "#crown" },
				"east": { "uv": [ 11, 6, 10.75, 6.25 ], "texture": "#crown" }
			}
		},
		{
			"__comment": "Voxels",
			"from": [ 1, 12, 7 ],
			"to": [ 10, 13, 8 ],
			"faces": {
				"down": { "uv": [ 12.5, 11.5, 14.75, 11.75 ], "texture": "#crown" },
				"up": { "uv": [ 3.5, 11.25, 5.75, 11 ], "texture": "#crown" },
				"north": { "uv": [ 14.75, 11.25, 12.5, 11.5 ], "texture": "#crown" },
				"south": { "uv": [ 8, 11.25, 10.25, 11.5 ], "texture": "#crown" },
				"west": { "uv": [ 9.75, 4.75, 10, 5 ], "texture": "#crown" },
				"east": { "uv": [ 10, 4.5, 9.75, 4.75 ], "texture": "#crown" }
			}
		},
		{
			"__comment": "Voxels",
			"from": [ 2, 8, -10 ],
			"to": [ 11, 10, -9 ],
			"faces": {
				"down": { "uv": [ 10.25, 11.5, 12.5, 11.75 ], "texture": "#crown" },
				"up": { "uv": [ 8, 11.75, 10.25, 11.5 ], "texture": "#crown" },
				"north": { "uv": [ 6.25, 14.5, 4, 15 ], "texture": "#crown" },
				"south": { "uv": [ 6.75, 15.5, 9, 16 ], "texture": "#crown" },
				"west": { "uv": [ 7, 1.25, 7.25, 1.75 ], "texture": "#crown" },
				"east": { "uv": [ 7.25, 0.75, 7, 1.25 ], "texture": "#crown" }
			}
		},
		{
			"__comment": "Voxels",
			"from": [ 2, 11, -11 ],
			"to": [ 5, 12, -10 ],
			"faces": {
				"down": { "uv": [ 11.25, 9.75, 12, 10 ], "texture": "#crown" },
				"up": { "uv": [ 11.25, 9.75, 12, 9.5 ], "texture": "#crown" },
				"north": { "uv": [ 6.75, 5.25, 6, 5.5 ], "texture": "#crown" },
				"south": { "uv": [ 6, 5, 6.75, 5.25 ], "texture": "#crown" },
				"west": { "uv": [ 9, 1.25, 9.25, 1.5 ], "texture": "#crown" },
				"east": { "uv": [ 9.25, 1, 9, 1.25 ], "texture": "#crown" }
			}
		},
		{
			"__comment": "Voxels",
			"from": [ 2, 11, 7 ],
			"to": [ 5, 12, 8 ],
			"faces": {
				"down": { "uv": [ 6, 4, 6.75, 4.25 ], "texture": "#crown" },
				"up": { "uv": [ 6, 4, 6.75, 3.75 ], "texture": "#crown" },
				"north": { "uv": [ 6.75, 3.5, 6, 3.75 ], "texture": "#crown" },
				"south": { "uv": [ 6, 1, 6.75, 1.25 ], "texture": "#crown" },
				"west": { "uv": [ 11, 6.75, 11.25, 7 ], "texture": "#crown" },
				"east": { "uv": [ 11.5, 6.75, 11.25, 7 ], "texture": "#crown" }
			}
		},
		{
			"__comment": "Voxels",
			"from": [ 3, 6, -11 ],
			"to": [ 5, 7, -10 ],
			"faces": {
				"down": { "uv": [ 7.25, 8, 7.75, 8.25 ], "texture": "#crown" },
				"up": { "uv": [ 7.25, 8, 7.75, 7.75 ], "texture": "#crown" },
				"north": { "uv": [ 7.75, 7.5, 7.25, 7.75 ], "texture": "#crown" },
				"south": { "uv": [ 7.25, 7.25, 7.75, 7.5 ], "texture": "#crown" },
				"west": { "uv": [ 12.5, 6.75, 12.75, 7 ], "texture": "#crown" },
				"east": { "uv": [ 13, 6.75, 12.75, 7 ], "texture": "#crown" }
			}
		},
		{
			"__comment": "Voxels",
			"from": [ 3, 6, 7 ],
			"to": [ 5, 7, 8 ],
			"faces": {
				"down": { "uv": [ 7.25, 7, 7.75, 7.25 ], "texture": "#crown" },
				"up": { "uv": [ 7.25, 7, 7.75, 6.75 ], "texture": "#crown" },
				"north": { "uv": [ 7.75, 6.5, 7.25, 6.75 ], "texture": "#crown" },
				"south": { "uv": [ 7.25, 6.25, 7.75, 6.5 ], "texture": "#crown" },
				"west": { "uv": [ 14.5, 6.75, 14.75, 7 ], "texture": "#crown" },
				"east": { "uv": [ 15.5, 6.75, 15.25, 7 ], "texture": "#crown" }
			}
		},
		{
			"__comment": "Voxels",
			"from": [ 3, 13, -11 ],
			"to": [ 8, 15, -9 ],
			"faces": {
				"down": { "uv": [ 2.25, 9.25, 3.5, 9.75 ], "texture": "#crown" },
				"up": { "uv": [ 2.25, 8.75, 3.5, 8.25 ], "texture": "#crown" },
				"north": { "uv": [ 3.5, 8.75, 2.25, 9.25 ], "texture": "#crown" },
				"south": { "uv": [ 2.25, 9.75, 3.5, 10.25 ], "texture": "#crown" },
				"west": { "uv": [ 4.75, 2.75, 5.25, 3.25 ], "texture": "#crown" },
				"east": { "uv": [ 5.25, 3.25, 4.75, 3.75 ], "texture": "#crown" }
			}
		},
		{
			"__comment": "Voxels",
			"from": [ 3, 13, 6 ],
			"to": [ 8, 15, 8 ],
			"faces": {
				"down": { "uv": [ 2.25, 11.25, 3.5, 11.75 ], "texture": "#crown" },
				"up": { "uv": [ 2.25, 10.75, 3.5, 10.25 ], "texture": "#crown" },
				"north": { "uv": [ 3.5, 10.75, 2.25, 11.25 ], "texture": "#crown" },
				"south": { "uv": [ 2.25, 7.75, 3.5, 8.25 ], "texture": "#crown" },
				"west": { "uv": [ 4.75, 5.75, 5.25, 6.25 ], "texture": "#crown" },
				"east": { "uv": [ 5.25, 6.25, 4.75, 6.75 ], "texture": "#crown" }
			}
		},
		{
			"__comment": "Voxels",
			"from": [ 4, 8, -11 ],
			"to": [ 7, 10, -10 ],
			"faces": {
				"down": { "uv": [ 8.25, 9.75, 9, 10 ], "texture": "#crown" },
				"up": { "uv": [ 7.5, 10, 8.25, 9.75 ], "texture": "#crown" },
				"north": { "uv": [ 3.5, 6.25, 2.75, 6.75 ], "texture": "#crown" },
				"south": { "uv": [ 2.75, 5.75, 3.5, 6.25 ], "texture": "#crown" },
				"west": { "uv": [ 7, 0.25, 7.25, 0.75 ], "texture": "#crown" },
				"east": { "uv": [ 7.5, 5.75, 7.25, 6.25 ], "texture": "#crown" }
			}
		},
		{
			"__comment": "Voxels",
			"from": [ 4, 8, 7 ],
			"to": [ 7, 10, 8 ],
			"faces": {
				"down": { "uv": [ 14.75, 10, 15.5, 10.25 ], "texture": "#crown" },
				"up": { "uv": [ 8, 10.25, 8.75, 10 ], "texture": "#crown" },
				"north": { "uv": [ 3.5, 3.25, 2.75, 3.75 ], "texture": "#crown" },
				"south": { "uv": [ 2.25, 1.25, 3, 1.75 ], "texture": "#crown" },
				"west": { "uv": [ 7.5, 5.75, 7.75, 6.25 ], "texture": "#crown" },
				"east": { "uv": [ 7.5, 5.25, 7.25, 5.75 ], "texture": "#crown" }
			}
		},
		{
			"__comment": "Voxels",
			"from": [ 4, 15, -11 ],
			"to": [ 7, 16, -9 ],
			"faces": {
				"down": { "uv": [ 2.75, 0, 3.5, 0.5 ], "texture": "#crown" },
				"up": { "uv": [ 4, 10.25, 4.75, 9.75 ], "texture": "#crown" },
				"north": { "uv": [ 8.75, 10.25, 8, 10.5 ], "texture": "#crown" },
				"south": { "uv": [ 14.5, 10.5, 15.25, 10.75 ], "texture": "#crown" },
				"west": { "uv": [ 7.25, 5, 7.75, 5.25 ], "texture": "#crown" },
				"east": { "uv": [ 7.75, 4.75, 7.25, 5 ], "texture": "#crown" }
			}
		},
		{
			"__comment": "Voxels",
			"from": [ 4, 15, 6 ],
			"to": [ 7, 16, 8 ],
			"faces": {
				"down": { "uv": [ 4, 9.25, 4.75, 9.75 ], "texture": "#crown" },
				"up": { "uv": [ 2.25, 5, 3, 4.5 ], "texture": "#crown" },
				"north": { "uv": [ 3.5, 3, 2.75, 3.25 ], "texture": "#crown" },
				"south": { "uv": [ 10.75, 8.5, 11.5, 8.75 ], "texture": "#crown" },
				"west": { "uv": [ 7.25, 4.5, 7.75, 4.75 ], "texture": "#crown" },
				"east": { "uv": [ 7.75, 4.25, 7.25, 4.5 ], "texture": "#crown" }
			}
		},
		{
			"__comment": "Voxels",
			"from": [ 5, 7, -11 ],
			"to": [ 6, 8, -10 ],
			"faces": {
				"down": { "uv": [ 9.25, 3, 9.5, 3.25 ], "texture": "#crown" },
				"up": { "uv": [ 9.25, 2.5, 9.5, 2.25 ], "texture": "#crown" },
				"north": { "uv": [ 9.5, 2, 9.25, 2.25 ], "texture": "#crown" },
				"south": { "uv": [ 9.25, 1.25, 9.5, 1.5 ], "texture": "#crown" },
				"west": { "uv": [ 9.25, 1, 9.5, 1.25 ], "texture": "#crown" },
				"east": { "uv": [ 9.5, 0.75, 9.25, 1 ], "texture": "#crown" }
			}
		},
		{
			"__comment": "Voxels",
			"from": [ 5, 7, 7 ],
			"to": [ 6, 8, 8 ],
			"faces": {
				"down": { "uv": [ 9.25, 0.5, 9.5, 0.75 ], "texture": "#crown" },
				"up": { "uv": [ 10.5, 6.5, 10.75, 6.25 ], "texture": "#crown" },
				"north": { "uv": [ 11, 6.25, 10.75, 6.5 ], "texture": "#crown" },
				"south": { "uv": [ 11, 6.25, 11.25, 6.5 ], "texture": "#crown" },
				"west": { "uv": [ 11.25, 6.25, 11.5, 6.5 ], "texture": "#crown" },
				"east": { "uv": [ 11.75, 6.25, 11.5, 6.5 ], "texture": "#crown" }
			}
		},
		{
			"__comment": "Voxels",
			"from": [ 5, 10, -11 ],
			"to": [ 6, 11, -10 ],
			"faces": {
				"down": { "uv": [ 11.75, 6.25, 12, 6.5 ], "texture": "#crown" },
				"up": { "uv": [ 12, 6.5, 12.25, 6.25 ], "texture": "#crown" },
				"north": { "uv": [ 12.5, 6.25, 12.25, 6.5 ], "texture": "#crown" },
				"south": { "uv": [ 13, 6.25, 13.25, 6.5 ], "texture": "#crown" },
				"west": { "uv": [ 13.25, 6.25, 13.5, 6.5 ], "texture": "#crown" },
				"east": { "uv": [ 15.75, 6.25, 15.5, 6.5 ], "texture": "#crown" }
			}
		},
		{
			"__comment": "Voxels",
			"from": [ 5, 10, 7 ],
			"to": [ 6, 11, 8 ],
			"faces": {
				"down": { "uv": [ 15.75, 6.25, 16, 6.5 ], "texture": "#crown" },
				"up": { "uv": [ 9.5, 6.25, 9.75, 6 ], "texture": "#crown" },
				"north": { "uv": [ 9.75, 5.75, 9.5, 6 ], "texture": "#crown" },
				"south": { "uv": [ 9.5, 2.5, 9.75, 2.75 ], "texture": "#crown" },
				"west": { "uv": [ 9.5, 2.25, 9.75, 2.5 ], "texture": "#crown" },
				"east": { "uv": [ 9.75, 2, 9.5, 2.25 ], "texture": "#crown" }
			}
		},
		{
			"__comment": "Voxels",
			"from": [ 5, 16, -11 ],
			"to": [ 6, 17, -9 ],
			"faces": {
				"down": { "uv": [ 7.5, 5.25, 7.75, 5.75 ], "texture": "#crown" },
				"up": { "uv": [ 7.25, 4.25, 7.5, 3.75 ], "texture": "#crown" },
				"north": { "uv": [ 9.75, 1.25, 9.5, 1.5 ], "texture": "#crown" },
				"south": { "uv": [ 9.5, 1, 9.75, 1.25 ], "texture": "#crown" },
				"west": { "uv": [ 7.25, 3.5, 7.75, 3.75 ], "texture": "#crown" },
				"east": { "uv": [ 7.75, 3.25, 7.25, 3.5 ], "texture": "#crown" }
			}
		},
		{
			"__comment": "Voxels",
			"from": [ 5, 16, 6 ],
			"to": [ 6, 17, 8 ],
			"faces": {
				"down": { "uv": [ 7.5, 3.75, 7.75, 4.25 ], "texture": "#crown" },
				"up": { "uv": [ 7.25, 3.25, 7.5, 2.75 ], "texture": "#crown" },
				"north": { "uv": [ 10.25, 6, 10, 6.25 ], "texture": "#crown" },
				"south": { "uv": [ 10.25, 6, 10.5, 6.25 ], "texture": "#crown" },
				"west": { "uv": [ 7.25, 2.5, 7.75, 2.75 ], "texture": "#crown" },
				"east": { "uv": [ 7.75, 2.25, 7.25, 2.5 ], "texture": "#crown" }
			}
		},
		{
			"__comment": "Voxels",
			"from": [ 6, 6, -11 ],
			"to": [ 8, 7, -10 ],
			"faces": {
				"down": { "uv": [ 7.25, 2, 7.75, 2.25 ], "texture": "#crown" },
				"up": { "uv": [ 7.25, 2, 7.75, 1.75 ], "texture": "#crown" },
				"north": { "uv": [ 7.75, 1.5, 7.25, 1.75 ], "texture": "#crown" },
				"south": { "uv": [ 7.25, 1.25, 7.75, 1.5 ], "texture": "#crown" },
				"west": { "uv": [ 9.75, 5.75, 10, 6 ], "texture": "#crown" },
				"east": { "uv": [ 10, 5.5, 9.75, 5.75 ], "texture": "#crown" }
			}
		},
		{
			"__comment": "Voxels",
			"from": [ 6, 6, 7 ],
			"to": [ 8, 7, 8 ],
			"faces": {
				"down": { "uv": [ 7.25, 1, 7.75, 1.25 ], "texture": "#crown" },
				"up": { "uv": [ 7.25, 1, 7.75, 0.75 ], "texture": "#crown" },
				"north": { "uv": [ 7.75, 0.5, 7.25, 0.75 ], "texture": "#crown" },
				"south": { "uv": [ 7.25, 0.25, 7.75, 0.5 ], "texture": "#crown" },
				"west": { "uv": [ 9.75, 3.25, 10, 3.5 ], "texture": "#crown" },
				"east": { "uv": [ 10, 3, 9.75, 3.25 ], "texture": "#crown" }
			}
		},
		{
			"__comment": "Voxels",
			"from": [ 6, 11, -11 ],
			"to": [ 9, 12, -10 ],
			"faces": {
				"down": { "uv": [ 10, 8.5, 10.75, 8.75 ], "texture": "#crown" },
				"up": { "uv": [ 9.25, 8.75, 10, 8.5 ], "texture": "#crown" },
				"north": { "uv": [ 7.75, 8.5, 7, 8.75 ], "texture": "#crown" },
				"south": { "uv": [ 15.25, 8.75, 16, 9 ], "texture": "#crown" },
				"west": { "uv": [ 10, 5.75, 10.25, 6 ], "texture": "#crown" },
				"east": { "uv": [ 10.5, 5.75, 10.25, 6 ], "texture": "#crown" }
			}
		},
		{
			"__comment": "Voxels",
			"from": [ 6, 11, 7 ],
			"to": [ 9, 12, 8 ],
			"faces": {
				"down": { "uv": [ 14.5, 8.75, 15.25, 9 ], "texture": "#crown" },
				"up": { "uv": [ 11.5, 9, 12.25, 8.75 ], "texture": "#crown" },
				"north": { "uv": [ 10, 8.75, 9.25, 9 ], "texture": "#crown" },
				"south": { "uv": [ 12, 9, 12.75, 9.25 ], "texture": "#crown" },
				"west": { "uv": [ 12.5, 5.75, 12.75, 6 ], "texture": "#crown" },
				"east": { "uv": [ 13, 5.75, 12.75, 6 ], "texture": "#crown" }
			}
		},
		{
			"__comment": "Voxels",
			"from": [ 7, 7, -11 ],
			"to": [ 10, 8, -10 ],
			"faces": {
				"down": { "uv": [ 11.25, 9, 12, 9.25 ], "texture": "#crown" },
				"up": { "uv": [ 10.5, 9.25, 11.25, 9 ], "texture": "#crown" },
				"north": { "uv": [ 10.5, 9, 9.75, 9.25 ], "texture": "#crown" },
				"south": { "uv": [ 6, 7, 6.75, 7.25 ], "texture": "#crown" },
				"west": { "uv": [ 15, 5.75, 15.25, 6 ], "texture": "#crown" },
				"east": { "uv": [ 15.5, 5.75, 15.25, 6 ], "texture": "#crown" }
			}
		},
		{
			"__comment": "Voxels",
			"from": [ 7, 7, 7 ],
			"to": [ 10, 8, 8 ],
			"faces": {
				"down": { "uv": [ 6, 7.25, 6.75, 7.5 ], "texture": "#crown" },
				"up": { "uv": [ 6, 9.25, 6.75, 9 ], "texture": "#crown" },
				"north": { "uv": [ 12.75, 9.25, 12, 9.5 ], "texture": "#crown" },
				"south": { "uv": [ 7.5, 9.25, 8.25, 9.5 ], "texture": "#crown" },
				"west": { "uv": [ 10, 4.5, 10.25, 4.75 ], "texture": "#crown" },
				"east": { "uv": [ 10.25, 4.25, 10, 4.5 ], "texture": "#crown" }
			}
		},
		{
			"__comment": "Voxels",
			"from": [ 7, 10, -11 ],
			"to": [ 10, 11, -10 ],
			"faces": {
				"down": { "uv": [ 6.75, 9.25, 7.5, 9.5 ], "texture": "#crown" },
				"up": { "uv": [ 14.25, 9.75, 15, 9.5 ], "texture": "#crown" },
				"north": { "uv": [ 14.25, 9.5, 13.5, 9.75 ], "texture": "#crown" },
				"south": { "uv": [ 9.5, 10, 10.25, 10.25 ], "texture": "#crown" },
				"west": { "uv": [ 10, 3, 10.25, 3.25 ], "texture": "#crown" },
				"east": { "uv": [ 10.25, 2.75, 10, 3 ], "texture": "#crown" }
			}
		},
		{
			"__comment": "Voxels",
			"from": [ 7, 10, 7 ],
			"to": [ 10, 11, 8 ],
			"faces": {
				"down": { "uv": [ 8.75, 10, 9.5, 10.25 ], "texture": "#crown" },
				"up": { "uv": [ 7.5, 9.75, 8.25, 9.5 ], "texture": "#crown" },
				"north": { "uv": [ 9, 9.5, 8.25, 9.75 ], "texture": "#crown" },
				"south": { "uv": [ 14.25, 9, 15, 9.25 ], "texture": "#crown" },
				"west": { "uv": [ 10, 1.5, 10.25, 1.75 ], "texture": "#crown" },
				"east": { "uv": [ 10.25, 1.25, 10, 1.5 ], "texture": "#crown" }
			}
		},
		{
			"__comment": "Voxels",
			"from": [ 9, 5, -9 ],
			"to": [ 13, 8, -8 ],
			"faces": {
				"down": { "uv": [ 14.75, 11.25, 15.75, 11.5 ], "texture": "#crown" },
				"up": { "uv": [ 14.75, 11.75, 15.75, 11.5 ], "texture": "#crown" },
				"north": { "uv": [ 2.25, 6.25, 1.25, 7 ], "texture": "#crown" },
				"south": { "uv": [ 1.25, 10, 2.25, 10.75 ], "texture": "#crown" },
				"west": { "uv": [ 6.75, 8.25, 7, 9 ], "texture": "#crown" },
				"east": { "uv": [ 7, 6, 6.75, 6.75 ], "texture": "#crown" }
			}
		},
		{
			"__comment": "Voxels",
			"from": [ 9, 5, 5 ],
			"to": [ 13, 8, 6 ],
			"faces": {
				"down": { "uv": [ 1.25, 0, 2.25, 0.25 ], "texture": "#crown" },
				"up": { "uv": [ 14.75, 14.5, 15.75, 14.25 ], "texture": "#crown" },
				"north": { "uv": [ 2.25, 7, 1.25, 7.75 ], "texture": "#crown" },
				"south": { "uv": [ 1.25, 10.75, 2.25, 11.5 ], "texture": "#crown" },
				"west": { "uv": [ 15.75, 15.25, 16, 16 ], "texture": "#crown" },
				"east": { "uv": [ 16, 14.5, 15.75, 15.25 ], "texture": "#crown" }
			}
		},
		{
			"__comment": "Voxels",
			"from": [ 9, 8, -11 ],
			"to": [ 11, 10, -10 ],
			"faces": {
				"down": { "uv": [ 7.25, 0, 7.75, 0.25 ], "texture": "#crown" },
				"up": { "uv": [ 7.75, 8.25, 8.25, 8 ], "texture": "#crown" },
				"north": { "uv": [ 4.75, 3.5, 4.25, 4 ], "texture": "#crown" },
				"south": { "uv": [ 4.25, 4, 4.75, 4.5 ], "texture": "#crown" },
				"west": { "uv": [ 7.5, 2.75, 7.75, 3.25 ], "texture": "#crown" },
				"east": { "uv": [ 8, 7.5, 7.75, 8 ], "texture": "#crown" }
			}
		},
		{
			"__comment": "Voxels",
			"from": [ 9, 8, -9 ],
			"to": [ 12, 13, -8 ],
			"faces": {
				"down": { "uv": [ 12.5, 10.25, 13.25, 10.5 ], "texture": "#crown" },
				"up": { "uv": [ 13.25, 10.5, 14, 10.25 ], "texture": "#crown" },
				"north": { "uv": [ 9.75, 14.75, 9, 16 ], "texture": "#crown" },
				"south": { "uv": [ 8.25, 14.25, 9, 15.5 ], "texture": "#crown" },
				"west": { "uv": [ 4.25, 7, 4.5, 8.25 ], "texture": "#crown" },
				"east": { "uv": [ 4.25, 7, 4, 8.25 ], "texture": "#crown" }
			}
		},
		{
			"__comment": "Voxels",
			"from": [ 9, 8, 5 ],
			"to": [ 12, 13, 6 ],
			"faces": {
				"down": { "uv": [ 5.75, 10, 6.5, 10.25 ], "texture": "#crown" },
				"up": { "uv": [ 6.5, 10.25, 7.25, 10 ], "texture": "#crown" },
				"north": { "uv": [ 7.5, 14.25, 6.75, 15.5 ], "texture": "#crown" },
				"south": { "uv": [ 7.5, 14.25, 8.25, 15.5 ], "texture": "#crown" },
				"west": { "uv": [ 4, 4.5, 4.25, 5.75 ], "texture": "#crown" },
				"east": { "uv": [ 1.25, 7.75, 1, 9 ], "texture": "#crown" }
			}
		},
		{
			"__comment": "Voxels",
			"from": [ 9, 8, 7 ],
			"to": [ 11, 10, 8 ],
			"faces": {
				"down": { "uv": [ 8.25, 8, 8.75, 8.25 ], "texture": "#crown" },
				"up": { "uv": [ 8.75, 8.25, 9.25, 8 ], "texture": "#crown" },
				"north": { "uv": [ 4, 0, 3.5, 0.5 ], "texture": "#crown" },
				"south": { "uv": [ 3.5, 0.5, 4, 1 ], "texture": "#crown" },
				"west": { "uv": [ 7.75, 7, 8, 7.5 ], "texture": "#crown" },
				"east": { "uv": [ 8, 6.5, 7.75, 7 ], "texture": "#crown" }
			}
		},
		{
			"__comment": "Voxels",
			"from": [ 11, 5, -8 ],
			"to": [ 14, 6, -7 ],
			"faces": {
				"down": { "uv": [ 7.25, 10, 8, 10.25 ], "texture": "#crown" },
				"up": { "uv": [ 10.25, 10.25, 11, 10 ], "texture": "#crown" },
				"north": { "uv": [ 11.75, 10, 11, 10.25 ], "texture": "#crown" },
				"south": { "uv": [ 12.5, 10, 13.25, 10.25 ], "texture": "#crown" },
				"west": { "uv": [ 14, 7, 14.25, 7.25 ], "texture": "#crown" },
				"east": { "uv": [ 14.5, 7, 14.25, 7.25 ], "texture": "#crown" }
			}
		},
		{
			"__comment": "Voxels",
			"from": [ 11, 5, 4 ],
			"to": [ 14, 6, 5 ],
			"faces": {
				"down": { "uv": [ 13.25, 10, 14, 10.25 ], "texture": "#crown" },
				"up": { "uv": [ 12.75, 10, 13.5, 9.75 ], "texture": "#crown" },
				"north": { "uv": [ 14.25, 9.75, 13.5, 10 ], "texture": "#crown" },
				"south": { "uv": [ 12, 9.5, 12.75, 9.75 ], "texture": "#crown" },
				"west": { "uv": [ 15.5, 7, 15.75, 7.25 ], "texture": "#crown" },
				"east": { "uv": [ 16, 7, 15.75, 7.25 ], "texture": "#crown" }
			}
		},
		{
			"__comment": "Voxels",
			"from": [ 11, 6, -8 ],
			"to": [ 13, 13, -7 ],
			"faces": {
				"down": { "uv": [ 9.25, 8, 9.75, 8.25 ], "texture": "#crown" },
				"up": { "uv": [ 9.75, 8.25, 10.25, 8 ], "texture": "#crown" },
				"north": { "uv": [ 14.75, 14.25, 14.25, 16 ], "texture": "#crown" },
				"south": { "uv": [ 9.75, 14.25, 10.25, 16 ], "texture": "#crown" },
				"west": { "uv": [ 0.75, 0.5, 1, 2.25 ], "texture": "#crown" },
				"east": { "uv": [ 2.25, 1.25, 2, 3 ], "texture": "#crown" }
			}
		},
		{
			"__comment": "Voxels",
			"from": [ 11, 6, 4 ],
			"to": [ 13, 13, 5 ],
			"faces": {
				"down": { "uv": [ 10.25, 8, 10.75, 8.25 ], "texture": "#crown" },
				"up": { "uv": [ 10.75, 8.25, 11.25, 8 ], "texture": "#crown" },
				"north": { "uv": [ 12.75, 14.25, 12.25, 16 ], "texture": "#crown" },
				"south": { "uv": [ 10.75, 14.25, 11.25, 16 ], "texture": "#crown" },
				"west": { "uv": [ 0.5, 0.5, 0.75, 2.25 ], "texture": "#crown" },
				"east": { "uv": [ 1.25, 0.5, 1, 2.25 ], "texture": "#crown" }
			}
		},
		{
			"__comment": "Voxels",
			"from": [ 12, 5, -7 ],
			"to": [ 14, 6, -5 ],
			"faces": {
				"down": { "uv": [ 4.75, 2.25, 5.25, 2.75 ], "texture": "#crown" },
				"up": { "uv": [ 4.75, 2.25, 5.25, 1.75 ], "texture": "#crown" },
				"north": { "uv": [ 13.25, 8, 12.75, 8.25 ], "texture": "#crown" },
				"south": { "uv": [ 13.25, 8, 13.75, 8.25 ], "texture": "#crown" },
				"west": { "uv": [ 13.75, 8, 14.25, 8.25 ], "texture": "#crown" },
				"east": { "uv": [ 14.75, 8, 14.25, 8.25 ], "texture": "#crown" }
			}
		},
		{
			"__comment": "Voxels",
			"from": [ 12, 5, 2 ],
			"to": [ 15, 6, 3 ],
			"faces": {
				"down": { "uv": [ 6, 6.75, 6.75, 7 ], "texture": "#crown" },
				"up": { "uv": [ 6, 6.75, 6.75, 6.5 ], "texture": "#crown" },
				"north": { "uv": [ 6.75, 6.25, 6, 6.5 ], "texture": "#crown" },
				"south": { "uv": [ 6, 6, 6.75, 6.25 ], "texture": "#crown" },
				"west": { "uv": [ 13.25, 6.75, 13.5, 7 ], "texture": "#crown" },
				"east": { "uv": [ 13.75, 6.75, 13.5, 7 ], "texture": "#crown" }
			}
		},
		{
			"__comment": "Voxels",
			"from": [ 12, 5, 3 ],
			"to": [ 14, 6, 4 ],
			"faces": {
				"down": { "uv": [ 8, 7.75, 8.5, 8 ], "texture": "#crown" },
				"up": { "uv": [ 8.5, 8, 9, 7.75 ], "texture": "#crown" },
				"north": { "uv": [ 9.5, 7.75, 9, 8 ], "texture": "#crown" },
				"south": { "uv": [ 9.5, 7.75, 10, 8 ], "texture": "#crown" },
				"west": { "uv": [ 14.75, 6.75, 15, 7 ], "texture": "#crown" },
				"east": { "uv": [ 15.25, 6.75, 15, 7 ], "texture": "#crown" }
			}
		},
		{
			"__comment": "Voxels",
			"from": [ 12, 6, -7 ],
			"to": [ 13, 13, -5 ],
			"faces": {
				"down": { "uv": [ 7.75, 5, 8, 5.5 ], "texture": "#crown" },
				"up": { "uv": [ 7.75, 5, 8, 4.5 ], "texture": "#crown" },
				"north": { "uv": [ 2, 3, 1.75, 4.75 ], "texture": "#crown" },
				"south": { "uv": [ 2, 3, 2.25, 4.75 ], "texture": "#crown" },
				"west": { "uv": [ 11.25, 14.25, 11.75, 16 ], "texture": "#crown" },
				"east": { "uv": [ 14.25, 14.25, 13.75, 16 ], "texture": "#crown" }
			}
		},
		{
			"__comment": "Voxels",
			"from": [ 12, 6, 2 ],
			"to": [ 14, 13, 3 ],
			"faces": {
				"down": { "uv": [ 12, 7.75, 12.5, 8 ], "texture": "#crown" },
				"up": { "uv": [ 12.5, 8, 13, 7.75 ], "texture": "#crown" },
				"north": { "uv": [ 12.25, 14.25, 11.75, 16 ], "texture": "#crown" },
				"south": { "uv": [ 13.25, 14.25, 13.75, 16 ], "texture": "#crown" },
				"west": { "uv": [ 1.5, 1.25, 1.75, 3 ], "texture": "#crown" },
				"east": { "uv": [ 2, 1.25, 1.75, 3 ], "texture": "#crown" }
			}
		},
		{
			"__comment": "Voxels",
			"from": [ 12, 6, 3 ],
			"to": [ 13, 13, 4 ],
			"faces": {
				"down": { "uv": [ 11.5, 6.5, 11.75, 6.75 ], "texture": "#crown" },
				"up": { "uv": [ 11.75, 6.75, 12, 6.5 ], "texture": "#crown" },
				"north": { "uv": [ 2.5, 5, 2.25, 6.75 ], "texture": "#crown" },
				"south": { "uv": [ 1.25, 3, 1.5, 4.75 ], "texture": "#crown" },
				"west": { "uv": [ 1.5, 3, 1.75, 4.75 ], "texture": "#crown" },
				"east": { "uv": [ 1.5, 1.25, 1.25, 3 ], "texture": "#crown" }
			}
		},
		{
			"__comment": "Voxels",
			"from": [ 12, 10, -9 ],
			"to": [ 13, 13, -8 ],
			"faces": {
				"down": { "uv": [ 13, 6.5, 13.25, 6.75 ], "texture": "#crown" },
				"up": { "uv": [ 13.25, 6.75, 13.5, 6.5 ], "texture": "#crown" },
				"north": { "uv": [ 6.5, 8.25, 6.25, 9 ], "texture": "#crown" },
				"south": { "uv": [ 6.5, 8.25, 6.75, 9 ], "texture": "#crown" },
				"west": { "uv": [ 7, 6.25, 7.25, 7 ], "texture": "#crown" },
				"east": { "uv": [ 6.25, 2, 6, 2.75 ], "texture": "#crown" }
			}
		},
		{
			"__comment": "Voxels",
			"from": [ 12, 10, 5 ],
			"to": [ 13, 13, 6 ],
			"faces": {
				"down": { "uv": [ 14.5, 6.5, 14.75, 6.75 ], "texture": "#crown" },
				"up": { "uv": [ 14.75, 6.75, 15, 6.5 ], "texture": "#crown" },
				"north": { "uv": [ 6.5, 2, 6.25, 2.75 ], "texture": "#crown" },
				"south": { "uv": [ 6.5, 2, 6.75, 2.75 ], "texture": "#crown" },
				"west": { "uv": [ 6, 1.25, 6.25, 2 ], "texture": "#crown" },
				"east": { "uv": [ 6.5, 1.25, 6.25, 2 ], "texture": "#crown" }
			}
		},
		{
			"__comment": "Voxels",
			"from": [ 13, 5, -5 ],
			"to": [ 15, 6, 2 ],
			"faces": {
				"down": { "uv": [ 12.75, 14.25, 13.25, 16 ], "texture": "#crown" },
				"up": { "uv": [ 10.25, 16, 10.75, 14.25 ], "texture": "#crown" },
				"north": { "uv": [ 12.5, 7.5, 12, 7.75 ], "texture": "#crown" },
				"south": { "uv": [ 12.5, 7.5, 13, 7.75 ], "texture": "#crown" },
				"west": { "uv": [ 12, 10.75, 13.75, 11 ], "texture": "#crown" },
				"east": { "uv": [ 15.5, 10.75, 13.75, 11 ], "texture": "#crown" }
			}
		},
		{
			"__comment": "Voxels",
			"from": [ 13, 6, -6 ],
			"to": [ 14, 13, 2 ],
			"faces": {
				"down": { "uv": [ 0.5, 3.25, 0.75, 5.25 ], "texture": "#crown" },
				"up": { "uv": [ 0.75, 5.25, 1, 3.25 ], "texture": "#crown" },
				"north": { "uv": [ 1.25, 3.5, 1, 5.25 ], "texture": "#crown" },
				"south": { "uv": [ 2.5, 5, 2.75, 6.75 ], "texture": "#crown" },
				"west": { "uv": [ 0, 14.25, 2, 16 ], "texture": "#crown" },
				"east": { "uv": [ 4, 14.25, 2, 16 ], "texture": "#crown" }
			}
		},
		{
			"__comment": "Voxels",
			"from": [ 13, 7, -8 ],
			"to": [ 14, 8, -6 ],
			"faces": {
				"down": { "uv": [ 7.75, 0, 8, 0.5 ], "texture": "#crown" },
				"up": { "uv": [ 8, 7.5, 8.25, 7 ], "texture": "#crown" },
				"north": { "uv": [ 9.5, 2.75, 9.25, 3 ], "texture": "#crown" },
				"south": { "uv": [ 9.25, 2.5, 9.5, 2.75 ], "texture": "#crown" },
				"west": { "uv": [ 15, 7.5, 15.5, 7.75 ], "texture": "#crown" },
				"east": { "uv": [ 16, 7.5, 15.5, 7.75 ], "texture": "#crown" }
			}
		},
		{
			"__comment": "Voxels",
			"from": [ 13, 7, 3 ],
			"to": [ 14, 13, 4 ],
			"faces": {
				"down": { "uv": [ 9.25, 1.75, 9.5, 2 ], "texture": "#crown" },
				"up": { "uv": [ 9.25, 1.75, 9.5, 1.5 ], "texture": "#crown" },
				"north": { "uv": [ 3.75, 7.75, 3.5, 9.25 ], "texture": "#crown" },
				"south": { "uv": [ 3.75, 7.75, 4, 9.25 ], "texture": "#crown" },
				"west": { "uv": [ 3.5, 6.25, 3.75, 7.75 ], "texture": "#crown" },
				"east": { "uv": [ 4, 6.25, 3.75, 7.75 ], "texture": "#crown" }
			}
		},
		{
			"__comment": "Voxels",
			"from": [ 13, 7, 4 ],
			"to": [ 14, 8, 5 ],
			"faces": {
				"down": { "uv": [ 9.25, 0.25, 9.5, 0.5 ], "texture": "#crown" },
				"up": { "uv": [ 9.25, 0.25, 9.5, 0 ], "texture": "#crown" },
				"north": { "uv": [ 9.75, 6.25, 9.5, 6.5 ], "texture": "#crown" },
				"south": { "uv": [ 9.75, 6.25, 10, 6.5 ], "texture": "#crown" },
				"west": { "uv": [ 10, 6.25, 10.25, 6.5 ], "texture": "#crown" },
				"east": { "uv": [ 10.5, 6.25, 10.25, 6.5 ], "texture": "#crown" }
			}
		},
		{
			"__comment": "Voxels",
			"from": [ 13, 8, -7 ],
			"to": [ 15, 10, -6 ],
			"faces": {
				"down": { "uv": [ 10.25, 7.25, 10.75, 7.5 ], "texture": "#crown" },
				"up": { "uv": [ 10.75, 7.5, 11.25, 7.25 ], "texture": "#crown" },
				"north": { "uv": [ 5.75, 9.5, 5.25, 10 ], "texture": "#crown" },
				"south": { "uv": [ 5.25, 9, 5.75, 9.5 ], "texture": "#crown" },
				"west": { "uv": [ 8, 6.5, 8.25, 7 ], "texture": "#crown" },
				"east": { "uv": [ 8.25, 6, 8, 6.5 ], "texture": "#crown" }
			}
		},
		{
			"__comment": "Voxels",
			"from": [ 13, 10, -8 ],
			"to": [ 14, 11, -6 ],
			"faces": {
				"down": { "uv": [ 8, 5.5, 8.25, 6 ], "texture": "#crown" },
				"up": { "uv": [ 8, 5.5, 8.25, 5 ], "texture": "#crown" },
				"north": { "uv": [ 12.75, 6.25, 12.5, 6.5 ], "texture": "#crown" },
				"south": { "uv": [ 12.75, 6.25, 13, 6.5 ], "texture": "#crown" },
				"west": { "uv": [ 12.25, 7.25, 12.75, 7.5 ], "texture": "#crown" },
				"east": { "uv": [ 13.25, 7.25, 12.75, 7.5 ], "texture": "#crown" }
			}
		},
		{
			"__comment": "Voxels",
			"from": [ 13, 10, 4 ],
			"to": [ 14, 11, 5 ],
			"faces": {
				"down": { "uv": [ 13.5, 6.25, 13.75, 6.5 ], "texture": "#crown" },
				"up": { "uv": [ 13.75, 6.5, 14, 6.25 ], "texture": "#crown" },
				"north": { "uv": [ 14.25, 6.25, 14, 6.5 ], "texture": "#crown" },
				"south": { "uv": [ 14.25, 6.25, 14.5, 6.5 ], "texture": "#crown" },
				"west": { "uv": [ 14.5, 6.25, 14.75, 6.5 ], "texture": "#crown" },
				"east": { "uv": [ 15, 6.25, 14.75, 6.5 ], "texture": "#crown" }
			}
		},
		{
			"__comment": "Voxels",
			"from": [ 13, 11, -7 ],
			"to": [ 14, 13, -6 ],
			"faces": {
				"down": { "uv": [ 15, 6.25, 15.25, 6.5 ], "texture": "#crown" },
				"up": { "uv": [ 15.25, 6.5, 15.5, 6.25 ], "texture": "#crown" },
				"north": { "uv": [ 8.25, 4.5, 8, 5 ], "texture": "#crown" },
				"south": { "uv": [ 8, 4, 8.25, 4.5 ], "texture": "#crown" },
				"west": { "uv": [ 8, 3.5, 8.25, 4 ], "texture": "#crown" },
				"east": { "uv": [ 8.25, 3, 8, 3.5 ], "texture": "#crown" }
			}
		},
		{
			"__comment": "Voxels",
			"from": [ 13, 12, -8 ],
			"to": [ 14, 13, -7 ],
			"faces": {
				"down": { "uv": [ 9.5, 5.5, 9.75, 5.75 ], "texture": "#crown" },
				"up": { "uv": [ 9.5, 5.5, 9.75, 5.25 ], "texture": "#crown" },
				"north": { "uv": [ 9.75, 5, 9.5, 5.25 ], "texture": "#crown" },
				"south": { "uv": [ 9.5, 4.75, 9.75, 5 ], "texture": "#crown" },
				"west": { "uv": [ 9.5, 4.5, 9.75, 4.75 ], "texture": "#crown" },
				"east": { "uv": [ 9.75, 4.25, 9.5, 4.5 ], "texture": "#crown" }
			}
		},
		{
			"__comment": "Voxels",
			"from": [ 13, 12, 4 ],
			"to": [ 14, 13, 5 ],
			"faces": {
				"down": { "uv": [ 9.5, 4, 9.75, 4.25 ], "texture": "#crown" },
				"up": { "uv": [ 9.5, 4, 9.75, 3.75 ], "texture": "#crown" },
				"north": { "uv": [ 9.75, 3.5, 9.5, 3.75 ], "texture": "#crown" },
				"south": { "uv": [ 9.5, 3.25, 9.75, 3.5 ], "texture": "#crown" },
				"west": { "uv": [ 9.5, 3, 9.75, 3.25 ], "texture": "#crown" },
				"east": { "uv": [ 9.75, 2.75, 9.5, 3 ], "texture": "#crown" }
			}
		},
		{
			"__comment": "Voxels",
			"from": [ 13, 13, -4 ],
			"to": [ 15, 15, 1 ],
			"faces": {
				"down": { "uv": [ 0.5, 9, 1, 10.25 ], "texture": "#crown" },
				"up": { "uv": [ 0.5, 9, 1, 7.75 ], "texture": "#crown" },
				"north": { "uv": [ 5.75, 7.5, 5.25, 8 ], "texture": "#crown" },
				"south": { "uv": [ 5.25, 7, 5.75, 7.5 ], "texture": "#crown" },
				"west": { "uv": [ 2.25, 7.25, 3.5, 7.75 ], "texture": "#crown" },
				"east": { "uv": [ 3.5, 6.75, 2.25, 7.25 ], "texture": "#crown" }
			}
		},
		{
			"__comment": "Voxels",
			"from": [ 13, 15, -3 ],
			"to": [ 15, 16, 0 ],
			"faces": {
				"down": { "uv": [ 3.5, 4, 4, 4.75 ], "texture": "#crown" },
				"up": { "uv": [ 3.5, 4, 4, 3.25 ], "texture": "#crown" },
				"north": { "uv": [ 8.75, 6.75, 8.25, 7 ], "texture": "#crown" },
				"south": { "uv": [ 15.25, 8.25, 15.75, 8.5 ], "texture": "#crown" },
				"west": { "uv": [ 10, 8.75, 10.75, 9 ], "texture": "#crown" },
				"east": { "uv": [ 11.5, 8.75, 10.75, 9 ], "texture": "#crown" }
			}
		},
		{
			"__comment": "Voxels",
			"from": [ 13, 16, -2 ],
			"to": [ 15, 17, -1 ],
			"faces": {
				"down": { "uv": [ 8.25, 6, 8.75, 6.25 ], "texture": "#crown" },
				"up": { "uv": [ 8.25, 6, 8.75, 5.75 ], "texture": "#crown" },
				"north": { "uv": [ 8.75, 5.5, 8.25, 5.75 ], "texture": "#crown" },
				"south": { "uv": [ 8.25, 5.25, 8.75, 5.5 ], "texture": "#crown" },
				"west": { "uv": [ 11, 6, 11.25, 6.25 ], "texture": "#crown" },
				"east": { "uv": [ 11.5, 6, 11.25, 6.25 ], "texture": "#crown" }
			}
		},
		{
			"__comment": "Voxels",
			"from": [ 14, 5, -6 ],
			"to": [ 15, 6, -5 ],
			"faces": {
				"down": { "uv": [ 11.5, 6, 11.75, 6.25 ], "texture": "#crown" },
				"up": { "uv": [ 11.75, 6.25, 12, 6 ], "texture": "#crown" },
				"north": { "uv": [ 12.25, 6, 12, 6.25 ], "texture": "#crown" },
				"south": { "uv": [ 12.25, 6, 12.5, 6.25 ], "texture": "#crown" },
				"west": { "uv": [ 12.5, 6, 12.75, 6.25 ], "texture": "#crown" },
				"east": { "uv": [ 13, 6, 12.75, 6.25 ], "texture": "#crown" }
			}
		},
		{
			"__comment": "Voxels",
			"from": [ 14, 6, -4 ],
			"to": [ 15, 8, -3 ],
			"faces": {
				"down": { "uv": [ 13, 6, 13.25, 6.25 ], "texture": "#crown" },
				"up": { "uv": [ 13.25, 6.25, 13.5, 6 ], "texture": "#crown" },
				"north": { "uv": [ 8.25, 1.5, 8, 2 ], "texture": "#crown" },
				"south": { "uv": [ 8, 1, 8.25, 1.5 ], "texture": "#crown" },
				"west": { "uv": [ 8, 0.5, 8.25, 1 ], "texture": "#crown" },
				"east": { "uv": [ 8.25, 0, 8, 0.5 ], "texture": "#crown" }
			}
		},
		{
			"__comment": "Voxels",
			"from": [ 14, 6, -3 ],
			"to": [ 15, 7, -2 ],
			"faces": {
				"down": { "uv": [ 14.5, 6, 14.75, 6.25 ], "texture": "#crown" },
				"up": { "uv": [ 14.75, 6.25, 15, 6 ], "texture": "#crown" },
				"north": { "uv": [ 15.25, 6, 15, 6.25 ], "texture": "#crown" },
				"south": { "uv": [ 15.25, 6, 15.5, 6.25 ], "texture": "#crown" },
				"west": { "uv": [ 15.5, 6, 15.75, 6.25 ], "texture": "#crown" },
				"east": { "uv": [ 16, 6, 15.75, 6.25 ], "texture": "#crown" }
			}
		},
		{
			"__comment": "Voxels",
			"from": [ 14, 6, -1 ],
			"to": [ 15, 7, 1 ],
			"faces": {
				"down": { "uv": [ 8.25, 4.75, 8.5, 5.25 ], "texture": "#crown" },
				"up": { "uv": [ 8.5, 5.25, 8.75, 4.75 ], "texture": "#crown" },
				"north": { "uv": [ 10, 5.25, 9.75, 5.5 ], "texture": "#crown" },
				"south": { "uv": [ 9.75, 5, 10, 5.25 ], "texture": "#crown" },
				"west": { "uv": [ 8.25, 4.5, 8.75, 4.75 ], "texture": "#crown" },
				"east": { "uv": [ 8.75, 4.25, 8.25, 4.5 ], "texture": "#crown" }
			}
		},
		{
			"__comment": "Voxels",
			"from": [ 14, 7, -6 ],
			"to": [ 15, 11, -5 ],
			"faces": {
				"down": { "uv": [ 9.75, 4.25, 10, 4.5 ], "texture": "#crown" },
				"up": { "uv": [ 9.75, 4.25, 10, 4 ], "texture": "#crown" },
				"north": { "uv": [ 5.5, 4.5, 5.25, 5.5 ], "texture": "#crown" },
				"south": { "uv": [ 5.5, 4.5, 5.75, 5.5 ], "texture": "#crown" },
				"west": { "uv": [ 5.25, 3.5, 5.5, 4.5 ], "texture": "#crown" },
				"east": { "uv": [ 5.75, 3.5, 5.5, 4.5 ], "texture": "#crown" }
			}
		},
		{
			"__comment": "Voxels",
			"from": [ 14, 7, -5 ],
			"to": [ 15, 8, -4 ],
			"faces": {
				"down": { "uv": [ 9.75, 2.75, 10, 3 ], "texture": "#crown" },
				"up": { "uv": [ 9.75, 2.75, 10, 2.5 ], "texture": "#crown" },
				"north": { "uv": [ 10, 2.25, 9.75, 2.5 ], "texture": "#crown" },
				"south": { "uv": [ 9.75, 2, 10, 2.25 ], "texture": "#crown" },
				"west": { "uv": [ 9.75, 1.75, 10, 2 ], "texture": "#crown" },
				"east": { "uv": [ 10, 1.5, 9.75, 1.75 ], "texture": "#crown" }
			}
		},
		{
			"__comment": "Voxels",
			"from": [ 14, 7, -2 ],
			"to": [ 15, 11, -1 ],
			"faces": {
				"down": { "uv": [ 9.75, 1.25, 10, 1.5 ], "texture": "#crown" },
				"up": { "uv": [ 9.75, 1.25, 10, 1 ], "texture": "#crown" },
				"north": { "uv": [ 5.5, 2.5, 5.25, 3.5 ], "texture": "#crown" },
				"south": { "uv": [ 5.5, 2.5, 5.75, 3.5 ], "texture": "#crown" },
				"west": { "uv": [ 5.25, 1.5, 5.5, 2.5 ], "texture": "#crown" },
				"east": { "uv": [ 5.75, 1.5, 5.5, 2.5 ], "texture": "#crown" }
			}
		},
		{
			"__comment": "Voxels",
			"from": [ 14, 7, 0 ],
			"to": [ 15, 8, 3 ],
			"faces": {
				"down": { "uv": [ 6.75, 5.25, 7, 6 ], "texture": "#crown" },
				"up": { "uv": [ 6.75, 5.25, 7, 4.5 ], "texture": "#crown" },
				"north": { "uv": [ 10.75, 5.75, 10.5, 6 ], "texture": "#crown" },
				"south": { "uv": [ 10.75, 5.75, 11, 6 ], "texture": "#crown" },
				"west": { "uv": [ 7.75, 8.5, 8.5, 8.75 ], "texture": "#crown" },
				"east": { "uv": [ 9.25, 8.5, 8.5, 8.75 ], "texture": "#crown" }
			}
		},
		{
			"__comment": "Voxels",
			"from": [ 14, 8, -3 ],
			"to": [ 15, 10, -2 ],
			"faces": {
				"down": { "uv": [ 11.5, 5.75, 11.75, 6 ], "texture": "#crown" },
				"up": { "uv": [ 11.75, 6, 12, 5.75 ], "texture": "#crown" },
				"north": { "uv": [ 8.5, 0.75, 8.25, 1.25 ], "texture": "#crown" },
				"south": { "uv": [ 8.5, 0.75, 8.75, 1.25 ], "texture": "#crown" },
				"west": { "uv": [ 8.25, 0.25, 8.5, 0.75 ], "texture": "#crown" },
				"east": { "uv": [ 8.75, 0.25, 8.5, 0.75 ], "texture": "#crown" }
			}
		},
		{
			"__comment": "Voxels",
			"from": [ 14, 8, -1 ],
			"to": [ 15, 10, 0 ],
			"faces": {
				"down": { "uv": [ 13, 5.75, 13.25, 6 ], "texture": "#crown" },
				"up": { "uv": [ 13.25, 6, 13.5, 5.75 ], "texture": "#crown" },
				"north": { "uv": [ 9, 6.75, 8.75, 7.25 ], "texture": "#crown" },
				"south": { "uv": [ 8.75, 6.25, 9, 6.75 ], "texture": "#crown" },
				"west": { "uv": [ 8.75, 5.75, 9, 6.25 ], "texture": "#crown" },
				"east": { "uv": [ 9, 5.25, 8.75, 5.75 ], "texture": "#crown" }
			}
		},
		{
			"__comment": "Voxels",
			"from": [ 14, 8, 2 ],
			"to": [ 15, 11, 3 ],
			"faces": {
				"down": { "uv": [ 14.5, 5.75, 14.75, 6 ], "texture": "#crown" },
				"up": { "uv": [ 14.75, 6, 15, 5.75 ], "texture": "#crown" },
				"north": { "uv": [ 7, 3.75, 6.75, 4.5 ], "texture": "#crown" },
				"south": { "uv": [ 6.75, 3, 7, 3.75 ], "texture": "#crown" },
				"west": { "uv": [ 6.75, 2.25, 7, 3 ], "texture": "#crown" },
				"east": { "uv": [ 7, 1.5, 6.75, 2.25 ], "texture": "#crown" }
			}
		},
		{
			"__comment": "Voxels",
			"from": [ 14, 8, 3 ],
			"to": [ 15, 10, 4 ],
			"faces": {
				"down": { "uv": [ 10, 5.5, 10.25, 5.75 ], "texture": "#crown" },
				"up": { "uv": [ 10, 5.5, 10.25, 5.25 ], "texture": "#crown" },
				"north": { "uv": [ 9, 4.75, 8.75, 5.25 ], "texture": "#crown" },
				"south": { "uv": [ 8.75, 4.25, 9, 4.75 ], "texture": "#crown" },
				"west": { "uv": [ 8.75, 3.75, 9, 4.25 ], "texture": "#crown" },
				"east": { "uv": [ 9, 3.25, 8.75, 3.75 ], "texture": "#crown" }
			}
		},
		{
			"__comment": "Voxels",
			"from": [ 14, 10, -5 ],
			"to": [ 15, 13, -3 ],
			"faces": {
				"down": { "uv": [ 8.75, 2.75, 9, 3.25 ], "texture": "#crown" },
				"up": { "uv": [ 8.75, 2.75, 9, 2.25 ], "texture": "#crown" },
				"north": { "uv": [ 7, 0.75, 6.75, 1.5 ], "texture": "#crown" },
				"south": { "uv": [ 6.75, 0, 7, 0.75 ], "texture": "#crown" },
				"west": { "uv": [ 3.5, 2.5, 4, 3.25 ], "texture": "#crown" },
				"east": { "uv": [ 4, 1.75, 3.5, 2.5 ], "texture": "#crown" }
			}
		},
		{
			"__comment": "Voxels",
			"from": [ 14, 10, 0 ],
			"to": [ 15, 13, 2 ],
			"faces": {
				"down": { "uv": [ 8.75, 1.25, 9, 1.75 ], "texture": "#crown" },
				"up": { "uv": [ 8.75, 1.25, 9, 0.75 ], "texture": "#crown" },
				"north": { "uv": [ 7.25, 7.75, 7, 8.5 ], "texture": "#crown" },
				"south": { "uv": [ 7, 7, 7.25, 7.75 ], "texture": "#crown" },
				"west": { "uv": [ 3.5, 1, 4, 1.75 ], "texture": "#crown" },
				"east": { "uv": [ 4, 5.5, 3.5, 6.25 ], "texture": "#crown" }
			}
		},
		{
			"__comment": "Voxels",
			"from": [ 14, 11, -3 ],
			"to": [ 15, 13, -2 ],
			"faces": {
				"down": { "uv": [ 10, 1, 10.25, 1.25 ], "texture": "#crown" },
				"up": { "uv": [ 10, 1, 10.25, 0.75 ], "texture": "#crown" },
				"north": { "uv": [ 9.25, 5, 9, 5.5 ], "texture": "#crown" },
				"south": { "uv": [ 9, 4.5, 9.25, 5 ], "texture": "#crown" },
				"west": { "uv": [ 9, 4, 9.25, 4.5 ], "texture": "#crown" },
				"east": { "uv": [ 9.25, 3.5, 9, 4 ], "texture": "#crown" }
			}
		},
		{
			"__comment": "Voxels",
			"from": [ 14, 11, -1 ],
			"to": [ 15, 13, 0 ],
			"faces": {
				"down": { "uv": [ 10.5, 5.5, 10.75, 5.75 ], "texture": "#crown" },
				"up": { "uv": [ 10.75, 5.75, 11, 5.5 ], "texture": "#crown" },
				"north": { "uv": [ 9.25, 3, 9, 3.5 ], "texture": "#crown" },
				"south": { "uv": [ 9, 2.5, 9.25, 3 ], "texture": "#crown" },
				"west": { "uv": [ 9, 2, 9.25, 2.5 ], "texture": "#crown" },
				"east": { "uv": [ 9.25, 1.5, 9, 2 ], "texture": "#crown" }
			}
		},
		{
			"__comment": "Voxels",
			"from": [ 14, 12, -6 ],
			"to": [ 15, 13, -5 ],
			"faces": {
				"down": { "uv": [ 12, 5.5, 12.25, 5.75 ], "texture": "#crown" },
				"up": { "uv": [ 12.25, 5.75, 12.5, 5.5 ], "texture": "#crown" },
				"north": { "uv": [ 12.75, 5.5, 12.5, 5.75 ], "texture": "#crown" },
				"south": { "uv": [ 12.75, 5.5, 13, 5.75 ], "texture": "#crown" },
				"west": { "uv": [ 13, 5.5, 13.25, 5.75 ], "texture": "#crown" },
				"east": { "uv": [ 13.5, 5.5, 13.25, 5.75 ], "texture": "#crown" }
			}
		},
		{
			"__comment": "Voxels",
			"from": [ 14, 12, -2 ],
			"to": [ 15, 13, -1 ],
			"faces": {
				"down": { "uv": [ 13.5, 5.5, 13.75, 5.75 ], "texture": "#crown" },
				"up": { "uv": [ 13.75, 5.75, 14, 5.5 ], "texture": "#crown" },
				"north": { "uv": [ 14.25, 5.5, 14, 5.75 ], "texture": "#crown" },
				"south": { "uv": [ 14.25, 5.5, 14.5, 5.75 ], "texture": "#crown" },
				"west": { "uv": [ 14.5, 5.5, 14.75, 5.75 ], "texture": "#crown" },
				"east": { "uv": [ 15, 5.5, 14.75, 5.75 ], "texture": "#crown" }
			}
		},
		{
			"__comment": "Voxels",
			"from": [ 14, 12, 2 ],
			"to": [ 15, 13, 3 ],
			"faces": {
				"down": { "uv": [ 15, 5.5, 15.25, 5.75 ], "texture": "#crown" },
				"up": { "uv": [ 15.25, 5.75, 15.5, 5.5 ], "texture": "#crown" },
				"north": { "uv": [ 15.75, 5.5, 15.5, 5.75 ], "texture": "#crown" },
				"south": { "uv": [ 15.75, 5.5, 16, 5.75 ], "texture": "#crown" },
				"west": { "uv": [ 10.25, 5.25, 10.5, 5.5 ], "texture": "#crown" },
				"east": { "uv": [ 10.5, 5, 10.25, 5.25 ], "texture": "#crown" }
			}
		}
	],
	"display": {
		"thirdperson_righthand": {
			"rotation":  [ 125, 0, 0 ],
			"translation":  [ 0, 0, 1.3913 ],
			"scale":  [ 0.3, 0.3, 0.3 ]
		},
		"thirdperson_lefthand": {
			"rotation":  [ 125, 0, 0 ],
			"translation":  [ 0, 0, 1.3913 ],
			"scale":  [ 0.3, 0.3, 0.3 ]
		},
		"firstperson_righthand": {
			"rotation":  [ 0, 11, 0 ],
			"translation":  [ 5.5652, 1.3913, 2.0869 ],
			"scale":  [ 0.5, 0.5, 0.5 ]
		},
		"firstperson_lefthand": {
			"rotation":  [ 0, 38, 0 ],
			"translation":  [ 5.5652, 1.3913, 2.0869 ],
			"scale":  [ 0.5, 0.5, 0.5 ]
		},
		"gui": {
			"translation":  [ 1.3913, -2.085, 0 ],
			"scale":  [ 0.6, 0.6, 0.6 ]
		},
		"head": {
			"translation":  [ 1.1, 8.6, 4.5 ],
			"scale":  [ 0.5, 0.5, 0.5 ]
		},
		"ground": {
			"translation":  [ 0, 7.6521, 0 ],
			"scale":  [ 0.5, 0.5, 0.5 ]
		},
		"fixed": {
			"rotation":  [ -90, 0, 0 ],
			"translation":  [ 2.5, 9.5, -3.5 ]
		}
	}
}