{
	"credit": "Made with Blockbench",
	"textures": {
		"0": "item/etc/cuuuuu",
		"particle": "item/etc/cuuuuu"
	},
	"elements": [
		{
			"from": [8.5, 5.525, 5.75],
			"to": [9, 6.025, 6.25],
			"rotation": {"angle": 0, "axis": "y", "origin": [16.4, 13.525, 13.35]},
			"faces": {
				"north": {"uv": [10.56, 2.08, 14.08, 5.44], "texture": "#0"},
				"east": {"uv": [10.56, 2.08, 14.08, 5.44], "texture": "#0"},
				"south": {"uv": [10.56, 2.08, 14.08, 5.44], "texture": "#0"},
				"west": {"uv": [10.56, 2.08, 14.08, 5.44], "texture": "#0"},
				"up": {"uv": [10.56, 2.08, 14.08, 5.44], "texture": "#0"},
				"down": {"uv": [10.56, 2.08, 14.08, 5.44], "texture": "#0"}
			}
		},
		{
			"from": [3, 4, 4],
			"to": [7, 8, 8],
			"rotation": {"angle": 0, "axis": "y", "origin": [3.5, 4.5, 4.5]},
			"color": 2,
			"faces": {
				"north": {"uv": [0, 0, 4, 4], "texture": "#missing"},
				"east": {"uv": [0, 0, 4, 4], "texture": "#missing"},
				"south": {"uv": [0, 0, 4, 4], "texture": "#missing"},
				"west": {"uv": [0, 0, 4, 4], "texture": "#missing"},
				"up": {"uv": [0, 0, 4, 4], "texture": "#missing"},
				"down": {"uv": [0, 0, 4, 4], "texture": "#missing"}
			}
		},
		{
			"from": [8.3, 4.925, 5.5],
			"to": [8.5, 5.925, 6.5],
			"rotation": {"angle": 0, "axis": "y", "origin": [8, 5.425, 6]},
			"faces": {
				"north": {"uv": [3.2, 1.12, 4.32, 4.32], "rotation": 180, "texture": "#0"},
				"east": {"uv": [3.2, 1.12, 4.32, 4.32], "rotation": 180, "texture": "#0"},
				"south": {"uv": [3.2, 1.12, 4.32, 4.32], "rotation": 180, "texture": "#0"},
				"west": {"uv": [3.2, 1.12, 4.32, 4.32], "rotation": 180, "texture": "#0"},
				"up": {"uv": [3.36, 3.2, 4.48, 4.32], "rotation": 180, "texture": "#0"},
				"down": {"uv": [3.2, 1.12, 4.32, 4.32], "rotation": 180, "texture": "#0"}
			}
		},
		{
			"from": [7.8, 4.625, 5.2],
			"to": [8.3, 5.925, 6.8],
			"rotation": {"angle": 0, "axis": "y", "origin": [7.8, 5.425, 6]},
			"faces": {
				"north": {"uv": [3.52, 0.96, 4.32, 3.36], "rotation": 180, "texture": "#0"},
				"east": {"uv": [3.52, 0.96, 4.32, 3.36], "rotation": 180, "texture": "#0"},
				"south": {"uv": [3.52, 0.96, 4.32, 3.36], "rotation": 180, "texture": "#0"},
				"west": {"uv": [3.52, 0.96, 4.32, 3.36], "rotation": 180, "texture": "#0"},
				"up": {"uv": [3.52, 3.36, 4.32, 4], "rotation": 180, "texture": "#0"},
				"down": {"uv": [3.52, 0.96, 4.32, 3.36], "rotation": 180, "texture": "#0"}
			}
		},
		{
			"from": [6.9, 4.025, 4.8],
			"to": [7.8, 5.925, 7.2],
			"rotation": {"angle": 0, "axis": "y", "origin": [7.3, 5.425, 6]},
			"faces": {
				"north": {"uv": [3.36, 0, 4.16, 3.52], "rotation": 180, "texture": "#0"},
				"east": {"uv": [3.36, 0, 4.16, 3.52], "rotation": 180, "texture": "#0"},
				"south": {"uv": [3.36, 0, 4.16, 3.52], "rotation": 180, "texture": "#0"},
				"west": {"uv": [3.36, 0, 4.16, 3.52], "rotation": 180, "texture": "#0"},
				"up": {"uv": [3.36, 3.2, 4.16, 3.84], "rotation": 180, "texture": "#0"},
				"down": {"uv": [3.36, 0, 4.16, 3.52], "rotation": 180, "texture": "#0"}
			}
		},
		{
			"from": [3.44, 7.75, 3.75],
			"to": [3.94, 8, 4],
			"rotation": {"angle": 22.5, "axis": "y", "origin": [3.7, 7.5, 3.5]},
			"faces": {
				"north": {"uv": [5.6, 0.64, 6.08, 1.12], "texture": "#0"},
				"east": {"uv": [5.6, 0.64, 6.08, 1.12], "texture": "#0"},
				"south": {"uv": [5.6, 0.64, 6.08, 1.12], "texture": "#0"},
				"west": {"uv": [5.6, 0.64, 6.08, 1.12], "texture": "#0"},
				"up": {"uv": [5.6, 0.64, 6.08, 1.12], "texture": "#0"},
				"down": {"uv": [5.6, 0.64, 6.08, 1.12], "texture": "#0"}
			}
		},
		{
			"from": [3.15, 7.55, 2.625],
			"to": [3.4, 7.8, 4.25],
			"rotation": {"angle": 22.5, "axis": "y", "origin": [3.15, 7.3, 3.5]},
			"faces": {
				"north": {"uv": [5.6, 0.64, 6.08, 1.12], "texture": "#0"},
				"east": {"uv": [5.6, 0.64, 6.08, 1.12], "texture": "#0"},
				"south": {"uv": [5.6, 0.64, 6.08, 1.12], "texture": "#0"},
				"west": {"uv": [5.6, 0.64, 6.08, 1.12], "texture": "#0"},
				"up": {"uv": [5.6, 0.64, 6.08, 1.12], "texture": "#0"},
				"down": {"uv": [5.6, 0.64, 6.08, 1.12], "texture": "#0"}
			}
		},
		{
			"from": [3.2, 7.275, 3.05],
			"to": [3.45, 7.55, 4.25],
			"rotation": {"angle": 22.5, "axis": "y", "origin": [3.2, 7.05, 3.5]},
			"faces": {
				"north": {"uv": [5.6, 0.64, 6.08, 1.12], "texture": "#0"},
				"east": {"uv": [5.6, 0.64, 6.08, 1.12], "texture": "#0"},
				"south": {"uv": [5.6, 0.64, 6.08, 1.12], "texture": "#0"},
				"west": {"uv": [5.6, 0.64, 6.08, 1.12], "texture": "#0"},
				"up": {"uv": [5.6, 0.64, 6.08, 1.12], "texture": "#0"},
				"down": {"uv": [5.6, 0.64, 6.08, 1.12], "texture": "#0"}
			}
		},
		{
			"from": [3.35, 7.75, 3.275],
			"to": [4.05, 8, 3.775],
			"rotation": {"angle": 22.5, "axis": "y", "origin": [3.6, 7.5, 3.275]},
			"faces": {
				"north": {"uv": [5.6, 0.64, 6.08, 1.12], "texture": "#0"},
				"east": {"uv": [5.6, 0.64, 6.08, 1.12], "texture": "#0"},
				"south": {"uv": [5.6, 0.64, 6.08, 1.12], "texture": "#0"},
				"west": {"uv": [5.6, 0.64, 6.08, 1.12], "texture": "#0"},
				"up": {"uv": [5.6, 0.64, 6.08, 1.12], "texture": "#0"},
				"down": {"uv": [5.6, 0.64, 6.08, 1.12], "texture": "#0"}
			}
		},
		{
			"from": [3.38, 7.75, 2.9],
			"to": [3.83, 8, 3.3],
			"rotation": {"angle": 22.5, "axis": "y", "origin": [3.55, 7.875, 3.375]},
			"faces": {
				"north": {"uv": [5.6, 0.64, 6.08, 1.12], "texture": "#0"},
				"east": {"uv": [5.6, 0.64, 6.08, 1.12], "texture": "#0"},
				"south": {"uv": [5.6, 0.64, 6.08, 1.12], "texture": "#0"},
				"west": {"uv": [5.6, 0.64, 6.08, 1.12], "texture": "#0"},
				"up": {"uv": [5.6, 0.64, 6.08, 1.12], "texture": "#0"},
				"down": {"uv": [5.6, 0.64, 6.08, 1.12], "texture": "#0"}
			}
		},
		{
			"from": [3.25, 7.475, 2.6],
			"to": [3.5, 7.8, 2.9],
			"rotation": {"angle": 22.5, "axis": "y", "origin": [3.475, 7.7, 3.075]},
			"faces": {
				"north": {"uv": [5.6, 0.64, 6.08, 1.12], "texture": "#0"},
				"east": {"uv": [5.6, 0.64, 6.08, 1.12], "texture": "#0"},
				"south": {"uv": [5.6, 0.64, 6.08, 1.12], "texture": "#0"},
				"west": {"uv": [5.6, 0.64, 6.08, 1.12], "texture": "#0"},
				"up": {"uv": [5.6, 0.64, 6.08, 1.12], "texture": "#0"},
				"down": {"uv": [5.6, 0.64, 6.08, 1.12], "texture": "#0"}
			}
		},
		{
			"name": "귓속",
			"from": [3.25, 7.475, 2.9],
			"to": [3.5, 7.75, 4.15],
			"rotation": {"angle": 22.5, "axis": "y", "origin": [3.475, 7.7, 3.075]},
			"faces": {
				"north": {"uv": [2.4, 3.2, 3.36, 4.16], "texture": "#0"},
				"east": {"uv": [2.4, 3.2, 3.36, 4.16], "texture": "#0"},
				"south": {"uv": [2.4, 3.2, 3.36, 4.16], "texture": "#0"},
				"west": {"uv": [2.4, 3.2, 3.36, 4.16], "texture": "#0"},
				"up": {"uv": [2.4, 3.2, 3.36, 4.16], "texture": "#0"},
				"down": {"uv": [2.4, 3.2, 3.36, 4.16], "texture": "#0"}
			}
		},
		{
			"from": [3.44, 7.75, 8],
			"to": [3.94, 8, 8.25],
			"rotation": {"angle": -22.5, "axis": "y", "origin": [3.7, 7.5, 8.5]},
			"faces": {
				"north": {"uv": [5.6, 0.64, 6.08, 1.12], "texture": "#0"},
				"east": {"uv": [5.6, 0.64, 6.08, 1.12], "texture": "#0"},
				"south": {"uv": [5.6, 0.64, 6.08, 1.12], "texture": "#0"},
				"west": {"uv": [5.6, 0.64, 6.08, 1.12], "texture": "#0"},
				"up": {"uv": [5.6, 0.64, 6.08, 1.12], "texture": "#0"},
				"down": {"uv": [5.6, 0.64, 6.08, 1.12], "texture": "#0"}
			}
		},
		{
			"from": [3.15, 7.55, 7.75],
			"to": [3.4, 7.8, 9.375],
			"rotation": {"angle": -22.5, "axis": "y", "origin": [3.15, 7.3, 8.5]},
			"faces": {
				"north": {"uv": [5.6, 0.64, 6.08, 1.12], "texture": "#0"},
				"east": {"uv": [5.6, 0.64, 6.08, 1.12], "texture": "#0"},
				"south": {"uv": [5.6, 0.64, 6.08, 1.12], "texture": "#0"},
				"west": {"uv": [5.6, 0.64, 6.08, 1.12], "texture": "#0"},
				"up": {"uv": [5.6, 0.64, 6.08, 1.12], "texture": "#0"},
				"down": {"uv": [5.6, 0.64, 6.08, 1.12], "texture": "#0"}
			}
		},
		{
			"from": [3.2, 7.275, 7.75],
			"to": [3.45, 7.55, 8.95],
			"rotation": {"angle": -22.5, "axis": "y", "origin": [3.2, 7.05, 8.5]},
			"faces": {
				"north": {"uv": [5.6, 0.64, 6.08, 1.12], "texture": "#0"},
				"east": {"uv": [5.6, 0.64, 6.08, 1.12], "texture": "#0"},
				"south": {"uv": [5.6, 0.64, 6.08, 1.12], "texture": "#0"},
				"west": {"uv": [5.6, 0.64, 6.08, 1.12], "texture": "#0"},
				"up": {"uv": [5.6, 0.64, 6.08, 1.12], "texture": "#0"},
				"down": {"uv": [5.6, 0.64, 6.08, 1.12], "texture": "#0"}
			}
		},
		{
			"from": [3.35, 7.75, 8.225],
			"to": [4.05, 8, 8.725],
			"rotation": {"angle": -22.5, "axis": "y", "origin": [3.6, 7.5, 8.725]},
			"faces": {
				"north": {"uv": [5.6, 0.64, 6.08, 1.12], "texture": "#0"},
				"east": {"uv": [5.6, 0.64, 6.08, 1.12], "texture": "#0"},
				"south": {"uv": [5.6, 0.64, 6.08, 1.12], "texture": "#0"},
				"west": {"uv": [5.6, 0.64, 6.08, 1.12], "texture": "#0"},
				"up": {"uv": [5.6, 0.64, 6.08, 1.12], "texture": "#0"},
				"down": {"uv": [5.6, 0.64, 6.08, 1.12], "texture": "#0"}
			}
		},
		{
			"from": [3.38, 7.75, 8.7],
			"to": [3.83, 8, 9.1],
			"rotation": {"angle": -22.5, "axis": "y", "origin": [3.55, 7.875, 8.625]},
			"faces": {
				"north": {"uv": [5.6, 0.64, 6.08, 1.12], "texture": "#0"},
				"east": {"uv": [5.6, 0.64, 6.08, 1.12], "texture": "#0"},
				"south": {"uv": [5.6, 0.64, 6.08, 1.12], "texture": "#0"},
				"west": {"uv": [5.6, 0.64, 6.08, 1.12], "texture": "#0"},
				"up": {"uv": [5.6, 0.64, 6.08, 1.12], "texture": "#0"},
				"down": {"uv": [5.6, 0.64, 6.08, 1.12], "texture": "#0"}
			}
		},
		{
			"from": [3.25, 7.475, 9.1],
			"to": [3.5, 7.8, 9.4],
			"rotation": {"angle": -22.5, "axis": "y", "origin": [3.475, 7.7, 8.925]},
			"faces": {
				"north": {"uv": [5.6, 0.64, 6.08, 1.12], "texture": "#0"},
				"east": {"uv": [5.6, 0.64, 6.08, 1.12], "texture": "#0"},
				"south": {"uv": [5.6, 0.64, 6.08, 1.12], "texture": "#0"},
				"west": {"uv": [5.6, 0.64, 6.08, 1.12], "texture": "#0"},
				"up": {"uv": [5.6, 0.64, 6.08, 1.12], "texture": "#0"},
				"down": {"uv": [5.6, 0.64, 6.08, 1.12], "texture": "#0"}
			}
		},
		{
			"name": "귓속",
			"from": [3.25, 7.475, 7.85],
			"to": [3.5, 7.75, 9.1],
			"rotation": {"angle": -22.5, "axis": "y", "origin": [3.475, 7.7, 8.925]},
			"faces": {
				"north": {"uv": [4.64, 3.2, 5.6, 4.16], "texture": "#0"},
				"east": {"uv": [4.64, 3.2, 5.6, 4.16], "texture": "#0"},
				"south": {"uv": [4.64, 3.2, 5.6, 4.16], "texture": "#0"},
				"west": {"uv": [4.64, 3.2, 5.6, 4.16], "texture": "#0"},
				"up": {"uv": [4.64, 3.2, 5.6, 4.16], "texture": "#0"},
				"down": {"uv": [4.64, 3.2, 5.6, 4.16], "texture": "#0"}
			}
		},
		{
			"from": [3.5, 8, 4],
			"to": [4, 8.5, 4.5],
			"rotation": {"angle": 0, "axis": "y", "origin": [11.5, 16, 12]},
			"faces": {
				"north": {"uv": [6.56, 12.96, 7.68, 14.4], "texture": "#0"},
				"east": {"uv": [6.56, 12.96, 7.68, 14.4], "texture": "#0"},
				"south": {"uv": [6.56, 12.96, 7.68, 14.4], "texture": "#0"},
				"west": {"uv": [6.56, 12.96, 7.68, 14.4], "texture": "#0"},
				"up": {"uv": [6.56, 12.96, 7.68, 14.4], "texture": "#0"},
				"down": {"uv": [6.56, 12.96, 7.68, 14.4], "texture": "#0"}
			}
		},
		{
			"from": [2.5, 8.5, 3.7],
			"to": [3.75, 9, 4.2],
			"rotation": {"angle": -22.5, "axis": "y", "origin": [3.125, 8.75, 3.95]},
			"faces": {
				"north": {"uv": [6.56, 12.96, 7.68, 14.4], "texture": "#0"},
				"east": {"uv": [6.56, 12.96, 7.68, 14.4], "texture": "#0"},
				"south": {"uv": [6.56, 12.96, 7.68, 14.4], "texture": "#0"},
				"west": {"uv": [6.56, 12.96, 7.68, 14.4], "texture": "#0"},
				"up": {"uv": [6.56, 12.96, 7.68, 14.4], "texture": "#0"},
				"down": {"uv": [6.56, 12.96, 7.68, 14.4], "texture": "#0"}
			}
		},
		{
			"from": [2, 9, 3.35],
			"to": [3, 9.5, 3.85],
			"rotation": {"angle": -22.5, "axis": "y", "origin": [2.375, 9.25, 3.6]},
			"faces": {
				"north": {"uv": [6.56, 12.96, 7.68, 14.4], "texture": "#0"},
				"east": {"uv": [6.56, 12.96, 7.68, 14.4], "texture": "#0"},
				"south": {"uv": [6.56, 12.96, 7.68, 14.4], "texture": "#0"},
				"west": {"uv": [6.56, 12.96, 7.68, 14.4], "texture": "#0"},
				"up": {"uv": [6.56, 12.96, 7.68, 14.4], "texture": "#0"},
				"down": {"uv": [6.56, 12.96, 7.68, 14.4], "texture": "#0"}
			}
		},
		{
			"from": [1.575, 9.5, 3],
			"to": [2.075, 10, 3.5],
			"rotation": {"angle": -22.5, "axis": "y", "origin": [1.45, 9.75, 3.25]},
			"faces": {
				"north": {"uv": [6.56, 12.96, 7.68, 14.4], "texture": "#0"},
				"east": {"uv": [6.56, 12.96, 7.68, 14.4], "texture": "#0"},
				"south": {"uv": [6.56, 12.96, 7.68, 14.4], "texture": "#0"},
				"west": {"uv": [6.56, 12.96, 7.68, 14.4], "texture": "#0"},
				"up": {"uv": [6.56, 12.96, 7.68, 14.4], "texture": "#0"},
				"down": {"uv": [6.56, 12.96, 7.68, 14.4], "texture": "#0"}
			}
		},
		{
			"from": [1.125, 10, 2.8],
			"to": [1.625, 11.5, 3.3],
			"rotation": {"angle": -22.5, "axis": "y", "origin": [1, 10.25, 3.05]},
			"faces": {
				"north": {"uv": [6.56, 12.96, 7.68, 14.4], "texture": "#0"},
				"east": {"uv": [6.56, 12.96, 7.68, 14.4], "texture": "#0"},
				"south": {"uv": [6.56, 12.96, 7.68, 14.4], "texture": "#0"},
				"west": {"uv": [6.56, 12.96, 7.68, 14.4], "texture": "#0"},
				"up": {"uv": [6.56, 12.96, 7.68, 14.4], "texture": "#0"},
				"down": {"uv": [6.56, 12.96, 7.68, 14.4], "texture": "#0"}
			}
		},
		{
			"from": [2.5, 9.5, 3.525],
			"to": [3, 11, 4.025],
			"rotation": {"angle": -22.5, "axis": "z", "origin": [2.375, 9.75, 3.775]},
			"faces": {
				"north": {"uv": [6.56, 12.96, 7.68, 14.4], "texture": "#0"},
				"east": {"uv": [6.56, 12.96, 7.68, 14.4], "texture": "#0"},
				"south": {"uv": [6.56, 12.96, 7.68, 14.4], "texture": "#0"},
				"west": {"uv": [6.56, 12.96, 7.68, 14.4], "texture": "#0"},
				"up": {"uv": [6.56, 12.96, 7.68, 14.4], "texture": "#0"},
				"down": {"uv": [6.56, 12.96, 7.68, 14.4], "texture": "#0"}
			}
		},
		{
			"from": [3.5, 8, 7.5],
			"to": [4, 8.5, 8],
			"rotation": {"angle": 0, "axis": "y", "origin": [11.5, 16, 0]},
			"faces": {
				"north": {"uv": [6.56, 12.96, 7.68, 14.4], "texture": "#0"},
				"east": {"uv": [6.56, 12.96, 7.68, 14.4], "texture": "#0"},
				"south": {"uv": [6.56, 12.96, 7.68, 14.4], "texture": "#0"},
				"west": {"uv": [6.56, 12.96, 7.68, 14.4], "texture": "#0"},
				"up": {"uv": [6.56, 12.96, 7.68, 14.4], "texture": "#0"},
				"down": {"uv": [6.56, 12.96, 7.68, 14.4], "texture": "#0"}
			}
		},
		{
			"from": [2.5, 8.5, 7.8],
			"to": [3.75, 9, 8.3],
			"rotation": {"angle": 22.5, "axis": "y", "origin": [3.125, 8.75, 8.05]},
			"faces": {
				"north": {"uv": [6.56, 12.96, 7.68, 14.4], "texture": "#0"},
				"east": {"uv": [6.56, 12.96, 7.68, 14.4], "texture": "#0"},
				"south": {"uv": [6.56, 12.96, 7.68, 14.4], "texture": "#0"},
				"west": {"uv": [6.56, 12.96, 7.68, 14.4], "texture": "#0"},
				"up": {"uv": [6.56, 12.96, 7.68, 14.4], "texture": "#0"},
				"down": {"uv": [6.56, 12.96, 7.68, 14.4], "texture": "#0"}
			}
		},
		{
			"from": [2, 9, 8.15],
			"to": [3, 9.5, 8.65],
			"rotation": {"angle": 22.5, "axis": "y", "origin": [2.375, 9.25, 8.4]},
			"faces": {
				"north": {"uv": [6.56, 12.96, 7.68, 14.4], "texture": "#0"},
				"east": {"uv": [6.56, 12.96, 7.68, 14.4], "texture": "#0"},
				"south": {"uv": [6.56, 12.96, 7.68, 14.4], "texture": "#0"},
				"west": {"uv": [6.56, 12.96, 7.68, 14.4], "texture": "#0"},
				"up": {"uv": [6.56, 12.96, 7.68, 14.4], "texture": "#0"},
				"down": {"uv": [6.56, 12.96, 7.68, 14.4], "texture": "#0"}
			}
		},
		{
			"from": [1.575, 9.5, 8.5],
			"to": [2.075, 10, 9],
			"rotation": {"angle": 22.5, "axis": "y", "origin": [1.45, 9.75, 8.75]},
			"faces": {
				"north": {"uv": [6.56, 12.96, 7.68, 14.4], "texture": "#0"},
				"east": {"uv": [6.56, 12.96, 7.68, 14.4], "texture": "#0"},
				"south": {"uv": [6.56, 12.96, 7.68, 14.4], "texture": "#0"},
				"west": {"uv": [6.56, 12.96, 7.68, 14.4], "texture": "#0"},
				"up": {"uv": [6.56, 12.96, 7.68, 14.4], "texture": "#0"},
				"down": {"uv": [6.56, 12.96, 7.68, 14.4], "texture": "#0"}
			}
		},
		{
			"from": [1.125, 10, 8.7],
			"to": [1.625, 11.5, 9.2],
			"rotation": {"angle": 22.5, "axis": "y", "origin": [1, 10.25, 8.95]},
			"faces": {
				"north": {"uv": [6.56, 12.96, 7.68, 14.4], "texture": "#0"},
				"east": {"uv": [6.56, 12.96, 7.68, 14.4], "texture": "#0"},
				"south": {"uv": [6.56, 12.96, 7.68, 14.4], "texture": "#0"},
				"west": {"uv": [6.56, 12.96, 7.68, 14.4], "texture": "#0"},
				"up": {"uv": [6.56, 12.96, 7.68, 14.4], "texture": "#0"},
				"down": {"uv": [6.56, 12.96, 7.68, 14.4], "texture": "#0"}
			}
		},
		{
			"from": [2.5, 9.5, 7.975],
			"to": [3, 11, 8.475],
			"rotation": {"angle": -22.5, "axis": "z", "origin": [2.375, 9.75, 8.225]},
			"faces": {
				"north": {"uv": [6.56, 12.96, 7.68, 14.4], "texture": "#0"},
				"east": {"uv": [6.56, 12.96, 7.68, 14.4], "texture": "#0"},
				"south": {"uv": [6.56, 12.96, 7.68, 14.4], "texture": "#0"},
				"west": {"uv": [6.56, 12.96, 7.68, 14.4], "texture": "#0"},
				"up": {"uv": [6.56, 12.96, 7.68, 14.4], "texture": "#0"},
				"down": {"uv": [6.56, 12.96, 7.68, 14.4], "texture": "#0"}
			}
		}
	],
	"display": {
		"thirdperson_righthand": {
			"rotation": [7, 90, -7],
			"translation": [2.5, 1.25, -1.25],
			"scale": [1.2, 1.2, 1.2]
		},
		"thirdperson_lefthand": {
			"rotation": [0, -90, 0],
			"translation": [-2.25, 1, -1.25],
			"scale": [1.2, 1.2, 1.2]
		},
		"firstperson_righthand": {
			"rotation": [0, 58.5, 0],
			"translation": [12.5, 0, -6.75],
			"scale": [2, 2, 2]
		},
		"firstperson_lefthand": {
			"rotation": [0, -115, 0],
			"translation": [0, 0, -10.25],
			"scale": [2.02539, 2.02539, 2.02539]
		},
		"ground": {
			"translation": [3.5, 2.25, 3.25],
			"scale": [1.41602, 1.41602, 1.41602]
		},
		"gui": {
			"rotation": [40.25, -40.5, 2.5],
			"translation": [7.25, -10.5, 0],
			"scale": [4, 4, 4]
		},
		"head": {
			"rotation": [0, 90, 0],
			"translation": [6.5, 6.5, -9.75],
			"scale": [3.23438, 3.23438, 3.23438]
		},
		"fixed": {
			"rotation": [-1.5, -180, 0],
			"translation": [-5.75, 0.75, -4.5],
			"scale": [1.87305, 1.87305, 1.87305]
		}
	},
	"groups": [
		{
			"name": "코",
			"origin": [8, 8, 8],
			"children": [0]
		}, 1,
		{
			"name": "입",
			"origin": [8, 8, 8],
			"children": [2, 3, 4]
		},
		{
			"name": "왼쪽",
			"origin": [8, 8, 8],
			"children": [5, 6, 7, 8, 9, 10, 11]
		},
		{
			"name": "오른쪽",
			"origin": [8, 8, 8],
			"children": [12, 13, 14, 15, 16, 17, 18]
		},
		{
			"name": "왼뿔",
			"origin": [8, 8, 8],
			"children": [19, 20, 21, 22, 23, 24]
		},
		{
			"name": "오른뿔",
			"origin": [8, 8, 8],
			"children": [25, 26, 27, 28, 29, 30]
		}
	]
}