{
	"textures": {
		"etc1": "item/etc/etc1"
	},
	"elements": [
		{
			"from": [0.25, 0, 0.25],
			"to": [15.75, 7, 15.75],
			"faces": {
				"north": {"uv": [8.25, 2, 12.25, 3.75], "texture": "#etc1"},
				"east": {"uv": [8.25, 3.75, 12.25, 5.5], "texture": "#etc1"},
				"south": {"uv": [8.25, 5.5, 12.25, 7.25], "texture": "#etc1"},
				"west": {"uv": [4, 8.75, 8, 10.5], "texture": "#etc1"},
				"up": {"uv": [4, 4, 0, 0], "texture": "#etc1"},
				"down": {"uv": [4, 4, 0, 8], "texture": "#etc1"}
			}
		},
		{
			"from": [1.25, 7, 1.25],
			"to": [14.75, 8, 7.75],
			"rotation": {"angle": 0, "axis": "y", "origin": [8, 15, 8]},
			"faces": {
				"north": {"uv": [4, 3.75, 7.5, 4], "texture": "#etc1"},
				"east": {"uv": [12, 1.75, 13.75, 2], "texture": "#etc1"},
				"south": {"uv": [11.5, 11.25, 15, 11.5], "texture": "#etc1"},
				"west": {"uv": [12, 7.25, 13.75, 7.5], "texture": "#etc1"},
				"up": {"uv": [11.5, 11.75, 8, 10], "texture": "#etc1"},
				"down": {"uv": [3.5, 10.25, 0, 12], "texture": "#etc1"}
			}
		},
		{
			"from": [0.25, 7, 7.25],
			"to": [15.75, 10, 15.75],
			"rotation": {"angle": 0, "axis": "y", "origin": [8, 15, 8]},
			"faces": {
				"north": {"uv": [8, 7.25, 12, 8], "texture": "#etc1"},
				"east": {"uv": [11.75, 9.25, 14, 10], "texture": "#etc1"},
				"south": {"uv": [6.75, 11.75, 10.75, 12.5], "texture": "#etc1"},
				"west": {"uv": [12, 0, 14.25, 0.75], "texture": "#etc1"},
				"up": {"uv": [8, 8.75, 4, 6.5], "texture": "#etc1"},
				"down": {"uv": [4, 8, 0, 10.25], "texture": "#etc1"}
			}
		},
		{
			"from": [0.75, 10, 7.75],
			"to": [15.25, 15, 15.25],
			"rotation": {"angle": 0, "axis": "y", "origin": [8, 17, 8]},
			"faces": {
				"north": {"uv": [4, 2.5, 7.75, 3.75], "texture": "#etc1"},
				"east": {"uv": [11.75, 8, 13.75, 9.25], "texture": "#etc1"},
				"south": {"uv": [11.5, 10, 15.25, 11.25], "texture": "#etc1"},
				"west": {"uv": [0, 12, 2, 13.25], "texture": "#etc1"},
				"up": {"uv": [11.75, 10, 8, 8], "texture": "#etc1"},
				"down": {"uv": [12, 0, 8.25, 2], "texture": "#etc1"}
			}
		},
		{
			"from": [-0.25, 14, 14.5],
			"to": [16.25, 24, 14.5],
			"rotation": {"angle": 0, "axis": "y", "origin": [8, 21, 12.75]},
			"faces": {
				"north": {"uv": [4, 4, 8.25, 6.5], "texture": "#etc1"},
				"east": {"uv": [0, 0, 0, 2.5], "texture": "#etc1"},
				"west": {"uv": [0, 0, 0, 2.5], "texture": "#etc1"},
				"up": {"uv": [4.25, 0, 0, 0], "texture": "#etc1"},
				"down": {"uv": [4.25, 0, 0, 0], "texture": "#etc1"}
			}
		},
		{
			"from": [1.75, 15, 8],
			"to": [14.25, 16, 15],
			"rotation": {"angle": 0, "axis": "y", "origin": [8, 22, 8]},
			"faces": {
				"north": {"uv": [12, 0.75, 15.25, 1], "texture": "#etc1"},
				"east": {"uv": [12, 1.25, 13.75, 1.5], "texture": "#etc1"},
				"south": {"uv": [12, 1, 15.25, 1.25], "texture": "#etc1"},
				"west": {"uv": [12, 1.5, 13.75, 1.75], "texture": "#etc1"},
				"up": {"uv": [6.75, 12.25, 3.5, 10.5], "texture": "#etc1"},
				"down": {"uv": [14.75, 11.5, 11.5, 13.25], "texture": "#etc1"}
			}
		}
	],
	"display": {
		"thirdperson_righthand": {
			"translation": [0, -0.5, 0],
			"scale": [0.3, 0.3, 0.3]
		},
		"thirdperson_lefthand": {
			"translation": [0, -0.5, 0],
			"scale": [0.3, 0.3, 0.3]
		},
		"firstperson_righthand": {
			"translation": [1.5, 2.25, 0],
			"scale": [0.3, 0.3, 0.3]
		},
		"firstperson_lefthand": {
			"translation": [1.5, 2.25, 0],
			"scale": [0.3, 0.3, 0.3]
		},
		"ground": {
			"translation": [0, 3.25, 0],
			"scale": [0.4, 0.4, 0.4]
		},
		"gui": {
			"rotation": [34, -147, 0],
			"scale": [0.5, 0.5, 0.5]
		},
		"head": {
			"translation": [0, 9, 0],
			"scale": [0.95, 0.95, 0.95]
		}
	}
}