{
	"credit": "Made with Blockbench",
	"textures": {
		"particle": "item/etc/piracy",
		"1": "item/etc/piracy"
	},
	"elements": [
		{
			"from": [3, 4, 4],
			"to": [13, 10, 5],
			"rotation": {"angle": 0, "axis": "y", "origin": [11, 12, 12]},
			"faces": {
				"north": {"uv": [0, 0, 10, 6], "texture": "#1"},
				"east": {"uv": [0, 0, 1, 6], "texture": "#1"},
				"south": {"uv": [1, 9, 11, 15], "texture": "#1"},
				"west": {"uv": [4, 8, 5, 14], "texture": "#1"},
				"up": {"uv": [0, 0, 10, 1], "texture": "#1"},
				"down": {"uv": [0, 11, 10, 12], "texture": "#1"}
			}
		},
		{
			"from": [3, 4, 15],
			"to": [13, 10, 16],
			"rotation": {"angle": 0, "axis": "y", "origin": [11, 12, 23]},
			"faces": {
				"north": {"uv": [1, 10, 11, 16], "texture": "#1"},
				"east": {"uv": [0, 0, 1, 6], "texture": "#1"},
				"south": {"uv": [0, 0, 10, 6], "texture": "#1"},
				"west": {"uv": [0, 0, 1, 6], "texture": "#1"},
				"up": {"uv": [0, 10, 10, 16], "texture": "#1"},
				"down": {"uv": [0, 15, 10, 16], "texture": "#1"}
			}
		},
		{
			"from": [4, 4, 5],
			"to": [12, 9, 15],
			"rotation": {"angle": 0, "axis": "y", "origin": [10, 12, 15]},
			"faces": {
				"north": {"uv": [1, 11, 9, 16], "texture": "#1"},
				"east": {"uv": [0, 7, 10, 12], "texture": "#1"},
				"south": {"uv": [0, 10, 8, 15], "texture": "#1"},
				"west": {"uv": [0, 8, 10, 13], "texture": "#1"},
				"up": {"uv": [0, 14, 4, 16], "texture": "#1"},
				"down": {"uv": [0, 12, 8, 16], "texture": "#1"}
			}
		},
		{
			"from": [1, 4.1, 4.1],
			"to": [15, 7.1, 15.9],
			"rotation": {"angle": 0, "axis": "y", "origin": [10, 12.1, 16]},
			"faces": {
				"north": {"uv": [0, 12, 4, 16], "texture": "#1"},
				"east": {"uv": [0, 8, 13, 10], "texture": "#1"},
				"south": {"uv": [0, 14, 13, 16], "texture": "#1"},
				"west": {"uv": [0, 14, 12, 16], "texture": "#1"},
				"up": {"uv": [0, 14, 2, 16], "texture": "#1"},
				"down": {"uv": [0, 7, 13, 16], "texture": "#1"}
			}
		},
		{
			"from": [3.9, 3.6, 12.2],
			"to": [3.9, 10.6, 13.2],
			"rotation": {"angle": 22.5, "axis": "x", "origin": [10.9, 11.6, 19.2]},
			"faces": {
				"north": {"uv": [0, 0, 0, 7], "texture": "#1"},
				"east": {"uv": [14, 9, 15, 16], "texture": "#1"},
				"south": {"uv": [0, 0, 0, 7], "texture": "#1"},
				"west": {"uv": [14, 9, 15, 16], "texture": "#1"},
				"up": {"uv": [0, 0, 0, 3], "texture": "#1"},
				"down": {"uv": [0, 0, 0, 3], "texture": "#1"}
			}
		},
		{
			"from": [3.9, 4.7, 13.8],
			"to": [3.9, 8.7, 14.8],
			"rotation": {"angle": 22.5, "axis": "x", "origin": [11.9, 12.7, 21.8]},
			"faces": {
				"north": {"uv": [0, 0, 0, 3], "texture": "#1"},
				"east": {"uv": [15, 10, 16, 14], "texture": "#1"},
				"south": {"uv": [0, 0, 0, 3], "texture": "#1"},
				"west": {"uv": [15, 10, 16, 14], "texture": "#1"},
				"up": {"uv": [0, 0, 0, 1], "texture": "#1"},
				"down": {"uv": [0, 0, 0, 1], "texture": "#1"}
			}
		},
		{
			"from": [3.9, 4.5, 11.6],
			"to": [3.9, 8.5, 12.6],
			"rotation": {"angle": 22.5, "axis": "x", "origin": [11.9, 12.5, 19.6]},
			"faces": {
				"north": {"uv": [0, 0, 0, 5], "texture": "#1"},
				"east": {"uv": [13, 11, 14, 15], "texture": "#1"},
				"south": {"uv": [0, 0, 0, 5], "texture": "#1"},
				"west": {"uv": [13, 11, 14, 15], "texture": "#1"},
				"up": {"uv": [0, 0, 0, 1], "texture": "#1"},
				"down": {"uv": [0, 0, 0, 1], "texture": "#1"}
			}
		}
	],
	"display": {
		"thirdperson_righthand": {
			"rotation": [33, -1, 0],
			"translation": [-0.25, 3.5, -0.75],
			"scale": [0.5, 0.5, 0.5]
		},
		"thirdperson_lefthand": {
			"rotation": [33, -1, 0],
			"translation": [-0.25, 3.5, -0.75],
			"scale": [0.5, 0.5, 0.5]
		},
		"firstperson_righthand": {
			"rotation": [31, -26, 13],
			"translation": [1.25, 3.5, 0],
			"scale": [0.5, 0.5, 0.5]
		},
		"firstperson_lefthand": {
			"rotation": [31, -26, 13],
			"translation": [1.25, 3.5, 0],
			"scale": [0.5, 0.5, 0.5]
		},
		"gui": {
			"scale": [1.17, 1.33, 1.31]
		},
		"head": {
			"translation": [0, 9.25, -1.75],
			"scale": [1.5, 1.5, 1.5]
		},
		"fixed": {
			"translation": [0.5, 0.75, -4]
		}
	}
}