{
	"__comment": "moon",
	"textures": {
		"ranbox11": "item/etc/ranbox11"
	},
	"elements": [ 	 
		{
			"__comment": "Voxels",
			"from": [ 7, 8, -6 ],
			"to": [ 15, 16, -5 ],
			"faces": {
				"down": { "uv": [ 11.5, 8.5, 15.5, 9 ], "texture": "#ranbox11" },
				"up": { "uv": [ 8, 12.5, 12, 12 ], "texture": "#ranbox11" },
				"north": { "uv": [ 4, 12, 0, 16 ], "texture": "#ranbox11" },
				"south": { "uv": [ 4, 12, 8, 16 ], "texture": "#ranbox11" },
				"west": { "uv": [ 7, 5, 7.5, 9 ], "texture": "#ranbox11" },
				"east": { "uv": [ 7.5, 1, 7, 5 ], "texture": "#ranbox11" }
			}
		},
		{
			"__comment": "Voxels",
			"from": [ 7, 8, -5 ],
			"to": [ 15, 9, 2 ],
			"faces": {
				"down": { "uv": [ 8, 12.5, 12, 16 ], "texture": "#ranbox11" },
				"up": { "uv": [ 12, 16, 16, 12.5 ], "texture": "#ranbox11" },
				"north": { "uv": [ 16, 12, 12, 12.5 ], "texture": "#ranbox11" },
				"south": { "uv": [ 7.5, 8.5, 11.5, 9 ], "texture": "#ranbox11" },
				"west": { "uv": [ 0, 1, 3.5, 1.5 ], "texture": "#ranbox11" },
				"east": { "uv": [ 7, 1.5, 3.5, 2 ], "texture": "#ranbox11" }
			}
		},
		{
			"__comment": "Voxels",
			"from": [ 7, 9, -5 ],
			"to": [ 8, 16, 2 ],
			"faces": {
				"down": { "uv": [ 8.5, 1.5, 9, 5 ], "texture": "#ranbox11" },
				"up": { "uv": [ 8.5, 8.5, 9, 5 ], "texture": "#ranbox11" },
				"north": { "uv": [ 8, 1.5, 7.5, 5 ], "texture": "#ranbox11" },
				"south": { "uv": [ 7.5, 5, 8, 8.5 ], "texture": "#ranbox11" },
				"west": { "uv": [ 0, 1.5, 3.5, 5 ], "texture": "#ranbox11" },
				"east": { "uv": [ 7, 8.5, 3.5, 12 ], "texture": "#ranbox11" }
			}
		},
		{
			"__comment": "Voxels",
			"from": [ 8, 9, 1 ],
			"to": [ 15, 16, 2 ],
			"faces": {
				"down": { "uv": [ 3.5, 1, 7, 1.5 ], "texture": "#ranbox11" },
				"up": { "uv": [ 0, 1, 3.5, 0.5 ], "texture": "#ranbox11" },
				"north": { "uv": [ 3.5, 5, 0, 8.5 ], "texture": "#ranbox11" },
				"south": { "uv": [ 0, 8.5, 3.5, 12 ], "texture": "#ranbox11" },
				"west": { "uv": [ 8, 5, 8.5, 8.5 ], "texture": "#ranbox11" },
				"east": { "uv": [ 8.5, 1.5, 8, 5 ], "texture": "#ranbox11" }
			}
		},
		{
			"__comment": "Voxels",
			"from": [ 8, 15, -5 ],
			"to": [ 15, 16, 1 ],
			"faces": {
				"down": { "uv": [ 3.5, 2.5, 7, 5.5 ], "texture": "#ranbox11" },
				"up": { "uv": [ 3.5, 8.5, 7, 5.5 ], "texture": "#ranbox11" },
				"north": { "uv": [ 3.5, 0, 0, 0.5 ], "texture": "#ranbox11" },
				"south": { "uv": [ 3.5, 2, 7, 2.5 ], "texture": "#ranbox11" },
				"west": { "uv": [ 3.5, 0.5, 6.5, 1 ], "texture": "#ranbox11" },
				"east": { "uv": [ 6.5, 0, 3.5, 0.5 ], "texture": "#ranbox11" }
			}
		},
		{
			"__comment": "Voxels",
			"from": [ 14, 9, -5 ],
			"to": [ 15, 15, 1 ],
			"faces": {
				"down": { "uv": [ 13, 9, 13.5, 12 ], "texture": "#ranbox11" },
				"up": { "uv": [ 13.5, 12, 14, 9 ], "texture": "#ranbox11" },
				"north": { "uv": [ 14.5, 9, 14, 12 ], "texture": "#ranbox11" },
				"south": { "uv": [ 14.5, 9, 15, 12 ], "texture": "#ranbox11" },
				"west": { "uv": [ 10, 9, 13, 12 ], "texture": "#ranbox11" },
				"east": { "uv": [ 10, 9, 7, 12 ], "texture": "#ranbox11" }
			}
		}
	],
	"display": {
		"thirdperson_righthand": {
			"rotation":  [ 24, 0, 0 ],
			"translation":  [ -2, -2, 6 ],
			"scale":  [ 0.6, 0.6, 0.6 ]
		},
		"thirdperson_lefthand": {
			"rotation":  [ 24, 0, 0 ],
			"translation":  [ 2, -2, 6 ],
			"scale":  [ 0.6, 0.6, 0.6 ]
		},
		"firstperson_righthand": {
			"rotation":  [ 0, -15, 3 ],
			"translation":  [ 1, -5, 1 ]
		},
		"firstperson_lefthand": {
			"rotation":  [ 0, -15, 3 ],
			"translation":  [ 8, -5, 1 ]
		},
		"gui": {
			"translation":  [ -4.5, -6, 0 ],
			"scale":  [ 1.5, 1.5, 1 ]
		},
		"head": {
			"translation":  [ -6, -7, 20 ],
			"scale":  [ 2, 2, 2 ]
		},
		"ground": {
			"translation":  [ 0, 1, 9 ]
		},
		"fixed": {
			"translation":  [ -3, -4, 7 ]
		}
	}
}