{
	"__comment": "moon",
	"textures": {
		"coin2": "item/etc/coin2"
	},
	"elements": [ 	 
		{
			"__comment": "Voxels",
			"from": [ 6.5, 8, -3.5 ],
			"to": [ 16.5, 9.5, -0.5 ],
			"faces": {
				"down": { "uv": [ 0, 14.5, 5, 16 ], "texture": "#coin2" },
				"up": { "uv": [ 0, 14.5, 5, 13 ], "texture": "#coin2" },
				"north": { "uv": [ 5, 12.25, 0, 13 ], "texture": "#coin2" },
				"south": { "uv": [ 0, 11.5, 5, 12.25 ], "texture": "#coin2" },
				"west": { "uv": [ 9, 11.5, 10.5, 12.25 ], "texture": "#coin2" },
				"east": { "uv": [ 10.5, 10.75, 9, 11.5 ], "texture": "#coin2" }
			}
		},
		{
			"__comment": "Voxels",
			"from": [ 7, 8, -4.5 ],
			"to": [ 16, 9.5, -3.5 ],
			"faces": {
				"down": { "uv": [ 0, 8, 4.5, 8.5 ], "texture": "#coin2" },
				"up": { "uv": [ 9, 15.25, 13.5, 14.75 ], "texture": "#coin2" },
				"north": { "uv": [ 4.5, 10.75, 0, 11.5 ], "texture": "#coin2" },
				"south": { "uv": [ 0, 10, 4.5, 10.75 ], "texture": "#coin2" },
				"west": { "uv": [ 4.5, 10.75, 5, 11.5 ], "texture": "#coin2" },
				"east": { "uv": [ 5, 10, 4.5, 10.75 ], "texture": "#coin2" }
			}
		},
		{
			"__comment": "Voxels",
			"from": [ 7, 8, -0.5 ],
			"to": [ 16, 9.5, 0.5 ],
			"faces": {
				"down": { "uv": [ 9, 14.25, 13.5, 14.75 ], "texture": "#coin2" },
				"up": { "uv": [ 9, 14.25, 13.5, 13.75 ], "texture": "#coin2" },
				"north": { "uv": [ 4.5, 9.25, 0, 10 ], "texture": "#coin2" },
				"south": { "uv": [ 0, 8.5, 4.5, 9.25 ], "texture": "#coin2" },
				"west": { "uv": [ 4.5, 9.25, 5, 10 ], "texture": "#coin2" },
				"east": { "uv": [ 5, 8.5, 4.5, 9.25 ], "texture": "#coin2" }
			}
		},
		{
			"__comment": "Voxels",
			"from": [ 7.5, 8, -5 ],
			"to": [ 15.5, 9.5, -4.5 ],
			"faces": {
				"down": { "uv": [ 11, 12.75, 15, 13 ], "texture": "#coin2" },
				"up": { "uv": [ 11, 12.75, 15, 12.5 ], "texture": "#coin2" },
				"north": { "uv": [ 9, 14.5, 5, 15.25 ], "texture": "#coin2" },
				"south": { "uv": [ 5, 13.75, 9, 14.5 ], "texture": "#coin2" },
				"west": { "uv": [ 8.5, 13, 8.75, 13.75 ], "texture": "#coin2" },
				"east": { "uv": [ 9, 13, 8.75, 13.75 ], "texture": "#coin2" }
			}
		},
		{
			"__comment": "Voxels",
			"from": [ 7.5, 8, 0.5 ],
			"to": [ 15.5, 9.5, 1 ],
			"faces": {
				"down": { "uv": [ 11, 12.25, 15, 12.5 ], "texture": "#coin2" },
				"up": { "uv": [ 11, 12.25, 15, 12 ], "texture": "#coin2" },
				"north": { "uv": [ 9, 15.25, 5, 16 ], "texture": "#coin2" },
				"south": { "uv": [ 9, 15.25, 13, 16 ], "texture": "#coin2" },
				"west": { "uv": [ 8.75, 9.25, 9, 10 ], "texture": "#coin2" },
				"east": { "uv": [ 8.75, 9.25, 8.5, 10 ], "texture": "#coin2" }
			}
		},
		{
			"__comment": "Voxels",
			"from": [ 8, 8, -5.5 ],
			"to": [ 15, 9.5, -5 ],
			"faces": {
				"down": { "uv": [ 11, 11.25, 14.5, 11.5 ], "texture": "#coin2" },
				"up": { "uv": [ 11, 11.25, 14.5, 11 ], "texture": "#coin2" },
				"north": { "uv": [ 8.5, 11.5, 5, 12.25 ], "texture": "#coin2" },
				"south": { "uv": [ 5, 10.75, 8.5, 11.5 ], "texture": "#coin2" },
				"west": { "uv": [ 8.75, 12.25, 9, 13 ], "texture": "#coin2" },
				"east": { "uv": [ 8.75, 12.25, 8.5, 13 ], "texture": "#coin2" }
			}
		},
		{
			"__comment": "Voxels",
			"from": [ 8, 8, 1 ],
			"to": [ 15, 9.5, 1.5 ],
			"faces": {
				"down": { "uv": [ 11, 11.5, 14.5, 11.75 ], "texture": "#coin2" },
				"up": { "uv": [ 11, 12, 14.5, 11.75 ], "texture": "#coin2" },
				"north": { "uv": [ 8.5, 12.25, 5, 13 ], "texture": "#coin2" },
				"south": { "uv": [ 5, 13, 8.5, 13.75 ], "texture": "#coin2" },
				"west": { "uv": [ 8.75, 10, 9, 10.75 ], "texture": "#coin2" },
				"east": { "uv": [ 9, 10.75, 8.75, 11.5 ], "texture": "#coin2" }
			}
		},
		{
			"__comment": "Voxels",
			"from": [ 8.5, 8, -6 ],
			"to": [ 14.5, 9.5, -5.5 ],
			"faces": {
				"down": { "uv": [ 11, 10.75, 14, 11 ], "texture": "#coin2" },
				"up": { "uv": [ 11, 10.75, 14, 10.5 ], "texture": "#coin2" },
				"north": { "uv": [ 8, 10, 5, 10.75 ], "texture": "#coin2" },
				"south": { "uv": [ 13, 15.25, 16, 16 ], "texture": "#coin2" },
				"west": { "uv": [ 8.5, 10.75, 8.75, 11.5 ], "texture": "#coin2" },
				"east": { "uv": [ 9, 11.5, 8.75, 12.25 ], "texture": "#coin2" }
			}
		},
		{
			"__comment": "Voxels",
			"from": [ 8.5, 8, 1.5 ],
			"to": [ 14.5, 9.5, 2 ],
			"faces": {
				"down": { "uv": [ 5, 8.25, 8, 8.5 ], "texture": "#coin2" },
				"up": { "uv": [ 5, 8.25, 8, 8 ], "texture": "#coin2" },
				"north": { "uv": [ 8, 9.25, 5, 10 ], "texture": "#coin2" },
				"south": { "uv": [ 5, 8.5, 8, 9.25 ], "texture": "#coin2" },
				"west": { "uv": [ 8.5, 11.5, 8.75, 12.25 ], "texture": "#coin2" },
				"east": { "uv": [ 8.75, 10, 8.5, 10.75 ], "texture": "#coin2" }
			}
		},
		{
			"__comment": "Voxels",
			"from": [ 9, 8, -6.5 ],
			"to": [ 14, 9.5, -6 ],
			"faces": {
				"down": { "uv": [ 13.5, 15, 16, 15.25 ], "texture": "#coin2" },
				"up": { "uv": [ 13.5, 15, 16, 14.75 ], "texture": "#coin2" },
				"north": { "uv": [ 14, 13, 11.5, 13.75 ], "texture": "#coin2" },
				"south": { "uv": [ 9, 13, 11.5, 13.75 ], "texture": "#coin2" },
				"west": { "uv": [ 8, 10, 8.25, 10.75 ], "texture": "#coin2" },
				"east": { "uv": [ 8.5, 10, 8.25, 10.75 ], "texture": "#coin2" }
			}
		},
		{
			"__comment": "Voxels",
			"from": [ 9.5, 8, 2 ],
			"to": [ 13.5, 9.5, 2.5 ],
			"faces": {
				"down": { "uv": [ 13.5, 14.5, 15.5, 14.75 ], "texture": "#coin2" },
				"up": { "uv": [ 13.5, 14.5, 15.5, 14.25 ], "texture": "#coin2" },
				"north": { "uv": [ 11, 12.25, 9, 13 ], "texture": "#coin2" },
				"south": { "uv": [ 14, 13, 16, 13.75 ], "texture": "#coin2" },
				"west": { "uv": [ 8, 9.25, 8.25, 10 ], "texture": "#coin2" },
				"east": { "uv": [ 8.5, 9.25, 8.25, 10 ], "texture": "#coin2" }
			}
		},
		{
			"__comment": "Voxels",
			"from": [ 10, 8, -7 ],
			"to": [ 13, 9.5, -6.5 ],
			"faces": {
				"down": { "uv": [ 13.5, 14, 15, 14.25 ], "texture": "#coin2" },
				"up": { "uv": [ 13.5, 14, 15, 13.75 ], "texture": "#coin2" },
				"north": { "uv": [ 10.5, 9.25, 9, 10 ], "texture": "#coin2" },
				"south": { "uv": [ 9, 10, 10.5, 10.75 ], "texture": "#coin2" },
				"west": { "uv": [ 8, 8.5, 8.25, 9.25 ], "texture": "#coin2" },
				"east": { "uv": [ 8.5, 8.5, 8.25, 9.25 ], "texture": "#coin2" }
			}
		}
	],
	"display": {
		"thirdperson_righthand": {
			"rotation":  [ 100, 0, 0 ],
			"translation":  [ -1.5, -2.5, 1 ],
			"scale":  [ 0.4, 0.4, 0.4 ]
		},
		"thirdperson_lefthand": {
			"rotation":  [ 100, 0, 0 ],
			"translation":  [ 1.5, -2.5, 1 ],
			"scale":  [ 0.4, 0.4, 0.4 ]
		},
		"firstperson_righthand": {
			"rotation":  [ 90, 13, 10 ],
			"translation":  [ 2, -6, -2 ],
			"scale":  [ 0.7, 0.7, 0.7 ]
		},
		"firstperson_lefthand": {
			"rotation":  [ 90, 13, 10 ],
			"translation":  [ 8, -5, -2 ],
			"scale":  [ 0.7, 0.7, 0.7 ]
		},
		"gui": {
			"rotation":  [ 90, 0, 0 ],
			"translation":  [ -3.5, -10.5, 0 ]
		},
		"head": {
			"rotation":  [ 90, 0, 0 ],
			"translation":  [ -2, 4, -2 ],
			"scale":  [ 0.7, 0.7, 0.7 ]
		},
		"ground": {
			"rotation":  [ 76, 0, 0 ],
			"translation":  [ -2, 0, 1 ],
			"scale":  [ 0.6, 0.6, 0.6 ]
		},
		"fixed": {
			"rotation":  [ 90, 0, 180 ],
			"translation":  [ 3.5, -10, -1 ]
		}
	}
}