{
    "providers": [
        {
            "type": "bitmap",
            "file": "space:font/space_split.png",
            "ascent": -32768,
            "height": -3,
            "chars": [
                "\uF801"
            ]
        },
        {
            "type": "bitmap",
            "file": "space:font/space_split.png",
            "ascent": -32768,
            "height": -4,
            "chars": [
                "\uF802"
            ]
        },
        {
            "type": "bitmap",
            "file": "space:font/space_split.png",
            "ascent": -32768,
            "height": -5,
            "chars": [
                "\uF803"
            ]
        },
        {
            "type": "bitmap",
            "file": "space:font/space_split.png",
            "ascent": -32768,
            "height": -6,
            "chars": [
                "\uF804"
            ]
        },
        {
            "type": "bitmap",
            "file": "space:font/space_split.png",
            "ascent": -32768,
            "height": -7,
            "chars": [
                "\uF805"
            ]
        },
        {
            "type": "bitmap",
            "file": "space:font/space_split.png",
            "ascent": -32768,
            "height": -8,
            "chars": [
                "\uF806"
            ]
        },
        {
            "type": "bitmap",
            "file": "space:font/space_split.png",
            "ascent": -32768,
            "height": -9,
            "chars": [
                "\uF807"
            ]
        },
        {
            "type": "bitmap",
            "file": "space:font/space_split.png",
            "ascent": -32768,
            "height": -10,
            "chars": [
                "\uF808"
            ]
        },
        {
            "type": "bitmap",
            "file": "space:font/space_split.png",
            "ascent": -32768,
            "height": -18,
            "chars": [
                "\uF809"
            ]
        },
        {
            "type": "bitmap",
            "file": "space:font/space_split.png",
            "ascent": -32768,
            "height": -34,
            "chars": [
                "\uF80A"
            ]
        },
        {
            "type": "bitmap",
            "file": "space:font/space_split.png",
            "ascent": -32768,
            "height": -66,
            "chars": [
                "\uF80B"
            ]
        },
        {
            "type": "bitmap",
            "file": "space:font/space_split.png",
            "ascent": -32768,
            "height": -130,
            "chars": [
                "\uF80C"
            ]
        },
        {
            "type": "bitmap",
            "file": "space:font/space_split.png",
            "ascent": -32768,
            "height": -258,
            "chars": [
                "\uF80D"
            ]
        },
        {
            "type": "bitmap",
            "file": "space:font/space_split.png",
            "ascent": -32768,
            "height": -514,
            "chars": [
                "\uF80E"
            ]
        },
        {
            "type": "bitmap",
            "file": "space:font/space_split.png",
            "ascent": -32768,
            "height": -1026,
            "chars": [
                "\uF80F"
            ]
        },
        {
            "type": "bitmap",
            "file": "space:font/space_split.png",
            "ascent": -65536,
            "height": -32770,
            "chars": [
                "\uF800"
            ]
        },
        {
            "type": "bitmap",
            "file": "space:font/space_split.png",
            "ascent": -32768,
            "height": 0,
            "chars": [
                "\uF821"
            ]
        },
        {
            "type": "bitmap",
            "file": "space:font/space_split.png",
            "ascent": -32768,
            "height": 1,
            "chars": [
                "\uF822"
            ]
        },
        {
            "type": "bitmap",
            "file": "space:font/space_split.png",
            "ascent": -32768,
            "height": 2,
            "chars": [
                "\uF823"
            ]
        },
        {
            "type": "bitmap",
            "file": "space:font/space_split.png",
            "ascent": -32768,
            "height": 3,
            "chars": [
                "\uF824"
            ]
        },
        {
            "type": "bitmap",
            "file": "space:font/space_split.png",
            "ascent": -32768,
            "height": 4,
            "chars": [
                "\uF825"
            ]
        },
        {
            "type": "bitmap",
            "file": "space:font/space_split.png",
            "ascent": -32768,
            "height": 5,
            "chars": [
                "\uF826"
            ]
        },
        {
            "type": "bitmap",
            "file": "space:font/space_split.png",
            "ascent": -32768,
            "height": 6,
            "chars": [
                "\uF827"
            ]
        },
        {
            "type": "bitmap",
            "file": "space:font/space_split.png",
            "ascent": -32768,
            "height": 7,
            "chars": [
                "\uF828"
            ]
        },
        {
            "type": "bitmap",
            "file": "space:font/space_split.png",
            "ascent": -32768,
            "height": 15,
            "chars": [
                "\uF829"
            ]
        },
        {
            "type": "bitmap",
            "file": "space:font/space_split.png",
            "ascent": -32768,
            "height": 31,
            "chars": [
                "\uF82A"
            ]
        },
        {
            "type": "bitmap",
            "file": "space:font/space_split.png",
            "ascent": -32768,
            "height": 63,
            "chars": [
                "\uF82B"
            ]
        },
        {
            "type": "bitmap",
            "file": "space:font/space_split.png",
            "ascent": -32768,
            "height": 127,
            "chars": [
                "\uF82C"
            ]
        },
        {
            "type": "bitmap",
            "file": "space:font/space_split.png",
            "ascent": -32768,
            "height": 255,
            "chars": [
                "\uF82D"
            ]
        },
        {
            "type": "bitmap",
            "file": "space:font/space_split.png",
            "ascent": -32768,
            "height": 511,
            "chars": [
                "\uF82E"
            ]
        },
        {
            "type": "bitmap",
            "file": "space:font/space_split.png",
            "ascent": -32768,
            "height": 1023,
            "chars": [
                "\uF82F"
            ]
        },
        {
            "type": "bitmap",
            "file": "space:font/space_split.png",
            "ascent": -65536,
            "height": 32767,
            "chars": [
                "\uF820"
            ]
        },
        {
            "type": "bitmap",
            "file": "space:font/space_nosplit.png",
            "ascent": -32768,
            "height": -3,
            "chars": [
                "\uF811"
            ]
        },
        {
            "type": "bitmap",
            "file": "space:font/space_nosplit.png",
            "ascent": -32768,
            "height": -4,
            "chars": [
                "\uF812"
            ]
        },
        {
            "type": "bitmap",
            "file": "space:font/space_nosplit.png",
            "ascent": -32768,
            "height": -5,
            "chars": [
                "\uF813"
            ]
        },
        {
            "type": "bitmap",
            "file": "space:font/space_nosplit.png",
            "ascent": -32768,
            "height": -6,
            "chars": [
                "\uF814"
            ]
        },
        {
            "type": "bitmap",
            "file": "space:font/space_nosplit.png",
            "ascent": -32768,
            "height": -7,
            "chars": [
                "\uF815"
            ]
        },
        {
            "type": "bitmap",
            "file": "space:font/space_nosplit.png",
            "ascent": -32768,
            "height": -8,
            "chars": [
                "\uF816"
            ]
        },
        {
            "type": "bitmap",
            "file": "space:font/space_nosplit.png",
            "ascent": -32768,
            "height": -9,
            "chars": [
                "\uF817"
            ]
        },
        {
            "type": "bitmap",
            "file": "space:font/space_nosplit.png",
            "ascent": -32768,
            "height": -10,
            "chars": [
                "\uF818"
            ]
        },
        {
            "type": "bitmap",
            "file": "space:font/space_nosplit.png",
            "ascent": -32768,
            "height": -18,
            "chars": [
                "\uF819"
            ]
        },
        {
            "type": "bitmap",
            "file": "space:font/space_nosplit.png",
            "ascent": -32768,
            "height": -34,
            "chars": [
                "\uF81A"
            ]
        },
        {
            "type": "bitmap",
            "file": "space:font/space_nosplit.png",
            "ascent": -32768,
            "height": -66,
            "chars": [
                "\uF81B"
            ]
        },
        {
            "type": "bitmap",
            "file": "space:font/space_nosplit.png",
            "ascent": -32768,
            "height": -130,
            "chars": [
                "\uF81C"
            ]
        },
        {
            "type": "bitmap",
            "file": "space:font/space_nosplit.png",
            "ascent": -32768,
            "height": -258,
            "chars": [
                "\uF81D"
            ]
        },
        {
            "type": "bitmap",
            "file": "space:font/space_nosplit.png",
            "ascent": -32768,
            "height": -514,
            "chars": [
                "\uF81E"
            ]
        },
        {
            "type": "bitmap",
            "file": "space:font/space_nosplit.png",
            "ascent": -32768,
            "height": -1026,
            "chars": [
                "\uF81F"
            ]
        },
        {
            "type": "bitmap",
            "file": "space:font/space_nosplit.png",
            "ascent": -65536,
            "height": -32770,
            "chars": [
                "\uF810"
            ]
        },
        {
            "type": "bitmap",
            "file": "space:font/space_nosplit.png",
            "ascent": -32768,
            "height": 0,
            "chars": [
                "\uF831"
            ]
        },
        {
            "type": "bitmap",
            "file": "space:font/space_nosplit.png",
            "ascent": -32768,
            "height": 1,
            "chars": [
                "\uF832"
            ]
        },
        {
            "type": "bitmap",
            "file": "space:font/space_nosplit.png",
            "ascent": -32768,
            "height": 2,
            "chars": [
                "\uF833"
            ]
        },
        {
            "type": "bitmap",
            "file": "space:font/space_nosplit.png",
            "ascent": -32768,
            "height": 3,
            "chars": [
                "\uF834"
            ]
        },
        {
            "type": "bitmap",
            "file": "space:font/space_nosplit.png",
            "ascent": -32768,
            "height": 4,
            "chars": [
                "\uF835"
            ]
        },
        {
            "type": "bitmap",
            "file": "space:font/space_nosplit.png",
            "ascent": -32768,
            "height": 5,
            "chars": [
                "\uF836"
            ]
        },
        {
            "type": "bitmap",
            "file": "space:font/space_nosplit.png",
            "ascent": -32768,
            "height": 6,
            "chars": [
                "\uF837"
            ]
        },
        {
            "type": "bitmap",
            "file": "space:font/space_nosplit.png",
            "ascent": -32768,
            "height": 7,
            "chars": [
                "\uF838"
            ]
        },
        {
            "type": "bitmap",
            "file": "space:font/space_nosplit.png",
            "ascent": -32768,
            "height": 15,
            "chars": [
                "\uF839"
            ]
        },
        {
            "type": "bitmap",
            "file": "space:font/space_nosplit.png",
            "ascent": -32768,
            "height": 31,
            "chars": [
                "\uF83A"
            ]
        },
        {
            "type": "bitmap",
            "file": "space:font/space_nosplit.png",
            "ascent": -32768,
            "height": 63,
            "chars": [
                "\uF83B"
            ]
        },
        {
            "type": "bitmap",
            "file": "space:font/space_nosplit.png",
            "ascent": -32768,
            "height": 127,
            "chars": [
                "\uF83C"
            ]
        },
        {
            "type": "bitmap",
            "file": "space:font/space_nosplit.png",
            "ascent": -32768,
            "height": 255,
            "chars": [
                "\uF83D"
            ]
        },
        {
            "type": "bitmap",
            "file": "space:font/space_nosplit.png",
            "ascent": -32768,
            "height": 511,
            "chars": [
                "\uF83E"
            ]
        },
        {
            "type": "bitmap",
            "file": "space:font/space_nosplit.png",
            "ascent": -32768,
            "height": 1023,
            "chars": [
                "\uF83F"
            ]
        },
        {
            "type": "bitmap",
            "file": "space:font/space_nosplit.png",
            "ascent": -65536,
            "height": 32767,
            "chars": [
                "\uF830"
            ]
        },
		{
			"type": "bitmap",
			"file": "text.textures:fish.png",
			"ascent": 10,
			"height": 10,
			"chars": ["㆒"]
		},
		{
			"ascent": -16,
			"chars": ["ꢚꢛꢜꢝꢞꢟꢠꢡꢢꢣ"],
			"file": "text.textures:number.png",
			"height": 8,
			"type": "bitmap"
		},
		{
			"ascent": -17,
			"chars": ["ꢥ"],
			"file": "text.textures:comma.png",
			"height": 8,
			"type": "bitmap"
		},
		{
			"ascent": -14,
			"chars": ["ꢯ"],
			"file": "text.textures:coin.png",
			"height": 11,
			"type": "bitmap"
		},
		{
			"ascent":19,
			"chars":["ꢰ"],
			"file":"text.textures:menu_base.png",
			"height":256,
			"type":"bitmap"
		},
		{
			"ascent":19,
			"chars":["ꢒ"],
			"file":"text.textures:monkey0.png",
			"height":256,
			"type":"bitmap"
		},
		{
			"ascent":19,
			"chars":["ꢓ"],
			"file":"text.textures:monkey1.png",
			"height":256,
			"type":"bitmap"
		},
		{
			"ascent":19,
			"chars":["ꢔ"],
			"file":"text.textures:monkey2.png",
			"height":256,
			"type":"bitmap"
		},
		{
			"ascent":19,
			"chars":["ꢕ"],
			"file":"text.textures:monkey3.png",
			"height":256,
			"type":"bitmap"
		},
		{
			"ascent":19,
			"chars":["ꢖ"],
			"file":"text.textures:monkey4.png",
			"height":256,
			"type":"bitmap"
		},
		{
			"ascent":13,
			"chars":["ꢘ"],
			"file":"text.textures:menu_bus_1.png",
			"height":256,
			"type":"bitmap"
		},
		{
			"ascent":13,
			"chars":["ꢗ"],
			"file":"text.textures:menu_bus_2.png",
			"height":256,
			"type":"bitmap"
		},
		{
			"ascent":13,
			"chars":["ꢙ"],
			"file":"text.textures:menu_bus_3.png",
			"height":256,
			"type":"bitmap"
		},
		{
			"ascent":13,
			"chars":["𐺀"],
			"file":"text.textures:menu_bus_4.png",
			"height":256,
			"type":"bitmap"
		},
		{
			"ascent":13,
			"chars":["ꢑ"],
			"file":"text.textures:village_information.png",
			"height":256,
			"type":"bitmap"
		},
		{
			"ascent":13,
			"chars":["ꢐ"],
			"file":"text.textures:village_document.png",
			"height":256,
			"type":"bitmap"
		},
		{
			"ascent":13,
			"chars":["ꢏ"],
			"file":"text.textures:village_invite.png",
			"height":256,
			"type":"bitmap"
		},
		{
			"ascent":13,
			"chars":["ꢎ"],
			"file":"text.textures:invite_check.png",
			"height":256,
			"type":"bitmap"
		},
		{
			"ascent":13,
			"chars":["ꢍ"],
			"file":"text.textures:party_channel.png",
			"height":256,
			"type":"bitmap"
		},
		{
			"ascent":13,
			"chars":["ꢌ"],
			"file":"text.textures:party_channel_moon.png",
			"height":256,
			"type":"bitmap"
		},
		{
			"ascent":13,
			"chars":["ꢋ"],
			"file":"text.textures:party_channel_planet.png",
			"height":256,
			"type":"bitmap"
		},
		{
			"ascent":13,
			"chars":["ꢊ"],
			"file":"text.textures:party_channel_star.png",
			"height":256,
			"type":"bitmap"
		},
		{
			"ascent":13,
			"chars":["ꢉ"],
			"file":"text.textures:party_channel_sun.png",
			"height":256,
			"type":"bitmap"
		},
		{
			"ascent":-42,
			"chars":["ꢈ"],
			"file":"text.textures:village_chat.png",
			"height":22,
			"type":"bitmap"
		},
		{
			"ascent":-42,
			"chars":["ꢇ"],
			"file":"text.textures:party_chat.png",
			"height":22,
			"type":"bitmap"
		},
		{
			"ascent":-42,
			"chars":["ꢆ"],
			"file":"text.textures:whisper_chat.png",
			"height":22,
			"type":"bitmap"
		},
		{
			"ascent":-42,
			"chars":["ꢅ"],
			"file":"text.textures:master_chat.png",
			"height":22,
			"type":"bitmap"
		},
		{
			"ascent":300,
			"chars":["ⶀ"],
			"file":"text.textures:black_box.png",
			"height":1000,
			"type":"bitmap"
		},
        {
			"ascent":13,
			"chars":["ⶁ"],
			"file":"text.textures:cos_menu.png",
			"height":256,
			"type":"bitmap"
		},
        {
			"ascent":13,
			"chars":["ⶂ"],
			"file":"text.textures:cos_menu_hat.png",
			"height":256,
			"type":"bitmap"
		},
        {
			"ascent":13,
			"chars":["ⶃ"],
			"file":"text.textures:cos_menu_weapon.png",
			"height":256,
			"type":"bitmap"
		},
        {
			"ascent":13,
			"chars":["ⶄ"],
			"file":"text.textures:cos_menu_tool.png",
			"height":256,
			"type":"bitmap"
		},
        {
			"ascent":13,
			"chars":["ⶅ"],
			"file":"text.textures:cos_menu_clothes.png",
			"height":256,
			"type":"bitmap"
		},
        {
			"ascent":13,
			"chars":["ⶆ"],
			"file":"text.textures:cos_dye.png",
			"height":256,
			"type":"bitmap"
		},
        {
			"ascent":13,
			"chars":["ⶒ"],
			"file":"text.textures:cos_dye.png",
			"height":256,
			"type":"bitmap"
		},
        {
			"ascent":13,
			"chars":["ꢴ"],
			"file":"text.textures:delluna_cd_1.png",
			"height":256,
			"type":"bitmap"
		},
        {
			"ascent":13,
			"chars":["ꢳ"],
			"file":"text.textures:delluna_cd_2.png",
			"height":256,
			"type":"bitmap"
		},
        {
			"ascent":19,
			"chars":["ꢲ"],
			"file":"text.textures:monkey5.png",
			"height":256,
			"type":"bitmap"
		},
        {
			"ascent":13,
			"chars":["ꢱ"],
			"file":"text.textures:fish_menu.png",
			"height":256,
			"type":"bitmap"
		},
        {
			"ascent":13,
			"chars":["ꢮ"],
			"file":"text.textures:fish_codex_m.png",
			"height":256,
			"type":"bitmap"
		},
        {
			"ascent":13,
			"chars":["ꢭ"],
			"file":"text.textures:fish_codex_l.png",
			"height":256,
			"type":"bitmap"
		},
        {
			"ascent":13,
			"chars":["ꢬ"],
			"file":"text.textures:fish_codex_e.png",
			"height":256,
			"type":"bitmap"
		},
        {
			"ascent":13,
			"chars":["ꢫ"],
			"file":"text.textures:fish_codex_r.png",
			"height":256,
			"type":"bitmap"
		},
        {
			"ascent":13,
			"chars":["ꢪ"],
			"file":"text.textures:fish_codex_c.png",
			"height":256,
			"type":"bitmap"
		}
    ]
}