{
	"credit": "Made with Blockbench",
	"texture_size": [32, 32],
	"textures": {
		"0": "item/etc/icecream",
		"particle": "item/etc/icecream"
	},
	"gui_light": "front",
	"elements": [
		{
			"from": [5.8, 5, 5.825],
			"to": [9.2, 8.1, 9.225],
			"faces": {
				"north": {"uv": [1.5, 0, 3, 1.5], "texture": "#0"},
				"east": {"uv": [1.5, 1.5, 3, 3], "texture": "#0"},
				"south": {"uv": [0, 3, 1.5, 4.5], "texture": "#0"},
				"west": {"uv": [3, 0, 4.5, 1.5], "texture": "#0"},
				"up": {"uv": [3, 4.5, 1.5, 3], "texture": "#0"},
				"down": {"uv": [4.5, 1.5, 3, 3], "texture": "#0"}
			}
		},
		{
			"from": [5.2, 8, 5.425],
			"to": [8.6, 11.1, 8.825],
			"faces": {
				"north": {"uv": [3, 3, 4.5, 4.5], "texture": "#0"},
				"east": {"uv": [0, 4.5, 1.5, 6], "texture": "#0"},
				"south": {"uv": [4.5, 0, 6, 1.5], "texture": "#0"},
				"west": {"uv": [1.5, 4.5, 3, 6], "texture": "#0"},
				"up": {"uv": [6, 3, 4.5, 1.5], "texture": "#0"},
				"down": {"uv": [4.5, 4.5, 3, 6], "texture": "#0"}
			}
		},
		{
			"from": [6.4, 11.1, 6.225],
			"to": [8.9, 13.6, 8.725],
			"faces": {
				"north": {"uv": [4.5, 3, 6, 4.5], "texture": "#0"},
				"east": {"uv": [4.5, 4.5, 6, 6], "texture": "#0"},
				"south": {"uv": [0, 6, 1.5, 7.5], "texture": "#0"},
				"west": {"uv": [6, 0, 7.5, 1.5], "texture": "#0"},
				"up": {"uv": [3, 7.5, 1.5, 6], "texture": "#0"},
				"down": {"uv": [7.5, 1.5, 6, 3], "texture": "#0"}
			}
		},
		{
			"from": [7, 0, 7],
			"to": [8, 1, 8],
			"faces": {
				"north": {"uv": [5, 7, 5.5, 7.5], "texture": "#0"},
				"east": {"uv": [7, 5, 7.5, 5.5], "texture": "#0"},
				"south": {"uv": [5.5, 7, 6, 7.5], "texture": "#0"},
				"west": {"uv": [7, 5.5, 7.5, 6], "texture": "#0"},
				"up": {"uv": [6.5, 7.5, 6, 7], "texture": "#0"},
				"down": {"uv": [7.5, 6, 7, 6.5], "texture": "#0"}
			}
		},
		{
			"from": [6.5, 1, 6.5],
			"to": [8.5, 4, 8.5],
			"faces": {
				"north": {"uv": [3, 6, 4, 7.5], "texture": "#0"},
				"east": {"uv": [6, 3, 7, 4.5], "texture": "#0"},
				"south": {"uv": [4, 6, 5, 7.5], "texture": "#0"},
				"west": {"uv": [6, 4.5, 7, 6], "texture": "#0"},
				"up": {"uv": [6, 7, 5, 6], "texture": "#0"},
				"down": {"uv": [7, 6, 6, 7], "texture": "#0"}
			}
		},
		{
			"from": [6, 4, 6],
			"to": [9, 5, 9],
			"faces": {
				"north": {"uv": [7, 3, 8.5, 3.5], "texture": "#0"},
				"east": {"uv": [7, 3.5, 8.5, 4], "texture": "#0"},
				"south": {"uv": [7, 4, 8.5, 4.5], "texture": "#0"},
				"west": {"uv": [7, 4.5, 8.5, 5], "texture": "#0"},
				"up": {"uv": [1.5, 1.5, 0, 0], "texture": "#0"},
				"down": {"uv": [1.5, 1.5, 0, 3], "texture": "#0"}
			}
		}
	],
	"display": {
		"thirdperson_righthand": {
			"rotation": [10, 0, 0],
			"translation": [0.5, 4.75, 3],
			"scale": [0.8, 0.8, 0.8]
		},
		"thirdperson_lefthand": {
			"rotation": [10, 0, 0],
			"translation": [-0.5, 4.75, 3],
			"scale": [0.8, 0.8, 0.8]
		},
		"firstperson_righthand": {
			"translation": [5.75, 3.25, 0]
		},
		"firstperson_lefthand": {
			"translation": [5.75, 3.25, 0]
		},
		"ground": {
			"rotation": [0, 0, 11],
			"translation": [0, 5, 0]
		},
		"gui": {
			"rotation": [0, 0, 35.25],
			"translation": [0, 1, 0]
		},
		"head": {
			"rotation": [28, 0, -49.75],
			"translation": [-7.25, 6.5, -2.75]
		},
		"fixed": {
			"translation": [0, 0, -1.25]
		}
	},
	"groups": [0, 1, 2,
		{
			"name": "group",
			"origin": [0, 0, 0],
			"color": 0,
			"children": [3, 4, 5]
		}
	]
}