{
	"__comment": "haru_711",
	"textures": {
		"particle": "item/fish/napol",
		"napol": "item/fish/napol"
	},
	"elements": [ 	 
		{
			"__comment": "Voxels",
			"from": [ -14.2222, 7.7037, 8.8889 ],
			"to": [ 30.22225, 8.296292, 9.481492 ],
			"faces": {
				"down": { "uv": [ 0, 13, 9.375, 13.125 ], "texture": "#napol" },
				"up": { "uv": [ 0, 13, 9.375, 12.875 ], "texture": "#napol" },
				"north": { "uv": [ 9.375, 12.75, 0, 12.875 ], "texture": "#napol" },
				"south": { "uv": [ 0, 12.625, 9.375, 12.75 ], "texture": "#napol" },
				"west": { "uv": [ 6.375, 4.625, 6.5, 4.75 ], "texture": "#napol" },
				"east": { "uv": [ 6.625, 5.125, 6.5, 5.25 ], "texture": "#napol" }
			}
		},
		{
			"__comment": "Voxels",
			"from": [ -14.2222, 7.7037, 9.4815 ],
			"to": [ 29.62965, 8.296292, 11.25928 ],
			"faces": {
				"down": { "uv": [ 0, 15.125, 9.25, 15.5 ], "texture": "#napol" },
				"up": { "uv": [ 0, 15.125, 9.25, 14.75 ], "texture": "#napol" },
				"north": { "uv": [ 9.25, 12.5, 0, 12.625 ], "texture": "#napol" },
				"south": { "uv": [ 0, 12.375, 9.25, 12.5 ], "texture": "#napol" },
				"west": { "uv": [ 6.125, 6.75, 6.5, 6.875 ], "texture": "#napol" },
				"east": { "uv": [ 6.5, 6.875, 6.125, 7 ], "texture": "#napol" }
			}
		},
		{
			"__comment": "Voxels",
			"from": [ -13.6296, 7.7037, 7.7037 ],
			"to": [ 30.22225, 8.296292, 8.888885 ],
			"faces": {
				"down": { "uv": [ 0, 14.125, 9.25, 14.375 ], "texture": "#napol" },
				"up": { "uv": [ 0, 14.125, 9.25, 13.875 ], "texture": "#napol" },
				"north": { "uv": [ 9.25, 12.25, 0, 12.375 ], "texture": "#napol" },
				"south": { "uv": [ 0, 12.125, 9.25, 12.25 ], "texture": "#napol" },
				"west": { "uv": [ 6.375, 7.5, 6.625, 7.625 ], "texture": "#napol" },
				"east": { "uv": [ 6.625, 7.625, 6.375, 7.75 ], "texture": "#napol" }
			}
		},
		{
			"__comment": "Voxels",
			"from": [ -13.6296, 7.7037, 11.2593 ],
			"to": [ 29.62966, 8.296292, 11.85189 ],
			"faces": {
				"down": { "uv": [ 0, 11.5, 9.125, 11.625 ], "texture": "#napol" },
				"up": { "uv": [ 0, 11.5, 9.125, 11.375 ], "texture": "#napol" },
				"north": { "uv": [ 9.125, 11.75, 0, 11.875 ], "texture": "#napol" },
				"south": { "uv": [ 0, 11.125, 9.125, 11.25 ], "texture": "#napol" },
				"west": { "uv": [ 6.5, 6.5, 6.625, 6.625 ], "texture": "#napol" },
				"east": { "uv": [ 6.625, 6.625, 6.5, 6.75 ], "texture": "#napol" }
			}
		},
		{
			"__comment": "Voxels",
			"from": [ -13.6296, 7.7037, 11.8519 ],
			"to": [ 29.03707, 8.296292, 12.44449 ],
			"faces": {
				"down": { "uv": [ 0, 10.875, 9, 11 ], "texture": "#napol" },
				"up": { "uv": [ 0, 11.125, 9, 11 ], "texture": "#napol" },
				"north": { "uv": [ 9, 10.75, 0, 10.875 ], "texture": "#napol" },
				"south": { "uv": [ 0, 10.625, 9, 10.75 ], "texture": "#napol" },
				"west": { "uv": [ 6.5, 6.75, 6.625, 6.875 ], "texture": "#napol" },
				"east": { "uv": [ 6.5, 7, 6.375, 7.125 ], "texture": "#napol" }
			}
		},
		{
			"__comment": "Voxels",
			"from": [ -13.037, 7.7037, 7.1111 ],
			"to": [ 30.22226, 8.296292, 7.703692 ],
			"faces": {
				"down": { "uv": [ 0, 11.625, 9.125, 11.75 ], "texture": "#napol" },
				"up": { "uv": [ 0, 11.375, 9.125, 11.25 ], "texture": "#napol" },
				"north": { "uv": [ 9.125, 12, 0, 12.125 ], "texture": "#napol" },
				"south": { "uv": [ 0, 11.875, 9.125, 12 ], "texture": "#napol" },
				"west": { "uv": [ 6.5, 7.125, 6.625, 7.25 ], "texture": "#napol" },
				"east": { "uv": [ 6.625, 4.375, 6.5, 4.5 ], "texture": "#napol" }
			}
		},
		{
			"__comment": "Voxels",
			"from": [ -13.037, 7.7037, 12.4444 ],
			"to": [ 29.03708, 8.296292, 13.03699 ],
			"faces": {
				"down": { "uv": [ 0, 10.5, 8.875, 10.625 ], "texture": "#napol" },
				"up": { "uv": [ 0, 10.25, 8.875, 10.125 ], "texture": "#napol" },
				"north": { "uv": [ 8.875, 10, 0, 10.125 ], "texture": "#napol" },
				"south": { "uv": [ 0, 9.875, 8.875, 10 ], "texture": "#napol" },
				"west": { "uv": [ 6.375, 7.125, 6.5, 7.25 ], "texture": "#napol" },
				"east": { "uv": [ 6.625, 8, 6.5, 8.125 ], "texture": "#napol" }
			}
		},
		{
			"__comment": "Voxels",
			"from": [ -13.037, 7.7037, 13.037 ],
			"to": [ 20.74078, 8.296292, 13.62959 ],
			"faces": {
				"down": { "uv": [ 8.875, 9.625, 16, 9.75 ], "texture": "#napol" },
				"up": { "uv": [ 8.875, 10.625, 16, 10.5 ], "texture": "#napol" },
				"north": { "uv": [ 16, 9.875, 8.875, 10 ], "texture": "#napol" },
				"south": { "uv": [ 8.875, 9.75, 16, 9.875 ], "texture": "#napol" },
				"west": { "uv": [ 5, 4.125, 5.125, 4.25 ], "texture": "#napol" },
				"east": { "uv": [ 5, 4.125, 4.875, 4.25 ], "texture": "#napol" }
			}
		},
		{
			"__comment": "Voxels",
			"from": [ -13.037, 7.7037, 13.6296 ],
			"to": [ 20.14819, 8.296292, 15.99997 ],
			"faces": {
				"down": { "uv": [ 7, 15.5, 14, 16 ], "texture": "#napol" },
				"up": { "uv": [ 0, 16, 7, 15.5 ], "texture": "#napol" },
				"north": { "uv": [ 15.5, 9.125, 8.5, 9.25 ], "texture": "#napol" },
				"south": { "uv": [ 8.5, 9.25, 15.5, 9.375 ], "texture": "#napol" },
				"west": { "uv": [ 15.5, 9.5, 16, 9.625 ], "texture": "#napol" },
				"east": { "uv": [ 16, 13.75, 15.5, 13.875 ], "texture": "#napol" }
			}
		},
		{
			"__comment": "Voxels",
			"from": [ -12.4444, 7.7037, 16 ],
			"to": [ 21.33338, 8.296292, 16.59259 ],
			"faces": {
				"down": { "uv": [ 8.875, 10, 16, 10.125 ], "texture": "#napol" },
				"up": { "uv": [ 8.875, 10.5, 16, 10.375 ], "texture": "#napol" },
				"north": { "uv": [ 16, 10.25, 8.875, 10.375 ], "texture": "#napol" },
				"south": { "uv": [ 8.875, 10.125, 16, 10.25 ], "texture": "#napol" },
				"west": { "uv": [ 6.5, 4.25, 6.625, 4.375 ], "texture": "#napol" },
				"east": { "uv": [ 6.5, 4.25, 6.375, 4.375 ], "texture": "#napol" }
			}
		},
		{
			"__comment": "Voxels",
			"from": [ -11.8519, 7.7037, 6.5185 ],
			"to": [ 30.22217, 8.296292, 7.111093 ],
			"faces": {
				"down": { "uv": [ 0, 10.25, 8.875, 10.375 ], "texture": "#napol" },
				"up": { "uv": [ 0, 10.5, 8.875, 10.375 ], "texture": "#napol" },
				"north": { "uv": [ 8.875, 9.625, 0, 9.75 ], "texture": "#napol" },
				"south": { "uv": [ 0, 9.75, 8.875, 9.875 ], "texture": "#napol" },
				"west": { "uv": [ 6, 4.25, 6.125, 4.375 ], "texture": "#napol" },
				"east": { "uv": [ 6, 4.25, 5.875, 4.375 ], "texture": "#napol" }
			}
		},
		{
			"__comment": "Voxels",
			"from": [ -11.8519, 7.7037, 16.5926 ],
			"to": [ 21.33328, 8.296292, 17.18519 ],
			"faces": {
				"down": { "uv": [ 9, 11, 16, 11.125 ], "texture": "#napol" },
				"up": { "uv": [ 9, 11, 16, 10.875 ], "texture": "#napol" },
				"north": { "uv": [ 16, 10.75, 9, 10.875 ], "texture": "#napol" },
				"south": { "uv": [ 9, 10.625, 16, 10.75 ], "texture": "#napol" },
				"west": { "uv": [ 5.625, 4.25, 5.75, 4.375 ], "texture": "#napol" },
				"east": { "uv": [ 5.25, 4.25, 5.125, 4.375 ], "texture": "#napol" }
			}
		},
		{
			"__comment": "Voxels",
			"from": [ -11.2593, 7.7037, 17.1852 ],
			"to": [ 21.33329, 8.296292, 17.77779 ],
			"faces": {
				"down": { "uv": [ 9.125, 11.875, 16, 12 ], "texture": "#napol" },
				"up": { "uv": [ 9.125, 11.875, 16, 11.75 ], "texture": "#napol" },
				"north": { "uv": [ 16, 11.625, 9.125, 11.75 ], "texture": "#napol" },
				"south": { "uv": [ 9.125, 11.125, 16, 11.25 ], "texture": "#napol" },
				"west": { "uv": [ 5, 4.25, 5.125, 4.375 ], "texture": "#napol" },
				"east": { "uv": [ 5.875, 4.375, 5.75, 4.5 ], "texture": "#napol" }
			}
		},
		{
			"__comment": "Voxels",
			"from": [ -10.0741, 7.7037, -2.963 ],
			"to": [ 23.11108, 8.296292, -1.777815 ],
			"faces": {
				"down": { "uv": [ 0, 13.625, 7, 13.875 ], "texture": "#napol" },
				"up": { "uv": [ 7, 13.875, 14, 13.625 ], "texture": "#napol" },
				"north": { "uv": [ 15.5, 9.375, 8.5, 9.5 ], "texture": "#napol" },
				"south": { "uv": [ 8.5, 9.5, 15.5, 9.625 ], "texture": "#napol" },
				"west": { "uv": [ 6.375, 7.375, 6.625, 7.5 ], "texture": "#napol" },
				"east": { "uv": [ 16, 14.25, 15.75, 14.375 ], "texture": "#napol" }
			}
		},
		{
			"__comment": "Voxels",
			"from": [ -10.0741, 7.7037, -1.7778 ],
			"to": [ 22.51849, 8.296292, -0.5926148 ],
			"faces": {
				"down": { "uv": [ 0, 13.375, 6.875, 13.625 ], "texture": "#napol" },
				"up": { "uv": [ 6.875, 13.625, 13.75, 13.375 ], "texture": "#napol" },
				"north": { "uv": [ 16, 12, 9.125, 12.125 ], "texture": "#napol" },
				"south": { "uv": [ 9.125, 11.25, 16, 11.375 ], "texture": "#napol" },
				"west": { "uv": [ 15.75, 14.125, 16, 14.25 ], "texture": "#napol" },
				"east": { "uv": [ 16, 13.875, 15.75, 14 ], "texture": "#napol" }
			}
		},
		{
			"__comment": "Voxels",
			"from": [ -10.0741, 7.7037, -0.5926 ],
			"to": [ 21.9259, 8.296292, 1.185178 ],
			"faces": {
				"down": { "uv": [ 9.25, 14.75, 16, 15.125 ], "texture": "#napol" },
				"up": { "uv": [ 9.25, 15.5, 16, 15.125 ], "texture": "#napol" },
				"north": { "uv": [ 16, 12.5, 9.25, 12.625 ], "texture": "#napol" },
				"south": { "uv": [ 9.25, 12.375, 16, 12.5 ], "texture": "#napol" },
				"west": { "uv": [ 6.25, 5.25, 6.625, 5.375 ], "texture": "#napol" },
				"east": { "uv": [ 6.625, 5.375, 6.25, 5.5 ], "texture": "#napol" }
			}
		},
		{
			"__comment": "Voxels",
			"from": [ -10.0741, 7.7037, 1.1852 ],
			"to": [ 21.33331, 8.296292, 1.777793 ],
			"faces": {
				"down": { "uv": [ 9.375, 13, 16, 13.125 ], "texture": "#napol" },
				"up": { "uv": [ 8.25, 8.75, 14.875, 8.625 ], "texture": "#napol" },
				"north": { "uv": [ 16, 12.875, 9.375, 13 ], "texture": "#napol" },
				"south": { "uv": [ 9.375, 12.75, 16, 12.875 ], "texture": "#napol" },
				"west": { "uv": [ 4.375, 4.25, 4.5, 4.375 ], "texture": "#napol" },
				"east": { "uv": [ 6.125, 4.375, 6, 4.5 ], "texture": "#napol" }
			}
		},
		{
			"__comment": "Voxels",
			"from": [ -10.0741, 7.7037, 5.9259 ],
			"to": [ 30.22219, 8.296292, 6.518493 ],
			"faces": {
				"down": { "uv": [ 0, 9.5, 8.5, 9.625 ], "texture": "#napol" },
				"up": { "uv": [ 0, 9.5, 8.5, 9.375 ], "texture": "#napol" },
				"north": { "uv": [ 8.5, 9.25, 0, 9.375 ], "texture": "#napol" },
				"south": { "uv": [ 0, 9.125, 8.5, 9.25 ], "texture": "#napol" },
				"west": { "uv": [ 5.25, 4.25, 5.375, 4.375 ], "texture": "#napol" },
				"east": { "uv": [ 6, 4.375, 5.875, 4.5 ], "texture": "#napol" }
			}
		},
		{
			"__comment": "Voxels",
			"from": [ -9.4815, 7.7037, -4.1481 ],
			"to": [ 23.1111, 8.296292, -2.962915 ],
			"faces": {
				"down": { "uv": [ 0, 13.125, 6.875, 13.375 ], "texture": "#napol" },
				"up": { "uv": [ 6.875, 13.375, 13.75, 13.125 ], "texture": "#napol" },
				"north": { "uv": [ 16, 11.5, 9.125, 11.625 ], "texture": "#napol" },
				"south": { "uv": [ 9.125, 11.375, 16, 11.5 ], "texture": "#napol" },
				"west": { "uv": [ 6.375, 7.25, 6.625, 7.375 ], "texture": "#napol" },
				"east": { "uv": [ 16, 14, 15.75, 14.125 ], "texture": "#napol" }
			}
		},
		{
			"__comment": "Voxels",
			"from": [ -9.4815, 7.7037, 1.7778 ],
			"to": [ 21.33332, 8.296292, 2.962985 ],
			"faces": {
				"down": { "uv": [ 9.25, 13.875, 15.75, 14.125 ], "texture": "#napol" },
				"up": { "uv": [ 9.25, 14.375, 15.75, 14.125 ], "texture": "#napol" },
				"north": { "uv": [ 6.5, 8.125, 0, 8.25 ], "texture": "#napol" },
				"south": { "uv": [ 0, 8, 6.5, 8.125 ], "texture": "#napol" },
				"west": { "uv": [ 6.375, 7.875, 6.625, 8 ], "texture": "#napol" },
				"east": { "uv": [ 6.625, 7.75, 6.375, 7.875 ], "texture": "#napol" }
			}
		},
		{
			"__comment": "Voxels",
			"from": [ -9.4815, 7.7037, 2.963 ],
			"to": [ 20.74072, 8.296292, 3.555593 ],
			"faces": {
				"down": { "uv": [ 0, 7.75, 6.375, 7.875 ], "texture": "#napol" },
				"up": { "uv": [ 0, 7.75, 6.375, 7.625 ], "texture": "#napol" },
				"north": { "uv": [ 6.375, 7.5, 0, 7.625 ], "texture": "#napol" },
				"south": { "uv": [ 0, 7.25, 6.375, 7.375 ], "texture": "#napol" },
				"west": { "uv": [ 4.5, 4.375, 4.625, 4.5 ], "texture": "#napol" },
				"east": { "uv": [ 4.5, 4.375, 4.375, 4.5 ], "texture": "#napol" }
			}
		},
		{
			"__comment": "Voxels",
			"from": [ -9.4815, 7.7037, 5.3333 ],
			"to": [ 29.62961, 8.296292, 5.925892 ],
			"faces": {
				"down": { "uv": [ 0, 8.875, 8.25, 9 ], "texture": "#napol" },
				"up": { "uv": [ 0, 9.125, 8.25, 9 ], "texture": "#napol" },
				"north": { "uv": [ 8.25, 8.75, 0, 8.875 ], "texture": "#napol" },
				"south": { "uv": [ 0, 8.625, 8.25, 8.75 ], "texture": "#napol" },
				"west": { "uv": [ 6.125, 4.5, 6.25, 4.625 ], "texture": "#napol" },
				"east": { "uv": [ 5.5, 4.375, 5.375, 4.5 ], "texture": "#napol" }
			}
		},
		{
			"__comment": "Voxels",
			"from": [ -8.8889, 7.7037, -4.7407 ],
			"to": [ 23.1111, 8.296292, -4.148107 ],
			"faces": {
				"down": { "uv": [ 8.25, 8.875, 15, 9 ], "texture": "#napol" },
				"up": { "uv": [ 9.25, 12.375, 16, 12.25 ], "texture": "#napol" },
				"north": { "uv": [ 16, 12.125, 9.25, 12.25 ], "texture": "#napol" },
				"south": { "uv": [ 8.25, 9, 15, 9.125 ], "texture": "#napol" },
				"west": { "uv": [ 5.875, 4.5, 6, 4.625 ], "texture": "#napol" },
				"east": { "uv": [ 6.625, 4.625, 6.5, 4.75 ], "texture": "#napol" }
			}
		},
		{
			"__comment": "Voxels",
			"from": [ -8.8889, 7.7037, 3.5556 ],
			"to": [ 29.03703, 8.296292, 5.333378 ],
			"faces": {
				"down": { "uv": [ 8, 14.375, 16, 14.75 ], "texture": "#napol" },
				"up": { "uv": [ 0, 14.75, 8, 14.375 ], "texture": "#napol" },
				"north": { "uv": [ 8, 8.5, 0, 8.625 ], "texture": "#napol" },
				"south": { "uv": [ 8, 8.5, 16, 8.625 ], "texture": "#napol" },
				"west": { "uv": [ 6.125, 5.125, 6.5, 5.25 ], "texture": "#napol" },
				"east": { "uv": [ 6.5, 6.625, 6.125, 6.75 ], "texture": "#napol" }
			}
		},
		{
			"__comment": "Voxels",
			"from": [ -8.2963, 7.7037, -5.3333 ],
			"to": [ 23.11111, 8.296292, -4.740707 ],
			"faces": {
				"down": { "uv": [ 8.25, 8.75, 14.875, 8.875 ], "texture": "#napol" },
				"up": { "uv": [ 9.375, 12.75, 16, 12.625 ], "texture": "#napol" },
				"north": { "uv": [ 6.625, 8.25, 0, 8.375 ], "texture": "#napol" },
				"south": { "uv": [ 0, 8.375, 6.625, 8.5 ], "texture": "#napol" },
				"west": { "uv": [ 6.25, 4.5, 6.375, 4.625 ], "texture": "#napol" },
				"east": { "uv": [ 4.375, 4.375, 4.25, 4.5 ], "texture": "#napol" }
			}
		},
		{
			"__comment": "Voxels",
			"from": [ -7.7037, 7.7037, -5.9259 ],
			"to": [ 22.51852, 8.296292, -5.333307 ],
			"faces": {
				"down": { "uv": [ 0, 7.375, 6.375, 7.5 ], "texture": "#napol" },
				"up": { "uv": [ 0, 7.25, 6.375, 7.125 ], "texture": "#napol" },
				"north": { "uv": [ 6.375, 7.875, 0, 8 ], "texture": "#napol" },
				"south": { "uv": [ 0, 7, 6.375, 7.125 ], "texture": "#napol" },
				"west": { "uv": [ 5.125, 4.375, 5.25, 4.5 ], "texture": "#napol" },
				"east": { "uv": [ 5.375, 4.375, 5.25, 4.5 ], "texture": "#napol" }
			}
		},
		{
			"__comment": "Voxels",
			"from": [ -7.1111, 7.7037, -6.5185 ],
			"to": [ 21.92594, 8.296292, -5.925907 ],
			"faces": {
				"down": { "uv": [ 0, 6.625, 6.125, 6.75 ], "texture": "#napol" },
				"up": { "uv": [ 0, 6.875, 6.125, 6.75 ], "texture": "#napol" },
				"north": { "uv": [ 6.125, 6.5, 0, 6.625 ], "texture": "#napol" },
				"south": { "uv": [ 0, 6.875, 6.125, 7 ], "texture": "#napol" },
				"west": { "uv": [ 6.125, 4.375, 6.25, 4.5 ], "texture": "#napol" },
				"east": { "uv": [ 4.375, 4.25, 4.25, 4.375 ], "texture": "#napol" }
			}
		},
		{
			"__comment": "Voxels",
			"from": [ -6.5185, 7.7037, -7.1111 ],
			"to": [ 20.14817, 8.296292, -6.518507 ],
			"faces": {
				"down": { "uv": [ 0, 6.125, 5.625, 6.25 ], "texture": "#napol" },
				"up": { "uv": [ 0, 6.5, 5.625, 6.375 ], "texture": "#napol" },
				"north": { "uv": [ 5.625, 6.25, 0, 6.375 ], "texture": "#napol" },
				"south": { "uv": [ 0, 6, 5.625, 6.125 ], "texture": "#napol" },
				"west": { "uv": [ 4.625, 4.375, 4.75, 4.5 ], "texture": "#napol" },
				"east": { "uv": [ 5.125, 4.375, 5, 4.5 ], "texture": "#napol" }
			}
		},
		{
			"__comment": "Voxels",
			"from": [ -5.9259, 7.7037, 17.7778 ],
			"to": [ 20.14817, 8.296292, 18.37039 ],
			"faces": {
				"down": { "uv": [ 0, 5.625, 5.5, 5.75 ], "texture": "#napol" },
				"up": { "uv": [ 0, 5.625, 5.5, 5.5 ], "texture": "#napol" },
				"north": { "uv": [ 5.5, 5.75, 0, 5.875 ], "texture": "#napol" },
				"south": { "uv": [ 0, 5.875, 5.5, 6 ], "texture": "#napol" },
				"west": { "uv": [ 4.5, 4.25, 4.625, 4.375 ], "texture": "#napol" },
				"east": { "uv": [ 5, 4.25, 4.875, 4.375 ], "texture": "#napol" }
			}
		},
		{
			"__comment": "Voxels",
			"from": [ -5.3333, 7.7037, -7.7037 ],
			"to": [ 17.77781, 8.296292, -7.111107 ],
			"faces": {
				"down": { "uv": [ 0, 5.375, 4.875, 5.5 ], "texture": "#napol" },
				"up": { "uv": [ 0, 5.375, 4.875, 5.25 ], "texture": "#napol" },
				"north": { "uv": [ 4.875, 5.125, 0, 5.25 ], "texture": "#napol" },
				"south": { "uv": [ 0, 5, 4.875, 5.125 ], "texture": "#napol" },
				"west": { "uv": [ 6, 4.5, 6.125, 4.625 ], "texture": "#napol" },
				"east": { "uv": [ 5.875, 4.25, 5.75, 4.375 ], "texture": "#napol" }
			}
		},
		{
			"__comment": "Voxels",
			"from": [ -4.7407, 7.7037, 18.3704 ],
			"to": [ 16.59263, 8.296292, 18.96299 ],
			"faces": {
				"down": { "uv": [ 0, 4.75, 4.5, 4.875 ], "texture": "#napol" },
				"up": { "uv": [ 0, 4.75, 4.5, 4.625 ], "texture": "#napol" },
				"north": { "uv": [ 4.5, 4.875, 0, 5 ], "texture": "#napol" },
				"south": { "uv": [ 0, 4.5, 4.5, 4.625 ], "texture": "#napol" },
				"west": { "uv": [ 4.25, 4.125, 4.375, 4.25 ], "texture": "#napol" },
				"east": { "uv": [ 4.875, 4.125, 4.75, 4.25 ], "texture": "#napol" }
			}
		},
		{
			"__comment": "Voxels",
			"from": [ -4.1481, 7.7037, -8.2963 ],
			"to": [ 16.00005, 8.296292, -7.703707 ],
			"faces": {
				"down": { "uv": [ 0, 4, 4.25, 4.125 ], "texture": "#napol" },
				"up": { "uv": [ 0, 4.25, 4.25, 4.125 ], "texture": "#napol" },
				"north": { "uv": [ 4.25, 4.25, 0, 4.375 ], "texture": "#napol" },
				"south": { "uv": [ 0, 4.375, 4.25, 4.5 ], "texture": "#napol" },
				"west": { "uv": [ 5.125, 4.125, 5.25, 4.25 ], "texture": "#napol" },
				"east": { "uv": [ 6.625, 8.125, 6.5, 8.25 ], "texture": "#napol" }
			}
		},
		{
			"__comment": "Voxels",
			"from": [ -2.3704, 7.7037, -8.8889 ],
			"to": [ 11.25923, 8.296292, -8.296308 ],
			"faces": {
				"down": { "uv": [ 0, 3.625, 2.875, 3.75 ], "texture": "#napol" },
				"up": { "uv": [ 0, 3.375, 2.875, 3.25 ], "texture": "#napol" },
				"north": { "uv": [ 2.875, 3.5, 0, 3.625 ], "texture": "#napol" },
				"south": { "uv": [ 0, 3.375, 2.875, 3.5 ], "texture": "#napol" },
				"west": { "uv": [ 6.5, 7, 6.625, 7.125 ], "texture": "#napol" },
				"east": { "uv": [ 6.625, 6.875, 6.5, 7 ], "texture": "#napol" }
			}
		},
		{
			"__comment": "Voxels",
			"from": [ -1.7778, 7.7037, 18.963 ],
			"to": [ 13.62961, 8.296292, 19.55559 ],
			"faces": {
				"down": { "uv": [ 3.25, 3.75, 6.5, 3.875 ], "texture": "#napol" },
				"up": { "uv": [ 0, 3.875, 3.25, 3.75 ], "texture": "#napol" },
				"north": { "uv": [ 3.25, 3.875, 0, 4 ], "texture": "#napol" },
				"south": { "uv": [ 3.25, 3.875, 6.5, 4 ], "texture": "#napol" },
				"west": { "uv": [ 6.5, 5.625, 6.625, 5.75 ], "texture": "#napol" },
				"east": { "uv": [ 6.625, 5.5, 6.5, 5.625 ], "texture": "#napol" }
			}
		},
		{
			"__comment": "Voxels",
			"from": [ 0, 7.7037, -9.4815 ],
			"to": [ 9.481482, 8.296292, -8.888907 ],
			"faces": {
				"down": { "uv": [ 14, 15.5, 16, 15.625 ], "texture": "#napol" },
				"up": { "uv": [ 14, 15.75, 16, 15.625 ], "texture": "#napol" },
				"north": { "uv": [ 16, 15.875, 14, 16 ], "texture": "#napol" },
				"south": { "uv": [ 14, 15.75, 16, 15.875 ], "texture": "#napol" },
				"west": { "uv": [ 6.5, 5, 6.625, 5.125 ], "texture": "#napol" },
				"east": { "uv": [ 4.5, 4.125, 4.375, 4.25 ], "texture": "#napol" }
			}
		},
		{
			"__comment": "Voxels",
			"from": [ 1.7778, 7.7037, -10.0741 ],
			"to": [ 7.703726, 8.296292, -9.481507 ],
			"faces": {
				"down": { "uv": [ 4.875, 5.125, 6.125, 5.25 ], "texture": "#napol" },
				"up": { "uv": [ 4.5, 4.875, 5.75, 4.75 ], "texture": "#napol" },
				"north": { "uv": [ 6.125, 5, 4.875, 5.125 ], "texture": "#napol" },
				"south": { "uv": [ 4.5, 4.875, 5.75, 5 ], "texture": "#napol" },
				"west": { "uv": [ 4.875, 4.5, 5, 4.625 ], "texture": "#napol" },
				"east": { "uv": [ 5.125, 4.5, 5, 4.625 ], "texture": "#napol" }
			}
		},
		{
			"__comment": "Voxels",
			"from": [ 20.1481, 7.7037, 15.4074 ],
			"to": [ 20.74069, 8.296292, 15.99999 ],
			"faces": {
				"down": { "uv": [ 5.125, 4.5, 5.25, 4.625 ], "texture": "#napol" },
				"up": { "uv": [ 5.25, 4.625, 5.375, 4.5 ], "texture": "#napol" },
				"north": { "uv": [ 5.5, 4.5, 5.375, 4.625 ], "texture": "#napol" },
				"south": { "uv": [ 5.5, 4.5, 5.625, 4.625 ], "texture": "#napol" },
				"west": { "uv": [ 5.625, 4.5, 5.75, 4.625 ], "texture": "#napol" },
				"east": { "uv": [ 5.875, 4.5, 5.75, 4.625 ], "texture": "#napol" }
			}
		},
		{
			"__comment": "Voxels",
			"from": [ 21.9259, 7.7037, 2.963 ],
			"to": [ 29.03701, 8.296292, 3.555593 ],
			"faces": {
				"down": { "uv": [ 14, 13.75, 15.5, 13.875 ], "texture": "#napol" },
				"up": { "uv": [ 14, 13.75, 15.5, 13.625 ], "texture": "#napol" },
				"north": { "uv": [ 15.25, 13.5, 13.75, 13.625 ], "texture": "#napol" },
				"south": { "uv": [ 13.75, 13.375, 15.25, 13.5 ], "texture": "#napol" },
				"west": { "uv": [ 6.375, 4.5, 6.5, 4.625 ], "texture": "#napol" },
				"east": { "uv": [ 6.625, 4.5, 6.5, 4.625 ], "texture": "#napol" }
			}
		},
		{
			"__comment": "Voxels",
			"from": [ 21.9259, 7.7037, 13.037 ],
			"to": [ 28.44442, 8.296292, 13.62959 ],
			"faces": {
				"down": { "uv": [ 13.75, 13.25, 15.125, 13.375 ], "texture": "#napol" },
				"up": { "uv": [ 13.75, 13.25, 15.125, 13.125 ], "texture": "#napol" },
				"north": { "uv": [ 6.25, 5.375, 4.875, 5.5 ], "texture": "#napol" },
				"south": { "uv": [ 4.875, 5.25, 6.25, 5.375 ], "texture": "#napol" },
				"west": { "uv": [ 4.75, 4.375, 4.875, 4.5 ], "texture": "#napol" },
				"east": { "uv": [ 5, 4.375, 4.875, 4.5 ], "texture": "#napol" }
			}
		},
		{
			"__comment": "Voxels",
			"from": [ 23.1111, 7.7037, 2.3704 ],
			"to": [ 28.44443, 8.296292, 2.962993 ],
			"faces": {
				"down": { "uv": [ 14.875, 8.75, 16, 8.875 ], "texture": "#napol" },
				"up": { "uv": [ 14.875, 8.75, 16, 8.625 ], "texture": "#napol" },
				"north": { "uv": [ 6.625, 5.875, 5.5, 6 ], "texture": "#napol" },
				"south": { "uv": [ 5.5, 5.75, 6.625, 5.875 ], "texture": "#napol" },
				"west": { "uv": [ 5.5, 4.375, 5.625, 4.5 ], "texture": "#napol" },
				"east": { "uv": [ 5.75, 4.375, 5.625, 4.5 ], "texture": "#napol" }
			}
		},
		{
			"__comment": "Voxels",
			"from": [ 23.1111, 7.7037, 13.6296 ],
			"to": [ 27.85184, 8.296292, 14.22219 ],
			"faces": {
				"down": { "uv": [ 15, 8.875, 16, 9 ], "texture": "#napol" },
				"up": { "uv": [ 5.625, 6.5, 6.625, 6.375 ], "texture": "#napol" },
				"north": { "uv": [ 6.625, 6.25, 5.625, 6.375 ], "texture": "#napol" },
				"south": { "uv": [ 5.625, 6.125, 6.625, 6.25 ], "texture": "#napol" },
				"west": { "uv": [ 6.25, 4.375, 6.375, 4.5 ], "texture": "#napol" },
				"east": { "uv": [ 6.5, 4.375, 6.375, 4.5 ], "texture": "#napol" }
			}
		},
		{
			"__comment": "Voxels",
			"from": [ 23.7037, 7.7037, 1.7778 ],
			"to": [ 28.44444, 8.296292, 2.370393 ],
			"faces": {
				"down": { "uv": [ 15, 9, 16, 9.125 ], "texture": "#napol" },
				"up": { "uv": [ 5.625, 6.125, 6.625, 6 ], "texture": "#napol" },
				"north": { "uv": [ 6.5, 5.625, 5.5, 5.75 ], "texture": "#napol" },
				"south": { "uv": [ 5.5, 5.5, 6.5, 5.625 ], "texture": "#napol" },
				"west": { "uv": [ 4.625, 4.25, 4.75, 4.375 ], "texture": "#napol" },
				"east": { "uv": [ 4.875, 4.25, 4.75, 4.375 ], "texture": "#napol" }
			}
		},
		{
			"__comment": "Voxels",
			"from": [ 23.7037, 7.7037, 14.2222 ],
			"to": [ 27.85185, 8.296292, 14.81479 ],
			"faces": {
				"down": { "uv": [ 5.75, 4.875, 6.625, 5 ], "texture": "#napol" },
				"up": { "uv": [ 15.125, 13.25, 16, 13.125 ], "texture": "#napol" },
				"north": { "uv": [ 6.625, 4.75, 5.75, 4.875 ], "texture": "#napol" },
				"south": { "uv": [ 15.125, 13.25, 16, 13.375 ], "texture": "#napol" },
				"west": { "uv": [ 5.375, 4.25, 5.5, 4.375 ], "texture": "#napol" },
				"east": { "uv": [ 5.625, 4.25, 5.5, 4.375 ], "texture": "#napol" }
			}
		},
		{
			"__comment": "Voxels",
			"from": [ 24.2963, 7.7037, 1.1852 ],
			"to": [ 27.85185, 8.296292, 1.777793 ],
			"faces": {
				"down": { "uv": [ 5.25, 4.625, 6, 4.75 ], "texture": "#napol" },
				"up": { "uv": [ 4.5, 4.75, 5.25, 4.625 ], "texture": "#napol" },
				"north": { "uv": [ 16, 13.375, 15.25, 13.5 ], "texture": "#napol" },
				"south": { "uv": [ 15.25, 13.5, 16, 13.625 ], "texture": "#napol" },
				"west": { "uv": [ 6.125, 4.25, 6.25, 4.375 ], "texture": "#napol" },
				"east": { "uv": [ 6.375, 4.25, 6.25, 4.375 ], "texture": "#napol" }
			}
		},
		{
			"__comment": "Voxels",
			"from": [ 24.8889, 7.7037, 14.8148 ],
			"to": [ 27.25927, 8.296292, 15.40739 ],
			"faces": {
				"down": { "uv": [ 15.5, 13.625, 16, 13.75 ], "texture": "#napol" },
				"up": { "uv": [ 15.5, 9.375, 16, 9.25 ], "texture": "#napol" },
				"north": { "uv": [ 16, 9.125, 15.5, 9.25 ], "texture": "#napol" },
				"south": { "uv": [ 15.5, 9.375, 16, 9.5 ], "texture": "#napol" },
				"west": { "uv": [ 4.5, 4.125, 4.625, 4.25 ], "texture": "#napol" },
				"east": { "uv": [ 4.75, 4.125, 4.625, 4.25 ], "texture": "#napol" }
			}
		},
		{
			"__comment": "Voxels",
			"from": [ 25.4815, 7.7037, 0.5926 ],
			"to": [ 27.25928, 8.296292, 1.185193 ],
			"faces": {
				"down": { "uv": [ 6.125, 5, 6.5, 5.125 ], "texture": "#napol" },
				"up": { "uv": [ 6, 4.75, 6.375, 4.625 ], "texture": "#napol" },
				"north": { "uv": [ 4.875, 4.5, 4.5, 4.625 ], "texture": "#napol" },
				"south": { "uv": [ 6.125, 6.5, 6.5, 6.625 ], "texture": "#napol" },
				"west": { "uv": [ 5.25, 4.125, 5.375, 4.25 ], "texture": "#napol" },
				"east": { "uv": [ 5.5, 4.125, 5.375, 4.25 ], "texture": "#napol" }
			}
		},
		{
			"__comment": "Voxels",
			"from": [ 29.037, 7.7037, 4.7407 ],
			"to": [ 29.62959, 8.296292, 5.333292 ],
			"faces": {
				"down": { "uv": [ 5.5, 4.125, 5.625, 4.25 ], "texture": "#napol" },
				"up": { "uv": [ 5.625, 4.25, 5.75, 4.125 ], "texture": "#napol" },
				"north": { "uv": [ 5.875, 4.125, 5.75, 4.25 ], "texture": "#napol" },
				"south": { "uv": [ 5.875, 4.125, 6, 4.25 ], "texture": "#napol" },
				"west": { "uv": [ 6, 4.125, 6.125, 4.25 ], "texture": "#napol" },
				"east": { "uv": [ 6.25, 4.125, 6.125, 4.25 ], "texture": "#napol" }
			}
		}
	],
	"display": {
		"thirdperson_righthand": {
			"rotation":  [ 160, 0, 0 ],
			"translation":  [ 0, 1.3913, 4.1739 ],
			"scale":  [ 0.3, 0.3, 0.3 ]
		},
		"thirdperson_lefthand": {
			"rotation":  [ 160, 0, 180 ],
			"translation":  [ 0, 1.3913, 4.1739 ],
			"scale":  [ 0.3, 0.3, 0.3 ]
		},
		"firstperson_righthand": {
			"rotation":  [ 70, -6, 16 ],
			"translation":  [ 2.7826, 2.0869, -2.086 ],
			"scale":  [ 0.3, 0.3, 0.3 ]
		},
		"firstperson_lefthand": {
			"rotation":  [ 70, -6, 180 ],
			"translation":  [ 2.7826, 2.0869, -2.086 ],
			"scale":  [ 0.3, 0.3, 0.3 ]
		},
		"gui": {
			"rotation":  [ 77, -27, 0 ],
			"translation":  [ 0, -0.695, 0 ],
			"scale":  [ 0.35, 0.35, 0.35 ]
		},
		"head": {
			"rotation":  [ 90, 0, 0 ],
			"translation":  [ 1.3913, 12.52, 4.8695 ],
			"scale":  [ 0.5, 2, 0.5 ]
		},
		"ground": {
			"rotation":  [ 64, 0, 0 ],
			"translation":  [ -1.391, 2.7826, 0 ],
			"scale":  [ 0.4, 2, 0.4 ]
		},
		"fixed": {
			"rotation":  [ 90, 0, 180 ],
			"translation":  [ 0, 0, -0.5 ],
			"scale":  [ 0.4, 1.5, 0.4 ]
		}
	}
}