{
	"__comment": "moon",
	"textures": {
		"particle": "item/fish/tuna",
		"tuna": "item/fish/tuna"
	},
	"elements": [ 	 
		{
			"__comment": "Voxels",
			"from": [ -8, 7.4667, 0 ],
			"to": [ 25.06667, 8.000033, 2.666667 ],
			"faces": {
				"down": { "uv": [ 0, 15.375, 7.75, 16 ], "texture": "#tuna" },
				"up": { "uv": [ 0, 15.375, 7.75, 14.75 ], "texture": "#tuna" },
				"north": { "uv": [ 7.75, 13.625, 0, 13.75 ], "texture": "#tuna" },
				"south": { "uv": [ 0, 13.5, 7.75, 13.625 ], "texture": "#tuna" },
				"west": { "uv": [ 6.375, 8.125, 7, 8.25 ], "texture": "#tuna" },
				"east": { "uv": [ 7, 8.625, 6.375, 8.75 ], "texture": "#tuna" }
			}
		},
		{
			"__comment": "Voxels",
			"from": [ -7.4667, 7.4667, -0.5333 ],
			"to": [ 25.06664, 8.000033, 0.000033379 ],
			"faces": {
				"down": { "uv": [ 0, 13.375, 7.625, 13.5 ], "texture": "#tuna" },
				"up": { "uv": [ 0, 13.375, 7.625, 13.25 ], "texture": "#tuna" },
				"north": { "uv": [ 7.625, 13.125, 0, 13.25 ], "texture": "#tuna" },
				"south": { "uv": [ 0, 13, 7.625, 13.125 ], "texture": "#tuna" },
				"west": { "uv": [ 8.625, 11.875, 8.75, 12 ], "texture": "#tuna" },
				"east": { "uv": [ 8.625, 11.875, 8.5, 12 ], "texture": "#tuna" }
			}
		},
		{
			"__comment": "Voxels",
			"from": [ -7.4667, 7.4667, 2.6667 ],
			"to": [ 25.06664, 8.000033, 3.200033 ],
			"faces": {
				"down": { "uv": [ 0, 12.875, 7.625, 13 ], "texture": "#tuna" },
				"up": { "uv": [ 0, 12.875, 7.625, 12.75 ], "texture": "#tuna" },
				"north": { "uv": [ 7.625, 12.625, 0, 12.75 ], "texture": "#tuna" },
				"south": { "uv": [ 0, 12.5, 7.625, 12.625 ], "texture": "#tuna" },
				"west": { "uv": [ 8.375, 11.875, 8.5, 12 ], "texture": "#tuna" },
				"east": { "uv": [ 8.375, 11.875, 8.25, 12 ], "texture": "#tuna" }
			}
		},
		{
			"__comment": "Voxels",
			"from": [ -6.4, 7.4667, -1.0667 ],
			"to": [ 21.86667, 8.000033, -0.5333666 ],
			"faces": {
				"down": { "uv": [ 0, 12.375, 6.625, 12.5 ], "texture": "#tuna" },
				"up": { "uv": [ 0, 12.375, 6.625, 12.25 ], "texture": "#tuna" },
				"north": { "uv": [ 6.625, 12.125, 0, 12.25 ], "texture": "#tuna" },
				"south": { "uv": [ 0, 12, 6.625, 12.125 ], "texture": "#tuna" },
				"west": { "uv": [ 7.875, 11.875, 8, 12 ], "texture": "#tuna" },
				"east": { "uv": [ 7.875, 11.875, 7.75, 12 ], "texture": "#tuna" }
			}
		},
		{
			"__comment": "Voxels",
			"from": [ -6.4, 7.4667, 3.2 ],
			"to": [ 21.86667, 8.000033, 3.733333 ],
			"faces": {
				"down": { "uv": [ 0, 11.875, 6.625, 12 ], "texture": "#tuna" },
				"up": { "uv": [ 0, 11.875, 6.625, 11.75 ], "texture": "#tuna" },
				"north": { "uv": [ 6.625, 11.625, 0, 11.75 ], "texture": "#tuna" },
				"south": { "uv": [ 0, 11.5, 6.625, 11.625 ], "texture": "#tuna" },
				"west": { "uv": [ 10.125, 12, 10.25, 12.125 ], "texture": "#tuna" },
				"east": { "uv": [ 10.125, 12, 10, 12.125 ], "texture": "#tuna" }
			}
		},
		{
			"__comment": "Voxels",
			"from": [ -6.4, 7.4667, 4.2667 ],
			"to": [ 21.33334, 8.000033, 4.800033 ],
			"faces": {
				"down": { "uv": [ 0, 11.125, 6.5, 11.25 ], "texture": "#tuna" },
				"up": { "uv": [ 0, 11.125, 6.5, 11 ], "texture": "#tuna" },
				"north": { "uv": [ 6.5, 11.375, 0, 11.5 ], "texture": "#tuna" },
				"south": { "uv": [ 0, 11.25, 6.5, 11.375 ], "texture": "#tuna" },
				"west": { "uv": [ 9.625, 12, 9.75, 12.125 ], "texture": "#tuna" },
				"east": { "uv": [ 9.625, 12, 9.5, 12.125 ], "texture": "#tuna" }
			}
		},
		{
			"__comment": "Voxels",
			"from": [ -6.4, 7.4667, 4.8 ],
			"to": [ 18.66667, 8.000033, 5.866666 ],
			"faces": {
				"down": { "uv": [ 0, 14.5, 5.875, 14.75 ], "texture": "#tuna" },
				"up": { "uv": [ 0, 14.5, 5.875, 14.25 ], "texture": "#tuna" },
				"north": { "uv": [ 5.875, 10.375, 0, 10.5 ], "texture": "#tuna" },
				"south": { "uv": [ 0, 10.25, 5.875, 10.375 ], "texture": "#tuna" },
				"west": { "uv": [ 8, 12.125, 8.25, 12.25 ], "texture": "#tuna" },
				"east": { "uv": [ 8, 12.125, 7.75, 12.25 ], "texture": "#tuna" }
			}
		},
		{
			"__comment": "Voxels",
			"from": [ -5.8667, 7.4667, -1.6 ],
			"to": [ 19.19997, 8.000033, -1.066667 ],
			"faces": {
				"down": { "uv": [ 0, 9.875, 5.875, 10 ], "texture": "#tuna" },
				"up": { "uv": [ 0, 9.875, 5.875, 9.75 ], "texture": "#tuna" },
				"north": { "uv": [ 5.875, 10.125, 0, 10.25 ], "texture": "#tuna" },
				"south": { "uv": [ 0, 10, 5.875, 10.125 ], "texture": "#tuna" },
				"west": { "uv": [ 15.875, 15, 16, 15.125 ], "texture": "#tuna" },
				"east": { "uv": [ 16, 15.125, 15.875, 15.25 ], "texture": "#tuna" }
			}
		},
		{
			"__comment": "Voxels",
			"from": [ -5.8667, 7.4667, 5.8667 ],
			"to": [ 18.66664, 8.000033, 6.400033 ],
			"faces": {
				"down": { "uv": [ 0, 9.25, 5.75, 9.375 ], "texture": "#tuna" },
				"up": { "uv": [ 0, 9.25, 5.75, 9.125 ], "texture": "#tuna" },
				"north": { "uv": [ 5.75, 9, 0, 9.125 ], "texture": "#tuna" },
				"south": { "uv": [ 0, 8.875, 5.75, 9 ], "texture": "#tuna" },
				"west": { "uv": [ 15.875, 15.25, 16, 15.375 ], "texture": "#tuna" },
				"east": { "uv": [ 16, 15.375, 15.875, 15.5 ], "texture": "#tuna" }
			}
		},
		{
			"__comment": "Voxels",
			"from": [ -5.3333, 7.4667, -2.1333 ],
			"to": [ 19.20004, 8.000033, -1.599967 ],
			"faces": {
				"down": { "uv": [ 0, 8.75, 5.75, 8.875 ], "texture": "#tuna" },
				"up": { "uv": [ 0, 9.75, 5.75, 9.625 ], "texture": "#tuna" },
				"north": { "uv": [ 5.75, 9.5, 0, 9.625 ], "texture": "#tuna" },
				"south": { "uv": [ 0, 9.375, 5.75, 9.5 ], "texture": "#tuna" },
				"west": { "uv": [ 5.75, 8.875, 5.875, 9 ], "texture": "#tuna" },
				"east": { "uv": [ 5.875, 9, 5.75, 9.125 ], "texture": "#tuna" }
			}
		},
		{
			"__comment": "Voxels",
			"from": [ -5.3333, 7.4667, 3.7333 ],
			"to": [ 21.33337, 8.000033, 4.266634 ],
			"faces": {
				"down": { "uv": [ 0, 10.625, 6.25, 10.75 ], "texture": "#tuna" },
				"up": { "uv": [ 0, 10.875, 6.25, 10.75 ], "texture": "#tuna" },
				"north": { "uv": [ 6.25, 10.875, 0, 11 ], "texture": "#tuna" },
				"south": { "uv": [ 0, 10.5, 6.25, 10.625 ], "texture": "#tuna" },
				"west": { "uv": [ 5.75, 9.125, 5.875, 9.25 ], "texture": "#tuna" },
				"east": { "uv": [ 5.875, 9.25, 5.75, 9.375 ], "texture": "#tuna" }
			}
		},
		{
			"__comment": "Voxels",
			"from": [ -4.8, 7.4667, -3.2 ],
			"to": [ 19.2, 8.000033, -2.133333 ],
			"faces": {
				"down": { "uv": [ 0, 13.75, 5.625, 14 ], "texture": "#tuna" },
				"up": { "uv": [ 0, 14.25, 5.625, 14 ], "texture": "#tuna" },
				"north": { "uv": [ 5.625, 8.625, 0, 8.75 ], "texture": "#tuna" },
				"south": { "uv": [ 0, 8.5, 5.625, 8.625 ], "texture": "#tuna" },
				"west": { "uv": [ 9.625, 12.25, 9.875, 12.375 ], "texture": "#tuna" },
				"east": { "uv": [ 7.75, 8, 7.5, 8.125 ], "texture": "#tuna" }
			}
		},
		{
			"__comment": "Voxels",
			"from": [ -4.8, 7.4667, 6.4 ],
			"to": [ 18.66667, 8.000033, 6.933333 ],
			"faces": {
				"down": { "uv": [ 0, 8.125, 5.5, 8.25 ], "texture": "#tuna" },
				"up": { "uv": [ 0, 8.375, 5.5, 8.25 ], "texture": "#tuna" },
				"north": { "uv": [ 5.5, 8.375, 0, 8.5 ], "texture": "#tuna" },
				"south": { "uv": [ 0, 8, 5.5, 8.125 ], "texture": "#tuna" },
				"west": { "uv": [ 5.75, 9.625, 5.875, 9.75 ], "texture": "#tuna" },
				"east": { "uv": [ 7.75, 10.125, 7.625, 10.25 ], "texture": "#tuna" }
			}
		},
		{
			"__comment": "Voxels",
			"from": [ -3.7333, 7.4667, -3.7333 ],
			"to": [ 17.60003, 8.000033, -3.199967 ],
			"faces": {
				"down": { "uv": [ 7.75, 15.875, 12.75, 16 ], "texture": "#tuna" },
				"up": { "uv": [ 7.75, 15.875, 12.75, 15.75 ], "texture": "#tuna" },
				"north": { "uv": [ 12.75, 15.5, 7.75, 15.625 ], "texture": "#tuna" },
				"south": { "uv": [ 7.75, 15.625, 12.75, 15.75 ], "texture": "#tuna" },
				"west": { "uv": [ 7.625, 11.75, 7.75, 11.875 ], "texture": "#tuna" },
				"east": { "uv": [ 7.75, 11.875, 7.625, 12 ], "texture": "#tuna" }
			}
		},
		{
			"__comment": "Voxels",
			"from": [ -3.7333, 7.4667, 6.9333 ],
			"to": [ 16.00003, 8.000033, 7.466633 ],
			"faces": {
				"down": { "uv": [ 7.75, 15.25, 12.375, 15.375 ], "texture": "#tuna" },
				"up": { "uv": [ 7.75, 15.5, 12.375, 15.375 ], "texture": "#tuna" },
				"north": { "uv": [ 12.375, 15.125, 7.75, 15.25 ], "texture": "#tuna" },
				"south": { "uv": [ 7.75, 15, 12.375, 15.125 ], "texture": "#tuna" },
				"west": { "uv": [ 7.625, 12.5, 7.75, 12.625 ], "texture": "#tuna" },
				"east": { "uv": [ 7.75, 12.625, 7.625, 12.75 ], "texture": "#tuna" }
			}
		},
		{
			"__comment": "Voxels",
			"from": [ -2.6667, 7.4667, 7.4667 ],
			"to": [ 15.99997, 8.000033, 8.000033 ],
			"faces": {
				"down": { "uv": [ 7.75, 14.75, 12.125, 14.875 ], "texture": "#tuna" },
				"up": { "uv": [ 7.75, 14.75, 12.125, 14.625 ], "texture": "#tuna" },
				"north": { "uv": [ 12.125, 14.5, 7.75, 14.625 ], "texture": "#tuna" },
				"south": { "uv": [ 7.75, 14.875, 12.125, 15 ], "texture": "#tuna" },
				"west": { "uv": [ 7.625, 13, 7.75, 13.125 ], "texture": "#tuna" },
				"east": { "uv": [ 7.75, 13.125, 7.625, 13.25 ], "texture": "#tuna" }
			}
		},
		{
			"__comment": "Voxels",
			"from": [ -2.1333, 7.4667, -4.2667 ],
			"to": [ 14.40003, 8.000033, -3.733366 ],
			"faces": {
				"down": { "uv": [ 12.125, 14.75, 16, 14.875 ], "texture": "#tuna" },
				"up": { "uv": [ 12.125, 14.625, 16, 14.5 ], "texture": "#tuna" },
				"north": { "uv": [ 16, 14.625, 12.125, 14.75 ], "texture": "#tuna" },
				"south": { "uv": [ 12.125, 14.875, 16, 15 ], "texture": "#tuna" },
				"west": { "uv": [ 7.625, 13.25, 7.75, 13.375 ], "texture": "#tuna" },
				"east": { "uv": [ 7.75, 13.375, 7.625, 13.5 ], "texture": "#tuna" }
			}
		},
		{
			"__comment": "Voxels",
			"from": [ -1.0667, 7.4667, -4.8 ],
			"to": [ 13.86663, 8.000033, -4.266666 ],
			"faces": {
				"down": { "uv": [ 12.375, 15.25, 15.875, 15.375 ], "texture": "#tuna" },
				"up": { "uv": [ 12.375, 15.25, 15.875, 15.125 ], "texture": "#tuna" },
				"north": { "uv": [ 15.875, 15.375, 12.375, 15.5 ], "texture": "#tuna" },
				"south": { "uv": [ 12.375, 15, 15.875, 15.125 ], "texture": "#tuna" },
				"west": { "uv": [ 9.25, 11.625, 9.375, 11.75 ], "texture": "#tuna" },
				"east": { "uv": [ 9, 11.625, 8.875, 11.75 ], "texture": "#tuna" }
			}
		},
		{
			"__comment": "Voxels",
			"from": [ -1.0667, 7.4667, 8 ],
			"to": [ 16.5333, 8.000033, 8.533334 ],
			"faces": {
				"down": { "uv": [ 11.875, 14.375, 16, 14.5 ], "texture": "#tuna" },
				"up": { "uv": [ 11.875, 14.375, 16, 14.25 ], "texture": "#tuna" },
				"north": { "uv": [ 11.875, 14.375, 7.75, 14.5 ], "texture": "#tuna" },
				"south": { "uv": [ 7.75, 14.25, 11.875, 14.375 ], "texture": "#tuna" },
				"west": { "uv": [ 8.75, 11.625, 8.875, 11.75 ], "texture": "#tuna" },
				"east": { "uv": [ 8.75, 11.625, 8.625, 11.75 ], "texture": "#tuna" }
			}
		},
		{
			"__comment": "Voxels",
			"from": [ -0.5333, 7.4667, -5.3333 ],
			"to": [ 13.33337, 8.000033, -4.799966 ],
			"faces": {
				"down": { "uv": [ 12.75, 15.5, 16, 15.625 ], "texture": "#tuna" },
				"up": { "uv": [ 12.75, 15.875, 16, 15.75 ], "texture": "#tuna" },
				"north": { "uv": [ 16, 15.875, 12.75, 16 ], "texture": "#tuna" },
				"south": { "uv": [ 12.75, 15.625, 16, 15.75 ], "texture": "#tuna" },
				"west": { "uv": [ 8, 11.625, 8.125, 11.75 ], "texture": "#tuna" },
				"east": { "uv": [ 10.25, 12.25, 10.125, 12.375 ], "texture": "#tuna" }
			}
		},
		{
			"__comment": "Voxels",
			"from": [ 0, 7.4667, -5.8667 ],
			"to": [ 12.8, 8.000033, -5.333366 ],
			"faces": {
				"down": { "uv": [ 7.75, 14, 10.75, 14.125 ], "texture": "#tuna" },
				"up": { "uv": [ 10.75, 14.125, 13.75, 14 ], "texture": "#tuna" },
				"north": { "uv": [ 13.75, 14.125, 10.75, 14.25 ], "texture": "#tuna" },
				"south": { "uv": [ 7.75, 14.125, 10.75, 14.25 ], "texture": "#tuna" },
				"west": { "uv": [ 7.75, 11.625, 7.875, 11.75 ], "texture": "#tuna" },
				"east": { "uv": [ 8.5, 11.75, 8.375, 11.875 ], "texture": "#tuna" }
			}
		},
		{
			"__comment": "Voxels",
			"from": [ 0.5333, 7.4667, -6.4 ],
			"to": [ 12.26663, 8.000033, -5.866666 ],
			"faces": {
				"down": { "uv": [ 13.25, 13.875, 16, 14 ], "texture": "#tuna" },
				"up": { "uv": [ 7.75, 14, 10.5, 13.875 ], "texture": "#tuna" },
				"north": { "uv": [ 10.5, 13.75, 7.75, 13.875 ], "texture": "#tuna" },
				"south": { "uv": [ 10.5, 13.875, 13.25, 14 ], "texture": "#tuna" },
				"west": { "uv": [ 10.125, 11.875, 10.25, 12 ], "texture": "#tuna" },
				"east": { "uv": [ 9.625, 11.875, 9.5, 12 ], "texture": "#tuna" }
			}
		},
		{
			"__comment": "Voxels",
			"from": [ 1.0667, 7.4667, -7.4667 ],
			"to": [ 9.600034, 8.000033, -6.400033 ],
			"faces": {
				"down": { "uv": [ 5.625, 13.75, 7.625, 14 ], "texture": "#tuna" },
				"up": { "uv": [ 5.625, 14.25, 7.625, 14 ], "texture": "#tuna" },
				"north": { "uv": [ 15.75, 14.125, 13.75, 14.25 ], "texture": "#tuna" },
				"south": { "uv": [ 13.75, 14, 15.75, 14.125 ], "texture": "#tuna" },
				"west": { "uv": [ 8.75, 12.125, 9, 12.25 ], "texture": "#tuna" },
				"east": { "uv": [ 8.75, 12.125, 8.5, 12.25 ], "texture": "#tuna" }
			}
		},
		{
			"__comment": "Voxels",
			"from": [ 1.0667, 7.4667, 8.533299 ],
			"to": [ 11.73337, 8.000033, 9.066633 ],
			"faces": {
				"down": { "uv": [ 10.5, 13.75, 13, 13.875 ], "texture": "#tuna" },
				"up": { "uv": [ 13, 13.875, 15.5, 13.75 ], "texture": "#tuna" },
				"north": { "uv": [ 10.25, 13.625, 7.75, 13.75 ], "texture": "#tuna" },
				"south": { "uv": [ 7.75, 13.5, 10.25, 13.625 ], "texture": "#tuna" },
				"west": { "uv": [ 9.75, 11.875, 9.875, 12 ], "texture": "#tuna" },
				"east": { "uv": [ 7.75, 9.625, 7.625, 9.75 ], "texture": "#tuna" }
			}
		},
		{
			"__comment": "Voxels",
			"from": [ 1.6, 7.4667, -8.533299 ],
			"to": [ 7.466667, 8.000033, -7.466633 ],
			"faces": {
				"down": { "uv": [ 5.875, 14.5, 7.25, 14.75 ], "texture": "#tuna" },
				"up": { "uv": [ 5.875, 14.5, 7.25, 14.25 ], "texture": "#tuna" },
				"north": { "uv": [ 7.625, 10.875, 6.25, 11 ], "texture": "#tuna" },
				"south": { "uv": [ 6.25, 10.75, 7.625, 10.875 ], "texture": "#tuna" },
				"west": { "uv": [ 7.5, 8.125, 7.75, 8.25 ], "texture": "#tuna" },
				"east": { "uv": [ 10.125, 12.25, 9.875, 12.375 ], "texture": "#tuna" }
			}
		},
		{
			"__comment": "Voxels",
			"from": [ 2.1333, 7.4667, -9.0667 ],
			"to": [ 6.9333, 8.000033, -8.533366 ],
			"faces": {
				"down": { "uv": [ 6.625, 12.375, 7.75, 12.5 ], "texture": "#tuna" },
				"up": { "uv": [ 6.625, 12.375, 7.75, 12.25 ], "texture": "#tuna" },
				"north": { "uv": [ 7.75, 12.125, 6.625, 12.25 ], "texture": "#tuna" },
				"south": { "uv": [ 6.625, 12, 7.75, 12.125 ], "texture": "#tuna" },
				"west": { "uv": [ 7.625, 10.75, 7.75, 10.875 ], "texture": "#tuna" },
				"east": { "uv": [ 7.75, 10.875, 7.625, 11 ], "texture": "#tuna" }
			}
		},
		{
			"__comment": "Voxels",
			"from": [ 2.1333, 7.4667, 9.0667 ],
			"to": [ 10.66663, 8.000033, 9.600034 ],
			"faces": {
				"down": { "uv": [ 7.75, 13.375, 9.75, 13.5 ], "texture": "#tuna" },
				"up": { "uv": [ 7.75, 13.375, 9.75, 13.25 ], "texture": "#tuna" },
				"north": { "uv": [ 9.75, 13.125, 7.75, 13.25 ], "texture": "#tuna" },
				"south": { "uv": [ 7.75, 13, 9.75, 13.125 ], "texture": "#tuna" },
				"west": { "uv": [ 8.875, 11.75, 9, 11.875 ], "texture": "#tuna" },
				"east": { "uv": [ 8.875, 11.75, 8.75, 11.875 ], "texture": "#tuna" }
			}
		},
		{
			"__comment": "Voxels",
			"from": [ 2.1333, 7.4667, 9.599999 ],
			"to": [ 5.866633, 8.000033, 10.13333 ],
			"faces": {
				"down": { "uv": [ 5.875, 10.125, 6.75, 10.25 ], "texture": "#tuna" },
				"up": { "uv": [ 6.5, 11.5, 7.375, 11.375 ], "texture": "#tuna" },
				"north": { "uv": [ 7.375, 11.25, 6.5, 11.375 ], "texture": "#tuna" },
				"south": { "uv": [ 6.5, 11.125, 7.375, 11.25 ], "texture": "#tuna" },
				"west": { "uv": [ 9.875, 11.625, 10, 11.75 ], "texture": "#tuna" },
				"east": { "uv": [ 9.25, 11.875, 9.125, 12 ], "texture": "#tuna" }
			}
		},
		{
			"__comment": "Voxels",
			"from": [ 2.6667, 7.4667, -9.599999 ],
			"to": [ 6.400033, 8.000033, -9.066666 ],
			"faces": {
				"down": { "uv": [ 6.25, 10.625, 7.125, 10.75 ], "texture": "#tuna" },
				"up": { "uv": [ 6.25, 10.625, 7.125, 10.5 ], "texture": "#tuna" },
				"north": { "uv": [ 6.75, 10.375, 5.875, 10.5 ], "texture": "#tuna" },
				"south": { "uv": [ 6.75, 10.375, 7.625, 10.5 ], "texture": "#tuna" },
				"west": { "uv": [ 9, 11.875, 9.125, 12 ], "texture": "#tuna" },
				"east": { "uv": [ 10, 12, 9.875, 12.125 ], "texture": "#tuna" }
			}
		},
		{
			"__comment": "Voxels",
			"from": [ 2.6667, 7.4667, 10.1333 ],
			"to": [ 5.8667, 8.000033, 10.66663 ],
			"faces": {
				"down": { "uv": [ 6.375, 9.125, 7.125, 9.25 ], "texture": "#tuna" },
				"up": { "uv": [ 6.375, 9.125, 7.125, 9 ], "texture": "#tuna" },
				"north": { "uv": [ 7.375, 9.875, 6.625, 10 ], "texture": "#tuna" },
				"south": { "uv": [ 6.375, 9.25, 7.125, 9.375 ], "texture": "#tuna" },
				"west": { "uv": [ 9.25, 11.875, 9.375, 12 ], "texture": "#tuna" },
				"east": { "uv": [ 8.375, 11.75, 8.25, 11.875 ], "texture": "#tuna" }
			}
		},
		{
			"__comment": "Voxels",
			"from": [ 3.2, 7.4667, -10.6667 ],
			"to": [ 5.333333, 8.000033, -9.600033 ],
			"faces": {
				"down": { "uv": [ 7.25, 14.25, 7.75, 14.5 ], "texture": "#tuna" },
				"up": { "uv": [ 7.25, 14.75, 7.75, 14.5 ], "texture": "#tuna" },
				"north": { "uv": [ 10.25, 13, 9.75, 13.125 ], "texture": "#tuna" },
				"south": { "uv": [ 7.75, 12.875, 8.25, 13 ], "texture": "#tuna" },
				"west": { "uv": [ 5.625, 8.625, 5.875, 8.75 ], "texture": "#tuna" },
				"east": { "uv": [ 5.875, 8.5, 5.625, 8.625 ], "texture": "#tuna" }
			}
		},
		{
			"__comment": "Voxels",
			"from": [ 3.2, 7.4667, 10.6667 ],
			"to": [ 5.866667, 8.000033, 11.20003 ],
			"faces": {
				"down": { "uv": [ 7.125, 10.625, 7.75, 10.75 ], "texture": "#tuna" },
				"up": { "uv": [ 6.375, 8.5, 7, 8.375 ], "texture": "#tuna" },
				"north": { "uv": [ 7, 8.5, 6.375, 8.625 ], "texture": "#tuna" },
				"south": { "uv": [ 6.375, 8.875, 7, 9 ], "texture": "#tuna" },
				"west": { "uv": [ 7.625, 9.5, 7.75, 9.625 ], "texture": "#tuna" },
				"east": { "uv": [ 9.875, 12, 9.75, 12.125 ], "texture": "#tuna" }
			}
		},
		{
			"__comment": "Voxels",
			"from": [ 3.7333, 7.4667, -11.2 ],
			"to": [ 5.3333, 8.000033, -10.66667 ],
			"faces": {
				"down": { "uv": [ 5.5, 8.125, 5.875, 8.25 ], "texture": "#tuna" },
				"up": { "uv": [ 5.5, 8.125, 5.875, 8 ], "texture": "#tuna" },
				"north": { "uv": [ 10.125, 12.625, 9.75, 12.75 ], "texture": "#tuna" },
				"south": { "uv": [ 8.125, 12.5, 8.5, 12.625 ], "texture": "#tuna" },
				"west": { "uv": [ 9.375, 11.875, 9.5, 12 ], "texture": "#tuna" },
				"east": { "uv": [ 9.75, 11.875, 9.625, 12 ], "texture": "#tuna" }
			}
		},
		{
			"__comment": "Voxels",
			"from": [ 3.7333, 7.4667, 11.2 ],
			"to": [ 5.866633, 8.000033, 11.73333 ],
			"faces": {
				"down": { "uv": [ 7, 8.625, 7.5, 8.75 ], "texture": "#tuna" },
				"up": { "uv": [ 5.875, 8.375, 6.375, 8.25 ], "texture": "#tuna" },
				"north": { "uv": [ 6.375, 8.375, 5.875, 8.5 ], "texture": "#tuna" },
				"south": { "uv": [ 8.25, 12.75, 8.75, 12.875 ], "texture": "#tuna" },
				"west": { "uv": [ 8, 11.75, 8.125, 11.875 ], "texture": "#tuna" },
				"east": { "uv": [ 8.25, 11.75, 8.125, 11.875 ], "texture": "#tuna" }
			}
		},
		{
			"__comment": "Voxels",
			"from": [ 4.2667, 7.4667, 11.7333 ],
			"to": [ 5.8667, 8.000033, 12.26663 ],
			"faces": {
				"down": { "uv": [ 8.5, 12.5, 8.875, 12.625 ], "texture": "#tuna" },
				"up": { "uv": [ 8.875, 12.625, 9.25, 12.5 ], "texture": "#tuna" },
				"north": { "uv": [ 9.625, 12.5, 9.25, 12.625 ], "texture": "#tuna" },
				"south": { "uv": [ 9.625, 12.5, 10, 12.625 ], "texture": "#tuna" },
				"west": { "uv": [ 9, 11.75, 9.125, 11.875 ], "texture": "#tuna" },
				"east": { "uv": [ 9.25, 11.75, 9.125, 11.875 ], "texture": "#tuna" }
			}
		},
		{
			"__comment": "Voxels",
			"from": [ 5.3333, 7.4667, -10.1333 ],
			"to": [ 5.866633, 8.000033, -9.599966 ],
			"faces": {
				"down": { "uv": [ 9.5, 11.75, 9.625, 11.875 ], "texture": "#tuna" },
				"up": { "uv": [ 9.625, 11.875, 9.75, 11.75 ], "texture": "#tuna" },
				"north": { "uv": [ 9.875, 11.75, 9.75, 11.875 ], "texture": "#tuna" },
				"south": { "uv": [ 9.875, 11.75, 10, 11.875 ], "texture": "#tuna" },
				"west": { "uv": [ 9.25, 12, 9.375, 12.125 ], "texture": "#tuna" },
				"east": { "uv": [ 9.5, 12, 9.375, 12.125 ], "texture": "#tuna" }
			}
		},
		{
			"__comment": "Voxels",
			"from": [ 7.4667, 7.4667, -8 ],
			"to": [ 8.533366, 8.000033, -7.466667 ],
			"faces": {
				"down": { "uv": [ 7.5, 8.625, 7.75, 8.75 ], "texture": "#tuna" },
				"up": { "uv": [ 8.25, 12.25, 8.5, 12.125 ], "texture": "#tuna" },
				"north": { "uv": [ 7.75, 8.375, 7.5, 8.5 ], "texture": "#tuna" },
				"south": { "uv": [ 7.5, 8.25, 7.75, 8.375 ], "texture": "#tuna" },
				"west": { "uv": [ 9.875, 11.875, 10, 12 ], "texture": "#tuna" },
				"east": { "uv": [ 10.125, 11.875, 10, 12 ], "texture": "#tuna" }
			}
		},
		{
			"__comment": "Voxels",
			"from": [ 9.599999, 7.4667, -6.9333 ],
			"to": [ 10.66667, 8.000033, -6.399967 ],
			"faces": {
				"down": { "uv": [ 15.75, 14.125, 16, 14.25 ], "texture": "#tuna" },
				"up": { "uv": [ 15.75, 14.125, 16, 14 ], "texture": "#tuna" },
				"north": { "uv": [ 10.25, 12.5, 10, 12.625 ], "texture": "#tuna" },
				"south": { "uv": [ 10, 12.375, 10.25, 12.5 ], "texture": "#tuna" },
				"west": { "uv": [ 7.75, 11.75, 7.875, 11.875 ], "texture": "#tuna" },
				"east": { "uv": [ 8, 11.75, 7.875, 11.875 ], "texture": "#tuna" }
			}
		},
		{
			"__comment": "Voxels",
			"from": [ 12.8, 7.4667, 8.533299 ],
			"to": [ 17.06667, 8.000033, 9.066633 ],
			"faces": {
				"down": { "uv": [ 6.625, 11.5, 7.625, 11.625 ], "texture": "#tuna" },
				"up": { "uv": [ 6.625, 11.75, 7.625, 11.625 ], "texture": "#tuna" },
				"north": { "uv": [ 7.625, 11.875, 6.625, 12 ], "texture": "#tuna" },
				"south": { "uv": [ 6.625, 11.75, 7.625, 11.875 ], "texture": "#tuna" },
				"west": { "uv": [ 8.125, 11.625, 8.25, 11.75 ], "texture": "#tuna" },
				"east": { "uv": [ 8.625, 11.625, 8.5, 11.75 ], "texture": "#tuna" }
			}
		},
		{
			"__comment": "Voxels",
			"from": [ 13.3333, 7.4667, 9.0667 ],
			"to": [ 17.06663, 8.000033, 9.600034 ],
			"faces": {
				"down": { "uv": [ 6.75, 10.25, 7.625, 10.375 ], "texture": "#tuna" },
				"up": { "uv": [ 5.875, 10.375, 6.75, 10.25 ], "texture": "#tuna" },
				"north": { "uv": [ 7.375, 11, 6.5, 11.125 ], "texture": "#tuna" },
				"south": { "uv": [ 6.75, 10.125, 7.625, 10.25 ], "texture": "#tuna" },
				"west": { "uv": [ 9.375, 11.625, 9.5, 11.75 ], "texture": "#tuna" },
				"east": { "uv": [ 9.875, 11.625, 9.75, 11.75 ], "texture": "#tuna" }
			}
		},
		{
			"__comment": "Voxels",
			"from": [ 14.9333, 7.4667, -4.2667 ],
			"to": [ 18.1333, 8.000033, -3.733366 ],
			"faces": {
				"down": { "uv": [ 5.875, 9.875, 6.625, 10 ], "texture": "#tuna" },
				"up": { "uv": [ 6.625, 10.125, 7.375, 10 ], "texture": "#tuna" },
				"north": { "uv": [ 6.625, 10, 5.875, 10.125 ], "texture": "#tuna" },
				"south": { "uv": [ 6.375, 9.375, 7.125, 9.5 ], "texture": "#tuna" },
				"west": { "uv": [ 7.625, 12.875, 7.75, 13 ], "texture": "#tuna" },
				"east": { "uv": [ 7.75, 12.75, 7.625, 12.875 ], "texture": "#tuna" }
			}
		},
		{
			"__comment": "Voxels",
			"from": [ 14.9333, 7.4667, 9.599999 ],
			"to": [ 17.06663, 8.000033, 10.13333 ],
			"faces": {
				"down": { "uv": [ 7, 8, 7.5, 8.125 ], "texture": "#tuna" },
				"up": { "uv": [ 8.25, 13, 8.75, 12.875 ], "texture": "#tuna" },
				"north": { "uv": [ 9.75, 12.875, 9.25, 13 ], "texture": "#tuna" },
				"south": { "uv": [ 8.75, 12.75, 9.25, 12.875 ], "texture": "#tuna" },
				"west": { "uv": [ 7.625, 11.625, 7.75, 11.75 ], "texture": "#tuna" },
				"east": { "uv": [ 7.75, 11.5, 7.625, 11.625 ], "texture": "#tuna" }
			}
		},
		{
			"__comment": "Voxels",
			"from": [ 16.5333, 7.4667, -4.8 ],
			"to": [ 18.1333, 8.000033, -4.266666 ],
			"faces": {
				"down": { "uv": [ 7.75, 12.375, 8.125, 12.5 ], "texture": "#tuna" },
				"up": { "uv": [ 8.125, 12.5, 8.5, 12.375 ], "texture": "#tuna" },
				"north": { "uv": [ 8.875, 12.375, 8.5, 12.5 ], "texture": "#tuna" },
				"south": { "uv": [ 7.375, 11.375, 7.75, 11.5 ], "texture": "#tuna" },
				"west": { "uv": [ 7.625, 10.375, 7.75, 10.5 ], "texture": "#tuna" },
				"east": { "uv": [ 7.75, 10.25, 7.625, 10.375 ], "texture": "#tuna" }
			}
		},
		{
			"__comment": "Voxels",
			"from": [ 16.5333, 7.4667, 6.9333 ],
			"to": [ 18.66663, 8.000033, 7.466633 ],
			"faces": {
				"down": { "uv": [ 5.875, 8.5, 6.375, 8.625 ], "texture": "#tuna" },
				"up": { "uv": [ 7, 8.625, 7.5, 8.5 ], "texture": "#tuna" },
				"north": { "uv": [ 6.375, 8.125, 5.875, 8.25 ], "texture": "#tuna" },
				"south": { "uv": [ 15.5, 13.75, 16, 13.875 ], "texture": "#tuna" },
				"west": { "uv": [ 5.75, 9.5, 5.875, 9.625 ], "texture": "#tuna" },
				"east": { "uv": [ 5.875, 9.375, 5.75, 9.5 ], "texture": "#tuna" }
			}
		},
		{
			"__comment": "Voxels",
			"from": [ 19.2, 7.4667, 4.8 ],
			"to": [ 21.33333, 8.000033, 5.333333 ],
			"faces": {
				"down": { "uv": [ 5.875, 8, 6.375, 8.125 ], "texture": "#tuna" },
				"up": { "uv": [ 7, 8.5, 7.5, 8.375 ], "texture": "#tuna" },
				"north": { "uv": [ 7.5, 8.25, 7, 8.375 ], "texture": "#tuna" },
				"south": { "uv": [ 7, 8.125, 7.5, 8.25 ], "texture": "#tuna" },
				"west": { "uv": [ 5.75, 8.75, 5.875, 8.875 ], "texture": "#tuna" },
				"east": { "uv": [ 7.75, 9.75, 7.625, 9.875 ], "texture": "#tuna" }
			}
		},
		{
			"__comment": "Voxels",
			"from": [ 20.2667, 7.4667, -1.6 ],
			"to": [ 21.8667, 8.000033, -1.066667 ],
			"faces": {
				"down": { "uv": [ 7.375, 11.25, 7.75, 11.375 ], "texture": "#tuna" },
				"up": { "uv": [ 7.375, 11.25, 7.75, 11.125 ], "texture": "#tuna" },
				"north": { "uv": [ 7.75, 11, 7.375, 11.125 ], "texture": "#tuna" },
				"south": { "uv": [ 7.375, 10, 7.75, 10.125 ], "texture": "#tuna" },
				"west": { "uv": [ 7.625, 8.875, 7.75, 9 ], "texture": "#tuna" },
				"east": { "uv": [ 7.75, 8.75, 7.625, 8.875 ], "texture": "#tuna" }
			}
		},
		{
			"__comment": "Voxels",
			"from": [ 22.4, 7.4667, -1.0667 ],
			"to": [ 25.06667, 8.000033, -0.5333666 ],
			"faces": {
				"down": { "uv": [ 6.375, 8.25, 7, 8.375 ], "texture": "#tuna" },
				"up": { "uv": [ 6.375, 8.125, 7, 8 ], "texture": "#tuna" },
				"north": { "uv": [ 7.75, 10.5, 7.125, 10.625 ], "texture": "#tuna" },
				"south": { "uv": [ 7.125, 9.375, 7.75, 9.5 ], "texture": "#tuna" },
				"west": { "uv": [ 10.125, 12.625, 10.25, 12.75 ], "texture": "#tuna" },
				"east": { "uv": [ 8, 11.625, 7.875, 11.75 ], "texture": "#tuna" }
			}
		},
		{
			"__comment": "Voxels",
			"from": [ 22.4, 7.4667, 3.2 ],
			"to": [ 25.06667, 8.000033, 4.8 ],
			"faces": {
				"down": { "uv": [ 5.875, 9.5, 6.5, 9.875 ], "texture": "#tuna" },
				"up": { "uv": [ 6.5, 9.875, 7.125, 9.5 ], "texture": "#tuna" },
				"north": { "uv": [ 7.75, 9.25, 7.125, 9.375 ], "texture": "#tuna" },
				"south": { "uv": [ 7.125, 9.125, 7.75, 9.25 ], "texture": "#tuna" },
				"west": { "uv": [ 7.375, 9.875, 7.75, 10 ], "texture": "#tuna" },
				"east": { "uv": [ 5.875, 8.375, 5.5, 8.5 ], "texture": "#tuna" }
			}
		},
		{
			"__comment": "Voxels",
			"from": [ 22.9333, 7.4667, -2.1333 ],
			"to": [ 25.59997, 8.000033, -1.599967 ],
			"faces": {
				"down": { "uv": [ 7, 8.875, 7.625, 9 ], "texture": "#tuna" },
				"up": { "uv": [ 6.375, 8.875, 7, 8.75 ], "texture": "#tuna" },
				"north": { "uv": [ 7.75, 9, 7.125, 9.125 ], "texture": "#tuna" },
				"south": { "uv": [ 7, 8.75, 7.625, 8.875 ], "texture": "#tuna" },
				"west": { "uv": [ 8, 11.875, 8.125, 12 ], "texture": "#tuna" },
				"east": { "uv": [ 8.25, 11.875, 8.125, 12 ], "texture": "#tuna" }
			}
		},
		{
			"__comment": "Voxels",
			"from": [ 22.9333, 7.4667, -1.6 ],
			"to": [ 25.06663, 8.000033, -1.066667 ],
			"faces": {
				"down": { "uv": [ 8.75, 12.875, 9.25, 13 ], "texture": "#tuna" },
				"up": { "uv": [ 9.75, 13.5, 10.25, 13.375 ], "texture": "#tuna" },
				"north": { "uv": [ 10.25, 13.25, 9.75, 13.375 ], "texture": "#tuna" },
				"south": { "uv": [ 9.75, 13.125, 10.25, 13.25 ], "texture": "#tuna" },
				"west": { "uv": [ 8.75, 11.875, 8.875, 12 ], "texture": "#tuna" },
				"east": { "uv": [ 9, 11.875, 8.875, 12 ], "texture": "#tuna" }
			}
		},
		{
			"__comment": "Voxels",
			"from": [ 22.9333, 7.4667, 4.8 ],
			"to": [ 25.06663, 8.000033, 6.4 ],
			"faces": {
				"down": { "uv": [ 7.125, 9.5, 7.625, 9.875 ], "texture": "#tuna" },
				"up": { "uv": [ 5.875, 9.5, 6.375, 9.125 ], "texture": "#tuna" },
				"north": { "uv": [ 10.25, 12.875, 9.75, 13 ], "texture": "#tuna" },
				"south": { "uv": [ 7.75, 12.75, 8.25, 12.875 ], "texture": "#tuna" },
				"west": { "uv": [ 5.5, 8.25, 5.875, 8.375 ], "texture": "#tuna" },
				"east": { "uv": [ 8.125, 12.5, 7.75, 12.625 ], "texture": "#tuna" }
			}
		},
		{
			"__comment": "Voxels",
			"from": [ 23.4667, 7.4667, -3.2 ],
			"to": [ 25.60003, 8.000033, -2.133333 ],
			"faces": {
				"down": { "uv": [ 5.875, 8.875, 6.375, 9.125 ], "texture": "#tuna" },
				"up": { "uv": [ 5.875, 8.875, 6.375, 8.625 ], "texture": "#tuna" },
				"north": { "uv": [ 9.75, 12.75, 9.25, 12.875 ], "texture": "#tuna" },
				"south": { "uv": [ 9.75, 12.75, 10.25, 12.875 ], "texture": "#tuna" },
				"west": { "uv": [ 9, 12.125, 9.25, 12.25 ], "texture": "#tuna" },
				"east": { "uv": [ 9.5, 12.125, 9.25, 12.25 ], "texture": "#tuna" }
			}
		},
		{
			"__comment": "Voxels",
			"from": [ 23.4667, 7.4667, 6.4 ],
			"to": [ 25.60003, 8.000033, 6.933333 ],
			"faces": {
				"down": { "uv": [ 7.75, 12.625, 8.25, 12.75 ], "texture": "#tuna" },
				"up": { "uv": [ 8.25, 12.75, 8.75, 12.625 ], "texture": "#tuna" },
				"north": { "uv": [ 9.25, 12.625, 8.75, 12.75 ], "texture": "#tuna" },
				"south": { "uv": [ 9.25, 12.625, 9.75, 12.75 ], "texture": "#tuna" },
				"west": { "uv": [ 8.5, 11.75, 8.625, 11.875 ], "texture": "#tuna" },
				"east": { "uv": [ 8.75, 11.75, 8.625, 11.875 ], "texture": "#tuna" }
			}
		},
		{
			"__comment": "Voxels",
			"from": [ 24, 7.4667, -3.7333 ],
			"to": [ 25.6, 8.000033, -3.199967 ],
			"faces": {
				"down": { "uv": [ 8.875, 12.375, 9.25, 12.5 ], "texture": "#tuna" },
				"up": { "uv": [ 9.25, 12.5, 9.625, 12.375 ], "texture": "#tuna" },
				"north": { "uv": [ 10, 12.375, 9.625, 12.5 ], "texture": "#tuna" },
				"south": { "uv": [ 7.75, 12.25, 8.125, 12.375 ], "texture": "#tuna" },
				"west": { "uv": [ 9.25, 11.75, 9.375, 11.875 ], "texture": "#tuna" },
				"east": { "uv": [ 9.5, 11.75, 9.375, 11.875 ], "texture": "#tuna" }
			}
		},
		{
			"__comment": "Voxels",
			"from": [ 24, 7.4667, 6.9333 ],
			"to": [ 25.6, 8.000033, 7.466633 ],
			"faces": {
				"down": { "uv": [ 8.125, 12.25, 8.5, 12.375 ], "texture": "#tuna" },
				"up": { "uv": [ 8.5, 12.375, 8.875, 12.25 ], "texture": "#tuna" },
				"north": { "uv": [ 9.25, 12.25, 8.875, 12.375 ], "texture": "#tuna" },
				"south": { "uv": [ 9.25, 12.25, 9.625, 12.375 ], "texture": "#tuna" },
				"west": { "uv": [ 10, 11.75, 10.125, 11.875 ], "texture": "#tuna" },
				"east": { "uv": [ 10.25, 11.75, 10.125, 11.875 ], "texture": "#tuna" }
			}
		},
		{
			"__comment": "Voxels",
			"from": [ 24.5333, 7.4667, -4.2667 ],
			"to": [ 25.59997, 8.000033, -3.733366 ],
			"faces": {
				"down": { "uv": [ 9.75, 12.125, 10, 12.25 ], "texture": "#tuna" },
				"up": { "uv": [ 9.5, 12.25, 9.75, 12.125 ], "texture": "#tuna" },
				"north": { "uv": [ 10.25, 12.125, 10, 12.25 ], "texture": "#tuna" },
				"south": { "uv": [ 7.75, 12, 8, 12.125 ], "texture": "#tuna" },
				"west": { "uv": [ 8.25, 11.625, 8.375, 11.75 ], "texture": "#tuna" },
				"east": { "uv": [ 8.5, 11.625, 8.375, 11.75 ], "texture": "#tuna" }
			}
		},
		{
			"__comment": "Voxels",
			"from": [ 24.5333, 7.4667, 7.4667 ],
			"to": [ 25.59997, 8.000033, 8.000033 ],
			"faces": {
				"down": { "uv": [ 8, 12, 8.25, 12.125 ], "texture": "#tuna" },
				"up": { "uv": [ 8.25, 12.125, 8.5, 12 ], "texture": "#tuna" },
				"north": { "uv": [ 8.75, 12, 8.5, 12.125 ], "texture": "#tuna" },
				"south": { "uv": [ 8.75, 12, 9, 12.125 ], "texture": "#tuna" },
				"west": { "uv": [ 9, 11.625, 9.125, 11.75 ], "texture": "#tuna" },
				"east": { "uv": [ 9.25, 11.625, 9.125, 11.75 ], "texture": "#tuna" }
			}
		},
		{
			"__comment": "Voxels",
			"from": [ 25.0667, 7.4667, 5.3333 ],
			"to": [ 25.60003, 8.000033, 6.399966 ],
			"faces": {
				"down": { "uv": [ 7.625, 14, 7.75, 14.25 ], "texture": "#tuna" },
				"up": { "uv": [ 7.625, 14, 7.75, 13.75 ], "texture": "#tuna" },
				"north": { "uv": [ 9.625, 11.625, 9.5, 11.75 ], "texture": "#tuna" },
				"south": { "uv": [ 9.625, 11.625, 9.75, 11.75 ], "texture": "#tuna" },
				"west": { "uv": [ 9, 12, 9.25, 12.125 ], "texture": "#tuna" },
				"east": { "uv": [ 7.75, 8.5, 7.5, 8.625 ], "texture": "#tuna" }
			}
		}
	],
	"display": {
		"thirdperson_righthand": {
			"rotation":  [ 114, 16, 180 ],
			"translation":  [ 3.4782, 1.3913, 1.3913 ],
			"scale":  [ 0.5, 0.5, 0.5 ]
		},
		"thirdperson_lefthand": {
			"rotation":  [ 180, 14, -8 ],
			"translation":  [ 0.6959, 2.7826, -0.695 ]
		},
		"firstperson_righthand": {
			"rotation":  [ 103, -16, 0 ],
			"translation":  [ 0, 1.3913, 0 ],
			"scale":  [ 0.5, 0.55, 0.5 ]
		},
		"firstperson_lefthand": {
			"rotation":  [ 103, -19, 180 ],
			"translation":  [ -2.782, 2.0869, 0 ],
			"scale":  [ 0.5, 0.55, 0.5 ]
		},
		"gui": {
			"rotation":  [ 90, -44, 0 ],
			"translation":  [ -2.781, -1.39, 3.4782 ],
			"scale":  [ 0.5, 0.5, 0.5 ]
		},
		"head": {
			"rotation":  [ 90, -19, 11 ],
			"translation":  [ -2.086, 11.129, 3.4782 ]
		},
		"ground": {
			"rotation":  [ 59, 0, 0 ],
			"translation":  [ 0, 2.0869, 0 ]
		},
		"fixed": {
			"rotation":  [ -90, 180, 0 ],
			"translation":  [ -4.173, -16.68, -2.782 ],
			"scale":  [ 3, 3, 3 ]
		}
	}
}