{
	"__comment": "Designed by Moon with Cubik Studio - https://cubik.studio",
	"textures": {
		"particle": "item/etc/dell_drink",
		"texture": "item/etc/dell_drink",
		"voxels_palette": "item/etc/dell_drink"
	},
	"gui_light": "front",
	"elements": [ 	 
		{
			"__comment": "Voxels-D0E3F6",
			"from": [ 5, 7, 7 ],
			"to": [ 6, 8, 12 ],
			"faces": {
				"down": { "uv": [ 2.48, 0.4799995, 3.52, 1.52 ], "texture": "#voxels_palette" },
				"up": { "uv": [ 2.48, 0.4799995, 3.52, 1.52 ], "texture": "#voxels_palette" },
				"north": { "uv": [ 2.48, 0.4799995, 3.52, 1.52 ], "texture": "#voxels_palette" },
				"south": { "uv": [ 2.48, 0.4799995, 3.52, 1.52 ], "texture": "#voxels_palette" },
				"west": { "uv": [ 2.48, 0.4799995, 3.52, 1.52 ], "texture": "#voxels_palette" },
				"east": { "uv": [ 2.48, 0.4799995, 3.52, 1.52 ], "texture": "#voxels_palette" }
			}
		},
		{
			"__comment": "Voxels-ADCBEA",
			"from": [ 5, 7, 12 ],
			"to": [ 6, 8, 13 ],
			"faces": {
				"down": { "uv": [ 4.48, 0.4799995, 5.52, 1.52 ], "texture": "#voxels_palette" },
				"up": { "uv": [ 4.48, 0.4799995, 5.52, 1.52 ], "texture": "#voxels_palette" },
				"north": { "uv": [ 4.48, 0.4799995, 5.52, 1.52 ], "texture": "#voxels_palette" },
				"south": { "uv": [ 4.48, 0.4799995, 5.52, 1.52 ], "texture": "#voxels_palette" },
				"west": { "uv": [ 4.48, 0.4799995, 5.52, 1.52 ], "texture": "#voxels_palette" },
				"east": { "uv": [ 4.48, 0.4799995, 5.52, 1.52 ], "texture": "#voxels_palette" }
			}
		},
		{
			"__comment": "Voxels-5487BD",
			"from": [ 5, 7, 13 ],
			"to": [ 6, 8, 14 ],
			"faces": {
				"down": { "uv": [ 6.48, 0.4799995, 7.52, 1.52 ], "texture": "#voxels_palette" },
				"up": { "uv": [ 6.48, 0.4799995, 7.52, 1.52 ], "texture": "#voxels_palette" },
				"north": { "uv": [ 6.48, 0.4799995, 7.52, 1.52 ], "texture": "#voxels_palette" },
				"south": { "uv": [ 6.48, 0.4799995, 7.52, 1.52 ], "texture": "#voxels_palette" },
				"west": { "uv": [ 6.48, 0.4799995, 7.52, 1.52 ], "texture": "#voxels_palette" },
				"east": { "uv": [ 6.48, 0.4799995, 7.52, 1.52 ], "texture": "#voxels_palette" }
			}
		},
		{
			"__comment": "Voxels-D0E3F6",
			"from": [ 6, 7, 2 ],
			"to": [ 7, 8, 3 ],
			"faces": {
				"down": { "uv": [ 2.48, 0.4799995, 3.52, 1.52 ], "texture": "#voxels_palette" },
				"up": { "uv": [ 2.48, 0.4799995, 3.52, 1.52 ], "texture": "#voxels_palette" },
				"north": { "uv": [ 2.48, 0.4799995, 3.52, 1.52 ], "texture": "#voxels_palette" },
				"south": { "uv": [ 2.48, 0.4799995, 3.52, 1.52 ], "texture": "#voxels_palette" },
				"west": { "uv": [ 2.48, 0.4799995, 3.52, 1.52 ], "texture": "#voxels_palette" },
				"east": { "uv": [ 2.48, 0.4799995, 3.52, 1.52 ], "texture": "#voxels_palette" }
			}
		},
		{
			"__comment": "Voxels-ADCBEA",
			"from": [ 6, 7, 3 ],
			"to": [ 7, 8, 4 ],
			"faces": {
				"down": { "uv": [ 4.48, 0.4799995, 5.52, 1.52 ], "texture": "#voxels_palette" },
				"up": { "uv": [ 4.48, 0.4799995, 5.52, 1.52 ], "texture": "#voxels_palette" },
				"north": { "uv": [ 4.48, 0.4799995, 5.52, 1.52 ], "texture": "#voxels_palette" },
				"south": { "uv": [ 4.48, 0.4799995, 5.52, 1.52 ], "texture": "#voxels_palette" },
				"west": { "uv": [ 4.48, 0.4799995, 5.52, 1.52 ], "texture": "#voxels_palette" },
				"east": { "uv": [ 4.48, 0.4799995, 5.52, 1.52 ], "texture": "#voxels_palette" }
			}
		},
		{
			"__comment": "Voxels-D0E3F6",
			"from": [ 6, 7, 6 ],
			"to": [ 7, 8, 7 ],
			"faces": {
				"down": { "uv": [ 2.48, 0.4799995, 3.52, 1.52 ], "texture": "#voxels_palette" },
				"up": { "uv": [ 2.48, 0.4799995, 3.52, 1.52 ], "texture": "#voxels_palette" },
				"north": { "uv": [ 2.48, 0.4799995, 3.52, 1.52 ], "texture": "#voxels_palette" },
				"south": { "uv": [ 2.48, 0.4799995, 3.52, 1.52 ], "texture": "#voxels_palette" },
				"west": { "uv": [ 2.48, 0.4799995, 3.52, 1.52 ], "texture": "#voxels_palette" },
				"east": { "uv": [ 2.48, 0.4799995, 3.52, 1.52 ], "texture": "#voxels_palette" }
			}
		},
		{
			"__comment": "Voxels-C4FECA",
			"from": [ 6, 7, 7 ],
			"to": [ 7, 8, 8 ],
			"faces": {
				"down": { "uv": [ 8.48, 0.4799995, 9.52, 1.52 ], "texture": "#voxels_palette" },
				"up": { "uv": [ 8.48, 0.4799995, 9.52, 1.52 ], "texture": "#voxels_palette" },
				"north": { "uv": [ 8.48, 0.4799995, 9.52, 1.52 ], "texture": "#voxels_palette" },
				"south": { "uv": [ 8.48, 0.4799995, 9.52, 1.52 ], "texture": "#voxels_palette" },
				"west": { "uv": [ 8.48, 0.4799995, 9.52, 1.52 ], "texture": "#voxels_palette" },
				"east": { "uv": [ 8.48, 0.4799995, 9.52, 1.52 ], "texture": "#voxels_palette" }
			}
		},
		{
			"__comment": "Voxels-ADCBEA",
			"from": [ 6, 7, 8 ],
			"to": [ 7, 8, 9 ],
			"faces": {
				"down": { "uv": [ 4.48, 0.4799995, 5.52, 1.52 ], "texture": "#voxels_palette" },
				"up": { "uv": [ 4.48, 0.4799995, 5.52, 1.52 ], "texture": "#voxels_palette" },
				"north": { "uv": [ 4.48, 0.4799995, 5.52, 1.52 ], "texture": "#voxels_palette" },
				"south": { "uv": [ 4.48, 0.4799995, 5.52, 1.52 ], "texture": "#voxels_palette" },
				"west": { "uv": [ 4.48, 0.4799995, 5.52, 1.52 ], "texture": "#voxels_palette" },
				"east": { "uv": [ 4.48, 0.4799995, 5.52, 1.52 ], "texture": "#voxels_palette" }
			}
		},
		{
			"__comment": "Voxels-68A55A",
			"from": [ 6, 7, 9 ],
			"to": [ 7, 8, 10 ],
			"faces": {
				"down": { "uv": [ 10.48, 0.4799995, 11.52, 1.52 ], "texture": "#voxels_palette" },
				"up": { "uv": [ 10.48, 0.4799995, 11.52, 1.52 ], "texture": "#voxels_palette" },
				"north": { "uv": [ 10.48, 0.4799995, 11.52, 1.52 ], "texture": "#voxels_palette" },
				"south": { "uv": [ 10.48, 0.4799995, 11.52, 1.52 ], "texture": "#voxels_palette" },
				"west": { "uv": [ 10.48, 0.4799995, 11.52, 1.52 ], "texture": "#voxels_palette" },
				"east": { "uv": [ 10.48, 0.4799995, 11.52, 1.52 ], "texture": "#voxels_palette" }
			}
		},
		{
			"__comment": "Voxels-ADCBEA",
			"from": [ 6, 7, 10 ],
			"to": [ 7, 8, 12 ],
			"faces": {
				"down": { "uv": [ 4.48, 0.4799995, 5.52, 1.52 ], "texture": "#voxels_palette" },
				"up": { "uv": [ 4.48, 0.4799995, 5.52, 1.52 ], "texture": "#voxels_palette" },
				"north": { "uv": [ 4.48, 0.4799995, 5.52, 1.52 ], "texture": "#voxels_palette" },
				"south": { "uv": [ 4.48, 0.4799995, 5.52, 1.52 ], "texture": "#voxels_palette" },
				"west": { "uv": [ 4.48, 0.4799995, 5.52, 1.52 ], "texture": "#voxels_palette" },
				"east": { "uv": [ 4.48, 0.4799995, 5.52, 1.52 ], "texture": "#voxels_palette" }
			}
		},
		{
			"__comment": "Voxels-4E8946",
			"from": [ 6, 7, 12 ],
			"to": [ 10, 8, 13 ],
			"faces": {
				"down": { "uv": [ 12.48, 0.4799995, 13.52, 1.52 ], "texture": "#voxels_palette" },
				"up": { "uv": [ 12.48, 0.4799995, 13.52, 1.52 ], "texture": "#voxels_palette" },
				"north": { "uv": [ 12.48, 0.4799995, 13.52, 1.52 ], "texture": "#voxels_palette" },
				"south": { "uv": [ 12.48, 0.4799995, 13.52, 1.52 ], "texture": "#voxels_palette" },
				"west": { "uv": [ 12.48, 0.4799995, 13.52, 1.52 ], "texture": "#voxels_palette" },
				"east": { "uv": [ 12.48, 0.4799995, 13.52, 1.52 ], "texture": "#voxels_palette" }
			}
		},
		{
			"__comment": "Voxels-3E713A",
			"from": [ 6, 7, 13 ],
			"to": [ 7, 8, 14 ],
			"faces": {
				"down": { "uv": [ 14.48, 0.4799995, 15.52, 1.52 ], "texture": "#voxels_palette" },
				"up": { "uv": [ 14.48, 0.4799995, 15.52, 1.52 ], "texture": "#voxels_palette" },
				"north": { "uv": [ 14.48, 0.4799995, 15.52, 1.52 ], "texture": "#voxels_palette" },
				"south": { "uv": [ 14.48, 0.4799995, 15.52, 1.52 ], "texture": "#voxels_palette" },
				"west": { "uv": [ 14.48, 0.4799995, 15.52, 1.52 ], "texture": "#voxels_palette" },
				"east": { "uv": [ 14.48, 0.4799995, 15.52, 1.52 ], "texture": "#voxels_palette" }
			}
		},
		{
			"__comment": "Voxels-5487BD",
			"from": [ 6, 7, 14 ],
			"to": [ 11, 8, 15 ],
			"faces": {
				"down": { "uv": [ 6.48, 0.4799995, 7.52, 1.52 ], "texture": "#voxels_palette" },
				"up": { "uv": [ 6.48, 0.4799995, 7.52, 1.52 ], "texture": "#voxels_palette" },
				"north": { "uv": [ 6.48, 0.4799995, 7.52, 1.52 ], "texture": "#voxels_palette" },
				"south": { "uv": [ 6.48, 0.4799995, 7.52, 1.52 ], "texture": "#voxels_palette" },
				"west": { "uv": [ 6.48, 0.4799995, 7.52, 1.52 ], "texture": "#voxels_palette" },
				"east": { "uv": [ 6.48, 0.4799995, 7.52, 1.52 ], "texture": "#voxels_palette" }
			}
		},
		{
			"__comment": "Voxels-D06440",
			"from": [ 7, 7, 1 ],
			"to": [ 9, 8, 2 ],
			"faces": {
				"down": { "uv": [ 0.48, 2.48, 1.52, 3.52 ], "texture": "#voxels_palette" },
				"up": { "uv": [ 0.48, 2.48, 1.52, 3.52 ], "texture": "#voxels_palette" },
				"north": { "uv": [ 0.48, 2.48, 1.52, 3.52 ], "texture": "#voxels_palette" },
				"south": { "uv": [ 0.48, 2.48, 1.52, 3.52 ], "texture": "#voxels_palette" },
				"west": { "uv": [ 0.48, 2.48, 1.52, 3.52 ], "texture": "#voxels_palette" },
				"east": { "uv": [ 0.48, 2.48, 1.52, 3.52 ], "texture": "#voxels_palette" }
			}
		},
		{
			"__comment": "Voxels-C7A99E",
			"from": [ 7, 7, 2 ],
			"to": [ 10, 8, 3 ],
			"faces": {
				"down": { "uv": [ 2.48, 2.48, 3.52, 3.52 ], "texture": "#voxels_palette" },
				"up": { "uv": [ 2.48, 2.48, 3.52, 3.52 ], "texture": "#voxels_palette" },
				"north": { "uv": [ 2.48, 2.48, 3.52, 3.52 ], "texture": "#voxels_palette" },
				"south": { "uv": [ 2.48, 2.48, 3.52, 3.52 ], "texture": "#voxels_palette" },
				"west": { "uv": [ 2.48, 2.48, 3.52, 3.52 ], "texture": "#voxels_palette" },
				"east": { "uv": [ 2.48, 2.48, 3.52, 3.52 ], "texture": "#voxels_palette" }
			}
		},
		{
			"__comment": "Voxels-A23E1F",
			"from": [ 7, 7, 3 ],
			"to": [ 9, 8, 4 ],
			"faces": {
				"down": { "uv": [ 4.48, 2.48, 5.52, 3.52 ], "texture": "#voxels_palette" },
				"up": { "uv": [ 4.48, 2.48, 5.52, 3.52 ], "texture": "#voxels_palette" },
				"north": { "uv": [ 4.48, 2.48, 5.52, 3.52 ], "texture": "#voxels_palette" },
				"south": { "uv": [ 4.48, 2.48, 5.52, 3.52 ], "texture": "#voxels_palette" },
				"west": { "uv": [ 4.48, 2.48, 5.52, 3.52 ], "texture": "#voxels_palette" },
				"east": { "uv": [ 4.48, 2.48, 5.52, 3.52 ], "texture": "#voxels_palette" }
			}
		},
		{
			"__comment": "Voxels-ADCBEA",
			"from": [ 7, 7, 4 ],
			"to": [ 8, 8, 6 ],
			"faces": {
				"down": { "uv": [ 4.48, 0.4799995, 5.52, 1.52 ], "texture": "#voxels_palette" },
				"up": { "uv": [ 4.48, 0.4799995, 5.52, 1.52 ], "texture": "#voxels_palette" },
				"north": { "uv": [ 4.48, 0.4799995, 5.52, 1.52 ], "texture": "#voxels_palette" },
				"south": { "uv": [ 4.48, 0.4799995, 5.52, 1.52 ], "texture": "#voxels_palette" },
				"west": { "uv": [ 4.48, 0.4799995, 5.52, 1.52 ], "texture": "#voxels_palette" },
				"east": { "uv": [ 4.48, 0.4799995, 5.52, 1.52 ], "texture": "#voxels_palette" }
			}
		},
		{
			"__comment": "Voxels-FFFFFF",
			"from": [ 7, 7, 6 ],
			"to": [ 8, 8, 7 ],
			"faces": {
				"down": { "uv": [ 6.48, 2.48, 7.52, 3.52 ], "texture": "#voxels_palette" },
				"up": { "uv": [ 6.48, 2.48, 7.52, 3.52 ], "texture": "#voxels_palette" },
				"north": { "uv": [ 6.48, 2.48, 7.52, 3.52 ], "texture": "#voxels_palette" },
				"south": { "uv": [ 6.48, 2.48, 7.52, 3.52 ], "texture": "#voxels_palette" },
				"west": { "uv": [ 6.48, 2.48, 7.52, 3.52 ], "texture": "#voxels_palette" },
				"east": { "uv": [ 6.48, 2.48, 7.52, 3.52 ], "texture": "#voxels_palette" }
			}
		},
		{
			"__comment": "Voxels-ADCBEA",
			"from": [ 7, 7, 7 ],
			"to": [ 8, 8, 8 ],
			"faces": {
				"down": { "uv": [ 4.48, 0.4799995, 5.52, 1.52 ], "texture": "#voxels_palette" },
				"up": { "uv": [ 4.48, 0.4799995, 5.52, 1.52 ], "texture": "#voxels_palette" },
				"north": { "uv": [ 4.48, 0.4799995, 5.52, 1.52 ], "texture": "#voxels_palette" },
				"south": { "uv": [ 4.48, 0.4799995, 5.52, 1.52 ], "texture": "#voxels_palette" },
				"west": { "uv": [ 4.48, 0.4799995, 5.52, 1.52 ], "texture": "#voxels_palette" },
				"east": { "uv": [ 4.48, 0.4799995, 5.52, 1.52 ], "texture": "#voxels_palette" }
			}
		},
		{
			"__comment": "Voxels-84D37A",
			"from": [ 7, 7, 8 ],
			"to": [ 8, 8, 9 ],
			"faces": {
				"down": { "uv": [ 8.48, 2.48, 9.52, 3.52 ], "texture": "#voxels_palette" },
				"up": { "uv": [ 8.48, 2.48, 9.52, 3.52 ], "texture": "#voxels_palette" },
				"north": { "uv": [ 8.48, 2.48, 9.52, 3.52 ], "texture": "#voxels_palette" },
				"south": { "uv": [ 8.48, 2.48, 9.52, 3.52 ], "texture": "#voxels_palette" },
				"west": { "uv": [ 8.48, 2.48, 9.52, 3.52 ], "texture": "#voxels_palette" },
				"east": { "uv": [ 8.48, 2.48, 9.52, 3.52 ], "texture": "#voxels_palette" }
			}
		},
		{
			"__comment": "Voxels-6DB864",
			"from": [ 7, 7, 9 ],
			"to": [ 10, 8, 10 ],
			"faces": {
				"down": { "uv": [ 10.48, 2.48, 11.52, 3.52 ], "texture": "#voxels_palette" },
				"up": { "uv": [ 10.48, 2.48, 11.52, 3.52 ], "texture": "#voxels_palette" },
				"north": { "uv": [ 10.48, 2.48, 11.52, 3.52 ], "texture": "#voxels_palette" },
				"south": { "uv": [ 10.48, 2.48, 11.52, 3.52 ], "texture": "#voxels_palette" },
				"west": { "uv": [ 10.48, 2.48, 11.52, 3.52 ], "texture": "#voxels_palette" },
				"east": { "uv": [ 10.48, 2.48, 11.52, 3.52 ], "texture": "#voxels_palette" }
			}
		},
		{
			"__comment": "Voxels-6DB864",
			"from": [ 7, 7, 10 ],
			"to": [ 8, 8, 11 ],
			"faces": {
				"down": { "uv": [ 10.48, 2.48, 11.52, 3.52 ], "texture": "#voxels_palette" },
				"up": { "uv": [ 10.48, 2.48, 11.52, 3.52 ], "texture": "#voxels_palette" },
				"north": { "uv": [ 10.48, 2.48, 11.52, 3.52 ], "texture": "#voxels_palette" },
				"south": { "uv": [ 10.48, 2.48, 11.52, 3.52 ], "texture": "#voxels_palette" },
				"west": { "uv": [ 10.48, 2.48, 11.52, 3.52 ], "texture": "#voxels_palette" },
				"east": { "uv": [ 10.48, 2.48, 11.52, 3.52 ], "texture": "#voxels_palette" }
			}
		},
		{
			"__comment": "Voxels-477740",
			"from": [ 7, 7, 11 ],
			"to": [ 10, 8, 12 ],
			"faces": {
				"down": { "uv": [ 12.48, 2.48, 13.52, 3.52 ], "texture": "#voxels_palette" },
				"up": { "uv": [ 12.48, 2.48, 13.52, 3.52 ], "texture": "#voxels_palette" },
				"north": { "uv": [ 12.48, 2.48, 13.52, 3.52 ], "texture": "#voxels_palette" },
				"south": { "uv": [ 12.48, 2.48, 13.52, 3.52 ], "texture": "#voxels_palette" },
				"west": { "uv": [ 12.48, 2.48, 13.52, 3.52 ], "texture": "#voxels_palette" },
				"east": { "uv": [ 12.48, 2.48, 13.52, 3.52 ], "texture": "#voxels_palette" }
			}
		},
		{
			"__comment": "Voxels-2C4A28",
			"from": [ 7, 7, 13 ],
			"to": [ 9, 8, 14 ],
			"faces": {
				"down": { "uv": [ 14.48, 2.48, 15.52, 3.52 ], "texture": "#voxels_palette" },
				"up": { "uv": [ 14.48, 2.48, 15.52, 3.52 ], "texture": "#voxels_palette" },
				"north": { "uv": [ 14.48, 2.48, 15.52, 3.52 ], "texture": "#voxels_palette" },
				"south": { "uv": [ 14.48, 2.48, 15.52, 3.52 ], "texture": "#voxels_palette" },
				"west": { "uv": [ 14.48, 2.48, 15.52, 3.52 ], "texture": "#voxels_palette" },
				"east": { "uv": [ 14.48, 2.48, 15.52, 3.52 ], "texture": "#voxels_palette" }
			}
		},
		{
			"__comment": "Voxels-6DB864",
			"from": [ 8, 7, 4 ],
			"to": [ 9, 8, 5 ],
			"faces": {
				"down": { "uv": [ 10.48, 2.48, 11.52, 3.52 ], "texture": "#voxels_palette" },
				"up": { "uv": [ 10.48, 2.48, 11.52, 3.52 ], "texture": "#voxels_palette" },
				"north": { "uv": [ 10.48, 2.48, 11.52, 3.52 ], "texture": "#voxels_palette" },
				"south": { "uv": [ 10.48, 2.48, 11.52, 3.52 ], "texture": "#voxels_palette" },
				"west": { "uv": [ 10.48, 2.48, 11.52, 3.52 ], "texture": "#voxels_palette" },
				"east": { "uv": [ 10.48, 2.48, 11.52, 3.52 ], "texture": "#voxels_palette" }
			}
		},
		{
			"__comment": "Voxels-84D37A",
			"from": [ 8, 7, 5 ],
			"to": [ 9, 8, 8 ],
			"faces": {
				"down": { "uv": [ 8.48, 2.48, 9.52, 3.52 ], "texture": "#voxels_palette" },
				"up": { "uv": [ 8.48, 2.48, 9.52, 3.52 ], "texture": "#voxels_palette" },
				"north": { "uv": [ 8.48, 2.48, 9.52, 3.52 ], "texture": "#voxels_palette" },
				"south": { "uv": [ 8.48, 2.48, 9.52, 3.52 ], "texture": "#voxels_palette" },
				"west": { "uv": [ 8.48, 2.48, 9.52, 3.52 ], "texture": "#voxels_palette" },
				"east": { "uv": [ 8.48, 2.48, 9.52, 3.52 ], "texture": "#voxels_palette" }
			}
		},
		{
			"__comment": "Voxels-6DB864",
			"from": [ 8, 7, 8 ],
			"to": [ 9, 8, 9 ],
			"faces": {
				"down": { "uv": [ 10.48, 2.48, 11.52, 3.52 ], "texture": "#voxels_palette" },
				"up": { "uv": [ 10.48, 2.48, 11.52, 3.52 ], "texture": "#voxels_palette" },
				"north": { "uv": [ 10.48, 2.48, 11.52, 3.52 ], "texture": "#voxels_palette" },
				"south": { "uv": [ 10.48, 2.48, 11.52, 3.52 ], "texture": "#voxels_palette" },
				"west": { "uv": [ 10.48, 2.48, 11.52, 3.52 ], "texture": "#voxels_palette" },
				"east": { "uv": [ 10.48, 2.48, 11.52, 3.52 ], "texture": "#voxels_palette" }
			}
		},
		{
			"__comment": "Voxels-68A55A",
			"from": [ 8, 7, 10 ],
			"to": [ 9, 8, 11 ],
			"faces": {
				"down": { "uv": [ 10.48, 0.4799995, 11.52, 1.52 ], "texture": "#voxels_palette" },
				"up": { "uv": [ 10.48, 0.4799995, 11.52, 1.52 ], "texture": "#voxels_palette" },
				"north": { "uv": [ 10.48, 0.4799995, 11.52, 1.52 ], "texture": "#voxels_palette" },
				"south": { "uv": [ 10.48, 0.4799995, 11.52, 1.52 ], "texture": "#voxels_palette" },
				"west": { "uv": [ 10.48, 0.4799995, 11.52, 1.52 ], "texture": "#voxels_palette" },
				"east": { "uv": [ 10.48, 0.4799995, 11.52, 1.52 ], "texture": "#voxels_palette" }
			}
		},
		{
			"__comment": "Voxels-A23E1F",
			"from": [ 9, 7, 1 ],
			"to": [ 10, 8, 2 ],
			"faces": {
				"down": { "uv": [ 4.48, 2.48, 5.52, 3.52 ], "texture": "#voxels_palette" },
				"up": { "uv": [ 4.48, 2.48, 5.52, 3.52 ], "texture": "#voxels_palette" },
				"north": { "uv": [ 4.48, 2.48, 5.52, 3.52 ], "texture": "#voxels_palette" },
				"south": { "uv": [ 4.48, 2.48, 5.52, 3.52 ], "texture": "#voxels_palette" },
				"west": { "uv": [ 4.48, 2.48, 5.52, 3.52 ], "texture": "#voxels_palette" },
				"east": { "uv": [ 4.48, 2.48, 5.52, 3.52 ], "texture": "#voxels_palette" }
			}
		},
		{
			"__comment": "Voxels-8F2F11",
			"from": [ 9, 7, 3 ],
			"to": [ 10, 8, 4 ],
			"faces": {
				"down": { "uv": [ 0.48, 4.48, 1.52, 5.52 ], "texture": "#voxels_palette" },
				"up": { "uv": [ 0.48, 4.48, 1.52, 5.52 ], "texture": "#voxels_palette" },
				"north": { "uv": [ 0.48, 4.48, 1.52, 5.52 ], "texture": "#voxels_palette" },
				"south": { "uv": [ 0.48, 4.48, 1.52, 5.52 ], "texture": "#voxels_palette" },
				"west": { "uv": [ 0.48, 4.48, 1.52, 5.52 ], "texture": "#voxels_palette" },
				"east": { "uv": [ 0.48, 4.48, 1.52, 5.52 ], "texture": "#voxels_palette" }
			}
		},
		{
			"__comment": "Voxels-5487BD",
			"from": [ 9, 7, 4 ],
			"to": [ 10, 8, 6 ],
			"faces": {
				"down": { "uv": [ 6.48, 0.4799995, 7.52, 1.52 ], "texture": "#voxels_palette" },
				"up": { "uv": [ 6.48, 0.4799995, 7.52, 1.52 ], "texture": "#voxels_palette" },
				"north": { "uv": [ 6.48, 0.4799995, 7.52, 1.52 ], "texture": "#voxels_palette" },
				"south": { "uv": [ 6.48, 0.4799995, 7.52, 1.52 ], "texture": "#voxels_palette" },
				"west": { "uv": [ 6.48, 0.4799995, 7.52, 1.52 ], "texture": "#voxels_palette" },
				"east": { "uv": [ 6.48, 0.4799995, 7.52, 1.52 ], "texture": "#voxels_palette" }
			}
		},
		{
			"__comment": "Voxels-84D37A",
			"from": [ 9, 7, 6 ],
			"to": [ 10, 8, 7 ],
			"faces": {
				"down": { "uv": [ 8.48, 2.48, 9.52, 3.52 ], "texture": "#voxels_palette" },
				"up": { "uv": [ 8.48, 2.48, 9.52, 3.52 ], "texture": "#voxels_palette" },
				"north": { "uv": [ 8.48, 2.48, 9.52, 3.52 ], "texture": "#voxels_palette" },
				"south": { "uv": [ 8.48, 2.48, 9.52, 3.52 ], "texture": "#voxels_palette" },
				"west": { "uv": [ 8.48, 2.48, 9.52, 3.52 ], "texture": "#voxels_palette" },
				"east": { "uv": [ 8.48, 2.48, 9.52, 3.52 ], "texture": "#voxels_palette" }
			}
		},
		{
			"__comment": "Voxels-6DB864",
			"from": [ 9, 7, 7 ],
			"to": [ 11, 8, 8 ],
			"faces": {
				"down": { "uv": [ 10.48, 2.48, 11.52, 3.52 ], "texture": "#voxels_palette" },
				"up": { "uv": [ 10.48, 2.48, 11.52, 3.52 ], "texture": "#voxels_palette" },
				"north": { "uv": [ 10.48, 2.48, 11.52, 3.52 ], "texture": "#voxels_palette" },
				"south": { "uv": [ 10.48, 2.48, 11.52, 3.52 ], "texture": "#voxels_palette" },
				"west": { "uv": [ 10.48, 2.48, 11.52, 3.52 ], "texture": "#voxels_palette" },
				"east": { "uv": [ 10.48, 2.48, 11.52, 3.52 ], "texture": "#voxels_palette" }
			}
		},
		{
			"__comment": "Voxels-68A55A",
			"from": [ 9, 7, 8 ],
			"to": [ 10, 8, 9 ],
			"faces": {
				"down": { "uv": [ 10.48, 0.4799995, 11.52, 1.52 ], "texture": "#voxels_palette" },
				"up": { "uv": [ 10.48, 0.4799995, 11.52, 1.52 ], "texture": "#voxels_palette" },
				"north": { "uv": [ 10.48, 0.4799995, 11.52, 1.52 ], "texture": "#voxels_palette" },
				"south": { "uv": [ 10.48, 0.4799995, 11.52, 1.52 ], "texture": "#voxels_palette" },
				"west": { "uv": [ 10.48, 0.4799995, 11.52, 1.52 ], "texture": "#voxels_palette" },
				"east": { "uv": [ 10.48, 0.4799995, 11.52, 1.52 ], "texture": "#voxels_palette" }
			}
		},
		{
			"__comment": "Voxels-4E8946",
			"from": [ 9, 7, 10 ],
			"to": [ 10, 8, 11 ],
			"faces": {
				"down": { "uv": [ 12.48, 0.4799995, 13.52, 1.52 ], "texture": "#voxels_palette" },
				"up": { "uv": [ 12.48, 0.4799995, 13.52, 1.52 ], "texture": "#voxels_palette" },
				"north": { "uv": [ 12.48, 0.4799995, 13.52, 1.52 ], "texture": "#voxels_palette" },
				"south": { "uv": [ 12.48, 0.4799995, 13.52, 1.52 ], "texture": "#voxels_palette" },
				"west": { "uv": [ 12.48, 0.4799995, 13.52, 1.52 ], "texture": "#voxels_palette" },
				"east": { "uv": [ 12.48, 0.4799995, 13.52, 1.52 ], "texture": "#voxels_palette" }
			}
		},
		{
			"__comment": "Voxels-83A6CC",
			"from": [ 9, 7, 13 ],
			"to": [ 10, 8, 14 ],
			"faces": {
				"down": { "uv": [ 2.48, 4.48, 3.52, 5.52 ], "texture": "#voxels_palette" },
				"up": { "uv": [ 2.48, 4.48, 3.52, 5.52 ], "texture": "#voxels_palette" },
				"north": { "uv": [ 2.48, 4.48, 3.52, 5.52 ], "texture": "#voxels_palette" },
				"south": { "uv": [ 2.48, 4.48, 3.52, 5.52 ], "texture": "#voxels_palette" },
				"west": { "uv": [ 2.48, 4.48, 3.52, 5.52 ], "texture": "#voxels_palette" },
				"east": { "uv": [ 2.48, 4.48, 3.52, 5.52 ], "texture": "#voxels_palette" }
			}
		},
		{
			"__comment": "Voxels-ADCBEA",
			"from": [ 10, 7, 2 ],
			"to": [ 11, 8, 4 ],
			"faces": {
				"down": { "uv": [ 4.48, 0.4799995, 5.52, 1.52 ], "texture": "#voxels_palette" },
				"up": { "uv": [ 4.48, 0.4799995, 5.52, 1.52 ], "texture": "#voxels_palette" },
				"north": { "uv": [ 4.48, 0.4799995, 5.52, 1.52 ], "texture": "#voxels_palette" },
				"south": { "uv": [ 4.48, 0.4799995, 5.52, 1.52 ], "texture": "#voxels_palette" },
				"west": { "uv": [ 4.48, 0.4799995, 5.52, 1.52 ], "texture": "#voxels_palette" },
				"east": { "uv": [ 4.48, 0.4799995, 5.52, 1.52 ], "texture": "#voxels_palette" }
			}
		},
		{
			"__comment": "Voxels-5487BD",
			"from": [ 10, 7, 6 ],
			"to": [ 11, 8, 7 ],
			"faces": {
				"down": { "uv": [ 6.48, 0.4799995, 7.52, 1.52 ], "texture": "#voxels_palette" },
				"up": { "uv": [ 6.48, 0.4799995, 7.52, 1.52 ], "texture": "#voxels_palette" },
				"north": { "uv": [ 6.48, 0.4799995, 7.52, 1.52 ], "texture": "#voxels_palette" },
				"south": { "uv": [ 6.48, 0.4799995, 7.52, 1.52 ], "texture": "#voxels_palette" },
				"west": { "uv": [ 6.48, 0.4799995, 7.52, 1.52 ], "texture": "#voxels_palette" },
				"east": { "uv": [ 6.48, 0.4799995, 7.52, 1.52 ], "texture": "#voxels_palette" }
			}
		},
		{
			"__comment": "Voxels-6DB864",
			"from": [ 10, 7, 8 ],
			"to": [ 11, 8, 9 ],
			"faces": {
				"down": { "uv": [ 10.48, 2.48, 11.52, 3.52 ], "texture": "#voxels_palette" },
				"up": { "uv": [ 10.48, 2.48, 11.52, 3.52 ], "texture": "#voxels_palette" },
				"north": { "uv": [ 10.48, 2.48, 11.52, 3.52 ], "texture": "#voxels_palette" },
				"south": { "uv": [ 10.48, 2.48, 11.52, 3.52 ], "texture": "#voxels_palette" },
				"west": { "uv": [ 10.48, 2.48, 11.52, 3.52 ], "texture": "#voxels_palette" },
				"east": { "uv": [ 10.48, 2.48, 11.52, 3.52 ], "texture": "#voxels_palette" }
			}
		},
		{
			"__comment": "Voxels-4E8946",
			"from": [ 10, 7, 9 ],
			"to": [ 11, 8, 10 ],
			"faces": {
				"down": { "uv": [ 12.48, 0.4799995, 13.52, 1.52 ], "texture": "#voxels_palette" },
				"up": { "uv": [ 12.48, 0.4799995, 13.52, 1.52 ], "texture": "#voxels_palette" },
				"north": { "uv": [ 12.48, 0.4799995, 13.52, 1.52 ], "texture": "#voxels_palette" },
				"south": { "uv": [ 12.48, 0.4799995, 13.52, 1.52 ], "texture": "#voxels_palette" },
				"west": { "uv": [ 12.48, 0.4799995, 13.52, 1.52 ], "texture": "#voxels_palette" },
				"east": { "uv": [ 12.48, 0.4799995, 13.52, 1.52 ], "texture": "#voxels_palette" }
			}
		},
		{
			"__comment": "Voxels-477740",
			"from": [ 10, 7, 10 ],
			"to": [ 11, 8, 11 ],
			"faces": {
				"down": { "uv": [ 12.48, 2.48, 13.52, 3.52 ], "texture": "#voxels_palette" },
				"up": { "uv": [ 12.48, 2.48, 13.52, 3.52 ], "texture": "#voxels_palette" },
				"north": { "uv": [ 12.48, 2.48, 13.52, 3.52 ], "texture": "#voxels_palette" },
				"south": { "uv": [ 12.48, 2.48, 13.52, 3.52 ], "texture": "#voxels_palette" },
				"west": { "uv": [ 12.48, 2.48, 13.52, 3.52 ], "texture": "#voxels_palette" },
				"east": { "uv": [ 12.48, 2.48, 13.52, 3.52 ], "texture": "#voxels_palette" }
			}
		},
		{
			"__comment": "Voxels-83A6CC",
			"from": [ 10, 7, 11 ],
			"to": [ 11, 8, 13 ],
			"faces": {
				"down": { "uv": [ 2.48, 4.48, 3.52, 5.52 ], "texture": "#voxels_palette" },
				"up": { "uv": [ 2.48, 4.48, 3.52, 5.52 ], "texture": "#voxels_palette" },
				"north": { "uv": [ 2.48, 4.48, 3.52, 5.52 ], "texture": "#voxels_palette" },
				"south": { "uv": [ 2.48, 4.48, 3.52, 5.52 ], "texture": "#voxels_palette" },
				"west": { "uv": [ 2.48, 4.48, 3.52, 5.52 ], "texture": "#voxels_palette" },
				"east": { "uv": [ 2.48, 4.48, 3.52, 5.52 ], "texture": "#voxels_palette" }
			}
		},
		{
			"__comment": "Voxels-3E713A",
			"from": [ 10, 7, 13 ],
			"to": [ 11, 8, 14 ],
			"faces": {
				"down": { "uv": [ 14.48, 0.4799995, 15.52, 1.52 ], "texture": "#voxels_palette" },
				"up": { "uv": [ 14.48, 0.4799995, 15.52, 1.52 ], "texture": "#voxels_palette" },
				"north": { "uv": [ 14.48, 0.4799995, 15.52, 1.52 ], "texture": "#voxels_palette" },
				"south": { "uv": [ 14.48, 0.4799995, 15.52, 1.52 ], "texture": "#voxels_palette" },
				"west": { "uv": [ 14.48, 0.4799995, 15.52, 1.52 ], "texture": "#voxels_palette" },
				"east": { "uv": [ 14.48, 0.4799995, 15.52, 1.52 ], "texture": "#voxels_palette" }
			}
		},
		{
			"__comment": "Voxels-5487BD",
			"from": [ 11, 7, 7 ],
			"to": [ 12, 8, 14 ],
			"faces": {
				"down": { "uv": [ 6.48, 0.4799995, 7.52, 1.52 ], "texture": "#voxels_palette" },
				"up": { "uv": [ 6.48, 0.4799995, 7.52, 1.52 ], "texture": "#voxels_palette" },
				"north": { "uv": [ 6.48, 0.4799995, 7.52, 1.52 ], "texture": "#voxels_palette" },
				"south": { "uv": [ 6.48, 0.4799995, 7.52, 1.52 ], "texture": "#voxels_palette" },
				"west": { "uv": [ 6.48, 0.4799995, 7.52, 1.52 ], "texture": "#voxels_palette" },
				"east": { "uv": [ 6.48, 0.4799995, 7.52, 1.52 ], "texture": "#voxels_palette" }
			}
		}
	],
	"display": {
		"thirdperson_righthand": {
			"rotation":  [ 104, 0, 0 ],
			"translation":  [ 0, 2.0869, 0.6956 ],
			"scale":  [ 0.5, 0.5, 0.5 ]
		},
		"thirdperson_lefthand": {
			"rotation":  [ 104, 0, 0 ],
			"translation":  [ 0, 2.0869, 0.6956 ],
			"scale":  [ 0.5, 0.5, 0.5 ]
		},
		"firstperson_righthand": {
			"rotation":  [ 102, 1, 27 ],
			"translation":  [ 9.7391, 0.6956, -9.739 ]
		},
		"firstperson_lefthand": {
			"rotation":  [ 102, -8, 27 ],
			"translation":  [ 9.7391, 0.6956, -9.739 ]
		},
		"gui": {
			"rotation":  [ 90, 0, 0 ]
		},
		"head": {
			"rotation":  [ 116, 0, 0 ],
			"translation":  [ 0, -10.43, -9.023 ],
			"scale":  [ 0.7, 0.7, 0.7 ]
		},
		"ground": {
			"rotation":  [ 90, 0, 0 ],
			"translation":  [ 0, 3.4782, 0 ],
			"scale":  [ 0.6, 0.6, 0.6 ]
		},
		"fixed": {
			"rotation":  [ 90, 0, 0 ]
		}
	}
}