{
	"credit": "Made with Blockbench",
	"textures": {
		"0": "item/etc/demonred",
		"1": "block/white_concrete",
		"particle": "block/white_concrete"
	},
	"elements": [
		{
			"from": [1.32234, 12.52789, 7.79424],
			"to": [1.78434, 12.85789, 8.19024],
			"rotation": {"angle": 0, "axis": "z", "origin": [2.1426, 10.54242, 8.00104]},
			"faces": {
				"north": {"uv": [0, 15, 1, 16], "texture": "#0"},
				"east": {"uv": [0, 15, 1, 16], "texture": "#0"},
				"south": {"uv": [0, 15, 1, 16], "texture": "#0"},
				"west": {"uv": [0, 15, 1, 16], "texture": "#0"},
				"up": {"uv": [0, 15, 1, 16], "texture": "#0"},
				"down": {"uv": [0, 15, 1, 16], "texture": "#0"}
			}
		},
		{
			"from": [3.47641, 8.10717, 7.00224],
			"to": [4.79641, 10.74717, 8.98224],
			"rotation": {"angle": -22.5, "axis": "z", "origin": [2.1426, 10.54242, 8.00104]},
			"faces": {
				"north": {"uv": [0, 15, 1, 16], "rotation": 90, "texture": "#0"},
				"east": {"uv": [0, 15, 1, 16], "rotation": 90, "texture": "#0"},
				"south": {"uv": [0, 15, 1, 16], "rotation": 90, "texture": "#0"},
				"west": {"uv": [0, 15, 1, 16], "rotation": 90, "texture": "#0"},
				"up": {"uv": [0, 15, 1, 16], "rotation": 90, "texture": "#0"},
				"down": {"uv": [0, 15, 1, 16], "rotation": 90, "texture": "#0"}
			}
		},
		{
			"from": [3.54606, 7.99595, 7.00224],
			"to": [5.86606, 9.63595, 8.98224],
			"rotation": {"angle": -45, "axis": "z", "origin": [4.20606, 8.31595, 7.99224]},
			"faces": {
				"north": {"uv": [0, 15, 1, 16], "rotation": 90, "texture": "#0"},
				"east": {"uv": [0, 15, 1, 16], "rotation": 90, "texture": "#0"},
				"south": {"uv": [0, 15, 1, 16], "rotation": 90, "texture": "#0"},
				"west": {"uv": [0, 15, 1, 16], "rotation": 90, "texture": "#0"},
				"up": {"uv": [0, 15, 1, 16], "rotation": 90, "texture": "#0"},
				"down": {"uv": [0, 15, 1, 16], "rotation": 90, "texture": "#0"}
			}
		},
		{
			"from": [3.47641, 8.43717, 6.67224],
			"to": [4.79641, 10.41717, 9.31224],
			"rotation": {"angle": -22.5, "axis": "z", "origin": [2.1426, 10.54242, 8.00104]},
			"faces": {
				"north": {"uv": [0, 15, 1, 16], "rotation": 90, "texture": "#0"},
				"east": {"uv": [0, 15, 1, 16], "rotation": 90, "texture": "#0"},
				"south": {"uv": [0, 15, 1, 16], "rotation": 90, "texture": "#0"},
				"west": {"uv": [0, 15, 1, 16], "rotation": 90, "texture": "#0"},
				"up": {"uv": [0, 15, 1, 16], "rotation": 90, "texture": "#0"},
				"down": {"uv": [0, 15, 1, 16], "rotation": 90, "texture": "#0"}
			}
		},
		{
			"from": [3.54606, 8.32595, 6.67224],
			"to": [5.86606, 9.30595, 9.31224],
			"rotation": {"angle": -45, "axis": "z", "origin": [4.20606, 8.31595, 7.99224]},
			"faces": {
				"north": {"uv": [0, 15, 1, 16], "rotation": 90, "texture": "#0"},
				"east": {"uv": [0, 15, 1, 16], "rotation": 90, "texture": "#0"},
				"south": {"uv": [0, 15, 1, 16], "rotation": 90, "texture": "#0"},
				"west": {"uv": [0, 15, 1, 16], "rotation": 90, "texture": "#0"},
				"up": {"uv": [0, 15, 1, 16], "rotation": 90, "texture": "#0"},
				"down": {"uv": [0, 15, 1, 16], "rotation": 90, "texture": "#0"}
			}
		},
		{
			"from": [2.9868, 8.93497, 7.13424],
			"to": [4.3068, 11.31097, 8.85024],
			"rotation": {"angle": -45, "axis": "z", "origin": [2.1426, 10.54242, 8.00104]},
			"faces": {
				"north": {"uv": [0, 15, 1, 16], "rotation": 90, "texture": "#0"},
				"east": {"uv": [0, 15, 1, 16], "rotation": 90, "texture": "#0"},
				"south": {"uv": [0, 15, 1, 16], "rotation": 90, "texture": "#0"},
				"west": {"uv": [0, 15, 1, 16], "rotation": 90, "texture": "#0"},
				"up": {"uv": [0, 15, 1, 16], "rotation": 90, "texture": "#0"},
				"down": {"uv": [0, 15, 1, 16], "rotation": 90, "texture": "#0"}
			}
		},
		{
			"from": [2.3268, 9.09997, 7.29924],
			"to": [2.9868, 11.21197, 8.68524],
			"rotation": {"angle": -45, "axis": "z", "origin": [2.1426, 10.54242, 8.00104]},
			"faces": {
				"north": {"uv": [0, 15, 1, 16], "rotation": 90, "texture": "#0"},
				"east": {"uv": [0, 15, 1, 16], "rotation": 90, "texture": "#0"},
				"south": {"uv": [0, 15, 1, 16], "rotation": 90, "texture": "#0"},
				"west": {"uv": [0, 15, 1, 16], "rotation": 90, "texture": "#0"},
				"up": {"uv": [0, 15, 1, 16], "rotation": 90, "texture": "#0"},
				"down": {"uv": [0, 15, 1, 16], "rotation": 90, "texture": "#0"}
			}
		},
		{
			"from": [0.97944, 9.82023, 7.39824],
			"to": [2.76144, 10.97523, 8.61924],
			"rotation": {"angle": 22.5, "axis": "z", "origin": [2.1426, 10.54242, 8.00104]},
			"faces": {
				"north": {"uv": [0, 15, 1, 16], "texture": "#0"},
				"east": {"uv": [0, 15, 1, 16], "texture": "#0"},
				"south": {"uv": [0, 15, 1, 16], "texture": "#0"},
				"west": {"uv": [0, 15, 1, 16], "texture": "#0"},
				"up": {"uv": [0, 15, 1, 16], "texture": "#0"},
				"down": {"uv": [0, 15, 1, 16], "texture": "#0"}
			}
		},
		{
			"from": [1.07844, 10.97523, 7.49724],
			"to": [2.59644, 11.47023, 8.52024],
			"rotation": {"angle": 22.5, "axis": "z", "origin": [2.1426, 10.54242, 8.00104]},
			"faces": {
				"north": {"uv": [0, 15, 1, 16], "texture": "#0"},
				"east": {"uv": [0, 15, 1, 16], "texture": "#0"},
				"south": {"uv": [0, 15, 1, 16], "texture": "#0"},
				"west": {"uv": [0, 15, 1, 16], "texture": "#0"},
				"up": {"uv": [0, 15, 1, 16], "texture": "#0"},
				"down": {"uv": [0, 15, 1, 16], "texture": "#0"}
			}
		},
		{
			"from": [0.89334, 10.97689, 7.72824],
			"to": [2.14734, 11.86789, 8.28924],
			"rotation": {"angle": 0, "axis": "z", "origin": [2.1426, 10.54242, 8.00104]},
			"faces": {
				"north": {"uv": [0, 15, 1, 16], "texture": "#0"},
				"east": {"uv": [0, 15, 1, 16], "texture": "#0"},
				"south": {"uv": [0, 15, 1, 16], "texture": "#0"},
				"west": {"uv": [0, 15, 1, 16], "texture": "#0"},
				"up": {"uv": [0, 15, 1, 16], "texture": "#0"},
				"down": {"uv": [0, 15, 1, 16], "texture": "#0"}
			}
		},
		{
			"from": [1.12434, 11.70289, 7.72824],
			"to": [1.98234, 12.52789, 8.28924],
			"rotation": {"angle": 0, "axis": "z", "origin": [2.1426, 10.54242, 8.00104]},
			"faces": {
				"north": {"uv": [0, 15, 1, 16], "texture": "#0"},
				"east": {"uv": [0, 15, 1, 16], "texture": "#0"},
				"south": {"uv": [0, 15, 1, 16], "texture": "#0"},
				"west": {"uv": [0, 15, 1, 16], "texture": "#0"},
				"up": {"uv": [0, 15, 1, 16], "texture": "#0"},
				"down": {"uv": [0, 15, 1, 16], "texture": "#0"}
			}
		},
		{
			"from": [2.9868, 9.26497, 6.80424],
			"to": [4.3068, 10.98097, 9.18024],
			"rotation": {"angle": -45, "axis": "z", "origin": [2.1426, 10.54242, 8.00104]},
			"faces": {
				"north": {"uv": [0, 15, 1, 16], "rotation": 90, "texture": "#0"},
				"east": {"uv": [0, 15, 1, 16], "rotation": 90, "texture": "#0"},
				"south": {"uv": [0, 15, 1, 16], "rotation": 90, "texture": "#0"},
				"west": {"uv": [0, 15, 1, 16], "rotation": 90, "texture": "#0"},
				"up": {"uv": [0, 15, 1, 16], "rotation": 90, "texture": "#0"},
				"down": {"uv": [0, 15, 1, 16], "rotation": 90, "texture": "#0"}
			}
		},
		{
			"from": [2.3268, 9.42997, 6.96924],
			"to": [2.9868, 10.81597, 9.01524],
			"rotation": {"angle": -45, "axis": "z", "origin": [2.1426, 10.54242, 8.00104]},
			"faces": {
				"north": {"uv": [0, 15, 1, 16], "rotation": 90, "texture": "#0"},
				"east": {"uv": [0, 15, 1, 16], "rotation": 90, "texture": "#0"},
				"south": {"uv": [0, 15, 1, 16], "rotation": 90, "texture": "#0"},
				"west": {"uv": [0, 15, 1, 16], "rotation": 90, "texture": "#0"},
				"up": {"uv": [0, 15, 1, 16], "rotation": 90, "texture": "#0"},
				"down": {"uv": [0, 15, 1, 16], "rotation": 90, "texture": "#0"}
			}
		},
		{
			"from": [1.24344, 9.82023, 7.06824],
			"to": [2.43144, 10.97523, 8.94924],
			"rotation": {"angle": 22.5, "axis": "z", "origin": [2.1426, 10.54242, 8.00104]},
			"faces": {
				"north": {"uv": [0, 15, 1, 16], "texture": "#0"},
				"east": {"uv": [0, 15, 1, 16], "texture": "#0"},
				"south": {"uv": [0, 15, 1, 16], "texture": "#0"},
				"west": {"uv": [0, 15, 1, 16], "texture": "#0"},
				"up": {"uv": [0, 15, 1, 16], "texture": "#0"},
				"down": {"uv": [0, 15, 1, 16], "texture": "#0"}
			}
		},
		{
			"from": [1.34244, 10.97523, 7.23324],
			"to": [2.39844, 11.47023, 8.78424],
			"rotation": {"angle": 22.5, "axis": "z", "origin": [2.1426, 10.54242, 8.00104]},
			"faces": {
				"north": {"uv": [0, 15, 1, 16], "texture": "#0"},
				"east": {"uv": [0, 15, 1, 16], "texture": "#0"},
				"south": {"uv": [0, 15, 1, 16], "texture": "#0"},
				"west": {"uv": [0, 15, 1, 16], "texture": "#0"},
				"up": {"uv": [0, 15, 1, 16], "texture": "#0"},
				"down": {"uv": [0, 15, 1, 16], "texture": "#0"}
			}
		},
		{
			"from": [1.09134, 10.97689, 7.39824],
			"to": [1.88334, 11.86789, 8.61924],
			"rotation": {"angle": 0, "axis": "z", "origin": [2.1426, 10.54242, 8.00104]},
			"faces": {
				"north": {"uv": [0, 15, 1, 16], "texture": "#0"},
				"east": {"uv": [0, 15, 1, 16], "texture": "#0"},
				"south": {"uv": [0, 15, 1, 16], "texture": "#0"},
				"west": {"uv": [0, 15, 1, 16], "texture": "#0"},
				"up": {"uv": [0, 15, 1, 16], "texture": "#0"},
				"down": {"uv": [0, 15, 1, 16], "texture": "#0"}
			}
		},
		{
			"from": [1.32234, 11.70289, 7.56324],
			"to": [1.78434, 12.52789, 8.45424],
			"rotation": {"angle": 0, "axis": "z", "origin": [2.1426, 10.54242, 8.00104]},
			"faces": {
				"north": {"uv": [0, 15, 1, 16], "texture": "#0"},
				"east": {"uv": [0, 15, 1, 16], "texture": "#0"},
				"south": {"uv": [0, 15, 1, 16], "texture": "#0"},
				"west": {"uv": [0, 15, 1, 16], "texture": "#0"},
				"up": {"uv": [0, 15, 1, 16], "texture": "#0"},
				"down": {"uv": [0, 15, 1, 16], "texture": "#0"}
			}
		},
		{
			"from": [14.21566, 12.52789, 7.79424],
			"to": [14.67766, 12.85789, 8.19024],
			"rotation": {"angle": 0, "axis": "z", "origin": [13.8574, 10.54242, 8.00104]},
			"faces": {
				"north": {"uv": [0, 15, 1, 16], "texture": "#0"},
				"east": {"uv": [0, 15, 1, 16], "texture": "#0"},
				"south": {"uv": [0, 15, 1, 16], "texture": "#0"},
				"west": {"uv": [0, 15, 1, 16], "texture": "#0"},
				"up": {"uv": [0, 15, 1, 16], "texture": "#0"},
				"down": {"uv": [0, 15, 1, 16], "texture": "#0"}
			}
		},
		{
			"from": [11.20359, 8.10717, 7.00224],
			"to": [12.52359, 10.74717, 8.98224],
			"rotation": {"angle": 22.5, "axis": "z", "origin": [13.8574, 10.54242, 8.00104]},
			"faces": {
				"north": {"uv": [0, 15, 1, 16], "rotation": 90, "texture": "#0"},
				"east": {"uv": [0, 15, 1, 16], "rotation": 90, "texture": "#0"},
				"south": {"uv": [0, 15, 1, 16], "rotation": 90, "texture": "#0"},
				"west": {"uv": [0, 15, 1, 16], "rotation": 90, "texture": "#0"},
				"up": {"uv": [0, 15, 1, 16], "rotation": 90, "texture": "#0"},
				"down": {"uv": [0, 15, 1, 16], "rotation": 90, "texture": "#0"}
			}
		},
		{
			"from": [10.13394, 7.99595, 7.00224],
			"to": [12.45394, 9.63595, 8.98224],
			"rotation": {"angle": 45, "axis": "z", "origin": [11.79394, 8.31595, 7.99224]},
			"faces": {
				"north": {"uv": [0, 15, 1, 16], "rotation": 90, "texture": "#0"},
				"east": {"uv": [0, 15, 1, 16], "rotation": 90, "texture": "#0"},
				"south": {"uv": [0, 15, 1, 16], "rotation": 90, "texture": "#0"},
				"west": {"uv": [0, 15, 1, 16], "rotation": 90, "texture": "#0"},
				"up": {"uv": [0, 15, 1, 16], "rotation": 90, "texture": "#0"},
				"down": {"uv": [0, 15, 1, 16], "rotation": 90, "texture": "#0"}
			}
		},
		{
			"from": [11.20359, 8.43717, 6.67224],
			"to": [12.52359, 10.41717, 9.31224],
			"rotation": {"angle": 22.5, "axis": "z", "origin": [13.8574, 10.54242, 8.00104]},
			"faces": {
				"north": {"uv": [0, 15, 1, 16], "rotation": 90, "texture": "#0"},
				"east": {"uv": [0, 15, 1, 16], "rotation": 90, "texture": "#0"},
				"south": {"uv": [0, 15, 1, 16], "rotation": 90, "texture": "#0"},
				"west": {"uv": [0, 15, 1, 16], "rotation": 90, "texture": "#0"},
				"up": {"uv": [0, 15, 1, 16], "rotation": 90, "texture": "#0"},
				"down": {"uv": [0, 15, 1, 16], "rotation": 90, "texture": "#0"}
			}
		},
		{
			"from": [10.13394, 8.32595, 6.67224],
			"to": [12.45394, 9.30595, 9.31224],
			"rotation": {"angle": 45, "axis": "z", "origin": [11.79394, 8.31595, 7.99224]},
			"faces": {
				"north": {"uv": [0, 15, 1, 16], "rotation": 90, "texture": "#0"},
				"east": {"uv": [0, 15, 1, 16], "rotation": 90, "texture": "#0"},
				"south": {"uv": [0, 15, 1, 16], "rotation": 90, "texture": "#0"},
				"west": {"uv": [0, 15, 1, 16], "rotation": 90, "texture": "#0"},
				"up": {"uv": [0, 15, 1, 16], "rotation": 90, "texture": "#0"},
				"down": {"uv": [0, 15, 1, 16], "rotation": 90, "texture": "#0"}
			}
		},
		{
			"from": [11.6932, 8.93497, 7.13424],
			"to": [13.0132, 11.31097, 8.85024],
			"rotation": {"angle": 45, "axis": "z", "origin": [13.8574, 10.54242, 8.00104]},
			"faces": {
				"north": {"uv": [0, 15, 1, 16], "rotation": 90, "texture": "#0"},
				"east": {"uv": [0, 15, 1, 16], "rotation": 90, "texture": "#0"},
				"south": {"uv": [0, 15, 1, 16], "rotation": 90, "texture": "#0"},
				"west": {"uv": [0, 15, 1, 16], "rotation": 90, "texture": "#0"},
				"up": {"uv": [0, 15, 1, 16], "rotation": 90, "texture": "#0"},
				"down": {"uv": [0, 15, 1, 16], "rotation": 90, "texture": "#0"}
			}
		},
		{
			"from": [13.0132, 9.09997, 7.29924],
			"to": [13.6732, 11.21197, 8.68524],
			"rotation": {"angle": 45, "axis": "z", "origin": [13.8574, 10.54242, 8.00104]},
			"faces": {
				"north": {"uv": [0, 15, 1, 16], "rotation": 90, "texture": "#0"},
				"east": {"uv": [0, 15, 1, 16], "rotation": 90, "texture": "#0"},
				"south": {"uv": [0, 15, 1, 16], "rotation": 90, "texture": "#0"},
				"west": {"uv": [0, 15, 1, 16], "rotation": 90, "texture": "#0"},
				"up": {"uv": [0, 15, 1, 16], "rotation": 90, "texture": "#0"},
				"down": {"uv": [0, 15, 1, 16], "rotation": 90, "texture": "#0"}
			}
		},
		{
			"from": [13.23856, 9.82023, 7.39824],
			"to": [15.02056, 10.97523, 8.61924],
			"rotation": {"angle": -22.5, "axis": "z", "origin": [13.8574, 10.54242, 8.00104]},
			"faces": {
				"north": {"uv": [0, 15, 1, 16], "texture": "#0"},
				"east": {"uv": [0, 15, 1, 16], "texture": "#0"},
				"south": {"uv": [0, 15, 1, 16], "texture": "#0"},
				"west": {"uv": [0, 15, 1, 16], "texture": "#0"},
				"up": {"uv": [0, 15, 1, 16], "texture": "#0"},
				"down": {"uv": [0, 15, 1, 16], "texture": "#0"}
			}
		},
		{
			"from": [13.40356, 10.97523, 7.49724],
			"to": [14.92156, 11.47023, 8.52024],
			"rotation": {"angle": -22.5, "axis": "z", "origin": [13.8574, 10.54242, 8.00104]},
			"faces": {
				"north": {"uv": [0, 15, 1, 16], "texture": "#0"},
				"east": {"uv": [0, 15, 1, 16], "texture": "#0"},
				"south": {"uv": [0, 15, 1, 16], "texture": "#0"},
				"west": {"uv": [0, 15, 1, 16], "texture": "#0"},
				"up": {"uv": [0, 15, 1, 16], "texture": "#0"},
				"down": {"uv": [0, 15, 1, 16], "texture": "#0"}
			}
		},
		{
			"from": [13.85266, 10.97689, 7.72824],
			"to": [15.10666, 11.86789, 8.28924],
			"rotation": {"angle": 0, "axis": "z", "origin": [13.8574, 10.54242, 8.00104]},
			"faces": {
				"north": {"uv": [0, 15, 1, 16], "texture": "#0"},
				"east": {"uv": [0, 15, 1, 16], "texture": "#0"},
				"south": {"uv": [0, 15, 1, 16], "texture": "#0"},
				"west": {"uv": [0, 15, 1, 16], "texture": "#0"},
				"up": {"uv": [0, 15, 1, 16], "texture": "#0"},
				"down": {"uv": [0, 15, 1, 16], "texture": "#0"}
			}
		},
		{
			"from": [14.01766, 11.70289, 7.72824],
			"to": [14.87566, 12.52789, 8.28924],
			"rotation": {"angle": 0, "axis": "z", "origin": [13.8574, 10.54242, 8.00104]},
			"faces": {
				"north": {"uv": [0, 15, 1, 16], "texture": "#0"},
				"east": {"uv": [0, 15, 1, 16], "texture": "#0"},
				"south": {"uv": [0, 15, 1, 16], "texture": "#0"},
				"west": {"uv": [0, 15, 1, 16], "texture": "#0"},
				"up": {"uv": [0, 15, 1, 16], "texture": "#0"},
				"down": {"uv": [0, 15, 1, 16], "texture": "#0"}
			}
		},
		{
			"from": [11.6932, 9.26497, 6.80424],
			"to": [13.0132, 10.98097, 9.18024],
			"rotation": {"angle": 45, "axis": "z", "origin": [13.8574, 10.54242, 8.00104]},
			"faces": {
				"north": {"uv": [0, 15, 1, 16], "rotation": 90, "texture": "#0"},
				"east": {"uv": [0, 15, 1, 16], "rotation": 90, "texture": "#0"},
				"south": {"uv": [0, 15, 1, 16], "rotation": 90, "texture": "#0"},
				"west": {"uv": [0, 15, 1, 16], "rotation": 90, "texture": "#0"},
				"up": {"uv": [0, 15, 1, 16], "rotation": 90, "texture": "#0"},
				"down": {"uv": [0, 15, 1, 16], "rotation": 90, "texture": "#0"}
			}
		},
		{
			"from": [13.0132, 9.42997, 6.96924],
			"to": [13.6732, 10.81597, 9.01524],
			"rotation": {"angle": 45, "axis": "z", "origin": [13.8574, 10.54242, 8.00104]},
			"faces": {
				"north": {"uv": [0, 15, 1, 16], "rotation": 90, "texture": "#0"},
				"east": {"uv": [0, 15, 1, 16], "rotation": 90, "texture": "#0"},
				"south": {"uv": [0, 15, 1, 16], "rotation": 90, "texture": "#0"},
				"west": {"uv": [0, 15, 1, 16], "rotation": 90, "texture": "#0"},
				"up": {"uv": [0, 15, 1, 16], "rotation": 90, "texture": "#0"},
				"down": {"uv": [0, 15, 1, 16], "rotation": 90, "texture": "#0"}
			}
		},
		{
			"from": [13.56856, 9.82023, 7.06824],
			"to": [14.75656, 10.97523, 8.94924],
			"rotation": {"angle": -22.5, "axis": "z", "origin": [13.8574, 10.54242, 8.00104]},
			"faces": {
				"north": {"uv": [0, 15, 1, 16], "texture": "#0"},
				"east": {"uv": [0, 15, 1, 16], "texture": "#0"},
				"south": {"uv": [0, 15, 1, 16], "texture": "#0"},
				"west": {"uv": [0, 15, 1, 16], "texture": "#0"},
				"up": {"uv": [0, 15, 1, 16], "texture": "#0"},
				"down": {"uv": [0, 15, 1, 16], "texture": "#0"}
			}
		},
		{
			"from": [13.60156, 10.97523, 7.23324],
			"to": [14.65756, 11.47023, 8.78424],
			"rotation": {"angle": -22.5, "axis": "z", "origin": [13.8574, 10.54242, 8.00104]},
			"faces": {
				"north": {"uv": [0, 15, 1, 16], "texture": "#0"},
				"east": {"uv": [0, 15, 1, 16], "texture": "#0"},
				"south": {"uv": [0, 15, 1, 16], "texture": "#0"},
				"west": {"uv": [0, 15, 1, 16], "texture": "#0"},
				"up": {"uv": [0, 15, 1, 16], "texture": "#0"},
				"down": {"uv": [0, 15, 1, 16], "texture": "#0"}
			}
		},
		{
			"from": [14.11666, 10.97689, 7.39824],
			"to": [14.90866, 11.86789, 8.61924],
			"rotation": {"angle": 0, "axis": "z", "origin": [13.8574, 10.54242, 8.00104]},
			"faces": {
				"north": {"uv": [0, 15, 1, 16], "texture": "#0"},
				"east": {"uv": [0, 15, 1, 16], "texture": "#0"},
				"south": {"uv": [0, 15, 1, 16], "texture": "#0"},
				"west": {"uv": [0, 15, 1, 16], "texture": "#0"},
				"up": {"uv": [0, 15, 1, 16], "texture": "#0"},
				"down": {"uv": [0, 15, 1, 16], "texture": "#0"}
			}
		},
		{
			"from": [14.21566, 11.70289, 7.56324],
			"to": [14.67766, 12.52789, 8.45424],
			"rotation": {"angle": 0, "axis": "z", "origin": [13.8574, 10.54242, 8.00104]},
			"faces": {
				"north": {"uv": [0, 15, 1, 16], "texture": "#0"},
				"east": {"uv": [0, 15, 1, 16], "texture": "#0"},
				"south": {"uv": [0, 15, 1, 16], "texture": "#0"},
				"west": {"uv": [0, 15, 1, 16], "texture": "#0"},
				"up": {"uv": [0, 15, 1, 16], "texture": "#0"},
				"down": {"uv": [0, 15, 1, 16], "texture": "#0"}
			}
		},
		{
			"name": "head",
			"from": [4.0394, 2.73866, 4.6052],
			"to": [11.9606, 8.11376, 10.2632],
			"rotation": {"angle": 0, "axis": "y", "origin": [8, 10.25, 8]},
			"faces": {
				"north": {"uv": [4, 2, 6, 4], "texture": "#1"},
				"east": {"uv": [4, 2, 6, 4], "texture": "#1"},
				"south": {"uv": [4, 2, 6, 4], "texture": "#1"},
				"west": {"uv": [4, 2, 6, 4], "texture": "#1"},
				"up": {"uv": [4, 2, 6, 4], "texture": "#1"},
				"down": {"uv": [4, 2, 6, 4], "texture": "#1"}
			}
		},
		{
			"name": "head",
			"from": [5.171, 2.73866, 3.4736],
			"to": [10.829, 8.11376, 4.6052],
			"rotation": {"angle": 0, "axis": "y", "origin": [8, 10.25, 8]},
			"faces": {
				"north": {"uv": [4, 2, 6, 4], "texture": "#1"},
				"east": {"uv": [4, 2, 6, 4], "texture": "#1"},
				"south": {"uv": [4, 2, 6, 4], "texture": "#1"},
				"west": {"uv": [4, 2, 6, 4], "texture": "#1"},
				"up": {"uv": [4, 2, 6, 4], "texture": "#1"},
				"down": {"uv": [4, 2, 6, 4], "texture": "#1"}
			}
		},
		{
			"name": "head",
			"from": [5.171, 2.73866, 10.2632],
			"to": [10.829, 8.11376, 11.3948],
			"rotation": {"angle": 0, "axis": "y", "origin": [8, 10.25, 8]},
			"faces": {
				"north": {"uv": [4, 2, 6, 4], "texture": "#1"},
				"east": {"uv": [4, 2, 6, 4], "texture": "#1"},
				"south": {"uv": [4, 2, 6, 4], "texture": "#1"},
				"west": {"uv": [4, 2, 6, 4], "texture": "#1"},
				"up": {"uv": [4, 2, 6, 4], "texture": "#1"},
				"down": {"uv": [4, 2, 6, 4], "texture": "#1"}
			}
		},
		{
			"name": "head",
			"from": [5.171, 1.60706, 4.6052],
			"to": [10.829, 2.73866, 10.2632],
			"rotation": {"angle": 0, "axis": "y", "origin": [8, 10.25, 8]},
			"faces": {
				"north": {"uv": [4, 2, 6, 4], "texture": "#1"},
				"east": {"uv": [4, 2, 6, 4], "texture": "#1"},
				"south": {"uv": [4, 2, 6, 4], "texture": "#1"},
				"west": {"uv": [4, 2, 6, 4], "texture": "#1"},
				"up": {"uv": [4, 2, 6, 4], "texture": "#1"},
				"down": {"uv": [4, 2, 6, 4], "texture": "#1"}
			}
		},
		{
			"name": "head",
			"from": [6.3026, 0.03386, 5.7368],
			"to": [9.6974, 1.60706, 9.1316],
			"rotation": {"angle": 0, "axis": "y", "origin": [8, 10.25, 8]},
			"faces": {
				"north": {"uv": [4, 2, 6, 4], "texture": "#1"},
				"east": {"uv": [4, 2, 6, 4], "texture": "#1"},
				"south": {"uv": [4, 2, 6, 4], "texture": "#1"},
				"west": {"uv": [4, 2, 6, 4], "texture": "#1"},
				"up": {"uv": [4, 2, 6, 4], "texture": "#1"},
				"down": {"uv": [4, 2, 6, 4], "texture": "#1"}
			}
		},
		{
			"name": "head",
			"from": [5.171, -0.18694, 4.6052],
			"to": [10.829, 0.37886, 10.2632],
			"rotation": {"angle": 0, "axis": "y", "origin": [8, 10.25, 8]},
			"faces": {
				"north": {"uv": [4, 2, 6, 4], "texture": "#1"},
				"east": {"uv": [4, 2, 6, 4], "texture": "#1"},
				"south": {"uv": [4, 2, 6, 4], "texture": "#1"},
				"west": {"uv": [4, 2, 6, 4], "texture": "#1"},
				"up": {"uv": [4, 2, 6, 4], "texture": "#1"},
				"down": {"uv": [4, 2, 6, 4], "texture": "#1"}
			}
		},
		{
			"name": "head",
			"from": [5.171, 7.26506, 4.6052],
			"to": [10.829, 9.24536, 10.2632],
			"rotation": {"angle": 0, "axis": "y", "origin": [8, 10.25, 8]},
			"faces": {
				"north": {"uv": [4, 2, 6, 4], "texture": "#1"},
				"east": {"uv": [4, 2, 6, 4], "texture": "#1"},
				"south": {"uv": [4, 2, 6, 4], "texture": "#1"},
				"west": {"uv": [4, 2, 6, 4], "texture": "#1"},
				"up": {"uv": [4, 2, 6, 4], "texture": "#1"},
				"down": {"uv": [4, 2, 6, 4], "texture": "#1"}
			}
		},
		{
			"name": "head",
			"from": [4.6052, -0.75274, 4.0394],
			"to": [11.3948, -0.18694, 10.829],
			"rotation": {"angle": 0, "axis": "y", "origin": [8, 10.25, 8]},
			"faces": {
				"north": {"uv": [4, 2, 6, 4], "texture": "#1"},
				"east": {"uv": [4, 2, 6, 4], "texture": "#1"},
				"south": {"uv": [4, 2, 6, 4], "texture": "#1"},
				"west": {"uv": [4, 2, 6, 4], "texture": "#1"},
				"up": {"uv": [4, 2, 6, 4], "texture": "#1"},
				"down": {"uv": [4, 2, 6, 4], "texture": "#1"}
			}
		}
	],
	"display": {
		"thirdperson_righthand": {
			"rotation": [75, 45, 0],
			"translation": [0, 2.5, 0],
			"scale": [0.375, 0.375, 0.375]
		},
		"thirdperson_lefthand": {
			"rotation": [75, 45, 0],
			"translation": [0, 2.5, 0],
			"scale": [0.375, 0.375, 0.375]
		},
		"firstperson_righthand": {
			"rotation": [0, 132.5, 0],
			"translation": [1.25, 3.75, 0],
			"scale": [0.4, 0.4, 0.4]
		},
		"firstperson_lefthand": {
			"rotation": [0, 132.5, 0],
			"translation": [1.25, 3.75, 0],
			"scale": [0.4, 0.4, 0.4]
		},
		"ground": {
			"translation": [0, 2.75, 0],
			"scale": [0.8, 0.8, 0.8]
		},
		"gui": {
			"rotation": [30, -155, 0],
			"translation": [0, 2, 0],
			"scale": [0.8, 0.8, 0.8]
		},
		"head": {
			"translation": [0, 4.75, -0.5],
			"scale": [1.25234, 1.25234, 1.25234]
		},
		"fixed": {
			"rotation": [-90, 0, 0],
			"translation": [0, 0, -16.5],
			"scale": [2, 2, 2]
		}
	},
	"groups": [
		{
			"name": "Horn",
			"origin": [4.43339, 5.18708, 2.525],
			"children": [0, 1, 2, 3, 4, 5, 6, 7, 8, 9, 10, 11, 12, 13, 14, 15, 16]
		},
		{
			"name": "Horn",
			"origin": [4.43339, 5.18708, 2.525],
			"children": [17, 18, 19, 20, 21, 22, 23, 24, 25, 26, 27, 28, 29, 30, 31, 32, 33]
		},
		{
			"name": "horns_curled_red",
			"origin": [8, 8, 8],
			"children": [
				{
					"name": "steve",
					"origin": [8, 8, 8],
					"children": [34, 35, 36, 37, 38, 39, 40, 41]
				}
			]
		}
	]
}