{
	"credit": "Made with Blockbench",
	"texture_size": [64, 64],
	"textures": {
		"1": "item/decor/hotel/classic_hotel_adorned_vase"
	},
	"elements": [
		{
			"from": [3, 0, 3],
			"to": [13, 2, 13],
			"faces": {
				"north": {"uv": [0, 11.5, 2.5, 12], "texture": "#1"},
				"east": {"uv": [6, 11.5, 8.5, 12], "texture": "#1"},
				"south": {"uv": [0, 12, 2.5, 12.5], "texture": "#1"},
				"west": {"uv": [2.5, 12, 5, 12.5], "texture": "#1"},
				"up": {"uv": [9, 5.5, 6.5, 3], "texture": "#1"},
				"down": {"uv": [9, 5.5, 6.5, 8], "texture": "#1"}
			}
		},
		{
			"from": [5, 2, 5],
			"to": [11, 8, 11],
			"faces": {
				"north": {"uv": [9.5, 1.5, 11, 3], "texture": "#1", "tintindex": 0},
				"east": {"uv": [6, 9.5, 7.5, 11], "texture": "#1", "tintindex": 0},
				"south": {"uv": [7.5, 9.5, 9, 11], "texture": "#1", "tintindex": 0},
				"west": {"uv": [9.5, 7.5, 11, 9], "texture": "#1", "tintindex": 0},
				"up": {"uv": [10.5, 11, 9, 9.5], "texture": "#1", "tintindex": 0},
				"down": {"uv": [1.5, 10, 0, 11.5], "texture": "#1", "tintindex": 0}
			}
		},
		{
			"from": [2, 8, 2],
			"to": [14, 14, 14],
			"faces": {
				"north": {"uv": [0, 7, 3, 8.5], "texture": "#1", "tintindex": 0},
				"east": {"uv": [6.5, 8, 9.5, 9.5], "texture": "#1", "tintindex": 0},
				"south": {"uv": [0, 8.5, 3, 10], "texture": "#1", "tintindex": 0},
				"west": {"uv": [3, 9, 6, 10.5], "texture": "#1", "tintindex": 0},
				"up": {"uv": [6.5, 3, 3.5, 0], "texture": "#1", "tintindex": 0},
				"down": {"uv": [6.5, 3, 3.5, 6], "texture": "#1", "tintindex": 0}
			}
		},
		{
			"from": [2, 8, 2],
			"to": [14, 14, 14],
			"faces": {
				"north": {"uv": [9, 3, 12, 4.5], "texture": "#1"},
				"east": {"uv": [9, 4.5, 12, 6], "texture": "#1"},
				"south": {"uv": [9, 6, 12, 7.5], "texture": "#1"},
				"west": {"uv": [9.5, 0, 12.5, 1.5], "texture": "#1"},
				"up": {"uv": [6.5, 9, 3.5, 6], "texture": "#1"},
				"down": {"uv": [9.5, 0, 6.5, 3], "texture": "#1"}
			}
		},
		{
			"from": [5, 2, 5],
			"to": [11, 8, 11],
			"faces": {
				"north": {"uv": [1.5, 10, 3, 11.5], "texture": "#1"},
				"east": {"uv": [3, 10.5, 4.5, 12], "texture": "#1"},
				"south": {"uv": [4.5, 10.5, 6, 12], "texture": "#1"},
				"west": {"uv": [10.5, 9, 12, 10.5], "texture": "#1"},
				"up": {"uv": [12, 12, 10.5, 10.5], "texture": "#1"},
				"down": {"uv": [12.5, 1.5, 11, 3], "texture": "#1"}
			}
		},
		{
			"from": [1, 14, 1],
			"to": [15, 16, 15],
			"faces": {
				"north": {"uv": [6, 11, 9.5, 11.5], "texture": "#1"},
				"east": {"uv": [11, 7.5, 14.5, 8], "texture": "#1"},
				"south": {"uv": [11, 8, 14.5, 8.5], "texture": "#1"},
				"west": {"uv": [11, 8.5, 14.5, 9], "texture": "#1"},
				"up": {"uv": [3.5, 3.5, 0, 0], "texture": "#1"},
				"down": {"uv": [3.5, 3.5, 0, 7], "texture": "#1"}
			}
		}
	],
	"display": {
		"thirdperson_righthand": {
			"rotation": [75, 45, 0],
			"translation": [0, 2.5, 0],
			"scale": [0.375, 0.375, 0.375]
		},
		"thirdperson_lefthand": {
			"rotation": [75, 45, 0],
			"translation": [0, 2.5, 0],
			"scale": [0.375, 0.375, 0.375]
		},
		"firstperson_righthand": {
			"rotation": [0, 45, 0],
			"scale": [0.4, 0.4, 0.4]
		},
		"firstperson_lefthand": {
			"rotation": [0, 225, 0],
			"scale": [0.4, 0.4, 0.4]
		},
		"ground": {
			"translation": [0, 3, 0],
			"scale": [0.25, 0.25, 0.25]
		},
		"gui": {
			"rotation": [30, 225, 0],
			"translation": [0, -0.75, 0],
			"scale": [0.625, 0.625, 0.625]
		},
		"head": {
			"translation": [0, -32, 0],
			"scale": [1.4, 1.4, 1.4]
		},
		"fixed": {
			"rotation": [-90, 0, 0],
			"translation": [0, 0, -16],
			"scale": [2, 2, 2]
		}
	}
}