{
	"credit": "Made with Blockbench",
	"texture_size": [64, 64],
	"textures": {
		"2": "item/decor/hotel/classic_hotel_vase",
		"particle": "item/decor/hotel/classic_hotel_vase"
	},
	"elements": [
		{
			"from": [3, 0, 3],
			"to": [13, 2, 13],
			"faces": {
				"north": {"uv": [8.5, 7.5, 11, 8], "texture": "#2"},
				"east": {"uv": [8.5, 8, 11, 8.5], "texture": "#2"},
				"south": {"uv": [6, 9, 8.5, 9.5], "texture": "#2"},
				"west": {"uv": [8.5, 9, 11, 9.5], "texture": "#2"},
				"up": {"uv": [6, 8.5, 3.5, 6], "texture": "#2"},
				"down": {"uv": [8.5, 6, 6, 8.5], "texture": "#2"}
			}
		},
		{
			"from": [2, 8, 2],
			"to": [14, 14, 14],
			"faces": {
				"north": {"uv": [6.5, 0, 9.5, 1.5], "texture": "#2"},
				"east": {"uv": [6.5, 1.5, 9.5, 3], "texture": "#2"},
				"south": {"uv": [6.5, 3, 9.5, 4.5], "texture": "#2"},
				"west": {"uv": [6.5, 4.5, 9.5, 6], "texture": "#2"},
				"up": {"uv": [6.5, 3, 3.5, 0], "texture": "#2"},
				"down": {"uv": [6.5, 3, 3.5, 6], "texture": "#2"}
			}
		},
		{
			"from": [5, 2, 5],
			"to": [11, 8, 11],
			"faces": {
				"north": {"uv": [0, 7, 1.5, 8.5], "texture": "#2"},
				"east": {"uv": [1.5, 7, 3, 8.5], "texture": "#2"},
				"south": {"uv": [0, 8.5, 1.5, 10], "texture": "#2"},
				"west": {"uv": [1.5, 8.5, 3, 10], "texture": "#2"},
				"up": {"uv": [4.5, 10, 3, 8.5], "texture": "#2"},
				"down": {"uv": [6, 8.5, 4.5, 10], "texture": "#2"}
			}
		},
		{
			"from": [1, 14, 1],
			"to": [15, 16, 15],
			"faces": {
				"north": {"uv": [6, 8.5, 9.5, 9], "texture": "#2"},
				"east": {"uv": [8.5, 6, 12, 6.5], "texture": "#2"},
				"south": {"uv": [8.5, 6.5, 12, 7], "texture": "#2"},
				"west": {"uv": [8.5, 7, 12, 7.5], "texture": "#2"},
				"up": {"uv": [3.5, 3.5, 0, 0], "texture": "#2"},
				"down": {"uv": [3.5, 3.5, 0, 7], "texture": "#2"}
			}
		}
	],
	"display": {
		"thirdperson_righthand": {
			"rotation": [75, 45, 0],
			"translation": [0, 2.5, 0],
			"scale": [0.375, 0.375, 0.375]
		},
		"thirdperson_lefthand": {
			"rotation": [75, 45, 0],
			"translation": [0, 2.5, 0],
			"scale": [0.375, 0.375, 0.375]
		},
		"firstperson_righthand": {
			"rotation": [0, 45, 0],
			"scale": [0.4, 0.4, 0.4]
		},
		"firstperson_lefthand": {
			"rotation": [0, 225, 0],
			"scale": [0.4, 0.4, 0.4]
		},
		"ground": {
			"translation": [0, 3, 0],
			"scale": [0.25, 0.25, 0.25]
		},
		"gui": {
			"rotation": [30, 225, 0],
			"translation": [0, -0.75, 0],
			"scale": [0.625, 0.625, 0.625]
		},
		"head": {
			"translation": [0, -32, 0],
			"scale": [1.4, 1.4, 1.4]
		},
		"fixed": {
			"rotation": [-90, 0, 0],
			"translation": [0, 0, -16],
			"scale": [2, 2, 2]
		}
	}
}