{
	"credit": "Made with Blockbench",
	"texture_size": [64, 64],
	"textures": {
		"1": "item/decor/hotel/classic_hotel_table"
	},
	"elements": [
		{
			"from": [7, 0, 0],
			"to": [9, 2, 16],
			"rotation": {"angle": -45, "axis": "y", "origin": [8, 1, 8]},
			"faces": {
				"north": {"uv": [8, 7.25, 8.5, 7.75], "texture": "#1"},
				"east": {"uv": [7, 5.25, 11, 5.75], "texture": "#1"},
				"south": {"uv": [8, 7.75, 8.5, 8.25], "texture": "#1"},
				"west": {"uv": [7, 5.75, 11, 6.25], "texture": "#1"},
				"up": {"uv": [7.5, 10.25, 7, 6.25], "texture": "#1"},
				"down": {"uv": [8, 6.25, 7.5, 10.25], "texture": "#1"}
			}
		},
		{
			"from": [0, 0, 7],
			"to": [16, 2, 9],
			"rotation": {"angle": -45, "axis": "y", "origin": [8, 1, 8]},
			"faces": {
				"north": {"uv": [8, 0, 12, 0.5], "texture": "#1"},
				"east": {"uv": [8, 8.25, 8.5, 8.75], "texture": "#1"},
				"south": {"uv": [8, 0.5, 12, 1], "texture": "#1"},
				"west": {"uv": [8.5, 7.25, 9, 7.75], "texture": "#1"},
				"up": {"uv": [12, 1.5, 8, 1], "texture": "#1"},
				"down": {"uv": [12, 1.5, 8, 2], "texture": "#1"}
			}
		},
		{
			"from": [6, 0, 6],
			"to": [10, 14, 10],
			"faces": {
				"north": {"uv": [6, 0, 7, 3.25], "texture": "#1"},
				"east": {"uv": [6, 3.25, 7, 6.5], "texture": "#1"},
				"south": {"uv": [6, 6.5, 7, 9.75], "texture": "#1"},
				"west": {"uv": [7, 0, 8, 3.25], "texture": "#1"},
				"up": {"uv": [9, 3, 8, 2], "texture": "#1"},
				"down": {"uv": [9, 6.25, 8, 7.25], "texture": "#1"}
			}
		},
		{
			"from": [-4, 14, -4],
			"to": [20, 16, 20],
			"faces": {
				"north": {"uv": [7, 3.25, 13, 3.75], "texture": "#1"},
				"east": {"uv": [7, 3.75, 13, 4.25], "texture": "#1"},
				"south": {"uv": [7, 4.25, 13, 4.75], "texture": "#1"},
				"west": {"uv": [7, 4.75, 13, 5.25], "texture": "#1"},
				"up": {"uv": [6, 6, 0, 0], "texture": "#1"},
				"down": {"uv": [6, 6, 0, 12], "texture": "#1"}
			}
		}
	],
	"display": {
		"thirdperson_righthand": {
			"rotation": [75, 45, 0],
			"translation": [0, 2.5, 0],
			"scale": [0.375, 0.375, 0.375]
		},
		"thirdperson_lefthand": {
			"rotation": [75, 45, 0],
			"translation": [0, 2.5, 0],
			"scale": [0.375, 0.375, 0.375]
		},
		"firstperson_righthand": {
			"rotation": [0, 45, 0],
			"scale": [0.4, 0.4, 0.4]
		},
		"firstperson_lefthand": {
			"rotation": [0, 225, 0],
			"scale": [0.4, 0.4, 0.4]
		},
		"ground": {
			"translation": [0, 3, 0],
			"scale": [0.25, 0.25, 0.25]
		},
		"gui": {
			"rotation": [30, 225, 0],
			"translation": [0, -0.5, 0],
			"scale": [0.4, 0.4, 0.4]
		},
		"head": {
			"translation": [0, -30.75, 0],
			"scale": [1.5, 1.5, 1.5]
		},
		"fixed": {
			"rotation": [-90, 0, 0],
			"translation": [0, 0, -16],
			"scale": [2, 2, 2]
		}
	}
}