{
	"credit": "Made with Blockbench",
	"texture_size": [256, 256],
	"textures": {
		"1": "item/decor/hotel/classic_hotel_china_cabinet",
		"particle": "item/decor/hotel/classic_hotel_china_cabinet"
	},
	"elements": [
		{
			"from": [-13.5, -14, 1],
			"to": [-1.5, 26, 16],
			"faces": {
				"north": {"uv": [2.8125, 2.5, 3.5625, 5], "texture": "#1"},
				"east": {"uv": [2.375, 0, 3.3125, 2.5], "texture": "#1"},
				"south": {"uv": [3.3125, 0, 4.0625, 2.5], "texture": "#1"},
				"west": {"uv": [0, 2.5, 0.9375, 5], "texture": "#1"},
				"up": {"uv": [6.0625, 0.9375, 5.3125, 0], "texture": "#1"},
				"down": {"uv": [6.0625, 0.9375, 5.3125, 1.875], "texture": "#1"}
			}
		},
		{
			"from": [-14.5, 26, 0],
			"to": [-0.5, 28, 16],
			"faces": {
				"north": {"uv": [6.875, 5, 7.75, 5.125], "texture": "#1"},
				"east": {"uv": [6.6875, 4, 7.6875, 4.125], "texture": "#1"},
				"south": {"uv": [6.875, 5.125, 7.75, 5.25], "texture": "#1"},
				"west": {"uv": [6.875, 4.125, 7.875, 4.25], "texture": "#1"},
				"up": {"uv": [5.6875, 3.5, 4.8125, 2.5], "texture": "#1"},
				"down": {"uv": [5.6875, 3.5, 4.8125, 4.5], "texture": "#1"}
			}
		},
		{
			"from": [-0.5, 26, 7],
			"to": [16.5, 28, 16],
			"faces": {
				"north": {"uv": [6.6875, 3.5, 7.75, 3.625], "texture": "#1"},
				"east": {"uv": [7.1875, 1.4375, 7.75, 1.5625], "texture": "#1"},
				"south": {"uv": [6.6875, 3.625, 7.75, 3.75], "texture": "#1"},
				"west": {"uv": [7.1875, 1.5625, 7.75, 1.6875], "texture": "#1"},
				"up": {"uv": [7.4375, 6.0625, 6.375, 5.5], "texture": "#1"},
				"down": {"uv": [7.4375, 6.0625, 6.375, 6.625], "texture": "#1"}
			}
		},
		{
			"from": [-14.5, -16, 0],
			"to": [-0.5, -14, 16],
			"faces": {
				"north": {"uv": [6.875, 5.25, 7.75, 5.375], "texture": "#1"},
				"east": {"uv": [6.875, 4.25, 7.875, 4.375], "texture": "#1"},
				"south": {"uv": [6.875, 5.375, 7.75, 5.5], "texture": "#1"},
				"west": {"uv": [6.875, 4.375, 7.875, 4.5], "texture": "#1"},
				"up": {"uv": [5.6875, 5.5, 4.8125, 4.5], "texture": "#1"},
				"down": {"uv": [0.875, 5, 0, 6], "texture": "#1"}
			}
		},
		{
			"from": [17.5, -14, 1],
			"to": [29.5, 26, 16],
			"rotation": {"angle": 0, "axis": "y", "origin": [16, 0, 0]},
			"faces": {
				"north": {"uv": [3.5625, 2.5, 4.3125, 5], "texture": "#1"},
				"east": {"uv": [0.9375, 2.5, 1.875, 5], "texture": "#1"},
				"south": {"uv": [4.0625, 0, 4.8125, 2.5], "texture": "#1"},
				"west": {"uv": [1.875, 2.5, 2.8125, 5], "texture": "#1"},
				"up": {"uv": [5.125, 6.4375, 4.375, 5.5], "texture": "#1"},
				"down": {"uv": [5.875, 5.5, 5.125, 6.4375], "texture": "#1"}
			}
		},
		{
			"from": [16.5, 26, 0],
			"to": [30.5, 28, 16],
			"rotation": {"angle": 0, "axis": "y", "origin": [16, 0, 0]},
			"faces": {
				"north": {"uv": [4, 7.125, 4.875, 7.25], "texture": "#1"},
				"east": {"uv": [6.875, 4.75, 7.875, 4.875], "texture": "#1"},
				"south": {"uv": [4.875, 7.125, 5.75, 7.25], "texture": "#1"},
				"west": {"uv": [6.875, 4.875, 7.875, 5], "texture": "#1"},
				"up": {"uv": [3.5, 6, 2.625, 5], "texture": "#1"},
				"down": {"uv": [4.375, 5, 3.5, 6], "texture": "#1"}
			}
		},
		{
			"from": [16.5, -16, 0],
			"to": [30.5, -14, 16],
			"rotation": {"angle": 0, "axis": "y", "origin": [16, 0, 0]},
			"faces": {
				"north": {"uv": [4, 7, 4.875, 7.125], "texture": "#1"},
				"east": {"uv": [6.875, 4.5, 7.875, 4.625], "texture": "#1"},
				"south": {"uv": [4.875, 7, 5.75, 7.125], "texture": "#1"},
				"west": {"uv": [6.875, 4.625, 7.875, 4.75], "texture": "#1"},
				"up": {"uv": [1.75, 6, 0.875, 5], "texture": "#1"},
				"down": {"uv": [2.625, 5, 1.75, 6], "texture": "#1"}
			}
		},
		{
			"from": [-0.5, -16, 7],
			"to": [16.5, -14, 16],
			"faces": {
				"north": {"uv": [6.6875, 3.75, 7.75, 3.875], "texture": "#1"},
				"east": {"uv": [7.1875, 1.6875, 7.75, 1.8125], "texture": "#1"},
				"south": {"uv": [6.6875, 3.875, 7.75, 4], "texture": "#1"},
				"west": {"uv": [7.1875, 1.8125, 7.75, 1.9375], "texture": "#1"},
				"up": {"uv": [5.0625, 7, 4, 6.4375], "texture": "#1"},
				"down": {"uv": [7.625, 0, 6.5625, 0.5625], "texture": "#1"}
			}
		},
		{
			"from": [-1.5, -14, 8],
			"to": [17.5, 26, 16],
			"faces": {
				"north": {"uv": [0, 0, 1.1875, 2.5], "texture": "#1"},
				"east": {"uv": [4.3125, 2.5, 4.8125, 5], "texture": "#1"},
				"south": {"uv": [1.1875, 0, 2.375, 2.5], "texture": "#1"},
				"west": {"uv": [4.8125, 0, 5.3125, 2.5], "texture": "#1"},
				"up": {"uv": [7.75, 1.0625, 6.5625, 0.5625], "texture": "#1"},
				"down": {"uv": [7.5625, 6.625, 6.375, 7.125], "texture": "#1"}
			}
		},
		{
			"from": [-0.5, -13, 7.5],
			"to": [16.5, -10, 8.5],
			"faces": {
				"north": {"uv": [6.6875, 2.75, 7.75, 2.9375], "texture": "#1"},
				"east": {"uv": [4.6875, 5.3125, 4.75, 5.5], "texture": "#1"},
				"south": {"uv": [6.6875, 2.9375, 7.75, 3.125], "texture": "#1"},
				"west": {"uv": [4.75, 5.3125, 4.8125, 5.5], "texture": "#1"},
				"up": {"uv": [8.25, 2, 7.1875, 1.9375], "texture": "#1"},
				"down": {"uv": [8.25, 2, 7.1875, 2.0625], "texture": "#1"}
			}
		},
		{
			"from": [5.5, -12, 7.5],
			"to": [10.5, -10, 7.5],
			"rotation": {"angle": 22.5, "axis": "x", "origin": [8, -10, 7.5]},
			"faces": {
				"north": {"uv": [4.375, 5, 4.6875, 5.125], "texture": "#1"},
				"east": {"uv": [0, 0, 0, 0.125], "texture": "#1"},
				"south": {"uv": [4.375, 5.125, 4.6875, 5.25], "texture": "#1"},
				"west": {"uv": [0, 0, 0, 0.125], "texture": "#1"},
				"up": {"uv": [0.3125, 0, 0, 0], "texture": "#1"},
				"down": {"uv": [0.3125, 0, 0, 0], "texture": "#1"}
			}
		},
		{
			"from": [5.5, -8, 7.5],
			"to": [10.5, -6, 7.5],
			"rotation": {"angle": 22.5, "axis": "x", "origin": [8, -6, 7.5]},
			"faces": {
				"north": {"uv": [4.375, 5.25, 4.6875, 5.375], "texture": "#1"},
				"east": {"uv": [0, 0, 0, 0.125], "texture": "#1"},
				"south": {"uv": [5.3125, 1.875, 5.625, 2], "texture": "#1"},
				"west": {"uv": [0, 0, 0, 0.125], "texture": "#1"},
				"up": {"uv": [0.3125, 0, 0, 0], "texture": "#1"},
				"down": {"uv": [0.3125, 0, 0, 0], "texture": "#1"}
			}
		},
		{
			"from": [-0.5, -9, 7.5],
			"to": [16.5, -6, 8.5],
			"rotation": {"angle": 0, "axis": "y", "origin": [0, 4, 0]},
			"faces": {
				"north": {"uv": [6.6875, 3.125, 7.75, 3.3125], "texture": "#1"},
				"east": {"uv": [5.6875, 5.1875, 5.75, 5.375], "texture": "#1"},
				"south": {"uv": [6.6875, 3.3125, 7.75, 3.5], "texture": "#1"},
				"west": {"uv": [5.75, 5.1875, 5.8125, 5.375], "texture": "#1"},
				"up": {"uv": [8.25, 2.125, 7.1875, 2.0625], "texture": "#1"},
				"down": {"uv": [8.25, 2.125, 7.1875, 2.1875], "texture": "#1"}
			}
		},
		{
			"from": [-0.5, -5, 7.5],
			"to": [7.5, -2, 8.5],
			"faces": {
				"north": {"uv": [6.375, 7.125, 6.875, 7.3125], "texture": "#1"},
				"east": {"uv": [5.5625, 2.3125, 5.625, 2.5], "texture": "#1"},
				"south": {"uv": [6.875, 7.125, 7.375, 7.3125], "texture": "#1"},
				"west": {"uv": [5.625, 2.3125, 5.6875, 2.5], "texture": "#1"},
				"up": {"uv": [7.6875, 2.25, 7.1875, 2.1875], "texture": "#1"},
				"down": {"uv": [7.6875, 2.25, 7.1875, 2.3125], "texture": "#1"}
			}
		},
		{
			"from": [1.5, -4, 7.5],
			"to": [5.5, -2, 7.5],
			"rotation": {"angle": 22.5, "axis": "x", "origin": [3.5, -2, 7.5]},
			"faces": {
				"north": {"uv": [5.3125, 2.3125, 5.5625, 2.4375], "texture": "#1"},
				"east": {"uv": [0, 0, 0, 0.125], "texture": "#1"},
				"south": {"uv": [4.375, 5.375, 4.625, 5.5], "texture": "#1"},
				"west": {"uv": [0, 0, 0, 0.125], "texture": "#1"},
				"up": {"uv": [0.25, 0, 0, 0], "texture": "#1"},
				"down": {"uv": [0.25, 0, 0, 0], "texture": "#1"}
			}
		},
		{
			"from": [8.5, -5, 7.5],
			"to": [16.5, -2, 8.5],
			"rotation": {"angle": 0, "axis": "y", "origin": [9, 0, 0]},
			"faces": {
				"north": {"uv": [7.1875, 1.0625, 7.6875, 1.25], "texture": "#1"},
				"east": {"uv": [5.8125, 5.1875, 5.875, 5.375], "texture": "#1"},
				"south": {"uv": [7.1875, 1.25, 7.6875, 1.4375], "texture": "#1"},
				"west": {"uv": [4.25, 6, 4.3125, 6.1875], "texture": "#1"},
				"up": {"uv": [7.6875, 2.375, 7.1875, 2.3125], "texture": "#1"},
				"down": {"uv": [7.6875, 2.375, 7.1875, 2.4375], "texture": "#1"}
			}
		},
		{
			"from": [10.5, -4, 7.5],
			"to": [14.5, -2, 7.5],
			"rotation": {"angle": 22.5, "axis": "x", "origin": [12.5, -2, 7.5]},
			"faces": {
				"north": {"uv": [4, 6, 4.25, 6.125], "texture": "#1"},
				"east": {"uv": [0, 0, 0, 0.125], "texture": "#1"},
				"south": {"uv": [4, 6.125, 4.25, 6.25], "texture": "#1"},
				"west": {"uv": [0, 0, 0, 0.125], "texture": "#1"},
				"up": {"uv": [0.25, 0, 0, 0], "texture": "#1"},
				"down": {"uv": [0.25, 0, 0, 0], "texture": "#1"}
			}
		},
		{
			"from": [-0.5, 1, 7.5],
			"to": [7.5, 23, 8.5],
			"faces": {
				"north": {"uv": [5.6875, 1.875, 6.1875, 3.25], "texture": "#1"},
				"east": {"uv": [5.75, 6.4375, 5.8125, 7.8125], "texture": "#1"},
				"south": {"uv": [5.6875, 3.25, 6.1875, 4.625], "texture": "#1"},
				"west": {"uv": [5.8125, 6.4375, 5.875, 7.8125], "texture": "#1"},
				"up": {"uv": [7.6875, 2.5, 7.1875, 2.4375], "texture": "#1"},
				"down": {"uv": [7.6875, 2.5, 7.1875, 2.5625], "texture": "#1"}
			}
		},
		{
			"from": [-11.5, 1, 0.5],
			"to": [-3.5, 23, 1.5],
			"faces": {
				"north": {"uv": [0.5, 6, 1, 7.375], "texture": "#1"},
				"east": {"uv": [4.125, 7.25, 4.1875, 8.625], "texture": "#1"},
				"south": {"uv": [1, 6, 1.5, 7.375], "texture": "#1"},
				"west": {"uv": [4.1875, 7.25, 4.25, 8.625], "texture": "#1"},
				"up": {"uv": [7.6875, 2.75, 7.1875, 2.6875], "texture": "#1"},
				"down": {"uv": [5.375, 7.25, 4.875, 7.3125], "texture": "#1"}
			}
		},
		{
			"from": [19.5, 1, 0.5],
			"to": [27.5, 23, 1.5],
			"faces": {
				"north": {"uv": [1.5, 6, 2, 7.375], "texture": "#1"},
				"east": {"uv": [4.25, 7.25, 4.3125, 8.625], "texture": "#1"},
				"south": {"uv": [2, 6, 2.5, 7.375], "texture": "#1"},
				"west": {"uv": [4.3125, 7.25, 4.375, 8.625], "texture": "#1"},
				"up": {"uv": [5.375, 7.375, 4.875, 7.3125], "texture": "#1"},
				"down": {"uv": [6.875, 7.3125, 6.375, 7.375], "texture": "#1"}
			}
		},
		{
			"from": [8.5, 1, 7.5],
			"to": [16.5, 23, 8.5],
			"faces": {
				"north": {"uv": [5.875, 4.625, 6.375, 6], "texture": "#1"},
				"east": {"uv": [4, 7.25, 4.0625, 8.625], "texture": "#1"},
				"south": {"uv": [0, 6, 0.5, 7.375], "texture": "#1"},
				"west": {"uv": [4.0625, 7.25, 4.125, 8.625], "texture": "#1"},
				"up": {"uv": [7.6875, 2.625, 7.1875, 2.5625], "texture": "#1"},
				"down": {"uv": [7.6875, 2.625, 7.1875, 2.6875], "texture": "#1"}
			}
		},
		{
			"from": [-11.5, 1, 0.5],
			"to": [-3.5, 23, 1.5],
			"faces": {
				"north": {"uv": [6.1875, 2.75, 6.6875, 4.125], "texture": "#1", "tintindex": 0},
				"east": {"uv": [4.75, 7.25, 4.8125, 8.625], "texture": "#1"},
				"south": {"uv": [6.375, 4.125, 6.875, 5.5], "texture": "#1", "tintindex": 0},
				"west": {"uv": [4.8125, 7.25, 4.875, 8.625], "texture": "#1"},
				"up": {"uv": [3, 7.4375, 2.5, 7.375], "texture": "#1"},
				"down": {"uv": [3.5, 7.375, 3, 7.4375], "texture": "#1"}
			}
		},
		{
			"from": [-0.5, 1, 7.5],
			"to": [7.5, 23, 8.5],
			"faces": {
				"north": {"uv": [6.0625, 0, 6.5625, 1.375], "texture": "#1", "tintindex": 0},
				"east": {"uv": [4.625, 7.25, 4.6875, 8.625], "texture": "#1"},
				"south": {"uv": [6.1875, 1.375, 6.6875, 2.75], "texture": "#1", "tintindex": 0},
				"west": {"uv": [4.6875, 7.25, 4.75, 8.625], "texture": "#1"},
				"up": {"uv": [2, 7.4375, 1.5, 7.375], "texture": "#1"},
				"down": {"uv": [2.5, 7.375, 2, 7.4375], "texture": "#1"}
			}
		},
		{
			"from": [8.5, 1, 7.5],
			"to": [16.5, 23, 8.5],
			"faces": {
				"north": {"uv": [3.5, 6, 4, 7.375], "texture": "#1", "tintindex": 0},
				"east": {"uv": [4.5, 7.25, 4.5625, 8.625], "texture": "#1"},
				"south": {"uv": [5.875, 6, 6.375, 7.375], "texture": "#1", "tintindex": 0},
				"west": {"uv": [4.5625, 7.25, 4.625, 8.625], "texture": "#1"},
				"up": {"uv": [1, 7.4375, 0.5, 7.375], "texture": "#1"},
				"down": {"uv": [1.5, 7.375, 1, 7.4375], "texture": "#1"}
			}
		},
		{
			"from": [19.5, 1, 0.5],
			"to": [27.5, 23, 1.5],
			"faces": {
				"north": {"uv": [2.5, 6, 3, 7.375], "texture": "#1", "tintindex": 0},
				"east": {"uv": [4.375, 7.25, 4.4375, 8.625], "texture": "#1"},
				"south": {"uv": [3, 6, 3.5, 7.375], "texture": "#1", "tintindex": 0},
				"west": {"uv": [4.4375, 7.25, 4.5, 8.625], "texture": "#1"},
				"up": {"uv": [7.375, 7.375, 6.875, 7.3125], "texture": "#1"},
				"down": {"uv": [0.5, 7.375, 0, 7.4375], "texture": "#1"}
			}
		},
		{
			"from": [-11.5, -12, 0.5],
			"to": [-3.5, -3, 1.5],
			"faces": {
				"north": {"uv": [5.0625, 6.4375, 5.5625, 7], "texture": "#1"},
				"east": {"uv": [5.6875, 4.625, 5.75, 5.1875], "texture": "#1"},
				"south": {"uv": [6.6875, 1.0625, 7.1875, 1.625], "texture": "#1"},
				"west": {"uv": [5.75, 4.625, 5.8125, 5.1875], "texture": "#1"},
				"up": {"uv": [4, 7.4375, 3.5, 7.375], "texture": "#1"},
				"down": {"uv": [5.375, 7.375, 4.875, 7.4375], "texture": "#1"}
			}
		},
		{
			"from": [-5.5, -10, 0.5],
			"to": [-3.5, -5, 0.5],
			"rotation": {"angle": -22.5, "axis": "y", "origin": [-3.5, -7.5, 0.5]},
			"faces": {
				"north": {"uv": [4.6875, 5, 4.8125, 5.3125], "texture": "#1"},
				"east": {"uv": [0, 0, 0, 0.3125], "texture": "#1"},
				"south": {"uv": [5.3125, 2, 5.4375, 2.3125], "texture": "#1"},
				"west": {"uv": [0, 0, 0, 0.3125], "texture": "#1"},
				"up": {"uv": [0.125, 0, 0, 0], "texture": "#1"},
				"down": {"uv": [0.125, 0, 0, 0], "texture": "#1"}
			}
		},
		{
			"from": [19.5, -10, 0.5],
			"to": [21.5, -5, 0.5],
			"rotation": {"angle": 22.5, "axis": "y", "origin": [19.5, -7.5, 0.5]},
			"faces": {
				"north": {"uv": [5.4375, 2, 5.5625, 2.3125], "texture": "#1"},
				"east": {"uv": [0, 0, 0, 0.3125], "texture": "#1"},
				"south": {"uv": [5.5625, 2, 5.6875, 2.3125], "texture": "#1"},
				"west": {"uv": [0, 0, 0, 0.3125], "texture": "#1"},
				"up": {"uv": [0.125, 0, 0, 0], "texture": "#1"},
				"down": {"uv": [0.125, 0, 0, 0], "texture": "#1"}
			}
		},
		{
			"from": [19.5, -12, 0.5],
			"to": [27.5, -3, 1.5],
			"rotation": {"angle": 0, "axis": "y", "origin": [16, 0, 0]},
			"faces": {
				"north": {"uv": [6.6875, 1.625, 7.1875, 2.1875], "texture": "#1"},
				"east": {"uv": [5.8125, 4.625, 5.875, 5.1875], "texture": "#1"},
				"south": {"uv": [6.6875, 2.1875, 7.1875, 2.75], "texture": "#1"},
				"west": {"uv": [5.5625, 6.4375, 5.625, 7], "texture": "#1"},
				"up": {"uv": [6.375, 7.4375, 5.875, 7.375], "texture": "#1"},
				"down": {"uv": [6.875, 7.375, 6.375, 7.4375], "texture": "#1"}
			}
		}
	],
	"display": {
		"thirdperson_righthand": {
			"rotation": [75, 45, 0],
			"translation": [0, 2.5, 0],
			"scale": [0.175, 0.175, 0.175]
		},
		"thirdperson_lefthand": {
			"rotation": [75, 45, 0],
			"translation": [0, 2.5, 0],
			"scale": [0.175, 0.175, 0.175]
		},
		"firstperson_righthand": {
			"rotation": [0, 45, 0],
			"scale": [0.4, 0.4, 0.4]
		},
		"firstperson_lefthand": {
			"rotation": [0, 225, 0],
			"scale": [0.4, 0.4, 0.4]
		},
		"ground": {
			"translation": [0, 3, 0],
			"scale": [0.25, 0.25, 0.25]
		},
		"gui": {
			"rotation": [30, 225, 0],
			"translation": [0, 0.25, 0],
			"scale": [0.23, 0.23, 0.23]
		},
		"head": {
			"translation": [-31, 5.5, -1],
			"scale": [2, 2, 2]
		},
		"fixed": {
			"rotation": [-90, 0, 0],
			"translation": [0, 0, -48],
			"scale": [2, 2, 2]
		}
	},
	"groups": [
		0,
		1,
		2,
		3,
		4,
		5,
		6,
		7,
		8,
		9,
		10,
		11,
		12,
		13,
		14,
		15,
		16,
		17,
		18,
		19,
		20,
		{
			"name": "group",
			"origin": [0, 0, 0],
			"color": 0,
			"children": [21, 22, 23, 24]
		},
		25,
		26,
		27,
		28
	]
}