{
	"credit": "Made with Blockbench",
	"texture_size": [32, 32],
	"textures": {
		"2": "item/decor/hotel/classic_hotel_rope_pole",
		"particle": "item/decor/hotel/classic_hotel_rope_pole"
	},
	"elements": [
		{
			"from": [5, 0, 5],
			"to": [11, 1, 11],
			"faces": {
				"north": {"uv": [8, 3, 11, 3.5], "texture": "#2"},
				"east": {"uv": [8, 3.5, 11, 4], "texture": "#2"},
				"south": {"uv": [8, 4, 11, 4.5], "texture": "#2"},
				"west": {"uv": [8, 4.5, 11, 5], "texture": "#2"},
				"up": {"uv": [3, 7, 0, 4], "texture": "#2"},
				"down": {"uv": [6, 4, 3, 7], "texture": "#2"}
			}
		},
		{
			"from": [7, 1, 7],
			"to": [9, 13, 9],
			"faces": {
				"north": {"uv": [6, 4, 7, 10], "texture": "#2"},
				"east": {"uv": [0, 7, 1, 13], "texture": "#2"},
				"south": {"uv": [7, 0, 8, 6], "texture": "#2"},
				"west": {"uv": [1, 7, 2, 13], "texture": "#2"},
				"up": {"uv": [6, 8, 5, 7], "texture": "#2"},
				"down": {"uv": [6, 8, 5, 9], "texture": "#2"}
			}
		},
		{
			"from": [9, 9, 8],
			"to": [23, 13, 8],
			"faces": {
				"north": {"uv": [0, 0, 7, 2], "texture": "#2", "tintindex": 0},
				"east": {"uv": [0, 0, 0, 2], "texture": "#2"},
				"south": {"uv": [0, 2, 7, 4], "texture": "#2", "tintindex": 0},
				"west": {"uv": [0, 0, 0, 2], "texture": "#2"},
				"up": {"uv": [7, 0, 0, 0], "texture": "#2"},
				"down": {"uv": [7, 0, 0, 0], "texture": "#2"}
			}
		},
		{
			"from": [6.5, 13, 6.5],
			"to": [9.5, 16, 9.5],
			"rotation": {"angle": 0, "axis": "y", "origin": [8, 14.5, 8]},
			"faces": {
				"north": {"uv": [2, 7, 3.5, 8.5], "texture": "#2"},
				"east": {"uv": [3.5, 7, 5, 8.5], "texture": "#2"},
				"south": {"uv": [7, 6, 8.5, 7.5], "texture": "#2"},
				"west": {"uv": [7, 7.5, 8.5, 9], "texture": "#2"},
				"up": {"uv": [9.5, 1.5, 8, 0], "texture": "#2"},
				"down": {"uv": [9.5, 1.5, 8, 3], "texture": "#2"}
			}
		}
	],
	"display": {
		"thirdperson_righthand": {
			"rotation": [75, 45, 0],
			"translation": [0, 2.5, 0],
			"scale": [0.375, 0.375, 0.375]
		},
		"thirdperson_lefthand": {
			"rotation": [75, 45, 0],
			"translation": [0, 2.5, 0],
			"scale": [0.375, 0.375, 0.375]
		},
		"firstperson_righthand": {
			"rotation": [0, 45, 0],
			"scale": [0.4, 0.4, 0.4]
		},
		"firstperson_lefthand": {
			"rotation": [0, 225, 0],
			"scale": [0.4, 0.4, 0.4]
		},
		"ground": {
			"translation": [0, 3, 0],
			"scale": [0.25, 0.25, 0.25]
		},
		"gui": {
			"rotation": [30, 225, 0],
			"translation": [1, 0, 0],
			"scale": [0.625, 0.625, 0.625]
		},
		"head": {
			"translation": [0, -31, 0],
			"scale": [1.5, 1.5, 1.5]
		},
		"fixed": {
			"rotation": [-90, 0, 0],
			"translation": [0, 0, -16],
			"scale": [2, 2, 2]
		}
	}
}