{
	"credit": "Made with Blockbench",
	"texture_size": [128, 128],
	"textures": {
		"2": "item/decor/hotel/classic_hotel_key_storage_full"
	},
	"elements": [
		{
			"from": [-11, -2, 8],
			"to": [27, 0, 14],
			"faces": {
				"north": {"uv": [9, 8.25, 13.75, 8.5], "texture": "#2"},
				"east": {"uv": [10, 6, 10.75, 6.25], "texture": "#2"},
				"south": {"uv": [9, 8.5, 13.75, 8.75], "texture": "#2"},
				"west": {"uv": [10.75, 0, 11.5, 0.25], "texture": "#2"},
				"up": {"uv": [9.5, 2.75, 4.75, 2], "texture": "#2"},
				"down": {"uv": [9.5, 2.75, 4.75, 3.5], "texture": "#2"}
			}
		},
		{
			"from": [-11, -9, 8],
			"to": [27, -7, 14],
			"faces": {
				"north": {"uv": [9, 9.25, 13.75, 9.5], "texture": "#2"},
				"east": {"uv": [10.75, 0.75, 11.5, 1], "texture": "#2"},
				"south": {"uv": [9.5, 2, 14.25, 2.25], "texture": "#2"},
				"west": {"uv": [10.75, 1, 11.5, 1.25], "texture": "#2"},
				"up": {"uv": [9.5, 5.75, 4.75, 5], "texture": "#2"},
				"down": {"uv": [9.5, 5.75, 4.75, 6.5], "texture": "#2"}
			}
		},
		{
			"from": [-11, -16, 8],
			"to": [27, -14, 14],
			"faces": {
				"north": {"uv": [9.5, 2.25, 14.25, 2.5], "texture": "#2"},
				"east": {"uv": [10.75, 1.25, 11.5, 1.5], "texture": "#2"},
				"south": {"uv": [9.5, 2.5, 14.25, 2.75], "texture": "#2"},
				"west": {"uv": [10.75, 2.75, 11.5, 3], "texture": "#2"},
				"up": {"uv": [9.5, 7.25, 4.75, 6.5], "texture": "#2"},
				"down": {"uv": [4.75, 7, 0, 7.75], "texture": "#2"}
			}
		},
		{
			"from": [-11, 5, 8],
			"to": [27, 7, 14],
			"faces": {
				"north": {"uv": [9, 8.75, 13.75, 9], "texture": "#2"},
				"east": {"uv": [10.75, 0.25, 11.5, 0.5], "texture": "#2"},
				"south": {"uv": [9, 9, 13.75, 9.25], "texture": "#2"},
				"west": {"uv": [10.75, 0.5, 11.5, 0.75], "texture": "#2"},
				"up": {"uv": [9.5, 4.25, 4.75, 3.5], "texture": "#2"},
				"down": {"uv": [9.5, 4.25, 4.75, 5], "texture": "#2"}
			}
		},
		{
			"from": [-13, 12, 8],
			"to": [29, 14, 16],
			"faces": {
				"north": {"uv": [9, 7.25, 14.25, 7.5], "texture": "#2"},
				"east": {"uv": [10, 1.5, 11, 1.75], "texture": "#2"},
				"south": {"uv": [9, 7.5, 14.25, 7.75], "texture": "#2"},
				"west": {"uv": [10, 1.75, 11, 2], "texture": "#2"},
				"up": {"uv": [10, 1, 4.75, 0], "texture": "#2"},
				"down": {"uv": [10, 1, 4.75, 2], "texture": "#2"}
			}
		},
		{
			"from": [-5, -14, 9],
			"to": [-3, 12, 14],
			"faces": {
				"north": {"uv": [10, 2.75, 10.25, 6], "texture": "#2"},
				"east": {"uv": [1, 7.75, 1.625, 11], "texture": "#2"},
				"south": {"uv": [10, 9.5, 10.25, 12.75], "texture": "#2"},
				"west": {"uv": [1.625, 7.75, 2.25, 11], "texture": "#2"},
				"up": {"uv": [11, 3.625, 10.75, 3], "texture": "#2"},
				"down": {"uv": [11, 3.625, 10.75, 4.25], "texture": "#2"}
			}
		},
		{
			"from": [3, -14, 9],
			"to": [5, 12, 14],
			"faces": {
				"north": {"uv": [10.25, 2.75, 10.5, 6], "texture": "#2"},
				"east": {"uv": [2.25, 7.75, 2.875, 11], "texture": "#2"},
				"south": {"uv": [10.25, 9.5, 10.5, 12.75], "texture": "#2"},
				"west": {"uv": [2.875, 7.75, 3.5, 11], "texture": "#2"},
				"up": {"uv": [11, 4.875, 10.75, 4.25], "texture": "#2"},
				"down": {"uv": [5, 10.75, 4.75, 11.375], "texture": "#2"}
			}
		},
		{
			"from": [19, -14, 9],
			"to": [21, 12, 14],
			"faces": {
				"north": {"uv": [8, 10.5, 8.25, 13.75], "texture": "#2"},
				"east": {"uv": [7.75, 7.25, 8.375, 10.5], "texture": "#2"},
				"south": {"uv": [8.25, 10.5, 8.5, 13.75], "texture": "#2"},
				"west": {"uv": [8.375, 7.25, 9, 10.5], "texture": "#2"},
				"up": {"uv": [5.5, 11.375, 5.25, 10.75], "texture": "#2"},
				"down": {"uv": [5.75, 10.75, 5.5, 11.375], "texture": "#2"}
			}
		},
		{
			"from": [11, -14, 9],
			"to": [13, 12, 14],
			"faces": {
				"north": {"uv": [10.5, 2.75, 10.75, 6], "texture": "#2"},
				"east": {"uv": [3.5, 7.75, 4.125, 11], "texture": "#2"},
				"south": {"uv": [7.75, 10.5, 8, 13.75], "texture": "#2"},
				"west": {"uv": [4.125, 7.75, 4.75, 11], "texture": "#2"},
				"up": {"uv": [11, 5.5, 10.75, 4.875], "texture": "#2"},
				"down": {"uv": [5.25, 10.75, 5, 11.375], "texture": "#2"}
			}
		},
		{
			"from": [-13, -16, 8],
			"to": [-11, 12, 16],
			"faces": {
				"north": {"uv": [9.25, 9.5, 9.5, 13], "texture": "#2"},
				"east": {"uv": [4.75, 7.25, 5.75, 10.75], "texture": "#2"},
				"south": {"uv": [9.5, 9.5, 9.75, 13], "texture": "#2"},
				"west": {"uv": [5.75, 7.25, 6.75, 10.75], "texture": "#2"},
				"up": {"uv": [8.75, 11.5, 8.5, 10.5], "texture": "#2"},
				"down": {"uv": [9, 10.5, 8.75, 11.5], "texture": "#2"}
			}
		},
		{
			"from": [27, -16, 8],
			"to": [29, 12, 16],
			"rotation": {"angle": 0, "axis": "y", "origin": [16, 0, 0]},
			"faces": {
				"north": {"uv": [9.75, 2.75, 10, 6.25], "texture": "#2"},
				"east": {"uv": [6.75, 7.25, 7.75, 10.75], "texture": "#2"},
				"south": {"uv": [9.75, 9.5, 10, 13], "texture": "#2"},
				"west": {"uv": [0, 7.75, 1, 11.25], "texture": "#2"},
				"up": {"uv": [10.75, 10.5, 10.5, 9.5], "texture": "#2"},
				"down": {"uv": [10.75, 10.5, 10.5, 11.5], "texture": "#2"}
			}
		},
		{
			"from": [-11, -16, 14],
			"to": [27, 12, 16],
			"faces": {
				"north": {"uv": [0, 0, 4.75, 3.5], "texture": "#2"},
				"east": {"uv": [9.5, 2.75, 9.75, 6.25], "texture": "#2"},
				"south": {"uv": [0, 3.5, 4.75, 7], "texture": "#2"},
				"west": {"uv": [9, 9.5, 9.25, 13], "texture": "#2"},
				"up": {"uv": [13.75, 8, 9, 7.75], "texture": "#2"},
				"down": {"uv": [13.75, 8, 9, 8.25], "texture": "#2"}
			}
		},
		{
			"from": [-11.5, -1.5, 7.7],
			"to": [27.5, -0.5, 7.7],
			"faces": {
				"north": {"uv": [9.5, 6.25, 14.375, 6.375], "texture": "#2"},
				"east": {"uv": [0, 0, 0, 0.125], "texture": "#2"},
				"south": {"uv": [9.5, 6.375, 14.375, 6.5], "texture": "#2"},
				"west": {"uv": [0, 0, 0, 0.125], "texture": "#2"},
				"up": {"uv": [4.875, 0, 0, 0], "texture": "#2"},
				"down": {"uv": [4.875, 0, 0, 0], "texture": "#2"}
			}
		},
		{
			"from": [-11.5, 5.5, 7.7],
			"to": [27.5, 6.5, 7.7],
			"faces": {
				"north": {"uv": [9.5, 7, 14.375, 7.125], "texture": "#2"},
				"east": {"uv": [0, 0, 0, 0.125], "texture": "#2"},
				"south": {"uv": [9.5, 7.125, 14.375, 7.25], "texture": "#2"},
				"west": {"uv": [0, 0, 0, 0.125], "texture": "#2"},
				"up": {"uv": [4.875, 0, 0, 0], "texture": "#2"},
				"down": {"uv": [4.875, 0, 0, 0], "texture": "#2"}
			}
		},
		{
			"from": [-11.5, -8.5, 7.7],
			"to": [27.5, -7.5, 7.7],
			"faces": {
				"north": {"uv": [9.5, 6.5, 14.375, 6.625], "texture": "#2"},
				"east": {"uv": [0, 0, 0, 0.125], "texture": "#2"},
				"south": {"uv": [9.5, 6.625, 14.375, 6.75], "texture": "#2"},
				"west": {"uv": [0, 0, 0, 0.125], "texture": "#2"},
				"up": {"uv": [4.875, 0, 0, 0], "texture": "#2"},
				"down": {"uv": [4.875, 0, 0, 0], "texture": "#2"}
			}
		},
		{
			"from": [-11.5, -15.5, 7.7],
			"to": [27.5, -14.5, 7.7],
			"faces": {
				"north": {"uv": [9.5, 6.75, 14.375, 6.875], "texture": "#2"},
				"east": {"uv": [0, 0, 0, 0.125], "texture": "#2"},
				"south": {"uv": [9.5, 6.875, 14.375, 7], "texture": "#2"},
				"west": {"uv": [0, 0, 0, 0.125], "texture": "#2"},
				"up": {"uv": [4.875, 0, 0, 0], "texture": "#2"},
				"down": {"uv": [4.875, 0, 0, 0], "texture": "#2"}
			}
		},
		{
			"from": [-11, 7.099, 8],
			"to": [-5, 7.099, 14],
			"rotation": {"angle": -45, "axis": "y", "origin": [-8, 7.099, 11]},
			"faces": {
				"north": {"uv": [0, 0, 0.75, 0], "texture": "#2"},
				"east": {"uv": [0, 0, 0.75, 0], "texture": "#2"},
				"south": {"uv": [0, 0, 0.75, 0], "texture": "#2"},
				"west": {"uv": [0, 0, 0.75, 0], "texture": "#2"},
				"up": {"uv": [10.75, 0.75, 10, 0], "texture": "#2"},
				"down": {"uv": [10, 0, 10.75, 0.75], "texture": "#2"}
			}
		},
		{
			"from": [21, -6.901, 8],
			"to": [27, -6.901, 14],
			"rotation": {"angle": 45, "axis": "y", "origin": [24, -6.901, 11]},
			"faces": {
				"north": {"uv": [0.75, 0, 0, 0], "texture": "#2"},
				"east": {"uv": [0.75, 0, 0, 0], "texture": "#2"},
				"south": {"uv": [0.75, 0, 0, 0], "texture": "#2"},
				"west": {"uv": [0.75, 0, 0, 0], "texture": "#2"},
				"up": {"uv": [10, 0.75, 10.75, 0], "rotation": 270, "texture": "#2"},
				"down": {"uv": [10.75, 0, 10, 0.75], "rotation": 90, "texture": "#2"}
			}
		},
		{
			"from": [4.55635, 7.099, 8],
			"to": [10.55635, 7.099, 14],
			"rotation": {"angle": 22.5, "axis": "y", "origin": [7.55635, 7.099, 11]},
			"faces": {
				"north": {"uv": [0, 0, 0.75, 0], "texture": "#2"},
				"east": {"uv": [0, 0, 0.75, 0], "texture": "#2"},
				"south": {"uv": [0, 0, 0.75, 0], "texture": "#2"},
				"west": {"uv": [0, 0, 0.75, 0], "texture": "#2"},
				"up": {"uv": [10.75, 0.75, 10, 0], "rotation": 180, "texture": "#2"},
				"down": {"uv": [10, 0, 10.75, 0.75], "rotation": 180, "texture": "#2"}
			}
		},
		{
			"from": [12.71275, -13.901, 7.78629],
			"to": [18.71275, -13.901, 13.78629],
			"rotation": {"angle": 45, "axis": "y", "origin": [15.71275, -13.901, 9.78629]},
			"faces": {
				"north": {"uv": [0, 0, 0.75, 0], "texture": "#2"},
				"east": {"uv": [0, 0, 0.75, 0], "texture": "#2"},
				"south": {"uv": [0, 0, 0.75, 0], "texture": "#2"},
				"west": {"uv": [0, 0, 0.75, 0], "texture": "#2"},
				"up": {"uv": [10.75, 0.75, 10, 0], "rotation": 270, "texture": "#2"},
				"down": {"uv": [10, 0, 10.75, 0.75], "rotation": 90, "texture": "#2"}
			}
		},
		{
			"from": [-2.55635, -13.901, 11],
			"to": [3.44365, -13.901, 17],
			"rotation": {"angle": -22.5, "axis": "y", "origin": [8.44365, 7.099, 11]},
			"faces": {
				"north": {"uv": [0.75, 0, 0, 0], "texture": "#2"},
				"east": {"uv": [0.75, 0, 0, 0], "texture": "#2"},
				"south": {"uv": [0.75, 0, 0, 0], "texture": "#2"},
				"west": {"uv": [0.75, 0, 0, 0], "texture": "#2"},
				"up": {"uv": [10, 0.75, 10.75, 0], "rotation": 180, "texture": "#2"},
				"down": {"uv": [10.75, 0, 10, 0.75], "rotation": 180, "texture": "#2"}
			}
		},
		{
			"from": [-10.71064, -13.901, 7.80303],
			"to": [-4.71064, -13.901, 13.80303],
			"rotation": {"angle": -22.5, "axis": "y", "origin": [-7.71064, -13.901, 10.80303]},
			"faces": {
				"north": {"uv": [0.75, 0, 0, 0], "texture": "#2"},
				"east": {"uv": [0.75, 0, 0, 0], "texture": "#2"},
				"south": {"uv": [0.75, 0, 0, 0], "texture": "#2"},
				"west": {"uv": [0.75, 0, 0, 0], "texture": "#2"},
				"up": {"uv": [10, 0.75, 10.75, 0], "rotation": 270, "texture": "#2"},
				"down": {"uv": [10.75, 0, 10, 0.75], "rotation": 90, "texture": "#2"}
			}
		},
		{
			"from": [4.55635, 0.099, 7.4],
			"to": [10.55635, 0.099, 13.4],
			"rotation": {"angle": -22.5, "axis": "y", "origin": [7.55635, 0.099, 11]},
			"faces": {
				"north": {"uv": [0, 0, 0.75, 0], "texture": "#2"},
				"east": {"uv": [0, 0, 0.75, 0], "texture": "#2"},
				"south": {"uv": [0, 0, 0.75, 0], "texture": "#2"},
				"west": {"uv": [0, 0, 0.75, 0], "texture": "#2"},
				"up": {"uv": [10.75, 0.75, 10, 0], "rotation": 90, "texture": "#2"},
				"down": {"uv": [10, 0, 10.75, 0.75], "rotation": 270, "texture": "#2"}
			}
		},
		{
			"from": [-2.82925, 0.099, 7.53853],
			"to": [3.17075, 0.099, 13.53853],
			"rotation": {"angle": 45, "axis": "y", "origin": [0.17075, 0.099, 10.53853]},
			"faces": {
				"north": {"uv": [0, 0, 0.75, 0], "texture": "#2"},
				"east": {"uv": [0, 0, 0.75, 0], "texture": "#2"},
				"south": {"uv": [0, 0, 0.75, 0], "texture": "#2"},
				"west": {"uv": [0, 0, 0.75, 0], "texture": "#2"},
				"up": {"uv": [10.75, 0.75, 10, 0], "rotation": 90, "texture": "#2"},
				"down": {"uv": [10, 0, 10.75, 0.75], "rotation": 270, "texture": "#2"}
			}
		},
		{
			"from": [12.82925, -6.901, 7.53853],
			"to": [18.82925, -6.901, 13.53853],
			"rotation": {"angle": -45, "axis": "y", "origin": [15.82925, 0.099, 10.53853]},
			"faces": {
				"north": {"uv": [0.75, 0, 0, 0], "texture": "#2"},
				"east": {"uv": [0.75, 0, 0, 0], "texture": "#2"},
				"south": {"uv": [0.75, 0, 0, 0], "texture": "#2"},
				"west": {"uv": [0.75, 0, 0, 0], "texture": "#2"},
				"up": {"uv": [10.75, 0, 10, 0.75], "rotation": 90, "texture": "#2"},
				"down": {"uv": [10, 0.75, 10.75, 0], "rotation": 270, "texture": "#2"}
			}
		}
	],
	"display": {
		"thirdperson_righthand": {
			"rotation": [75, 45, 0],
			"translation": [0, 2.5, 0],
			"scale": [0.375, 0.375, 0.375]
		},
		"thirdperson_lefthand": {
			"rotation": [75, 45, 0],
			"translation": [0, 2.5, 0],
			"scale": [0.375, 0.375, 0.375]
		},
		"firstperson_righthand": {
			"rotation": [0, 45, 0],
			"scale": [0.4, 0.4, 0.4]
		},
		"firstperson_lefthand": {
			"rotation": [0, 225, 0],
			"scale": [0.4, 0.4, 0.4]
		},
		"ground": {
			"translation": [0, 3, 0],
			"scale": [0.25, 0.25, 0.25]
		},
		"gui": {
			"rotation": [30, 225, 0],
			"translation": [0.75, 1.5, 0],
			"scale": [0.3, 0.3, 0.3]
		},
		"fixed": {
			"translation": [0, 32.25, -16],
			"scale": [2, 2, 2]
		}
	}
}