{
	"__comment": "moon",
	"textures": {
		"particle": "item/etc/dellunapocket",
		"texture": "item/etc/dellunapocket",
		"voxels_atlas": "item/etc/dellunapocket"
	},
	"gui_light": "front",
	"elements": [ 	 
		{
			"__comment": "Voxels",
			"from": [ 2, 7, 9 ],
			"to": [ 14, 8, 13 ],
			"faces": {
				"down": { "uv": [ 0, 14, 6, 16 ], "texture": "#voxels_atlas" },
				"up": { "uv": [ 0, 14, 6, 12 ], "texture": "#voxels_atlas" },
				"north": { "uv": [ 6, 11.5, 0, 12 ], "texture": "#voxels_atlas" },
				"south": { "uv": [ 0, 11, 6, 11.5 ], "texture": "#voxels_atlas" },
				"west": { "uv": [ 14, 15, 16, 15.5 ], "texture": "#voxels_atlas" },
				"east": { "uv": [ 16, 14.5, 14, 15 ], "texture": "#voxels_atlas" }
			}
		},
		{
			"__comment": "Voxels",
			"from": [ 3, 7, 8 ],
			"to": [ 13, 8, 9 ],
			"faces": {
				"down": { "uv": [ 0, 10.5, 5, 11 ], "texture": "#voxels_atlas" },
				"up": { "uv": [ 0, 10.5, 5, 10 ], "texture": "#voxels_atlas" },
				"north": { "uv": [ 5, 9.5, 0, 10 ], "texture": "#voxels_atlas" },
				"south": { "uv": [ 0, 9, 5, 9.5 ], "texture": "#voxels_atlas" },
				"west": { "uv": [ 5, 10.5, 5.5, 11 ], "texture": "#voxels_atlas" },
				"east": { "uv": [ 6, 10.5, 5.5, 11 ], "texture": "#voxels_atlas" }
			}
		},
		{
			"__comment": "Voxels",
			"from": [ 3, 7, 13 ],
			"to": [ 13, 8, 14 ],
			"faces": {
				"down": { "uv": [ 0, 8.5, 5, 9 ], "texture": "#voxels_atlas" },
				"up": { "uv": [ 0, 8.5, 5, 8 ], "texture": "#voxels_atlas" },
				"north": { "uv": [ 11, 15.5, 6, 16 ], "texture": "#voxels_atlas" },
				"south": { "uv": [ 11, 15.5, 16, 16 ], "texture": "#voxels_atlas" },
				"west": { "uv": [ 5, 10, 5.5, 10.5 ], "texture": "#voxels_atlas" },
				"east": { "uv": [ 6, 10, 5.5, 10.5 ], "texture": "#voxels_atlas" }
			}
		},
		{
			"__comment": "Voxels",
			"from": [ 4, 7, 3 ],
			"to": [ 12, 8, 4 ],
			"faces": {
				"down": { "uv": [ 6, 14, 10, 14.5 ], "texture": "#voxels_atlas" },
				"up": { "uv": [ 10, 14.5, 14, 14 ], "texture": "#voxels_atlas" },
				"north": { "uv": [ 10, 13.5, 6, 14 ], "texture": "#voxels_atlas" },
				"south": { "uv": [ 6, 13, 10, 13.5 ], "texture": "#voxels_atlas" },
				"west": { "uv": [ 5.5, 8, 6, 8.5 ], "texture": "#voxels_atlas" },
				"east": { "uv": [ 6, 9, 5.5, 9.5 ], "texture": "#voxels_atlas" }
			}
		},
		{
			"__comment": "Voxels",
			"from": [ 4, 7, 7 ],
			"to": [ 12, 8, 8 ],
			"faces": {
				"down": { "uv": [ 6, 15, 10, 15.5 ], "texture": "#voxels_atlas" },
				"up": { "uv": [ 10, 15.5, 14, 15 ], "texture": "#voxels_atlas" },
				"north": { "uv": [ 10, 14.5, 6, 15 ], "texture": "#voxels_atlas" },
				"south": { "uv": [ 10, 14.5, 14, 15 ], "texture": "#voxels_atlas" },
				"west": { "uv": [ 5, 8, 5.5, 8.5 ], "texture": "#voxels_atlas" },
				"east": { "uv": [ 5.5, 9, 5, 9.5 ], "texture": "#voxels_atlas" }
			}
		},
		{
			"__comment": "Voxels",
			"from": [ 4, 7, 14 ],
			"to": [ 11, 8, 15 ],
			"faces": {
				"down": { "uv": [ 6, 11, 9.5, 11.5 ], "texture": "#voxels_atlas" },
				"up": { "uv": [ 6, 12.5, 9.5, 12 ], "texture": "#voxels_atlas" },
				"north": { "uv": [ 9.5, 12.5, 6, 13 ], "texture": "#voxels_atlas" },
				"south": { "uv": [ 6, 11.5, 9.5, 12 ], "texture": "#voxels_atlas" },
				"west": { "uv": [ 5, 9.5, 5.5, 10 ], "texture": "#voxels_atlas" },
				"east": { "uv": [ 6, 9.5, 5.5, 10 ], "texture": "#voxels_atlas" }
			}
		},
		{
			"__comment": "Voxels",
			"from": [ 5, 7, 2 ],
			"to": [ 11, 8, 3 ],
			"faces": {
				"down": { "uv": [ 13, 13.5, 16, 14 ], "texture": "#voxels_atlas" },
				"up": { "uv": [ 10, 14, 13, 13.5 ], "texture": "#voxels_atlas" },
				"north": { "uv": [ 13, 13, 10, 13.5 ], "texture": "#voxels_atlas" },
				"south": { "uv": [ 13, 13, 16, 13.5 ], "texture": "#voxels_atlas" },
				"west": { "uv": [ 9.5, 12.5, 10, 13 ], "texture": "#voxels_atlas" },
				"east": { "uv": [ 10, 12, 9.5, 12.5 ], "texture": "#voxels_atlas" }
			}
		},
		{
			"__comment": "Voxels",
			"from": [ 5, 7, 4 ],
			"to": [ 11, 8, 5 ],
			"faces": {
				"down": { "uv": [ 10, 12.5, 13, 13 ], "texture": "#voxels_atlas" },
				"up": { "uv": [ 13, 13, 16, 12.5 ], "texture": "#voxels_atlas" },
				"north": { "uv": [ 9, 10.5, 6, 11 ], "texture": "#voxels_atlas" },
				"south": { "uv": [ 6, 10, 9, 10.5 ], "texture": "#voxels_atlas" },
				"west": { "uv": [ 5, 8.5, 5.5, 9 ], "texture": "#voxels_atlas" },
				"east": { "uv": [ 6, 8.5, 5.5, 9 ], "texture": "#voxels_atlas" }
			}
		},
		{
			"__comment": "Voxels",
			"from": [ 5, 7, 6 ],
			"to": [ 11, 8, 7 ],
			"faces": {
				"down": { "uv": [ 6, 9.5, 9, 10 ], "texture": "#voxels_atlas" },
				"up": { "uv": [ 6, 9.5, 9, 9 ], "texture": "#voxels_atlas" },
				"north": { "uv": [ 9, 8.5, 6, 9 ], "texture": "#voxels_atlas" },
				"south": { "uv": [ 6, 8, 9, 8.5 ], "texture": "#voxels_atlas" },
				"west": { "uv": [ 9.5, 11.5, 10, 12 ], "texture": "#voxels_atlas" },
				"east": { "uv": [ 10, 11, 9.5, 11.5 ], "texture": "#voxels_atlas" }
			}
		},
		{
			"__comment": "Voxels",
			"from": [ 6, 7, 5 ],
			"to": [ 10, 8, 6 ],
			"faces": {
				"down": { "uv": [ 14, 14, 16, 14.5 ], "texture": "#voxels_atlas" },
				"up": { "uv": [ 10, 12.5, 12, 12 ], "texture": "#voxels_atlas" },
				"north": { "uv": [ 14, 12, 12, 12.5 ], "texture": "#voxels_atlas" },
				"south": { "uv": [ 14, 12, 16, 12.5 ], "texture": "#voxels_atlas" },
				"west": { "uv": [ 9, 10.5, 9.5, 11 ], "texture": "#voxels_atlas" },
				"east": { "uv": [ 10, 10.5, 9.5, 11 ], "texture": "#voxels_atlas" }
			}
		}
	],
	"display": {
		"thirdperson_righthand": {
			"rotation":  [ 113, 0, 0 ],
			"translation":  [ 0, 2.7852, 2.7819 ],
			"scale":  [ 0.4, 0.4, 0.4 ]
		},
		"thirdperson_lefthand": {
			"rotation":  [ 113, 0, 0 ],
			"translation":  [ 0, 2.7852, 2.7819 ],
			"scale":  [ 0.4, 0.4, 0.4 ]
		},
		"firstperson_righthand": {
			"rotation":  [ 92, 13, 0 ],
			"translation":  [ -2.086, 5.5644, 4.8695 ],
			"scale":  [ 0.3, 0.3, 0.3 ]
		},
		"firstperson_lefthand": {
			"rotation":  [ 92, 13, 0 ],
			"translation":  [ -2.086, 5.5644, 4.8695 ],
			"scale":  [ 0.3, 0.3, 0.3 ]
		},
		"gui": {
			"rotation":  [ 90, 0, 0 ],
			"translation":  [ 0.0006, 0.6973, 4.8695 ]
		},
		"head": {
			"rotation":  [ -90, -180, 0 ],
			"translation":  [ 0, 10.434, -4.173 ],
			"scale":  [ 0.5, 0.7782, 0.5 ]
		},
		"ground": {
			"rotation":  [ 69, 0, 0 ],
			"translation":  [ 0, 4.1739, 0 ],
			"scale":  [ 0.6, 0.6, 0.6 ]
		},
		"fixed": {
			"rotation":  [ -90, 180, 0 ],
			"translation":  [ 0.0006, 0.0023, -2.082 ]
		}
	}
}