{
	"credit": "Made with Blockbench",
	"texture_size": [32, 32],
	"textures": {
		"0": "item/etc/mccree",
		"particle": "item/etc/mccree"
	},
	"elements": [
		{
			"from": [7.5, 8, 0],
			"to": [8.5, 9, 11],
			"rotation": {"angle": 0, "axis": "y", "origin": [15.5, 16, 8]},
			"faces": {
				"north": {"uv": [5.5, 0, 6, 0.5], "texture": "#0"},
				"east": {"uv": [0, 0, 5.5, 0.5], "texture": "#0"},
				"south": {"uv": [0, 0, 0.5, 0.5], "texture": "#0"},
				"west": {"uv": [0, 0, 5.5, 0.5], "rotation": 180, "texture": "#0"},
				"up": {"uv": [0, 0, 0.5, 5.5], "texture": "#0"},
				"down": {"uv": [0, 0, 5.5, 0.5], "rotation": 90, "texture": "#0"}
			}
		},
		{
			"from": [7.5, 8, -0.25],
			"to": [8.5, 9, 0],
			"rotation": {"angle": 0, "axis": "y", "origin": [15.5, 16, 7.75]},
			"faces": {
				"north": {"uv": [5.5, 0, 6, 0.5], "texture": "#0"},
				"east": {"uv": [5, 0, 5.5, 0.5], "texture": "#0"},
				"south": {"uv": [0, 0, 0.5, 0.5], "texture": "#0"},
				"west": {"uv": [5, 0, 5.5, 0.5], "rotation": 180, "texture": "#0"},
				"up": {"uv": [5, 0, 5.5, 0.5], "texture": "#0"},
				"down": {"uv": [5, 0, 5.5, 0.5], "rotation": 90, "texture": "#0"}
			}
		},
		{
			"from": [7.5, 9, 1],
			"to": [8.5, 9.5, 10],
			"rotation": {"angle": 0, "axis": "y", "origin": [15.5, 16.5, 8]},
			"faces": {
				"north": {"uv": [0, 0, 0.5, 0.25], "texture": "#0"},
				"east": {"uv": [6, 0, 10.5, 0.25], "texture": "#0"},
				"south": {"uv": [0, 0, 0.5, 0.25], "texture": "#0"},
				"west": {"uv": [6, 0, 10.5, 0.25], "rotation": 180, "texture": "#0"},
				"up": {"uv": [6, 0.5, 10.5, 1], "rotation": 270, "texture": "#0"},
				"down": {"uv": [0, 0, 0.5, 4.5], "texture": "#0"}
			}
		},
		{
			"from": [7.5, 9, 0],
			"to": [8.5, 9.75, 1],
			"rotation": {"angle": 0, "axis": "y", "origin": [15.5, 16.5, 7]},
			"faces": {
				"north": {"uv": [10.5, 0, 11, 0.375], "texture": "#0"},
				"east": {"uv": [10.5, 0, 11, 0.375], "texture": "#0"},
				"south": {"uv": [10, 0.5, 10.5, 0.875], "texture": "#0"},
				"west": {"uv": [10.5, 0, 11, 0.375], "texture": "#0"},
				"up": {"uv": [10, 0.5, 10.5, 1], "texture": "#0"},
				"down": {"uv": [0, 0, 0.5, 0.5], "texture": "#0"}
			}
		},
		{
			"from": [7.75, 9.75, 0],
			"to": [8.25, 10.25, 1],
			"rotation": {"angle": 0, "axis": "y", "origin": [15.5, 17, 7]},
			"faces": {
				"north": {"uv": [12, 0, 12.25, 0.25], "texture": "#0"},
				"east": {"uv": [12, 0, 12.5, 0.25], "texture": "#0"},
				"south": {"uv": [0, 0, 0.25, 0.25], "texture": "#0"},
				"west": {"uv": [12, 0, 12.5, 0.25], "texture": "#0"},
				"up": {"uv": [12, 0, 12.25, 0.5], "texture": "#0"},
				"down": {"uv": [0, 0, 0.25, 0.5], "texture": "#0"}
			}
		},
		{
			"from": [7.75, 9.25, 2],
			"to": [8.25, 9.75, 3],
			"rotation": {"angle": 0, "axis": "y", "origin": [15.5, 16.5, 9]},
			"faces": {
				"north": {"uv": [0, 0, 0.25, 0.25], "texture": "#0"},
				"east": {"uv": [11, 0, 11.5, 0.25], "texture": "#0"},
				"south": {"uv": [11, 0, 11.25, 0.25], "texture": "#0"},
				"west": {"uv": [11, 0, 11.5, 0.25], "texture": "#0"},
				"up": {"uv": [11, 0, 11.25, 0.5], "texture": "#0"},
				"down": {"uv": [0, 0, 0.25, 0.5], "texture": "#0"}
			}
		},
		{
			"from": [7.75, 9.5, 1],
			"to": [8.25, 10.25, 2],
			"rotation": {"angle": 0, "axis": "y", "origin": [15.5, 17, 8]},
			"faces": {
				"north": {"uv": [0, 0, 0.25, 0.375], "texture": "#0"},
				"east": {"uv": [11.5, 0, 12, 0.375], "texture": "#0"},
				"south": {"uv": [12.5, 0, 12.75, 0.375], "texture": "#0"},
				"west": {"uv": [11.5, 0, 12, 0.375], "texture": "#0"},
				"up": {"uv": [12.5, 0, 12.75, 0.5], "texture": "#0"},
				"down": {"uv": [0, 0, 0.25, 0.5], "texture": "#0"}
			}
		},
		{
			"from": [7.5, 9, 10],
			"to": [8.5, 9.75, 11],
			"rotation": {"angle": 0, "axis": "y", "origin": [15.5, 16.5, 17]},
			"faces": {
				"north": {"uv": [1.5, 2, 2, 2.375], "texture": "#0"},
				"east": {"uv": [1.5, 2, 2, 2.375], "texture": "#0"},
				"south": {"uv": [0, 0, 0.5, 0.375], "texture": "#0"},
				"west": {"uv": [1.5, 2, 2, 2.375], "texture": "#0"},
				"up": {"uv": [1.5, 2, 2, 2.5], "texture": "#0"},
				"down": {"uv": [0, 0, 0.5, 0.5], "texture": "#0"}
			}
		},
		{
			"from": [7.5, 9, 11],
			"to": [8.5, 10, 13],
			"rotation": {"angle": 0, "axis": "y", "origin": [15.5, 16.5, 18]},
			"faces": {
				"north": {"uv": [1, 2, 1.5, 2.5], "texture": "#0"},
				"east": {"uv": [0.5, 2, 1.5, 2.5], "texture": "#0"},
				"south": {"uv": [0, 0, 0.5, 0.5], "texture": "#0"},
				"west": {"uv": [0.5, 2, 1.5, 2.5], "rotation": 180, "texture": "#0"},
				"up": {"uv": [0.5, 2, 1.5, 2.5], "rotation": 270, "texture": "#0"},
				"down": {"uv": [0, 0, 0.5, 1], "texture": "#0"}
			}
		},
		{
			"from": [7.75, 10, 11.5],
			"to": [8.25, 10.25, 15.5],
			"rotation": {"angle": 0, "axis": "y", "origin": [15.5, 16.75, 18.5]},
			"faces": {
				"north": {"uv": [3.5, 2, 3.75, 2.125], "texture": "#0"},
				"east": {"uv": [2, 2, 4, 2.125], "texture": "#0"},
				"south": {"uv": [2, 2, 2.25, 2.125], "texture": "#0"},
				"west": {"uv": [2, 2, 4, 2.125], "rotation": 180, "texture": "#0"},
				"up": {"uv": [2, 2, 4, 2.5], "rotation": 270, "texture": "#0"},
				"down": {"uv": [0, 0, 0.25, 0.5], "texture": "#0"}
			}
		},
		{
			"from": [7.25, 8.5, 14],
			"to": [8.75, 9.5, 15],
			"rotation": {"angle": 0, "axis": "y", "origin": [16, 16, 20]},
			"faces": {
				"north": {"uv": [0, 0, 0.75, 0.5], "texture": "#0"},
				"east": {"uv": [0, 9, 0.5, 9.5], "texture": "#0"},
				"south": {"uv": [0, 9, 0.25, 9.5], "texture": "#0"},
				"west": {"uv": [0, 9, 0.5, 9.5], "texture": "#0"},
				"up": {"uv": [0, 9, 0.25, 9.5], "texture": "#0"},
				"down": {"uv": [0, 0, 0.75, 0.5], "texture": "#0"}
			}
		},
		{
			"from": [7.5, 9.5, 14],
			"to": [8.5, 10, 15],
			"rotation": {"angle": 0, "axis": "y", "origin": [16, 16.5, 20]},
			"faces": {
				"north": {"uv": [0, 0, 0.5, 0.25], "texture": "#0"},
				"east": {"uv": [0, 8.5, 0.5, 8.75], "texture": "#0"},
				"south": {"uv": [0, 8.5, 0.5, 8.75], "texture": "#0"},
				"west": {"uv": [0, 8.5, 0.5, 8.75], "texture": "#0"},
				"up": {"uv": [0, 8.5, 0.5, 9], "texture": "#0"},
				"down": {"uv": [0, 0, 0.5, 0.5], "texture": "#0"}
			}
		},
		{
			"from": [7.25, 7.5, 14],
			"to": [8.75, 8.5, 15.5],
			"rotation": {"angle": 0, "axis": "y", "origin": [16, 15, 20]},
			"faces": {
				"north": {"uv": [0, 0, 0.75, 0.5], "texture": "#0"},
				"east": {"uv": [0, 9.5, 0.75, 10], "rotation": 180, "texture": "#0"},
				"south": {"uv": [0.5, 9.5, 0.75, 10], "texture": "#0"},
				"west": {"uv": [0, 9.5, 0.75, 10], "texture": "#0"},
				"up": {"uv": [0.5, 9.5, 0.75, 9.75], "texture": "#0"},
				"down": {"uv": [0, 0, 0.75, 0.75], "texture": "#0"}
			}
		},
		{
			"from": [7.15, 7.5, 14],
			"to": [8.85, 8, 14.75],
			"rotation": {"angle": 0, "axis": "y", "origin": [16, 15, 20]},
			"faces": {
				"north": {"uv": [0, 0, 0.75, 0.5], "texture": "#0"},
				"east": {"uv": [0.5, 9, 1.25, 9.5], "texture": "#0"},
				"south": {"uv": [0.5, 9, 1.25, 9.5], "texture": "#0"},
				"west": {"uv": [0.5, 9, 1.25, 9.5], "texture": "#0"},
				"up": {"uv": [0.5, 9, 1.25, 9.25], "texture": "#0"},
				"down": {"uv": [0.5, 9, 1.25, 9.25], "texture": "#0"}
			}
		},
		{
			"from": [7.75, 7.5, 15],
			"to": [8.25, 9, 16],
			"rotation": {"angle": 0, "axis": "y", "origin": [16, 15, 20.5]},
			"faces": {
				"north": {"uv": [0, 0, 0.25, 0.75], "texture": "#0"},
				"east": {"uv": [4, 2.5, 4.5, 3.25], "texture": "#0"},
				"south": {"uv": [4, 2.5, 4.25, 3.25], "texture": "#0"},
				"west": {"uv": [4, 2.5, 4.5, 3.25], "texture": "#0"},
				"up": {"uv": [4, 2.5, 4.25, 3], "texture": "#0"},
				"down": {"uv": [0, 0, 0.25, 0.5], "texture": "#0"}
			}
		},
		{
			"from": [7.75, 9, 15.5],
			"to": [8.25, 9.5, 16.5],
			"rotation": {"angle": 0, "axis": "y", "origin": [16, 15.5, 20.5]},
			"faces": {
				"north": {"uv": [4, 2, 4.25, 2.25], "texture": "#0"},
				"east": {"uv": [4, 2, 4.5, 2.25], "texture": "#0"},
				"south": {"uv": [4, 2, 4.25, 2.25], "texture": "#0"},
				"west": {"uv": [4, 2, 4.5, 2.25], "texture": "#0"},
				"up": {"uv": [4, 2, 4.25, 2.5], "texture": "#0"},
				"down": {"uv": [4, 2, 4.25, 2.5], "texture": "#0"}
			}
		},
		{
			"from": [7.25, 9, 13],
			"to": [8.75, 10, 14],
			"rotation": {"angle": 0, "axis": "y", "origin": [16, 16.5, 19]},
			"faces": {
				"north": {"uv": [0, 2, 0.25, 2.5], "texture": "#0"},
				"east": {"uv": [0, 2, 0.5, 2.5], "texture": "#0"},
				"south": {"uv": [0, 2, 0.25, 2.5], "texture": "#0"},
				"west": {"uv": [0, 2, 0.5, 2.5], "texture": "#0"},
				"up": {"uv": [0, 2, 0.25, 2.5], "texture": "#0"},
				"down": {"uv": [0, 0, 0.75, 0.5], "texture": "#0"}
			}
		},
		{
			"from": [7.25, 6.5, 14],
			"to": [8.75, 7.5, 16],
			"rotation": {"angle": 0, "axis": "y", "origin": [16, 14, 20]},
			"faces": {
				"north": {"uv": [0, 0, 0.75, 0.5], "texture": "#0"},
				"east": {"uv": [0, 10, 1, 10.5], "rotation": 180, "texture": "#0"},
				"south": {"uv": [0.5, 10, 0.75, 10.5], "texture": "#0"},
				"west": {"uv": [0, 10, 1, 10.5], "texture": "#0"},
				"up": {"uv": [0.5, 10, 0.75, 10.5], "texture": "#0"},
				"down": {"uv": [0, 0, 0.75, 1], "texture": "#0"}
			}
		},
		{
			"from": [7.25, 6.5, 16],
			"to": [8.75, 7, 16.5],
			"rotation": {"angle": 0, "axis": "y", "origin": [16, 14, 21]},
			"faces": {
				"north": {"uv": [0, 0, 0.75, 0.25], "texture": "#0"},
				"east": {"uv": [1, 10, 1.25, 10.25], "texture": "#0"},
				"south": {"uv": [1, 10, 1.25, 10.25], "texture": "#0"},
				"west": {"uv": [1, 10, 1.25, 10.25], "texture": "#0"},
				"up": {"uv": [1, 10, 1.25, 10.25], "texture": "#0"},
				"down": {"uv": [0, 0, 0.75, 0.25], "texture": "#0"}
			}
		},
		{
			"from": [7.5, 5.5, 11],
			"to": [8.5, 6.5, 15],
			"rotation": {"angle": 0, "axis": "y", "origin": [15.5, 13.5, 8]},
			"faces": {
				"north": {"uv": [2.5, 10.5, 3, 11], "texture": "#0"},
				"east": {"uv": [1, 10.5, 3, 11], "texture": "#0"},
				"south": {"uv": [0.5, 0.5, 1, 1], "texture": "#0"},
				"west": {"uv": [1, 10.5, 3, 11], "rotation": 180, "texture": "#0"},
				"up": {"uv": [0, 0, 0.5, 2], "texture": "#0"},
				"down": {"uv": [0, 12, 0.5, 14], "rotation": 180, "texture": "#0"}
			}
		},
		{
			"from": [7.5, 6, 15],
			"to": [8.5, 6.5, 17],
			"rotation": {"angle": 0, "axis": "y", "origin": [15.5, 13.5, 10]},
			"faces": {
				"north": {"uv": [0, 0, 0.5, 0.25], "texture": "#0"},
				"east": {"uv": [0, 10.5, 1, 10.75], "texture": "#0"},
				"south": {"uv": [0, 10.5, 0.5, 10.75], "texture": "#0"},
				"west": {"uv": [0, 10.5, 1, 10.75], "rotation": 180, "texture": "#0"},
				"up": {"uv": [0, 0, 0.5, 1], "texture": "#0"},
				"down": {"uv": [1, 0.5, 1.5, 1], "texture": "#0"}
			}
		},
		{
			"from": [7.25, 5, 15.25],
			"to": [8.75, 6, 16.75],
			"rotation": {"angle": 0, "axis": "y", "origin": [15.5, 13, 10.25]},
			"faces": {
				"north": {"uv": [3, 2.5, 3.75, 3], "texture": "#0"},
				"east": {"uv": [3, 2.5, 3.75, 3], "texture": "#0"},
				"south": {"uv": [3, 2.5, 3.75, 3], "texture": "#0"},
				"west": {"uv": [3, 2.5, 3.75, 3], "texture": "#0"},
				"up": {"uv": [3, 2.5, 3.25, 2.75], "texture": "#0"},
				"down": {"uv": [0, 0, 0.75, 0.75], "texture": "#0"}
			}
		},
		{
			"from": [7.5, 5, 16.75],
			"to": [8.5, 6, 17],
			"rotation": {"angle": 0, "axis": "y", "origin": [15.5, 13, 10.5]},
			"faces": {
				"north": {"uv": [0, 0, 0.5, 0.5], "texture": "#0"},
				"east": {"uv": [5.5, 2.5, 5.625, 3], "texture": "#0"},
				"south": {"uv": [5.5, 2.5, 6, 3], "texture": "#0"},
				"west": {"uv": [5.5, 2.5, 5.625, 3], "texture": "#0"},
				"up": {"uv": [0, 0, 0.5, 0.125], "texture": "#0"},
				"down": {"uv": [0, 0, 0.5, 0.125], "texture": "#0"}
			}
		},
		{
			"from": [7.25, 1.34045, 16.72521],
			"to": [8.75, 2.34045, 17.97521],
			"rotation": {"angle": 0, "axis": "y", "origin": [15.5, 9.34045, 11.47521]},
			"faces": {
				"north": {"uv": [0, 0, 0.75, 0.5], "texture": "#0"},
				"east": {"uv": [3, 4, 3.75, 4.5], "texture": "#0"},
				"south": {"uv": [3, 4, 3.75, 4.5], "texture": "#0"},
				"west": {"uv": [3, 4, 3.75, 4.5], "texture": "#0"},
				"up": {"uv": [0, 0, 0.75, 0.75], "texture": "#0"},
				"down": {"uv": [0, 0, 0.75, 0.75], "texture": "#0"}
			}
		},
		{
			"from": [7.25, 1.09045, 16.47521],
			"to": [8.75, 2.09045, 16.72521],
			"rotation": {"angle": 0, "axis": "y", "origin": [15.5, 9.09045, 11.22521]},
			"faces": {
				"north": {"uv": [3, 4, 3.75, 4.5], "texture": "#0"},
				"east": {"uv": [3, 4, 3.75, 4.5], "texture": "#0"},
				"south": {"uv": [0, 0, 0.75, 0.5], "texture": "#0"},
				"west": {"uv": [3, 4, 3.75, 4.5], "texture": "#0"},
				"up": {"uv": [0, 0, 0.75, 0.75], "texture": "#0"},
				"down": {"uv": [0, 0, 0.75, 0.75], "texture": "#0"}
			}
		},
		{
			"from": [7, 0.84045, 16.22521],
			"to": [9, 1.34045, 18.22521],
			"rotation": {"angle": 0, "axis": "y", "origin": [15.5, 8.84045, 11.72521]},
			"faces": {
				"north": {"uv": [0.5, 15.5, 1, 15.75], "texture": "#0"},
				"east": {"uv": [0, 15.5, 1, 15.75], "texture": "#0"},
				"south": {"uv": [0, 15.5, 0.5, 15.75], "texture": "#0"},
				"west": {"uv": [0, 15.5, 1, 15.75], "rotation": 180, "texture": "#0"},
				"up": {"uv": [0.5, 15.5, 1, 16], "texture": "#0"},
				"down": {"uv": [0, 13.5, 1, 14.5], "texture": "#0"}
			}
		},
		{
			"from": [7.5, 0.84045, 18.22521],
			"to": [8.5, 1.34045, 18.97521],
			"rotation": {"angle": 0, "axis": "y", "origin": [15.5, 8.84045, 12.47521]},
			"faces": {
				"north": {"uv": [0, 0, 0.5, 0.25], "texture": "#0"},
				"east": {"uv": [1, 15.5, 1.375, 15.75], "texture": "#0"},
				"south": {"uv": [1, 15.5, 1.5, 15.75], "texture": "#0"},
				"west": {"uv": [1, 15.5, 1.375, 15.75], "texture": "#0"},
				"up": {"uv": [1, 15.5, 1.5, 15.875], "texture": "#0"},
				"down": {"uv": [1, 15.5, 1.5, 15.875], "texture": "#0"}
			}
		},
		{
			"from": [7.75, 0.59045, 18.22521],
			"to": [8.25, 1.59045, 19.22521],
			"rotation": {"angle": 0, "axis": "y", "origin": [15.5, 8.84045, 12.47521]},
			"faces": {
				"north": {"uv": [0, 15, 0.25, 15.5], "texture": "#0"},
				"east": {"uv": [1.5, 15.5, 2, 16], "texture": "#0"},
				"south": {"uv": [0, 15, 0.25, 15.5], "texture": "#0"},
				"west": {"uv": [1.5, 15.5, 2, 16], "texture": "#0"},
				"up": {"uv": [0, 15, 0.25, 15.5], "texture": "#0"},
				"down": {"uv": [0, 15, 0.25, 15.5], "texture": "#0"}
			}
		},
		{
			"from": [7.9, 0.34045, 17.97521],
			"to": [8.1, 1.84045, 19.47521],
			"rotation": {"angle": 0, "axis": "y", "origin": [15.5, 8.84045, 12.47521]},
			"faces": {
				"north": {"uv": [1, 14.5, 1.1, 15.25], "texture": "#0"},
				"east": {"uv": [1, 14.5, 1.75, 15.25], "texture": "#0"},
				"south": {"uv": [1.5, 14.5, 1.6, 15.25], "texture": "#0"},
				"west": {"uv": [1, 14.5, 1.75, 15.25], "texture": "#0"},
				"up": {"uv": [1, 14.5, 1.1, 15.25], "texture": "#0"},
				"down": {"uv": [1, 14.5, 1.1, 15.25], "texture": "#0"}
			}
		},
		{
			"from": [7.9, 0.34045, 17.97521],
			"to": [8.1, 1.84045, 19.47521],
			"rotation": {"angle": -45, "axis": "x", "origin": [8, 1.09045, 18.72521]},
			"faces": {
				"north": {"uv": [1, 14.5, 1.1, 15.25], "rotation": 180, "texture": "#0"},
				"east": {"uv": [1, 14.5, 1.75, 15.25], "rotation": 270, "texture": "#0"},
				"south": {"uv": [1, 14.5, 1.1, 15.25], "texture": "#0"},
				"west": {"uv": [1, 14.5, 1.75, 15.25], "rotation": 90, "texture": "#0"},
				"up": {"uv": [1, 14.5, 1.1, 15.25], "rotation": 180, "texture": "#0"},
				"down": {"uv": [1, 14.5, 1.1, 15.25], "texture": "#0"}
			}
		},
		{
			"from": [7, 1.34045, 17.22521],
			"to": [9, 1.84045, 18.22521],
			"rotation": {"angle": 0, "axis": "y", "origin": [15.5, 9.34045, 11.72521]},
			"faces": {
				"north": {"uv": [0.5, 15.5, 1, 15.75], "texture": "#0"},
				"east": {"uv": [0.5, 15.5, 1, 15.75], "texture": "#0"},
				"south": {"uv": [0.5, 15.5, 1, 15.75], "texture": "#0"},
				"west": {"uv": [0.5, 15.5, 1, 15.75], "texture": "#0"},
				"up": {"uv": [0.5, 15.5, 1, 16], "texture": "#0"},
				"down": {"uv": [0, 0, 1, 0.5], "texture": "#0"}
			}
		},
		{
			"from": [7.25, 0.84045, 15.72521],
			"to": [8.75, 1.34045, 16.22521],
			"rotation": {"angle": 0, "axis": "y", "origin": [15.5, 8.84045, 10.97521]},
			"faces": {
				"north": {"uv": [1, 15.5, 1.25, 15.75], "texture": "#0"},
				"east": {"uv": [1, 15.5, 1.25, 15.75], "texture": "#0"},
				"south": {"uv": [0, 0, 0.75, 0.25], "texture": "#0"},
				"west": {"uv": [0.5, 15.5, 0.75, 15.75], "texture": "#0"},
				"up": {"uv": [1, 15.5, 1.25, 15.75], "texture": "#0"},
				"down": {"uv": [0, 14.5, 0.75, 14.75], "texture": "#0"}
			}
		},
		{
			"from": [7.5, 0.84045, 15.22521],
			"to": [8.5, 1.34045, 15.72521],
			"rotation": {"angle": 0, "axis": "y", "origin": [15.5, 8.84045, 10.47521]},
			"faces": {
				"north": {"uv": [1, 15.5, 1.5, 15.75], "texture": "#0"},
				"east": {"uv": [1, 15.5, 1.25, 15.75], "texture": "#0"},
				"south": {"uv": [0, 0, 0.5, 0.25], "texture": "#0"},
				"west": {"uv": [1, 15.5, 1.25, 15.75], "texture": "#0"},
				"up": {"uv": [1, 15.5, 1.5, 15.75], "texture": "#0"},
				"down": {"uv": [0, 14.5, 0.5, 14.75], "texture": "#0"}
			}
		},
		{
			"from": [7.5, 1.43612, 17.95618],
			"to": [8.5, 2.43612, 18.20618],
			"rotation": {"angle": 0, "axis": "y", "origin": [15.5, 9.43612, 11.70618]},
			"faces": {
				"north": {"uv": [0, 0, 0.5, 0.5], "texture": "#0"},
				"east": {"uv": [6, 4, 6.125, 4.5], "texture": "#0"},
				"south": {"uv": [6, 4, 6.5, 4.5], "texture": "#0"},
				"west": {"uv": [6, 4, 6.125, 4.5], "texture": "#0"},
				"up": {"uv": [0, 0, 0.5, 0.125], "texture": "#0"},
				"down": {"uv": [0, 0, 0.5, 0.125], "texture": "#0"}
			}
		},
		{
			"from": [7.35, 1.09045, 15.97521],
			"to": [8.65, 3.34045, 16.47521],
			"rotation": {"angle": 0, "axis": "y", "origin": [15.4, 9.34045, 11.22521]},
			"faces": {
				"north": {"uv": [3, 3.5, 3.65, 4.5], "texture": "#0"},
				"east": {"uv": [3, 3.5, 3.25, 4.5], "texture": "#0"},
				"south": {"uv": [0, 0, 0.65, 1.125], "texture": "#0"},
				"west": {"uv": [3, 3.5, 3.25, 4.5], "texture": "#0"},
				"up": {"uv": [0, 0, 0.65, 0.25], "texture": "#0"},
				"down": {"uv": [0, 0, 0.65, 0.25], "texture": "#0"}
			}
		},
		{
			"from": [7.5, 1.34045, 15.72521],
			"to": [8.5, 3.34045, 15.97521],
			"rotation": {"angle": 0, "axis": "y", "origin": [15.5, 9.34045, 10.97521]},
			"faces": {
				"north": {"uv": [4.5, 3.5, 5, 4.5], "texture": "#0"},
				"east": {"uv": [4.5, 3.5, 4.625, 4.5], "texture": "#0"},
				"south": {"uv": [0, 0, 0.5, 1], "texture": "#0"},
				"west": {"uv": [4.5, 3.5, 4.625, 4.5], "texture": "#0"},
				"up": {"uv": [0, 0, 0.5, 0.125], "texture": "#0"},
				"down": {"uv": [0, 0, 0.5, 0.125], "texture": "#0"}
			}
		},
		{
			"from": [7.25, 1.90119, 15.76693],
			"to": [8.75, 5.40119, 17.26693],
			"rotation": {"angle": -22.5, "axis": "x", "origin": [8, 3.90119, 16.51693]},
			"faces": {
				"north": {"uv": [3, 2.5, 3.75, 4.25], "texture": "#0"},
				"east": {"uv": [3, 2.5, 3.75, 4.25], "texture": "#0"},
				"south": {"uv": [3, 2.5, 3.75, 4.25], "texture": "#0"},
				"west": {"uv": [3, 2.5, 3.75, 4.25], "texture": "#0"},
				"up": {"uv": [0, 0, 0.75, 0.75], "texture": "#0"},
				"down": {"uv": [0, 0, 0.75, 0.75], "texture": "#0"}
			}
		},
		{
			"from": [7.5, 3.40119, 15.51693],
			"to": [8.5, 5.65119, 15.76693],
			"rotation": {"angle": -22.5, "axis": "x", "origin": [8, 3.90119, 16.51693]},
			"faces": {
				"north": {"uv": [4.5, 2.5, 5, 3.625], "texture": "#0"},
				"east": {"uv": [4.5, 2.5, 4.625, 3.625], "texture": "#0"},
				"south": {"uv": [0, 0, 0.5, 1.125], "texture": "#0"},
				"west": {"uv": [4.5, 2.5, 4.625, 3.625], "texture": "#0"},
				"up": {"uv": [0, 0, 0.5, 0.125], "texture": "#0"},
				"down": {"uv": [0, 0, 0.5, 0.125], "texture": "#0"}
			}
		},
		{
			"from": [7.5, 1.90119, 17.26693],
			"to": [8.5, 5.40119, 17.51693],
			"rotation": {"angle": -22.5, "axis": "x", "origin": [8, 3.90119, 16.51693]},
			"faces": {
				"north": {"uv": [0, 0, 0.5, 1.75], "texture": "#0"},
				"east": {"uv": [6, 2.5, 6.125, 4.25], "texture": "#0"},
				"south": {"uv": [6, 2.5, 6.5, 4.25], "texture": "#0"},
				"west": {"uv": [6, 2.5, 6.125, 4.25], "texture": "#0"},
				"up": {"uv": [0, 0, 0.5, 0.125], "texture": "#0"},
				"down": {"uv": [0, 0, 0.5, 0.125], "texture": "#0"}
			}
		},
		{
			"from": [7.75, 4.5, 11],
			"to": [8.25, 5.5, 11.5],
			"rotation": {"angle": 0, "axis": "y", "origin": [15.5, 12, 8]},
			"faces": {
				"north": {"uv": [6, 1.5, 6.25, 2], "texture": "#0"},
				"east": {"uv": [6, 1.5, 6.25, 2], "texture": "#0"},
				"south": {"uv": [6, 1.5, 6.25, 2], "texture": "#0"},
				"west": {"uv": [6, 1.5, 6.25, 2], "texture": "#0"},
				"up": {"uv": [0, 0, 0.25, 0.25], "texture": "#0"},
				"down": {"uv": [0, 0, 0.25, 0.25], "texture": "#0"}
			}
		},
		{
			"from": [7.75, 4.5, 13.35],
			"to": [8.25, 5.75, 13.85],
			"rotation": {"angle": 22.5, "axis": "x", "origin": [8, 5, 13.6]},
			"faces": {
				"north": {"uv": [0.5, 1, 0.75, 1.625], "texture": "#0"},
				"east": {"uv": [0.5, 1, 0.75, 1.625], "texture": "#0"},
				"south": {"uv": [0.5, 1, 0.75, 1.625], "texture": "#0"},
				"west": {"uv": [0.5, 1, 0.75, 1.625], "texture": "#0"},
				"up": {"uv": [0, 0, 0.25, 0.25], "texture": "#0"},
				"down": {"uv": [0.5, 1, 0.75, 1.25], "texture": "#0"}
			}
		},
		{
			"from": [7.75, 3.5, 14],
			"to": [8.25, 5, 14.5],
			"rotation": {"angle": 0, "axis": "y", "origin": [15.5, 11.5, 11.5]},
			"faces": {
				"north": {"uv": [7.5, 1.5, 7.75, 2.25], "texture": "#0"},
				"east": {"uv": [7.5, 1.5, 7.75, 2.25], "texture": "#0"},
				"south": {"uv": [7.5, 1.5, 7.75, 2.25], "texture": "#0"},
				"west": {"uv": [7.5, 1.5, 7.75, 2.25], "texture": "#0"},
				"up": {"uv": [0, 0, 0.25, 0.25], "texture": "#0"},
				"down": {"uv": [7.5, 2, 7.75, 2.25], "texture": "#0"}
			}
		},
		{
			"from": [7.75, 4, 11],
			"to": [8.25, 4.5, 13],
			"rotation": {"angle": 0, "axis": "y", "origin": [15.5, 12, 8.5]},
			"faces": {
				"north": {"uv": [6, 2, 6.25, 2.25], "texture": "#0"},
				"east": {"uv": [6, 2, 7, 2.25], "rotation": 180, "texture": "#0"},
				"south": {"uv": [6.5, 2, 6.75, 2.25], "texture": "#0"},
				"west": {"uv": [6, 2, 7, 2.25], "texture": "#0"},
				"up": {"uv": [6, 2, 7, 2.5], "rotation": 90, "texture": "#0"},
				"down": {"uv": [6, 2, 7, 2.5], "rotation": 270, "texture": "#0"}
			}
		},
		{
			"from": [7.75, 3.75, 13],
			"to": [8.25, 4.25, 14],
			"rotation": {"angle": 0, "axis": "y", "origin": [15.5, 11.75, 10.5]},
			"faces": {
				"north": {"uv": [7, 2, 7.25, 2.25], "texture": "#0"},
				"east": {"uv": [7, 2, 7.5, 2.25], "texture": "#0"},
				"south": {"uv": [0, 0, 0.25, 0.25], "texture": "#0"},
				"west": {"uv": [7, 2, 7.5, 2.25], "texture": "#0"},
				"up": {"uv": [7, 2, 7.25, 2.5], "texture": "#0"},
				"down": {"uv": [7, 2, 7.25, 2.5], "texture": "#0"}
			}
		},
		{
			"from": [7.55, 5.25, 15],
			"to": [8.45, 6, 15.25],
			"rotation": {"angle": 0, "axis": "y", "origin": [15.5, 13.5, 11.75]},
			"faces": {
				"north": {"uv": [0, 0, 0.35, 0.25], "texture": "#0"},
				"east": {"uv": [0, 4, 0.125, 4.25], "texture": "#0"},
				"south": {"uv": [0, 0, 0.35, 0.25], "texture": "#0"},
				"west": {"uv": [0, 4, 0.125, 4.25], "texture": "#0"},
				"up": {"uv": [0, 0, 0.35, 0.125], "texture": "#0"},
				"down": {"uv": [0, 0, 0.35, 0.125], "texture": "#0"}
			}
		},
		{
			"from": [7.5, 5, 14],
			"to": [8.5, 5.5, 15],
			"rotation": {"angle": 0, "axis": "y", "origin": [15.5, 13, 11.5]},
			"faces": {
				"north": {"uv": [4.5, 2.5, 5, 2.75], "texture": "#0"},
				"east": {"uv": [4.5, 2.5, 5.125, 2.75], "texture": "#0"},
				"south": {"uv": [0.5, 0.5, 1, 0.75], "texture": "#0"},
				"west": {"uv": [4.5, 2.5, 5.125, 2.75], "texture": "#0"},
				"up": {"uv": [0, 0, 0.5, 0.625], "texture": "#0"},
				"down": {"uv": [4.5, 2.5, 5, 2.625], "texture": "#0"}
			}
		},
		{
			"from": [7.5, 5, 15],
			"to": [8.5, 5.25, 15.25],
			"rotation": {"angle": 0, "axis": "y", "origin": [15.5, 13, 11.5]},
			"faces": {
				"north": {"uv": [4.5, 2.5, 5, 2.75], "texture": "#0"},
				"east": {"uv": [4.5, 2.5, 5.125, 2.75], "texture": "#0"},
				"south": {"uv": [0, 0, 0.5, 0.25], "texture": "#0"},
				"west": {"uv": [4.5, 2.5, 5.125, 2.75], "texture": "#0"},
				"up": {"uv": [0.5, 0.5, 1, 0.625], "texture": "#0"},
				"down": {"uv": [4.5, 2.5, 5, 2.625], "texture": "#0"}
			}
		},
		{
			"from": [7, 6.5, 11],
			"to": [9, 9, 14],
			"rotation": {"angle": 0, "axis": "y", "origin": [15, 14.5, 8]},
			"faces": {
				"north": {"uv": [0, 6, 2, 8.5], "texture": "#0"},
				"east": {"uv": [0.5, 4, 2, 5], "texture": "#0"},
				"south": {"uv": [0, 3.5, 0.25, 6], "texture": "#0"},
				"west": {"uv": [1.5, 3, 3, 4], "texture": "#0"},
				"up": {"uv": [0, 3, 1.5, 3.5], "rotation": 270, "texture": "#0"},
				"down": {"uv": [0.5, 4.5, 2, 5], "rotation": 90, "texture": "#0"}
			}
		},
		{
			"from": [9, 6.75, 11],
			"to": [9.25, 8.75, 14],
			"rotation": {"angle": 0, "axis": "y", "origin": [15.5, 14.5, 8]},
			"faces": {
				"north": {"uv": [1, 2.5, 1.25, 3.5], "texture": "#0"},
				"east": {"uv": [0, 2.5, 1.5, 3.5], "texture": "#0"},
				"south": {"uv": [0, 2.5, 0.5, 3.5], "texture": "#0"},
				"west": {"uv": [1.5, 2.5, 3, 5], "texture": "#0"},
				"up": {"uv": [1.5, 3, 3, 3.5], "rotation": 90, "texture": "#0"},
				"down": {"uv": [0, 3, 1.5, 3.5], "rotation": 90, "texture": "#0"}
			}
		},
		{
			"from": [6.75, 6.75, 11],
			"to": [7, 8.75, 14],
			"rotation": {"angle": 0, "axis": "y", "origin": [13.25, 14.5, 8]},
			"faces": {
				"north": {"uv": [1.5, 2.5, 1.75, 3.5], "texture": "#0"},
				"east": {"uv": [0, 2.5, 1.5, 5], "texture": "#0"},
				"south": {"uv": [2.5, 2.5, 2.75, 3.5], "texture": "#0"},
				"west": {"uv": [1.5, 2.5, 3, 3.5], "texture": "#0"},
				"up": {"uv": [0, 3, 1.5, 3.5], "rotation": 270, "texture": "#0"},
				"down": {"uv": [1.5, 3, 3, 3.5], "rotation": 270, "texture": "#0"}
			}
		},
		{
			"from": [7.5, 5.5, 9],
			"to": [8.5, 6, 9.5],
			"rotation": {"angle": 0, "axis": "y", "origin": [15.5, 13, 7]},
			"faces": {
				"north": {"uv": [3.5, 10.5, 4, 10.75], "texture": "#0"},
				"east": {"uv": [3.5, 10.5, 3.75, 10.75], "texture": "#0"},
				"south": {"uv": [0, 0, 0.5, 0.25], "texture": "#0"},
				"west": {"uv": [3.5, 10.5, 3.75, 10.75], "texture": "#0"},
				"up": {"uv": [3.5, 10.5, 4, 10.75], "texture": "#0"},
				"down": {"uv": [0, 11, 0.5, 11.25], "texture": "#0"}
			}
		},
		{
			"from": [7.5, 5.5, 10],
			"to": [8.5, 6, 11],
			"rotation": {"angle": 0, "axis": "y", "origin": [15.5, 13, 8]},
			"faces": {
				"north": {"uv": [0, 0, 0.5, 0.25], "texture": "#0"},
				"east": {"uv": [3, 10.5, 3.5, 10.75], "texture": "#0"},
				"south": {"uv": [0, 0, 0.5, 0.25], "texture": "#0"},
				"west": {"uv": [3, 10.5, 3.5, 10.75], "texture": "#0"},
				"up": {"uv": [3, 10.5, 3.5, 11], "texture": "#0"},
				"down": {"uv": [0, 11.5, 0.5, 12], "texture": "#0"}
			}
		},
		{
			"from": [7.5, 5.5, 9.5],
			"to": [8.5, 6.5, 10],
			"rotation": {"angle": 0, "axis": "y", "origin": [15.5, 13, 7.5]},
			"faces": {
				"north": {"uv": [3.5, 10.5, 4, 11], "texture": "#0"},
				"east": {"uv": [3.5, 10.5, 3.75, 11], "texture": "#0"},
				"south": {"uv": [3.5, 10.5, 4, 11], "texture": "#0"},
				"west": {"uv": [3.5, 10.5, 3.75, 11], "texture": "#0"},
				"up": {"uv": [3.5, 10.5, 4, 10.75], "texture": "#0"},
				"down": {"uv": [0, 11, 0.5, 11.25], "texture": "#0"}
			}
		},
		{
			"from": [7.65, 6, 10],
			"to": [8.35, 8, 11],
			"rotation": {"angle": 0, "axis": "y", "origin": [15.5, 13.25, 8.5]},
			"faces": {
				"north": {"uv": [0, 0.5, 0.35, 1.5], "texture": "#0"},
				"east": {"uv": [0, 0.5, 0.5, 1.5], "texture": "#0"},
				"south": {"uv": [0, 0, 0.35, 1], "texture": "#0"},
				"west": {"uv": [0, 0.5, 0.5, 1.5], "texture": "#0"},
				"up": {"uv": [0, 0, 0.35, 0.5], "texture": "#0"},
				"down": {"uv": [0, 0, 0.35, 0.5], "texture": "#0"}
			}
		},
		{
			"from": [7.5, 7.25, 0],
			"to": [8.5, 7.75, 6],
			"rotation": {"angle": 0, "axis": "y", "origin": [15.5, 15, 8]},
			"faces": {
				"north": {"uv": [2.5, 1, 3, 1.25], "texture": "#0"},
				"east": {"uv": [3, 1, 6, 1.25], "texture": "#0"},
				"south": {"uv": [0, 0, 0.5, 0.25], "texture": "#0"},
				"west": {"uv": [3, 1, 6, 1.25], "rotation": 180, "texture": "#0"},
				"up": {"uv": [3, 1, 6, 1.5], "rotation": 270, "texture": "#0"},
				"down": {"uv": [3, 1, 6, 1.5], "rotation": 90, "texture": "#0"}
			}
		},
		{
			"from": [7.75, 7.75, 0],
			"to": [8.25, 8, 11],
			"rotation": {"angle": 0, "axis": "y", "origin": [15.5, 15.25, 8]},
			"faces": {
				"north": {"uv": [0.5, 0.5, 0.75, 0.625], "texture": "#0"},
				"east": {"uv": [0.5, 0.5, 6, 0.625], "texture": "#0"},
				"south": {"uv": [0, 0, 0.25, 0.125], "texture": "#0"},
				"west": {"uv": [0.5, 0.5, 6, 0.625], "rotation": 180, "texture": "#0"},
				"up": {"uv": [0, 0, 0.25, 5.5], "texture": "#0"},
				"down": {"uv": [0, 0, 0.25, 5.5], "texture": "#0"}
			}
		},
		{
			"from": [7.75, 6.5, 0],
			"to": [8.25, 7.25, 11],
			"rotation": {"angle": 0, "axis": "y", "origin": [15.5, 14.5, 8]},
			"faces": {
				"north": {"uv": [5.5, 1.5, 5.75, 1.875], "texture": "#0"},
				"east": {"uv": [0.5, 1.5, 6, 1.875], "texture": "#0"},
				"south": {"uv": [0, 0, 0.25, 0.375], "texture": "#0"},
				"west": {"uv": [0.5, 1.5, 6, 1.875], "rotation": 180, "texture": "#0"},
				"up": {"uv": [0, 0, 0.25, 5.5], "texture": "#0"},
				"down": {"uv": [0.5, 1.5, 6, 2], "rotation": 90, "texture": "#0"}
			}
		},
		{
			"from": [7.75, 6, 0],
			"to": [8.25, 6.5, 5],
			"rotation": {"angle": 0, "axis": "y", "origin": [15.5, 14, 8]},
			"faces": {
				"north": {"uv": [10, 1, 10.25, 1.25], "texture": "#0"},
				"east": {"uv": [6, 1, 11, 1.25], "texture": "#0"},
				"south": {"uv": [6, 1, 6.25, 1.25], "texture": "#0"},
				"west": {"uv": [6, 1, 11, 1.5], "rotation": 180, "texture": "#0"},
				"up": {"uv": [0, 0, 0.25, 2], "texture": "#0"},
				"down": {"uv": [6, 1, 11, 1.5], "rotation": 90, "texture": "#0"}
			}
		},
		{
			"from": [7.5, 7, 6],
			"to": [8.5, 7.75, 10],
			"rotation": {"angle": 0, "axis": "y", "origin": [15.5, 15, 14]},
			"faces": {
				"north": {"uv": [1, 1, 1.5, 1.375], "texture": "#0"},
				"east": {"uv": [1, 1, 3, 1.375], "texture": "#0"},
				"south": {"uv": [1, 1, 1.5, 1.375], "texture": "#0"},
				"west": {"uv": [1, 1, 3, 1.375], "rotation": 180, "texture": "#0"},
				"up": {"uv": [1, 1, 3, 1.5], "rotation": 270, "texture": "#0"},
				"down": {"uv": [1, 1, 3, 1.5], "rotation": 90, "texture": "#0"}
			}
		}
	],
	"display": {
		"thirdperson_righthand": {
			"translation": [0, 1.75, -4],
			"scale": [0.7, 0.7, 0.7]
		},
		"thirdperson_lefthand": {
			"translation": [0, 1.75, -4],
			"scale": [0.7, 0.7, 0.7]
		},
		"firstperson_righthand": {
			"rotation": [0, -10, 0],
			"translation": [3, 3.5, -6.25]
		},
		"firstperson_lefthand": {
			"rotation": [0, -10, 0],
			"translation": [3, 3.5, -6.25]
		},
		"ground": {
			"rotation": [45, 0, 0],
			"translation": [0, 10.25, 0.5]
		},
		"gui": {
			"rotation": [17, 24, 0],
			"translation": [-0.5, 3, 0]
		},
		"fixed": {
			"rotation": [0, -90, 0],
			"translation": [1.75, 2.25, -1.75]
		}
	},
"overrides": [
      	  {
        	    "predicate": {
                	"pulling": 1
            	},
           	 "model": "item/bow_pulling_0"
	        },
        	{
        	    "predicate": {
        	        "pulling": 1,
        	        "pull": 0.65
        	    },
        	    "model": "item/bow_pulling_1"
        	},
        	{
           	 "predicate": {
               	 "pulling": 1,
                	"pull": 0.9
           	 },
           	 "model": "item/bow_pulling_2"
        	}
	]
}