{
	"credit": "Made with Blockbench",
	"textures": {
		"0": "item/etc/blush",
		"particle": "item/etc/blush"
	},
	"gui_light": "front",
	"elements": [
		{
			"from": [4, 0, 7],
			"to": [6, 0.025, 9],
			"faces": {
				"north": {"uv": [0, 4, 2, 5], "texture": "#0"},
				"east": {"uv": [4, 0, 6, 1], "texture": "#0"},
				"south": {"uv": [4, 1, 6, 2], "texture": "#0"},
				"west": {"uv": [2, 4, 4, 5], "texture": "#0"},
				"up": {"uv": [2, 2, 0, 0], "texture": "#0"},
				"down": {"uv": [2, 2, 0, 4], "texture": "#0"}
			}
		},
		{
			"from": [11, 0, 7],
			"to": [13, 0.025, 9],
			"faces": {
				"north": {"uv": [4, 2, 6, 3], "texture": "#0"},
				"east": {"uv": [4, 3, 6, 4], "texture": "#0"},
				"south": {"uv": [4, 4, 6, 5], "texture": "#0"},
				"west": {"uv": [0, 5, 2, 6], "texture": "#0"},
				"up": {"uv": [4, 2, 2, 0], "texture": "#0"},
				"down": {"uv": [4, 2, 2, 4], "texture": "#0"}
			}
		}
	],
	"display": {
		"thirdperson_righthand": {
			"translation": [-0.25, 4, 0],
			"scale": [0.5, 0.5, 0.5]
		},
		"thirdperson_lefthand": {
			"translation": [-0.25, 4, 0],
			"scale": [0.5, 0.5, 0.5]
		},
		"firstperson_righthand": {
			"rotation": [0, 0, 28],
			"translation": [0, 8.5, -0.25]
		},
		"firstperson_lefthand": {
			"rotation": [0, 0, 28],
			"translation": [0, 8.5, -0.25]
		},
		"ground": {
			"rotation": [90, 0, 0],
			"translation": [0, 1.5, 5]
		},
		"gui": {
			"rotation": [90, 0, 0],
			"translation": [-0.5, -0.25, 0],
			"scale": [1.5, 1.5, 1.5]
		},
		"head": {
			"rotation": [-90, 0, 0],
			"translation": [-0.75, -4.25, -21],
			"scale": [1.7, 1.7, 1.7]
		},
		"fixed": {
			"rotation": [90, 0, 0],
			"translation": [-0.75, 0.5, 11.5],
			"scale": [1.5, 1.5, 1.5]
		}
	}
}