{
	"__comment": "by moon",
	"textures": {
		"particle": "item/etc/delluna",
		"texture": "item/etc/delluna",
		"voxels_atlas": "item/etc/delluna"
	},
	"gui_light": "front",
	"elements": [ 	 
		{
			"__comment": "Voxels",
			"from": [ 5, 0, 7 ],
			"to": [ 7, 1, 10 ],
			"faces": {
				"down": { "uv": [ 0, 10, 4, 16 ], "texture": "#voxels_atlas" },
				"up": { "uv": [ 0, 10, 4, 4 ], "texture": "#voxels_atlas" },
				"north": { "uv": [ 4, 2, 0, 4 ], "texture": "#voxels_atlas" },
				"south": { "uv": [ 0, 0, 4, 2 ], "texture": "#voxels_atlas" },
				"west": { "uv": [ 4, 14, 10, 16 ], "texture": "#voxels_atlas" },
				"east": { "uv": [ 16, 14, 10, 16 ], "texture": "#voxels_atlas" }
			}
		},
		{
			"__comment": "Voxels",
			"from": [ 6, 0, 6 ],
			"to": [ 8, 1, 7 ],
			"faces": {
				"down": { "uv": [ 4, 8, 8, 10 ], "texture": "#voxels_atlas" },
				"up": { "uv": [ 8, 10, 12, 8 ], "texture": "#voxels_atlas" },
				"north": { "uv": [ 16, 8, 12, 10 ], "texture": "#voxels_atlas" },
				"south": { "uv": [ 4, 6, 8, 8 ], "texture": "#voxels_atlas" },
				"west": { "uv": [ 4, 4, 6, 6 ], "texture": "#voxels_atlas" },
				"east": { "uv": [ 8, 4, 6, 6 ], "texture": "#voxels_atlas" }
			}
		},
		{
			"__comment": "Voxels",
			"from": [ 6, 0, 10 ],
			"to": [ 9, 1, 11 ],
			"faces": {
				"down": { "uv": [ 4, 12, 10, 14 ], "texture": "#voxels_atlas" },
				"up": { "uv": [ 10, 14, 16, 12 ], "texture": "#voxels_atlas" },
				"north": { "uv": [ 10, 10, 4, 12 ], "texture": "#voxels_atlas" },
				"south": { "uv": [ 10, 10, 16, 12 ], "texture": "#voxels_atlas" },
				"west": { "uv": [ 4, 2, 6, 4 ], "texture": "#voxels_atlas" },
				"east": { "uv": [ 8, 2, 6, 4 ], "texture": "#voxels_atlas" }
			}
		},
		{
			"__comment": "Voxels",
			"from": [ 7, 0, 9 ],
			"to": [ 8, 1, 10 ],
			"faces": {
				"down": { "uv": [ 4, 0, 6, 2 ], "texture": "#voxels_atlas" },
				"up": { "uv": [ 6, 2, 8, 0 ], "texture": "#voxels_atlas" },
				"north": { "uv": [ 10, 6, 8, 8 ], "texture": "#voxels_atlas" },
				"south": { "uv": [ 10, 6, 12, 8 ], "texture": "#voxels_atlas" },
				"west": { "uv": [ 12, 6, 14, 8 ], "texture": "#voxels_atlas" },
				"east": { "uv": [ 16, 6, 14, 8 ], "texture": "#voxels_atlas" }
			}
		},
		{
			"__comment": "Voxels",
			"from": [ 9, 0, 9 ],
			"to": [ 10, 1, 10 ],
			"faces": {
				"down": { "uv": [ 8, 4, 10, 6 ], "texture": "#voxels_atlas" },
				"up": { "uv": [ 8, 4, 10, 2 ], "texture": "#voxels_atlas" },
				"north": { "uv": [ 10, 0, 8, 2 ], "texture": "#voxels_atlas" },
				"south": { "uv": [ 10, 4, 12, 6 ], "texture": "#voxels_atlas" },
				"west": { "uv": [ 12, 4, 14, 6 ], "texture": "#voxels_atlas" },
				"east": { "uv": [ 16, 4, 14, 6 ], "texture": "#voxels_atlas" }
			}
		}
	],
	"display": {
		"thirdperson_righthand": {
			"rotation":  [ -57, 180, 0 ],
			"translation":  [ -0.694, 6.9557, -4.173 ]
		},
		"thirdperson_lefthand": {
			"rotation":  [ -57, 180, 0 ],
			"translation":  [ 0.6973, 6.9557, -4.173 ]
		},
		"firstperson_righthand": {
			"rotation":  [ 86, 0, 6 ],
			"translation":  [ 0.6956, 4.8688, 7.6531 ]
		},
		"firstperson_lefthand": {
			"rotation":  [ 86, 0, -2 ],
			"translation":  [ 0.6956, 4.8688, 7.6531 ]
		},
		"gui": {
			"rotation":  [ 90, 0, 0 ],
			"translation":  [ 0.6956, 0.6956, 0 ],
			"scale":  [ 2, 2, 2 ]
		},
		"head": {
			"rotation":  [ -90, 180, 0 ],
			"translation":  [ -0.695, 13.216, -14.6 ],
			"scale":  [ 2, 2, 2 ]
		},
		"ground": {
			"rotation":  [ 77, 0, 0 ],
			"translation":  [ 1.3913, 0, 10.434 ],
			"scale":  [ 1.5, 1.5, 1.5 ]
		},
		"fixed": {
			"rotation":  [ -90, 180, 0 ],
			"translation":  [ -1.39, 1.1304, -20.15 ],
			"scale":  [ 2.5, 2.5, 2.5 ]
		}
	}
}