{
	"credit": "Made with Blockbench",
	"texture_size": [64, 64],
	"textures": {
		"1": "item/decor/covered/chandelier",
		"particle": "item/decor/covered/chandelier"
	},
	"elements": [
		{
			"from": [1.5, 9, 1.5],
			"to": [4.5, 10, 4.5],
			"rotation": {"angle": 0, "axis": "y", "origin": [6, 7.5, 6]},
			"faces": {
				"north": {"uv": [8.75, 8, 9.5, 8.25], "texture": "#1"},
				"east": {"uv": [8.25, 8.75, 9, 9], "texture": "#1"},
				"south": {"uv": [8.75, 8.25, 9.5, 8.5], "texture": "#1"},
				"west": {"uv": [8.75, 8.5, 9.5, 8.75], "texture": "#1"},
				"up": {"uv": [8.75, 7.25, 8, 6.5], "texture": "#1"},
				"down": {"uv": [8.75, 7.25, 8, 8], "texture": "#1"}
			}
		},
		{
			"from": [6.5, 4, 6.5],
			"to": [9.5, 5, 9.5],
			"rotation": {"angle": 0, "axis": "y", "origin": [8, 7.5, 8]},
			"faces": {
				"north": {"uv": [3, 9, 3.75, 9.25], "texture": "#1"},
				"east": {"uv": [3.75, 9, 4.5, 9.25], "texture": "#1"},
				"south": {"uv": [4.5, 9, 5.25, 9.25], "texture": "#1"},
				"west": {"uv": [5.25, 9, 6, 9.25], "texture": "#1"},
				"up": {"uv": [1.5, 9, 0.75, 8.25], "texture": "#1"},
				"down": {"uv": [2.25, 8.25, 1.5, 9], "texture": "#1"}
			}
		},
		{
			"from": [6.5, 15, 6.5],
			"to": [9.5, 16, 9.5],
			"rotation": {"angle": 0, "axis": "y", "origin": [8, 7.5, 8]},
			"faces": {
				"north": {"uv": [6, 9, 6.75, 9.25], "texture": "#1"},
				"east": {"uv": [8.25, 9, 9, 9.25], "texture": "#1"},
				"south": {"uv": [9, 8.75, 9.75, 9], "texture": "#1"},
				"west": {"uv": [9, 9, 9.75, 9.25], "texture": "#1"},
				"up": {"uv": [3, 9, 2.25, 8.25], "texture": "#1"},
				"down": {"uv": [3.75, 8.25, 3, 9], "texture": "#1"}
			}
		},
		{
			"from": [11.5, 9, 11.5],
			"to": [14.5, 10, 14.5],
			"rotation": {"angle": 0, "axis": "y", "origin": [10, 7.5, 10]},
			"faces": {
				"north": {"uv": [0, 9, 0.75, 9.25], "texture": "#1"},
				"east": {"uv": [0.75, 9, 1.5, 9.25], "texture": "#1"},
				"south": {"uv": [1.5, 9, 2.25, 9.25], "texture": "#1"},
				"west": {"uv": [2.25, 9, 3, 9.25], "texture": "#1"},
				"up": {"uv": [8.75, 8.75, 8, 8], "texture": "#1"},
				"down": {"uv": [0.75, 8.25, 0, 9], "texture": "#1"}
			}
		},
		{
			"from": [1.3, 13, 6],
			"to": [2.3, 14, 6],
			"rotation": {"angle": -45, "axis": "y", "origin": [6, 7.5, 6]},
			"faces": {
				"north": {"uv": [6, 9.25, 6.25, 9.5], "texture": "#1"},
				"east": {"uv": [0, 0, 0, 0.25], "texture": "#1"},
				"south": {"uv": [6.25, 9.25, 6.5, 9.5], "texture": "#1"},
				"west": {"uv": [0, 0, 0, 0.25], "texture": "#1"},
				"up": {"uv": [0.25, 0, 0, 0], "texture": "#1"},
				"down": {"uv": [0.25, 0, 0, 0], "texture": "#1"}
			}
		},
		{
			"from": [1, 13, 7.5],
			"to": [1, 14, 8.5],
			"rotation": {"angle": -45, "axis": "y", "origin": [8, 7.5, 8]},
			"faces": {
				"north": {"uv": [0, 0, 0, 0.25], "texture": "#1"},
				"east": {"uv": [7.75, 8.25, 8, 8.5], "texture": "#1"},
				"south": {"uv": [0, 0, 0, 0.25], "texture": "#1"},
				"west": {"uv": [7.75, 8.5, 8, 8.75], "texture": "#1"},
				"up": {"uv": [0, 0.25, 0, 0], "texture": "#1"},
				"down": {"uv": [0, 0, 0, 0.25], "texture": "#1"}
			}
		},
		{
			"from": [13.7, 13, 10],
			"to": [14.7, 14, 10],
			"rotation": {"angle": -45, "axis": "y", "origin": [10, 7.5, 10]},
			"faces": {
				"north": {"uv": [6.75, 9.25, 7, 9.5], "texture": "#1"},
				"east": {"uv": [0, 0, 0, 0.25], "texture": "#1"},
				"south": {"uv": [9.25, 6.75, 9.5, 7], "texture": "#1"},
				"west": {"uv": [0, 0, 0, 0.25], "texture": "#1"},
				"up": {"uv": [0.25, 0, 0, 0], "texture": "#1"},
				"down": {"uv": [0.25, 0, 0, 0], "texture": "#1"}
			}
		},
		{
			"from": [14.2, 13, 9.5],
			"to": [14.2, 14, 10.5],
			"rotation": {"angle": -45, "axis": "y", "origin": [10, 7.5, 10]},
			"faces": {
				"north": {"uv": [0, 0, 0, 0.25], "texture": "#1"},
				"east": {"uv": [6.5, 9.25, 6.75, 9.5], "texture": "#1"},
				"south": {"uv": [0, 0, 0, 0.25], "texture": "#1"},
				"west": {"uv": [9.25, 6.5, 9.5, 6.75], "texture": "#1"},
				"up": {"uv": [0, 0.25, 0, 0], "texture": "#1"},
				"down": {"uv": [0, 0, 0, 0.25], "texture": "#1"}
			}
		},
		{
			"from": [8, 2, -1.5],
			"to": [8, 15, 17.5],
			"rotation": {"angle": -45, "axis": "y", "origin": [8, 7.5, 8]},
			"faces": {
				"north": {"uv": [0, 0, 0, 3.25], "texture": "#1"},
				"east": {"uv": [0, 0, 4.75, 3.25], "texture": "#1"},
				"south": {"uv": [0, 0, 0, 3.25], "texture": "#1"},
				"west": {"uv": [0, 3.25, 4.75, 6.5], "texture": "#1"},
				"up": {"uv": [0, 4.75, 0, 0], "texture": "#1"},
				"down": {"uv": [0, 0, 0, 4.75], "texture": "#1"}
			}
		},
		{
			"from": [-1.5, 2, 8],
			"to": [17.5, 15, 8],
			"rotation": {"angle": -45, "axis": "y", "origin": [8, 7.5, 8]},
			"faces": {
				"north": {"uv": [4.75, 0, 9.5, 3.25], "texture": "#1"},
				"east": {"uv": [0, 0, 0, 3.25], "texture": "#1"},
				"south": {"uv": [4.75, 3.25, 9.5, 6.5], "texture": "#1"},
				"west": {"uv": [0, 0, 0, 3.25], "texture": "#1"},
				"up": {"uv": [4.75, 0, 0, 0], "texture": "#1"},
				"down": {"uv": [4.75, 0, 0, 0], "texture": "#1"}
			}
		},
		{
			"from": [2, 6, 2],
			"to": [4, 13, 4],
			"rotation": {"angle": 0, "axis": "y", "origin": [6, 7.5, 6]},
			"faces": {
				"north": {"uv": [0, 6.5, 0.5, 8.25], "texture": "#1"},
				"east": {"uv": [0.5, 6.5, 1, 8.25], "texture": "#1"},
				"south": {"uv": [1, 6.5, 1.5, 8.25], "texture": "#1"},
				"west": {"uv": [1.5, 6.5, 2, 8.25], "texture": "#1"},
				"up": {"uv": [7.25, 8.75, 6.75, 8.25], "texture": "#1"},
				"down": {"uv": [7.75, 8.25, 7.25, 8.75], "texture": "#1"}
			}
		},
		{
			"from": [12, 6, 12],
			"to": [14, 13, 14],
			"rotation": {"angle": 0, "axis": "y", "origin": [10, 7.5, 10]},
			"faces": {
				"north": {"uv": [2, 6.5, 2.5, 8.25], "texture": "#1"},
				"east": {"uv": [2.5, 6.5, 3, 8.25], "texture": "#1"},
				"south": {"uv": [3, 6.5, 3.5, 8.25], "texture": "#1"},
				"west": {"uv": [3.5, 6.5, 4, 8.25], "texture": "#1"},
				"up": {"uv": [9.25, 7, 8.75, 6.5], "texture": "#1"},
				"down": {"uv": [7.25, 8.75, 6.75, 9.25], "texture": "#1"}
			}
		},
		{
			"from": [11.5, 9, 1.5],
			"to": [14.5, 10, 4.5],
			"rotation": {"angle": 0, "axis": "y", "origin": [8, 11.5, 8]},
			"faces": {
				"north": {"uv": [3, 9.25, 3.75, 9.5], "texture": "#1"},
				"east": {"uv": [3.75, 9.25, 4.5, 9.5], "texture": "#1"},
				"south": {"uv": [4.5, 9.25, 5.25, 9.5], "texture": "#1"},
				"west": {"uv": [5.25, 9.25, 6, 9.5], "texture": "#1"},
				"up": {"uv": [6, 9, 5.25, 8.25], "texture": "#1"},
				"down": {"uv": [6.75, 8.25, 6, 9], "texture": "#1"}
			}
		},
		{
			"from": [12, 6, 2],
			"to": [14, 13, 4],
			"rotation": {"angle": 0, "axis": "y", "origin": [8, 11.5, 8]},
			"faces": {
				"north": {"uv": [6, 6.5, 6.5, 8.25], "texture": "#1"},
				"east": {"uv": [6.5, 6.5, 7, 8.25], "texture": "#1"},
				"south": {"uv": [7, 6.5, 7.5, 8.25], "texture": "#1"},
				"west": {"uv": [7.5, 6.5, 8, 8.25], "texture": "#1"},
				"up": {"uv": [9.25, 8, 8.75, 7.5], "texture": "#1"},
				"down": {"uv": [8.25, 8.75, 7.75, 9.25], "texture": "#1"}
			}
		},
		{
			"from": [7.5, 13, 1],
			"to": [8.5, 14, 1],
			"rotation": {"angle": -45, "axis": "y", "origin": [8, 11.5, 8]},
			"faces": {
				"north": {"uv": [7.75, 9.25, 8, 9.5], "texture": "#1"},
				"east": {"uv": [0, 0, 0, 0.25], "texture": "#1"},
				"south": {"uv": [9.25, 7.75, 9.5, 8], "texture": "#1"},
				"west": {"uv": [0, 0, 0, 0.25], "texture": "#1"},
				"up": {"uv": [0.25, 0, 0, 0], "texture": "#1"},
				"down": {"uv": [0.25, 0, 0, 0], "texture": "#1"}
			}
		},
		{
			"from": [8, 13, 0.47157],
			"to": [8, 14, 1.47157],
			"rotation": {"angle": -45, "axis": "y", "origin": [8, 11.5, 8]},
			"faces": {
				"north": {"uv": [0, 0, 0, 0.25], "texture": "#1"},
				"east": {"uv": [7.5, 9.25, 7.75, 9.5], "texture": "#1"},
				"south": {"uv": [0, 0, 0, 0.25], "texture": "#1"},
				"west": {"uv": [9.25, 7.5, 9.5, 7.75], "texture": "#1"},
				"up": {"uv": [0, 0.25, 0, 0], "texture": "#1"},
				"down": {"uv": [0, 0, 0, 0.25], "texture": "#1"}
			}
		},
		{
			"from": [1.5, 9, 11.5],
			"to": [4.5, 10, 14.5],
			"rotation": {"angle": 0, "axis": "y", "origin": [8, 11.5, 8]},
			"faces": {
				"north": {"uv": [0, 9.25, 0.75, 9.5], "texture": "#1"},
				"east": {"uv": [0.75, 9.25, 1.5, 9.5], "texture": "#1"},
				"south": {"uv": [1.5, 9.25, 2.25, 9.5], "texture": "#1"},
				"west": {"uv": [2.25, 9.25, 3, 9.5], "texture": "#1"},
				"up": {"uv": [4.5, 9, 3.75, 8.25], "texture": "#1"},
				"down": {"uv": [5.25, 8.25, 4.5, 9], "texture": "#1"}
			}
		},
		{
			"from": [2, 6, 12],
			"to": [4, 13, 14],
			"rotation": {"angle": 0, "axis": "y", "origin": [8, 11.5, 8]},
			"faces": {
				"north": {"uv": [4, 6.5, 4.5, 8.25], "texture": "#1"},
				"east": {"uv": [4.5, 6.5, 5, 8.25], "texture": "#1"},
				"south": {"uv": [5, 6.5, 5.5, 8.25], "texture": "#1"},
				"west": {"uv": [5.5, 6.5, 6, 8.25], "texture": "#1"},
				"up": {"uv": [9.25, 7.5, 8.75, 7], "texture": "#1"},
				"down": {"uv": [7.75, 8.75, 7.25, 9.25], "texture": "#1"}
			}
		},
		{
			"from": [8, 13, 14.52843],
			"to": [8, 14, 15.52843],
			"rotation": {"angle": -45, "axis": "y", "origin": [8, 11.5, 8]},
			"faces": {
				"north": {"uv": [0, 0, 0, 0.25], "texture": "#1"},
				"east": {"uv": [7.25, 9.25, 7.5, 9.5], "texture": "#1"},
				"south": {"uv": [0, 0, 0, 0.25], "texture": "#1"},
				"west": {"uv": [9.25, 7.25, 9.5, 7.5], "texture": "#1"},
				"up": {"uv": [0, 0.25, 0, 0], "texture": "#1"},
				"down": {"uv": [0, 0, 0, 0.25], "texture": "#1"}
			}
		},
		{
			"from": [7.5, 13, 15.02843],
			"to": [8.5, 14, 15.02843],
			"rotation": {"angle": -45, "axis": "y", "origin": [8, 11.5, 8]},
			"faces": {
				"north": {"uv": [7, 9.25, 7.25, 9.5], "texture": "#1"},
				"east": {"uv": [0, 0, 0, 0.25], "texture": "#1"},
				"south": {"uv": [9.25, 7, 9.5, 7.25], "texture": "#1"},
				"west": {"uv": [0, 0, 0, 0.25], "texture": "#1"},
				"up": {"uv": [0.25, 0, 0, 0], "texture": "#1"},
				"down": {"uv": [0.25, 0, 0, 0], "texture": "#1"}
			}
		}
	],
	"display": {
		"thirdperson_righthand": {
			"rotation": [75, 45, 0],
			"translation": [0, 2.5, 0],
			"scale": [0.375, 0.375, 0.375]
		},
		"thirdperson_lefthand": {
			"rotation": [75, 45, 0],
			"translation": [0, 2.5, 0],
			"scale": [0.375, 0.375, 0.375]
		},
		"firstperson_righthand": {
			"rotation": [0, 45, 0],
			"scale": [0.4, 0.4, 0.4]
		},
		"firstperson_lefthand": {
			"rotation": [0, 225, 0],
			"scale": [0.4, 0.4, 0.4]
		},
		"ground": {
			"translation": [0, 3, 0],
			"scale": [0.6, 0.6, 0.6]
		},
		"gui": {
			"rotation": [30, 225, 0],
			"scale": [0.625, 0.625, 0.625]
		},
		"fixed": {
			"rotation": [90, 0, 0],
			"translation": [0, 0, -16],
			"scale": [2, 2, 2]
		}
	}
}