{
	"credit": "Made with Blockbench",
	"texture_size": [64, 64],
	"textures": {
		"1": "item/decor/covered/covered_armchair"
	},
	"elements": [
		{
			"from": [2, 0, 2],
			"to": [4, 3, 4],
			"faces": {
				"north": {"uv": [6, 10, 6.5, 10.75], "texture": "#1"},
				"east": {"uv": [6, 10.75, 6.5, 11.5], "texture": "#1"},
				"south": {"uv": [6.5, 11, 7, 11.75], "texture": "#1"},
				"west": {"uv": [7, 11, 7.5, 11.75], "texture": "#1"},
				"up": {"uv": [8.5, 12.25, 8, 11.75], "texture": "#1"},
				"down": {"uv": [12.25, 8, 11.75, 8.5], "texture": "#1"}
			}
		},
		{
			"from": [12, 0, 2],
			"to": [14, 3, 4],
			"rotation": {"angle": 0, "axis": "y", "origin": [16, 0, 0]},
			"faces": {
				"north": {"uv": [7.5, 11, 8, 11.75], "texture": "#1"},
				"east": {"uv": [8, 11, 8.5, 11.75], "texture": "#1"},
				"south": {"uv": [8.5, 11, 9, 11.75], "texture": "#1"},
				"west": {"uv": [9, 11, 9.5, 11.75], "texture": "#1"},
				"up": {"uv": [9, 12.25, 8.5, 11.75], "texture": "#1"},
				"down": {"uv": [12.25, 8.5, 11.75, 9], "texture": "#1"}
			}
		},
		{
			"from": [12, 0, 12],
			"to": [14, 3, 14],
			"rotation": {"angle": 0, "axis": "y", "origin": [16, 0, 16]},
			"faces": {
				"north": {"uv": [6, 11.5, 6.5, 12.25], "texture": "#1"},
				"east": {"uv": [6.5, 11.75, 7, 12.5], "texture": "#1"},
				"south": {"uv": [7, 11.75, 7.5, 12.5], "texture": "#1"},
				"west": {"uv": [7.5, 11.75, 8, 12.5], "texture": "#1"},
				"up": {"uv": [12.25, 10, 11.75, 9.5], "texture": "#1"},
				"down": {"uv": [12.25, 10, 11.75, 10.5], "texture": "#1"}
			}
		},
		{
			"from": [2, 0, 12],
			"to": [4, 3, 14],
			"rotation": {"angle": 0, "axis": "y", "origin": [0, 0, 16]},
			"faces": {
				"north": {"uv": [10.75, 11, 11.25, 11.75], "texture": "#1"},
				"east": {"uv": [11.25, 11, 11.75, 11.75], "texture": "#1"},
				"south": {"uv": [5, 11.5, 5.5, 12.25], "texture": "#1"},
				"west": {"uv": [5.5, 11.5, 6, 12.25], "texture": "#1"},
				"up": {"uv": [9.5, 12.25, 9, 11.75], "texture": "#1"},
				"down": {"uv": [12.25, 9, 11.75, 9.5], "texture": "#1"}
			}
		},
		{
			"from": [2, 3, 2],
			"to": [14, 3, 14],
			"rotation": {"angle": 0, "axis": "y", "origin": [0, 0, 16]},
			"faces": {
				"north": {"uv": [0, 0, 3, 0], "texture": "#1"},
				"east": {"uv": [0, 0, 3, 0], "texture": "#1"},
				"south": {"uv": [0, 0, 3, 0], "texture": "#1"},
				"west": {"uv": [0, 0, 3, 0], "texture": "#1"},
				"up": {"uv": [6.25, 3, 3.25, 0], "texture": "#1"},
				"down": {"uv": [6.25, 3, 3.25, 6], "texture": "#1"}
			}
		},
		{
			"from": [14.5, 0.5, 1.5],
			"to": [14.5, 7.5, 14.5],
			"faces": {
				"north": {"uv": [0, 0, 0, 1.75], "texture": "#1"},
				"east": {"uv": [6.25, 2.25, 9.5, 4], "texture": "#1"},
				"south": {"uv": [0, 0, 0, 1.75], "texture": "#1"},
				"west": {"uv": [6.25, 4, 9.5, 5.75], "texture": "#1"},
				"up": {"uv": [0, 3.25, 0, 0], "texture": "#1"},
				"down": {"uv": [0, 0, 0, 3.25], "texture": "#1"}
			}
		},
		{
			"from": [1.5, 7.5, 1.5],
			"to": [14.5, 7.5, 14.5],
			"faces": {
				"north": {"uv": [0, 0, 3.25, 0], "texture": "#1"},
				"east": {"uv": [0, 0, 3.25, 0], "texture": "#1"},
				"south": {"uv": [0, 0, 3.25, 0], "texture": "#1"},
				"west": {"uv": [0, 0, 3.25, 0], "texture": "#1"},
				"up": {"uv": [3.25, 3.25, 0, 0], "texture": "#1"},
				"down": {"uv": [3.25, 3.25, 0, 6.5], "texture": "#1"}
			}
		},
		{
			"from": [1.5, 0.5, 14.5],
			"to": [14.5, 7.5, 14.5],
			"faces": {
				"north": {"uv": [3.25, 8.25, 6.5, 10], "texture": "#1"},
				"east": {"uv": [0, 0, 0, 1.75], "texture": "#1"},
				"south": {"uv": [6.5, 9.25, 9.75, 11], "texture": "#1"},
				"west": {"uv": [0, 0, 0, 1.75], "texture": "#1"},
				"up": {"uv": [3.25, 0, 0, 0], "texture": "#1"},
				"down": {"uv": [3.25, 0, 0, 0], "texture": "#1"}
			}
		},
		{
			"from": [1.5, 0.5, 1.5],
			"to": [1.5, 7.5, 14.5],
			"faces": {
				"north": {"uv": [0, 0, 0, 1.75], "texture": "#1"},
				"east": {"uv": [6.5, 7.5, 9.75, 9.25], "texture": "#1"},
				"south": {"uv": [0, 0, 0, 1.75], "texture": "#1"},
				"west": {"uv": [0, 8.25, 3.25, 10], "texture": "#1"},
				"up": {"uv": [0, 3.25, 0, 0], "texture": "#1"},
				"down": {"uv": [0, 0, 0, 3.25], "texture": "#1"}
			}
		},
		{
			"from": [1.5, 0.5, 1.5],
			"to": [14.5, 7.5, 1.5],
			"faces": {
				"north": {"uv": [0, 6.5, 3.25, 8.25], "texture": "#1"},
				"east": {"uv": [0, 0, 0, 1.75], "texture": "#1"},
				"south": {"uv": [6.5, 5.75, 9.75, 7.5], "texture": "#1"},
				"west": {"uv": [0, 0, 0, 1.75], "texture": "#1"},
				"up": {"uv": [3.25, 0, 0, 0], "texture": "#1"},
				"down": {"uv": [3.25, 0, 0, 0], "texture": "#1"}
			}
		},
		{
			"from": [1.5, 7.5, 10.5],
			"to": [14.5, 16.5, 14.5],
			"rotation": {"angle": 0, "axis": "y", "origin": [8, 12, 12.5]},
			"faces": {
				"north": {"uv": [3.25, 6, 6.5, 8.25], "texture": "#1"},
				"east": {"uv": [3, 10, 4, 12.25], "texture": "#1"},
				"south": {"uv": [6.25, 0, 9.5, 2.25], "texture": "#1"},
				"west": {"uv": [4, 10, 5, 12.25], "texture": "#1"},
				"up": {"uv": [13, 7, 9.75, 6], "texture": "#1"},
				"down": {"uv": [13, 7, 9.75, 8], "texture": "#1"}
			}
		},
		{
			"from": [12.18821, 4.95984, 3.5],
			"to": [16.18821, 10.95984, 13.5],
			"rotation": {"angle": -22.5, "axis": "z", "origin": [13.68821, 9.45984, 9.5]},
			"faces": {
				"north": {"uv": [5, 10, 6, 11.5], "texture": "#1"},
				"east": {"uv": [9.5, 0, 12, 1.5], "texture": "#1"},
				"south": {"uv": [9.75, 10.5, 10.75, 12], "texture": "#1"},
				"west": {"uv": [9.5, 1.5, 12, 3], "texture": "#1"},
				"up": {"uv": [10.75, 10.5, 9.75, 8], "texture": "#1"},
				"down": {"uv": [1, 10, 0, 12.5], "texture": "#1"}
			}
		},
		{
			"from": [-0.18821, 4.95984, 3.5],
			"to": [3.81179, 10.95984, 13.5],
			"rotation": {"angle": 22.5, "axis": "z", "origin": [2.31179, 9.45984, 9.5]},
			"faces": {
				"north": {"uv": [10.75, 8, 11.75, 9.5], "texture": "#1"},
				"east": {"uv": [9.5, 3, 12, 4.5], "texture": "#1"},
				"south": {"uv": [10.75, 9.5, 11.75, 11], "texture": "#1"},
				"west": {"uv": [9.75, 4.5, 12.25, 6], "texture": "#1"},
				"up": {"uv": [2, 12.5, 1, 10], "texture": "#1"},
				"down": {"uv": [3, 10, 2, 12.5], "texture": "#1"}
			}
		}
	],
	"display": {
		"thirdperson_righthand": {
			"rotation": [75, 45, 0],
			"translation": [0, 2.5, 0],
			"scale": [0.375, 0.375, 0.375]
		},
		"thirdperson_lefthand": {
			"rotation": [75, 45, 0],
			"translation": [0, 2.5, 0],
			"scale": [0.375, 0.375, 0.375]
		},
		"firstperson_righthand": {
			"rotation": [0, 45, 0],
			"scale": [0.4, 0.4, 0.4]
		},
		"firstperson_lefthand": {
			"rotation": [0, 225, 0],
			"scale": [0.4, 0.4, 0.4]
		},
		"ground": {
			"translation": [0, 3, 0],
			"scale": [0.5, 0.5, 0.5]
		},
		"gui": {
			"rotation": [30, 225, 0],
			"scale": [0.625, 0.625, 0.625]
		},
		"head": {
			"rotation": [0, -180, 0],
			"translation": [0, -30.25, 0],
			"scale": [1.6, 1.6, 1.6]
		},
		"fixed": {
			"rotation": [-90, 0, 0],
			"translation": [0, 0, -16],
			"scale": [2, 2, 2]
		}
	}
}