{
	"credit": "Made with Blockbench",
	"texture_size": [128, 128],
	"textures": {
		"2": "item/decor/covered/covered_couch",
		"particle": "item/decor/covered/covered_couch"
	},
	"elements": [
		{
			"from": [-13, 0, 2],
			"to": [-11, 3, 4],
			"faces": {
				"north": {"uv": [4.25, 7.375, 4.5, 7.75], "texture": "#2"},
				"east": {"uv": [4.5, 7.375, 4.75, 7.75], "texture": "#2"},
				"south": {"uv": [4.75, 7.375, 5, 7.75], "texture": "#2"},
				"west": {"uv": [5, 7.375, 5.25, 7.75], "texture": "#2"},
				"up": {"uv": [6.25, 8.125, 6, 7.875], "texture": "#2"},
				"down": {"uv": [6.5, 7.875, 6.25, 8.125], "texture": "#2"}
			}
		},
		{
			"from": [27, 0, 2],
			"to": [29, 3, 4],
			"rotation": {"angle": 0, "axis": "y", "origin": [16, 0, 0]},
			"faces": {
				"north": {"uv": [5.75, 8.375, 6, 8.75], "texture": "#2"},
				"east": {"uv": [1.5, 8.625, 1.75, 9], "texture": "#2"},
				"south": {"uv": [8.625, 5.875, 8.875, 6.25], "texture": "#2"},
				"west": {"uv": [6, 8.625, 6.25, 9], "texture": "#2"},
				"up": {"uv": [6.75, 8.125, 6.5, 7.875], "texture": "#2"},
				"down": {"uv": [2.5, 8.125, 2.25, 8.375], "texture": "#2"}
			}
		},
		{
			"from": [27, 0, 12],
			"to": [29, 3, 14],
			"rotation": {"angle": 0, "axis": "y", "origin": [16, 0, 16]},
			"faces": {
				"north": {"uv": [6.75, 8.625, 7, 9], "texture": "#2"},
				"east": {"uv": [7, 8.625, 7.25, 9], "texture": "#2"},
				"south": {"uv": [8.625, 7, 8.875, 7.375], "texture": "#2"},
				"west": {"uv": [7.25, 8.625, 7.5, 9], "texture": "#2"},
				"up": {"uv": [8.875, 7.625, 8.625, 7.375], "texture": "#2"},
				"down": {"uv": [7.75, 8.625, 7.5, 8.875], "texture": "#2"}
			}
		},
		{
			"from": [-13, 0, 12],
			"to": [-11, 3, 14],
			"rotation": {"angle": 0, "axis": "y", "origin": [0, 0, 16]},
			"faces": {
				"north": {"uv": [6.25, 8.625, 6.5, 9], "texture": "#2"},
				"east": {"uv": [8.625, 6.25, 8.875, 6.625], "texture": "#2"},
				"south": {"uv": [6.5, 8.625, 6.75, 9], "texture": "#2"},
				"west": {"uv": [8.625, 6.625, 8.875, 7], "texture": "#2"},
				"up": {"uv": [8.625, 3.25, 8.375, 3], "texture": "#2"},
				"down": {"uv": [8.875, 3, 8.625, 3.25], "texture": "#2"}
			}
		},
		{
			"from": [-13, 3, 2],
			"to": [29, 3, 14],
			"rotation": {"angle": 0, "axis": "y", "origin": [0, 0, 16]},
			"faces": {
				"north": {"uv": [0, 0, 5.25, 0], "texture": "#2"},
				"east": {"uv": [0, 0, 1.5, 0], "texture": "#2"},
				"south": {"uv": [0, 0, 5.25, 0], "texture": "#2"},
				"west": {"uv": [0, 0, 1.5, 0], "texture": "#2"},
				"up": {"uv": [5.25, 4.75, 0, 3.25], "texture": "#2"},
				"down": {"uv": [5.25, 4.75, 0, 6.25], "texture": "#2"}
			}
		},
		{
			"from": [29.5, 0.5, 1.5],
			"to": [29.5, 7.5, 14.5],
			"faces": {
				"north": {"uv": [0, 0, 0, 0.875], "texture": "#2"},
				"east": {"uv": [5.25, 7, 6.875, 7.875], "texture": "#2"},
				"south": {"uv": [0, 0, 0, 0.875], "texture": "#2"},
				"west": {"uv": [7, 5.875, 8.625, 6.75], "texture": "#2"},
				"up": {"uv": [0, 1.625, 0, 0], "texture": "#2"},
				"down": {"uv": [0, 0, 0, 1.625], "texture": "#2"}
			}
		},
		{
			"from": [-13.5, 7.5, 1.5],
			"to": [29.5, 7.5, 14.5],
			"faces": {
				"north": {"uv": [0, 0, 5.375, 0], "texture": "#2"},
				"east": {"uv": [0, 0, 1.625, 0], "texture": "#2"},
				"south": {"uv": [0, 0, 5.375, 0], "texture": "#2"},
				"west": {"uv": [0, 0, 1.625, 0], "texture": "#2"},
				"up": {"uv": [5.375, 1.625, 0, 0], "texture": "#2"},
				"down": {"uv": [5.375, 1.625, 0, 3.25], "texture": "#2"}
			}
		},
		{
			"from": [-13.5, 0.5, 14.5],
			"to": [29.5, 7.5, 14.5],
			"faces": {
				"north": {"uv": [5.25, 5, 10.625, 5.875], "texture": "#2"},
				"east": {"uv": [0, 0, 0, 0.875], "texture": "#2"},
				"south": {"uv": [5.375, 0, 10.75, 0.875], "texture": "#2"},
				"west": {"uv": [0, 0, 0, 0.875], "texture": "#2"},
				"up": {"uv": [5.375, 0, 0, 0], "texture": "#2"},
				"down": {"uv": [5.375, 0, 0, 0], "texture": "#2"}
			}
		},
		{
			"from": [-13.5, 0.5, 1.5],
			"to": [-13.5, 7.5, 14.5],
			"faces": {
				"north": {"uv": [0, 0, 0, 0.875], "texture": "#2"},
				"east": {"uv": [7, 6.75, 8.625, 7.625], "texture": "#2"},
				"south": {"uv": [0, 0, 0, 0.875], "texture": "#2"},
				"west": {"uv": [7.125, 0.875, 8.75, 1.75], "texture": "#2"},
				"up": {"uv": [0, 1.625, 0, 0], "texture": "#2"},
				"down": {"uv": [0, 0, 0, 1.625], "texture": "#2"}
			}
		},
		{
			"from": [-13.5, 0.5, 1.5],
			"to": [29.5, 7.5, 1.5],
			"faces": {
				"north": {"uv": [5.25, 3.25, 10.625, 4.125], "texture": "#2"},
				"east": {"uv": [0, 0, 0, 0.875], "texture": "#2"},
				"south": {"uv": [5.25, 4.125, 10.625, 5], "texture": "#2"},
				"west": {"uv": [0, 0, 0, 0.875], "texture": "#2"},
				"up": {"uv": [5.375, 0, 0, 0], "texture": "#2"},
				"down": {"uv": [5.375, 0, 0, 0], "texture": "#2"}
			}
		},
		{
			"from": [-13.5, 7.5, 10.5],
			"to": [0.5, 16.5, 14.5],
			"rotation": {"angle": 0, "axis": "y", "origin": [-7, 12, 12.5]},
			"faces": {
				"north": {"uv": [5.375, 0.875, 7.125, 2], "texture": "#2"},
				"east": {"uv": [2.25, 8.375, 2.75, 9.5], "texture": "#2"},
				"south": {"uv": [5.375, 2, 7.125, 3.125], "texture": "#2"},
				"west": {"uv": [2.75, 8.375, 3.25, 9.5], "texture": "#2"},
				"up": {"uv": [4.25, 7.875, 2.5, 7.375], "texture": "#2"},
				"down": {"uv": [8.625, 7.625, 6.875, 8.125], "texture": "#2"}
			}
		},
		{
			"from": [0.5, 7.5, 10.5],
			"to": [14.5, 16.5, 14.5],
			"rotation": {"angle": 0, "axis": "y", "origin": [-7, 12, 12.5]},
			"faces": {
				"north": {"uv": [5.25, 5.875, 7, 7], "texture": "#2"},
				"east": {"uv": [3.25, 8.375, 3.75, 9.5], "texture": "#2"},
				"south": {"uv": [0, 6.25, 1.75, 7.375], "texture": "#2"},
				"west": {"uv": [3.75, 8.375, 4.25, 9.5], "texture": "#2"},
				"up": {"uv": [4.25, 8.375, 2.5, 7.875], "texture": "#2"},
				"down": {"uv": [6, 7.875, 4.25, 8.375], "texture": "#2"}
			}
		},
		{
			"from": [14.5, 7.5, 10.5],
			"to": [28.5, 16.5, 14.5],
			"rotation": {"angle": 0, "axis": "y", "origin": [-7, 12, 12.5]},
			"faces": {
				"north": {"uv": [1.75, 6.25, 3.5, 7.375], "texture": "#2"},
				"east": {"uv": [4.25, 8.375, 4.75, 9.5], "texture": "#2"},
				"south": {"uv": [3.5, 6.25, 5.25, 7.375], "texture": "#2"},
				"west": {"uv": [4.75, 8.375, 5.25, 9.5], "texture": "#2"},
				"up": {"uv": [1.75, 8.625, 0, 8.125], "texture": "#2"},
				"down": {"uv": [7.75, 8.125, 6, 8.625], "texture": "#2"}
			}
		},
		{
			"from": [-15.18821, 4.95984, 3.5],
			"to": [-11.18821, 10.95984, 13.5],
			"rotation": {"angle": 22.5, "axis": "z", "origin": [-12.68821, 9.45984, 9.5]},
			"faces": {
				"north": {"uv": [5.25, 8.375, 5.75, 9.125], "texture": "#2"},
				"east": {"uv": [7.125, 1.75, 8.375, 2.5], "texture": "#2"},
				"south": {"uv": [0, 8.625, 0.5, 9.375], "texture": "#2"},
				"west": {"uv": [7.125, 2.5, 8.375, 3.25], "texture": "#2"},
				"up": {"uv": [2.25, 9.375, 1.75, 8.125], "texture": "#2"},
				"down": {"uv": [8.25, 8.125, 7.75, 9.375], "texture": "#2"}
			}
		},
		{
			"from": [27.18821, 4.95984, 3.5],
			"to": [31.18821, 10.95984, 13.5],
			"rotation": {"angle": -22.5, "axis": "z", "origin": [28.68821, 9.45984, 9.5]},
			"faces": {
				"north": {"uv": [0.5, 8.625, 1, 9.375], "texture": "#2"},
				"east": {"uv": [0, 7.375, 1.25, 8.125], "texture": "#2"},
				"south": {"uv": [1, 8.625, 1.5, 9.375], "texture": "#2"},
				"west": {"uv": [1.25, 7.375, 2.5, 8.125], "texture": "#2"},
				"up": {"uv": [8.75, 9.375, 8.25, 8.125], "texture": "#2"},
				"down": {"uv": [8.875, 1.75, 8.375, 3], "texture": "#2"}
			}
		}
	],
	"display": {
		"thirdperson_righthand": {
			"rotation": [75, 45, 0],
			"translation": [0, 2.5, 0],
			"scale": [0.375, 0.375, 0.375]
		},
		"thirdperson_lefthand": {
			"rotation": [75, 45, 0],
			"translation": [0, 2.5, 0],
			"scale": [0.375, 0.375, 0.375]
		},
		"firstperson_righthand": {
			"rotation": [0, 45, 0],
			"scale": [0.4, 0.4, 0.4]
		},
		"firstperson_lefthand": {
			"rotation": [0, 225, 0],
			"scale": [0.4, 0.4, 0.4]
		},
		"ground": {
			"translation": [0, 3, 0],
			"scale": [0.25, 0.25, 0.25]
		},
		"gui": {
			"rotation": [30, 225, 0],
			"scale": [0.3, 0.3, 0.3]
		},
		"head": {
			"rotation": [0, -180, 0],
			"translation": [21.25, -30.2, 0.5],
			"scale": [1.4, 1.6, 1.6]
		},
		"fixed": {
			"rotation": [-90, 0, 0],
			"translation": [0, 0, -16],
			"scale": [2, 2, 2]
		}
	}
}