{
	"credit": "Made with Blockbench",
	"texture_size": [64, 64],
	"textures": {
		"2": "item/decor/covered/covered_chair",
		"particle": "item/decor/covered/covered_chair"
	},
	"elements": [
		{
			"from": [3, 0, 3],
			"to": [5, 3, 5],
			"faces": {
				"north": {"uv": [5.5, 1.75, 6, 2.5], "texture": "#2"},
				"east": {"uv": [3, 5.75, 3.5, 6.5], "texture": "#2"},
				"south": {"uv": [3.5, 5.75, 4, 6.5], "texture": "#2"},
				"west": {"uv": [4, 5.75, 4.5, 6.5], "texture": "#2"},
				"up": {"uv": [6, 3, 5.5, 2.5], "texture": "#2"},
				"down": {"uv": [6.5, 2.5, 6, 3], "texture": "#2"}
			}
		},
		{
			"from": [11, 0, 3],
			"to": [13, 3, 5],
			"rotation": {"angle": 0, "axis": "y", "origin": [16, 0, 0]},
			"faces": {
				"north": {"uv": [4.5, 5.75, 5, 6.5], "texture": "#2"},
				"east": {"uv": [6, 1.75, 6.5, 2.5], "texture": "#2"},
				"south": {"uv": [6.5, 1.75, 7, 2.5], "texture": "#2"},
				"west": {"uv": [3, 6.5, 3.5, 7.25], "texture": "#2"},
				"up": {"uv": [7, 3, 6.5, 2.5], "texture": "#2"},
				"down": {"uv": [7.5, 2.5, 7, 3], "texture": "#2"}
			}
		},
		{
			"from": [11, 0, 12],
			"to": [13, 3, 14],
			"rotation": {"angle": 0, "axis": "y", "origin": [16, 0, 16]},
			"faces": {
				"north": {"uv": [0.75, 9.25, 1.25, 10], "texture": "#2"},
				"east": {"uv": [1.25, 9.25, 1.75, 10], "texture": "#2"},
				"south": {"uv": [1.75, 9.25, 2.25, 10], "texture": "#2"},
				"west": {"uv": [2.25, 9.25, 2.75, 10], "texture": "#2"},
				"up": {"uv": [3.25, 9.75, 2.75, 9.25], "texture": "#2"},
				"down": {"uv": [3.75, 9.25, 3.25, 9.75], "texture": "#2"}
			}
		},
		{
			"from": [3, 0, 12],
			"to": [5, 3, 14],
			"rotation": {"angle": 0, "axis": "y", "origin": [0, 0, 16]},
			"faces": {
				"north": {"uv": [3.5, 6.5, 4, 7.25], "texture": "#2"},
				"east": {"uv": [4, 6.5, 4.5, 7.25], "texture": "#2"},
				"south": {"uv": [4.5, 6.5, 5, 7.25], "texture": "#2"},
				"west": {"uv": [7, 1.75, 7.5, 2.5], "texture": "#2"},
				"up": {"uv": [8.25, 7.5, 7.75, 7], "texture": "#2"},
				"down": {"uv": [8.75, 7, 8.25, 7.5], "texture": "#2"}
			}
		},
		{
			"from": [3, 3, 3],
			"to": [13, 3, 14],
			"rotation": {"angle": 0, "axis": "y", "origin": [0, 0, 16]},
			"faces": {
				"north": {"uv": [0, 0, 2.5, 0], "texture": "#2"},
				"east": {"uv": [0, 0, 2.75, 0], "texture": "#2"},
				"south": {"uv": [0, 0, 2.5, 0], "texture": "#2"},
				"west": {"uv": [0, 0, 2.75, 0], "texture": "#2"},
				"up": {"uv": [2.5, 5.75, 0, 3], "texture": "#2"},
				"down": {"uv": [5, 3, 2.5, 5.75], "texture": "#2"}
			}
		},
		{
			"from": [13.5, 0.5, 2.5],
			"to": [13.5, 7.5, 14.5],
			"faces": {
				"north": {"uv": [0, 0, 0, 1.75], "texture": "#2"},
				"east": {"uv": [5.5, 0, 8.5, 1.75], "texture": "#2"},
				"south": {"uv": [0, 0, 0, 1.75], "texture": "#2"},
				"west": {"uv": [8.5, 0, 5.5, 1.75], "texture": "#2"},
				"up": {"uv": [0, 3, 0, 0], "texture": "#2"},
				"down": {"uv": [0, 0, 0, 3], "texture": "#2"}
			}
		},
		{
			"from": [2.5, 7.5, 2.5],
			"to": [13.5, 7.5, 14.5],
			"faces": {
				"north": {"uv": [0, 0, 2.75, 0], "texture": "#2"},
				"east": {"uv": [0, 0, 3, 0], "texture": "#2"},
				"south": {"uv": [0, 0, 2.75, 0], "texture": "#2"},
				"west": {"uv": [0, 0, 3, 0], "texture": "#2"},
				"up": {"uv": [2.75, 3, 0, 0], "texture": "#2"},
				"down": {"uv": [5.5, 0, 2.75, 3], "texture": "#2"}
			}
		},
		{
			"from": [2.5, 0.5, 14.5],
			"to": [13.5, 7.5, 14.5],
			"faces": {
				"north": {"uv": [7.75, 3.5, 10.5, 5.25], "texture": "#2"},
				"east": {"uv": [0, 0, 0, 1.75], "texture": "#2"},
				"south": {"uv": [7.75, 5.25, 10.5, 7], "texture": "#2"},
				"west": {"uv": [0, 0, 0, 1.75], "texture": "#2"},
				"up": {"uv": [2.75, 0, 0, 0], "texture": "#2"},
				"down": {"uv": [2.75, 0, 0, 0], "texture": "#2"}
			}
		},
		{
			"from": [2.5, 0.5, 2.5],
			"to": [2.5, 7.5, 14.5],
			"faces": {
				"north": {"uv": [0, 0, 0, 1.75], "texture": "#2"},
				"east": {"uv": [6, 7.5, 3, 9.25], "texture": "#2"},
				"south": {"uv": [0, 0, 0, 1.75], "texture": "#2"},
				"west": {"uv": [3, 7.5, 6, 9.25], "texture": "#2"},
				"up": {"uv": [0, 3, 0, 0], "texture": "#2"},
				"down": {"uv": [0, 0, 0, 3], "texture": "#2"}
			}
		},
		{
			"from": [2.5, 0.5, 2.5],
			"to": [13.5, 7.5, 2.5],
			"faces": {
				"north": {"uv": [6, 7.5, 8.75, 9.25], "texture": "#2"},
				"east": {"uv": [0, 0, 0, 1.75], "texture": "#2"},
				"south": {"uv": [7.75, 1.75, 10.5, 3.5], "texture": "#2"},
				"west": {"uv": [0, 0, 0, 1.75], "texture": "#2"},
				"up": {"uv": [2.75, 0, 0, 0], "texture": "#2"},
				"down": {"uv": [2.75, 0, 0, 0], "texture": "#2"}
			}
		},
		{
			"from": [2.5, 7.5, 11.5],
			"to": [13.5, 16.5, 14.5],
			"rotation": {"angle": 0, "axis": "y", "origin": [8, 12, 12.5]},
			"faces": {
				"north": {"uv": [5, 3, 7.75, 5.25], "texture": "#2"},
				"east": {"uv": [8.75, 7, 9.5, 9.25], "texture": "#2"},
				"south": {"uv": [5, 5.25, 7.75, 7.5], "texture": "#2"},
				"west": {"uv": [0, 9.25, 0.75, 11.5], "texture": "#2"},
				"up": {"uv": [11.25, 0.75, 8.5, 0], "texture": "#2"},
				"down": {"uv": [11.25, 0.75, 8.5, 1.5], "texture": "#2"}
			}
		}
	],
	"display": {
		"thirdperson_righthand": {
			"rotation": [75, 45, 0],
			"translation": [0, 2.5, 0],
			"scale": [0.375, 0.375, 0.375]
		},
		"thirdperson_lefthand": {
			"rotation": [75, 45, 0],
			"translation": [0, 2.5, 0],
			"scale": [0.375, 0.375, 0.375]
		},
		"firstperson_righthand": {
			"rotation": [0, 45, 0],
			"scale": [0.4, 0.4, 0.4]
		},
		"firstperson_lefthand": {
			"rotation": [0, 225, 0],
			"scale": [0.4, 0.4, 0.4]
		},
		"ground": {
			"translation": [0, 3, 0],
			"scale": [0.5, 0.5, 0.5]
		},
		"gui": {
			"rotation": [30, 225, 0],
			"scale": [0.625, 0.625, 0.625]
		},
		"head": {
			"rotation": [0, -180, 0],
			"translation": [0, -30.25, 0],
			"scale": [1.6, 1.6, 1.6]
		},
		"fixed": {
			"rotation": [-90, 0, 0],
			"translation": [0, 0, -16],
			"scale": [2, 2, 2]
		}
	}
}