{
	"credit": "Made with Blockbench",
	"texture_size": [256, 256],
	"textures": {
		"1": "item/decor/covered/covered_dinner_table",
		"particle": "item/decor/covered/covered_dinner_table"
	},
	"elements": [
		{
			"from": [-14, 0, 2],
			"to": [-12, 13, 4],
			"faces": {
				"north": {"uv": [1.8125, 5.125, 1.9375, 5.9375], "texture": "#1"},
				"east": {"uv": [1.9375, 5.125, 2.0625, 5.9375], "texture": "#1"},
				"south": {"uv": [2.0625, 5.125, 2.1875, 5.9375], "texture": "#1"},
				"west": {"uv": [2.1875, 5.125, 2.3125, 5.9375], "texture": "#1"},
				"up": {"uv": [5.75, 4.625, 5.625, 4.5], "texture": "#1"},
				"down": {"uv": [5.75, 4.625, 5.625, 4.75], "texture": "#1"}
			}
		},
		{
			"from": [28, 0, 2],
			"to": [30, 13, 4],
			"rotation": {"angle": 0, "axis": "y", "origin": [16, 0, 0]},
			"faces": {
				"north": {"uv": [2.3125, 5.125, 2.4375, 5.9375], "texture": "#1"},
				"east": {"uv": [2.4375, 5.125, 2.5625, 5.9375], "texture": "#1"},
				"south": {"uv": [2.5625, 5.125, 2.6875, 5.9375], "texture": "#1"},
				"west": {"uv": [2.6875, 5.125, 2.8125, 5.9375], "texture": "#1"},
				"up": {"uv": [5.75, 4.875, 5.625, 4.75], "texture": "#1"},
				"down": {"uv": [5.75, 4.875, 5.625, 5], "texture": "#1"}
			}
		},
		{
			"from": [28, 0, 28],
			"to": [30, 13, 30],
			"rotation": {"angle": 0, "axis": "y", "origin": [16, 0, 16]},
			"faces": {
				"north": {"uv": [5.6875, 1.25, 5.8125, 2.0625], "texture": "#1"},
				"east": {"uv": [5.6875, 2.0625, 5.8125, 2.875], "texture": "#1"},
				"south": {"uv": [2.8125, 5.75, 2.9375, 6.5625], "texture": "#1"},
				"west": {"uv": [5.75, 2.875, 5.875, 3.6875], "texture": "#1"},
				"up": {"uv": [3.3125, 5.875, 3.1875, 5.75], "texture": "#1"},
				"down": {"uv": [3.4375, 5.75, 3.3125, 5.875], "texture": "#1"}
			}
		},
		{
			"from": [-14, 0, 28],
			"to": [-12, 13, 30],
			"rotation": {"angle": 0, "axis": "y", "origin": [0, 0, 16]},
			"faces": {
				"north": {"uv": [5.5625, 1.25, 5.6875, 2.0625], "texture": "#1"},
				"east": {"uv": [5.5625, 2.0625, 5.6875, 2.875], "texture": "#1"},
				"south": {"uv": [5.625, 2.875, 5.75, 3.6875], "texture": "#1"},
				"west": {"uv": [5.625, 3.6875, 5.75, 4.5], "texture": "#1"},
				"up": {"uv": [3.0625, 5.875, 2.9375, 5.75], "texture": "#1"},
				"down": {"uv": [3.1875, 5.75, 3.0625, 5.875], "texture": "#1"}
			}
		},
		{
			"from": [-14.5, 16, 1.5],
			"to": [30.5, 16, 30.5],
			"faces": {
				"north": {"uv": [0, 0, 2.8125, 0], "texture": "#1"},
				"east": {"uv": [0, 0, 1.8125, 0], "texture": "#1"},
				"south": {"uv": [0, 0, 2.8125, 0], "texture": "#1"},
				"west": {"uv": [0, 0, 1.8125, 0], "texture": "#1"},
				"up": {"uv": [2.8125, 1.8125, 0, 0], "texture": "#1"},
				"down": {"uv": [2.8125, 1.8125, 0, 3.625], "texture": "#1"}
			}
		},
		{
			"from": [-14.5, 4, 1.5],
			"to": [-14.5, 16, 30.5],
			"faces": {
				"north": {"uv": [0, 0, 0, 0.75], "texture": "#1"},
				"east": {"uv": [2.8125, 5, 4.625, 5.75], "texture": "#1"},
				"south": {"uv": [0, 0, 0, 0.75], "texture": "#1"},
				"west": {"uv": [4.625, 5, 6.4375, 5.75], "texture": "#1"},
				"up": {"uv": [0, 1.8125, 0, 0], "texture": "#1"},
				"down": {"uv": [0, 0, 0, 1.8125], "texture": "#1"}
			}
		},
		{
			"from": [30.5, 4, 1.5],
			"to": [30.5, 16, 30.5],
			"rotation": {"angle": 0, "axis": "y", "origin": [16, 0, 0]},
			"faces": {
				"north": {"uv": [0, 0, 0, 0.75], "texture": "#1"},
				"east": {"uv": [0, 5.125, 1.8125, 5.875], "texture": "#1"},
				"south": {"uv": [0, 0, 0, 0.75], "texture": "#1"},
				"west": {"uv": [5.5625, 0, 7.375, 0.75], "texture": "#1"},
				"up": {"uv": [0, 1.8125, 0, 0], "texture": "#1"},
				"down": {"uv": [0, 0, 0, 1.8125], "texture": "#1"}
			}
		},
		{
			"from": [-14, 13, 2],
			"to": [30, 15, 30],
			"faces": {
				"north": {"uv": [5.5625, 0.75, 8.3125, 0.875], "texture": "#1"},
				"east": {"uv": [5.5625, 1, 7.3125, 1.125], "texture": "#1"},
				"south": {"uv": [5.5625, 0.875, 8.3125, 1], "texture": "#1"},
				"west": {"uv": [5.5625, 1.125, 7.3125, 1.25], "texture": "#1"},
				"up": {"uv": [5.5625, 1.75, 2.8125, 0], "texture": "#1"},
				"down": {"uv": [5.5625, 1.75, 2.8125, 3.5], "texture": "#1"}
			}
		},
		{
			"from": [-14.5, 4.001, 30.499],
			"to": [30.5, 16.001, 30.499],
			"rotation": {"angle": 0, "axis": "y", "origin": [-1, 0.501, -0.001]},
			"faces": {
				"north": {"uv": [2.8125, 4.25, 5.625, 5], "texture": "#1"},
				"east": {"uv": [0, 0, 0, 0.75], "texture": "#1"},
				"south": {"uv": [0, 4.375, 2.8125, 5.125], "texture": "#1"},
				"west": {"uv": [0, 0, 0, 0.75], "texture": "#1"},
				"up": {"uv": [2.8125, 0, 0, 0], "texture": "#1"},
				"down": {"uv": [2.8125, 0, 0, 0], "texture": "#1"}
			}
		},
		{
			"from": [-14.5, 4.001, 1.5],
			"to": [30.5, 16.001, 1.5],
			"rotation": {"angle": 0, "axis": "y", "origin": [1, 8.501, -16]},
			"faces": {
				"north": {"uv": [2.8125, 3.5, 5.625, 4.25], "texture": "#1"},
				"east": {"uv": [0, 0, 0, 0.75], "texture": "#1"},
				"south": {"uv": [0, 3.625, 2.8125, 4.375], "texture": "#1"},
				"west": {"uv": [0, 0, 0, 0.75], "texture": "#1"},
				"up": {"uv": [2.8125, 0, 0, 0], "texture": "#1"},
				"down": {"uv": [2.8125, 0, 0, 0], "texture": "#1"}
			}
		}
	],
	"display": {
		"thirdperson_righthand": {
			"rotation": [75, 45, 0],
			"translation": [0, 2.5, 0],
			"scale": [0.375, 0.375, 0.375]
		},
		"thirdperson_lefthand": {
			"rotation": [75, 45, 0],
			"translation": [0, 2.5, 0],
			"scale": [0.375, 0.375, 0.375]
		},
		"firstperson_righthand": {
			"rotation": [0, 45, 0],
			"scale": [0.4, 0.4, 0.4]
		},
		"firstperson_lefthand": {
			"rotation": [0, 225, 0],
			"scale": [0.4, 0.4, 0.4]
		},
		"ground": {
			"translation": [0, 3, 0],
			"scale": [0.25, 0.25, 0.25]
		},
		"gui": {
			"rotation": [30, 225, 0],
			"translation": [1.5, -1, 0],
			"scale": [0.25, 0.25, 0.25]
		},
		"head": {
			"rotation": [0, -180, 0],
			"translation": [21.25, -30.2, 0.5],
			"scale": [1.4, 1.6, 1.6]
		},
		"fixed": {
			"rotation": [-90, 0, 0],
			"translation": [0, 0, -16],
			"scale": [2, 2, 2]
		}
	}
}