{
	"credit": "Made with Blockbench",
	"texture_size": [64, 64],
	"textures": {
		"1": "item/decor/covered/creepy_painting"
	},
	"elements": [
		{
			"from": [0, 0, 7],
			"to": [1, 32, 8],
			"faces": {
				"north": {"uv": [7, 0, 7.25, 8], "texture": "#1"},
				"east": {"uv": [7.25, 0, 7.5, 8], "texture": "#1"},
				"south": {"uv": [0, 7.5, 0.25, 15.5], "texture": "#1"},
				"west": {"uv": [7.5, 0, 7.75, 8], "texture": "#1"},
				"up": {"uv": [5, 7.75, 4.75, 7.5], "texture": "#1"},
				"down": {"uv": [5.25, 7.5, 5, 7.75], "texture": "#1"}
			}
		},
		{
			"from": [15, 0, 7],
			"to": [16, 32, 8],
			"faces": {
				"north": {"uv": [0.25, 7.5, 0.5, 15.5], "texture": "#1"},
				"east": {"uv": [0.5, 7.5, 0.75, 15.5], "texture": "#1"},
				"south": {"uv": [0.75, 7.5, 1, 15.5], "texture": "#1"},
				"west": {"uv": [1, 7.5, 1.25, 15.5], "texture": "#1"},
				"up": {"uv": [5.5, 7.75, 5.25, 7.5], "texture": "#1"},
				"down": {"uv": [5.75, 7.5, 5.5, 7.75], "texture": "#1"}
			}
		},
		{
			"from": [1, 0, 7],
			"to": [15, 1, 8],
			"faces": {
				"north": {"uv": [1.25, 7.5, 4.75, 7.75], "texture": "#1"},
				"east": {"uv": [5.75, 7.5, 6, 7.75], "texture": "#1"},
				"south": {"uv": [7.75, 0, 11.25, 0.25], "texture": "#1"},
				"west": {"uv": [6, 7.5, 6.25, 7.75], "texture": "#1"},
				"up": {"uv": [11.25, 0.5, 7.75, 0.25], "texture": "#1"},
				"down": {"uv": [11.25, 0.5, 7.75, 0.75], "texture": "#1"}
			}
		},
		{
			"from": [1, 1, 7.5],
			"to": [15, 31, 7.5],
			"faces": {
				"north": {"uv": [0, 0, 3.5, 7.5], "texture": "#1"},
				"east": {"uv": [0, 0, 0, 7.5], "texture": "#1"},
				"south": {"uv": [3.5, 0, 7, 7.5], "texture": "#1"},
				"west": {"uv": [0, 0, 0, 7.5], "texture": "#1"},
				"up": {"uv": [3.5, 0, 0, 0], "texture": "#1"},
				"down": {"uv": [3.5, 0, 0, 0], "texture": "#1"}
			}
		},
		{
			"from": [1, 31, 7],
			"to": [15, 32, 8],
			"faces": {
				"north": {"uv": [7.75, 0.75, 11.25, 1], "texture": "#1"},
				"east": {"uv": [6.25, 7.5, 6.5, 7.75], "texture": "#1"},
				"south": {"uv": [7.75, 1, 11.25, 1.25], "texture": "#1"},
				"west": {"uv": [6.5, 7.5, 6.75, 7.75], "texture": "#1"},
				"up": {"uv": [4.75, 8, 1.25, 7.75], "texture": "#1"},
				"down": {"uv": [11.25, 1.25, 7.75, 1.5], "texture": "#1"}
			}
		}
	],
	"display": {
		"thirdperson_righthand": {
			"rotation": [75, 45, 0],
			"translation": [0, 2.5, 0],
			"scale": [0.375, 0.375, 0.375]
		},
		"thirdperson_lefthand": {
			"rotation": [75, 45, 0],
			"translation": [0, 2.5, 0],
			"scale": [0.375, 0.375, 0.375]
		},
		"firstperson_righthand": {
			"rotation": [0, 108, 0],
			"scale": [0.4, 0.4, 0.4]
		},
		"firstperson_lefthand": {
			"rotation": [0, 110, 0],
			"scale": [0.4, 0.4, 0.4]
		},
		"ground": {
			"translation": [0, 3, 0],
			"scale": [0.6, 0.6, 0.6]
		},
		"gui": {
			"rotation": [30, 225, 0],
			"translation": [0, -2.5, 0],
			"scale": [0.4, 0.4, 0.4]
		},
		"head": {
			"scale": [0, 0, 4]
		},
		"fixed": {
			"translation": [0, 0, -1],
			"scale": [2, 2, 2]
		}
	}
}