{
	"__comment": "Designed by Su su with Cubik Studio - https://cubik.studio",
	"textures": {
		"particle": "item/etc/dino_blue",
		"texture": "item/etc/dino_blue",
		"voxels_atlas": "item/etc/dino_blue"
	},
	"gui_light": "front",
	"elements": [ 	 
		{
			"__comment": "Voxels",
			"from": [ -7, 5, 10 ],
			"to": [ 17, 12, 13 ],
			"faces": {
				"down": { "uv": [ 4.75, 10.5, 10.75, 11.25 ], "texture": "#voxels_atlas" },
				"up": { "uv": [ 4.75, 12, 10.75, 11.25 ], "texture": "#voxels_atlas" },
				"north": { "uv": [ 6, 14.25, 0, 16 ], "texture": "#voxels_atlas" },
				"south": { "uv": [ 6, 14.25, 12, 16 ], "texture": "#voxels_atlas" },
				"west": { "uv": [ 15.25, 14.25, 16, 16 ], "texture": "#voxels_atlas" },
				"east": { "uv": [ 4.75, 8.5, 4, 10.25 ], "texture": "#voxels_atlas" }
			}
		},
		{
			"__comment": "Voxels",
			"from": [ -7, 5, 13 ],
			"to": [ 12, 12, 14 ],
			"faces": {
				"down": { "uv": [ 8, 12.25, 12.75, 12.5 ], "texture": "#voxels_atlas" },
				"up": { "uv": [ 8, 12.25, 12.75, 12 ], "texture": "#voxels_atlas" },
				"north": { "uv": [ 12.75, 12.5, 8, 14.25 ], "texture": "#voxels_atlas" },
				"south": { "uv": [ 0, 10.25, 4.75, 12 ], "texture": "#voxels_atlas" },
				"west": { "uv": [ 5.75, 0.75, 6, 2.5 ], "texture": "#voxels_atlas" },
				"east": { "uv": [ 7.25, 5.25, 7, 7 ], "texture": "#voxels_atlas" }
			}
		},
		{
			"__comment": "Voxels",
			"from": [ -4, 4, 7 ],
			"to": [ 12, 13, 10 ],
			"faces": {
				"down": { "uv": [ 10.75, 11.25, 14.75, 12 ], "texture": "#voxels_atlas" },
				"up": { "uv": [ 10.75, 11.25, 14.75, 10.5 ], "texture": "#voxels_atlas" },
				"north": { "uv": [ 8, 12, 4, 14.25 ], "texture": "#voxels_atlas" },
				"south": { "uv": [ 0, 12, 4, 14.25 ], "texture": "#voxels_atlas" },
				"west": { "uv": [ 7.5, 5.5, 8.25, 7.75 ], "texture": "#voxels_atlas" },
				"east": { "uv": [ 8.25, 3.25, 7.5, 5.5 ], "texture": "#voxels_atlas" }
			}
		},
		{
			"__comment": "Voxels",
			"from": [ -4, 4, 10 ],
			"to": [ 12, 5, 15 ],
			"faces": {
				"down": { "uv": [ 0, 5, 4, 6.25 ], "texture": "#voxels_atlas" },
				"up": { "uv": [ 0, 5, 4, 3.75 ], "texture": "#voxels_atlas" },
				"north": { "uv": [ 12.5, 9.25, 8.5, 9.5 ], "texture": "#voxels_atlas" },
				"south": { "uv": [ 8.5, 9, 12.5, 9.25 ], "texture": "#voxels_atlas" },
				"west": { "uv": [ 2.5, 0, 3.75, 0.25 ], "texture": "#voxels_atlas" },
				"east": { "uv": [ 9.75, 7.75, 8.5, 8 ], "texture": "#voxels_atlas" }
			}
		},
		{
			"__comment": "Voxels",
			"from": [ -4, 5, 14 ],
			"to": [ 12, 13, 15 ],
			"faces": {
				"down": { "uv": [ 8.5, 8.75, 12.5, 9 ], "texture": "#voxels_atlas" },
				"up": { "uv": [ 8.5, 8.75, 12.5, 8.5 ], "texture": "#voxels_atlas" },
				"north": { "uv": [ 4, 8.25, 0, 10.25 ], "texture": "#voxels_atlas" },
				"south": { "uv": [ 0, 6.25, 4, 8.25 ], "texture": "#voxels_atlas" },
				"west": { "uv": [ 8.25, 0.75, 8.5, 2.75 ], "texture": "#voxels_atlas" },
				"east": { "uv": [ 8.75, 0.75, 8.5, 2.75 ], "texture": "#voxels_atlas" }
			}
		},
		{
			"__comment": "Voxels",
			"from": [ -4, 12, 10 ],
			"to": [ 12, 13, 14 ],
			"faces": {
				"down": { "uv": [ 4.75, 9.5, 8.75, 10.5 ], "texture": "#voxels_atlas" },
				"up": { "uv": [ 8.75, 10.5, 12.75, 9.5 ], "texture": "#voxels_atlas" },
				"north": { "uv": [ 12.5, 8.25, 8.5, 8.5 ], "texture": "#voxels_atlas" },
				"south": { "uv": [ 8.5, 8, 12.5, 8.25 ], "texture": "#voxels_atlas" },
				"west": { "uv": [ 9.75, 7.75, 10.75, 8 ], "texture": "#voxels_atlas" },
				"east": { "uv": [ 11.75, 7.75, 10.75, 8 ], "texture": "#voxels_atlas" }
			}
		},
		{
			"__comment": "Voxels",
			"from": [ -2, 0, 12 ],
			"to": [ 2, 4, 15 ],
			"faces": {
				"down": { "uv": [ 14.75, 10.5, 15.75, 11.25 ], "texture": "#voxels_atlas" },
				"up": { "uv": [ 13.75, 7.75, 14.75, 7 ], "texture": "#voxels_atlas" },
				"north": { "uv": [ 14.5, 8.5, 13.5, 9.5 ], "texture": "#voxels_atlas" },
				"south": { "uv": [ 14.5, 8.5, 15.5, 9.5 ], "texture": "#voxels_atlas" },
				"west": { "uv": [ 7.5, 2.25, 8.25, 3.25 ], "texture": "#voxels_atlas" },
				"east": { "uv": [ 8.25, 1.25, 7.5, 2.25 ], "texture": "#voxels_atlas" }
			}
		},
		{
			"__comment": "Voxels",
			"from": [ -2, 2, 8 ],
			"to": [ 2, 4, 12 ],
			"faces": {
				"down": { "uv": [ 8.25, 6.75, 9.25, 7.75 ], "texture": "#voxels_atlas" },
				"up": { "uv": [ 9.25, 7.75, 10.25, 6.75 ], "texture": "#voxels_atlas" },
				"north": { "uv": [ 10, 3.75, 9, 4.25 ], "texture": "#voxels_atlas" },
				"south": { "uv": [ 11, 6.25, 12, 6.75 ], "texture": "#voxels_atlas" },
				"west": { "uv": [ 9, 4.25, 10, 4.75 ], "texture": "#voxels_atlas" },
				"east": { "uv": [ 10, 4.75, 9, 5.25 ], "texture": "#voxels_atlas" }
			}
		},
		{
			"__comment": "Voxels",
			"from": [ -2, 13, 8 ],
			"to": [ 2, 15, 15 ],
			"faces": {
				"down": { "uv": [ 4.75, 0.75, 5.75, 2.5 ], "texture": "#voxels_atlas" },
				"up": { "uv": [ 6, 7, 7, 5.25 ], "texture": "#voxels_atlas" },
				"north": { "uv": [ 2.25, 0, 1.25, 0.5 ], "texture": "#voxels_atlas" },
				"south": { "uv": [ 9, 5.25, 10, 5.75 ], "texture": "#voxels_atlas" },
				"west": { "uv": [ 10.25, 7.25, 12, 7.75 ], "texture": "#voxels_atlas" },
				"east": { "uv": [ 12, 6.75, 10.25, 7.25 ], "texture": "#voxels_atlas" }
			}
		},
		{
			"__comment": "Voxels",
			"from": [ -2, 15, 12 ],
			"to": [ 2, 17, 15 ],
			"faces": {
				"down": { "uv": [ 14.5, 7.75, 15.5, 8.5 ], "texture": "#voxels_atlas" },
				"up": { "uv": [ 13.5, 8.5, 14.5, 7.75 ], "texture": "#voxels_atlas" },
				"north": { "uv": [ 13, 6.25, 12, 6.75 ], "texture": "#voxels_atlas" },
				"south": { "uv": [ 14.5, 12, 15.5, 12.5 ], "texture": "#voxels_atlas" },
				"west": { "uv": [ 13, 6.75, 13.75, 7.25 ], "texture": "#voxels_atlas" },
				"east": { "uv": [ 9.75, 3.25, 9, 3.75 ], "texture": "#voxels_atlas" }
			}
		},
		{
			"__comment": "Voxels",
			"from": [ 6, 0, 12 ],
			"to": [ 10, 4, 15 ],
			"faces": {
				"down": { "uv": [ 14.75, 7, 15.75, 7.75 ], "texture": "#voxels_atlas" },
				"up": { "uv": [ 14.75, 12, 15.75, 11.25 ], "texture": "#voxels_atlas" },
				"north": { "uv": [ 14.75, 9.5, 13.75, 10.5 ], "texture": "#voxels_atlas" },
				"south": { "uv": [ 12.75, 9.5, 13.75, 10.5 ], "texture": "#voxels_atlas" },
				"west": { "uv": [ 7.5, 0.25, 8.25, 1.25 ], "texture": "#voxels_atlas" },
				"east": { "uv": [ 9, 5.75, 8.25, 6.75 ], "texture": "#voxels_atlas" }
			}
		},
		{
			"__comment": "Voxels",
			"from": [ 6, 2, 8 ],
			"to": [ 10, 4, 12 ],
			"faces": {
				"down": { "uv": [ 14.75, 9.5, 15.75, 10.5 ], "texture": "#voxels_atlas" },
				"up": { "uv": [ 12.5, 9.5, 13.5, 8.5 ], "texture": "#voxels_atlas" },
				"north": { "uv": [ 1, 0, 0, 0.5 ], "texture": "#voxels_atlas" },
				"south": { "uv": [ 12, 6.75, 13, 7.25 ], "texture": "#voxels_atlas" },
				"west": { "uv": [ 9, 6.25, 10, 6.75 ], "texture": "#voxels_atlas" },
				"east": { "uv": [ 11, 6.25, 10, 6.75 ], "texture": "#voxels_atlas" }
			}
		},
		{
			"__comment": "Voxels",
			"from": [ 6, 13, 8 ],
			"to": [ 10, 15, 15 ],
			"faces": {
				"down": { "uv": [ 6, 1.75, 7, 3.5 ], "texture": "#voxels_atlas" },
				"up": { "uv": [ 6, 1.75, 7, 0 ], "texture": "#voxels_atlas" },
				"north": { "uv": [ 10, 5.75, 9, 6.25 ], "texture": "#voxels_atlas" },
				"south": { "uv": [ 15, 6.25, 16, 6.75 ], "texture": "#voxels_atlas" },
				"west": { "uv": [ 12, 7.25, 13.75, 7.75 ], "texture": "#voxels_atlas" },
				"east": { "uv": [ 14.5, 12, 12.75, 12.5 ], "texture": "#voxels_atlas" }
			}
		},
		{
			"__comment": "Voxels",
			"from": [ 6, 15, 12 ],
			"to": [ 10, 17, 15 ],
			"faces": {
				"down": { "uv": [ 4.75, 0, 5.75, 0.75 ], "texture": "#voxels_atlas" },
				"up": { "uv": [ 12.5, 8.5, 13.5, 7.75 ], "texture": "#voxels_atlas" },
				"north": { "uv": [ 14, 6.25, 13, 6.75 ], "texture": "#voxels_atlas" },
				"south": { "uv": [ 14, 6.25, 15, 6.75 ], "texture": "#voxels_atlas" },
				"west": { "uv": [ 8.25, 0.25, 9, 0.75 ], "texture": "#voxels_atlas" },
				"east": { "uv": [ 9.75, 2.75, 9, 3.25 ], "texture": "#voxels_atlas" }
			}
		},
		{
			"__comment": "Voxels",
			"from": [ 12, 5, -8 ],
			"to": [ 18, 12, -3 ],
			"faces": {
				"down": { "uv": [ 6, 7, 7.5, 8.25 ], "texture": "#voxels_atlas" },
				"up": { "uv": [ 6, 9.5, 7.5, 8.25 ], "texture": "#voxels_atlas" },
				"north": { "uv": [ 4, 0.25, 2.5, 2 ], "texture": "#voxels_atlas" },
				"south": { "uv": [ 2.5, 2, 4, 3.75 ], "texture": "#voxels_atlas" },
				"west": { "uv": [ 4.75, 6, 6, 7.75 ], "texture": "#voxels_atlas" },
				"east": { "uv": [ 6, 7.75, 4.75, 9.5 ], "texture": "#voxels_atlas" }
			}
		},
		{
			"__comment": "Voxels",
			"from": [ 12, 5, -3 ],
			"to": [ 17, 12, 10 ],
			"faces": {
				"down": { "uv": [ 1.25, 0.5, 2.5, 3.75 ], "texture": "#voxels_atlas" },
				"up": { "uv": [ 0, 3.75, 1.25, 0.5 ], "texture": "#voxels_atlas" },
				"north": { "uv": [ 6, 2.5, 4.75, 4.25 ], "texture": "#voxels_atlas" },
				"south": { "uv": [ 4.75, 4.25, 6, 6 ], "texture": "#voxels_atlas" },
				"west": { "uv": [ 12.75, 12.5, 16, 14.25 ], "texture": "#voxels_atlas" },
				"east": { "uv": [ 15.25, 14.25, 12, 16 ], "texture": "#voxels_atlas" }
			}
		},
		{
			"__comment": "Voxels",
			"from": [ 14, 4, -7 ],
			"to": [ 17, 5, -4 ],
			"faces": {
				"down": { "uv": [ 8.25, 2.75, 9, 3.5 ], "texture": "#voxels_atlas" },
				"up": { "uv": [ 8.25, 5.75, 9, 5 ], "texture": "#voxels_atlas" },
				"north": { "uv": [ 12.5, 7.75, 11.75, 8 ], "texture": "#voxels_atlas" },
				"south": { "uv": [ 9, 2.25, 9.75, 2.5 ], "texture": "#voxels_atlas" },
				"west": { "uv": [ 4, 8.25, 4.75, 8.5 ], "texture": "#voxels_atlas" },
				"east": { "uv": [ 4.75, 6.25, 4, 6.5 ], "texture": "#voxels_atlas" }
			}
		},
		{
			"__comment": "Voxels",
			"from": [ 14, 12, -7 ],
			"to": [ 17, 13, -4 ],
			"faces": {
				"down": { "uv": [ 8.25, 4.25, 9, 5 ], "texture": "#voxels_atlas" },
				"up": { "uv": [ 8.25, 4.25, 9, 3.5 ], "texture": "#voxels_atlas" },
				"north": { "uv": [ 9.75, 2, 9, 2.25 ], "texture": "#voxels_atlas" },
				"south": { "uv": [ 7.5, 0, 8.25, 0.25 ], "texture": "#voxels_atlas" },
				"west": { "uv": [ 13.75, 6.75, 14.5, 7 ], "texture": "#voxels_atlas" },
				"east": { "uv": [ 15.5, 6.75, 14.75, 7 ], "texture": "#voxels_atlas" }
			}
		},
		{
			"__comment": "Voxels",
			"from": [ 17, 6, -3 ],
			"to": [ 20, 11, -2 ],
			"faces": {
				"down": { "uv": [ 8.25, 0, 9, 0.25 ], "texture": "#voxels_atlas" },
				"up": { "uv": [ 9, 2.75, 9.75, 2.5 ], "texture": "#voxels_atlas" },
				"north": { "uv": [ 4.75, 3.75, 4, 5 ], "texture": "#voxels_atlas" },
				"south": { "uv": [ 4, 5, 4.75, 6.25 ], "texture": "#voxels_atlas" },
				"west": { "uv": [ 7.25, 5.75, 7.5, 7 ], "texture": "#voxels_atlas" },
				"east": { "uv": [ 7.25, 4, 7, 5.25 ], "texture": "#voxels_atlas" }
			}
		},
		{
			"__comment": "Voxels",
			"from": [ 18, 5, -7 ],
			"to": [ 21, 12, -3 ],
			"faces": {
				"down": { "uv": [ 4, 1, 4.75, 2 ], "texture": "#voxels_atlas" },
				"up": { "uv": [ 4, 1, 4.75, 0 ], "texture": "#voxels_atlas" },
				"north": { "uv": [ 4.75, 2, 4, 3.75 ], "texture": "#voxels_atlas" },
				"south": { "uv": [ 4, 6.5, 4.75, 8.25 ], "texture": "#voxels_atlas" },
				"west": { "uv": [ 7.5, 7.75, 8.5, 9.5 ], "texture": "#voxels_atlas" },
				"east": { "uv": [ 7, 3.5, 6, 5.25 ], "texture": "#voxels_atlas" }
			}
		}
	],
	"display": {
		"thirdperson_righthand": {
			"rotation":  [ 180, 0, -90 ],
			"scale":  [ 0.3, 0.3, 0.3 ]
		},
		"thirdperson_lefthand": {
			"rotation":  [ 180, 0, 90 ],
			"scale":  [ 0.3, 0.3, 0.3 ]
		},
		"firstperson_righthand": {
			"rotation":  [ 90, 0, 180 ],
			"translation":  [ 1.3919, 2.0869, 1.3913 ],
			"scale":  [ 0.3, 0.3, 0.3 ]
		},
		"firstperson_lefthand": {
			"rotation":  [ 90, 0, 0 ],
			"translation":  [ 1.3919, 2.0869, 1.3913 ],
			"scale":  [ 0.3, 0.3, 0.3 ]
		},
		"gui": {
			"rotation":  [ 90, 0, 0 ],
			"translation":  [ 0.6956, -1.391, 0 ],
			"scale":  [ 0.5, 0.5, 0.5 ]
		},
		"head": {
			"rotation":  [ 90, 0, -90 ],
			"translation":  [ 0, 9.7383, -1.389 ],
			"scale":  [ 0.4, 0.4, 0.4 ]
		},
		"ground": {
			"rotation":  [ 90, 0, 0 ],
			"scale":  [ 0.5, 0.5, 0.5 ]
		},
		"fixed": {
			"translation":  [ 1.3912, 0, -4.868 ],
			"scale":  [ 0.7, 0.7, 0.6 ]
		}
	}
}