{
	"credit": "Made with Blockbench",
	"texture_size": [32, 32],
	"textures": {
		"1": "item/decor/bathroom/bathing_kit"
	},
	"elements": [
		{
			"from": [4, 0, 9],
			"to": [7, 10, 12],
			"rotation": {"angle": 0, "axis": "y", "origin": [-2, 0, -3]},
			"faces": {
				"north": {"uv": [0, 0, 1.5, 5], "texture": "#1"},
				"east": {"uv": [1.5, 0, 3, 5], "texture": "#1"},
				"south": {"uv": [3, 0, 4.5, 5], "texture": "#1"},
				"west": {"uv": [4.5, 0, 6, 5], "texture": "#1"},
				"up": {"uv": [7.5, 7.5, 6, 6], "texture": "#1"},
				"down": {"uv": [7.5, 7.5, 6, 9], "texture": "#1"}
			}
		},
		{
			"from": [5, 0, 4],
			"to": [10, 2, 8],
			"rotation": {"angle": 22.5, "axis": "y", "origin": [6.5, 1, 6]},
			"faces": {
				"north": {"uv": [6, 4, 8.5, 5], "texture": "#1"},
				"east": {"uv": [8.5, 0, 10.5, 1], "texture": "#1"},
				"south": {"uv": [6, 5, 8.5, 6], "texture": "#1"},
				"west": {"uv": [8.5, 1, 10.5, 2], "texture": "#1"},
				"up": {"uv": [8.5, 2, 6, 0], "texture": "#1"},
				"down": {"uv": [8.5, 2, 6, 4], "texture": "#1"}
			}
		},
		{
			"from": [4.5, 10, 9.5],
			"to": [6.5, 12, 11.5],
			"rotation": {"angle": 0, "axis": "y", "origin": [-2, 0, -3]},
			"faces": {
				"north": {"uv": [8.5, 2, 9.5, 3], "texture": "#1"},
				"east": {"uv": [8.5, 3, 9.5, 4], "texture": "#1"},
				"south": {"uv": [8.5, 4, 9.5, 5], "texture": "#1"},
				"west": {"uv": [8.5, 5, 9.5, 6], "texture": "#1"},
				"up": {"uv": [7, 10, 6, 9], "texture": "#1"},
				"down": {"uv": [10, 6, 9, 7], "texture": "#1"}
			}
		},
		{
			"from": [7.6194, 0, 8.08658],
			"to": [10.6194, 10, 11.08658],
			"rotation": {"angle": 45, "axis": "y", "origin": [10.1194, 8, 8.58658]},
			"faces": {
				"north": {"uv": [0, 5, 1.5, 10], "texture": "#1"},
				"east": {"uv": [1.5, 5, 3, 10], "texture": "#1"},
				"south": {"uv": [3, 5, 4.5, 10], "texture": "#1"},
				"west": {"uv": [4.5, 5, 6, 10], "texture": "#1"},
				"up": {"uv": [9, 7.5, 7.5, 6], "texture": "#1"},
				"down": {"uv": [9, 7.5, 7.5, 9], "texture": "#1"}
			}
		},
		{
			"from": [8.1194, 10, 8.58658],
			"to": [10.1194, 12, 10.58658],
			"rotation": {"angle": 45, "axis": "y", "origin": [10.1194, 8, 8.58658]},
			"faces": {
				"north": {"uv": [7, 9, 8, 10], "texture": "#1"},
				"east": {"uv": [9, 7, 10, 8], "texture": "#1"},
				"south": {"uv": [8, 9, 9, 10], "texture": "#1"},
				"west": {"uv": [9, 8, 10, 9], "texture": "#1"},
				"up": {"uv": [10, 10, 9, 9], "texture": "#1"},
				"down": {"uv": [10.5, 2, 9.5, 3], "texture": "#1"}
			}
		}
	],
	"display": {
		"thirdperson_righthand": {
			"rotation": [75, 45, 0],
			"translation": [0, 2.5, 0.5],
			"scale": [0.37, 0.375, 0.375]
		},
		"thirdperson_lefthand": {
			"rotation": [75, 45, 0],
			"translation": [0, 2.5, 0.5],
			"scale": [0.37, 0.375, 0.375]
		},
		"firstperson_righthand": {
			"rotation": [0, 45, 0],
			"translation": [0, 2.25, 0],
			"scale": [0.4, 0.4, 0.4]
		},
		"firstperson_lefthand": {
			"rotation": [0, 225, 0],
			"translation": [0, 1.5, 0],
			"scale": [0.4, 0.4, 0.4]
		},
		"ground": {
			"translation": [0, 3, 0],
			"scale": [0.4, 0.4, 0.4]
		},
		"gui": {
			"rotation": [30, 225, 0],
			"translation": [0.5, 1.25, 0],
			"scale": [0.8, 0.8, 0.8]
		},
		"head": {
			"translation": [0, 1.75, 0]
		},
		"fixed": {
			"rotation": [-90, 0, 0],
			"translation": [0, 0, -16],
			"scale": [2, 2, 2]
		}
	}
}