{
	"credit": "Made with Blockbench",
	"texture_size": [128, 128],
	"textures": {
		"1": "item/decor/bathroom/bathtub"
	},
	"elements": [
		{
			"from": [0, 0, 0],
			"to": [16, 2, 32],
			"faces": {
				"north": {"uv": [5.5, 3, 7.5, 3.25], "texture": "#1"},
				"east": {"uv": [3, 5, 7, 5.25], "texture": "#1"},
				"south": {"uv": [5.5, 3.25, 7.5, 3.5], "texture": "#1"},
				"west": {"uv": [3, 5.25, 7, 5.5], "texture": "#1"},
				"up": {"uv": [2, 4, 0, 0], "texture": "#1"},
				"down": {"uv": [4, 0, 2, 4], "texture": "#1"}
			}
		},
		{
			"from": [0, 2, 0],
			"to": [2, 10, 32],
			"faces": {
				"north": {"uv": [4.5, 5.75, 4.75, 6.75], "texture": "#1"},
				"east": {"uv": [0, 4, 4, 5], "texture": "#1"},
				"south": {"uv": [4.75, 5.75, 5, 6.75], "texture": "#1"},
				"west": {"uv": [4, 0, 8, 1], "texture": "#1"},
				"up": {"uv": [3.25, 9.5, 3, 5.5], "texture": "#1"},
				"down": {"uv": [3.5, 5.5, 3.25, 9.5], "texture": "#1"}
			}
		},
		{
			"from": [14, 2, 0],
			"to": [16, 10, 32],
			"faces": {
				"north": {"uv": [5, 5.75, 5.25, 6.75], "texture": "#1"},
				"east": {"uv": [4, 1, 8, 2], "texture": "#1"},
				"south": {"uv": [5.25, 5.75, 5.5, 6.75], "texture": "#1"},
				"west": {"uv": [4, 2, 8, 3], "texture": "#1"},
				"up": {"uv": [3.75, 9.5, 3.5, 5.5], "texture": "#1"},
				"down": {"uv": [4, 5.5, 3.75, 9.5], "texture": "#1"}
			}
		},
		{
			"from": [14, 10, 1],
			"to": [15, 11, 31],
			"faces": {
				"north": {"uv": [1.25, 6.375, 1.375, 6.5], "texture": "#1"},
				"east": {"uv": [5.5, 3.5, 9.25, 3.625], "texture": "#1"},
				"south": {"uv": [1.375, 6.375, 1.5, 6.5], "texture": "#1"},
				"west": {"uv": [5.5, 3.625, 9.25, 3.75], "texture": "#1"},
				"up": {"uv": [4.125, 9.25, 4, 5.5], "texture": "#1"},
				"down": {"uv": [4.25, 5.5, 4.125, 9.25], "texture": "#1"}
			}
		},
		{
			"from": [2, 10, 1],
			"to": [14, 11, 2],
			"faces": {
				"north": {"uv": [5.5, 4.75, 7, 4.875], "texture": "#1"},
				"east": {"uv": [1.75, 6.375, 1.875, 6.5], "texture": "#1"},
				"south": {"uv": [5.5, 4.875, 7, 5], "texture": "#1"},
				"west": {"uv": [1.875, 6.375, 2, 6.5], "texture": "#1"},
				"up": {"uv": [2, 6.125, 0.5, 6], "texture": "#1"},
				"down": {"uv": [7.5, 5.5, 6, 5.625], "texture": "#1"}
			}
		},
		{
			"from": [2, 10, 30],
			"to": [14, 11, 31],
			"faces": {
				"north": {"uv": [6, 5.625, 7.5, 5.75], "texture": "#1"},
				"east": {"uv": [6, 6.375, 6.125, 6.5], "texture": "#1"},
				"south": {"uv": [6, 5.75, 7.5, 5.875], "texture": "#1"},
				"west": {"uv": [6.125, 6.375, 6.25, 6.5], "texture": "#1"},
				"up": {"uv": [7.5, 6, 6, 5.875], "texture": "#1"},
				"down": {"uv": [7.5, 6, 6, 6.125], "texture": "#1"}
			}
		},
		{
			"from": [1, 10, 1],
			"to": [2, 11, 31],
			"faces": {
				"north": {"uv": [1.5, 6.375, 1.625, 6.5], "texture": "#1"},
				"east": {"uv": [5.5, 3.75, 9.25, 3.875], "texture": "#1"},
				"south": {"uv": [1.625, 6.375, 1.75, 6.5], "texture": "#1"},
				"west": {"uv": [5.5, 3.875, 9.25, 4], "texture": "#1"},
				"up": {"uv": [4.375, 9.25, 4.25, 5.5], "texture": "#1"},
				"down": {"uv": [4.5, 5.5, 4.375, 9.25], "texture": "#1"}
			}
		},
		{
			"from": [2, 2, 30],
			"to": [14, 10, 32],
			"faces": {
				"north": {"uv": [4, 3, 5.5, 4], "texture": "#1"},
				"east": {"uv": [5.5, 5.75, 5.75, 6.75], "texture": "#1"},
				"south": {"uv": [4, 4, 5.5, 5], "texture": "#1"},
				"west": {"uv": [5.75, 5.75, 6, 6.75], "texture": "#1"},
				"up": {"uv": [7, 4.25, 5.5, 4], "texture": "#1"},
				"down": {"uv": [7, 4.25, 5.5, 4.5], "texture": "#1"}
			}
		},
		{
			"from": [7, 13, 31],
			"to": [9, 15, 32],
			"faces": {
				"north": {"uv": [2, 6, 2.25, 6.25], "texture": "#1"},
				"east": {"uv": [0.5, 6.375, 0.625, 6.625], "texture": "#1"},
				"south": {"uv": [2.25, 6, 2.5, 6.25], "texture": "#1"},
				"west": {"uv": [0.625, 6.375, 0.75, 6.625], "texture": "#1"},
				"up": {"uv": [1, 6.5, 0.75, 6.375], "texture": "#1"},
				"down": {"uv": [1.25, 6.375, 1, 6.5], "texture": "#1"}
			}
		},
		{
			"from": [3, 13, 30],
			"to": [5, 15, 32],
			"faces": {
				"north": {"uv": [2.5, 6, 2.75, 6.25], "texture": "#1"},
				"east": {"uv": [2.75, 6, 3, 6.25], "texture": "#1"},
				"south": {"uv": [0.5, 6.125, 0.75, 6.375], "texture": "#1"},
				"west": {"uv": [0.75, 6.125, 1, 6.375], "texture": "#1"},
				"up": {"uv": [1.25, 6.375, 1, 6.125], "texture": "#1"},
				"down": {"uv": [1.5, 6.125, 1.25, 6.375], "texture": "#1"}
			}
		},
		{
			"from": [11, 13, 30],
			"to": [13, 15, 32],
			"faces": {
				"north": {"uv": [1.5, 6.125, 1.75, 6.375], "texture": "#1"},
				"east": {"uv": [1.75, 6.125, 2, 6.375], "texture": "#1"},
				"south": {"uv": [6, 6.125, 6.25, 6.375], "texture": "#1"},
				"west": {"uv": [2, 6.25, 2.25, 6.5], "texture": "#1"},
				"up": {"uv": [2.5, 6.5, 2.25, 6.25], "texture": "#1"},
				"down": {"uv": [2.75, 6.25, 2.5, 6.5], "texture": "#1"}
			}
		},
		{
			"from": [7.5, 13.5, 28],
			"to": [8.5, 14.5, 31],
			"faces": {
				"north": {"uv": [6.25, 6.375, 6.375, 6.5], "texture": "#1"},
				"east": {"uv": [6.25, 6.125, 6.625, 6.25], "texture": "#1"},
				"south": {"uv": [6.375, 6.375, 6.5, 6.5], "texture": "#1"},
				"west": {"uv": [6.25, 6.25, 6.625, 6.375], "texture": "#1"},
				"up": {"uv": [2.875, 6.625, 2.75, 6.25], "texture": "#1"},
				"down": {"uv": [3, 6.25, 2.875, 6.625], "texture": "#1"}
			}
		},
		{
			"from": [7.5, 12.5, 28],
			"to": [8.5, 13.5, 29],
			"faces": {
				"north": {"uv": [0.75, 6.5, 0.875, 6.625], "texture": "#1"},
				"east": {"uv": [0.875, 6.5, 1, 6.625], "texture": "#1"},
				"south": {"uv": [1, 6.5, 1.125, 6.625], "texture": "#1"},
				"west": {"uv": [1.125, 6.5, 1.25, 6.625], "texture": "#1"},
				"up": {"uv": [1.375, 6.625, 1.25, 6.5], "texture": "#1"},
				"down": {"uv": [1.5, 6.5, 1.375, 6.625], "texture": "#1"}
			}
		},
		{
			"from": [2, 2, 0],
			"to": [14, 10, 2],
			"faces": {
				"north": {"uv": [0, 5, 1.5, 6], "texture": "#1"},
				"east": {"uv": [0, 6, 0.25, 7], "texture": "#1"},
				"south": {"uv": [1.5, 5, 3, 6], "texture": "#1"},
				"west": {"uv": [0.25, 6, 0.5, 7], "texture": "#1"},
				"up": {"uv": [6, 5.75, 4.5, 5.5], "texture": "#1"},
				"down": {"uv": [7, 4.5, 5.5, 4.75], "texture": "#1"}
			}
		}
	],
	"display": {
		"thirdperson_righthand": {
			"rotation": [92, 88.09, -19.04],
			"translation": [-2.75, 2.5, 0],
			"scale": [0.375, 0.375, 0.375]
		},
		"thirdperson_lefthand": {
			"rotation": [92, 88.09, -19.04],
			"translation": [-2.75, 2.5, 0],
			"scale": [0.375, 0.375, 0.375]
		},
		"firstperson_righthand": {
			"rotation": [0, 45, 0],
			"translation": [0, 0, -1.75],
			"scale": [0.4, 0.4, 0.4]
		},
		"firstperson_lefthand": {
			"rotation": [0, 225, 0],
			"translation": [0, 0, 0.75],
			"scale": [0.4, 0.4, 0.4]
		},
		"ground": {
			"translation": [0, 3, -1],
			"scale": [0.4, 0.4, 0.4]
		},
		"gui": {
			"rotation": [30, 225, 0],
			"translation": [2.25, 0, 0],
			"scale": [0.4, 0.4, 0.4]
		},
		"head": {
			"translation": [0, -28.75, -25.5],
			"scale": [1.6, 1.6, 1.6]
		},
		"fixed": {
			"rotation": [-90, 0, 0],
			"translation": [0, 0, -16],
			"scale": [2, 2, 2]
		}
	}
}