{
	"credit": "Made with Blockbench",
	"texture_size": [128, 128],
	"textures": {
		"1": "item/decor/bathroom/big_sink",
		"particle": "item/decor/bathroom/big_sink"
	},
	"elements": [
		{
			"from": [4, 11.5, 4],
			"to": [12, 16.5, 6],
			"rotation": {"angle": 0, "axis": "y", "origin": [0, 0.5, -1]},
			"faces": {
				"north": {"uv": [1.75, 10.5, 2.75, 11.125], "texture": "#1"},
				"east": {"uv": [5.75, 9.5, 6, 10.125], "texture": "#1"},
				"south": {"uv": [7.25, 10.625, 8.25, 11.25], "texture": "#1"},
				"west": {"uv": [2.75, 11.125, 3, 11.75], "texture": "#1"},
				"up": {"uv": [1.75, 11.125, 0.75, 10.875], "texture": "#1"},
				"down": {"uv": [6.5, 11, 5.5, 11.25], "texture": "#1"}
			}
		},
		{
			"from": [2, 11.5, 4],
			"to": [4, 16.5, 15],
			"rotation": {"angle": 0, "axis": "y", "origin": [0, 0.5, -1]},
			"faces": {
				"north": {"uv": [3.5, 11.125, 3.75, 11.75], "texture": "#1"},
				"east": {"uv": [10, 6, 11.375, 6.625], "texture": "#1"},
				"south": {"uv": [3.75, 11.125, 4, 11.75], "texture": "#1"},
				"west": {"uv": [10, 6.625, 11.375, 7.25], "texture": "#1"},
				"up": {"uv": [0.5, 12.25, 0.25, 10.875], "texture": "#1"},
				"down": {"uv": [0.75, 10.875, 0.5, 12.25], "texture": "#1"}
			}
		},
		{
			"from": [4, 11.5, 6],
			"to": [12, 13.5, 12],
			"rotation": {"angle": 0, "axis": "y", "origin": [0, 0.5, -1]},
			"faces": {
				"north": {"uv": [0.75, 11.125, 1.75, 11.375], "texture": "#1"},
				"east": {"uv": [2.75, 9.875, 3.5, 10.125], "texture": "#1"},
				"south": {"uv": [1.75, 11.125, 2.75, 11.375], "texture": "#1"},
				"west": {"uv": [2.75, 10.125, 3.5, 10.375], "texture": "#1"},
				"up": {"uv": [10.375, 10.75, 9.375, 10], "texture": "#1"},
				"down": {"uv": [3.75, 10.375, 2.75, 11.125], "texture": "#1"}
			}
		},
		{
			"from": [12, 11.5, 4],
			"to": [14, 16.5, 15],
			"rotation": {"angle": 0, "axis": "y", "origin": [0, 0.5, -1]},
			"faces": {
				"north": {"uv": [3, 11.125, 3.25, 11.75], "texture": "#1"},
				"east": {"uv": [0, 9.875, 1.375, 10.5], "texture": "#1"},
				"south": {"uv": [3.25, 11.125, 3.5, 11.75], "texture": "#1"},
				"west": {"uv": [1.375, 9.875, 2.75, 10.5], "texture": "#1"},
				"up": {"uv": [5.5, 12.125, 5.25, 10.75], "texture": "#1"},
				"down": {"uv": [0.25, 10.875, 0, 12.25], "texture": "#1"}
			}
		},
		{
			"from": [4, 11.5, 12],
			"to": [12, 16.5, 15],
			"rotation": {"angle": 0, "axis": "y", "origin": [0, 0.5, -1]},
			"faces": {
				"north": {"uv": [10.625, 7.625, 11.625, 8.25], "texture": "#1"},
				"east": {"uv": [6.5, 11, 6.875, 11.625], "texture": "#1"},
				"south": {"uv": [8.25, 10.625, 9.25, 11.25], "texture": "#1"},
				"west": {"uv": [6.875, 11, 7.25, 11.625], "texture": "#1"},
				"up": {"uv": [5.5, 7.625, 4.5, 7.25], "texture": "#1"},
				"down": {"uv": [4.5, 9, 3.5, 9.375], "texture": "#1"}
			}
		},
		{
			"from": [7, 16.5, 12.5],
			"to": [9, 17.5, 14.5],
			"rotation": {"angle": 0, "axis": "y", "origin": [0, 0.5, -1]},
			"faces": {
				"north": {"uv": [5.25, 7.625, 5.5, 7.75], "texture": "#1"},
				"east": {"uv": [3.5, 9.375, 3.75, 9.5], "texture": "#1"},
				"south": {"uv": [3.75, 9.375, 4, 9.5], "texture": "#1"},
				"west": {"uv": [4, 9.375, 4.25, 9.5], "texture": "#1"},
				"up": {"uv": [5.75, 7.5, 5.5, 7.25], "texture": "#1"},
				"down": {"uv": [5.75, 7.5, 5.5, 7.75], "texture": "#1"}
			}
		},
		{
			"from": [11, 16.5, 12.5],
			"to": [13, 18.5, 14.5],
			"rotation": {"angle": 45, "axis": "y", "origin": [12, 17.5, 13.5]},
			"faces": {
				"north": {"uv": [5.5, 10.375, 5.75, 10.625], "texture": "#1"},
				"east": {"uv": [4.125, 11.125, 4.375, 11.375], "texture": "#1"},
				"south": {"uv": [4.375, 11.125, 4.625, 11.375], "texture": "#1"},
				"west": {"uv": [4.625, 11.125, 4.875, 11.375], "texture": "#1"},
				"up": {"uv": [5.125, 11.375, 4.875, 11.125], "texture": "#1"},
				"down": {"uv": [9.5, 11.125, 9.25, 11.375], "texture": "#1"}
			}
		},
		{
			"from": [3, 16.5, 12.5],
			"to": [5, 18.5, 14.5],
			"rotation": {"angle": -45, "axis": "y", "origin": [4, 17.5, 13.5]},
			"faces": {
				"north": {"uv": [9.5, 11.125, 9.75, 11.375], "texture": "#1"},
				"east": {"uv": [9.75, 11.125, 10, 11.375], "texture": "#1"},
				"south": {"uv": [10, 11.125, 10.25, 11.375], "texture": "#1"},
				"west": {"uv": [10.25, 11.125, 10.5, 11.375], "texture": "#1"},
				"up": {"uv": [10.75, 11.375, 10.5, 11.125], "texture": "#1"},
				"down": {"uv": [11, 11.125, 10.75, 11.375], "texture": "#1"}
			}
		},
		{
			"from": [7.5, 17.5, 13],
			"to": [8.5, 21.5, 14],
			"rotation": {"angle": 0, "axis": "y", "origin": [0, 0.5, -1]},
			"faces": {
				"north": {"uv": [5.75, 7.25, 5.875, 7.75], "texture": "#1"},
				"east": {"uv": [5.75, 10.125, 5.875, 10.625], "texture": "#1"},
				"south": {"uv": [5.875, 10.125, 6, 10.625], "texture": "#1"},
				"west": {"uv": [4, 11.125, 4.125, 11.625], "texture": "#1"},
				"up": {"uv": [4.375, 9.5, 4.25, 9.375], "texture": "#1"},
				"down": {"uv": [4.5, 9.375, 4.375, 9.5], "texture": "#1"}
			}
		},
		{
			"from": [7.5, 20.5, 10],
			"to": [8.5, 21.5, 13],
			"rotation": {"angle": 0, "axis": "y", "origin": [0, 0.5, -1]},
			"faces": {
				"north": {"uv": [10, 7.625, 10.125, 7.75], "texture": "#1"},
				"east": {"uv": [4.5, 7.625, 4.875, 7.75], "texture": "#1"},
				"south": {"uv": [10.125, 7.625, 10.25, 7.75], "texture": "#1"},
				"west": {"uv": [4.875, 7.625, 5.25, 7.75], "texture": "#1"},
				"up": {"uv": [5.25, 11.5, 5.125, 11.125], "texture": "#1"},
				"down": {"uv": [11.125, 11.125, 11, 11.5], "texture": "#1"}
			}
		},
		{
			"from": [7.5, 19.5, 10],
			"to": [8.5, 20.5, 11],
			"rotation": {"angle": 0, "axis": "y", "origin": [0, 0.5, -1]},
			"faces": {
				"north": {"uv": [10.25, 7.625, 10.375, 7.75], "texture": "#1"},
				"east": {"uv": [10.375, 7.625, 10.5, 7.75], "texture": "#1"},
				"south": {"uv": [10.5, 7.625, 10.625, 7.75], "texture": "#1"},
				"west": {"uv": [10.5, 9.875, 10.625, 10], "texture": "#1"},
				"up": {"uv": [9.375, 10.75, 9.25, 10.625], "texture": "#1"},
				"down": {"uv": [10.75, 9.875, 10.625, 10], "texture": "#1"}
			}
		},
		{
			"from": [-16, 14, 1],
			"to": [32, 16, 16],
			"rotation": {"angle": 0, "axis": "y", "origin": [0, 1, 0]},
			"faces": {
				"north": {"uv": [6, 3.5, 12, 3.75], "texture": "#1"},
				"east": {"uv": [9.5, 8.625, 11.375, 8.875], "texture": "#1"},
				"south": {"uv": [9.375, 8.875, 15.375, 9.125], "texture": "#1"},
				"west": {"uv": [10.75, 3.25, 12.625, 3.5], "texture": "#1"},
				"up": {"uv": [6, 1.875, 0, 0], "texture": "#1"},
				"down": {"uv": [6, 1.875, 0, 3.75], "texture": "#1"}
			}
		},
		{
			"from": [-15.5, 5, 1.5],
			"to": [31.5, 14, 15.5],
			"rotation": {"angle": 0, "axis": "y", "origin": [0, 1, 0]},
			"faces": {
				"north": {"uv": [5.875, 3.75, 11.75, 4.875], "texture": "#1"},
				"east": {"uv": [6, 7.75, 7.75, 8.875], "texture": "#1"},
				"south": {"uv": [5.875, 4.875, 11.75, 6], "texture": "#1"},
				"west": {"uv": [7.75, 7.75, 9.5, 8.875], "texture": "#1"},
				"up": {"uv": [5.875, 5.5, 0, 3.75], "texture": "#1"},
				"down": {"uv": [5.875, 5.5, 0, 7.25], "texture": "#1"}
			}
		},
		{
			"from": [-1.5, 6, 1],
			"to": [7.5, 13, 15],
			"rotation": {"angle": 0, "axis": "y", "origin": [0, 1, 0]},
			"faces": {
				"north": {"uv": [9.375, 9.125, 10.5, 10], "texture": "#1"},
				"east": {"uv": [0, 9, 1.75, 9.875], "texture": "#1"},
				"south": {"uv": [3.5, 9.5, 4.625, 10.375], "texture": "#1"},
				"west": {"uv": [1.75, 9, 3.5, 9.875], "texture": "#1"},
				"up": {"uv": [7.125, 10.625, 6, 8.875], "texture": "#1"},
				"down": {"uv": [10, 6, 8.875, 7.75], "texture": "#1"}
			}
		},
		{
			"from": [8.5, 6, 1],
			"to": [17.5, 13, 15],
			"rotation": {"angle": 0, "axis": "y", "origin": [0, 1, 0]},
			"faces": {
				"north": {"uv": [4.625, 9.5, 5.75, 10.375], "texture": "#1"},
				"east": {"uv": [9, 1.75, 10.75, 2.625], "texture": "#1"},
				"south": {"uv": [9.5, 7.75, 10.625, 8.625], "texture": "#1"},
				"west": {"uv": [9, 2.625, 10.75, 3.5], "texture": "#1"},
				"up": {"uv": [8.25, 10.625, 7.125, 8.875], "texture": "#1"},
				"down": {"uv": [9.375, 8.875, 8.25, 10.625], "texture": "#1"}
			}
		},
		{
			"from": [-14.5, 10, 1],
			"to": [-2.5, 13, 15],
			"rotation": {"angle": 0, "axis": "y", "origin": [0, 1, 0]},
			"faces": {
				"north": {"uv": [10.625, 8.25, 12.125, 8.625], "texture": "#1"},
				"east": {"uv": [10, 7.25, 11.75, 7.625], "texture": "#1"},
				"south": {"uv": [10.75, 1.75, 12.25, 2.125], "texture": "#1"},
				"west": {"uv": [3.75, 10.375, 5.5, 10.75], "texture": "#1"},
				"up": {"uv": [7.5, 3.5, 6, 1.75], "texture": "#1"},
				"down": {"uv": [7.375, 6, 5.875, 7.75], "texture": "#1"}
			}
		},
		{
			"from": [-14.5, 6, 0.7],
			"to": [30.5, 13, 0.7],
			"rotation": {"angle": 0, "axis": "y", "origin": [0, 1, 0]},
			"faces": {
				"north": {"uv": [6, 0, 11.625, 0.875], "texture": "#1"},
				"east": {"uv": [0, 0, 0, 0.875], "texture": "#1"},
				"south": {"uv": [6, 0.875, 11.625, 1.75], "texture": "#1"},
				"west": {"uv": [0, 0, 0, 0.875], "texture": "#1"},
				"up": {"uv": [5.625, 0, 0, 0], "texture": "#1"},
				"down": {"uv": [5.625, 0, 0, 0], "texture": "#1"}
			}
		},
		{
			"from": [-14.5, 6, 1],
			"to": [-2.5, 9, 15],
			"rotation": {"angle": 0, "axis": "y", "origin": [0, 1, 0]},
			"faces": {
				"north": {"uv": [10.75, 2.125, 12.25, 2.5], "texture": "#1"},
				"east": {"uv": [10.375, 10, 12.125, 10.375], "texture": "#1"},
				"south": {"uv": [10.75, 2.5, 12.25, 2.875], "texture": "#1"},
				"west": {"uv": [10.375, 10.375, 12.125, 10.75], "texture": "#1"},
				"up": {"uv": [1.5, 9, 0, 7.25], "texture": "#1"},
				"down": {"uv": [3, 7.25, 1.5, 9], "texture": "#1"}
			}
		},
		{
			"from": [18.5, 6, 1],
			"to": [30.5, 9, 15],
			"rotation": {"angle": 0, "axis": "y", "origin": [16, 1, 0]},
			"faces": {
				"north": {"uv": [9.25, 10.75, 10.75, 11.125], "texture": "#1"},
				"east": {"uv": [10.5, 9.5, 12.25, 9.875], "texture": "#1"},
				"south": {"uv": [10.75, 10.75, 12.25, 11.125], "texture": "#1"},
				"west": {"uv": [5.5, 10.625, 7.25, 11], "texture": "#1"},
				"up": {"uv": [9, 3.5, 7.5, 1.75], "texture": "#1"},
				"down": {"uv": [6, 7.75, 4.5, 9.5], "texture": "#1"}
			}
		},
		{
			"from": [18.5, 10, 1],
			"to": [30.5, 13, 15],
			"rotation": {"angle": 0, "axis": "y", "origin": [16, 1, 0]},
			"faces": {
				"north": {"uv": [10.75, 2.875, 12.25, 3.25], "texture": "#1"},
				"east": {"uv": [0, 10.5, 1.75, 10.875], "texture": "#1"},
				"south": {"uv": [3.75, 10.75, 5.25, 11.125], "texture": "#1"},
				"west": {"uv": [10.5, 9.125, 12.25, 9.5], "texture": "#1"},
				"up": {"uv": [4.5, 9, 3, 7.25], "texture": "#1"},
				"down": {"uv": [8.875, 6, 7.375, 7.75], "texture": "#1"}
			}
		}
	],
	"display": {
		"thirdperson_righthand": {
			"rotation": [75, 3, 0],
			"translation": [0, 2.5, 0],
			"scale": [0.375, 0.375, 0.375]
		},
		"thirdperson_lefthand": {
			"rotation": [75, 3, 0],
			"translation": [0, 2.5, 0],
			"scale": [0.375, 0.375, 0.375]
		},
		"firstperson_righthand": {
			"rotation": [0, -3, 0],
			"scale": [0.4, 0.4, 0.4]
		},
		"firstperson_lefthand": {
			"rotation": [0, -3, 0],
			"scale": [0.4, 0.4, 0.4]
		},
		"ground": {
			"translation": [0, -0.25, 0],
			"scale": [0.3, 0.3, 0.3]
		},
		"gui": {
			"rotation": [30, 225, 0],
			"translation": [0, -0.5, 0],
			"scale": [0.3, 0.3, 0.3]
		},
		"head": {
			"translation": [0, -38.25, -0.75],
			"scale": [1.6, 1.6, 1.6]
		},
		"fixed": {
			"rotation": [-90, 0, 0],
			"translation": [0, 0, -16],
			"scale": [2, 2, 2]
		}
	}
}