{
	"credit": "Made with Blockbench",
	"texture_size": [64, 64],
	"textures": {
		"2": "item/decor/bathroom/shower",
		"particle": "item/decor/bathroom/shower"
	},
	"elements": [
		{
			"from": [-2, 16, -2],
			"to": [0, 17, 16],
			"faces": {
				"north": {"uv": [12, 5, 12.5, 5.25], "texture": "#2"},
				"east": {"uv": [10.5, 3, 15, 3.25], "texture": "#2"},
				"south": {"uv": [12, 5.25, 12.5, 5.5], "texture": "#2"},
				"west": {"uv": [10.5, 3.25, 15, 3.5], "texture": "#2"},
				"up": {"uv": [9.5, 12.25, 9, 7.75], "texture": "#2"},
				"down": {"uv": [10, 7.75, 9.5, 12.25], "texture": "#2"}
			}
		},
		{
			"from": [0, 16, -2],
			"to": [16, 17, 0],
			"faces": {
				"north": {"uv": [10.5, 4, 14.5, 4.25], "texture": "#2"},
				"east": {"uv": [12, 1, 12.5, 1.25], "texture": "#2"},
				"south": {"uv": [10.5, 4.25, 14.5, 4.5], "texture": "#2"},
				"west": {"uv": [12, 1.25, 12.5, 1.5], "texture": "#2"},
				"up": {"uv": [14, 9.5, 10, 9], "texture": "#2"},
				"down": {"uv": [14, 9.5, 10, 10], "texture": "#2"}
			}
		},
		{
			"from": [-2, -16, -2],
			"to": [0, -15, 16],
			"faces": {
				"north": {"uv": [12, 12, 12.5, 12.25], "texture": "#2"},
				"east": {"uv": [10.5, 3.5, 15, 3.75], "texture": "#2"},
				"south": {"uv": [12.25, 1.5, 12.75, 1.75], "texture": "#2"},
				"west": {"uv": [10.5, 3.75, 15, 4], "texture": "#2"},
				"up": {"uv": [10.5, 4.5, 10, 0], "texture": "#2"},
				"down": {"uv": [10.5, 4.5, 10, 9], "texture": "#2"}
			}
		},
		{
			"from": [0, -16, -2],
			"to": [16, -15, 0],
			"faces": {
				"north": {"uv": [10.5, 6.5, 14.5, 6.75], "texture": "#2"},
				"east": {"uv": [12, 11, 12.5, 11.25], "texture": "#2"},
				"south": {"uv": [10.5, 6.75, 14.5, 7], "texture": "#2"},
				"west": {"uv": [12, 11.75, 12.5, 12], "texture": "#2"},
				"up": {"uv": [14, 10.5, 10, 10], "texture": "#2"},
				"down": {"uv": [14.5, 0, 10.5, 0.5], "texture": "#2"}
			}
		},
		{
			"from": [-0.5, -15, 7.5],
			"to": [-0.5, 16, 16.5],
			"faces": {
				"north": {"uv": [0, 0, 0, 7.75], "texture": "#2"},
				"east": {"uv": [0, 7.75, 2.25, 15.5], "texture": "#2"},
				"south": {"uv": [0, 0, 0, 7.75], "texture": "#2"},
				"west": {"uv": [2.25, 7.75, 4.5, 15.5], "texture": "#2"},
				"up": {"uv": [0, 2.25, 0, 0], "texture": "#2"},
				"down": {"uv": [0, 0, 0, 2.25], "texture": "#2"}
			}
		},
		{
			"from": [-1.5, -15, 4.5],
			"to": [-1.5, 16, 14.5],
			"faces": {
				"north": {"uv": [0, 0, 0, 7.75], "texture": "#2"},
				"east": {"uv": [0, 0, 2.5, 7.75], "texture": "#2"},
				"south": {"uv": [0, 0, 0, 7.75], "texture": "#2"},
				"west": {"uv": [2.5, 0, 5, 7.75], "texture": "#2"},
				"up": {"uv": [0, 2.5, 0, 0], "texture": "#2"},
				"down": {"uv": [0, 0, 0, 2.5], "texture": "#2"}
			}
		},
		{
			"from": [-1.5, -15, -1.5],
			"to": [8.5, 16, -1.5],
			"faces": {
				"north": {"uv": [5, 0, 7.5, 7.75], "texture": "#2"},
				"east": {"uv": [0, 0, 0, 7.75], "texture": "#2"},
				"south": {"uv": [7.5, 0, 10, 7.75], "texture": "#2"},
				"west": {"uv": [0, 0, 0, 7.75], "texture": "#2"},
				"up": {"uv": [2.5, 0, 0, 0], "texture": "#2"},
				"down": {"uv": [2.5, 0, 0, 0], "texture": "#2"}
			}
		},
		{
			"from": [7.5, -15, -0.5],
			"to": [16.5, 16, -0.5],
			"faces": {
				"north": {"uv": [4.5, 7.75, 6.75, 15.5], "texture": "#2"},
				"east": {"uv": [0, 0, 0, 7.75], "texture": "#2"},
				"south": {"uv": [6.75, 7.75, 9, 15.5], "texture": "#2"},
				"west": {"uv": [0, 0, 0, 7.75], "texture": "#2"},
				"up": {"uv": [2.25, 0, 0, 0], "texture": "#2"},
				"down": {"uv": [2.25, 0, 0, 0], "texture": "#2"}
			}
		},
		{
			"from": [7, 21, 15],
			"to": [9, 23, 16],
			"faces": {
				"north": {"uv": [11.5, 5, 12, 5.5], "texture": "#2"},
				"east": {"uv": [12, 5.5, 12.25, 6], "texture": "#2"},
				"south": {"uv": [11.5, 5.5, 12, 6], "texture": "#2"},
				"west": {"uv": [12, 8, 12.25, 8.5], "texture": "#2"},
				"up": {"uv": [12.5, 10.75, 12, 10.5], "texture": "#2"},
				"down": {"uv": [12.5, 10.75, 12, 11], "texture": "#2"}
			}
		},
		{
			"from": [11, -2, 14],
			"to": [13, 0, 16],
			"rotation": {"angle": 0, "axis": "y", "origin": [16, 0, 0]},
			"faces": {
				"north": {"uv": [11.5, 8, 12, 8.5], "texture": "#2"},
				"east": {"uv": [11.75, 1.5, 12.25, 2], "texture": "#2"},
				"south": {"uv": [11.75, 2, 12.25, 2.5], "texture": "#2"},
				"west": {"uv": [11.75, 2.5, 12.25, 3], "texture": "#2"},
				"up": {"uv": [12.25, 7.5, 11.75, 7], "texture": "#2"},
				"down": {"uv": [12.25, 7.5, 11.75, 8], "texture": "#2"}
			}
		},
		{
			"from": [3, -2, 14],
			"to": [5, 0, 16],
			"rotation": {"angle": 0, "axis": "y", "origin": [4, -1, 15]},
			"faces": {
				"north": {"uv": [11.75, 8.5, 12.25, 9], "texture": "#2"},
				"east": {"uv": [10, 11.75, 10.5, 12.25], "texture": "#2"},
				"south": {"uv": [10.5, 11.75, 11, 12.25], "texture": "#2"},
				"west": {"uv": [11, 11.75, 11.5, 12.25], "texture": "#2"},
				"up": {"uv": [12, 12.25, 11.5, 11.75], "texture": "#2"},
				"down": {"uv": [12.5, 0.5, 12, 1], "texture": "#2"}
			}
		},
		{
			"from": [6, 21, 7],
			"to": [10, 24, 11],
			"faces": {
				"north": {"uv": [10.5, 7, 11.5, 7.75], "texture": "#2"},
				"east": {"uv": [10.5, 7.75, 11.5, 8.5], "texture": "#2"},
				"south": {"uv": [10, 10.5, 11, 11.25], "texture": "#2"},
				"west": {"uv": [11, 10.5, 12, 11.25], "texture": "#2"},
				"up": {"uv": [11.5, 5.5, 10.5, 4.5], "texture": "#2"},
				"down": {"uv": [11.5, 5.5, 10.5, 6.5], "texture": "#2"}
			}
		},
		{
			"from": [7.5, 21.5, 11],
			"to": [8.5, 22.5, 15],
			"faces": {
				"north": {"uv": [12.25, 1.75, 12.5, 2], "texture": "#2"},
				"east": {"uv": [11.5, 6, 12.5, 6.25], "texture": "#2"},
				"south": {"uv": [12.25, 2, 12.5, 2.25], "texture": "#2"},
				"west": {"uv": [11.5, 6.25, 12.5, 6.5], "texture": "#2"},
				"up": {"uv": [11.75, 8, 11.5, 7], "texture": "#2"},
				"down": {"uv": [12, 0.5, 11.75, 1.5], "texture": "#2"}
			}
		},
		{
			"from": [5.5, 19, 6.5],
			"to": [10.5, 21, 11.5],
			"faces": {
				"north": {"uv": [10.5, 8.5, 11.75, 9], "texture": "#2"},
				"east": {"uv": [10, 11.25, 11.25, 11.75], "texture": "#2"},
				"south": {"uv": [11.25, 11.25, 12.5, 11.75], "texture": "#2"},
				"west": {"uv": [11.5, 4.5, 12.75, 5], "texture": "#2"},
				"up": {"uv": [11.75, 1.75, 10.5, 0.5], "texture": "#2"},
				"down": {"uv": [11.75, 1.75, 10.5, 3], "texture": "#2"}
			}
		}
	],
	"display": {
		"thirdperson_righthand": {
			"rotation": [75, 45, 0],
			"translation": [0, 3, 1.25],
			"scale": [0.2, 0.2, 0.2]
		},
		"thirdperson_lefthand": {
			"rotation": [75, 45, 0],
			"translation": [0, 2.5, 1.75],
			"scale": [0.2, 0.2, 0.2]
		},
		"firstperson_righthand": {
			"rotation": [0, 45, 0],
			"scale": [0.4, 0.4, 0.4]
		},
		"firstperson_lefthand": {
			"rotation": [0, 225, 0],
			"scale": [0.4, 0.4, 0.4]
		},
		"ground": {
			"translation": [0, 3, 0],
			"scale": [0.25, 0.25, 0.25]
		},
		"gui": {
			"rotation": [30, 143, 0],
			"translation": [0.25, 1.75, 0],
			"scale": [0.3, 0.3, 0.3]
		},
		"head": {
			"translation": [2, -11.75, 2],
			"scale": [1.3, 1.3, 1.3]
		},
		"fixed": {
			"rotation": [-90, 0, 0],
			"translation": [0, 0, -48],
			"scale": [2, 2, 2]
		}
	}
}