{
	"credit": "Made with Blockbench",
	"texture_size": [64, 64],
	"textures": {
		"0": "item/decor/bathroom/sink",
		"particle": "item/decor/bathroom/sink"
	},
	"elements": [
		{
			"from": [6, 0, 10],
			"to": [10, 11, 14],
			"faces": {
				"north": {"uv": [0, 3.75, 1, 6.5], "texture": "#0"},
				"east": {"uv": [0, 3.75, 1, 6.5], "texture": "#0"},
				"south": {"uv": [0, 3.75, 1, 6.5], "texture": "#0"},
				"west": {"uv": [0, 3.75, 1, 6.5], "texture": "#0"},
				"up": {"uv": [1, 7.5, 0, 6.5], "texture": "#0"},
				"down": {"uv": [2, 6.5, 1, 7.5], "texture": "#0"}
			}
		},
		{
			"from": [4, 11, 5],
			"to": [12, 16, 7],
			"faces": {
				"north": {"uv": [5.5, 0, 7.5, 1.25], "texture": "#0"},
				"east": {"uv": [5.5, 6.25, 6, 7.5], "texture": "#0"},
				"south": {"uv": [4.75, 2.5, 6.75, 3.75], "texture": "#0"},
				"west": {"uv": [2, 7, 2.5, 8.25], "texture": "#0"},
				"up": {"uv": [8.5, 5, 6.5, 4.5], "texture": "#0"},
				"down": {"uv": [8.5, 5, 6.5, 5.5], "texture": "#0"}
			}
		},
		{
			"from": [2, 11, 5],
			"to": [4, 16, 16],
			"faces": {
				"north": {"uv": [6.5, 7.25, 6, 8.5], "texture": "#0"},
				"east": {"uv": [2.75, 1.25, 0, 2.5], "texture": "#0"},
				"south": {"uv": [6, 7.25, 6.5, 8.5], "texture": "#0"},
				"west": {"uv": [2.75, 0, 5.5, 1.25], "texture": "#0"},
				"up": {"uv": [5, 9, 4.5, 6.25], "texture": "#0"},
				"down": {"uv": [5.5, 6.25, 5, 9], "texture": "#0"}
			}
		},
		{
			"from": [4, 11, 7],
			"to": [12, 13, 13],
			"faces": {
				"north": {"uv": [6.5, 5.5, 8.5, 6], "texture": "#0"},
				"east": {"uv": [6.75, 2.5, 8.25, 3], "texture": "#0"},
				"south": {"uv": [6.5, 6, 8.5, 6.5], "texture": "#0"},
				"west": {"uv": [6.75, 3, 8.25, 3.5], "texture": "#0"},
				"up": {"uv": [4.75, 2.75, 2.75, 1.25], "texture": "#0"},
				"down": {"uv": [4.75, 2.75, 2.75, 4.25], "texture": "#0"}
			}
		},
		{
			"from": [12, 11, 5],
			"to": [14, 16, 16],
			"faces": {
				"north": {"uv": [3.5, 7, 3, 8.25], "texture": "#0"},
				"east": {"uv": [2.75, 0, 5.5, 1.25], "texture": "#0"},
				"south": {"uv": [3, 7, 3.5, 8.25], "texture": "#0"},
				"west": {"uv": [0, 1.25, 2.75, 2.5], "texture": "#0"},
				"up": {"uv": [6.5, 7.25, 6, 4.5], "texture": "#0"},
				"down": {"uv": [4.5, 6.25, 4, 9], "texture": "#0"}
			}
		},
		{
			"from": [4, 11, 13],
			"to": [12, 16, 16],
			"faces": {
				"north": {"uv": [4.75, 2.5, 6.75, 3.75], "texture": "#0"},
				"east": {"uv": [6.5, 6.5, 7.25, 7.75], "texture": "#0"},
				"south": {"uv": [5.5, 0, 7.5, 1.25], "texture": "#0"},
				"west": {"uv": [6.75, 1.25, 7.5, 2.5], "texture": "#0"},
				"up": {"uv": [6, 6.25, 4, 5.5], "texture": "#0"},
				"down": {"uv": [8, 3.75, 6, 4.5], "texture": "#0"}
			}
		},
		{
			"from": [7, 16, 13.5],
			"to": [9, 17, 15.5],
			"faces": {
				"north": {"uv": [7.75, 0.5, 8.25, 0.75], "texture": "#0"},
				"east": {"uv": [7.75, 0.75, 8.25, 1], "texture": "#0"},
				"south": {"uv": [7.75, 7.5, 8.25, 7.75], "texture": "#0"},
				"west": {"uv": [7.75, 7.75, 8.25, 8], "texture": "#0"},
				"up": {"uv": [2.5, 4.25, 2, 3.75], "texture": "#0"},
				"down": {"uv": [5.25, 3.75, 4.75, 4.25], "texture": "#0"}
			}
		},
		{
			"from": [11, 16, 13.5],
			"to": [13, 18, 15.5],
			"rotation": {"angle": 45, "axis": "y", "origin": [12, 17, 14.5]},
			"faces": {
				"north": {"uv": [5.25, 3.75, 5.75, 4.25], "texture": "#0"},
				"east": {"uv": [0.5, 7.5, 1, 8], "texture": "#0"},
				"south": {"uv": [1, 7.5, 1.5, 8], "texture": "#0"},
				"west": {"uv": [7.5, 1, 8, 1.5], "texture": "#0"},
				"up": {"uv": [2, 8, 1.5, 7.5], "texture": "#0"},
				"down": {"uv": [8, 1.5, 7.5, 2], "texture": "#0"}
			}
		},
		{
			"from": [3, 16, 13.5],
			"to": [5, 18, 15.5],
			"rotation": {"angle": -45, "axis": "y", "origin": [4, 17, 14.5]},
			"faces": {
				"north": {"uv": [7.5, 2, 8, 2.5], "texture": "#0"},
				"east": {"uv": [5.5, 7.5, 6, 8], "texture": "#0"},
				"south": {"uv": [7.5, 6.5, 8, 7], "texture": "#0"},
				"west": {"uv": [7.5, 7, 8, 7.5], "texture": "#0"},
				"up": {"uv": [7.75, 8, 7.25, 7.5], "texture": "#0"},
				"down": {"uv": [8.25, 0, 7.75, 0.5], "texture": "#0"}
			}
		},
		{
			"from": [7.5, 17, 14],
			"to": [8.5, 21, 15],
			"faces": {
				"north": {"uv": [7.25, 6.5, 7.5, 7.5], "texture": "#0"},
				"east": {"uv": [0, 7.5, 0.25, 8.5], "texture": "#0"},
				"south": {"uv": [7.5, 0, 7.75, 1], "texture": "#0"},
				"west": {"uv": [0.25, 7.5, 0.5, 8.5], "texture": "#0"},
				"up": {"uv": [2.75, 4, 2.5, 3.75], "texture": "#0"},
				"down": {"uv": [2.75, 4, 2.5, 4.25], "texture": "#0"}
			}
		},
		{
			"from": [7.5, 20, 11],
			"to": [8.5, 21, 14],
			"faces": {
				"north": {"uv": [5.75, 3.75, 6, 4], "texture": "#0"},
				"east": {"uv": [6.75, 3.5, 7.5, 3.75], "texture": "#0"},
				"south": {"uv": [5.75, 4, 6, 4.25], "texture": "#0"},
				"west": {"uv": [7.5, 3.5, 8.25, 3.75], "texture": "#0"},
				"up": {"uv": [6.75, 8.5, 6.5, 7.75], "texture": "#0"},
				"down": {"uv": [7, 7.75, 6.75, 8.5], "texture": "#0"}
			}
		},
		{
			"from": [7.5, 19, 11],
			"to": [8.5, 20, 12],
			"faces": {
				"north": {"uv": [7, 7.75, 7.25, 8], "texture": "#0"},
				"east": {"uv": [0.5, 8, 0.75, 8.25], "texture": "#0"},
				"south": {"uv": [0.75, 8, 1, 8.25], "texture": "#0"},
				"west": {"uv": [1, 8, 1.25, 8.25], "texture": "#0"},
				"up": {"uv": [8.25, 1.25, 8, 1], "texture": "#0"},
				"down": {"uv": [1.5, 8, 1.25, 8.25], "texture": "#0"}
			}
		}
	],
	"display": {
		"thirdperson_righthand": {
			"rotation": [75, 45, 0],
			"translation": [0, 2.5, 0],
			"scale": [0.375, 0.375, 0.375]
		},
		"thirdperson_lefthand": {
			"rotation": [75, 45, 0],
			"translation": [0, 2.5, 0],
			"scale": [0.375, 0.375, 0.375]
		},
		"firstperson_righthand": {
			"rotation": [0, -1, 0],
			"scale": [0.4, 0.4, 0.4]
		},
		"firstperson_lefthand": {
			"rotation": [0, -2, 0],
			"scale": [0.4, 0.4, 0.4]
		},
		"ground": {
			"translation": [0, 3, 0],
			"scale": [0.4, 0.4, 0.4]
		},
		"gui": {
			"rotation": [30, 225, 0],
			"translation": [1.5, -2, 0],
			"scale": [0.625, 0.625, 0.625]
		},
		"head": {
			"translation": [0, -32.75, 1.75],
			"scale": [0, 0, 0]
		},
		"fixed": {
			"rotation": [-90, 0, 0],
			"translation": [0, 0, -16],
			"scale": [2, 2, 2]
		}
	}
}