{
	"credit": "Made with Blockbench",
	"texture_size": [64, 64],
	"textures": {
		"2": "item/decor/bathroom/toilet"
	},
	"elements": [
		{
			"from": [4, 0, 4],
			"to": [12, 5, 13],
			"faces": {
				"north": {"uv": [4.75, 7.25, 6.75, 8.5], "texture": "#2"},
				"east": {"uv": [7, 0, 9.25, 1.25], "texture": "#2"},
				"south": {"uv": [6.75, 7.25, 8.75, 8.5], "texture": "#2"},
				"west": {"uv": [2.5, 7.25, 4.75, 8.5], "texture": "#2"},
				"up": {"uv": [7, 2.25, 5, 0], "texture": "#2"},
				"down": {"uv": [7.5, 2.25, 5.5, 4.5], "texture": "#2"}
			}
		},
		{
			"from": [3, 4.5, 2],
			"to": [13, 7.5, 15],
			"faces": {
				"north": {"uv": [7.5, 3.75, 10, 4.5], "texture": "#2"},
				"east": {"uv": [7.5, 2.25, 10.75, 3], "texture": "#2"},
				"south": {"uv": [8, 4.5, 10.5, 5.25], "texture": "#2"},
				"west": {"uv": [7.5, 3, 10.75, 3.75], "texture": "#2"},
				"up": {"uv": [2.5, 3.25, 0, 0], "texture": "#2"},
				"down": {"uv": [5, 0, 2.5, 3.25], "texture": "#2"}
			}
		},
		{
			"from": [2.5, 7.5, 1.5],
			"to": [13.5, 8.5, 12.5],
			"faces": {
				"north": {"uv": [3.75, 8.5, 6.5, 8.75], "texture": "#2"},
				"east": {"uv": [6.5, 8.5, 9.25, 8.75], "texture": "#2"},
				"south": {"uv": [3.75, 8.75, 6.5, 9], "texture": "#2"},
				"west": {"uv": [6.5, 8.75, 9.25, 9], "texture": "#2"},
				"up": {"uv": [2.75, 6, 0, 3.25], "texture": "#2"},
				"down": {"uv": [5.5, 3.25, 2.75, 6], "texture": "#2"}
			}
		},
		{
			"from": [3, 7.5, 11],
			"to": [13, 13.5, 15],
			"faces": {
				"north": {"uv": [5.5, 4.5, 8, 6], "texture": "#2"},
				"east": {"uv": [8, 5.25, 9, 6.75], "texture": "#2"},
				"south": {"uv": [0, 6, 2.5, 7.5], "texture": "#2"},
				"west": {"uv": [0, 8.5, 1, 10], "texture": "#2"},
				"up": {"uv": [9.5, 2.25, 7, 1.25], "texture": "#2"},
				"down": {"uv": [2.5, 7.5, 0, 8.5], "texture": "#2"}
			}
		},
		{
			"from": [9.5, 11, 10.8],
			"to": [13.5, 13, 10.8],
			"faces": {
				"north": {"uv": [1, 9, 2, 9.5], "texture": "#2"},
				"east": {"uv": [0, 0, 0, 0.5], "texture": "#2"},
				"south": {"uv": [2, 9, 3, 9.5], "texture": "#2"},
				"west": {"uv": [0, 0, 0, 0.5], "texture": "#2"},
				"up": {"uv": [1, 0, 0, 0], "texture": "#2"},
				"down": {"uv": [1, 0, 0, 0], "texture": "#2"}
			}
		},
		{
			"from": [2.5, 13.5, 10.5],
			"to": [13.5, 15.5, 15.5],
			"faces": {
				"north": {"uv": [8, 6.75, 10.75, 7.25], "texture": "#2"},
				"east": {"uv": [8.75, 7.25, 10, 7.75], "texture": "#2"},
				"south": {"uv": [1, 8.5, 3.75, 9], "texture": "#2"},
				"west": {"uv": [8.75, 7.75, 10, 8.25], "texture": "#2"},
				"up": {"uv": [5.25, 7.25, 2.5, 6], "texture": "#2"},
				"down": {"uv": [8, 6, 5.25, 7.25], "texture": "#2"}
			}
		}
	],
	"display": {
		"thirdperson_righthand": {
			"rotation": [75, 45, 0],
			"translation": [0, 2.5, 0],
			"scale": [0.375, 0.375, 0.375]
		},
		"thirdperson_lefthand": {
			"rotation": [75, 45, 0],
			"translation": [0, 2.5, 0],
			"scale": [0.375, 0.375, 0.375]
		},
		"firstperson_righthand": {
			"rotation": [0, 25, 0],
			"scale": [0.4, 0.4, 0.4]
		},
		"firstperson_lefthand": {
			"rotation": [0, 6.75, 0],
			"scale": [0.4, 0.4, 0.4]
		},
		"ground": {
			"translation": [0, 3, 0],
			"scale": [0.4, 0.4, 0.4]
		},
		"gui": {
			"rotation": [30, 225, 0],
			"scale": [0.625, 0.625, 0.625]
		},
		"head": {
			"translation": [0, -30, 0],
			"scale": [1.6, 1.6, 1.6]
		},
		"fixed": {
			"scale": [0.5, 0.5, 0.5]
		}
	}
}