{
	"credit": "Made with Blockbench",
	"texture_size": [32, 32],
	"textures": {
		"1": "item/decor/bathroom/toothbrush"
	},
	"elements": [
		{
			"from": [6, 0, 11],
			"to": [10, 1, 15],
			"rotation": {"angle": 0, "axis": "y", "origin": [-3, 0, 2]},
			"faces": {
				"north": {"uv": [7, 0, 9, 0.5], "texture": "#1"},
				"east": {"uv": [7, 0.5, 9, 1], "texture": "#1"},
				"south": {"uv": [7, 1, 9, 1.5], "texture": "#1"},
				"west": {"uv": [7, 1.5, 9, 2], "texture": "#1"},
				"up": {"uv": [2, 2, 0, 0], "texture": "#1"},
				"down": {"uv": [2, 2, 0, 4], "texture": "#1"}
			}
		},
		{
			"from": [6, 1, 11],
			"to": [6, 5, 15],
			"rotation": {"angle": 0, "axis": "y", "origin": [-3, 0, 2]},
			"faces": {
				"north": {"uv": [0, 0, 0, 2], "texture": "#1"},
				"east": {"uv": [2, 0, 4, 2], "texture": "#1"},
				"south": {"uv": [0, 0, 0, 2], "texture": "#1"},
				"west": {"uv": [2, 2, 4, 4], "texture": "#1"},
				"up": {"uv": [0, 2, 0, 0], "texture": "#1"},
				"down": {"uv": [0, 0, 0, 2], "texture": "#1"}
			}
		},
		{
			"from": [10, 1, 11],
			"to": [10, 5, 15],
			"rotation": {"angle": 0, "axis": "y", "origin": [-3, 0, 2]},
			"faces": {
				"north": {"uv": [0, 0, 0, 2], "texture": "#1"},
				"east": {"uv": [0, 4, 2, 6], "texture": "#1"},
				"south": {"uv": [0, 0, 0, 2], "texture": "#1"},
				"west": {"uv": [4, 0, 6, 2], "texture": "#1"},
				"up": {"uv": [0, 2, 0, 0], "texture": "#1"},
				"down": {"uv": [0, 0, 0, 2], "texture": "#1"}
			}
		},
		{
			"from": [6, 1, 11],
			"to": [10, 5, 11],
			"rotation": {"angle": 0, "axis": "y", "origin": [-3, 0, 2]},
			"faces": {
				"north": {"uv": [2, 4, 4, 6], "texture": "#1"},
				"east": {"uv": [0, 0, 0, 2], "texture": "#1"},
				"south": {"uv": [4, 2, 6, 4], "texture": "#1"},
				"west": {"uv": [0, 0, 0, 2], "texture": "#1"},
				"up": {"uv": [2, 0, 0, 0], "texture": "#1"},
				"down": {"uv": [2, 0, 0, 0], "texture": "#1"}
			}
		},
		{
			"from": [6, 1, 15],
			"to": [10, 5, 15],
			"rotation": {"angle": 0, "axis": "y", "origin": [-3, 0, 2]},
			"faces": {
				"north": {"uv": [4, 4, 6, 6], "texture": "#1"},
				"east": {"uv": [0, 0, 0, 2], "texture": "#1"},
				"south": {"uv": [0, 6, 2, 8], "texture": "#1"},
				"west": {"uv": [0, 0, 0, 2], "texture": "#1"},
				"up": {"uv": [2, 0, 0, 0], "texture": "#1"},
				"down": {"uv": [2, 0, 0, 0], "texture": "#1"}
			}
		},
		{
			"from": [7, 1, 14],
			"to": [8, 7, 15],
			"rotation": {"angle": 22.5, "axis": "x", "origin": [7.5, 6.25, 12]},
			"faces": {
				"north": {"uv": [6, 0, 6.5, 3], "texture": "#1"},
				"east": {"uv": [2, 6, 2.5, 9], "texture": "#1"},
				"south": {"uv": [2.5, 6, 3, 9], "texture": "#1"},
				"west": {"uv": [3, 6, 3.5, 9], "texture": "#1"},
				"up": {"uv": [1, 8.5, 0.5, 8], "texture": "#1"},
				"down": {"uv": [1.5, 8, 1, 8.5], "texture": "#1"}
			}
		},
		{
			"from": [6.5, 7, 14],
			"to": [8.5, 10, 15],
			"rotation": {"angle": 22.5, "axis": "x", "origin": [7.5, 6.25, 12]},
			"faces": {
				"north": {"uv": [6, 3, 7, 4.5], "texture": "#1"},
				"east": {"uv": [7, 2, 7.5, 3.5], "texture": "#1"},
				"south": {"uv": [3.5, 6, 4.5, 7.5], "texture": "#1"},
				"west": {"uv": [7, 3.5, 7.5, 5], "texture": "#1"},
				"up": {"uv": [8.5, 2.5, 7.5, 2], "texture": "#1"},
				"down": {"uv": [8.5, 2.5, 7.5, 3], "texture": "#1"}
			}
		},
		{
			"from": [7, 7.5, 13],
			"to": [8, 9.5, 14],
			"rotation": {"angle": 22.5, "axis": "x", "origin": [7.5, 6.25, 12]},
			"faces": {
				"north": {"uv": [7.5, 3, 8, 4], "texture": "#1"},
				"east": {"uv": [3.5, 7.5, 4, 8.5], "texture": "#1"},
				"south": {"uv": [4, 7.5, 4.5, 8.5], "texture": "#1"},
				"west": {"uv": [7.5, 4, 8, 5], "texture": "#1"},
				"up": {"uv": [2, 8.5, 1.5, 8], "texture": "#1"},
				"down": {"uv": [8.5, 3, 8, 3.5], "texture": "#1"}
			}
		},
		{
			"from": [8.97322, 0.5062, 11.49895],
			"to": [9.97322, 6.5062, 12.49895],
			"rotation": {"angle": -22.5, "axis": "z", "origin": [9.4, 5.93297, 11.99895]},
			"faces": {
				"north": {"uv": [5.5, 6, 6, 9], "texture": "#1"},
				"east": {"uv": [6, 6, 6.5, 9], "texture": "#1"},
				"south": {"uv": [6.5, 0, 7, 3], "texture": "#1"},
				"west": {"uv": [6.5, 6, 7, 9], "texture": "#1"},
				"up": {"uv": [8.5, 5, 8, 4.5], "texture": "#1"},
				"down": {"uv": [8.5, 5, 8, 5.5], "texture": "#1"}
			}
		},
		{
			"from": [8.97322, 6.5062, 10.99895],
			"to": [9.97322, 9.5062, 12.99895],
			"rotation": {"angle": -22.5, "axis": "z", "origin": [9.4, 5.93297, 11.99895]},
			"faces": {
				"north": {"uv": [7, 5, 7.5, 6.5], "texture": "#1"},
				"east": {"uv": [4.5, 6, 5.5, 7.5], "texture": "#1"},
				"south": {"uv": [7, 6.5, 7.5, 8], "texture": "#1"},
				"west": {"uv": [6, 4.5, 7, 6], "texture": "#1"},
				"up": {"uv": [8, 8, 7.5, 7], "texture": "#1"},
				"down": {"uv": [0.5, 8, 0, 9], "texture": "#1"}
			}
		},
		{
			"from": [7.97322, 7.0062, 11.49895],
			"to": [8.97322, 9.0062, 12.49895],
			"rotation": {"angle": -22.5, "axis": "z", "origin": [9.4, 5.93297, 11.99895]},
			"faces": {
				"north": {"uv": [4.5, 7.5, 5, 8.5], "texture": "#1"},
				"east": {"uv": [5, 7.5, 5.5, 8.5], "texture": "#1"},
				"south": {"uv": [7.5, 5, 8, 6], "texture": "#1"},
				"west": {"uv": [7.5, 6, 8, 7], "texture": "#1"},
				"up": {"uv": [8.5, 4, 8, 3.5], "texture": "#1"},
				"down": {"uv": [8.5, 4, 8, 4.5], "texture": "#1"}
			}
		}
	],
	"display": {
		"thirdperson_righthand": {
			"rotation": [75, 45, 0],
			"translation": [0, 2.5, 0],
			"scale": [0.375, 0.375, 0.375]
		},
		"thirdperson_lefthand": {
			"rotation": [75, 45, 0],
			"translation": [0, 2.5, 0],
			"scale": [0.375, 0.375, 0.375]
		},
		"firstperson_righthand": {
			"rotation": [0, 45, 0],
			"translation": [0, 3.5, 0],
			"scale": [0.4, 0.4, 0.4]
		},
		"firstperson_lefthand": {
			"rotation": [0, 225, 0],
			"translation": [3.25, 1.75, 0],
			"scale": [0.4, 0.4, 0.4]
		},
		"ground": {
			"translation": [0, 4, -0.5],
			"scale": [0.8, 0.8, 0.8]
		},
		"gui": {
			"rotation": [30, 133, 0],
			"translation": [-3.25, 1.75, 0]
		},
		"head": {
			"scale": [0, 0, 0]
		},
		"fixed": {
			"rotation": [-90, 0, 0],
			"translation": [0, 0, -16],
			"scale": [2, 2, 2]
		}
	}
}