{
	"credit": "Made with Blockbench",
	"texture_size": [32, 32],
	"textures": {
		"1": "item/decor/bathroom/towel_hanger"
	},
	"elements": [
		{
			"from": [7, 10, 13],
			"to": [9, 12, 15],
			"faces": {
				"north": {"uv": [7, 3, 8, 4], "texture": "#1"},
				"east": {"uv": [7, 4, 8, 5], "texture": "#1"},
				"south": {"uv": [7, 7, 8, 8], "texture": "#1"},
				"west": {"uv": [0, 7.5, 1, 8.5], "texture": "#1"},
				"up": {"uv": [2, 8.5, 1, 7.5], "texture": "#1"},
				"down": {"uv": [3, 7.5, 2, 8.5], "texture": "#1"}
			}
		},
		{
			"from": [5, 10.5, 13.5],
			"to": [11, 11.5, 14.5],
			"faces": {
				"north": {"uv": [0, 7, 3, 7.5], "texture": "#1"},
				"east": {"uv": [7.5, 5.5, 8, 6], "texture": "#1"},
				"south": {"uv": [7, 0, 10, 0.5], "texture": "#1"},
				"west": {"uv": [7.5, 6, 8, 6.5], "texture": "#1"},
				"up": {"uv": [10, 1, 7, 0.5], "texture": "#1"},
				"down": {"uv": [10, 1, 7, 1.5], "texture": "#1"}
			}
		},
		{
			"from": [5, 5.5, 13.5],
			"to": [11, 6.5, 14.5],
			"faces": {
				"north": {"uv": [7, 1.5, 10, 2], "texture": "#1"},
				"east": {"uv": [7.5, 6.5, 8, 7], "texture": "#1"},
				"south": {"uv": [7, 2, 10, 2.5], "texture": "#1"},
				"west": {"uv": [7, 8, 7.5, 8.5], "texture": "#1"},
				"up": {"uv": [10, 3, 7, 2.5], "texture": "#1"},
				"down": {"uv": [6, 7, 3, 7.5], "texture": "#1"}
			}
		},
		{
			"from": [5.5, 7, 13],
			"to": [10.5, 7, 15],
			"faces": {
				"north": {"uv": [0, 0, 2.5, 0], "texture": "#1"},
				"east": {"uv": [0, 0, 1, 0], "texture": "#1"},
				"south": {"uv": [0, 0, 2.5, 0], "texture": "#1"},
				"west": {"uv": [0, 0, 1, 0], "texture": "#1"},
				"up": {"uv": [7.5, 6, 5, 5], "texture": "#1"},
				"down": {"uv": [7.5, 6, 5, 7], "texture": "#1"}
			}
		},
		{
			"from": [5.5, -1, 15],
			"to": [10.5, 7, 15],
			"faces": {
				"north": {"uv": [0, 0, 2.5, 4], "texture": "#1"},
				"east": {"uv": [0, 0, 0, 4], "texture": "#1"},
				"south": {"uv": [2.5, 0, 5, 4], "texture": "#1"},
				"west": {"uv": [0, 0, 0, 4], "texture": "#1"},
				"up": {"uv": [2.5, 0, 0, 0], "texture": "#1"},
				"down": {"uv": [2.5, 0, 0, 0], "texture": "#1"}
			}
		},
		{
			"from": [5.5, 1, 13],
			"to": [10.5, 7, 13],
			"faces": {
				"north": {"uv": [0, 4, 2.5, 7], "texture": "#1"},
				"east": {"uv": [0, 0, 0, 3], "texture": "#1"},
				"south": {"uv": [2.5, 4, 5, 7], "texture": "#1"},
				"west": {"uv": [0, 0, 0, 3], "texture": "#1"},
				"up": {"uv": [2.5, 0, 0, 0], "texture": "#1"},
				"down": {"uv": [2.5, 0, 0, 0], "texture": "#1"}
			}
		},
		{
			"from": [5, 6.5, 13.5],
			"to": [6, 10.5, 14.5],
			"faces": {
				"north": {"uv": [5, 7.5, 5.5, 9.5], "texture": "#1"},
				"east": {"uv": [5.5, 7.5, 6, 9.5], "texture": "#1"},
				"south": {"uv": [3, 8, 3.5, 10], "texture": "#1"},
				"west": {"uv": [8, 3, 8.5, 5], "texture": "#1"},
				"up": {"uv": [8, 8.5, 7.5, 8], "texture": "#1"},
				"down": {"uv": [8.5, 7.5, 8, 8], "texture": "#1"}
			}
		},
		{
			"from": [10, 6.5, 13.5],
			"to": [11, 10.5, 14.5],
			"faces": {
				"north": {"uv": [3.5, 8, 4, 10], "texture": "#1"},
				"east": {"uv": [4, 8, 4.5, 10], "texture": "#1"},
				"south": {"uv": [4.5, 8, 5, 10], "texture": "#1"},
				"west": {"uv": [8, 5.5, 8.5, 7.5], "texture": "#1"},
				"up": {"uv": [8.5, 8.5, 8, 8], "texture": "#1"},
				"down": {"uv": [0.5, 8.5, 0, 9], "texture": "#1"}
			}
		},
		{
			"from": [6, 9, 15],
			"to": [10, 14, 16],
			"faces": {
				"north": {"uv": [5, 0, 7, 2.5], "texture": "#1"},
				"east": {"uv": [6, 7, 6.5, 9.5], "texture": "#1"},
				"south": {"uv": [5, 2.5, 7, 5], "texture": "#1"},
				"west": {"uv": [6.5, 7, 7, 9.5], "texture": "#1"},
				"up": {"uv": [5, 8, 3, 7.5], "texture": "#1"},
				"down": {"uv": [9.5, 5, 7.5, 5.5], "texture": "#1"}
			}
		}
	],
	"display": {
		"thirdperson_righthand": {
			"rotation": [75, 45, 0],
			"translation": [-2.5, 3.75, 0],
			"scale": [0.5, 0.5, 0.5]
		},
		"thirdperson_lefthand": {
			"rotation": [75, 45, 0],
			"translation": [-2.5, 3.75, 0],
			"scale": [0.5, 0.5, 0.5]
		},
		"firstperson_righthand": {
			"rotation": [0, 4, 0],
			"translation": [0, 3, 0],
			"scale": [0.4, 0.4, 0.4]
		},
		"firstperson_lefthand": {
			"rotation": [0, 4, 0],
			"translation": [0, 3, 0],
			"scale": [0.4, 0.4, 0.4]
		},
		"ground": {
			"translation": [0, 2.5, -1.5],
			"scale": [0.6, 0.6, 0.6]
		},
		"gui": {
			"rotation": [30, 225, 0],
			"translation": [4, -1, 0],
			"scale": [0.8, 0.8, 0.8]
		},
		"head": {
			"scale": [0, 0, 0]
		},
		"fixed": {
			"translation": [0, 0, -16.5],
			"scale": [2, 2, 2]
		}
	}
}