{
	"credit": "Made with Blockbench",
	"parent": "block/block",
	"textures": {
		"bottom": "block/cake_bottom",
		"top": "block/cake_top",
		"particle": "block/cake_side",
		"side": "block/cake_side"
	},
	"elements": [
		{
			"from": [1, 0, 1],
			"to": [15, 8, 15],
			"faces": {
				"north": {"uv": [1, 8, 15, 16], "texture": "#side"},
				"east": {"uv": [1, 8, 15, 16], "texture": "#side"},
				"south": {"uv": [1, 8, 15, 16], "texture": "#side"},
				"west": {"uv": [1, 8, 15, 16], "texture": "#side"},
				"up": {"uv": [1, 1, 15, 15], "texture": "#top"},
				"down": {"uv": [1, 1, 15, 15], "texture": "#bottom", "cullface": "down"}
			}
		},
		{
			"from": [7, 8, 7],
			"to": [9, 14, 9],
			"rotation": {"angle": 0, "axis": "y", "origin": [0, 8, 0]},
			"faces": {
				"north": {"uv": [0, 8, 2, 14], "texture": "#candle"},
				"east": {"uv": [0, 8, 2, 14], "texture": "#candle"},
				"south": {"uv": [0, 8, 2, 14], "texture": "#candle"},
				"west": {"uv": [0, 8, 2, 14], "texture": "#candle"},
				"up": {"uv": [0, 6, 2, 8], "texture": "#candle"},
				"down": {"uv": [0, 14, 2, 16], "texture": "#candle", "cullface": "down"}
			}
		},
		{
			"from": [6.875, 11.875, 6.875],
			"to": [9.125, 14.125, 9.125],
			"rotation": {"angle": 0, "axis": "y", "origin": [0, 8, 0]},
			"faces": {
				"north": {"uv": [14, 12, 16, 14], "texture": "#candle"},
				"east": {"uv": [14, 12, 16, 14], "texture": "#candle"},
				"south": {"uv": [14, 12, 16, 14], "texture": "#candle"},
				"west": {"uv": [14, 12, 16, 14], "texture": "#candle"},
				"up": {"uv": [14, 10, 16, 12], "texture": "#candle"},
				"down": {"uv": [14, 10, 16, 12], "texture": "#candle", "cullface": "down"}
			}
		},
		{
			"from": [6.875, 10.75, 6.875],
			"to": [6.875, 11.875, 8],
			"rotation": {"angle": 0, "axis": "z", "origin": [8, 14.5, 8]},
			"faces": {
				"north": {"uv": [14, 12, 16, 15], "texture": "#candle"},
				"east": {"uv": [14, 12, 16, 15], "texture": "#candle"},
				"south": {"uv": [14, 12, 16, 15], "texture": "#candle"},
				"west": {"uv": [14, 14, 15, 15], "texture": "#candle"},
				"up": {"uv": [14, 10, 16, 12], "texture": "#candle"},
				"down": {"uv": [14, 8, 16, 10], "texture": "#candle", "cullface": "down"}
			}
		},
		{
			"from": [6.875, 10.75, 9.125],
			"to": [8, 11.875, 9.125],
			"rotation": {"angle": 0, "axis": "y", "origin": [8, 14.5, 8]},
			"faces": {
				"north": {"uv": [14, 12, 16, 15], "texture": "#candle"},
				"east": {"uv": [14, 12, 16, 15], "texture": "#candle"},
				"south": {"uv": [14, 14, 15, 15], "texture": "#candle"},
				"west": {"uv": [14, 12, 16, 15], "texture": "#candle"},
				"up": {"uv": [14, 10, 16, 12], "rotation": 270, "texture": "#candle"},
				"down": {"uv": [14, 8, 16, 10], "rotation": 90, "texture": "#candle", "cullface": "down"}
			}
		},
		{
			"from": [9.125, 10.75, 8],
			"to": [9.125, 11.875, 9.125],
			"rotation": {"angle": 0, "axis": "y", "origin": [8, 14.5, 8]},
			"faces": {
				"north": {"uv": [14, 12, 16, 15], "texture": "#candle"},
				"east": {"uv": [14, 14, 15, 15], "texture": "#candle"},
				"south": {"uv": [14, 12, 16, 15], "texture": "#candle"},
				"west": {"uv": [14, 12, 16, 15], "texture": "#candle"},
				"up": {"uv": [14, 10, 16, 12], "rotation": 180, "texture": "#candle"},
				"down": {"uv": [14, 8, 16, 10], "rotation": 180, "texture": "#candle", "cullface": "down"}
			}
		},
		{
			"from": [8, 10.75, 6.875],
			"to": [9.125, 11.875, 6.875],
			"rotation": {"angle": 0, "axis": "y", "origin": [8, 14.5, 8]},
			"faces": {
				"north": {"uv": [14, 14, 15, 15], "texture": "#candle"},
				"east": {"uv": [14, 12, 16, 15], "texture": "#candle"},
				"south": {"uv": [14, 12, 16, 15], "texture": "#candle"},
				"west": {"uv": [14, 12, 16, 15], "texture": "#candle"},
				"up": {"uv": [14, 10, 16, 12], "rotation": 90, "texture": "#candle"},
				"down": {"uv": [14, 8, 16, 10], "rotation": 270, "texture": "#candle", "cullface": "down"}
			}
		},
		{
			"from": [7.5, 14, 8],
			"to": [8.5, 15, 8],
			"rotation": {"angle": 45, "axis": "y", "origin": [8, 14, 8]},
			"faces": {
				"north": {"uv": [0, 5, 1, 6], "texture": "#candle"},
				"east": {"uv": [0, 0, 0, 0], "texture": "#candle"},
				"south": {"uv": [0, 5, 1, 6], "texture": "#candle"},
				"west": {"uv": [0, 0, 0, 0], "texture": "#candle"},
				"up": {"uv": [0, 0, 0, 0], "texture": "#candle"},
				"down": {"uv": [0, 0, 0, 0], "texture": "#candle"}
			}
		},
		{
			"from": [7.5, 14, 8],
			"to": [8.5, 15, 8],
			"rotation": {"angle": -45, "axis": "y", "origin": [8, 14, 8]},
			"faces": {
				"north": {"uv": [0, 5, 1, 6], "texture": "#candle"},
				"east": {"uv": [0, 0, 0, 0], "texture": "#candle"},
				"south": {"uv": [0, 5, 1, 6], "texture": "#candle"},
				"west": {"uv": [0, 0, 0, 0], "texture": "#candle"},
				"up": {"uv": [0, 0, 0, 0], "texture": "#candle"},
				"down": {"uv": [0, 0, 0, 0], "texture": "#candle"}
			}
		}
	],
	"groups": [0,
		{
			"name": "template_candle",
			"origin": [8, 8, 8],
			"children": [1, 2, 3, 4, 5, 6, 7, 8]
		}
	]
}