{
	"credit": "Made with Blockbench",
	"textures": {
		"2": "block/black_concrete_powder",
		"3": "block/torch",
		"4": "block/magma",
		"particle": "block/texture"
	},
	"elements": [
		{
			"from": [8.1, 0, 0.1],
			"to": [9.9, 6, 1.9],
			"rotation": {"angle": 0, "axis": "y", "origin": [17, 8, 8]},
			"faces": {
				"north": {"uv": [7, 6, 9, 13], "texture": "#3"},
				"east": {"uv": [7, 6, 9, 13], "texture": "#3"},
				"south": {"uv": [7, 6, 9, 13], "texture": "#3"},
				"west": {"uv": [7, 6, 9, 13], "texture": "#3"},
				"up": {"uv": [7, 6, 9, 8], "texture": "#3"},
				"down": {"uv": [7, 14, 9, 16], "texture": "#3"}
			}
		},
		{
			"from": [8.4, 4.3, 0.5],
			"to": [9.6, 5.8, 1.5],
			"rotation": {"angle": 0, "axis": "y", "origin": [17, 8, 8]},
			"faces": {
				"north": {"uv": [7, 6, 9, 13], "texture": "#4"},
				"east": {"uv": [7, 6, 9, 13], "texture": "#4"},
				"south": {"uv": [7, 6, 9, 13], "texture": "#4"},
				"west": {"uv": [7, 6, 9, 13], "texture": "#4"},
				"up": {"uv": [7, 6, 9, 13], "texture": "#4"},
				"down": {"uv": [7, 6, 9, 13], "texture": "#4"}
			}
		},
		{
			"from": [4.5, 1, 2],
			"to": [13.4, 3, 2],
			"rotation": {"angle": 0, "axis": "y", "origin": [16, 9, 10]},
			"faces": {
				"north": {"uv": [0, 0, 3, 2], "texture": "#2"},
				"east": {"uv": [0, 0, 3, 2], "texture": "#2"},
				"south": {"uv": [0, 0, 3, 2], "texture": "#2"},
				"west": {"uv": [0, 0, 3, 2], "texture": "#2"},
				"up": {"uv": [0, 0, 3, 2], "texture": "#2"},
				"down": {"uv": [0, 0, 3, 2], "texture": "#2"}
			}
		},
		{
			"from": [4.5, 1, 10.6],
			"to": [13.4, 3, 10.6],
			"rotation": {"angle": 0, "axis": "y", "origin": [16, 9, 18.6]},
			"faces": {
				"north": {"uv": [0, 0, 3, 2], "texture": "#2"},
				"east": {"uv": [0, 0, 3, 2], "texture": "#2"},
				"south": {"uv": [0, 0, 3, 2], "texture": "#2"},
				"west": {"uv": [0, 0, 3, 2], "texture": "#2"},
				"up": {"uv": [0, 0, 3, 2], "texture": "#2"},
				"down": {"uv": [0, 0, 3, 2], "texture": "#2"}
			}
		},
		{
			"from": [4.5, 1, 2],
			"to": [4.5, 3, 10.6],
			"rotation": {"angle": 0, "axis": "y", "origin": [12.5, 9, -0.2]},
			"faces": {
				"north": {"uv": [0, 0, 3, 2], "texture": "#2"},
				"east": {"uv": [0, 0, 3, 2], "texture": "#2"},
				"south": {"uv": [0, 0, 3, 2], "texture": "#2"},
				"west": {"uv": [0, 0, 3, 2], "texture": "#2"},
				"up": {"uv": [0, 0, 3, 2], "texture": "#2"},
				"down": {"uv": [0, 0, 3, 2], "texture": "#2"}
			}
		},
		{
			"from": [13.4, 1, 2],
			"to": [13.4, 3, 10.6],
			"rotation": {"angle": 0, "axis": "y", "origin": [21.4, 9, -0.2]},
			"faces": {
				"north": {"uv": [0, 0, 3, 2], "texture": "#2"},
				"east": {"uv": [0, 0, 3, 2], "texture": "#2"},
				"south": {"uv": [0, 0, 3, 2], "texture": "#2"},
				"west": {"uv": [0, 0, 3, 2], "texture": "#2"},
				"up": {"uv": [0, 0, 3, 2], "texture": "#2"},
				"down": {"uv": [0, 0, 3, 2], "texture": "#2"}
			}
		},
		{
			"from": [10, 1, 0],
			"to": [10, 3, 2],
			"rotation": {"angle": 0, "axis": "y", "origin": [2, 9, 9]},
			"faces": {
				"north": {"uv": [0, 0, 3, 2], "texture": "#2"},
				"east": {"uv": [0, 0, 3, 2], "texture": "#2"},
				"south": {"uv": [0, 0, 3, 2], "texture": "#2"},
				"west": {"uv": [0, 0, 3, 2], "texture": "#2"},
				"up": {"uv": [0, 0, 3, 2], "texture": "#2"},
				"down": {"uv": [0, 0, 3, 2], "texture": "#2"}
			}
		},
		{
			"from": [8, 1, 0],
			"to": [10, 3, 0],
			"rotation": {"angle": 0, "axis": "y", "origin": [17, 9, 8]},
			"faces": {
				"north": {"uv": [0, 0, 3, 2], "texture": "#2"},
				"east": {"uv": [0, 0, 3, 2], "texture": "#2"},
				"south": {"uv": [0, 0, 3, 2], "texture": "#2"},
				"west": {"uv": [0, 0, 3, 2], "texture": "#2"},
				"up": {"uv": [0, 0, 3, 2], "texture": "#2"},
				"down": {"uv": [0, 0, 3, 2], "texture": "#2"}
			}
		},
		{
			"from": [8, 1, 0],
			"to": [8, 3, 2],
			"rotation": {"angle": 0, "axis": "y", "origin": [0, 9, 9]},
			"faces": {
				"north": {"uv": [0, 0, 3, 2], "texture": "#2"},
				"east": {"uv": [0, 0, 3, 2], "texture": "#2"},
				"south": {"uv": [0, 0, 3, 2], "texture": "#2"},
				"west": {"uv": [0, 0, 3, 2], "texture": "#2"},
				"up": {"uv": [0, 0, 3, 2], "texture": "#2"},
				"down": {"uv": [0, 0, 3, 2], "texture": "#2"}
			}
		}
	],
	"display": {
		"thirdperson_righthand": {
			"translation": [-0.5, 4.75, 1.75],
			"scale": [0.7, 0.7, 0.7]
		},
		"thirdperson_lefthand": {
			"translation": [-0.5, 4.75, 1.75],
			"scale": [0.7, 0.7, 0.7]
		},
		"firstperson_righthand": {
			"translation": [0, 4.5, 0]
		},
		"firstperson_lefthand": {
			"translation": [0, 4.5, 0]
		},
		"ground": {
			"translation": [0, 4.75, 0]
		},
		"gui": {
			"rotation": [24, 151, 0],
			"translation": [2, 6, 0]
		},
		"head": {
			"translation": [-1.5, 12.75, 2.5],
			"scale": [1.5, 1.5, 1.5]
		},
		"fixed": {
			"translation": [-1.25, 5.25, 2]
		}
	}
}