{
	"__comment": "haru_711",
	"textures": {
		"particle": "item/fish/merci",
		"merci": "item/fish/merci"
	},
	"gui_light": "front",
	"elements": [ 	 
		{
			"__comment": "Voxels",
			"from": [ -2.5, 14, -5 ],
			"to": [ 19.5, 14.5, -3.5 ],
			"faces": {
				"down": { "uv": [ 0, 15.625, 5.5, 16 ], "texture": "#merci" },
				"up": { "uv": [ 0, 15.625, 5.5, 15.25 ], "texture": "#merci" },
				"north": { "uv": [ 11, 15.5, 5.5, 15.625 ], "texture": "#merci" },
				"south": { "uv": [ 5.5, 15.375, 11, 15.5 ], "texture": "#merci" },
				"west": { "uv": [ 7.25, 9.375, 7.625, 9.5 ], "texture": "#merci" },
				"east": { "uv": [ 7.625, 9.5, 7.25, 9.625 ], "texture": "#merci" }
			}
		},
		{
			"__comment": "Voxels",
			"from": [ -2.5, 14.5, -5 ],
			"to": [ 19, 16, -3.5 ],
			"faces": {
				"down": { "uv": [ 0, 14.875, 5.375, 15.25 ], "texture": "#merci" },
				"up": { "uv": [ 0, 14.875, 5.375, 14.5 ], "texture": "#merci" },
				"north": { "uv": [ 5.375, 14.125, 0, 14.5 ], "texture": "#merci" },
				"south": { "uv": [ 0, 13.75, 5.375, 14.125 ], "texture": "#merci" },
				"west": { "uv": [ 5.125, 10.375, 5.5, 10.75 ], "texture": "#merci" },
				"east": { "uv": [ 5.875, 8.875, 5.5, 9.25 ], "texture": "#merci" }
			}
		},
		{
			"__comment": "Voxels",
			"from": [ -2, 13.5, -5 ],
			"to": [ 19.5, 14, -3.5 ],
			"faces": {
				"down": { "uv": [ 0, 13.375, 5.375, 13.75 ], "texture": "#merci" },
				"up": { "uv": [ 0, 13.375, 5.375, 13 ], "texture": "#merci" },
				"north": { "uv": [ 10.875, 15.25, 5.5, 15.375 ], "texture": "#merci" },
				"south": { "uv": [ 5.5, 15.125, 10.875, 15.25 ], "texture": "#merci" },
				"west": { "uv": [ 7.25, 10.125, 7.625, 10.25 ], "texture": "#merci" },
				"east": { "uv": [ 7.625, 10.25, 7.25, 10.375 ], "texture": "#merci" }
			}
		},
		{
			"__comment": "Voxels",
			"from": [ -2, 16, -5 ],
			"to": [ 19.5, 16.5, -3.5 ],
			"faces": {
				"down": { "uv": [ 0, 12.625, 5.375, 13 ], "texture": "#merci" },
				"up": { "uv": [ 0, 12.625, 5.375, 12.25 ], "texture": "#merci" },
				"north": { "uv": [ 10.875, 14.875, 5.5, 15 ], "texture": "#merci" },
				"south": { "uv": [ 5.5, 15, 10.875, 15.125 ], "texture": "#merci" },
				"west": { "uv": [ 7.25, 10.875, 7.625, 11 ], "texture": "#merci" },
				"east": { "uv": [ 7.625, 11, 7.25, 11.125 ], "texture": "#merci" }
			}
		},
		{
			"__comment": "Voxels",
			"from": [ -1.5, 13, -5 ],
			"to": [ 15.5, 13.5, -3.5 ],
			"faces": {
				"down": { "uv": [ 0, 11.125, 4.25, 11.5 ], "texture": "#merci" },
				"up": { "uv": [ 0, 11.125, 4.25, 10.75 ], "texture": "#merci" },
				"north": { "uv": [ 15.25, 15.375, 11, 15.5 ], "texture": "#merci" },
				"south": { "uv": [ 11, 15.5, 15.25, 15.625 ], "texture": "#merci" },
				"west": { "uv": [ 7.25, 11.625, 7.625, 11.75 ], "texture": "#merci" },
				"east": { "uv": [ 7.625, 11.75, 7.25, 11.875 ], "texture": "#merci" }
			}
		},
		{
			"__comment": "Voxels",
			"from": [ -1.5, 16.5, -5 ],
			"to": [ 19.5, 17, -3.5 ],
			"faces": {
				"down": { "uv": [ 0, 11.5, 5.25, 11.875 ], "texture": "#merci" },
				"up": { "uv": [ 0, 12.25, 5.25, 11.875 ], "texture": "#merci" },
				"north": { "uv": [ 12.5, 14.75, 7.25, 14.875 ], "texture": "#merci" },
				"south": { "uv": [ 7.25, 14.625, 12.5, 14.75 ], "texture": "#merci" },
				"west": { "uv": [ 7.25, 12.375, 7.625, 12.5 ], "texture": "#merci" },
				"east": { "uv": [ 7.625, 12.5, 7.25, 12.625 ], "texture": "#merci" }
			}
		},
		{
			"__comment": "Voxels",
			"from": [ -1, 12.5, -5 ],
			"to": [ 15.5, 13, -3.5 ],
			"faces": {
				"down": { "uv": [ 0, 10, 4.125, 10.375 ], "texture": "#merci" },
				"up": { "uv": [ 0, 10.75, 4.125, 10.375 ], "texture": "#merci" },
				"north": { "uv": [ 15, 15.25, 10.875, 15.375 ], "texture": "#merci" },
				"south": { "uv": [ 10.875, 15.125, 15, 15.25 ], "texture": "#merci" },
				"west": { "uv": [ 7.25, 13.125, 7.625, 13.25 ], "texture": "#merci" },
				"east": { "uv": [ 7.625, 13.25, 7.25, 13.375 ], "texture": "#merci" }
			}
		},
		{
			"__comment": "Voxels",
			"from": [ -1, 17, -5 ],
			"to": [ 15.5, 17.5, -3.5 ],
			"faces": {
				"down": { "uv": [ 0, 9.25, 4.125, 9.625 ], "texture": "#merci" },
				"up": { "uv": [ 0, 10, 4.125, 9.625 ], "texture": "#merci" },
				"north": { "uv": [ 15, 15, 10.875, 15.125 ], "texture": "#merci" },
				"south": { "uv": [ 10.875, 14.875, 15, 15 ], "texture": "#merci" },
				"west": { "uv": [ 7.25, 13.875, 7.625, 14 ], "texture": "#merci" },
				"east": { "uv": [ 7.625, 14, 7.25, 14.125 ], "texture": "#merci" }
			}
		},
		{
			"__comment": "Voxels",
			"from": [ 0.5, 12, -5 ],
			"to": [ 15, 12.5, -3.5 ],
			"faces": {
				"down": { "uv": [ 0, 8.875, 3.625, 9.25 ], "texture": "#merci" },
				"up": { "uv": [ 0, 8.875, 3.625, 8.5 ], "texture": "#merci" },
				"north": { "uv": [ 14.5, 14.5, 10.875, 14.625 ], "texture": "#merci" },
				"south": { "uv": [ 7.25, 14.5, 10.875, 14.625 ], "texture": "#merci" },
				"west": { "uv": [ 15.625, 14.375, 16, 14.5 ], "texture": "#merci" },
				"east": { "uv": [ 15.625, 14.375, 15.25, 14.5 ], "texture": "#merci" }
			}
		},
		{
			"__comment": "Voxels",
			"from": [ 0.5, 17.5, -5 ],
			"to": [ 12, 18, -3.5 ],
			"faces": {
				"down": { "uv": [ 0, 8.125, 2.875, 8.5 ], "texture": "#merci" },
				"up": { "uv": [ 5.5, 16, 8.375, 15.625 ], "texture": "#merci" },
				"north": { "uv": [ 15.375, 14.75, 12.5, 14.875 ], "texture": "#merci" },
				"south": { "uv": [ 0, 8, 2.875, 8.125 ], "texture": "#merci" },
				"west": { "uv": [ 14.875, 14.375, 15.25, 14.5 ], "texture": "#merci" },
				"east": { "uv": [ 14.875, 14.375, 14.5, 14.5 ], "texture": "#merci" }
			}
		},
		{
			"__comment": "Voxels",
			"from": [ 3.5, 11.5, -5 ],
			"to": [ 14.5, 12, -3.5 ],
			"faces": {
				"down": { "uv": [ 11.125, 15.625, 13.875, 16 ], "texture": "#merci" },
				"up": { "uv": [ 8.375, 16, 11.125, 15.625 ], "texture": "#merci" },
				"north": { "uv": [ 15.25, 14.625, 12.5, 14.75 ], "texture": "#merci" },
				"south": { "uv": [ 7.25, 14.375, 10, 14.5 ], "texture": "#merci" },
				"west": { "uv": [ 13.375, 14.375, 13.75, 14.5 ], "texture": "#merci" },
				"east": { "uv": [ 13.375, 14.375, 13, 14.5 ], "texture": "#merci" }
			}
		},
		{
			"__comment": "Voxels",
			"from": [ 5, 10, -5 ],
			"to": [ 7, 11, -3.5 ],
			"faces": {
				"down": { "uv": [ 3.625, 8.5, 4.125, 8.875 ], "texture": "#merci" },
				"up": { "uv": [ 5, 8.875, 5.5, 8.5 ], "texture": "#merci" },
				"north": { "uv": [ 6.375, 9, 5.875, 9.25 ], "texture": "#merci" },
				"south": { "uv": [ 6.375, 9, 6.875, 9.25 ], "texture": "#merci" },
				"west": { "uv": [ 6.75, 8.25, 7.125, 8.5 ], "texture": "#merci" },
				"east": { "uv": [ 5.875, 8.25, 5.5, 8.5 ], "texture": "#merci" }
			}
		},
		{
			"__comment": "Voxels",
			"from": [ 5, 11, -5 ],
			"to": [ 6.5, 11.5, -3.5 ],
			"faces": {
				"down": { "uv": [ 5.125, 9.625, 5.5, 10 ], "texture": "#merci" },
				"up": { "uv": [ 5.125, 9.625, 5.5, 9.25 ], "texture": "#merci" },
				"north": { "uv": [ 7.125, 8, 6.75, 8.125 ], "texture": "#merci" },
				"south": { "uv": [ 7.625, 14, 8, 14.125 ], "texture": "#merci" },
				"west": { "uv": [ 12.625, 14.375, 13, 14.5 ], "texture": "#merci" },
				"east": { "uv": [ 7.625, 9.875, 7.25, 10 ], "texture": "#merci" }
			}
		},
		{
			"__comment": "Voxels",
			"from": [ 5, 18, -5 ],
			"to": [ 12, 18.5, -3.5 ],
			"faces": {
				"down": { "uv": [ 13.875, 15.625, 15.625, 16 ], "texture": "#merci" },
				"up": { "uv": [ 5.5, 14.875, 7.25, 14.5 ], "texture": "#merci" },
				"north": { "uv": [ 7.25, 10.125, 5.5, 10.25 ], "texture": "#merci" },
				"south": { "uv": [ 5.5, 10.25, 7.25, 10.375 ], "texture": "#merci" },
				"west": { "uv": [ 7.25, 10, 7.625, 10.125 ], "texture": "#merci" },
				"east": { "uv": [ 7.625, 10.625, 7.25, 10.75 ], "texture": "#merci" }
			}
		},
		{
			"__comment": "Voxels",
			"from": [ 6, 18.5, -5 ],
			"to": [ 12, 19, -3.5 ],
			"faces": {
				"down": { "uv": [ 5.5, 13.75, 7, 14.125 ], "texture": "#merci" },
				"up": { "uv": [ 5.5, 14.5, 7, 14.125 ], "texture": "#merci" },
				"north": { "uv": [ 7, 9.625, 5.5, 9.75 ], "texture": "#merci" },
				"south": { "uv": [ 5.5, 10, 7, 10.125 ], "texture": "#merci" },
				"west": { "uv": [ 7.25, 10.75, 7.625, 10.875 ], "texture": "#merci" },
				"east": { "uv": [ 7.625, 11.375, 7.25, 11.5 ], "texture": "#merci" }
			}
		},
		{
			"__comment": "Voxels",
			"from": [ 6.5, 19, -5 ],
			"to": [ 11.5, 19.5, -3.5 ],
			"faces": {
				"down": { "uv": [ 4.25, 11.125, 5.5, 11.5 ], "texture": "#merci" },
				"up": { "uv": [ 4.25, 11.125, 5.5, 10.75 ], "texture": "#merci" },
				"north": { "uv": [ 7.25, 9.5, 6, 9.625 ], "texture": "#merci" },
				"south": { "uv": [ 6, 9.375, 7.25, 9.5 ], "texture": "#merci" },
				"west": { "uv": [ 7.625, 14.25, 8, 14.375 ], "texture": "#merci" },
				"east": { "uv": [ 7.625, 8, 7.25, 8.125 ], "texture": "#merci" }
			}
		},
		{
			"__comment": "Voxels",
			"from": [ 7.5, 19.5, -5 ],
			"to": [ 11.5, 20, -3.5 ],
			"faces": {
				"down": { "uv": [ 4.125, 9.25, 5.125, 9.625 ], "texture": "#merci" },
				"up": { "uv": [ 4.125, 9.25, 5.125, 8.875 ], "texture": "#merci" },
				"north": { "uv": [ 16, 15, 15, 15.125 ], "texture": "#merci" },
				"south": { "uv": [ 15, 14.875, 16, 15 ], "texture": "#merci" },
				"west": { "uv": [ 7.25, 12.875, 7.625, 13 ], "texture": "#merci" },
				"east": { "uv": [ 7.625, 13, 7.25, 13.125 ], "texture": "#merci" }
			}
		},
		{
			"__comment": "Voxels",
			"from": [ 8, 20, -5 ],
			"to": [ 11.5, 20.5, -3.5 ],
			"faces": {
				"down": { "uv": [ 5.5, 12.625, 6.375, 13 ], "texture": "#merci" },
				"up": { "uv": [ 6.375, 13, 7.25, 12.625 ], "texture": "#merci" },
				"north": { "uv": [ 6.75, 8.5, 5.875, 8.625 ], "texture": "#merci" },
				"south": { "uv": [ 5.875, 8.375, 6.75, 8.5 ], "texture": "#merci" },
				"west": { "uv": [ 7.25, 13.75, 7.625, 13.875 ], "texture": "#merci" },
				"east": { "uv": [ 7.625, 13.625, 7.25, 13.75 ], "texture": "#merci" }
			}
		},
		{
			"__comment": "Voxels",
			"from": [ 9, 20.5, -5 ],
			"to": [ 11, 21, -3.5 ],
			"faces": {
				"down": { "uv": [ 6.75, 10.75, 7.25, 11.125 ], "texture": "#merci" },
				"up": { "uv": [ 6.75, 11.5, 7.25, 11.125 ], "texture": "#merci" },
				"north": { "uv": [ 7.25, 8.75, 6.75, 8.875 ], "texture": "#merci" },
				"south": { "uv": [ 6.75, 8.625, 7.25, 8.75 ], "texture": "#merci" },
				"west": { "uv": [ 7.25, 8.75, 7.625, 8.875 ], "texture": "#merci" },
				"east": { "uv": [ 7.625, 8.625, 7.25, 8.75 ], "texture": "#merci" }
			}
		},
		{
			"__comment": "Voxels",
			"from": [ 9.5, 21, -5 ],
			"to": [ 11, 21.5, -3.5 ],
			"faces": {
				"down": { "uv": [ 5.125, 8.875, 5.5, 9.25 ], "texture": "#merci" },
				"up": { "uv": [ 5.5, 8.875, 5.875, 8.5 ], "texture": "#merci" },
				"north": { "uv": [ 7.625, 8.5, 7.25, 8.625 ], "texture": "#merci" },
				"south": { "uv": [ 7.25, 12.25, 7.625, 12.375 ], "texture": "#merci" },
				"west": { "uv": [ 7.25, 12.125, 7.625, 12.25 ], "texture": "#merci" },
				"east": { "uv": [ 7.625, 11.5, 7.25, 11.625 ], "texture": "#merci" }
			}
		},
		{
			"__comment": "Voxels",
			"from": [ 11, 10.5, -5 ],
			"to": [ 14, 11.5, -3.5 ],
			"faces": {
				"down": { "uv": [ 5.5, 11.5, 6.25, 11.875 ], "texture": "#merci" },
				"up": { "uv": [ 6.25, 11.875, 7, 11.5 ], "texture": "#merci" },
				"north": { "uv": [ 6.25, 9.75, 5.5, 10 ], "texture": "#merci" },
				"south": { "uv": [ 6.25, 9.75, 7, 10 ], "texture": "#merci" },
				"west": { "uv": [ 5.5, 8, 5.875, 8.25 ], "texture": "#merci" },
				"east": { "uv": [ 7.25, 9, 6.875, 9.25 ], "texture": "#merci" }
			}
		},
		{
			"__comment": "Voxels",
			"from": [ 11.5, 10, -5 ],
			"to": [ 14, 10.5, -3.5 ],
			"faces": {
				"down": { "uv": [ 6.125, 11.125, 6.75, 11.5 ], "texture": "#merci" },
				"up": { "uv": [ 5.5, 11.5, 6.125, 11.125 ], "texture": "#merci" },
				"north": { "uv": [ 16, 14.75, 15.375, 14.875 ], "texture": "#merci" },
				"south": { "uv": [ 14.5, 14.5, 15.125, 14.625 ], "texture": "#merci" },
				"west": { "uv": [ 7.25, 8.375, 7.625, 8.5 ], "texture": "#merci" },
				"east": { "uv": [ 8, 14.125, 7.625, 14.25 ], "texture": "#merci" }
			}
		},
		{
			"__comment": "Voxels",
			"from": [ 12, 9.5, -5 ],
			"to": [ 14, 10, -3.5 ],
			"faces": {
				"down": { "uv": [ 6.75, 10.375, 7.25, 10.75 ], "texture": "#merci" },
				"up": { "uv": [ 3.625, 9.25, 4.125, 8.875 ], "texture": "#merci" },
				"north": { "uv": [ 5.5, 8, 5, 8.125 ], "texture": "#merci" },
				"south": { "uv": [ 6.75, 8.875, 7.25, 9 ], "texture": "#merci" },
				"west": { "uv": [ 11.875, 14.375, 12.25, 14.5 ], "texture": "#merci" },
				"east": { "uv": [ 12.625, 14.375, 12.25, 14.5 ], "texture": "#merci" }
			}
		},
		{
			"__comment": "Voxels",
			"from": [ 16, 13, -5 ],
			"to": [ 20, 13.5, -3.5 ],
			"faces": {
				"down": { "uv": [ 2.875, 8.125, 3.875, 8.5 ], "texture": "#merci" },
				"up": { "uv": [ 4.125, 10, 5.125, 9.625 ], "texture": "#merci" },
				"north": { "uv": [ 3.875, 8, 2.875, 8.125 ], "texture": "#merci" },
				"south": { "uv": [ 6, 9.25, 7, 9.375 ], "texture": "#merci" },
				"west": { "uv": [ 13.75, 14.375, 14.125, 14.5 ], "texture": "#merci" },
				"east": { "uv": [ 14.5, 14.375, 14.125, 14.5 ], "texture": "#merci" }
			}
		},
		{
			"__comment": "Voxels",
			"from": [ 16, 17, -5 ],
			"to": [ 20, 17.5, -3.5 ],
			"faces": {
				"down": { "uv": [ 4.125, 10.375, 5.125, 10.75 ], "texture": "#merci" },
				"up": { "uv": [ 4.125, 10.375, 5.125, 10 ], "texture": "#merci" },
				"north": { "uv": [ 16, 15.125, 15, 15.25 ], "texture": "#merci" },
				"south": { "uv": [ 15, 15.25, 16, 15.375 ], "texture": "#merci" },
				"west": { "uv": [ 7.25, 14.25, 7.625, 14.375 ], "texture": "#merci" },
				"east": { "uv": [ 7.625, 14.125, 7.25, 14.25 ], "texture": "#merci" }
			}
		},
		{
			"__comment": "Voxels",
			"from": [ 16.5, 12.5, -5 ],
			"to": [ 20, 13, -3.5 ],
			"faces": {
				"down": { "uv": [ 6.375, 13.375, 7.25, 13.75 ], "texture": "#merci" },
				"up": { "uv": [ 5.5, 13.75, 6.375, 13.375 ], "texture": "#merci" },
				"north": { "uv": [ 6.75, 8.25, 5.875, 8.375 ], "texture": "#merci" },
				"south": { "uv": [ 5.875, 8.125, 6.75, 8.25 ], "texture": "#merci" },
				"west": { "uv": [ 7.25, 13.5, 7.625, 13.625 ], "texture": "#merci" },
				"east": { "uv": [ 7.625, 13.375, 7.25, 13.5 ], "texture": "#merci" }
			}
		},
		{
			"__comment": "Voxels",
			"from": [ 16.5, 17.5, -5 ],
			"to": [ 20, 18, -3.5 ],
			"faces": {
				"down": { "uv": [ 5.5, 13, 6.375, 13.375 ], "texture": "#merci" },
				"up": { "uv": [ 4.125, 8.5, 5, 8.125 ], "texture": "#merci" },
				"north": { "uv": [ 5, 8, 4.125, 8.125 ], "texture": "#merci" },
				"south": { "uv": [ 5.875, 8.875, 6.75, 9 ], "texture": "#merci" },
				"west": { "uv": [ 7.25, 12.75, 7.625, 12.875 ], "texture": "#merci" },
				"east": { "uv": [ 7.625, 12.625, 7.25, 12.75 ], "texture": "#merci" }
			}
		},
		{
			"__comment": "Voxels",
			"from": [ 17, 12, -5 ],
			"to": [ 20, 12.5, -3.5 ],
			"faces": {
				"down": { "uv": [ 6.25, 12.25, 7, 12.625 ], "texture": "#merci" },
				"up": { "uv": [ 6.25, 12.25, 7, 11.875 ], "texture": "#merci" },
				"north": { "uv": [ 16, 15.5, 15.25, 15.625 ], "texture": "#merci" },
				"south": { "uv": [ 15.25, 15.375, 16, 15.5 ], "texture": "#merci" },
				"west": { "uv": [ 7.25, 12, 7.625, 12.125 ], "texture": "#merci" },
				"east": { "uv": [ 7.625, 11.875, 7.25, 12 ], "texture": "#merci" }
			}
		},
		{
			"__comment": "Voxels",
			"from": [ 17, 18, -5 ],
			"to": [ 20.5, 18.5, -3.5 ],
			"faces": {
				"down": { "uv": [ 4.125, 8.5, 5, 8.875 ], "texture": "#merci" },
				"up": { "uv": [ 6.375, 13.375, 7.25, 13 ], "texture": "#merci" },
				"north": { "uv": [ 6.75, 8.75, 5.875, 8.875 ], "texture": "#merci" },
				"south": { "uv": [ 5.875, 8.625, 6.75, 8.75 ], "texture": "#merci" },
				"west": { "uv": [ 7.25, 11.25, 7.625, 11.375 ], "texture": "#merci" },
				"east": { "uv": [ 7.625, 11.125, 7.25, 11.25 ], "texture": "#merci" }
			}
		},
		{
			"__comment": "Voxels",
			"from": [ 17.5, 11.5, -5 ],
			"to": [ 20, 12, -3.5 ],
			"faces": {
				"down": { "uv": [ 6.125, 10.75, 6.75, 11.125 ], "texture": "#merci" },
				"up": { "uv": [ 5.5, 11.125, 6.125, 10.75 ], "texture": "#merci" },
				"north": { "uv": [ 15.75, 14.5, 15.125, 14.625 ], "texture": "#merci" },
				"south": { "uv": [ 10, 14.375, 10.625, 14.5 ], "texture": "#merci" },
				"west": { "uv": [ 7.25, 10.5, 7.625, 10.625 ], "texture": "#merci" },
				"east": { "uv": [ 7.625, 10.375, 7.25, 10.5 ], "texture": "#merci" }
			}
		},
		{
			"__comment": "Voxels",
			"from": [ 17.5, 18.5, -5 ],
			"to": [ 20.5, 19, -3.5 ],
			"faces": {
				"down": { "uv": [ 5.5, 12.25, 6.25, 12.625 ], "texture": "#merci" },
				"up": { "uv": [ 5.5, 12.25, 6.25, 11.875 ], "texture": "#merci" },
				"north": { "uv": [ 6.625, 8, 5.875, 8.125 ], "texture": "#merci" },
				"south": { "uv": [ 15.25, 14.625, 16, 14.75 ], "texture": "#merci" },
				"west": { "uv": [ 7.25, 9.75, 7.625, 9.875 ], "texture": "#merci" },
				"east": { "uv": [ 7.625, 9.625, 7.25, 9.75 ], "texture": "#merci" }
			}
		},
		{
			"__comment": "Voxels",
			"from": [ 18, 11, -5 ],
			"to": [ 19.5, 11.5, -3.5 ],
			"faces": {
				"down": { "uv": [ 5.125, 10, 5.5, 10.375 ], "texture": "#merci" },
				"up": { "uv": [ 15.625, 16, 16, 15.625 ], "texture": "#merci" },
				"north": { "uv": [ 7.625, 9.25, 7.25, 9.375 ], "texture": "#merci" },
				"south": { "uv": [ 7.25, 9.125, 7.625, 9.25 ], "texture": "#merci" },
				"west": { "uv": [ 7.25, 9, 7.625, 9.125 ], "texture": "#merci" },
				"east": { "uv": [ 7.625, 8.875, 7.25, 9 ], "texture": "#merci" }
			}
		},
		{
			"__comment": "Voxels",
			"from": [ 18, 19, -5 ],
			"to": [ 20.5, 19.5, -3.5 ],
			"faces": {
				"down": { "uv": [ 6.125, 10.375, 6.75, 10.75 ], "texture": "#merci" },
				"up": { "uv": [ 5.5, 10.75, 6.125, 10.375 ], "texture": "#merci" },
				"north": { "uv": [ 11.25, 14.375, 10.625, 14.5 ], "texture": "#merci" },
				"south": { "uv": [ 11.25, 14.375, 11.875, 14.5 ], "texture": "#merci" },
				"west": { "uv": [ 7.25, 8.25, 7.625, 8.375 ], "texture": "#merci" },
				"east": { "uv": [ 7.625, 8.125, 7.25, 8.25 ], "texture": "#merci" }
			}
		},
		{
			"__comment": "Voxels",
			"from": [ 18.5, 19.5, -5 ],
			"to": [ 20.5, 20, -3.5 ],
			"faces": {
				"down": { "uv": [ 5.5, 9.25, 6, 9.625 ], "texture": "#merci" },
				"up": { "uv": [ 5, 8.5, 5.5, 8.125 ], "texture": "#merci" },
				"north": { "uv": [ 7.25, 8.5, 6.75, 8.625 ], "texture": "#merci" },
				"south": { "uv": [ 6.75, 8.125, 7.25, 8.25 ], "texture": "#merci" },
				"west": { "uv": [ 7.625, 13.875, 8, 14 ], "texture": "#merci" },
				"east": { "uv": [ 8, 13.75, 7.625, 13.875 ], "texture": "#merci" }
			}
		},
		{
			"__comment": "Voxels",
			"from": [ 19, 15.5, -5 ],
			"to": [ 19.5, 16, -3.5 ],
			"faces": {
				"down": { "uv": [ 5.375, 14.875, 5.5, 15.25 ], "texture": "#merci" },
				"up": { "uv": [ 5.375, 14.875, 5.5, 14.5 ], "texture": "#merci" },
				"north": { "uv": [ 5.5, 14.375, 5.375, 14.5 ], "texture": "#merci" },
				"south": { "uv": [ 5.375, 14.25, 5.5, 14.375 ], "texture": "#merci" },
				"west": { "uv": [ 7.625, 13.625, 8, 13.75 ], "texture": "#merci" },
				"east": { "uv": [ 8, 13.5, 7.625, 13.625 ], "texture": "#merci" }
			}
		}
	],
	"display": {
		"thirdperson_righthand": {
			"rotation":  [ 0, 0, -8 ],
			"translation":  [ -1.391, -0.694, 7.6521 ],
			"scale":  [ 0.5, 0.5, 0.5 ]
		},
		"thirdperson_lefthand": {
			"rotation":  [ 0, -180, 9 ],
			"translation":  [ -1.391, -0.693, -4.173 ],
			"scale":  [ 0.5, 0.5, 0.5 ]
		},
		"firstperson_righthand": {
			"rotation":  [ 0, 0, -19 ],
			"translation":  [ 9.0434, -9.738, 0 ]
		},
		"firstperson_lefthand": {
			"rotation":  [ 0, -180, 24 ],
			"translation":  [ 6.9547, -9.727, -25.04 ]
		},
		"gui": {
			"rotation":  [ 0, 0, -27 ],
			"translation":  [ -2.086, -2.781, 7.6521 ],
			"scale":  [ 0.6, 0.6, 0.6 ]
		},
		"ground": {
			"rotation":  [ -25, 0, 0 ],
			"translation":  [ 0, 2.7826, 0 ],
			"scale":  [ 0.5, 0.5, 0.5 ]
		},
		"fixed": {
			"rotation":  [ 0, -180, -33 ],
			"translation":  [ 2.7826, -3.477, -9.043 ],
			"scale":  [ 0.7, 0.7, 0.7 ]
		}
	}
}