{
	"__comment": "haru_711",
	"textures": {
		"particle": "item/fish/seafly",
		"seafly": "item/fish/seafly"
	},
	"gui_light": "front",
	"elements": [ 	 
		{
			"__comment": "Voxels",
			"from": [ -2.5, 7, -5.5 ],
			"to": [ 21, 12, -3.5 ],
			"faces": {
				"down": { "uv": [ 0, 14.25, 5.875, 14.75 ], "texture": "#seafly" },
				"up": { "uv": [ 5.875, 14.75, 11.75, 14.25 ], "texture": "#seafly" },
				"north": { "uv": [ 5.875, 14.75, 0, 16 ], "texture": "#seafly" },
				"south": { "uv": [ 5.875, 14.75, 11.75, 16 ], "texture": "#seafly" },
				"west": { "uv": [ 0, 5, 0.5, 6.25 ], "texture": "#seafly" },
				"east": { "uv": [ 1, 5, 0.5, 6.25 ], "texture": "#seafly" }
			}
		},
		{
			"__comment": "Voxels",
			"from": [ -2, 6, -5.5 ],
			"to": [ 20.5, 7, -3.5 ],
			"faces": {
				"down": { "uv": [ 0, 13.75, 5.625, 14.25 ], "texture": "#seafly" },
				"up": { "uv": [ 5.625, 14.25, 11.25, 13.75 ], "texture": "#seafly" },
				"north": { "uv": [ 10.25, 10.625, 4.625, 10.875 ], "texture": "#seafly" },
				"south": { "uv": [ 10.25, 10.625, 15.875, 10.875 ], "texture": "#seafly" },
				"west": { "uv": [ 3.625, 2.625, 4.125, 2.875 ], "texture": "#seafly" },
				"east": { "uv": [ 2.125, 2, 1.625, 2.25 ], "texture": "#seafly" }
			}
		},
		{
			"__comment": "Voxels",
			"from": [ -2, 12, -5.5 ],
			"to": [ 20.5, 13.5, -3.5 ],
			"faces": {
				"down": { "uv": [ 0, 13.25, 5.625, 13.75 ], "texture": "#seafly" },
				"up": { "uv": [ 5.625, 13.75, 11.25, 13.25 ], "texture": "#seafly" },
				"north": { "uv": [ 15.875, 10.875, 10.25, 11.25 ], "texture": "#seafly" },
				"south": { "uv": [ 4.625, 10.875, 10.25, 11.25 ], "texture": "#seafly" },
				"west": { "uv": [ 0, 0.125, 0.5, 0.5 ], "texture": "#seafly" },
				"east": { "uv": [ 1, 2.375, 0.5, 2.75 ], "texture": "#seafly" }
			}
		},
		{
			"__comment": "Voxels",
			"from": [ -1.5, 5.5, -5.5 ],
			"to": [ 20, 6, -3.5 ],
			"faces": {
				"down": { "uv": [ 0, 12.25, 5.375, 12.75 ], "texture": "#seafly" },
				"up": { "uv": [ 5.375, 12.75, 10.75, 12.25 ], "texture": "#seafly" },
				"north": { "uv": [ 10, 10, 4.625, 10.125 ], "texture": "#seafly" },
				"south": { "uv": [ 10, 10, 15.375, 10.125 ], "texture": "#seafly" },
				"west": { "uv": [ 3.125, 2.25, 3.625, 2.375 ], "texture": "#seafly" },
				"east": { "uv": [ 4.625, 2.375, 4.125, 2.5 ], "texture": "#seafly" }
			}
		},
		{
			"__comment": "Voxels",
			"from": [ -1.5, 13.5, -5.5 ],
			"to": [ 20, 14.5, -3.5 ],
			"faces": {
				"down": { "uv": [ 5.375, 12.75, 10.75, 13.25 ], "texture": "#seafly" },
				"up": { "uv": [ 0, 13.25, 5.375, 12.75 ], "texture": "#seafly" },
				"north": { "uv": [ 10, 10.375, 4.625, 10.625 ], "texture": "#seafly" },
				"south": { "uv": [ 10, 10.375, 15.375, 10.625 ], "texture": "#seafly" },
				"west": { "uv": [ 4.125, 2.625, 4.625, 2.875 ], "texture": "#seafly" },
				"east": { "uv": [ 2.125, 2.25, 1.625, 2.5 ], "texture": "#seafly" }
			}
		},
		{
			"__comment": "Voxels",
			"from": [ -1, 5, -5.5 ],
			"to": [ 19.5, 5.5, -3.5 ],
			"faces": {
				"down": { "uv": [ 5.125, 11.75, 10.25, 12.25 ], "texture": "#seafly" },
				"up": { "uv": [ 0, 12.25, 5.125, 11.75 ], "texture": "#seafly" },
				"north": { "uv": [ 14.875, 9.75, 9.75, 9.875 ], "texture": "#seafly" },
				"south": { "uv": [ 9.75, 9.875, 14.875, 10 ], "texture": "#seafly" },
				"west": { "uv": [ 3.625, 2.375, 4.125, 2.5 ], "texture": "#seafly" },
				"east": { "uv": [ 3.125, 2.375, 2.625, 2.5 ], "texture": "#seafly" }
			}
		},
		{
			"__comment": "Voxels",
			"from": [ -1, 14.5, -5.5 ],
			"to": [ 19.5, 15, -3.5 ],
			"faces": {
				"down": { "uv": [ 10.75, 12.25, 15.875, 12.75 ], "texture": "#seafly" },
				"up": { "uv": [ 10.75, 13.25, 15.875, 12.75 ], "texture": "#seafly" },
				"north": { "uv": [ 9.75, 9.875, 4.625, 10 ], "texture": "#seafly" },
				"south": { "uv": [ 4.625, 9.75, 9.75, 9.875 ], "texture": "#seafly" },
				"west": { "uv": [ 2.125, 2.375, 2.625, 2.5 ], "texture": "#seafly" },
				"east": { "uv": [ 2.125, 0, 1.625, 0.125 ], "texture": "#seafly" }
			}
		},
		{
			"__comment": "Voxels",
			"from": [ -0.5, 4.5, -5.5 ],
			"to": [ 19, 5, -3.5 ],
			"faces": {
				"down": { "uv": [ 4.875, 11.25, 9.75, 11.75 ], "texture": "#seafly" },
				"up": { "uv": [ 0, 11.75, 4.875, 11.25 ], "texture": "#seafly" },
				"north": { "uv": [ 9.5, 9.625, 4.625, 9.75 ], "texture": "#seafly" },
				"south": { "uv": [ 9.5, 9.625, 14.375, 9.75 ], "texture": "#seafly" },
				"west": { "uv": [ 1.625, 0.125, 2.125, 0.25 ], "texture": "#seafly" },
				"east": { "uv": [ 2.125, 0.5, 1.625, 0.625 ], "texture": "#seafly" }
			}
		},
		{
			"__comment": "Voxels",
			"from": [ -0.5, 15, -5.5 ],
			"to": [ 19, 16, -3.5 ],
			"faces": {
				"down": { "uv": [ 10.25, 11.75, 15.125, 12.25 ], "texture": "#seafly" },
				"up": { "uv": [ 9.75, 11.75, 14.625, 11.25 ], "texture": "#seafly" },
				"north": { "uv": [ 14.375, 10.125, 9.5, 10.375 ], "texture": "#seafly" },
				"south": { "uv": [ 4.625, 10.125, 9.5, 10.375 ], "texture": "#seafly" },
				"west": { "uv": [ 4.125, 5, 4.625, 5.25 ], "texture": "#seafly" },
				"east": { "uv": [ 4.125, 5, 3.625, 5.25 ], "texture": "#seafly" }
			}
		},
		{
			"__comment": "Voxels",
			"from": [ 0, 4, -5.5 ],
			"to": [ 18.5, 4.5, -3.5 ],
			"faces": {
				"down": { "uv": [ 0, 10.75, 4.625, 11.25 ], "texture": "#seafly" },
				"up": { "uv": [ 0, 10.75, 4.625, 10.25 ], "texture": "#seafly" },
				"north": { "uv": [ 4.625, 4.75, 0, 4.875 ], "texture": "#seafly" },
				"south": { "uv": [ 0, 4.875, 4.625, 5 ], "texture": "#seafly" },
				"west": { "uv": [ 1.625, 0.875, 2.125, 1 ], "texture": "#seafly" },
				"east": { "uv": [ 2.125, 1, 1.625, 1.125 ], "texture": "#seafly" }
			}
		},
		{
			"__comment": "Voxels",
			"from": [ 0, 16, -5.5 ],
			"to": [ 18.5, 16.5, -3.5 ],
			"faces": {
				"down": { "uv": [ 11.25, 13.25, 15.875, 13.75 ], "texture": "#seafly" },
				"up": { "uv": [ 11.25, 14.25, 15.875, 13.75 ], "texture": "#seafly" },
				"north": { "uv": [ 4.625, 4.625, 0, 4.75 ], "texture": "#seafly" },
				"south": { "uv": [ 0, 4.5, 4.625, 4.625 ], "texture": "#seafly" },
				"west": { "uv": [ 1.625, 1.125, 2.125, 1.25 ], "texture": "#seafly" },
				"east": { "uv": [ 2.125, 1.25, 1.625, 1.375 ], "texture": "#seafly" }
			}
		},
		{
			"__comment": "Voxels",
			"from": [ 0.5, 16.5, -5.5 ],
			"to": [ 18, 17, -3.5 ],
			"faces": {
				"down": { "uv": [ 0, 9.75, 4.375, 10.25 ], "texture": "#seafly" },
				"up": { "uv": [ 0, 9.75, 4.375, 9.25 ], "texture": "#seafly" },
				"north": { "uv": [ 4.375, 4.375, 0, 4.5 ], "texture": "#seafly" },
				"south": { "uv": [ 0, 4.25, 4.375, 4.375 ], "texture": "#seafly" },
				"west": { "uv": [ 4.125, 2.5, 4.625, 2.625 ], "texture": "#seafly" },
				"east": { "uv": [ 4.125, 2.5, 3.625, 2.625 ], "texture": "#seafly" }
			}
		},
		{
			"__comment": "Voxels",
			"from": [ 1.5, 17, -5.5 ],
			"to": [ 17, 17.5, -3.5 ],
			"faces": {
				"down": { "uv": [ 11.75, 15, 15.625, 15.5 ], "texture": "#seafly" },
				"up": { "uv": [ 11.75, 16, 15.625, 15.5 ], "texture": "#seafly" },
				"north": { "uv": [ 15.625, 14.875, 11.75, 15 ], "texture": "#seafly" },
				"south": { "uv": [ 11.75, 14.75, 15.625, 14.875 ], "texture": "#seafly" },
				"west": { "uv": [ 0.5, 0, 1, 0.125 ], "texture": "#seafly" },
				"east": { "uv": [ 0.5, 0, 0, 0.125 ], "texture": "#seafly" }
			}
		},
		{
			"__comment": "Voxels",
			"from": [ 2, 3.5, -5.5 ],
			"to": [ 9.5, 4, -3.5 ],
			"faces": {
				"down": { "uv": [ 2.625, 6.75, 4.5, 7.25 ], "texture": "#seafly" },
				"up": { "uv": [ 2.625, 7.75, 4.5, 7.25 ], "texture": "#seafly" },
				"north": { "uv": [ 3.125, 3, 1.25, 3.125 ], "texture": "#seafly" },
				"south": { "uv": [ 1.25, 2.875, 3.125, 3 ], "texture": "#seafly" },
				"west": { "uv": [ 2.125, 1, 2.625, 1.125 ], "texture": "#seafly" },
				"east": { "uv": [ 2.625, 1.125, 2.125, 1.25 ], "texture": "#seafly" }
			}
		},
		{
			"__comment": "Voxels",
			"from": [ 2, 17.5, -5.5 ],
			"to": [ 16.5, 18, -3.5 ],
			"faces": {
				"down": { "uv": [ 0, 8.75, 3.625, 9.25 ], "texture": "#seafly" },
				"up": { "uv": [ 11.75, 14.75, 15.375, 14.25 ], "texture": "#seafly" },
				"north": { "uv": [ 3.625, 4.125, 0, 4.25 ], "texture": "#seafly" },
				"south": { "uv": [ 0, 4, 3.625, 4.125 ], "texture": "#seafly" },
				"west": { "uv": [ 3.125, 2.125, 3.625, 2.25 ], "texture": "#seafly" },
				"east": { "uv": [ 3.125, 2.125, 2.625, 2.25 ], "texture": "#seafly" }
			}
		},
		{
			"__comment": "Voxels",
			"from": [ 2.5, 18, -5.5 ],
			"to": [ 16, 18.5, -3.5 ],
			"faces": {
				"down": { "uv": [ 0, 7.75, 3.375, 8.25 ], "texture": "#seafly" },
				"up": { "uv": [ 0, 8.75, 3.375, 8.25 ], "texture": "#seafly" },
				"north": { "uv": [ 3.375, 3.875, 0, 4 ], "texture": "#seafly" },
				"south": { "uv": [ 0, 3.75, 3.375, 3.875 ], "texture": "#seafly" },
				"west": { "uv": [ 4.125, 2.125, 4.625, 2.25 ], "texture": "#seafly" },
				"east": { "uv": [ 4.125, 2.125, 3.625, 2.25 ], "texture": "#seafly" }
			}
		},
		{
			"__comment": "Voxels",
			"from": [ 3, 0, -5.5 ],
			"to": [ 6, 3, -3.5 ],
			"faces": {
				"down": { "uv": [ 0.5, 2.75, 1.25, 3.25 ], "texture": "#seafly" },
				"up": { "uv": [ 0.5, 3.75, 1.25, 3.25 ], "texture": "#seafly" },
				"north": { "uv": [ 2.5, 5.5, 1.75, 6.25 ], "texture": "#seafly" },
				"south": { "uv": [ 1, 5.5, 1.75, 6.25 ], "texture": "#seafly" },
				"west": { "uv": [ 0, 2.25, 0.5, 3 ], "texture": "#seafly" },
				"east": { "uv": [ 0.5, 3, 0, 3.75 ], "texture": "#seafly" }
			}
		},
		{
			"__comment": "Voxels",
			"from": [ 3.5, -1.5, -5.5 ],
			"to": [ 5, 0, -3.5 ],
			"faces": {
				"down": { "uv": [ 15.625, 15.5, 16, 16 ], "texture": "#seafly" },
				"up": { "uv": [ 15.625, 15.5, 16, 15 ], "texture": "#seafly" },
				"north": { "uv": [ 1.625, 1.5, 1.25, 1.875 ], "texture": "#seafly" },
				"south": { "uv": [ 1.25, 1.125, 1.625, 1.5 ], "texture": "#seafly" },
				"west": { "uv": [ 0.5, 2, 1, 2.375 ], "texture": "#seafly" },
				"east": { "uv": [ 1, 1.625, 0.5, 2 ], "texture": "#seafly" }
			}
		},
		{
			"__comment": "Voxels",
			"from": [ 3.5, 3, -5.5 ],
			"to": [ 8, 3.5, -3.5 ],
			"faces": {
				"down": { "uv": [ 2.5, 5.75, 3.625, 6.25 ], "texture": "#seafly" },
				"up": { "uv": [ 2.5, 5.75, 3.625, 5.25 ], "texture": "#seafly" },
				"north": { "uv": [ 3.625, 5.125, 2.5, 5.25 ], "texture": "#seafly" },
				"south": { "uv": [ 2.5, 5, 3.625, 5.125 ], "texture": "#seafly" },
				"west": { "uv": [ 2.125, 2, 2.625, 2.125 ], "texture": "#seafly" },
				"east": { "uv": [ 3.125, 2, 2.625, 2.125 ], "texture": "#seafly" }
			}
		},
		{
			"__comment": "Voxels",
			"from": [ 4, -2, -5.5 ],
			"to": [ 4.5, -1.5, -3.5 ],
			"faces": {
				"down": { "uv": [ 4.5, 6.75, 4.625, 7.25 ], "texture": "#seafly" },
				"up": { "uv": [ 4.5, 5.75, 4.625, 5.25 ], "texture": "#seafly" },
				"north": { "uv": [ 1.25, 2.25, 1.125, 2.375 ], "texture": "#seafly" },
				"south": { "uv": [ 15.875, 14.75, 16, 14.875 ], "texture": "#seafly" },
				"west": { "uv": [ 2.125, 1.375, 2.625, 1.5 ], "texture": "#seafly" },
				"east": { "uv": [ 2.625, 1.25, 2.125, 1.375 ], "texture": "#seafly" }
			}
		},
		{
			"__comment": "Voxels",
			"from": [ 4, 18.5, -5.5 ],
			"to": [ 14.5, 19, -3.5 ],
			"faces": {
				"down": { "uv": [ 0, 7.25, 2.625, 7.75 ], "texture": "#seafly" },
				"up": { "uv": [ 0, 7.25, 2.625, 6.75 ], "texture": "#seafly" },
				"north": { "uv": [ 3.875, 3.125, 1.25, 3.25 ], "texture": "#seafly" },
				"south": { "uv": [ 1.25, 3.625, 3.875, 3.75 ], "texture": "#seafly" },
				"west": { "uv": [ 3.125, 2.875, 3.625, 3 ], "texture": "#seafly" },
				"east": { "uv": [ 4.125, 2.875, 3.625, 3 ], "texture": "#seafly" }
			}
		},
		{
			"__comment": "Voxels",
			"from": [ 5, -0.5, -5.5 ],
			"to": [ 5.5, 0, -3.5 ],
			"faces": {
				"down": { "uv": [ 15.875, 14.25, 16, 14.75 ], "texture": "#seafly" },
				"up": { "uv": [ 15.875, 14.25, 16, 13.75 ], "texture": "#seafly" },
				"north": { "uv": [ 16, 14.875, 15.875, 15 ], "texture": "#seafly" },
				"south": { "uv": [ 4.5, 4.375, 4.625, 4.5 ], "texture": "#seafly" },
				"west": { "uv": [ 2.625, 2.5, 3.125, 2.625 ], "texture": "#seafly" },
				"east": { "uv": [ 3.625, 2.5, 3.125, 2.625 ], "texture": "#seafly" }
			}
		},
		{
			"__comment": "Voxels",
			"from": [ 6, 0.5, -5.5 ],
			"to": [ 6.5, 3, -3.5 ],
			"faces": {
				"down": { "uv": [ 15.875, 13.25, 16, 13.75 ], "texture": "#seafly" },
				"up": { "uv": [ 4.5, 9.75, 4.625, 9.25 ], "texture": "#seafly" },
				"north": { "uv": [ 1.75, 1.375, 1.625, 2 ], "texture": "#seafly" },
				"south": { "uv": [ 1.75, 1.375, 1.875, 2 ], "texture": "#seafly" },
				"west": { "uv": [ 0, 1.625, 0.5, 2.25 ], "texture": "#seafly" },
				"east": { "uv": [ 0.5, 1, 0, 1.625 ], "texture": "#seafly" }
			}
		},
		{
			"__comment": "Voxels",
			"from": [ 6.5, 1.5, -5.5 ],
			"to": [ 7, 3, -3.5 ],
			"faces": {
				"down": { "uv": [ 15.875, 12.75, 16, 13.25 ], "texture": "#seafly" },
				"up": { "uv": [ 15.875, 12.75, 16, 12.25 ], "texture": "#seafly" },
				"north": { "uv": [ 1.25, 2.375, 1.125, 2.75 ], "texture": "#seafly" },
				"south": { "uv": [ 1, 2.375, 1.125, 2.75 ], "texture": "#seafly" },
				"west": { "uv": [ 0.5, 0.125, 1, 0.5 ], "texture": "#seafly" },
				"east": { "uv": [ 1, 1.25, 0.5, 1.625 ], "texture": "#seafly" }
			}
		},
		{
			"__comment": "Voxels",
			"from": [ 6.5, 19, -5.5 ],
			"to": [ 12, 19.5, -3.5 ],
			"faces": {
				"down": { "uv": [ 3.25, 6.25, 4.625, 6.75 ], "texture": "#seafly" },
				"up": { "uv": [ 14.625, 11.75, 16, 11.25 ], "texture": "#seafly" },
				"north": { "uv": [ 4.5, 3, 3.125, 3.125 ], "texture": "#seafly" },
				"south": { "uv": [ 3, 3.25, 4.375, 3.375 ], "texture": "#seafly" },
				"west": { "uv": [ 1.625, 0.75, 2.125, 0.875 ], "texture": "#seafly" },
				"east": { "uv": [ 2.125, 0.625, 1.625, 0.75 ], "texture": "#seafly" }
			}
		},
		{
			"__comment": "Voxels",
			"from": [ 7, 2, -5.5 ],
			"to": [ 7.5, 3, -3.5 ],
			"faces": {
				"down": { "uv": [ 4.375, 9.75, 4.5, 10.25 ], "texture": "#seafly" },
				"up": { "uv": [ 4.5, 10.25, 4.625, 9.75 ], "texture": "#seafly" },
				"north": { "uv": [ 15.75, 14.75, 15.625, 15 ], "texture": "#seafly" },
				"south": { "uv": [ 15.75, 14.75, 15.875, 15 ], "texture": "#seafly" },
				"west": { "uv": [ 2.625, 2.625, 3.125, 2.875 ], "texture": "#seafly" },
				"east": { "uv": [ 3.625, 2.625, 3.125, 2.875 ], "texture": "#seafly" }
			}
		},
		{
			"__comment": "Voxels",
			"from": [ 7.5, 2.5, -5.5 ],
			"to": [ 8, 3, -3.5 ],
			"faces": {
				"down": { "uv": [ 4.375, 9.25, 4.5, 9.75 ], "texture": "#seafly" },
				"up": { "uv": [ 4.5, 7.75, 4.625, 7.25 ], "texture": "#seafly" },
				"north": { "uv": [ 4.5, 4.25, 4.375, 4.375 ], "texture": "#seafly" },
				"south": { "uv": [ 4.375, 4.375, 4.5, 4.5 ], "texture": "#seafly" },
				"west": { "uv": [ 1.625, 0.375, 2.125, 0.5 ], "texture": "#seafly" },
				"east": { "uv": [ 2.125, 0.25, 1.625, 0.375 ], "texture": "#seafly" }
			}
		},
		{
			"__comment": "Voxels",
			"from": [ 10.5, 3.5, -5.5 ],
			"to": [ 17, 4, -3.5 ],
			"faces": {
				"down": { "uv": [ 0, 6.25, 1.625, 6.75 ], "texture": "#seafly" },
				"up": { "uv": [ 1.625, 6.75, 3.25, 6.25 ], "texture": "#seafly" },
				"north": { "uv": [ 4.625, 3.5, 3, 3.625 ], "texture": "#seafly" },
				"south": { "uv": [ 3, 3.375, 4.625, 3.5 ], "texture": "#seafly" },
				"west": { "uv": [ 3.625, 2.25, 4.125, 2.375 ], "texture": "#seafly" },
				"east": { "uv": [ 3.625, 2.375, 3.125, 2.5 ], "texture": "#seafly" }
			}
		},
		{
			"__comment": "Voxels",
			"from": [ 11, 3, -5.5 ],
			"to": [ 16, 3.5, -3.5 ],
			"faces": {
				"down": { "uv": [ 3.375, 8.25, 4.625, 8.75 ], "texture": "#seafly" },
				"up": { "uv": [ 3.375, 8.25, 4.625, 7.75 ], "texture": "#seafly" },
				"north": { "uv": [ 4.625, 3.75, 3.375, 3.875 ], "texture": "#seafly" },
				"south": { "uv": [ 3.375, 3.875, 4.625, 4 ], "texture": "#seafly" },
				"west": { "uv": [ 2.125, 2.25, 2.625, 2.375 ], "texture": "#seafly" },
				"east": { "uv": [ 3.125, 2.25, 2.625, 2.375 ], "texture": "#seafly" }
			}
		},
		{
			"__comment": "Voxels",
			"from": [ 12, 2.5, -5.5 ],
			"to": [ 16, 3, -3.5 ],
			"faces": {
				"down": { "uv": [ 3.625, 8.75, 4.625, 9.25 ], "texture": "#seafly" },
				"up": { "uv": [ 3.625, 6.25, 4.625, 5.75 ], "texture": "#seafly" },
				"north": { "uv": [ 4.625, 4.125, 3.625, 4.25 ], "texture": "#seafly" },
				"south": { "uv": [ 3.625, 4, 4.625, 4.125 ], "texture": "#seafly" },
				"west": { "uv": [ 4.125, 2.25, 4.625, 2.375 ], "texture": "#seafly" },
				"east": { "uv": [ 2.625, 2.125, 2.125, 2.25 ], "texture": "#seafly" }
			}
		},
		{
			"__comment": "Voxels",
			"from": [ 12.5, 1, -5.5 ],
			"to": [ 16, 2.5, -3.5 ],
			"faces": {
				"down": { "uv": [ 15.125, 11.75, 16, 12.25 ], "texture": "#seafly" },
				"up": { "uv": [ 3.625, 5.75, 4.5, 5.25 ], "texture": "#seafly" },
				"north": { "uv": [ 3, 3.25, 2.125, 3.625 ], "texture": "#seafly" },
				"south": { "uv": [ 1.25, 3.25, 2.125, 3.625 ], "texture": "#seafly" },
				"west": { "uv": [ 0.5, 0.875, 1, 1.25 ], "texture": "#seafly" },
				"east": { "uv": [ 1, 0.5, 0.5, 0.875 ], "texture": "#seafly" }
			}
		},
		{
			"__comment": "Voxels",
			"from": [ 13, 0.5, -5.5 ],
			"to": [ 16, 1, -3.5 ],
			"faces": {
				"down": { "uv": [ 1.75, 5, 2.5, 5.5 ], "texture": "#seafly" },
				"up": { "uv": [ 1, 5.5, 1.75, 5 ], "texture": "#seafly" },
				"north": { "uv": [ 4.625, 3.625, 3.875, 3.75 ], "texture": "#seafly" },
				"south": { "uv": [ 3.875, 3.125, 4.625, 3.25 ], "texture": "#seafly" },
				"west": { "uv": [ 3.125, 2, 3.625, 2.125 ], "texture": "#seafly" },
				"east": { "uv": [ 4.125, 2, 3.625, 2.125 ], "texture": "#seafly" }
			}
		},
		{
			"__comment": "Voxels",
			"from": [ 13.5, 0, -5.5 ],
			"to": [ 15.5, 0.5, -3.5 ],
			"faces": {
				"down": { "uv": [ 15.375, 14.25, 15.875, 14.75 ], "texture": "#seafly" },
				"up": { "uv": [ 0, 1, 0.5, 0.5 ], "texture": "#seafly" },
				"north": { "uv": [ 4.625, 2, 4.125, 2.125 ], "texture": "#seafly" },
				"south": { "uv": [ 2.125, 1.875, 2.625, 2 ], "texture": "#seafly" },
				"west": { "uv": [ 2.125, 1.75, 2.625, 1.875 ], "texture": "#seafly" },
				"east": { "uv": [ 2.625, 1.625, 2.125, 1.75 ], "texture": "#seafly" }
			}
		},
		{
			"__comment": "Voxels",
			"from": [ 14, -1.5, -5.5 ],
			"to": [ 15.5, 0, -3.5 ],
			"faces": {
				"down": { "uv": [ 1.25, 2.375, 1.625, 2.875 ], "texture": "#seafly" },
				"up": { "uv": [ 1.25, 2.375, 1.625, 1.875 ], "texture": "#seafly" },
				"north": { "uv": [ 1.625, 0.75, 1.25, 1.125 ], "texture": "#seafly" },
				"south": { "uv": [ 1.25, 0.375, 1.625, 0.75 ], "texture": "#seafly" },
				"west": { "uv": [ 1.625, 2.5, 2.125, 2.875 ], "texture": "#seafly" },
				"east": { "uv": [ 2.625, 2.5, 2.125, 2.875 ], "texture": "#seafly" }
			}
		},
		{
			"__comment": "Voxels",
			"from": [ 14.5, -2, -5.5 ],
			"to": [ 15, -1.5, -3.5 ],
			"faces": {
				"down": { "uv": [ 1, 0, 1.125, 0.5 ], "texture": "#seafly" },
				"up": { "uv": [ 1.125, 0.5, 1.25, 0 ], "texture": "#seafly" },
				"north": { "uv": [ 4.625, 4.25, 4.5, 4.375 ], "texture": "#seafly" },
				"south": { "uv": [ 1, 2.25, 1.125, 2.375 ], "texture": "#seafly" },
				"west": { "uv": [ 4.125, 2.875, 4.625, 3 ], "texture": "#seafly" },
				"east": { "uv": [ 2.625, 1.5, 2.125, 1.625 ], "texture": "#seafly" }
			}
		}
	],
	"display": {
		"thirdperson_righthand": {
			"rotation":  [ 0, 0, 27 ],
			"translation":  [ 0, 4.1739, 7.6521 ],
			"scale":  [ 0.5, 0.5, 0.5 ]
		},
		"thirdperson_lefthand": {
			"rotation":  [ 0, 0, 27 ],
			"translation":  [ 1.3913, 4.1739, 7.6521 ],
			"scale":  [ 0.5, 0.5, 0.5 ]
		},
		"firstperson_righthand": {
			"rotation":  [ -5, -41, 0 ],
			"translation":  [ 2.7825, -1.391, -4.173 ],
			"scale":  [ 0.5, 0.5, 0.5 ]
		},
		"firstperson_lefthand": {
			"rotation":  [ -14, 7, 0 ],
			"translation":  [ 6.2608, 1.3936, 0 ],
			"scale":  [ 0.5, 0.5, 0.5 ]
		},
		"gui": {
			"translation":  [ -0.695, -0.5, 6.5 ],
			"scale":  [ 0.5, 0.5, 0.5 ]
		},
		"head": {
			"rotation":  [ 2, 0, 0 ],
			"translation":  [ -0.695, 6.2608, -3.473 ],
			"scale":  [ 0.4, 0.4, 0.4 ]
		},
		"ground": {
			"rotation":  [ -19, 0, 0 ],
			"translation":  [ 0, 9.0434, 0 ],
			"scale":  [ 0.5, 0.5, 0.5 ]
		},
		"fixed": {
			"translation":  [ -0.9, -1.495, 7.6173 ],
			"scale":  [ 0.7, 0.7, 0.7 ]
		}
	}
}