{
	"__comment": "moon",
	"textures": {
		"particle": "item/etc/chickenbong",
		"texture": "item/etc/chickenbong",
		"voxels_atlas": "item/etc/chickenbong"
	},
	"elements": [ 	 
		{
			"__comment": "Voxels",
			"from": [ 0, 7, 13 ],
			"to": [ 5, 8, 14 ],
			"faces": {
				"down": { "uv": [ 13, 14, 15.5, 14.5 ], "texture": "#voxels_atlas" },
				"up": { "uv": [ 9.5, 14, 12, 13.5 ], "texture": "#voxels_atlas" },
				"north": { "uv": [ 14.5, 13.5, 12, 14 ], "texture": "#voxels_atlas" },
				"south": { "uv": [ 9.5, 13, 12, 13.5 ], "texture": "#voxels_atlas" },
				"west": { "uv": [ 4.5, 13, 5, 13.5 ], "texture": "#voxels_atlas" },
				"east": { "uv": [ 5, 12, 4.5, 12.5 ], "texture": "#voxels_atlas" }
			}
		},
		{
			"__comment": "Voxels",
			"from": [ 0, 7, 14 ],
			"to": [ 4, 8, 15 ],
			"faces": {
				"down": { "uv": [ 9.5, 10, 11.5, 10.5 ], "texture": "#voxels_atlas" },
				"up": { "uv": [ 14, 12.5, 16, 12 ], "texture": "#voxels_atlas" },
				"north": { "uv": [ 11.5, 11.5, 9.5, 12 ], "texture": "#voxels_atlas" },
				"south": { "uv": [ 9.5, 11, 11.5, 11.5 ], "texture": "#voxels_atlas" },
				"west": { "uv": [ 4.5, 12.5, 5, 13 ], "texture": "#voxels_atlas" },
				"east": { "uv": [ 5, 8, 4.5, 8.5 ], "texture": "#voxels_atlas" }
			}
		},
		{
			"__comment": "Voxels",
			"from": [ 1, 7, 12 ],
			"to": [ 6, 8, 13 ],
			"faces": {
				"down": { "uv": [ 9.5, 12.5, 12, 13 ], "texture": "#voxels_atlas" },
				"up": { "uv": [ 12, 13.5, 14.5, 13 ], "texture": "#voxels_atlas" },
				"north": { "uv": [ 14.5, 12.5, 12, 13 ], "texture": "#voxels_atlas" },
				"south": { "uv": [ 9.5, 12, 12, 12.5 ], "texture": "#voxels_atlas" },
				"west": { "uv": [ 9, 12, 9.5, 12.5 ], "texture": "#voxels_atlas" },
				"east": { "uv": [ 9.5, 12.5, 9, 13 ], "texture": "#voxels_atlas" }
			}
		},
		{
			"__comment": "Voxels",
			"from": [ 1, 7, 15 ],
			"to": [ 3, 8, 16 ],
			"faces": {
				"down": { "uv": [ 8.5, 9, 9.5, 9.5 ], "texture": "#voxels_atlas" },
				"up": { "uv": [ 8.5, 10.5, 9.5, 10 ], "texture": "#voxels_atlas" },
				"north": { "uv": [ 15.5, 13.5, 14.5, 14 ], "texture": "#voxels_atlas" },
				"south": { "uv": [ 8.5, 10.5, 9.5, 11 ], "texture": "#voxels_atlas" },
				"west": { "uv": [ 4.5, 13.5, 5, 14 ], "texture": "#voxels_atlas" },
				"east": { "uv": [ 14.5, 11.5, 14, 12 ], "texture": "#voxels_atlas" }
			}
		},
		{
			"__comment": "Voxels",
			"from": [ 3, 7, 11 ],
			"to": [ 7, 8, 12 ],
			"faces": {
				"down": { "uv": [ 14, 14.5, 16, 15 ], "texture": "#voxels_atlas" },
				"up": { "uv": [ 9.5, 11, 11.5, 10.5 ], "texture": "#voxels_atlas" },
				"north": { "uv": [ 14, 12, 12, 12.5 ], "texture": "#voxels_atlas" },
				"south": { "uv": [ 9.5, 9.5, 11.5, 10 ], "texture": "#voxels_atlas" },
				"west": { "uv": [ 15, 13, 15.5, 13.5 ], "texture": "#voxels_atlas" },
				"east": { "uv": [ 16, 13.5, 15.5, 14 ], "texture": "#voxels_atlas" }
			}
		},
		{
			"__comment": "Voxels",
			"from": [ 4, 7, 10 ],
			"to": [ 11, 8, 11 ],
			"faces": {
				"down": { "uv": [ 9.5, 14, 13, 14.5 ], "texture": "#voxels_atlas" },
				"up": { "uv": [ 5, 11.5, 8.5, 11 ], "texture": "#voxels_atlas" },
				"north": { "uv": [ 8.5, 10, 5, 10.5 ], "texture": "#voxels_atlas" },
				"south": { "uv": [ 5, 10.5, 8.5, 11 ], "texture": "#voxels_atlas" },
				"west": { "uv": [ 15.5, 14, 16, 14.5 ], "texture": "#voxels_atlas" },
				"east": { "uv": [ 15, 12.5, 14.5, 13 ], "texture": "#voxels_atlas" }
			}
		},
		{
			"__comment": "Voxels",
			"from": [ 5, 7, 6 ],
			"to": [ 16, 8, 7 ],
			"faces": {
				"down": { "uv": [ 10.5, 15.5, 16, 16 ], "texture": "#voxels_atlas" },
				"up": { "uv": [ 5, 15.5, 10.5, 15 ], "texture": "#voxels_atlas" },
				"north": { "uv": [ 16, 15, 10.5, 15.5 ], "texture": "#voxels_atlas" },
				"south": { "uv": [ 5, 15.5, 10.5, 16 ], "texture": "#voxels_atlas" },
				"west": { "uv": [ 15.5, 13, 16, 13.5 ], "texture": "#voxels_atlas" },
				"east": { "uv": [ 15, 13, 14.5, 13.5 ], "texture": "#voxels_atlas" }
			}
		},
		{
			"__comment": "Voxels",
			"from": [ 5, 7, 7 ],
			"to": [ 15, 8, 8 ],
			"faces": {
				"down": { "uv": [ 0, 11, 5, 11.5 ], "texture": "#voxels_atlas" },
				"up": { "uv": [ 0, 11, 5, 10.5 ], "texture": "#voxels_atlas" },
				"north": { "uv": [ 5, 11.5, 0, 12 ], "texture": "#voxels_atlas" },
				"south": { "uv": [ 0, 10, 5, 10.5 ], "texture": "#voxels_atlas" },
				"west": { "uv": [ 9, 13, 9.5, 13.5 ], "texture": "#voxels_atlas" },
				"east": { "uv": [ 9.5, 11.5, 9, 12 ], "texture": "#voxels_atlas" }
			}
		},
		{
			"__comment": "Voxels",
			"from": [ 5, 7, 8 ],
			"to": [ 14, 8, 9 ],
			"faces": {
				"down": { "uv": [ 9.5, 14.5, 14, 15 ], "texture": "#voxels_atlas" },
				"up": { "uv": [ 5, 15, 9.5, 14.5 ], "texture": "#voxels_atlas" },
				"north": { "uv": [ 4.5, 8, 0, 8.5 ], "texture": "#voxels_atlas" },
				"south": { "uv": [ 0, 8.5, 4.5, 9 ], "texture": "#voxels_atlas" },
				"west": { "uv": [ 14.5, 11.5, 15, 12 ], "texture": "#voxels_atlas" },
				"east": { "uv": [ 14, 11.5, 13.5, 12 ], "texture": "#voxels_atlas" }
			}
		},
		{
			"__comment": "Voxels",
			"from": [ 5, 7, 9 ],
			"to": [ 13, 8, 10 ],
			"faces": {
				"down": { "uv": [ 5, 12, 9, 12.5 ], "texture": "#voxels_atlas" },
				"up": { "uv": [ 5, 13, 9, 12.5 ], "texture": "#voxels_atlas" },
				"north": { "uv": [ 9, 13, 5, 13.5 ], "texture": "#voxels_atlas" },
				"south": { "uv": [ 5, 11.5, 9, 12 ], "texture": "#voxels_atlas" },
				"west": { "uv": [ 4.5, 8.5, 5, 9 ], "texture": "#voxels_atlas" },
				"east": { "uv": [ 15.5, 11.5, 15, 12 ], "texture": "#voxels_atlas" }
			}
		},
		{
			"__comment": "Voxels",
			"from": [ 6, 7, 4 ],
			"to": [ 16, 8, 6 ],
			"faces": {
				"down": { "uv": [ 0, 14, 5, 15 ], "texture": "#voxels_atlas" },
				"up": { "uv": [ 0, 16, 5, 15 ], "texture": "#voxels_atlas" },
				"north": { "uv": [ 5, 9, 0, 9.5 ], "texture": "#voxels_atlas" },
				"south": { "uv": [ 0, 9.5, 5, 10 ], "texture": "#voxels_atlas" },
				"west": { "uv": [ 8.5, 11, 9.5, 11.5 ], "texture": "#voxels_atlas" },
				"east": { "uv": [ 9.5, 9.5, 8.5, 10 ], "texture": "#voxels_atlas" }
			}
		},
		{
			"__comment": "Voxels",
			"from": [ 7, 7, 2 ],
			"to": [ 16, 8, 4 ],
			"faces": {
				"down": { "uv": [ 0, 12, 4.5, 13 ], "texture": "#voxels_atlas" },
				"up": { "uv": [ 0, 14, 4.5, 13 ], "texture": "#voxels_atlas" },
				"north": { "uv": [ 9.5, 13.5, 5, 14 ], "texture": "#voxels_atlas" },
				"south": { "uv": [ 5, 14, 9.5, 14.5 ], "texture": "#voxels_atlas" },
				"west": { "uv": [ 8.5, 8.5, 9.5, 9 ], "texture": "#voxels_atlas" },
				"east": { "uv": [ 9.5, 8, 8.5, 8.5 ], "texture": "#voxels_atlas" }
			}
		},
		{
			"__comment": "Voxels",
			"from": [ 8, 7, 1 ],
			"to": [ 15, 8, 2 ],
			"faces": {
				"down": { "uv": [ 5, 9, 8.5, 9.5 ], "texture": "#voxels_atlas" },
				"up": { "uv": [ 5, 10, 8.5, 9.5 ], "texture": "#voxels_atlas" },
				"north": { "uv": [ 8.5, 8.5, 5, 9 ], "texture": "#voxels_atlas" },
				"south": { "uv": [ 5, 8, 8.5, 8.5 ], "texture": "#voxels_atlas" },
				"west": { "uv": [ 15, 12.5, 15.5, 13 ], "texture": "#voxels_atlas" },
				"east": { "uv": [ 16, 12.5, 15.5, 13 ], "texture": "#voxels_atlas" }
			}
		},
		{
			"__comment": "Voxels",
			"from": [ 10, 7, 0 ],
			"to": [ 14, 8, 1 ],
			"faces": {
				"down": { "uv": [ 9.5, 9, 11.5, 9.5 ], "texture": "#voxels_atlas" },
				"up": { "uv": [ 9.5, 9, 11.5, 8.5 ], "texture": "#voxels_atlas" },
				"north": { "uv": [ 11.5, 8, 9.5, 8.5 ], "texture": "#voxels_atlas" },
				"south": { "uv": [ 11.5, 11.5, 13.5, 12 ], "texture": "#voxels_atlas" },
				"west": { "uv": [ 15.5, 11.5, 16, 12 ], "texture": "#voxels_atlas" },
				"east": { "uv": [ 12, 11, 11.5, 11.5 ], "texture": "#voxels_atlas" }
			}
		}
	],
	"display": {
		"thirdperson_righthand": {
			"rotation":  [ 34, 0, 90 ],
			"translation":  [ 0, 2.7826, 0 ],
			"scale":  [ 0.7, 0.8, 0.8 ]
		},
		"thirdperson_lefthand": {
			"rotation":  [ -19, -2, 180 ],
			"translation":  [ -5.563, -5.562, 8.3478 ],
			"scale":  [ 0.7, 0.8, 0.8 ]
		},
		"firstperson_righthand": {
			"rotation":  [ 72, 19, 47 ],
			"translation":  [ 8.3477, 0.6956, -6.951 ]
		},
		"firstperson_lefthand": {
			"rotation":  [ 150, -53, 69 ],
			"translation":  [ 8.3477, 0.6956, -6.951 ]
		},
		"gui": {
			"rotation":  [ 90, 0, 0 ],
			"scale":  [ 0.8, 0.8, 0.8 ]
		},
		"head": {
			"rotation":  [ 0, -86, 0 ],
			"translation":  [ -2.086, -4.173, -11.12 ],
			"scale":  [ 0.7, 0.7, 0.7 ]
		},
		"ground": {
			"rotation":  [ 0, 0, 90 ],
			"translation":  [ 0, 3.4782, 0 ]
		},
		"fixed": {
			"rotation":  [ 90, 0, 0 ]
		}
	}
}