{
	"__comment": "moon",
	"textures": {
		"voxels_atlas": "item/etc/spear"
	},
	"gui_light": "front",
	"elements": [ 	 
		{
			"__comment": "Voxels",
			"from": [ 10, 7.5, 2.5 ],
			"to": [ 11.5, 8, 3.5 ],
			"faces": {
				"down": { "uv": [ 1, 14, 2.5, 15 ], "texture": "#voxels_atlas" },
				"up": { "uv": [ 2.5, 15, 4, 14 ], "texture": "#voxels_atlas" },
				"north": { "uv": [ 5.5, 14.5, 4, 15 ], "texture": "#voxels_atlas" },
				"south": { "uv": [ 4, 14, 5.5, 14.5 ], "texture": "#voxels_atlas" },
				"west": { "uv": [ 5.5, 14.5, 6.5, 15 ], "texture": "#voxels_atlas" },
				"east": { "uv": [ 6.5, 14, 5.5, 14.5 ], "texture": "#voxels_atlas" }
			}
		},
		{
			"__comment": "Voxels",
			"from": [ 10.5, 7.5, 0.5 ],
			"to": [ 11, 8, 2.5 ],
			"faces": {
				"down": { "uv": [ 0, 1.5, 0.5, 3.5 ], "texture": "#voxels_atlas" },
				"up": { "uv": [ 0.5, 3.5, 1, 1.5 ], "texture": "#voxels_atlas" },
				"north": { "uv": [ 0.5, 1, 0, 1.5 ], "texture": "#voxels_atlas" },
				"south": { "uv": [ 0, 0.5, 0.5, 1 ], "texture": "#voxels_atlas" },
				"west": { "uv": [ 13.5, 15.5, 15.5, 16 ], "texture": "#voxels_atlas" },
				"east": { "uv": [ 15.5, 15, 13.5, 15.5 ], "texture": "#voxels_atlas" }
			}
		},
		{
			"__comment": "Voxels",
			"from": [ 10.5, 7.5, 3.5 ],
			"to": [ 11, 8, 16 ],
			"faces": {
				"down": { "uv": [ 0, 3.5, 0.5, 16 ], "texture": "#voxels_atlas" },
				"up": { "uv": [ 0.5, 16, 1, 3.5 ], "texture": "#voxels_atlas" },
				"north": { "uv": [ 0.5, 0, 0, 0.5 ], "texture": "#voxels_atlas" },
				"south": { "uv": [ 0.5, 1, 1, 1.5 ], "texture": "#voxels_atlas" },
				"west": { "uv": [ 1, 15.5, 13.5, 16 ], "texture": "#voxels_atlas" },
				"east": { "uv": [ 13.5, 15, 1, 15.5 ], "texture": "#voxels_atlas" }
			}
		}
	],
	"display": {
		"thirdperson_righthand": {
			"rotation":  [ 85, 0, 141 ],
			"translation":  [ 4.1747, -1.392, -2.086 ],
			"scale":  [ 2, 2, 2 ]
		},
		"thirdperson_lefthand": {
			"rotation":  [ 180, 40, 0 ],
			"translation":  [ -2.78, -5.56, 10.43 ],
			"scale":  [ 2, 2, 2 ]
		},
		"firstperson_righthand": {
			"rotation":  [ 20, -11, -17 ],
			"translation":  [ 0.0016, 1.3919, 1.3922 ],
			"scale":  [ 2, 2, 2 ]
		},
		"firstperson_lefthand": {
			"rotation":  [ 20, -11, -17 ],
			"translation":  [ 7.6537, -2.085, 2.7834 ],
			"scale":  [ 0.0001, 0.0001, 0.0001 ]
		},
		"gui": {
			"rotation":  [ 90, -49, 0 ],
			"translation":  [ -2.782, 2.7826, 4.1739 ],
			"scale":  [ 1.5, 1.5, 1 ]
		},
		"head": {
			"rotation":  [ 90, -33, 0 ],
			"translation":  [ -4.172, -9.739, 4.8684 ],
			"scale":  [ 3, 3, 3 ]
		},
		"ground": {
			"rotation":  [ 47, 0, 0 ],
			"translation":  [ -5.559, 9.7391, -0.695 ],
			"scale":  [ 2, 2, 2 ]
		},
		"fixed": {
			"rotation":  [ 90, 46, 0 ],
			"translation":  [ -3.478, -3.477, 0 ],
			"scale":  [ 1.55, 1.5, 1.5 ]
		}
	}
}