{
	"credit": "Made with Blockbench",
	"textures": {
		"6": "item/etc/redstick"
	},
	"elements": [
		{
			"from": [6.25, 1.25, 6.25],
			"to": [9.75, 1.5, 9.75],
			"rotation": {"angle": 0, "axis": "y", "origin": [8, 8, 8]},
			"faces": {
				"north": {"uv": [13, 0, 16.5, 0.25], "texture": "#6"},
				"east": {"uv": [13, 0, 16.5, 0.25], "texture": "#6"},
				"south": {"uv": [13, 0, 16.5, 0.25], "texture": "#6"},
				"west": {"uv": [13, 0, 16.5, 0.25], "texture": "#6"},
				"up": {"uv": [8, 10, 12, 14], "texture": "#6"},
				"down": {"uv": [8, 10, 11, 13], "texture": "#6"}
			}
		},
		{
			"from": [6.5, 1.5, 6.5],
			"to": [9.5, 4.5, 9.5],
			"rotation": {"angle": 0, "axis": "y", "origin": [8, 8, 8]},
			"faces": {
				"north": {"uv": [13, 2, 16, 5], "texture": "#6"},
				"east": {"uv": [13, 2, 16, 5], "texture": "#6"},
				"south": {"uv": [13, 2, 16, 5], "texture": "#6"},
				"west": {"uv": [13, 2, 16, 5], "texture": "#6"},
				"up": {"uv": [13, 2, 16, 5], "texture": "#6"},
				"down": {"uv": [13, 2, 16, 5], "texture": "#6"}
			}
		},
		{
			"from": [6.25, 4.5, 6.25],
			"to": [9.75, 5.25, 9.75],
			"rotation": {"angle": 0, "axis": "y", "origin": [8, 8, 8]},
			"faces": {
				"north": {"uv": [13, 6, 16.5, 6.75], "texture": "#6"},
				"east": {"uv": [13, 6, 16.5, 6.75], "texture": "#6"},
				"south": {"uv": [13, 6, 16.5, 6.75], "texture": "#6"},
				"west": {"uv": [13, 6, 16.5, 6.75], "texture": "#6"},
				"up": {"uv": [7, 0, 10, 3], "texture": "#6"},
				"down": {"uv": [13, 6, 16, 7], "texture": "#6"}
			}
		},
		{
			"from": [6.325, 5.25, 6.35],
			"to": [9.65, 6, 9.65],
			"rotation": {"angle": 0, "axis": "y", "origin": [8, 8, 8]},
			"faces": {
				"north": {"uv": [13, 6, 16.325, 6.75], "texture": "#6"},
				"east": {"uv": [13, 6, 16.3, 6.75], "texture": "#6"},
				"south": {"uv": [13, 6, 16.325, 6.75], "texture": "#6"},
				"west": {"uv": [13, 6, 16.3, 6.75], "texture": "#6"},
				"up": {"uv": [13, 6, 16, 7], "texture": "#6"},
				"down": {"uv": [13, 6, 16, 7], "texture": "#6"}
			}
		},
		{
			"from": [6.425, 6, 6.475],
			"to": [9.575, 22.75, 9.55],
			"rotation": {"angle": 0, "axis": "y", "origin": [8, 8, 8]},
			"faces": {
				"north": {"uv": [0, 0, 3.15, 16], "texture": "#6"},
				"east": {"uv": [0, 0, 3.075, 16], "texture": "#6"},
				"south": {"uv": [0, 0, 3.15, 16], "texture": "#6"},
				"west": {"uv": [0, 0, 3.075, 16], "texture": "#6"},
				"up": {"uv": [0, 0, 3.15, 3.075], "texture": "#6"},
				"down": {"uv": [0, 0, 3.15, 3.075], "texture": "#6"}
			}
		}
	],
	"display": {
		"thirdperson_righthand": {
			"rotation": [-10, 15, 0],
			"translation": [0.25, 2, -1.25],
			"scale": [0.5, 0.75, 0.55]
		},
		"thirdperson_lefthand": {
			"rotation": [20, -20, 0],
			"translation": [0.25, 3.5, 1],
			"scale": [0.5, 0.75, 0.55]
		},
		"firstperson_righthand": {
			"rotation": [14, -15, 0],
			"translation": [3.5, 2, 0],
			"scale": [0.69, 0.98, 0.56]
		},
		"firstperson_lefthand": {
			"rotation": [11, 0, -1],
			"translation": [0, 4.5, 2],
			"scale": [0.69, 0.98, 0.56]
		},
		"ground": {
			"rotation": [35, -1, 0],
			"translation": [0, 2.25, 0],
			"scale": [0.5, 0.75, 0.55]
		},
		"gui": {
			"rotation": [0, 0, -45],
			"translation": [-2.5, -1.75, 0],
			"scale": [0.5, 0.75, 0.55]
		},
		"head": {
			"translation": [0, 11.5, 0],
			"scale": [0.5, 0.75, 0.55]
		},
		"fixed": {
			"rotation": [0, 0, 43],
			"translation": [1.75, -2, -4],
			"scale": [0.5, 0.75, 0.55]
		}
	},
	"groups": [
		{
			"name": "group",
			"origin": [8, 8, 8],
			"children": [0, 1, 2, 3, 4]
		}
	]
}