{
	"credit": "Made with Blockbench",
	"textures": {
		"1": "block/oak_planks",
		"2": "item/bell",
		"3": "item/bow",
		"particle": "entity/boat/oak"
	},
	"elements": [
		{
			"from": [5, 4, -1],
			"to": [11, 10, 0],
			"faces": {
				"north": {"uv": [5, 6, 11, 12], "rotation": 270, "texture": "#1"},
				"east": {"uv": [10, 7, 16, 8], "rotation": 90, "texture": "#1"},
				"south": {"uv": [5, 6, 11, 12], "texture": "#1"},
				"west": {"uv": [0, 6, 6, 7], "rotation": 90, "texture": "#1"},
				"up": {"uv": [5, 0, 6, 6], "rotation": 270, "texture": "#1"},
				"down": {"uv": [5, 10, 6, 16], "rotation": 90, "texture": "#1"}
			}
		},
		{
			"from": [5, 4, 0],
			"to": [6, 10, 9],
			"faces": {
				"north": {"uv": [10, 6, 11, 12], "texture": "#1"},
				"east": {"uv": [7, 6, 16, 12], "rotation": 180, "texture": "#1"},
				"south": {"uv": [5, 6, 6, 12], "texture": "#1"},
				"west": {"uv": [0, 6, 9, 12], "texture": "#1"},
				"up": {"uv": [5, 0, 6, 9], "texture": "#1"},
				"down": {"uv": [5, 7, 6, 16], "rotation": 180, "texture": "#1"}
			}
		},
		{
			"from": [10, 4, 0],
			"to": [11, 10, 9],
			"faces": {
				"north": {"uv": [5, 6, 6, 12], "texture": "#1"},
				"east": {"uv": [7, 6, 16, 12], "texture": "#1"},
				"south": {"uv": [10, 6, 11, 12], "texture": "#1"},
				"west": {"uv": [0, 6, 9, 12], "texture": "#1"},
				"up": {"uv": [10, 0, 11, 9], "texture": "#1"},
				"down": {"uv": [10, 7, 11, 16], "texture": "#1"}
			}
		},
		{
			"from": [6, 9, 0],
			"to": [10, 10, 9],
			"faces": {
				"north": {"uv": [6, 6, 7, 10], "rotation": 90, "texture": "#1"},
				"east": {"uv": [7, 6, 8, 15], "rotation": 270, "texture": "#1"},
				"south": {"uv": [6, 6, 7, 10], "rotation": 270, "texture": "#1"},
				"west": {"uv": [0, 6, 1, 15], "rotation": 270, "texture": "#1"},
				"up": {"uv": [6, 0, 15, 4], "rotation": 270, "texture": "#1"},
				"down": {"uv": [6, 7, 15, 11], "rotation": 270, "texture": "#1"}
			}
		},
		{
			"from": [6, 4, 0],
			"to": [10, 5, 9],
			"faces": {
				"north": {"uv": [1, 7, 5, 11], "rotation": 90, "texture": "#1"},
				"east": {"uv": [0, 0, 1, 9], "rotation": 270, "texture": "#1"},
				"south": {"uv": [0, 0, 1, 4], "rotation": 270, "texture": "#1"},
				"west": {"uv": [0, 0, 1, 9], "rotation": 270, "texture": "#1"},
				"up": {"uv": [0, 0, 9, 4], "rotation": 270, "texture": "#1"},
				"down": {"uv": [0, 0, 9, 4], "rotation": 270, "texture": "#1"}
			}
		},
		{
			"from": [0.35, 11, 3.9],
			"to": [1.35, 12, 5.9],
			"rotation": {"angle": 45, "axis": "y", "origin": [0, 0, 0]},
			"faces": {
				"north": {"uv": [13, 2, 14, 3], "texture": "#3"},
				"east": {"uv": [9, 3, 11, 4], "texture": "#3"},
				"south": {"uv": [3, 10, 4, 11], "texture": "#3"},
				"west": {"uv": [9, 3, 11, 4], "texture": "#3"},
				"up": {"uv": [3, 9, 4, 11], "texture": "#3"},
				"down": {"uv": [2, 13, 3, 15], "texture": "#3"}
			}
		},
		{
			"from": [1.35, 11, 3.9],
			"to": [2.35, 12, 5.9],
			"rotation": {"angle": 45, "axis": "y", "origin": [0, 0, 0]},
			"faces": {
				"north": {"uv": [13, 2, 14, 3], "texture": "#3"},
				"east": {"uv": [9, 3, 11, 4], "texture": "#3"},
				"south": {"uv": [3, 10, 4, 11], "texture": "#3"},
				"west": {"uv": [9, 3, 11, 4], "texture": "#3"},
				"up": {"uv": [3, 9, 4, 11], "texture": "#3"},
				"down": {"uv": [2, 13, 3, 15], "texture": "#3"}
			}
		},
		{
			"from": [-0.65, 11, 4.9],
			"to": [0.35, 12, 6.9],
			"rotation": {"angle": 45, "axis": "y", "origin": [0, 0, 0]},
			"faces": {
				"north": {"uv": [13, 2, 14, 3], "texture": "#3"},
				"east": {"uv": [9, 3, 11, 4], "texture": "#3"},
				"south": {"uv": [3, 10, 4, 11], "texture": "#3"},
				"west": {"uv": [9, 3, 11, 4], "texture": "#3"},
				"up": {"uv": [3, 9, 4, 11], "texture": "#3"},
				"down": {"uv": [2, 13, 3, 15], "texture": "#3"}
			}
		},
		{
			"from": [-1.65, 11, 4.9],
			"to": [-0.65, 12, 6.9],
			"rotation": {"angle": 45, "axis": "y", "origin": [0, 0, 0]},
			"faces": {
				"north": {"uv": [13, 2, 14, 3], "texture": "#3"},
				"east": {"uv": [9, 3, 11, 4], "texture": "#3"},
				"south": {"uv": [3, 10, 4, 11], "texture": "#3"},
				"west": {"uv": [9, 3, 11, 4], "texture": "#3"},
				"up": {"uv": [3, 9, 4, 11], "texture": "#3"},
				"down": {"uv": [2, 13, 3, 15], "texture": "#3"}
			}
		},
		{
			"from": [-2.65, 11, 4.9],
			"to": [-1.65, 12, 6.9],
			"rotation": {"angle": 45, "axis": "y", "origin": [0, 0, 0]},
			"faces": {
				"north": {"uv": [13, 2, 14, 3], "texture": "#3"},
				"east": {"uv": [9, 3, 11, 4], "texture": "#3"},
				"south": {"uv": [3, 10, 4, 11], "texture": "#3"},
				"west": {"uv": [9, 3, 11, 4], "texture": "#3"},
				"up": {"uv": [3, 9, 4, 11], "texture": "#3"},
				"down": {"uv": [2, 13, 3, 15], "texture": "#3"}
			}
		},
		{
			"from": [2.35, 11, 3.9],
			"to": [3.35, 12, 5.9],
			"rotation": {"angle": 45, "axis": "y", "origin": [0, 0, 0]},
			"faces": {
				"north": {"uv": [13, 2, 14, 3], "texture": "#3"},
				"east": {"uv": [9, 3, 11, 4], "texture": "#3"},
				"south": {"uv": [3, 10, 4, 11], "texture": "#3"},
				"west": {"uv": [9, 3, 11, 4], "texture": "#3"},
				"up": {"uv": [3, 9, 4, 11], "texture": "#3"},
				"down": {"uv": [2, 13, 3, 15], "texture": "#3"}
			}
		},
		{
			"from": [3.35, 11, 3.9],
			"to": [4.35, 12, 5.9],
			"rotation": {"angle": 45, "axis": "y", "origin": [0, 0, 0]},
			"faces": {
				"north": {"uv": [13, 2, 14, 3], "texture": "#3"},
				"east": {"uv": [9, 3, 11, 4], "texture": "#3"},
				"south": {"uv": [3, 10, 4, 11], "texture": "#3"},
				"west": {"uv": [9, 3, 11, 4], "texture": "#3"},
				"up": {"uv": [3, 9, 4, 11], "texture": "#3"},
				"down": {"uv": [2, 13, 3, 15], "texture": "#3"}
			}
		},
		{
			"from": [4.35, 11, 4.9],
			"to": [5.35, 12, 6.9],
			"rotation": {"angle": 45, "axis": "y", "origin": [0, 0, 0]},
			"faces": {
				"north": {"uv": [6, 5, 7, 6], "texture": "#3"},
				"east": {"uv": [5, 6, 7, 7], "texture": "#3"},
				"south": {"uv": [6, 6, 7, 7], "texture": "#3"},
				"west": {"uv": [6, 5, 8, 6], "texture": "#3"},
				"up": {"uv": [6, 4, 7, 6], "texture": "#3"},
				"down": {"uv": [5, 5, 6, 7], "texture": "#3"}
			}
		},
		{
			"from": [5.35, 11, 5.9],
			"to": [6.35, 12, 6.9],
			"rotation": {"angle": 45, "axis": "y", "origin": [0, 0, 0]},
			"faces": {
				"north": {"uv": [6, 6, 7, 7], "texture": "#3"},
				"east": {"uv": [6, 6, 7, 7], "texture": "#3"},
				"south": {"uv": [6, 6, 7, 7], "texture": "#3"},
				"west": {"uv": [6, 6, 7, 7], "texture": "#3"},
				"up": {"uv": [6, 6, 7, 7], "texture": "#3"},
				"down": {"uv": [6, 6, 7, 7], "texture": "#3"}
			}
		},
		{
			"from": [-3.65, 11, 5.9],
			"to": [-2.65, 12, 7.9],
			"rotation": {"angle": 45, "axis": "y", "origin": [0, 0, 0]},
			"faces": {
				"north": {"uv": [13, 2, 14, 3], "texture": "#3"},
				"east": {"uv": [9, 3, 11, 4], "texture": "#3"},
				"south": {"uv": [3, 10, 4, 11], "texture": "#3"},
				"west": {"uv": [9, 3, 11, 4], "texture": "#3"},
				"up": {"uv": [3, 9, 4, 11], "texture": "#3"},
				"down": {"uv": [2, 13, 3, 15], "texture": "#3"}
			}
		},
		{
			"from": [5.35, 11, 6.9],
			"to": [7.35, 12, 7.9],
			"rotation": {"angle": 45, "axis": "y", "origin": [0, 0, 0]},
			"faces": {
				"north": {"uv": [13, 2, 15, 3], "texture": "#3"},
				"east": {"uv": [9, 3, 10, 4], "texture": "#3"},
				"south": {"uv": [3, 10, 5, 11], "texture": "#3"},
				"west": {"uv": [9, 3, 10, 4], "texture": "#3"},
				"up": {"uv": [3, 9, 5, 10], "texture": "#3"},
				"down": {"uv": [2, 13, 4, 14], "texture": "#3"}
			}
		},
		{
			"from": [-1.65, 11, 10.9],
			"to": [-0.65, 12, 11.9],
			"rotation": {"angle": 45, "axis": "y", "origin": [0, 0, 0]},
			"faces": {
				"north": {"uv": [7, 5, 8, 6], "texture": "#3"},
				"east": {"uv": [6, 6, 7, 7], "texture": "#3"},
				"south": {"uv": [5, 6, 6, 7], "texture": "#3"},
				"west": {"uv": [6, 6, 7, 7], "texture": "#3"},
				"up": {"uv": [5, 6, 6, 7], "texture": "#3"},
				"down": {"uv": [5, 6, 6, 7], "texture": "#3"}
			}
		},
		{
			"from": [-0.65, 11, 11.9],
			"to": [0.35, 12, 12.9],
			"rotation": {"angle": 45, "axis": "y", "origin": [0, 0, 0]},
			"faces": {
				"north": {"uv": [7, 5, 8, 6], "texture": "#3"},
				"east": {"uv": [6, 6, 7, 7], "texture": "#3"},
				"south": {"uv": [5, 6, 6, 7], "texture": "#3"},
				"west": {"uv": [6, 6, 7, 7], "texture": "#3"},
				"up": {"uv": [5, 6, 6, 7], "texture": "#3"},
				"down": {"uv": [5, 6, 6, 7], "texture": "#3"}
			}
		},
		{
			"from": [-2.65, 11, 6.9],
			"to": [-1.65, 12, 7.9],
			"rotation": {"angle": 45, "axis": "y", "origin": [0, 0, 0]},
			"faces": {
				"north": {"uv": [7, 5, 8, 6], "texture": "#3"},
				"east": {"uv": [6, 6, 7, 7], "texture": "#3"},
				"south": {"uv": [5, 6, 6, 7], "texture": "#3"},
				"west": {"uv": [6, 6, 7, 7], "texture": "#3"},
				"up": {"uv": [5, 6, 6, 7], "texture": "#3"},
				"down": {"uv": [5, 6, 6, 7], "texture": "#3"}
			}
		},
		{
			"from": [-2.65, 11, 8.9],
			"to": [-1.65, 12, 9.9],
			"rotation": {"angle": 45, "axis": "y", "origin": [0, 0, 0]},
			"faces": {
				"north": {"uv": [7, 5, 8, 6], "texture": "#3"},
				"east": {"uv": [6, 6, 7, 7], "texture": "#3"},
				"south": {"uv": [5, 6, 6, 7], "texture": "#3"},
				"west": {"uv": [6, 6, 7, 7], "texture": "#3"},
				"up": {"uv": [5, 6, 6, 7], "texture": "#3"},
				"down": {"uv": [5, 6, 6, 7], "texture": "#3"}
			}
		},
		{
			"from": [-2.65, 11, 9.9],
			"to": [-1.65, 12, 10.9],
			"rotation": {"angle": 45, "axis": "y", "origin": [0, 0, 0]},
			"faces": {
				"north": {"uv": [7, 5, 8, 6], "texture": "#3"},
				"east": {"uv": [6, 6, 7, 7], "texture": "#3"},
				"south": {"uv": [5, 6, 6, 7], "texture": "#3"},
				"west": {"uv": [6, 6, 7, 7], "texture": "#3"},
				"up": {"uv": [5, 6, 6, 7], "texture": "#3"},
				"down": {"uv": [5, 6, 6, 7], "texture": "#3"}
			}
		},
		{
			"from": [1.35, 11, 12.9],
			"to": [2.35, 12, 13.9],
			"rotation": {"angle": 45, "axis": "y", "origin": [0, 0, 0]},
			"faces": {
				"north": {"uv": [7, 5, 8, 6], "texture": "#3"},
				"east": {"uv": [6, 6, 7, 7], "texture": "#3"},
				"south": {"uv": [5, 6, 6, 7], "texture": "#3"},
				"west": {"uv": [6, 6, 7, 7], "texture": "#3"},
				"up": {"uv": [5, 6, 6, 7], "texture": "#3"},
				"down": {"uv": [5, 6, 6, 7], "texture": "#3"}
			}
		},
		{
			"from": [2.35, 11, 12.9],
			"to": [3.35, 12, 13.9],
			"rotation": {"angle": 45, "axis": "y", "origin": [0, 0, 0]},
			"faces": {
				"north": {"uv": [7, 5, 8, 6], "texture": "#3"},
				"east": {"uv": [6, 6, 7, 7], "texture": "#3"},
				"south": {"uv": [5, 6, 6, 7], "texture": "#3"},
				"west": {"uv": [6, 6, 7, 7], "texture": "#3"},
				"up": {"uv": [5, 6, 6, 7], "texture": "#3"},
				"down": {"uv": [5, 6, 6, 7], "texture": "#3"}
			}
		},
		{
			"from": [3.35, 11, 12.9],
			"to": [4.35, 12, 13.9],
			"rotation": {"angle": 45, "axis": "y", "origin": [0, 0, 0]},
			"faces": {
				"north": {"uv": [7, 5, 8, 6], "texture": "#3"},
				"east": {"uv": [6, 6, 7, 7], "texture": "#3"},
				"south": {"uv": [5, 6, 6, 7], "texture": "#3"},
				"west": {"uv": [6, 6, 7, 7], "texture": "#3"},
				"up": {"uv": [5, 6, 6, 7], "texture": "#3"},
				"down": {"uv": [5, 6, 6, 7], "texture": "#3"}
			}
		},
		{
			"from": [0.35, 11, 12.9],
			"to": [1.35, 12, 13.9],
			"rotation": {"angle": 45, "axis": "y", "origin": [0, 0, 0]},
			"faces": {
				"north": {"uv": [7, 5, 8, 6], "texture": "#3"},
				"east": {"uv": [6, 6, 7, 7], "texture": "#3"},
				"south": {"uv": [5, 6, 6, 7], "texture": "#3"},
				"west": {"uv": [6, 6, 7, 7], "texture": "#3"},
				"up": {"uv": [5, 6, 6, 7], "texture": "#3"},
				"down": {"uv": [5, 6, 6, 7], "texture": "#3"}
			}
		},
		{
			"from": [5.35, 11, 7.9],
			"to": [7.35, 12, 8.9],
			"rotation": {"angle": 45, "axis": "y", "origin": [0, 0, 0]},
			"faces": {
				"north": {"uv": [13, 2, 15, 3], "texture": "#3"},
				"east": {"uv": [9, 3, 10, 4], "texture": "#3"},
				"south": {"uv": [3, 10, 5, 11], "texture": "#3"},
				"west": {"uv": [9, 3, 10, 4], "texture": "#3"},
				"up": {"uv": [2, 10, 4, 11], "texture": "#3"},
				"down": {"uv": [2, 13, 4, 14], "texture": "#3"}
			}
		},
		{
			"from": [5.35, 11, 8.9],
			"to": [7.35, 12, 9.9],
			"rotation": {"angle": 45, "axis": "y", "origin": [0, 0, 0]},
			"faces": {
				"north": {"uv": [13, 2, 15, 3], "texture": "#3"},
				"east": {"uv": [9, 3, 10, 4], "texture": "#3"},
				"south": {"uv": [3, 10, 5, 11], "texture": "#3"},
				"west": {"uv": [9, 3, 10, 4], "texture": "#3"},
				"up": {"uv": [1, 11, 3, 12], "texture": "#3"},
				"down": {"uv": [2, 13, 4, 14], "texture": "#3"}
			}
		},
		{
			"from": [5.35, 11, 9.9],
			"to": [7.35, 12, 10.9],
			"rotation": {"angle": 45, "axis": "y", "origin": [0, 0, 0]},
			"faces": {
				"north": {"uv": [13, 2, 15, 3], "texture": "#3"},
				"east": {"uv": [9, 3, 10, 4], "texture": "#3"},
				"south": {"uv": [3, 10, 5, 11], "texture": "#3"},
				"west": {"uv": [9, 3, 10, 4], "texture": "#3"},
				"up": {"uv": [1, 11, 3, 12], "texture": "#3"},
				"down": {"uv": [2, 13, 4, 14], "texture": "#3"}
			}
		},
		{
			"from": [4.35, 11, 10.9],
			"to": [6.35, 12, 11.9],
			"rotation": {"angle": 45, "axis": "y", "origin": [0, 0, 0]},
			"faces": {
				"north": {"uv": [13, 2, 15, 3], "texture": "#3"},
				"east": {"uv": [9, 3, 10, 4], "texture": "#3"},
				"south": {"uv": [3, 10, 5, 11], "texture": "#3"},
				"west": {"uv": [9, 3, 10, 4], "texture": "#3"},
				"up": {"uv": [3, 9, 5, 10], "texture": "#3"},
				"down": {"uv": [2, 13, 4, 14], "texture": "#3"}
			}
		},
		{
			"from": [4.35, 11, 11.9],
			"to": [6.35, 12, 12.9],
			"rotation": {"angle": 45, "axis": "y", "origin": [0, 0, 0]},
			"faces": {
				"north": {"uv": [13, 2, 15, 3], "texture": "#3"},
				"east": {"uv": [9, 3, 10, 4], "texture": "#3"},
				"south": {"uv": [2, 10, 4, 11], "texture": "#3"},
				"west": {"uv": [9, 3, 10, 4], "texture": "#3"},
				"up": {"uv": [3, 9, 5, 10], "texture": "#3"},
				"down": {"uv": [2, 13, 4, 14], "texture": "#3"}
			}
		},
		{
			"from": [4.35, 11, 12.9],
			"to": [6.35, 12, 13.9],
			"rotation": {"angle": 45, "axis": "y", "origin": [0, 0, 0]},
			"faces": {
				"north": {"uv": [13, 2, 15, 3], "texture": "#3"},
				"east": {"uv": [9, 3, 10, 4], "texture": "#3"},
				"south": {"uv": [3, 10, 5, 11], "texture": "#3"},
				"west": {"uv": [9, 3, 10, 4], "texture": "#3"},
				"up": {"uv": [3, 9, 5, 10], "texture": "#3"},
				"down": {"uv": [2, 13, 4, 14], "texture": "#3"}
			}
		},
		{
			"from": [3.35, 11, 13.9],
			"to": [5.35, 12, 14.9],
			"rotation": {"angle": 45, "axis": "y", "origin": [0, 0, 0]},
			"faces": {
				"north": {"uv": [13, 2, 15, 3], "texture": "#3"},
				"east": {"uv": [9, 3, 10, 4], "texture": "#3"},
				"south": {"uv": [2, 10, 4, 11], "texture": "#3"},
				"west": {"uv": [9, 3, 10, 4], "texture": "#3"},
				"up": {"uv": [3, 9, 5, 10], "texture": "#3"},
				"down": {"uv": [2, 13, 4, 14], "texture": "#3"}
			}
		},
		{
			"from": [-2.65, 11, 7.9],
			"to": [-1.65, 12, 8.9],
			"rotation": {"angle": 45, "axis": "y", "origin": [0, 0, 0]},
			"faces": {
				"north": {"uv": [5, 7, 6, 8], "texture": "#3"},
				"east": {"uv": [5, 7, 6, 8], "texture": "#3"},
				"south": {"uv": [6, 6, 7, 7], "texture": "#3"},
				"west": {"uv": [6, 6, 7, 7], "texture": "#3"},
				"up": {"uv": [5, 6, 6, 7], "texture": "#3"},
				"down": {"uv": [5, 7, 6, 8], "texture": "#3"}
			}
		},
		{
			"name": "Shack",
			"from": [7, 10, 0],
			"to": [9, 11, 9],
			"faces": {
				"north": {"uv": [7, 2, 9, 3], "texture": "#2"},
				"east": {"uv": [2, 1, 10, 2], "rotation": 180, "texture": "#2"},
				"south": {"uv": [2, 2, 4, 3], "texture": "#2"},
				"west": {"uv": [2, 1, 10, 2], "texture": "#2"},
				"up": {"uv": [2, 1, 10, 3], "rotation": 90, "texture": "#2"},
				"down": {"uv": [2, 1, 10, 3], "rotation": 90, "texture": "#2"}
			}
		}
	],
	"display": {
		"thirdperson_righthand": {
			"translation": [0, -1.25, 6],
			"scale": [0.76, 0.76, 0.76]
		},
		"thirdperson_lefthand": {
			"translation": [0, -1.25, 6],
			"scale": [0.76, 0.76, 0.76]
		},
		"firstperson_righthand": {
			"translation": [0, -2, 0]
		},
		"firstperson_lefthand": {
			"translation": [0, -2, 0]
		},
		"ground": {
			"translation": [0, 0, 3.5]
		},
		"gui": {
			"rotation": [90, -45, 0],
			"translation": [-2.25, -2.75, 0]
		},
		"head": {
			"rotation": [90, 0, 0],
			"translation": [0, -4, 2.5],
			"scale": [2.58, 2.58, 2.58]
		},
		"fixed": {
			"rotation": [-90, 135, 0],
			"translation": [2.25, -2.5, 0]
		}
	},
	"groups": [
		{
			"name": "Arm Brace",
			"origin": [8, 8, 8],
			"color": 0,
			"children": [0, 1, 2, 3, 4]
		},
		{
			"name": "Bow",
			"origin": [8, 8, 8],
			"color": 0,
			"children": [5, 6, 7, 8, 9, 10, 11, 12, 13, 14, 15, 16, 17, 18, 19, 20, 21, 22, 23, 24, 25, 26, 27, 28, 29, 30, 31, 32]
		}, 33]
}