{
	"__comment": "haru_711",
	"textures": {
		"particle": "item/fish/goldfish",
		"goldfish": "item/fish/goldfish"
	},
	"gui_light": "front",
	"elements": [ 	 
		{
			"__comment": "Voxels",
			"from": [ 2, 7.5, -3 ],
			"to": [ 19, 8.5, -1.5 ],
			"faces": {
				"down": { "uv": [ 0, 15.625, 4.25, 16 ], "texture": "#goldfish" },
				"up": { "uv": [ 0, 15.625, 4.25, 15.25 ], "texture": "#goldfish" },
				"north": { "uv": [ 4.25, 9.75, 0, 10 ], "texture": "#goldfish" },
				"south": { "uv": [ 0, 9.5, 4.25, 9.75 ], "texture": "#goldfish" },
				"west": { "uv": [ 7.75, 10, 8.125, 10.25 ], "texture": "#goldfish" },
				"east": { "uv": [ 8.125, 9.75, 7.75, 10 ], "texture": "#goldfish" }
			}
		},
		{
			"__comment": "Voxels",
			"from": [ 2.5, 6.5, -3 ],
			"to": [ 18, 7.5, -1.5 ],
			"faces": {
				"down": { "uv": [ 0, 11.125, 3.875, 11.5 ], "texture": "#goldfish" },
				"up": { "uv": [ 0, 11.125, 3.875, 10.75 ], "texture": "#goldfish" },
				"north": { "uv": [ 8.125, 15.5, 4.25, 15.75 ], "texture": "#goldfish" },
				"south": { "uv": [ 4.25, 15.75, 8.125, 16 ], "texture": "#goldfish" },
				"west": { "uv": [ 5.875, 8, 6.25, 8.25 ], "texture": "#goldfish" },
				"east": { "uv": [ 8.5, 13.375, 8.125, 13.625 ], "texture": "#goldfish" }
			}
		},
		{
			"__comment": "Voxels",
			"from": [ 2.5, 8.5, -3 ],
			"to": [ 19, 9, -1.5 ],
			"faces": {
				"down": { "uv": [ 0, 14.125, 4.125, 14.5 ], "texture": "#goldfish" },
				"up": { "uv": [ 0, 14.125, 4.125, 13.75 ], "texture": "#goldfish" },
				"north": { "uv": [ 12.25, 15.875, 8.125, 16 ], "texture": "#goldfish" },
				"south": { "uv": [ 8.125, 15.625, 12.25, 15.75 ], "texture": "#goldfish" },
				"west": { "uv": [ 8.125, 11.875, 8.5, 12 ], "texture": "#goldfish" },
				"east": { "uv": [ 8.5, 11.75, 8.125, 11.875 ], "texture": "#goldfish" }
			}
		},
		{
			"__comment": "Voxels",
			"from": [ 3, 6, -3 ],
			"to": [ 17.5, 6.5, -1.5 ],
			"faces": {
				"down": { "uv": [ 0, 10.375, 3.625, 10.75 ], "texture": "#goldfish" },
				"up": { "uv": [ 0, 10.375, 3.625, 10 ], "texture": "#goldfish" },
				"north": { "uv": [ 7.875, 10.625, 4.25, 10.75 ], "texture": "#goldfish" },
				"south": { "uv": [ 4.25, 10.5, 7.875, 10.625 ], "texture": "#goldfish" },
				"west": { "uv": [ 8.125, 11.625, 8.5, 11.75 ], "texture": "#goldfish" },
				"east": { "uv": [ 8.5, 11.25, 8.125, 11.375 ], "texture": "#goldfish" }
			}
		},
		{
			"__comment": "Voxels",
			"from": [ 3, 9, -3 ],
			"to": [ 19.5, 9.5, -1.5 ],
			"faces": {
				"down": { "uv": [ 0, 14.875, 4.125, 15.25 ], "texture": "#goldfish" },
				"up": { "uv": [ 0, 14.875, 4.125, 14.5 ], "texture": "#goldfish" },
				"north": { "uv": [ 12.25, 15.75, 8.125, 15.875 ], "texture": "#goldfish" },
				"south": { "uv": [ 8.125, 15.5, 12.25, 15.625 ], "texture": "#goldfish" },
				"west": { "uv": [ 8.125, 10.5, 8.5, 10.625 ], "texture": "#goldfish" },
				"east": { "uv": [ 8.5, 9.75, 8.125, 9.875 ], "texture": "#goldfish" }
			}
		},
		{
			"__comment": "Voxels",
			"from": [ 3.5, 4.5, -3 ],
			"to": [ 14, 6, -1.5 ],
			"faces": {
				"down": { "uv": [ 0, 8.75, 2.625, 9.125 ], "texture": "#goldfish" },
				"up": { "uv": [ 0, 8.75, 2.625, 8.375 ], "texture": "#goldfish" },
				"north": { "uv": [ 2.625, 8, 0, 8.375 ], "texture": "#goldfish" },
				"south": { "uv": [ 0, 9.125, 2.625, 9.5 ], "texture": "#goldfish" },
				"west": { "uv": [ 3.875, 11.5, 4.25, 11.875 ], "texture": "#goldfish" },
				"east": { "uv": [ 4.25, 11.125, 3.875, 11.5 ], "texture": "#goldfish" }
			}
		},
		{
			"__comment": "Voxels",
			"from": [ 3.5, 9.5, -3 ],
			"to": [ 19.5, 10, -1.5 ],
			"faces": {
				"down": { "uv": [ 0, 12.25, 4, 12.625 ], "texture": "#goldfish" },
				"up": { "uv": [ 0, 13, 4, 12.625 ], "texture": "#goldfish" },
				"north": { "uv": [ 12.125, 15.125, 8.125, 15.25 ], "texture": "#goldfish" },
				"south": { "uv": [ 8.125, 15.25, 12.125, 15.375 ], "texture": "#goldfish" },
				"west": { "uv": [ 8.125, 9.625, 8.5, 9.75 ], "texture": "#goldfish" },
				"east": { "uv": [ 8.5, 9.25, 8.125, 9.375 ], "texture": "#goldfish" }
			}
		},
		{
			"__comment": "Voxels",
			"from": [ 4, 4, -3 ],
			"to": [ 13.5, 4.5, -1.5 ],
			"faces": {
				"down": { "uv": [ 4.25, 15.125, 6.625, 15.5 ], "texture": "#goldfish" },
				"up": { "uv": [ 4.25, 15.125, 6.625, 14.75 ], "texture": "#goldfish" },
				"north": { "uv": [ 14.625, 15.875, 12.25, 16 ], "texture": "#goldfish" },
				"south": { "uv": [ 12.25, 15.75, 14.625, 15.875 ], "texture": "#goldfish" },
				"west": { "uv": [ 8.125, 8.125, 8.5, 8.25 ], "texture": "#goldfish" },
				"east": { "uv": [ 9, 13.375, 8.625, 13.5 ], "texture": "#goldfish" }
			}
		},
		{
			"__comment": "Voxels",
			"from": [ 4, 10, -3 ],
			"to": [ 20, 10.5, -1.5 ],
			"faces": {
				"down": { "uv": [ 0, 13.375, 4, 13.75 ], "texture": "#goldfish" },
				"up": { "uv": [ 0, 13.375, 4, 13 ], "texture": "#goldfish" },
				"north": { "uv": [ 12.125, 15, 8.125, 15.125 ], "texture": "#goldfish" },
				"south": { "uv": [ 8.125, 15.375, 12.125, 15.5 ], "texture": "#goldfish" },
				"west": { "uv": [ 8.625, 13.5, 9, 13.625 ], "texture": "#goldfish" },
				"east": { "uv": [ 9, 14.5, 8.625, 14.625 ], "texture": "#goldfish" }
			}
		},
		{
			"__comment": "Voxels",
			"from": [ 4.5, 3.5, -3 ],
			"to": [ 12.5, 4, -1.5 ],
			"faces": {
				"down": { "uv": [ 4.25, 14, 6.25, 14.375 ], "texture": "#goldfish" },
				"up": { "uv": [ 4.25, 14.75, 6.25, 14.375 ], "texture": "#goldfish" },
				"north": { "uv": [ 14.25, 15.625, 12.25, 15.75 ], "texture": "#goldfish" },
				"south": { "uv": [ 12.125, 15.375, 14.125, 15.5 ], "texture": "#goldfish" },
				"west": { "uv": [ 8.625, 14.625, 9, 14.75 ], "texture": "#goldfish" },
				"east": { "uv": [ 8.5, 8.375, 8.125, 8.5 ], "texture": "#goldfish" }
			}
		},
		{
			"__comment": "Voxels",
			"from": [ 4.5, 10.5, -3 ],
			"to": [ 20, 11, -1.5 ],
			"faces": {
				"down": { "uv": [ 0, 11.5, 3.875, 11.875 ], "texture": "#goldfish" },
				"up": { "uv": [ 0, 12.25, 3.875, 11.875 ], "texture": "#goldfish" },
				"north": { "uv": [ 8.125, 10.75, 4.25, 10.875 ], "texture": "#goldfish" },
				"south": { "uv": [ 4.25, 10.875, 8.125, 11 ], "texture": "#goldfish" },
				"west": { "uv": [ 8.125, 8.5, 8.5, 8.625 ], "texture": "#goldfish" },
				"east": { "uv": [ 8.5, 9.875, 8.125, 10 ], "texture": "#goldfish" }
			}
		},
		{
			"__comment": "Voxels",
			"from": [ 5, 11, -3 ],
			"to": [ 13, 11.5, -1.5 ],
			"faces": {
				"down": { "uv": [ 4.25, 13.25, 6.25, 13.625 ], "texture": "#goldfish" },
				"up": { "uv": [ 4.25, 14, 6.25, 13.625 ], "texture": "#goldfish" },
				"north": { "uv": [ 14.25, 15.5, 12.25, 15.625 ], "texture": "#goldfish" },
				"south": { "uv": [ 12.125, 15.25, 14.125, 15.375 ], "texture": "#goldfish" },
				"west": { "uv": [ 8.125, 10, 8.5, 10.125 ], "texture": "#goldfish" },
				"east": { "uv": [ 8.5, 10.625, 8.125, 10.75 ], "texture": "#goldfish" }
			}
		},
		{
			"__comment": "Voxels",
			"from": [ 5.5, 11.5, -3 ],
			"to": [ 13, 12, -1.5 ],
			"faces": {
				"down": { "uv": [ 6.25, 14, 8.125, 14.375 ], "texture": "#goldfish" },
				"up": { "uv": [ 6.25, 14.75, 8.125, 14.375 ], "texture": "#goldfish" },
				"north": { "uv": [ 8.125, 9.25, 6.25, 9.375 ], "texture": "#goldfish" },
				"south": { "uv": [ 6.25, 9.125, 8.125, 9.25 ], "texture": "#goldfish" },
				"west": { "uv": [ 8.125, 10.75, 8.5, 10.875 ], "texture": "#goldfish" },
				"east": { "uv": [ 8.5, 11.375, 8.125, 11.5 ], "texture": "#goldfish" }
			}
		},
		{
			"__comment": "Voxels",
			"from": [ 6, 12, -3 ],
			"to": [ 13, 12.5, -1.5 ],
			"faces": {
				"down": { "uv": [ 6.25, 13.25, 8, 13.625 ], "texture": "#goldfish" },
				"up": { "uv": [ 6, 12.875, 7.75, 12.5 ], "texture": "#goldfish" },
				"north": { "uv": [ 8, 8.75, 6.25, 8.875 ], "texture": "#goldfish" },
				"south": { "uv": [ 6.25, 8.625, 8, 8.75 ], "texture": "#goldfish" },
				"west": { "uv": [ 8.125, 11.5, 8.5, 11.625 ], "texture": "#goldfish" },
				"east": { "uv": [ 8.5, 10.375, 8.125, 10.5 ], "texture": "#goldfish" }
			}
		},
		{
			"__comment": "Voxels",
			"from": [ 6.5, 3, -3 ],
			"to": [ 13, 3.5, -1.5 ],
			"faces": {
				"down": { "uv": [ 2.625, 8.75, 4.25, 9.125 ], "texture": "#goldfish" },
				"up": { "uv": [ 5.875, 12.5, 7.5, 12.125 ], "texture": "#goldfish" },
				"north": { "uv": [ 7.875, 8.5, 6.25, 8.625 ], "texture": "#goldfish" },
				"south": { "uv": [ 6.25, 8.125, 7.875, 8.25 ], "texture": "#goldfish" },
				"west": { "uv": [ 8.125, 12.25, 8.5, 12.375 ], "texture": "#goldfish" },
				"east": { "uv": [ 8.5, 12.375, 8.125, 12.5 ], "texture": "#goldfish" }
			}
		},
		{
			"__comment": "Voxels",
			"from": [ 6.5, 12.5, -3 ],
			"to": [ 13, 13, -1.5 ],
			"faces": {
				"down": { "uv": [ 2.625, 9.125, 4.25, 9.5 ], "texture": "#goldfish" },
				"up": { "uv": [ 2.625, 8.375, 4.25, 8 ], "texture": "#goldfish" },
				"north": { "uv": [ 7.875, 8.25, 6.25, 8.375 ], "texture": "#goldfish" },
				"south": { "uv": [ 6.25, 8.375, 7.875, 8.5 ], "texture": "#goldfish" },
				"west": { "uv": [ 8.625, 13.125, 9, 13.25 ], "texture": "#goldfish" },
				"east": { "uv": [ 9, 14.375, 8.625, 14.5 ], "texture": "#goldfish" }
			}
		},
		{
			"__comment": "Voxels",
			"from": [ 7, 13, -3 ],
			"to": [ 13, 14, -1.5 ],
			"faces": {
				"down": { "uv": [ 6.625, 15.125, 8.125, 15.5 ], "texture": "#goldfish" },
				"up": { "uv": [ 6.625, 15.125, 8.125, 14.75 ], "texture": "#goldfish" },
				"north": { "uv": [ 6.875, 9.75, 5.375, 10 ], "texture": "#goldfish" },
				"south": { "uv": [ 5.375, 10, 6.875, 10.25 ], "texture": "#goldfish" },
				"west": { "uv": [ 7.75, 13, 8.125, 13.25 ], "texture": "#goldfish" },
				"east": { "uv": [ 8.125, 10.25, 7.75, 10.5 ], "texture": "#goldfish" }
			}
		},
		{
			"__comment": "Voxels",
			"from": [ 7.5, 2.5, -3 ],
			"to": [ 13, 3, -1.5 ],
			"faces": {
				"down": { "uv": [ 5.625, 11, 7, 11.375 ], "texture": "#goldfish" },
				"up": { "uv": [ 4.25, 11.375, 5.625, 11 ], "texture": "#goldfish" },
				"north": { "uv": [ 16, 15.75, 14.625, 15.875 ], "texture": "#goldfish" },
				"south": { "uv": [ 14.25, 15.5, 15.625, 15.625 ], "texture": "#goldfish" },
				"west": { "uv": [ 8.125, 9, 8.5, 9.125 ], "texture": "#goldfish" },
				"east": { "uv": [ 8.5, 12, 8.125, 12.125 ], "texture": "#goldfish" }
			}
		},
		{
			"__comment": "Voxels",
			"from": [ 7.5, 14, -3 ],
			"to": [ 13, 14.5, -1.5 ],
			"faces": {
				"down": { "uv": [ 5.625, 11.375, 7, 11.75 ], "texture": "#goldfish" },
				"up": { "uv": [ 5.625, 12.125, 7, 11.75 ], "texture": "#goldfish" },
				"north": { "uv": [ 16, 15.875, 14.625, 16 ], "texture": "#goldfish" },
				"south": { "uv": [ 14.125, 15.25, 15.5, 15.375 ], "texture": "#goldfish" },
				"west": { "uv": [ 8.125, 11.125, 8.5, 11.25 ], "texture": "#goldfish" },
				"east": { "uv": [ 8.5, 9.125, 8.125, 9.25 ], "texture": "#goldfish" }
			}
		},
		{
			"__comment": "Voxels",
			"from": [ 8, 14.5, -3 ],
			"to": [ 12.5, 15, -1.5 ],
			"faces": {
				"down": { "uv": [ 4.25, 9.5, 5.375, 9.875 ], "texture": "#goldfish" },
				"up": { "uv": [ 4.25, 10.25, 5.375, 9.875 ], "texture": "#goldfish" },
				"north": { "uv": [ 14.625, 15.125, 13.5, 15.25 ], "texture": "#goldfish" },
				"south": { "uv": [ 14.625, 15.125, 15.75, 15.25 ], "texture": "#goldfish" },
				"west": { "uv": [ 8.125, 8.875, 8.5, 9 ], "texture": "#goldfish" },
				"east": { "uv": [ 8.5, 8.75, 8.125, 8.875 ], "texture": "#goldfish" }
			}
		},
		{
			"__comment": "Voxels",
			"from": [ 8.5, 2, -3 ],
			"to": [ 13, 2.5, -1.5 ],
			"faces": {
				"down": { "uv": [ 7, 11, 8.125, 11.375 ], "texture": "#goldfish" },
				"up": { "uv": [ 7, 11.75, 8.125, 11.375 ], "texture": "#goldfish" },
				"north": { "uv": [ 13.25, 15, 12.125, 15.125 ], "texture": "#goldfish" },
				"south": { "uv": [ 13.25, 15, 14.375, 15.125 ], "texture": "#goldfish" },
				"west": { "uv": [ 8.125, 8.625, 8.5, 8.75 ], "texture": "#goldfish" },
				"east": { "uv": [ 8.5, 8.25, 8.125, 8.375 ], "texture": "#goldfish" }
			}
		},
		{
			"__comment": "Voxels",
			"from": [ 8.5, 15, -3 ],
			"to": [ 12, 15.5, -1.5 ],
			"faces": {
				"down": { "uv": [ 4.25, 8.375, 5.125, 8.75 ], "texture": "#goldfish" },
				"up": { "uv": [ 4.25, 8.375, 5.125, 8 ], "texture": "#goldfish" },
				"north": { "uv": [ 13.25, 14.875, 12.375, 15 ], "texture": "#goldfish" },
				"south": { "uv": [ 10.625, 14.875, 11.5, 15 ], "texture": "#goldfish" },
				"west": { "uv": [ 8.625, 14.25, 9, 14.375 ], "texture": "#goldfish" },
				"east": { "uv": [ 9, 13.25, 8.625, 13.375 ], "texture": "#goldfish" }
			}
		},
		{
			"__comment": "Voxels",
			"from": [ 9.5, 1.5, -3 ],
			"to": [ 13, 2, -1.5 ],
			"faces": {
				"down": { "uv": [ 5.375, 9, 6.25, 9.375 ], "texture": "#goldfish" },
				"up": { "uv": [ 4.25, 9.125, 5.125, 8.75 ], "texture": "#goldfish" },
				"north": { "uv": [ 12.375, 14.875, 11.5, 15 ], "texture": "#goldfish" },
				"south": { "uv": [ 9.75, 14.875, 10.625, 15 ], "texture": "#goldfish" },
				"west": { "uv": [ 7.75, 12.875, 8.125, 13 ], "texture": "#goldfish" },
				"east": { "uv": [ 8.125, 12.5, 7.75, 12.625 ], "texture": "#goldfish" }
			}
		},
		{
			"__comment": "Voxels",
			"from": [ 9.5, 15.5, -3 ],
			"to": [ 11.5, 16, -1.5 ],
			"faces": {
				"down": { "uv": [ 7, 9.375, 7.5, 9.75 ], "texture": "#goldfish" },
				"up": { "uv": [ 7.5, 12.5, 8, 12.125 ], "texture": "#goldfish" },
				"north": { "uv": [ 16, 15.25, 15.5, 15.375 ], "texture": "#goldfish" },
				"south": { "uv": [ 15.5, 15.375, 16, 15.5 ], "texture": "#goldfish" },
				"west": { "uv": [ 15.625, 15.5, 16, 15.625 ], "texture": "#goldfish" },
				"east": { "uv": [ 8.5, 12.125, 8.125, 12.25 ], "texture": "#goldfish" }
			}
		},
		{
			"__comment": "Voxels",
			"from": [ 10.5, 1, -3 ],
			"to": [ 12, 1.5, -1.5 ],
			"faces": {
				"down": { "uv": [ 3.875, 10.75, 4.25, 11.125 ], "texture": "#goldfish" },
				"up": { "uv": [ 3.875, 12.25, 4.25, 11.875 ], "texture": "#goldfish" },
				"north": { "uv": [ 15.875, 15, 15.5, 15.125 ], "texture": "#goldfish" },
				"south": { "uv": [ 8.125, 12.75, 8.5, 12.875 ], "texture": "#goldfish" },
				"west": { "uv": [ 8.125, 12.625, 8.5, 12.75 ], "texture": "#goldfish" },
				"east": { "uv": [ 8.5, 12.5, 8.125, 12.625 ], "texture": "#goldfish" }
			}
		},
		{
			"__comment": "Voxels",
			"from": [ 13.5, 11, -3 ],
			"to": [ 20.5, 12, -1.5 ],
			"faces": {
				"down": { "uv": [ 6.25, 13.625, 8, 14 ], "texture": "#goldfish" },
				"up": { "uv": [ 6, 13.25, 7.75, 12.875 ], "texture": "#goldfish" },
				"north": { "uv": [ 7.75, 10.25, 6, 10.5 ], "texture": "#goldfish" },
				"south": { "uv": [ 4.25, 10.25, 6, 10.5 ], "texture": "#goldfish" },
				"west": { "uv": [ 7.75, 12.625, 8.125, 12.875 ], "texture": "#goldfish" },
				"east": { "uv": [ 8.5, 12.875, 8.125, 13.125 ], "texture": "#goldfish" }
			}
		},
		{
			"__comment": "Voxels",
			"from": [ 14, 5, -3 ],
			"to": [ 17.5, 6, -1.5 ],
			"faces": {
				"down": { "uv": [ 5.375, 8.625, 6.25, 9 ], "texture": "#goldfish" },
				"up": { "uv": [ 5.375, 9.75, 6.25, 9.375 ], "texture": "#goldfish" },
				"north": { "uv": [ 7.75, 9.75, 6.875, 10 ], "texture": "#goldfish" },
				"south": { "uv": [ 6.875, 10, 7.75, 10.25 ], "texture": "#goldfish" },
				"west": { "uv": [ 8.125, 13.125, 8.5, 13.375 ], "texture": "#goldfish" },
				"east": { "uv": [ 8.5, 13.625, 8.125, 13.875 ], "texture": "#goldfish" }
			}
		},
		{
			"__comment": "Voxels",
			"from": [ 14, 12, -3 ],
			"to": [ 21, 12.5, -1.5 ],
			"faces": {
				"down": { "uv": [ 4.25, 12.5, 6, 12.875 ], "texture": "#goldfish" },
				"up": { "uv": [ 4.25, 13.25, 6, 12.875 ], "texture": "#goldfish" },
				"north": { "uv": [ 8, 9, 6.25, 9.125 ], "texture": "#goldfish" },
				"south": { "uv": [ 6.25, 8.875, 8, 9 ], "texture": "#goldfish" },
				"west": { "uv": [ 8.125, 11, 8.5, 11.125 ], "texture": "#goldfish" },
				"east": { "uv": [ 8.5, 10.875, 8.125, 11 ], "texture": "#goldfish" }
			}
		},
		{
			"__comment": "Voxels",
			"from": [ 14.5, 4.5, -3 ],
			"to": [ 17.5, 5, -1.5 ],
			"faces": {
				"down": { "uv": [ 5.375, 8.25, 6.125, 8.625 ], "texture": "#goldfish" },
				"up": { "uv": [ 6.25, 9.75, 7, 9.375 ], "texture": "#goldfish" },
				"north": { "uv": [ 14, 14.875, 13.25, 15 ], "texture": "#goldfish" },
				"south": { "uv": [ 14, 14.875, 14.75, 15 ], "texture": "#goldfish" },
				"west": { "uv": [ 8.125, 10.25, 8.5, 10.375 ], "texture": "#goldfish" },
				"east": { "uv": [ 8.5, 10.125, 8.125, 10.25 ], "texture": "#goldfish" }
			}
		},
		{
			"__comment": "Voxels",
			"from": [ 14.5, 12.5, -3 ],
			"to": [ 21, 13, -1.5 ],
			"faces": {
				"down": { "uv": [ 4.25, 12.125, 5.875, 12.5 ], "texture": "#goldfish" },
				"up": { "uv": [ 2.625, 8.75, 4.25, 8.375 ], "texture": "#goldfish" },
				"north": { "uv": [ 7.875, 8, 6.25, 8.125 ], "texture": "#goldfish" },
				"south": { "uv": [ 14.25, 15.625, 15.875, 15.75 ], "texture": "#goldfish" },
				"west": { "uv": [ 8.125, 9.5, 8.5, 9.625 ], "texture": "#goldfish" },
				"east": { "uv": [ 8.5, 9.375, 8.125, 9.5 ], "texture": "#goldfish" }
			}
		},
		{
			"__comment": "Voxels",
			"from": [ 15, 3.5, -3 ],
			"to": [ 17, 4.5, -1.5 ],
			"faces": {
				"down": { "uv": [ 7.5, 9.375, 8, 9.75 ], "texture": "#goldfish" },
				"up": { "uv": [ 8.125, 15, 8.625, 14.625 ], "texture": "#goldfish" },
				"north": { "uv": [ 5.875, 8, 5.375, 8.25 ], "texture": "#goldfish" },
				"south": { "uv": [ 8.125, 14.375, 8.625, 14.625 ], "texture": "#goldfish" },
				"west": { "uv": [ 8.125, 14.125, 8.5, 14.375 ], "texture": "#goldfish" },
				"east": { "uv": [ 8.5, 13.875, 8.125, 14.125 ], "texture": "#goldfish" }
			}
		},
		{
			"__comment": "Voxels",
			"from": [ 15.5, 13, -3 ],
			"to": [ 21, 13.5, -1.5 ],
			"faces": {
				"down": { "uv": [ 4.25, 11.375, 5.625, 11.75 ], "texture": "#goldfish" },
				"up": { "uv": [ 4.25, 12.125, 5.625, 11.75 ], "texture": "#goldfish" },
				"north": { "uv": [ 15.5, 15.375, 14.125, 15.5 ], "texture": "#goldfish" },
				"south": { "uv": [ 12.125, 15.125, 13.5, 15.25 ], "texture": "#goldfish" },
				"west": { "uv": [ 8.125, 8, 8.5, 8.125 ], "texture": "#goldfish" },
				"east": { "uv": [ 9, 14.75, 8.625, 14.875 ], "texture": "#goldfish" }
			}
		},
		{
			"__comment": "Voxels",
			"from": [ 16, 13.5, -3 ],
			"to": [ 20.5, 14, -1.5 ],
			"faces": {
				"down": { "uv": [ 7, 11.75, 8.125, 12.125 ], "texture": "#goldfish" },
				"up": { "uv": [ 4.25, 9.5, 5.375, 9.125 ], "texture": "#goldfish" },
				"north": { "uv": [ 15.5, 15, 14.375, 15.125 ], "texture": "#goldfish" },
				"south": { "uv": [ 8.625, 14.875, 9.75, 15 ], "texture": "#goldfish" },
				"west": { "uv": [ 8.625, 14.125, 9, 14.25 ], "texture": "#goldfish" },
				"east": { "uv": [ 9, 14, 8.625, 14.125 ], "texture": "#goldfish" }
			}
		},
		{
			"__comment": "Voxels",
			"from": [ 17, 4, -3 ],
			"to": [ 17.5, 4.5, -1.5 ],
			"faces": {
				"down": { "uv": [ 4.125, 14.875, 4.25, 15.25 ], "texture": "#goldfish" },
				"up": { "uv": [ 4.125, 14.875, 4.25, 14.5 ], "texture": "#goldfish" },
				"north": { "uv": [ 4.125, 13.5, 4, 13.625 ], "texture": "#goldfish" },
				"south": { "uv": [ 4.125, 13.5, 4.25, 13.625 ], "texture": "#goldfish" },
				"west": { "uv": [ 8.625, 13.75, 9, 13.875 ], "texture": "#goldfish" },
				"east": { "uv": [ 9, 13.625, 8.625, 13.75 ], "texture": "#goldfish" }
			}
		},
		{
			"__comment": "Voxels",
			"from": [ 17, 14, -3 ],
			"to": [ 19.5, 14.5, -1.5 ],
			"faces": {
				"down": { "uv": [ 3.625, 10.375, 4.25, 10.75 ], "texture": "#goldfish" },
				"up": { "uv": [ 3.625, 10.375, 4.25, 10 ], "texture": "#goldfish" },
				"north": { "uv": [ 15.375, 14.875, 14.75, 15 ], "texture": "#goldfish" },
				"south": { "uv": [ 15.375, 14.875, 16, 15 ], "texture": "#goldfish" },
				"west": { "uv": [ 8.625, 13, 9, 13.125 ], "texture": "#goldfish" },
				"east": { "uv": [ 9, 12.875, 8.625, 13 ], "texture": "#goldfish" }
			}
		},
		{
			"__comment": "Voxels",
			"from": [ 18, 7, -3 ],
			"to": [ 18.5, 7.5, -1.5 ],
			"faces": {
				"down": { "uv": [ 4.125, 14.125, 4.25, 14.5 ], "texture": "#goldfish" },
				"up": { "uv": [ 4.125, 14.125, 4.25, 13.75 ], "texture": "#goldfish" },
				"north": { "uv": [ 4.125, 13.625, 4, 13.75 ], "texture": "#goldfish" },
				"south": { "uv": [ 4.125, 13.625, 4.25, 13.75 ], "texture": "#goldfish" },
				"west": { "uv": [ 8.625, 12.75, 9, 12.875 ], "texture": "#goldfish" },
				"east": { "uv": [ 9, 13.875, 8.625, 14 ], "texture": "#goldfish" }
			}
		}
	],
	"display": {
		"thirdperson_righthand": {
			"rotation":  [ 36, -3, -2 ],
			"translation":  [ -1.39, 0, 5.5652 ],
			"scale":  [ 0.35, 0.35, 0.35 ]
		},
		"thirdperson_lefthand": {
			"rotation":  [ 36, 180, -2 ],
			"translation":  [ -1.39, 4.1739, 0.2031 ],
			"scale":  [ 0.35, 0.35, 0.35 ]
		},
		"firstperson_righthand": {
			"rotation":  [ -7, -47, 0 ],
			"translation":  [ -0.695, 1.3913, 0 ]
		},
		"firstperson_lefthand": {
			"rotation":  [ -8, -39, 8 ],
			"translation":  [ 2.0869, 0.6982, -0.694 ],
			"scale":  [ 0.7652, 0.7652, 0.6608 ]
		},
		"gui": {
			"translation":  [ -2.2, -0.695, 0 ],
			"scale":  [ 0.7, 0.7, 0.7 ]
		},
		"head": {
			"rotation":  [ -2, -180, 0 ],
			"translation":  [ 2.0876, 10.434, 0.0089 ],
			"scale":  [ 0.5, 0.5, 0.5 ]
		},
		"ground": {
			"rotation":  [ -16, 0, 0 ],
			"translation":  [ 0, 8.3478, 0 ],
			"scale":  [ 0.5, 0.5, 0.5 ]
		},
		"fixed": {
			"rotation":  [ 0, -180, 0 ],
			"translation":  [ 2.7842, -0.695, -9.043 ],
			"scale":  [ 0.8, 0.8, 0.8 ]
		}
	}
}