{
	"__comment": "haru_711",
	"textures": {
		"particle": "item/fish/nabi",
		"nabi": "item/fish/nabi"
	},
	"gui_light": "front",
	"elements": [ 	 
		{
			"__comment": "Voxels",
			"from": [ -7.5, 3.5, -2 ],
			"to": [ 18, 5, -1 ],
			"faces": {
				"down": { "uv": [ 6.375, 13, 12.75, 13.25 ], "texture": "#nabi" },
				"up": { "uv": [ 0, 13.25, 6.375, 13 ], "texture": "#nabi" },
				"north": { "uv": [ 6.375, 14.5, 0, 14.875 ], "texture": "#nabi" },
				"south": { "uv": [ 6.375, 14.5, 12.75, 14.875 ], "texture": "#nabi" },
				"west": { "uv": [ 15.75, 14.5, 16, 14.875 ], "texture": "#nabi" },
				"east": { "uv": [ 16, 14.875, 15.75, 15.25 ], "texture": "#nabi" }
			}
		},
		{
			"__comment": "Voxels",
			"from": [ -7, 3, -2 ],
			"to": [ 18, 3.5, -1 ],
			"faces": {
				"down": { "uv": [ 9.75, 15.5, 16, 15.75 ], "texture": "#nabi" },
				"up": { "uv": [ 9.75, 16, 16, 15.75 ], "texture": "#nabi" },
				"north": { "uv": [ 10.875, 10, 4.625, 10.125 ], "texture": "#nabi" },
				"south": { "uv": [ 4.625, 10.125, 10.875, 10.25 ], "texture": "#nabi" },
				"west": { "uv": [ 0.75, 0.5, 1, 0.625 ], "texture": "#nabi" },
				"east": { "uv": [ 1, 0.625, 0.75, 0.75 ], "texture": "#nabi" }
			}
		},
		{
			"__comment": "Voxels",
			"from": [ -5, 5, -2 ],
			"to": [ 18.5, 5.5, -1 ],
			"faces": {
				"down": { "uv": [ 0, 12.75, 5.875, 13 ], "texture": "#nabi" },
				"up": { "uv": [ 9.75, 15.5, 15.625, 15.25 ], "texture": "#nabi" },
				"north": { "uv": [ 10.5, 9.75, 4.625, 9.875 ], "texture": "#nabi" },
				"south": { "uv": [ 4.625, 9.875, 10.5, 10 ], "texture": "#nabi" },
				"west": { "uv": [ 0.5, 0, 0.75, 0.125 ], "texture": "#nabi" },
				"east": { "uv": [ 0.75, 0.125, 0.5, 0.25 ], "texture": "#nabi" }
			}
		},
		{
			"__comment": "Voxels",
			"from": [ -4, 2.5, -2 ],
			"to": [ 18, 3, -1 ],
			"faces": {
				"down": { "uv": [ 5.875, 12.75, 11.375, 13 ], "texture": "#nabi" },
				"up": { "uv": [ 0, 12.75, 5.5, 12.5 ], "texture": "#nabi" },
				"north": { "uv": [ 16, 9.75, 10.5, 9.875 ], "texture": "#nabi" },
				"south": { "uv": [ 10.5, 9.875, 16, 10 ], "texture": "#nabi" },
				"west": { "uv": [ 1.5, 0.875, 1.75, 1 ], "texture": "#nabi" },
				"east": { "uv": [ 2, 1, 1.75, 1.125 ], "texture": "#nabi" }
			}
		},
		{
			"__comment": "Voxels",
			"from": [ -4, 5.5, -2 ],
			"to": [ 24.5, 6, -1 ],
			"faces": {
				"down": { "uv": [ 7.125, 14.25, 14.25, 14.5 ], "texture": "#nabi" },
				"up": { "uv": [ 0, 14.5, 7.125, 14.25 ], "texture": "#nabi" },
				"north": { "uv": [ 11.75, 11, 4.625, 11.125 ], "texture": "#nabi" },
				"south": { "uv": [ 4.625, 11.125, 11.75, 11.25 ], "texture": "#nabi" },
				"west": { "uv": [ 1.5, 1, 1.75, 1.125 ], "texture": "#nabi" },
				"east": { "uv": [ 2, 1.125, 1.75, 1.25 ], "texture": "#nabi" }
			}
		},
		{
			"__comment": "Voxels",
			"from": [ -3, 6, -2 ],
			"to": [ 24.5, 6.5, -1 ],
			"faces": {
				"down": { "uv": [ 0, 14, 6.875, 14.25 ], "texture": "#nabi" },
				"up": { "uv": [ 6.875, 14.25, 13.75, 14 ], "texture": "#nabi" },
				"north": { "uv": [ 11.5, 10.75, 4.625, 10.875 ], "texture": "#nabi" },
				"south": { "uv": [ 4.625, 10.875, 11.5, 11 ], "texture": "#nabi" },
				"west": { "uv": [ 1.75, 2.25, 2, 2.375 ], "texture": "#nabi" },
				"east": { "uv": [ 4.5, 2.625, 4.25, 2.75 ], "texture": "#nabi" }
			}
		},
		{
			"__comment": "Voxels",
			"from": [ -2.5, 6.5, -2 ],
			"to": [ 24.5, 7, -1 ],
			"faces": {
				"down": { "uv": [ 6.75, 13.75, 13.5, 14 ], "texture": "#nabi" },
				"up": { "uv": [ 0, 14, 6.75, 13.75 ], "texture": "#nabi" },
				"north": { "uv": [ 11.375, 10.5, 4.625, 10.625 ], "texture": "#nabi" },
				"south": { "uv": [ 4.625, 10.625, 11.375, 10.75 ], "texture": "#nabi" },
				"west": { "uv": [ 4.375, 2.75, 4.625, 2.875 ], "texture": "#nabi" },
				"east": { "uv": [ 4.625, 2.875, 4.375, 3 ], "texture": "#nabi" }
			}
		},
		{
			"__comment": "Voxels",
			"from": [ -2, 2, -2 ],
			"to": [ 18.5, 2.5, -1 ],
			"faces": {
				"down": { "uv": [ 10.625, 12.5, 15.75, 12.75 ], "texture": "#nabi" },
				"up": { "uv": [ 5.5, 12.75, 10.625, 12.5 ], "texture": "#nabi" },
				"north": { "uv": [ 16, 10.125, 10.875, 10.25 ], "texture": "#nabi" },
				"south": { "uv": [ 10.875, 10, 16, 10.125 ], "texture": "#nabi" },
				"west": { "uv": [ 4.375, 4.75, 4.625, 4.875 ], "texture": "#nabi" },
				"east": { "uv": [ 4.625, 4.875, 4.375, 5 ], "texture": "#nabi" }
			}
		},
		{
			"__comment": "Voxels",
			"from": [ -2, 7, -2 ],
			"to": [ 24.5, 8.5, -1 ],
			"faces": {
				"down": { "uv": [ 6.625, 13.5, 13.25, 13.75 ], "texture": "#nabi" },
				"up": { "uv": [ 0, 13.75, 6.625, 13.5 ], "texture": "#nabi" },
				"north": { "uv": [ 6.625, 14.875, 0, 15.25 ], "texture": "#nabi" },
				"south": { "uv": [ 6.625, 14.875, 13.25, 15.25 ], "texture": "#nabi" },
				"west": { "uv": [ 0, 0, 0.25, 0.375 ], "texture": "#nabi" },
				"east": { "uv": [ 0.5, 0.375, 0.25, 0.75 ], "texture": "#nabi" }
			}
		},
		{
			"__comment": "Voxels",
			"from": [ -1.5, 8.5, -2 ],
			"to": [ 24.5, 9, -1 ],
			"faces": {
				"down": { "uv": [ 0, 13.25, 6.5, 13.5 ], "texture": "#nabi" },
				"up": { "uv": [ 6.5, 13.5, 13, 13.25 ], "texture": "#nabi" },
				"north": { "uv": [ 11.125, 10.375, 4.625, 10.5 ], "texture": "#nabi" },
				"south": { "uv": [ 4.625, 10.25, 11.125, 10.375 ], "texture": "#nabi" },
				"west": { "uv": [ 2.125, 1.5, 2.375, 1.625 ], "texture": "#nabi" },
				"east": { "uv": [ 2.375, 1.625, 2.125, 1.75 ], "texture": "#nabi" }
			}
		},
		{
			"__comment": "Voxels",
			"from": [ -1.5, 9, -2 ],
			"to": [ 18, 12, -1 ],
			"faces": {
				"down": { "uv": [ 9.75, 12.25, 14.625, 12.5 ], "texture": "#nabi" },
				"up": { "uv": [ 0, 12.25, 4.875, 12 ], "texture": "#nabi" },
				"north": { "uv": [ 9.75, 15.25, 4.875, 16 ], "texture": "#nabi" },
				"south": { "uv": [ 0, 15.25, 4.875, 16 ], "texture": "#nabi" },
				"west": { "uv": [ 0, 0.375, 0.25, 1.125 ], "texture": "#nabi" },
				"east": { "uv": [ 0.25, 1.125, 0, 1.875 ], "texture": "#nabi" }
			}
		},
		{
			"__comment": "Voxels",
			"from": [ -1, 12, -2 ],
			"to": [ 18.5, 13, -1 ],
			"faces": {
				"down": { "uv": [ 4.875, 12, 9.75, 12.25 ], "texture": "#nabi" },
				"up": { "uv": [ 9.75, 12.25, 14.625, 12 ], "texture": "#nabi" },
				"north": { "uv": [ 4.875, 11.75, 0, 12 ], "texture": "#nabi" },
				"south": { "uv": [ 0, 12.25, 4.875, 12.5 ], "texture": "#nabi" },
				"west": { "uv": [ 4.375, 8, 4.625, 8.25 ], "texture": "#nabi" },
				"east": { "uv": [ 4.625, 7.75, 4.375, 8 ], "texture": "#nabi" }
			}
		},
		{
			"__comment": "Voxels",
			"from": [ -0.5, 1.5, -2 ],
			"to": [ 18.5, 2, -1 ],
			"faces": {
				"down": { "uv": [ 9.625, 11.5, 14.375, 11.75 ], "texture": "#nabi" },
				"up": { "uv": [ 4.875, 11.75, 9.625, 11.5 ], "texture": "#nabi" },
				"north": { "uv": [ 15.875, 10.375, 11.125, 10.5 ], "texture": "#nabi" },
				"south": { "uv": [ 11.125, 10.25, 15.875, 10.375 ], "texture": "#nabi" },
				"west": { "uv": [ 2.375, 2.25, 2.625, 2.375 ], "texture": "#nabi" },
				"east": { "uv": [ 2.375, 2.25, 2.125, 2.375 ], "texture": "#nabi" }
			}
		},
		{
			"__comment": "Voxels",
			"from": [ -0.5, 13, -2 ],
			"to": [ 19, 14, -1 ],
			"faces": {
				"down": { "uv": [ 4.875, 11.75, 9.75, 12 ], "texture": "#nabi" },
				"up": { "uv": [ 9.75, 12, 14.625, 11.75 ], "texture": "#nabi" },
				"north": { "uv": [ 9.75, 12.25, 4.875, 12.5 ], "texture": "#nabi" },
				"south": { "uv": [ 0, 11.5, 4.875, 11.75 ], "texture": "#nabi" },
				"west": { "uv": [ 4.375, 6.5, 4.625, 6.75 ], "texture": "#nabi" },
				"east": { "uv": [ 4.625, 6.25, 4.375, 6.5 ], "texture": "#nabi" }
			}
		},
		{
			"__comment": "Voxels",
			"from": [ 0, 1, -2 ],
			"to": [ 18.5, 1.5, -1 ],
			"faces": {
				"down": { "uv": [ 0, 11, 4.625, 11.25 ], "texture": "#nabi" },
				"up": { "uv": [ 0, 11, 4.625, 10.75 ], "texture": "#nabi" },
				"north": { "uv": [ 4.625, 5.375, 0, 5.5 ], "texture": "#nabi" },
				"south": { "uv": [ 0, 5.25, 4.625, 5.375 ], "texture": "#nabi" },
				"west": { "uv": [ 4.375, 2.375, 4.625, 2.5 ], "texture": "#nabi" },
				"east": { "uv": [ 4.375, 2.375, 4.125, 2.5 ], "texture": "#nabi" }
			}
		},
		{
			"__comment": "Voxels",
			"from": [ 0, 14, -2 ],
			"to": [ 19, 14.5, -1 ],
			"faces": {
				"down": { "uv": [ 4.75, 11.25, 9.5, 11.5 ], "texture": "#nabi" },
				"up": { "uv": [ 0, 11.5, 4.75, 11.25 ], "texture": "#nabi" },
				"north": { "uv": [ 14.125, 9.625, 9.375, 9.75 ], "texture": "#nabi" },
				"south": { "uv": [ 4.625, 9.625, 9.375, 9.75 ], "texture": "#nabi" },
				"west": { "uv": [ 3.375, 2.375, 3.625, 2.5 ], "texture": "#nabi" },
				"east": { "uv": [ 3.375, 2.375, 3.125, 2.5 ], "texture": "#nabi" }
			}
		},
		{
			"__comment": "Voxels",
			"from": [ 0.5, 14.5, -2 ],
			"to": [ 19, 15, -1 ],
			"faces": {
				"down": { "uv": [ 11.375, 12.75, 16, 13 ], "texture": "#nabi" },
				"up": { "uv": [ 9.5, 11.5, 14.125, 11.25 ], "texture": "#nabi" },
				"north": { "uv": [ 4.625, 5.5, 0, 5.625 ], "texture": "#nabi" },
				"south": { "uv": [ 0, 5.625, 4.625, 5.75 ], "texture": "#nabi" },
				"west": { "uv": [ 2.375, 2.375, 2.625, 2.5 ], "texture": "#nabi" },
				"east": { "uv": [ 2.375, 2.375, 2.125, 2.5 ], "texture": "#nabi" }
			}
		},
		{
			"__comment": "Voxels",
			"from": [ 1, 0.5, -2 ],
			"to": [ 18.5, 1, -1 ],
			"faces": {
				"down": { "uv": [ 0, 10, 4.375, 10.25 ], "texture": "#nabi" },
				"up": { "uv": [ 0, 10, 4.375, 9.75 ], "texture": "#nabi" },
				"north": { "uv": [ 4.375, 4.875, 0, 5 ], "texture": "#nabi" },
				"south": { "uv": [ 0, 4.625, 4.375, 4.75 ], "texture": "#nabi" },
				"west": { "uv": [ 1.5, 0.125, 1.75, 0.25 ], "texture": "#nabi" },
				"east": { "uv": [ 1.75, 0.25, 1.5, 0.375 ], "texture": "#nabi" }
			}
		},
		{
			"__comment": "Voxels",
			"from": [ 1, 15, -2 ],
			"to": [ 19, 15.5, -1 ],
			"faces": {
				"down": { "uv": [ 0, 10.5, 4.5, 10.75 ], "texture": "#nabi" },
				"up": { "uv": [ 0, 10.5, 4.5, 10.25 ], "texture": "#nabi" },
				"north": { "uv": [ 4.5, 5.125, 0, 5.25 ], "texture": "#nabi" },
				"south": { "uv": [ 0, 5, 4.5, 5.125 ], "texture": "#nabi" },
				"west": { "uv": [ 1.75, 0.375, 2, 0.5 ], "texture": "#nabi" },
				"east": { "uv": [ 4.125, 2.25, 3.875, 2.375 ], "texture": "#nabi" }
			}
		},
		{
			"__comment": "Voxels",
			"from": [ 1.5, 15.5, -2 ],
			"to": [ 19, 16, -1 ],
			"faces": {
				"down": { "uv": [ 0, 9.5, 4.375, 9.75 ], "texture": "#nabi" },
				"up": { "uv": [ 0, 9.5, 4.375, 9.25 ], "texture": "#nabi" },
				"north": { "uv": [ 4.375, 4.75, 0, 4.875 ], "texture": "#nabi" },
				"south": { "uv": [ 0, 4.5, 4.375, 4.625 ], "texture": "#nabi" },
				"west": { "uv": [ 1.5, 0.375, 1.75, 0.5 ], "texture": "#nabi" },
				"east": { "uv": [ 1.5, 0, 1.25, 0.125 ], "texture": "#nabi" }
			}
		},
		{
			"__comment": "Voxels",
			"from": [ 2, 0, -2 ],
			"to": [ 18.5, 0.5, -1 ],
			"faces": {
				"down": { "uv": [ 0, 8.25, 4.125, 8.5 ], "texture": "#nabi" },
				"up": { "uv": [ 0, 8.75, 4.125, 8.5 ], "texture": "#nabi" },
				"north": { "uv": [ 4.125, 4.25, 0, 4.375 ], "texture": "#nabi" },
				"south": { "uv": [ 0, 4.125, 4.125, 4.25 ], "texture": "#nabi" },
				"west": { "uv": [ 1.25, 0.125, 1.5, 0.25 ], "texture": "#nabi" },
				"east": { "uv": [ 1.5, 0.25, 1.25, 0.375 ], "texture": "#nabi" }
			}
		},
		{
			"__comment": "Voxels",
			"from": [ 2.5, -0.5, -2 ],
			"to": [ 18.5, 0, -1 ],
			"faces": {
				"down": { "uv": [ 0, 8, 4, 8.25 ], "texture": "#nabi" },
				"up": { "uv": [ 0, 8, 4, 7.75 ], "texture": "#nabi" },
				"north": { "uv": [ 4, 3.875, 0, 4 ], "texture": "#nabi" },
				"south": { "uv": [ 0, 3.75, 4, 3.875 ], "texture": "#nabi" },
				"west": { "uv": [ 1.25, 0.375, 1.5, 0.5 ], "texture": "#nabi" },
				"east": { "uv": [ 1.25, 0, 1, 0.125 ], "texture": "#nabi" }
			}
		},
		{
			"__comment": "Voxels",
			"from": [ 2.5, 16, -2 ],
			"to": [ 19, 16.5, -1 ],
			"faces": {
				"down": { "uv": [ 0, 8.75, 4.125, 9 ], "texture": "#nabi" },
				"up": { "uv": [ 0, 9.25, 4.125, 9 ], "texture": "#nabi" },
				"north": { "uv": [ 4.125, 4.375, 0, 4.5 ], "texture": "#nabi" },
				"south": { "uv": [ 0, 4, 4.125, 4.125 ], "texture": "#nabi" },
				"west": { "uv": [ 1, 0.125, 1.25, 0.25 ], "texture": "#nabi" },
				"east": { "uv": [ 1.25, 0.5, 1, 0.625 ], "texture": "#nabi" }
			}
		},
		{
			"__comment": "Voxels",
			"from": [ 3.5, -1, -2 ],
			"to": [ 18.5, -0.5, -1 ],
			"faces": {
				"down": { "uv": [ 0, 7, 3.75, 7.25 ], "texture": "#nabi" },
				"up": { "uv": [ 0, 7, 3.75, 6.75 ], "texture": "#nabi" },
				"north": { "uv": [ 3.75, 3.375, 0, 3.5 ], "texture": "#nabi" },
				"south": { "uv": [ 0, 3.25, 3.75, 3.375 ], "texture": "#nabi" },
				"west": { "uv": [ 1, 0.625, 1.25, 0.75 ], "texture": "#nabi" },
				"east": { "uv": [ 0.5, 0.25, 0.25, 0.375 ], "texture": "#nabi" }
			}
		},
		{
			"__comment": "Voxels",
			"from": [ 3.5, 16.5, -2 ],
			"to": [ 19, 17, -1 ],
			"faces": {
				"down": { "uv": [ 0, 7.25, 3.875, 7.5 ], "texture": "#nabi" },
				"up": { "uv": [ 0, 7.75, 3.875, 7.5 ], "texture": "#nabi" },
				"north": { "uv": [ 3.875, 3.5, 0, 3.625 ], "texture": "#nabi" },
				"south": { "uv": [ 0, 3.625, 3.875, 3.75 ], "texture": "#nabi" },
				"west": { "uv": [ 1.75, 0.75, 2, 0.875 ], "texture": "#nabi" },
				"east": { "uv": [ 3.875, 2.25, 3.625, 2.375 ], "texture": "#nabi" }
			}
		},
		{
			"__comment": "Voxels",
			"from": [ 4.5, -1.5, -2 ],
			"to": [ 18.5, -1, -1 ],
			"faces": {
				"down": { "uv": [ 0, 6.25, 3.5, 6.5 ], "texture": "#nabi" },
				"up": { "uv": [ 0, 6.25, 3.5, 6 ], "texture": "#nabi" },
				"north": { "uv": [ 3.5, 3.125, 0, 3.25 ], "texture": "#nabi" },
				"south": { "uv": [ 0, 3, 3.5, 3.125 ], "texture": "#nabi" },
				"west": { "uv": [ 0.75, 0.125, 1, 0.25 ], "texture": "#nabi" },
				"east": { "uv": [ 1, 0, 0.75, 0.125 ], "texture": "#nabi" }
			}
		},
		{
			"__comment": "Voxels",
			"from": [ 5, 17, -2 ],
			"to": [ 19, 17.5, -1 ],
			"faces": {
				"down": { "uv": [ 0, 5.75, 3.5, 6 ], "texture": "#nabi" },
				"up": { "uv": [ 0, 6.75, 3.5, 6.5 ], "texture": "#nabi" },
				"north": { "uv": [ 3.5, 2.875, 0, 3 ], "texture": "#nabi" },
				"south": { "uv": [ 0, 2.75, 3.5, 2.875 ], "texture": "#nabi" },
				"west": { "uv": [ 1.25, 0.625, 1.5, 0.75 ], "texture": "#nabi" },
				"east": { "uv": [ 1.75, 0.625, 1.5, 0.75 ], "texture": "#nabi" }
			}
		},
		{
			"__comment": "Voxels",
			"from": [ 6, -2, -2 ],
			"to": [ 18, -1.5, -1 ],
			"faces": {
				"down": { "uv": [ 12.75, 14.625, 15.75, 14.875 ], "texture": "#nabi" },
				"up": { "uv": [ 13, 13.5, 16, 13.25 ], "texture": "#nabi" },
				"north": { "uv": [ 15.75, 14.5, 12.75, 14.625 ], "texture": "#nabi" },
				"south": { "uv": [ 0, 2.625, 3, 2.75 ], "texture": "#nabi" },
				"west": { "uv": [ 1.5, 0.5, 1.75, 0.625 ], "texture": "#nabi" },
				"east": { "uv": [ 2, 0.5, 1.75, 0.625 ], "texture": "#nabi" }
			}
		},
		{
			"__comment": "Voxels",
			"from": [ 8.5, 17.5, -2 ],
			"to": [ 18.5, 18, -1 ],
			"faces": {
				"down": { "uv": [ 13.5, 13.75, 16, 14 ], "texture": "#nabi" },
				"up": { "uv": [ 13.25, 15.25, 15.75, 15 ], "texture": "#nabi" },
				"north": { "uv": [ 2.5, 2.5, 0, 2.625 ], "texture": "#nabi" },
				"south": { "uv": [ 13.25, 14.875, 15.75, 15 ], "texture": "#nabi" },
				"west": { "uv": [ 1.75, 0.125, 2, 0.25 ], "texture": "#nabi" },
				"east": { "uv": [ 2, 0, 1.75, 0.125 ], "texture": "#nabi" }
			}
		},
		{
			"__comment": "Voxels",
			"from": [ 9.5, -2.5, -2 ],
			"to": [ 12, -2, -1 ],
			"faces": {
				"down": { "uv": [ 15.375, 13.5, 16, 13.75 ], "texture": "#nabi" },
				"up": { "uv": [ 15.375, 11.75, 16, 11.5 ], "texture": "#nabi" },
				"north": { "uv": [ 4.625, 3.875, 4, 4 ], "texture": "#nabi" },
				"south": { "uv": [ 4, 3.75, 4.625, 3.875 ], "texture": "#nabi" },
				"west": { "uv": [ 3.625, 2.375, 3.875, 2.5 ], "texture": "#nabi" },
				"east": { "uv": [ 4.125, 2.375, 3.875, 2.5 ], "texture": "#nabi" }
			}
		},
		{
			"__comment": "Voxels",
			"from": [ 9.5, 18, -2 ],
			"to": [ 18, 18.5, -1 ],
			"faces": {
				"down": { "uv": [ 13.25, 13.5, 15.375, 13.75 ], "texture": "#nabi" },
				"up": { "uv": [ 13.75, 14.25, 15.875, 14 ], "texture": "#nabi" },
				"north": { "uv": [ 2.125, 2.375, 0, 2.5 ], "texture": "#nabi" },
				"south": { "uv": [ 2.5, 2.5, 4.625, 2.625 ], "texture": "#nabi" },
				"west": { "uv": [ 2.625, 2.25, 2.875, 2.375 ], "texture": "#nabi" },
				"east": { "uv": [ 3.125, 2.25, 2.875, 2.375 ], "texture": "#nabi" }
			}
		},
		{
			"__comment": "Voxels",
			"from": [ 10, -3, -2 ],
			"to": [ 11, -2.5, -1 ],
			"faces": {
				"down": { "uv": [ 15.75, 12.5, 16, 12.75 ], "texture": "#nabi" },
				"up": { "uv": [ 15.75, 13.25, 16, 13 ], "texture": "#nabi" },
				"north": { "uv": [ 2.375, 2.125, 2.125, 2.25 ], "texture": "#nabi" },
				"south": { "uv": [ 2.125, 2, 2.375, 2.125 ], "texture": "#nabi" },
				"west": { "uv": [ 2.125, 1.875, 2.375, 2 ], "texture": "#nabi" },
				"east": { "uv": [ 2.375, 1.75, 2.125, 1.875 ], "texture": "#nabi" }
			}
		},
		{
			"__comment": "Voxels",
			"from": [ 10.5, 18.5, -2 ],
			"to": [ 17.5, 19, -1 ],
			"faces": {
				"down": { "uv": [ 14.25, 14.25, 16, 14.5 ], "texture": "#nabi" },
				"up": { "uv": [ 12.75, 13.25, 14.5, 13 ], "texture": "#nabi" },
				"north": { "uv": [ 1.75, 2.25, 0, 2.375 ], "texture": "#nabi" },
				"south": { "uv": [ 0, 2.125, 1.75, 2.25 ], "texture": "#nabi" },
				"west": { "uv": [ 4.375, 4.625, 4.625, 4.75 ], "texture": "#nabi" },
				"east": { "uv": [ 4.625, 4.5, 4.375, 4.625 ], "texture": "#nabi" }
			}
		},
		{
			"__comment": "Voxels",
			"from": [ 13, 19, -2 ],
			"to": [ 16.5, 19.5, -1 ],
			"faces": {
				"down": { "uv": [ 3.75, 6.75, 4.625, 7 ], "texture": "#nabi" },
				"up": { "uv": [ 15.125, 11.5, 16, 11.25 ], "texture": "#nabi" },
				"north": { "uv": [ 4.375, 2.75, 3.5, 2.875 ], "texture": "#nabi" },
				"south": { "uv": [ 3.75, 3.375, 4.625, 3.5 ], "texture": "#nabi" },
				"west": { "uv": [ 1.75, 2.125, 2, 2.25 ], "texture": "#nabi" },
				"east": { "uv": [ 2, 1.25, 1.75, 1.375 ], "texture": "#nabi" }
			}
		},
		{
			"__comment": "Voxels",
			"from": [ 14.5, -2.5, -2 ],
			"to": [ 17.5, -2, -1 ],
			"faces": {
				"down": { "uv": [ 3.875, 7.5, 4.625, 7.75 ], "texture": "#nabi" },
				"up": { "uv": [ 0.875, 2.125, 1.625, 1.875 ], "texture": "#nabi" },
				"north": { "uv": [ 4.625, 3.625, 3.875, 3.75 ], "texture": "#nabi" },
				"south": { "uv": [ 1, 1.125, 1.75, 1.25 ], "texture": "#nabi" },
				"west": { "uv": [ 1.75, 0.875, 2, 1 ], "texture": "#nabi" },
				"east": { "uv": [ 1.75, 0.75, 1.5, 0.875 ], "texture": "#nabi" }
			}
		},
		{
			"__comment": "Voxels",
			"from": [ 18, 4, -2 ],
			"to": [ 18.5, 5, -1 ],
			"faces": {
				"down": { "uv": [ 15.875, 14, 16, 14.25 ], "texture": "#nabi" },
				"up": { "uv": [ 15.875, 12.5, 16, 12.25 ], "texture": "#nabi" },
				"north": { "uv": [ 16, 12, 15.875, 12.25 ], "texture": "#nabi" },
				"south": { "uv": [ 15.875, 11.75, 16, 12 ], "texture": "#nabi" },
				"west": { "uv": [ 4.375, 9.5, 4.625, 9.75 ], "texture": "#nabi" },
				"east": { "uv": [ 4.625, 9.25, 4.375, 9.5 ], "texture": "#nabi" }
			}
		},
		{
			"__comment": "Voxels",
			"from": [ 18, 11.5, -2 ],
			"to": [ 18.5, 12, -1 ],
			"faces": {
				"down": { "uv": [ 4.5, 10.5, 4.625, 10.75 ], "texture": "#nabi" },
				"up": { "uv": [ 4.5, 10.5, 4.625, 10.25 ], "texture": "#nabi" },
				"north": { "uv": [ 4.625, 5.125, 4.5, 5.25 ], "texture": "#nabi" },
				"south": { "uv": [ 4.5, 5, 4.625, 5.125 ], "texture": "#nabi" },
				"west": { "uv": [ 0.25, 0, 0.5, 0.125 ], "texture": "#nabi" },
				"east": { "uv": [ 0.75, 0.625, 0.5, 0.75 ], "texture": "#nabi" }
			}
		},
		{
			"__comment": "Voxels",
			"from": [ 18.5, 12.5, -2 ],
			"to": [ 19, 13, -1 ],
			"faces": {
				"down": { "uv": [ 4.5, 8.5, 4.625, 8.75 ], "texture": "#nabi" },
				"up": { "uv": [ 4.5, 8.5, 4.625, 8.25 ], "texture": "#nabi" },
				"north": { "uv": [ 4.625, 2.625, 4.5, 2.75 ], "texture": "#nabi" },
				"south": { "uv": [ 2, 2.25, 2.125, 2.375 ], "texture": "#nabi" },
				"west": { "uv": [ 0.5, 0.375, 0.75, 0.5 ], "texture": "#nabi" },
				"east": { "uv": [ 0.75, 0.25, 0.5, 0.375 ], "texture": "#nabi" }
			}
		},
		{
			"__comment": "Voxels",
			"from": [ 19.5, 5, -2 ],
			"to": [ 24.5, 5.5, -1 ],
			"faces": {
				"down": { "uv": [ 14.625, 12, 15.875, 12.25 ], "texture": "#nabi" },
				"up": { "uv": [ 14.625, 12, 15.875, 11.75 ], "texture": "#nabi" },
				"north": { "uv": [ 1.5, 0.875, 0.25, 1 ], "texture": "#nabi" },
				"south": { "uv": [ 0.25, 0.75, 1.5, 0.875 ], "texture": "#nabi" },
				"west": { "uv": [ 0.75, 0.375, 1, 0.5 ], "texture": "#nabi" },
				"east": { "uv": [ 1, 0.25, 0.75, 0.375 ], "texture": "#nabi" }
			}
		},
		{
			"__comment": "Voxels",
			"from": [ 19.5, 9, -2 ],
			"to": [ 24.5, 9.5, -1 ],
			"faces": {
				"down": { "uv": [ 14.5, 13, 15.75, 13.25 ], "texture": "#nabi" },
				"up": { "uv": [ 14.625, 12.5, 15.875, 12.25 ], "texture": "#nabi" },
				"north": { "uv": [ 4.25, 2.625, 3, 2.75 ], "texture": "#nabi" },
				"south": { "uv": [ 0.25, 1, 1.5, 1.125 ], "texture": "#nabi" },
				"west": { "uv": [ 1, 0.375, 1.25, 0.5 ], "texture": "#nabi" },
				"east": { "uv": [ 1.25, 0.25, 1, 0.375 ], "texture": "#nabi" }
			}
		},
		{
			"__comment": "Voxels",
			"from": [ 20, 9.5, -2 ],
			"to": [ 24, 10, -1 ],
			"faces": {
				"down": { "uv": [ 14.125, 11.25, 15.125, 11.5 ], "texture": "#nabi" },
				"up": { "uv": [ 14.375, 11.75, 15.375, 11.5 ], "texture": "#nabi" },
				"north": { "uv": [ 4.5, 3.125, 3.5, 3.25 ], "texture": "#nabi" },
				"south": { "uv": [ 3.5, 3, 4.5, 3.125 ], "texture": "#nabi" },
				"west": { "uv": [ 1.75, 0.625, 2, 0.75 ], "texture": "#nabi" },
				"east": { "uv": [ 1.5, 0.5, 1.25, 0.625 ], "texture": "#nabi" }
			}
		},
		{
			"__comment": "Voxels",
			"from": [ 20.5, 4, -2 ],
			"to": [ 24, 5, -1 ],
			"faces": {
				"down": { "uv": [ 3.75, 7, 4.625, 7.25 ], "texture": "#nabi" },
				"up": { "uv": [ 3.5, 6.75, 4.375, 6.5 ], "texture": "#nabi" },
				"north": { "uv": [ 4.375, 6.25, 3.5, 6.5 ], "texture": "#nabi" },
				"south": { "uv": [ 3.5, 6, 4.375, 6.25 ], "texture": "#nabi" },
				"west": { "uv": [ 4.375, 6, 4.625, 6.25 ], "texture": "#nabi" },
				"east": { "uv": [ 4.625, 5.75, 4.375, 6 ], "texture": "#nabi" }
			}
		},
		{
			"__comment": "Voxels",
			"from": [ 20.5, 10, -2 ],
			"to": [ 24, 10.5, -1 ],
			"faces": {
				"down": { "uv": [ 3.5, 5.75, 4.375, 6 ], "texture": "#nabi" },
				"up": { "uv": [ 0, 2.125, 0.875, 1.875 ], "texture": "#nabi" },
				"north": { "uv": [ 4.625, 3.25, 3.75, 3.375 ], "texture": "#nabi" },
				"south": { "uv": [ 3.5, 2.875, 4.375, 3 ], "texture": "#nabi" },
				"west": { "uv": [ 1.5, 0, 1.75, 0.125 ], "texture": "#nabi" },
				"east": { "uv": [ 2, 0.25, 1.75, 0.375 ], "texture": "#nabi" }
			}
		},
		{
			"__comment": "Voxels",
			"from": [ 20.5, 10.5, -2 ],
			"to": [ 23.5, 11, -1 ],
			"faces": {
				"down": { "uv": [ 0.25, 1.625, 1, 1.875 ], "texture": "#nabi" },
				"up": { "uv": [ 1, 1.875, 1.75, 1.625 ], "texture": "#nabi" },
				"north": { "uv": [ 4.625, 3.5, 3.875, 3.625 ], "texture": "#nabi" },
				"south": { "uv": [ 1, 1.25, 1.75, 1.375 ], "texture": "#nabi" },
				"west": { "uv": [ 0.5, 0.5, 0.75, 0.625 ], "texture": "#nabi" },
				"east": { "uv": [ 3.125, 2.375, 2.875, 2.5 ], "texture": "#nabi" }
			}
		},
		{
			"__comment": "Voxels",
			"from": [ 21, 3, -2 ],
			"to": [ 24, 4, -1 ],
			"faces": {
				"down": { "uv": [ 0.25, 1.375, 1, 1.625 ], "texture": "#nabi" },
				"up": { "uv": [ 3.875, 7.5, 4.625, 7.25 ], "texture": "#nabi" },
				"north": { "uv": [ 1.75, 1.375, 1, 1.625 ], "texture": "#nabi" },
				"south": { "uv": [ 0.25, 1.125, 1, 1.375 ], "texture": "#nabi" },
				"west": { "uv": [ 4.375, 10, 4.625, 10.25 ], "texture": "#nabi" },
				"east": { "uv": [ 4.625, 9.75, 4.375, 10 ], "texture": "#nabi" }
			}
		},
		{
			"__comment": "Voxels",
			"from": [ 21, 11, -2 ],
			"to": [ 23, 11.5, -1 ],
			"faces": {
				"down": { "uv": [ 4.125, 9, 4.625, 9.25 ], "texture": "#nabi" },
				"up": { "uv": [ 4.125, 9, 4.625, 8.75 ], "texture": "#nabi" },
				"north": { "uv": [ 4.625, 4.375, 4.125, 4.5 ], "texture": "#nabi" },
				"south": { "uv": [ 4.125, 4.25, 4.625, 4.375 ], "texture": "#nabi" },
				"west": { "uv": [ 3.125, 2.25, 3.375, 2.375 ], "texture": "#nabi" },
				"east": { "uv": [ 3.625, 2.25, 3.375, 2.375 ], "texture": "#nabi" }
			}
		},
		{
			"__comment": "Voxels",
			"from": [ 21, 11.5, -2 ],
			"to": [ 22.5, 12, -1 ],
			"faces": {
				"down": { "uv": [ 15.625, 15.25, 16, 15.5 ], "texture": "#nabi" },
				"up": { "uv": [ 4.125, 8.75, 4.5, 8.5 ], "texture": "#nabi" },
				"north": { "uv": [ 4.5, 4.125, 4.125, 4.25 ], "texture": "#nabi" },
				"south": { "uv": [ 4.125, 4, 4.5, 4.125 ], "texture": "#nabi" },
				"west": { "uv": [ 4.125, 2.25, 4.375, 2.375 ], "texture": "#nabi" },
				"east": { "uv": [ 4.625, 2.25, 4.375, 2.375 ], "texture": "#nabi" }
			}
		},
		{
			"__comment": "Voxels",
			"from": [ 21.5, 2, -2 ],
			"to": [ 23, 3, -1 ],
			"faces": {
				"down": { "uv": [ 4.125, 8.25, 4.5, 8.5 ], "texture": "#nabi" },
				"up": { "uv": [ 4, 8.25, 4.375, 8 ], "texture": "#nabi" },
				"north": { "uv": [ 4.375, 7.75, 4, 8 ], "texture": "#nabi" },
				"south": { "uv": [ 1.625, 1.875, 2, 2.125 ], "texture": "#nabi" },
				"west": { "uv": [ 1.75, 1.625, 2, 1.875 ], "texture": "#nabi" },
				"east": { "uv": [ 2, 1.375, 1.75, 1.625 ], "texture": "#nabi" }
			}
		},
		{
			"__comment": "Voxels",
			"from": [ 23, 2.5, -2 ],
			"to": [ 23.5, 3, -1 ],
			"faces": {
				"down": { "uv": [ 2, 1.875, 2.125, 2.125 ], "texture": "#nabi" },
				"up": { "uv": [ 2, 1.875, 2.125, 1.625 ], "texture": "#nabi" },
				"north": { "uv": [ 4.625, 4.125, 4.5, 4.25 ], "texture": "#nabi" },
				"south": { "uv": [ 4.5, 4, 4.625, 4.125 ], "texture": "#nabi" },
				"west": { "uv": [ 2.125, 1.375, 2.375, 1.5 ], "texture": "#nabi" },
				"east": { "uv": [ 2.375, 1.25, 2.125, 1.375 ], "texture": "#nabi" }
			}
		},
		{
			"__comment": "Voxels",
			"from": [ 24, 4.5, -2 ],
			"to": [ 24.5, 5, -1 ],
			"faces": {
				"down": { "uv": [ 2, 1.375, 2.125, 1.625 ], "texture": "#nabi" },
				"up": { "uv": [ 2.125, 1.25, 2.25, 1 ], "texture": "#nabi" },
				"north": { "uv": [ 4.625, 3.125, 4.5, 3.25 ], "texture": "#nabi" },
				"south": { "uv": [ 4.5, 3, 4.625, 3.125 ], "texture": "#nabi" },
				"west": { "uv": [ 0.25, 0.125, 0.5, 0.25 ], "texture": "#nabi" },
				"east": { "uv": [ 2.875, 2.375, 2.625, 2.5 ], "texture": "#nabi" }
			}
		}
	],
	"display": {
		"thirdperson_righthand": {
			"rotation":  [ 22, 0, 0 ],
			"translation":  [ 0, 2.0869, 4.8695 ],
			"scale":  [ 0.4, 0.4, 0.4 ]
		},
		"thirdperson_lefthand": {
			"rotation":  [ 22, 0, 0 ],
			"translation":  [ 0, 2.0869, 4.8695 ],
			"scale":  [ 0.4, 0.4, 0.4 ]
		},
		"firstperson_righthand": {
			"scale":  [ 0.5, 0.5, 0.5 ]
		},
		"firstperson_lefthand": {
			"scale":  [ 0.5, 0.5, 0.5 ]
		},
		"gui": {
			"translation":  [ 0, 0, 6.2608 ],
			"scale":  [ 0.5, 0.5, 0.5 ]
		},
		"head": {
			"translation":  [ 0, 12.521, 9.7391 ],
			"scale":  [ 0.5, 0.5, 0.5 ]
		},
		"ground": {
			"rotation":  [ -33, 0, 0 ],
			"translation":  [ 0, 6.2608, 0 ],
			"scale":  [ 0.5, 0.5, 0.5 ]
		},
		"fixed": {
			"translation":  [ 0, 0, 2.7826 ],
			"scale":  [ 0.5, 0.5, 0.5 ]
		}
	}
}