{
	"__comment": "haru_711",
	"textures": {
		"particle": "item/fish/piranya",
		"piranya": "item/fish/piranya"
	},
	"gui_light": "front",
	"elements": [ 	 
		{
			"__comment": "Voxels",
			"from": [ -1.5, 13, -5 ],
			"to": [ 18, 14.5, -4.5 ],
			"faces": {
				"down": { "uv": [ 0, 11.25, 4.875, 11.375 ], "texture": "#piranya" },
				"up": { "uv": [ 0, 11.5, 4.875, 11.375 ], "texture": "#piranya" },
				"north": { "uv": [ 4.875, 14.875, 0, 15.25 ], "texture": "#piranya" },
				"south": { "uv": [ 0, 14.5, 4.875, 14.875 ], "texture": "#piranya" },
				"west": { "uv": [ 5.75, 8, 5.875, 8.375 ], "texture": "#piranya" },
				"east": { "uv": [ 5.75, 8, 5.625, 8.375 ], "texture": "#piranya" }
			}
		},
		{
			"__comment": "Voxels",
			"from": [ -1.5, 14.5, -5 ],
			"to": [ 17.5, 15, -4.5 ],
			"faces": {
				"down": { "uv": [ 0, 11.125, 4.75, 11.25 ], "texture": "#piranya" },
				"up": { "uv": [ 0, 11.125, 4.75, 11 ], "texture": "#piranya" },
				"north": { "uv": [ 4.75, 10.875, 0, 11 ], "texture": "#piranya" },
				"south": { "uv": [ 0, 10.75, 4.75, 10.875 ], "texture": "#piranya" },
				"west": { "uv": [ 5.875, 12.875, 6, 13 ], "texture": "#piranya" },
				"east": { "uv": [ 15.75, 15.875, 15.625, 16 ], "texture": "#piranya" }
			}
		},
		{
			"__comment": "Voxels",
			"from": [ -1, 6.5, -5 ],
			"to": [ 17, 7, -4.5 ],
			"faces": {
				"down": { "uv": [ 0, 9.375, 4.5, 9.5 ], "texture": "#piranya" },
				"up": { "uv": [ 0, 9.375, 4.5, 9.25 ], "texture": "#piranya" },
				"north": { "uv": [ 4.5, 9.125, 0, 9.25 ], "texture": "#piranya" },
				"south": { "uv": [ 0, 8.25, 4.5, 8.375 ], "texture": "#piranya" },
				"west": { "uv": [ 15.75, 15.875, 15.875, 16 ], "texture": "#piranya" },
				"east": { "uv": [ 15.875, 15.75, 15.75, 15.875 ], "texture": "#piranya" }
			}
		},
		{
			"__comment": "Voxels",
			"from": [ -1, 7, -5 ],
			"to": [ 16.5, 8, -4.5 ],
			"faces": {
				"down": { "uv": [ 6, 15.375, 10.375, 15.5 ], "texture": "#piranya" },
				"up": { "uv": [ 10.375, 15.5, 14.75, 15.375 ], "texture": "#piranya" },
				"north": { "uv": [ 4.375, 13.25, 0, 13.5 ], "texture": "#piranya" },
				"south": { "uv": [ 0, 12.5, 4.375, 12.75 ], "texture": "#piranya" },
				"west": { "uv": [ 4.5, 8, 4.625, 8.25 ], "texture": "#piranya" },
				"east": { "uv": [ 4.75, 8, 4.625, 8.25 ], "texture": "#piranya" }
			}
		},
		{
			"__comment": "Voxels",
			"from": [ -1, 15, -5 ],
			"to": [ 17.5, 15.5, -4.5 ],
			"faces": {
				"down": { "uv": [ 0, 10, 4.625, 10.125 ], "texture": "#piranya" },
				"up": { "uv": [ 0, 9.625, 4.625, 9.5 ], "texture": "#piranya" },
				"north": { "uv": [ 4.625, 10.375, 0, 10.5 ], "texture": "#piranya" },
				"south": { "uv": [ 0, 10.25, 4.625, 10.375 ], "texture": "#piranya" },
				"west": { "uv": [ 15.875, 15.75, 16, 15.875 ], "texture": "#piranya" },
				"east": { "uv": [ 15.875, 15.375, 15.75, 15.5 ], "texture": "#piranya" }
			}
		},
		{
			"__comment": "Voxels",
			"from": [ -1, 15.5, -5 ],
			"to": [ 17, 16, -4.5 ],
			"faces": {
				"down": { "uv": [ 6, 15.875, 10.5, 16 ], "texture": "#piranya" },
				"up": { "uv": [ 10.5, 16, 15, 15.875 ], "texture": "#piranya" },
				"north": { "uv": [ 10.5, 15.625, 6, 15.75 ], "texture": "#piranya" },
				"south": { "uv": [ 0, 8.5, 4.5, 8.625 ], "texture": "#piranya" },
				"west": { "uv": [ 5.875, 13.375, 6, 13.5 ], "texture": "#piranya" },
				"east": { "uv": [ 6, 13.25, 5.875, 13.375 ], "texture": "#piranya" }
			}
		},
		{
			"__comment": "Voxels",
			"from": [ -0.5, 6, -5 ],
			"to": [ 17, 6.5, -4.5 ],
			"faces": {
				"down": { "uv": [ 10.375, 15, 14.75, 15.125 ], "texture": "#piranya" },
				"up": { "uv": [ 10.375, 15.375, 14.75, 15.25 ], "texture": "#piranya" },
				"north": { "uv": [ 10.375, 15.125, 6, 15.25 ], "texture": "#piranya" },
				"south": { "uv": [ 6, 15.25, 10.375, 15.375 ], "texture": "#piranya" },
				"west": { "uv": [ 5.875, 13.125, 6, 13.25 ], "texture": "#piranya" },
				"east": { "uv": [ 6, 13, 5.875, 13.125 ], "texture": "#piranya" }
			}
		},
		{
			"__comment": "Voxels",
			"from": [ -0.5, 11.5, -5 ],
			"to": [ 23.5, 13, -4.5 ],
			"faces": {
				"down": { "uv": [ 0, 12.25, 6, 12.375 ], "texture": "#piranya" },
				"up": { "uv": [ 0, 12.5, 6, 12.375 ], "texture": "#piranya" },
				"north": { "uv": [ 6, 15.25, 0, 15.625 ], "texture": "#piranya" },
				"south": { "uv": [ 0, 15.625, 6, 16 ], "texture": "#piranya" },
				"west": { "uv": [ 5.875, 8, 6, 8.375 ], "texture": "#piranya" },
				"east": { "uv": [ 6.125, 11.25, 6, 11.625 ], "texture": "#piranya" }
			}
		},
		{
			"__comment": "Voxels",
			"from": [ -0.5, 16, -5 ],
			"to": [ 17, 17, -4.5 ],
			"faces": {
				"down": { "uv": [ 6, 15, 10.375, 15.125 ], "texture": "#piranya" },
				"up": { "uv": [ 10.375, 15.25, 14.75, 15.125 ], "texture": "#piranya" },
				"north": { "uv": [ 4.375, 12.75, 0, 13 ], "texture": "#piranya" },
				"south": { "uv": [ 0, 13, 4.375, 13.25 ], "texture": "#piranya" },
				"west": { "uv": [ 5.875, 15, 6, 15.25 ], "texture": "#piranya" },
				"east": { "uv": [ 6.125, 11, 6, 11.25 ], "texture": "#piranya" }
			}
		},
		{
			"__comment": "Voxels",
			"from": [ 0, 5.5, -5 ],
			"to": [ 17, 6, -4.5 ],
			"faces": {
				"down": { "uv": [ 6, 14.625, 10.25, 14.75 ], "texture": "#piranya" },
				"up": { "uv": [ 10.25, 14.75, 14.5, 14.625 ], "texture": "#piranya" },
				"north": { "uv": [ 10.25, 14.5, 6, 14.625 ], "texture": "#piranya" },
				"south": { "uv": [ 10.25, 14.5, 14.5, 14.625 ], "texture": "#piranya" },
				"west": { "uv": [ 15.25, 15.25, 15.375, 15.375 ], "texture": "#piranya" },
				"east": { "uv": [ 15.25, 15.25, 15.125, 15.375 ], "texture": "#piranya" }
			}
		},
		{
			"__comment": "Voxels",
			"from": [ 0, 17, -5 ],
			"to": [ 18, 17.5, -4.5 ],
			"faces": {
				"down": { "uv": [ 6, 15.5, 10.5, 15.625 ], "texture": "#piranya" },
				"up": { "uv": [ 10.5, 15.625, 15, 15.5 ], "texture": "#piranya" },
				"north": { "uv": [ 4.5, 9, 0, 9.125 ], "texture": "#piranya" },
				"south": { "uv": [ 0, 8.875, 4.5, 9 ], "texture": "#piranya" },
				"west": { "uv": [ 15, 15.25, 15.125, 15.375 ], "texture": "#piranya" },
				"east": { "uv": [ 15, 15.25, 14.875, 15.375 ], "texture": "#piranya" }
			}
		},
		{
			"__comment": "Voxels",
			"from": [ 0.5, 8, -5 ],
			"to": [ 21, 9, -4.5 ],
			"faces": {
				"down": { "uv": [ 0, 11.625, 5.125, 11.75 ], "texture": "#piranya" },
				"up": { "uv": [ 0, 11.625, 5.125, 11.5 ], "texture": "#piranya" },
				"north": { "uv": [ 5.125, 14, 0, 14.25 ], "texture": "#piranya" },
				"south": { "uv": [ 0, 14.25, 5.125, 14.5 ], "texture": "#piranya" },
				"west": { "uv": [ 5.875, 14.625, 6, 14.875 ], "texture": "#piranya" },
				"east": { "uv": [ 6.125, 9.5, 6, 9.75 ], "texture": "#piranya" }
			}
		},
		{
			"__comment": "Voxels",
			"from": [ 0.5, 17.5, -5 ],
			"to": [ 18.5, 18, -4.5 ],
			"faces": {
				"down": { "uv": [ 0, 8.375, 4.5, 8.5 ], "texture": "#piranya" },
				"up": { "uv": [ 0, 8.25, 4.5, 8.125 ], "texture": "#piranya" },
				"north": { "uv": [ 4.5, 8, 0, 8.125 ], "texture": "#piranya" },
				"south": { "uv": [ 6, 15.75, 10.5, 15.875 ], "texture": "#piranya" },
				"west": { "uv": [ 15.625, 15.375, 15.75, 15.5 ], "texture": "#piranya" },
				"east": { "uv": [ 15.625, 15.375, 15.5, 15.5 ], "texture": "#piranya" }
			}
		},
		{
			"__comment": "Voxels",
			"from": [ 1.5, 5, -5 ],
			"to": [ 16, 5.5, -4.5 ],
			"faces": {
				"down": { "uv": [ 6, 13.625, 9.625, 13.75 ], "texture": "#piranya" },
				"up": { "uv": [ 6, 13.625, 9.625, 13.5 ], "texture": "#piranya" },
				"north": { "uv": [ 9.625, 13.375, 6, 13.5 ], "texture": "#piranya" },
				"south": { "uv": [ 6, 13.25, 9.625, 13.375 ], "texture": "#piranya" },
				"west": { "uv": [ 15.375, 15.375, 15.5, 15.5 ], "texture": "#piranya" },
				"east": { "uv": [ 15.125, 15.375, 15, 15.5 ], "texture": "#piranya" }
			}
		},
		{
			"__comment": "Voxels",
			"from": [ 1.5, 11, -5 ],
			"to": [ 23, 11.5, -4.5 ],
			"faces": {
				"down": { "uv": [ 0, 12, 5.375, 12.125 ], "texture": "#piranya" },
				"up": { "uv": [ 0, 12, 5.375, 11.875 ], "texture": "#piranya" },
				"north": { "uv": [ 5.375, 12.125, 0, 12.25 ], "texture": "#piranya" },
				"south": { "uv": [ 0, 11.75, 5.375, 11.875 ], "texture": "#piranya" },
				"west": { "uv": [ 14.875, 15.375, 15, 15.5 ], "texture": "#piranya" },
				"east": { "uv": [ 16, 15.5, 15.875, 15.625 ], "texture": "#piranya" }
			}
		},
		{
			"__comment": "Voxels",
			"from": [ 1.5, 18, -5 ],
			"to": [ 18.5, 18.5, -4.5 ],
			"faces": {
				"down": { "uv": [ 6, 14.875, 10.25, 15 ], "texture": "#piranya" },
				"up": { "uv": [ 10.25, 15, 14.5, 14.875 ], "texture": "#piranya" },
				"north": { "uv": [ 10.25, 14.75, 6, 14.875 ], "texture": "#piranya" },
				"south": { "uv": [ 10.25, 14.75, 14.5, 14.875 ], "texture": "#piranya" },
				"west": { "uv": [ 15.5, 15.5, 15.625, 15.625 ], "texture": "#piranya" },
				"east": { "uv": [ 15.5, 15.5, 15.375, 15.625 ], "texture": "#piranya" }
			}
		},
		{
			"__comment": "Voxels",
			"from": [ 2, 9, -5 ],
			"to": [ 20.5, 9.5, -4.5 ],
			"faces": {
				"down": { "uv": [ 0, 9.625, 4.625, 9.75 ], "texture": "#piranya" },
				"up": { "uv": [ 0, 9.875, 4.625, 9.75 ], "texture": "#piranya" },
				"north": { "uv": [ 4.625, 10.125, 0, 10.25 ], "texture": "#piranya" },
				"south": { "uv": [ 0, 9.875, 4.625, 10 ], "texture": "#piranya" },
				"west": { "uv": [ 15.25, 15.5, 15.375, 15.625 ], "texture": "#piranya" },
				"east": { "uv": [ 15.25, 15.5, 15.125, 15.625 ], "texture": "#piranya" }
			}
		},
		{
			"__comment": "Voxels",
			"from": [ 2, 9.5, -5 ],
			"to": [ 20, 10, -4.5 ],
			"faces": {
				"down": { "uv": [ 10.5, 15.625, 15, 15.75 ], "texture": "#piranya" },
				"up": { "uv": [ 10.5, 15.875, 15, 15.75 ], "texture": "#piranya" },
				"north": { "uv": [ 4.5, 8.75, 0, 8.875 ], "texture": "#piranya" },
				"south": { "uv": [ 0, 8.625, 4.5, 8.75 ], "texture": "#piranya" },
				"west": { "uv": [ 15.75, 15.625, 15.875, 15.75 ], "texture": "#piranya" },
				"east": { "uv": [ 15.625, 15.625, 15.5, 15.75 ], "texture": "#piranya" }
			}
		},
		{
			"__comment": "Voxels",
			"from": [ 2, 18.5, -5 ],
			"to": [ 18, 19, -4.5 ],
			"faces": {
				"down": { "uv": [ 6, 14.375, 10, 14.5 ], "texture": "#piranya" },
				"up": { "uv": [ 10, 14.5, 14, 14.375 ], "texture": "#piranya" },
				"north": { "uv": [ 10, 14.25, 6, 14.375 ], "texture": "#piranya" },
				"south": { "uv": [ 10, 14.25, 14, 14.375 ], "texture": "#piranya" },
				"west": { "uv": [ 15.375, 15.625, 15.5, 15.75 ], "texture": "#piranya" },
				"east": { "uv": [ 15.125, 15.625, 15, 15.75 ], "texture": "#piranya" }
			}
		},
		{
			"__comment": "Voxels",
			"from": [ 2.5, 10, -5 ],
			"to": [ 21.5, 11, -4.5 ],
			"faces": {
				"down": { "uv": [ 0, 10.625, 4.75, 10.75 ], "texture": "#piranya" },
				"up": { "uv": [ 0, 10.625, 4.75, 10.5 ], "texture": "#piranya" },
				"north": { "uv": [ 4.75, 13.5, 0, 13.75 ], "texture": "#piranya" },
				"south": { "uv": [ 0, 13.75, 4.75, 14 ], "texture": "#piranya" },
				"west": { "uv": [ 6, 9.75, 6.125, 10 ], "texture": "#piranya" },
				"east": { "uv": [ 6.125, 10, 6, 10.25 ], "texture": "#piranya" }
			}
		},
		{
			"__comment": "Voxels",
			"from": [ 2.5, 19, -5 ],
			"to": [ 17.5, 19.5, -4.5 ],
			"faces": {
				"down": { "uv": [ 6, 14.125, 9.75, 14.25 ], "texture": "#piranya" },
				"up": { "uv": [ 6, 14.125, 9.75, 14 ], "texture": "#piranya" },
				"north": { "uv": [ 9.75, 13.875, 6, 14 ], "texture": "#piranya" },
				"south": { "uv": [ 6, 13.75, 9.75, 13.875 ], "texture": "#piranya" },
				"west": { "uv": [ 15.625, 15.75, 15.75, 15.875 ], "texture": "#piranya" },
				"east": { "uv": [ 15.375, 15.75, 15.25, 15.875 ], "texture": "#piranya" }
			}
		},
		{
			"__comment": "Voxels",
			"from": [ 3, 4.5, -5 ],
			"to": [ 11.5, 5, -4.5 ],
			"faces": {
				"down": { "uv": [ 6, 11.75, 8.125, 11.875 ], "texture": "#piranya" },
				"up": { "uv": [ 6, 12, 8.125, 11.875 ], "texture": "#piranya" },
				"north": { "uv": [ 8.125, 12.125, 6, 12.25 ], "texture": "#piranya" },
				"south": { "uv": [ 6, 12, 8.125, 12.125 ], "texture": "#piranya" },
				"west": { "uv": [ 15.375, 15.875, 15.5, 16 ], "texture": "#piranya" },
				"east": { "uv": [ 15.375, 15.875, 15.25, 16 ], "texture": "#piranya" }
			}
		},
		{
			"__comment": "Voxels",
			"from": [ 4, 19.5, -5 ],
			"to": [ 17, 20, -4.5 ],
			"faces": {
				"down": { "uv": [ 6, 13.125, 9.25, 13.25 ], "texture": "#piranya" },
				"up": { "uv": [ 6, 13.125, 9.25, 13 ], "texture": "#piranya" },
				"north": { "uv": [ 9.25, 12.875, 6, 13 ], "texture": "#piranya" },
				"south": { "uv": [ 6, 12.75, 9.25, 12.875 ], "texture": "#piranya" },
				"west": { "uv": [ 15.125, 15.875, 15.25, 16 ], "texture": "#piranya" },
				"east": { "uv": [ 5.875, 8.75, 5.75, 8.875 ], "texture": "#piranya" }
			}
		},
		{
			"__comment": "Voxels",
			"from": [ 4.5, 4, -5 ],
			"to": [ 10.5, 4.5, -4.5 ],
			"faces": {
				"down": { "uv": [ 4.375, 12.625, 5.875, 12.75 ], "texture": "#piranya" },
				"up": { "uv": [ 4.375, 12.875, 5.875, 12.75 ], "texture": "#piranya" },
				"north": { "uv": [ 5.875, 12.875, 4.375, 13 ], "texture": "#piranya" },
				"south": { "uv": [ 4.375, 13, 5.875, 13.125 ], "texture": "#piranya" },
				"west": { "uv": [ 5.75, 8.875, 5.875, 9 ], "texture": "#piranya" },
				"east": { "uv": [ 6, 9, 5.875, 9.125 ], "texture": "#piranya" }
			}
		},
		{
			"__comment": "Voxels",
			"from": [ 6, 20, -5 ],
			"to": [ 17, 20.5, -4.5 ],
			"faces": {
				"down": { "uv": [ 6, 12.25, 8.75, 12.375 ], "texture": "#piranya" },
				"up": { "uv": [ 6, 12.5, 8.75, 12.375 ], "texture": "#piranya" },
				"north": { "uv": [ 8.75, 12.5, 6, 12.625 ], "texture": "#piranya" },
				"south": { "uv": [ 6, 12.625, 8.75, 12.75 ], "texture": "#piranya" },
				"west": { "uv": [ 5.875, 9.125, 6, 9.25 ], "texture": "#piranya" },
				"east": { "uv": [ 6, 10.5, 5.875, 10.625 ], "texture": "#piranya" }
			}
		},
		{
			"__comment": "Voxels",
			"from": [ 10, 20.5, -5 ],
			"to": [ 17, 21, -4.5 ],
			"faces": {
				"down": { "uv": [ 6, 11.625, 7.75, 11.75 ], "texture": "#piranya" },
				"up": { "uv": [ 14, 14.375, 15.75, 14.25 ], "texture": "#piranya" },
				"north": { "uv": [ 9.5, 11.625, 7.75, 11.75 ], "texture": "#piranya" },
				"south": { "uv": [ 14, 14.375, 15.75, 14.5 ], "texture": "#piranya" },
				"west": { "uv": [ 5.75, 10.5, 5.875, 10.625 ], "texture": "#piranya" },
				"east": { "uv": [ 6, 10.625, 5.875, 10.75 ], "texture": "#piranya" }
			}
		},
		{
			"__comment": "Voxels",
			"from": [ 10.5, 21, -5 ],
			"to": [ 16.5, 21.5, -4.5 ],
			"faces": {
				"down": { "uv": [ 4.375, 13.125, 5.875, 13.25 ], "texture": "#piranya" },
				"up": { "uv": [ 4.375, 13.375, 5.875, 13.25 ], "texture": "#piranya" },
				"north": { "uv": [ 5.875, 13.375, 4.375, 13.5 ], "texture": "#piranya" },
				"south": { "uv": [ 4.375, 12.5, 5.875, 12.625 ], "texture": "#piranya" },
				"west": { "uv": [ 5.75, 10.625, 5.875, 10.75 ], "texture": "#piranya" },
				"east": { "uv": [ 6, 10.75, 5.875, 10.875 ], "texture": "#piranya" }
			}
		},
		{
			"__comment": "Voxels",
			"from": [ 11, 21.5, -5 ],
			"to": [ 16.5, 22, -4.5 ],
			"faces": {
				"down": { "uv": [ 4.625, 10.375, 6, 10.5 ], "texture": "#piranya" },
				"up": { "uv": [ 4.625, 10.375, 6, 10.25 ], "texture": "#piranya" },
				"north": { "uv": [ 6, 10.125, 4.625, 10.25 ], "texture": "#piranya" },
				"south": { "uv": [ 4.625, 10, 6, 10.125 ], "texture": "#piranya" },
				"west": { "uv": [ 5.875, 10.875, 6, 11 ], "texture": "#piranya" },
				"east": { "uv": [ 6, 12.625, 5.875, 12.75 ], "texture": "#piranya" }
			}
		},
		{
			"__comment": "Voxels",
			"from": [ 11.5, 22, -5 ],
			"to": [ 16, 22.5, -4.5 ],
			"faces": {
				"down": { "uv": [ 4.75, 10.75, 5.875, 10.875 ], "texture": "#piranya" },
				"up": { "uv": [ 4.875, 15, 6, 14.875 ], "texture": "#piranya" },
				"north": { "uv": [ 6, 14.5, 4.875, 14.625 ], "texture": "#piranya" },
				"south": { "uv": [ 4.875, 11.375, 6, 11.5 ], "texture": "#piranya" },
				"west": { "uv": [ 5.875, 12.75, 6, 12.875 ], "texture": "#piranya" },
				"east": { "uv": [ 6, 11, 5.875, 11.125 ], "texture": "#piranya" }
			}
		},
		{
			"__comment": "Voxels",
			"from": [ 12, 4, -5 ],
			"to": [ 15, 5, -4.5 ],
			"faces": {
				"down": { "uv": [ 4.875, 8.625, 5.625, 8.75 ], "texture": "#piranya" },
				"up": { "uv": [ 4.875, 8.625, 5.625, 8.5 ], "texture": "#piranya" },
				"north": { "uv": [ 5.875, 14.25, 5.125, 14.5 ], "texture": "#piranya" },
				"south": { "uv": [ 5.125, 14, 5.875, 14.25 ], "texture": "#piranya" },
				"west": { "uv": [ 4.75, 8, 4.875, 8.25 ], "texture": "#piranya" },
				"east": { "uv": [ 6, 14.25, 5.875, 14.5 ], "texture": "#piranya" }
			}
		},
		{
			"__comment": "Voxels",
			"from": [ 12, 22.5, -5 ],
			"to": [ 15.5, 23, -4.5 ],
			"faces": {
				"down": { "uv": [ 4.5, 9.125, 5.375, 9.25 ], "texture": "#piranya" },
				"up": { "uv": [ 4.625, 10, 5.5, 9.875 ], "texture": "#piranya" },
				"north": { "uv": [ 5.375, 9, 4.5, 9.125 ], "texture": "#piranya" },
				"south": { "uv": [ 4.5, 8.875, 5.375, 9 ], "texture": "#piranya" },
				"west": { "uv": [ 5.875, 12.5, 6, 12.625 ], "texture": "#piranya" },
				"east": { "uv": [ 6, 11.125, 5.875, 11.25 ], "texture": "#piranya" }
			}
		},
		{
			"__comment": "Voxels",
			"from": [ 12.5, 3, -5 ],
			"to": [ 14, 4, -4.5 ],
			"faces": {
				"down": { "uv": [ 5.375, 8.75, 5.75, 8.875 ], "texture": "#piranya" },
				"up": { "uv": [ 5.375, 9, 5.75, 8.875 ], "texture": "#piranya" },
				"north": { "uv": [ 4.875, 8.25, 4.5, 8.5 ], "texture": "#piranya" },
				"south": { "uv": [ 4.5, 8.5, 4.875, 8.75 ], "texture": "#piranya" },
				"west": { "uv": [ 5.875, 14, 6, 14.25 ], "texture": "#piranya" },
				"east": { "uv": [ 6.125, 10.75, 6, 11 ], "texture": "#piranya" }
			}
		},
		{
			"__comment": "Voxels",
			"from": [ 12.5, 23, -5 ],
			"to": [ 15.5, 23.5, -4.5 ],
			"faces": {
				"down": { "uv": [ 4.875, 8, 5.625, 8.125 ], "texture": "#piranya" },
				"up": { "uv": [ 4.875, 8.25, 5.625, 8.125 ], "texture": "#piranya" },
				"north": { "uv": [ 5.625, 8.25, 4.875, 8.375 ], "texture": "#piranya" },
				"south": { "uv": [ 4.875, 8.375, 5.625, 8.5 ], "texture": "#piranya" },
				"west": { "uv": [ 5.875, 9.375, 6, 9.5 ], "texture": "#piranya" },
				"east": { "uv": [ 6, 9.25, 5.875, 9.375 ], "texture": "#piranya" }
			}
		},
		{
			"__comment": "Voxels",
			"from": [ 13.5, 23.5, -5 ],
			"to": [ 15.5, 24, -4.5 ],
			"faces": {
				"down": { "uv": [ 5.5, 9.75, 6, 9.875 ], "texture": "#piranya" },
				"up": { "uv": [ 5.375, 9.125, 5.875, 9 ], "texture": "#piranya" },
				"north": { "uv": [ 6, 9.875, 5.5, 10 ], "texture": "#piranya" },
				"south": { "uv": [ 5.5, 9.625, 6, 9.75 ], "texture": "#piranya" },
				"west": { "uv": [ 5.875, 8.875, 6, 9 ], "texture": "#piranya" },
				"east": { "uv": [ 15.75, 15.625, 15.625, 15.75 ], "texture": "#piranya" }
			}
		},
		{
			"__comment": "Voxels",
			"from": [ 14, 3.5, -5 ],
			"to": [ 14.5, 4, -4.5 ],
			"faces": {
				"down": { "uv": [ 5.875, 8.75, 6, 8.875 ], "texture": "#piranya" },
				"up": { "uv": [ 5.625, 8.75, 5.75, 8.625 ], "texture": "#piranya" },
				"north": { "uv": [ 5.875, 8.625, 5.75, 8.75 ], "texture": "#piranya" },
				"south": { "uv": [ 15.5, 15.875, 15.625, 16 ], "texture": "#piranya" },
				"west": { "uv": [ 5.875, 8.625, 6, 8.75 ], "texture": "#piranya" },
				"east": { "uv": [ 5.75, 8.5, 5.625, 8.625 ], "texture": "#piranya" }
			}
		},
		{
			"__comment": "Voxels",
			"from": [ 15, 4.5, -5 ],
			"to": [ 15.5, 5, -4.5 ],
			"faces": {
				"down": { "uv": [ 5.75, 8.5, 5.875, 8.625 ], "texture": "#piranya" },
				"up": { "uv": [ 5.875, 8.625, 6, 8.5 ], "texture": "#piranya" },
				"north": { "uv": [ 5.75, 8.375, 5.625, 8.5 ], "texture": "#piranya" },
				"south": { "uv": [ 5.75, 8.375, 5.875, 8.5 ], "texture": "#piranya" },
				"west": { "uv": [ 5.875, 8.375, 6, 8.5 ], "texture": "#piranya" },
				"east": { "uv": [ 15.125, 15.875, 15, 16 ], "texture": "#piranya" }
			}
		},
		{
			"__comment": "Voxels",
			"from": [ 17, 7, -5 ],
			"to": [ 21, 8, -4.5 ],
			"faces": {
				"down": { "uv": [ 4.75, 10.5, 5.75, 10.625 ], "texture": "#piranya" },
				"up": { "uv": [ 4.75, 10.75, 5.75, 10.625 ], "texture": "#piranya" },
				"north": { "uv": [ 5.875, 14.625, 4.875, 14.875 ], "texture": "#piranya" },
				"south": { "uv": [ 4.875, 15, 5.875, 15.25 ], "texture": "#piranya" },
				"west": { "uv": [ 6, 10.5, 6.125, 10.75 ], "texture": "#piranya" },
				"east": { "uv": [ 6.125, 10.25, 6, 10.5 ], "texture": "#piranya" }
			}
		},
		{
			"__comment": "Voxels",
			"from": [ 17, 16.5, -5 ],
			"to": [ 17.5, 17, -4.5 ],
			"faces": {
				"down": { "uv": [ 15.875, 15.875, 16, 16 ], "texture": "#piranya" },
				"up": { "uv": [ 15, 15.875, 15.125, 15.75 ], "texture": "#piranya" },
				"north": { "uv": [ 15.25, 15.75, 15.125, 15.875 ], "texture": "#piranya" },
				"south": { "uv": [ 14.75, 15.375, 14.875, 15.5 ], "texture": "#piranya" },
				"west": { "uv": [ 15.375, 15.75, 15.5, 15.875 ], "texture": "#piranya" },
				"east": { "uv": [ 15.625, 15.75, 15.5, 15.875 ], "texture": "#piranya" }
			}
		},
		{
			"__comment": "Voxels",
			"from": [ 17.5, 6.5, -5 ],
			"to": [ 21, 7, -4.5 ],
			"faces": {
				"down": { "uv": [ 5.125, 11.625, 6, 11.75 ], "texture": "#piranya" },
				"up": { "uv": [ 4.5, 8.875, 5.375, 8.75 ], "texture": "#piranya" },
				"north": { "uv": [ 6, 11.5, 5.125, 11.625 ], "texture": "#piranya" },
				"south": { "uv": [ 4.625, 9.625, 5.5, 9.75 ], "texture": "#piranya" },
				"west": { "uv": [ 15.125, 15.625, 15.25, 15.75 ], "texture": "#piranya" },
				"east": { "uv": [ 15.375, 15.625, 15.25, 15.75 ], "texture": "#piranya" }
			}
		},
		{
			"__comment": "Voxels",
			"from": [ 18.5, 6, -5 ],
			"to": [ 20.5, 6.5, -4.5 ],
			"faces": {
				"down": { "uv": [ 5.375, 9.125, 5.875, 9.25 ], "texture": "#piranya" },
				"up": { "uv": [ 5.375, 9.375, 5.875, 9.25 ], "texture": "#piranya" },
				"north": { "uv": [ 6, 9.5, 5.5, 9.625 ], "texture": "#piranya" },
				"south": { "uv": [ 5.375, 9.375, 5.875, 9.5 ], "texture": "#piranya" },
				"west": { "uv": [ 15.875, 15.625, 16, 15.75 ], "texture": "#piranya" },
				"east": { "uv": [ 15.125, 15.5, 15, 15.625 ], "texture": "#piranya" }
			}
		},
		{
			"__comment": "Voxels",
			"from": [ 18.5, 13, -5 ],
			"to": [ 23.5, 13.5, -4.5 ],
			"faces": {
				"down": { "uv": [ 4.75, 13.625, 6, 13.75 ], "texture": "#piranya" },
				"up": { "uv": [ 4.75, 13.875, 6, 13.75 ], "texture": "#piranya" },
				"north": { "uv": [ 6, 13.875, 4.75, 14 ], "texture": "#piranya" },
				"south": { "uv": [ 4.75, 13.5, 6, 13.625 ], "texture": "#piranya" },
				"west": { "uv": [ 15.625, 15.5, 15.75, 15.625 ], "texture": "#piranya" },
				"east": { "uv": [ 15.875, 15.5, 15.75, 15.625 ], "texture": "#piranya" }
			}
		},
		{
			"__comment": "Voxels",
			"from": [ 19, 13.5, -5 ],
			"to": [ 23.5, 14, -4.5 ],
			"faces": {
				"down": { "uv": [ 4.75, 11.125, 5.875, 11.25 ], "texture": "#piranya" },
				"up": { "uv": [ 4.75, 11, 5.875, 10.875 ], "texture": "#piranya" },
				"north": { "uv": [ 5.875, 11, 4.75, 11.125 ], "texture": "#piranya" },
				"south": { "uv": [ 4.875, 11.25, 6, 11.375 ], "texture": "#piranya" },
				"west": { "uv": [ 15.125, 15.375, 15.25, 15.5 ], "texture": "#piranya" },
				"east": { "uv": [ 15.375, 15.375, 15.25, 15.5 ], "texture": "#piranya" }
			}
		},
		{
			"__comment": "Voxels",
			"from": [ 19.5, 14, -5 ],
			"to": [ 23, 14.5, -4.5 ],
			"faces": {
				"down": { "uv": [ 4.625, 9.75, 5.5, 9.875 ], "texture": "#piranya" },
				"up": { "uv": [ 4.625, 9.625, 5.5, 9.5 ], "texture": "#piranya" },
				"north": { "uv": [ 5.375, 9.375, 4.5, 9.5 ], "texture": "#piranya" },
				"south": { "uv": [ 4.5, 9.25, 5.375, 9.375 ], "texture": "#piranya" },
				"west": { "uv": [ 15.875, 15.375, 16, 15.5 ], "texture": "#piranya" },
				"east": { "uv": [ 14.875, 15.25, 14.75, 15.375 ], "texture": "#piranya" }
			}
		},
		{
			"__comment": "Voxels",
			"from": [ 20, 14.5, -5 ],
			"to": [ 22.5, 15, -4.5 ],
			"faces": {
				"down": { "uv": [ 5.375, 12, 6, 12.125 ], "texture": "#piranya" },
				"up": { "uv": [ 5.375, 12, 6, 11.875 ], "texture": "#piranya" },
				"north": { "uv": [ 6, 11.75, 5.375, 11.875 ], "texture": "#piranya" },
				"south": { "uv": [ 5.375, 12.125, 6, 12.25 ], "texture": "#piranya" },
				"west": { "uv": [ 15.375, 15.25, 15.5, 15.375 ], "texture": "#piranya" },
				"east": { "uv": [ 15.625, 15.25, 15.5, 15.375 ], "texture": "#piranya" }
			}
		},
		{
			"__comment": "Voxels",
			"from": [ 21.5, 10.5, -5 ],
			"to": [ 22, 11, -4.5 ],
			"faces": {
				"down": { "uv": [ 15.625, 15.25, 15.75, 15.375 ], "texture": "#piranya" },
				"up": { "uv": [ 15.75, 15.375, 15.875, 15.25 ], "texture": "#piranya" },
				"north": { "uv": [ 16, 15.25, 15.875, 15.375 ], "texture": "#piranya" },
				"south": { "uv": [ 14.75, 15.125, 14.875, 15.25 ], "texture": "#piranya" },
				"west": { "uv": [ 14.875, 15.125, 15, 15.25 ], "texture": "#piranya" },
				"east": { "uv": [ 15.125, 15.125, 15, 15.25 ], "texture": "#piranya" }
			}
		}
	],
	"display": {
		"thirdperson_righthand": {
			"rotation":  [ 0, 2, -23 ],
			"translation":  [ -2.782, 1.3912, 6.2608 ],
			"scale":  [ 0.3, 0.3, 0.3 ]
		},
		"thirdperson_lefthand": {
			"rotation":  [ 0, 2, 111 ],
			"translation":  [ -0.695, 4.1738, 6.2608 ],
			"scale":  [ 0.3, 0.3, 0.3 ]
		},
		"firstperson_righthand": {
			"rotation":  [ 0, 0, -14 ],
			"translation":  [ 6.2608, -2.782, 0 ],
			"scale":  [ 0.7, 0.7, 0.7 ]
		},
		"firstperson_lefthand": {
			"rotation":  [ 180, 2, -149 ],
			"translation":  [ 4.1732, -1.391, -16.68 ],
			"scale":  [ 0.7, 0.7, 0.7 ]
		},
		"gui": {
			"rotation":  [ 0, 0, -9 ],
			"translation":  [ -2.085, -2.086, 9.0434 ],
			"scale":  [ 0.6, 0.6, 0.6 ]
		},
		"head": {
			"rotation":  [ 0, 0, -6 ],
			"translation":  [ -2.086, 9.7391, 11.13 ],
			"scale":  [ 0.5, 0.5, 0.5 ]
		},
		"ground": {
			"rotation":  [ -14, 0, 0 ],
			"translation":  [ 2.0869, 5.5652, 0 ],
			"scale":  [ 0.6, 0.6, 0.6 ]
		},
		"fixed": {
			"rotation":  [ 0, 180, -14 ],
			"translation":  [ 2.7826, -2.086, -7.651 ],
			"scale":  [ 0.7, 0.7, 0.4304 ]
		}
	}
}