{
	"credit": "Made with Blockbench",
	"texture_size": [64, 64],
	"textures": {
		"0": "item/etc/fishing",
		"particle": "item/etc/fishing"
	},
	"gui_light": "front",
	"elements": [
		{
			"from": [-6.5, -14, 7],
			"to": [-3.5, 1, 9],
			"rotation": {"angle": 0, "axis": "y", "origin": [1.5, -6, 15]},
			"faces": {
				"north": {"uv": [0, 0, 0.75, 3.75], "texture": "#0"},
				"east": {"uv": [3.5, 3.5, 4, 7.25], "texture": "#0"},
				"south": {"uv": [0.75, 0.75, 1.5, 4.5], "texture": "#0"},
				"west": {"uv": [0, 3.75, 0.5, 7.5], "texture": "#0"},
				"up": {"uv": [7.75, 8, 7, 7.5], "texture": "#0"},
				"down": {"uv": [8.25, 4.5, 7.5, 5], "texture": "#0"}
			}
		},
		{
			"from": [-7, -16, 6.5],
			"to": [-3, -14, 9.5],
			"rotation": {"angle": 0, "axis": "y", "origin": [2, -8, 14.5]},
			"faces": {
				"north": {"uv": [6.75, 6, 7.75, 6.5], "texture": "#0"},
				"east": {"uv": [0.75, 0, 1.5, 0.5], "texture": "#0"},
				"south": {"uv": [7, 0, 8, 0.5], "texture": "#0"},
				"west": {"uv": [6, 7, 6.75, 7.5], "texture": "#0"},
				"up": {"uv": [5.5, 3.75, 4.5, 3], "texture": "#0"},
				"down": {"uv": [5.5, 3.75, 4.5, 4.5], "texture": "#0"}
			}
		},
		{
			"from": [-7, -2.5, 6.5],
			"to": [-3, -0.5, 9.5],
			"rotation": {"angle": 0, "axis": "y", "origin": [2, 5.5, 14.5]},
			"faces": {
				"north": {"uv": [7, 0.5, 8, 1], "texture": "#0"},
				"east": {"uv": [7.5, 5, 8.25, 5.5], "texture": "#0"},
				"south": {"uv": [7, 1, 8, 1.5], "texture": "#0"},
				"west": {"uv": [7.5, 5.5, 8.25, 6], "texture": "#0"},
				"up": {"uv": [7, 1.5, 6, 0.75], "texture": "#0"},
				"down": {"uv": [7, 1.5, 6, 2.25], "texture": "#0"}
			}
		},
		{
			"from": [-6.5, 11.5, 6.5],
			"to": [-2.5, 13.5, 9.5],
			"rotation": {"angle": 0, "axis": "y", "origin": [2.5, 19.5, 14.5]},
			"faces": {
				"north": {"uv": [7, 2.5, 8, 3], "texture": "#0"},
				"east": {"uv": [7.75, 7.75, 8.5, 8.25], "texture": "#0"},
				"south": {"uv": [7, 3, 8, 3.5], "texture": "#0"},
				"west": {"uv": [7.75, 6, 8.5, 6.5], "texture": "#0"},
				"up": {"uv": [7, 3, 6, 2.25], "texture": "#0"},
				"down": {"uv": [7, 3, 6, 3.75], "texture": "#0"}
			}
		},
		{
			"from": [0, 18.5, 6.5],
			"to": [4, 20.5, 9.5],
			"rotation": {"angle": -22.5, "axis": "z", "origin": [9, 26.5, 14.5]},
			"faces": {
				"north": {"uv": [7.25, 3.5, 8.25, 4], "texture": "#0"},
				"east": {"uv": [7.75, 6.5, 8.5, 7], "texture": "#0"},
				"south": {"uv": [7.25, 4, 8.25, 4.5], "texture": "#0"},
				"west": {"uv": [7.75, 7, 8.5, 7.5], "texture": "#0"},
				"up": {"uv": [7.25, 4.5, 6.25, 3.75], "texture": "#0"},
				"down": {"uv": [7.5, 4.5, 6.5, 5.25], "texture": "#0"}
			}
		},
		{
			"from": [10.75, 25.25, 6.5],
			"to": [14.75, 27.25, 9.5],
			"rotation": {"angle": -45, "axis": "z", "origin": [19.75, 33.25, 14.5]},
			"faces": {
				"north": {"uv": [0, 7.5, 1, 8], "texture": "#0"},
				"east": {"uv": [0, 8, 0.75, 8.5], "texture": "#0"},
				"south": {"uv": [6, 7.5, 7, 8], "texture": "#0"},
				"west": {"uv": [0.75, 8, 1.5, 8.5], "texture": "#0"},
				"up": {"uv": [7.5, 6, 6.5, 5.25], "texture": "#0"},
				"down": {"uv": [7.75, 6.75, 6.75, 7.5], "texture": "#0"}
			}
		},
		{
			"from": [-3.25, -3.5, 6.5],
			"to": [0.75, 0.5, 9.5],
			"rotation": {"angle": 0, "axis": "y", "origin": [4.75, 4.5, 15.5]},
			"faces": {
				"north": {"uv": [3.5, 2.5, 4.5, 3.5], "texture": "#0"},
				"east": {"uv": [5.5, 3.75, 6.25, 4.75], "texture": "#0"},
				"south": {"uv": [4, 0, 5, 1], "texture": "#0"},
				"west": {"uv": [6, 6, 6.75, 7], "texture": "#0"},
				"up": {"uv": [6.5, 5.5, 5.5, 4.75], "texture": "#0"},
				"down": {"uv": [7, 0, 6, 0.75], "texture": "#0"}
			}
		},
		{
			"from": [-3.5, -4, 9.5],
			"to": [1.5, 1, 10.5],
			"rotation": {"angle": 0, "axis": "y", "origin": [4.5, 5, 16.5]},
			"faces": {
				"north": {"uv": [1.5, 0, 2.75, 1.25], "texture": "#0"},
				"east": {"uv": [3.5, 7.25, 3.75, 8.5], "texture": "#0"},
				"south": {"uv": [2.5, 1.25, 3.75, 2.5], "texture": "#0"},
				"west": {"uv": [3.75, 7.25, 4, 8.5], "texture": "#0"},
				"up": {"uv": [9, 7.75, 7.75, 7.5], "texture": "#0"},
				"down": {"uv": [5.25, 8, 4, 8.25], "texture": "#0"}
			}
		},
		{
			"from": [-3.5, -4, 5.5],
			"to": [1.5, 1, 6.5],
			"rotation": {"angle": 0, "axis": "y", "origin": [4.5, 5, 12.5]},
			"faces": {
				"north": {"uv": [2.75, 0, 4, 1.25], "texture": "#0"},
				"east": {"uv": [3, 8, 3.25, 9.25], "texture": "#0"},
				"south": {"uv": [3.75, 1.25, 5, 2.5], "texture": "#0"},
				"west": {"uv": [3.25, 8, 3.5, 9.25], "texture": "#0"},
				"up": {"uv": [7.25, 8.25, 6, 8], "texture": "#0"},
				"down": {"uv": [9.25, 0, 8, 0.25], "texture": "#0"}
			}
		},
		{
			"from": [-6, 1, 7],
			"to": [-4, 13, 9],
			"rotation": {"angle": 0, "axis": "z", "origin": [2, 10, 15]},
			"faces": {
				"north": {"uv": [4, 4, 4.5, 7], "texture": "#0"},
				"east": {"uv": [0.5, 4.5, 1, 7.5], "texture": "#0"},
				"south": {"uv": [1, 4.5, 1.5, 7.5], "texture": "#0"},
				"west": {"uv": [4.5, 4.5, 5, 7.5], "texture": "#0"},
				"up": {"uv": [2.5, 1.75, 2, 1.25], "texture": "#0"},
				"down": {"uv": [3.5, 2.5, 3, 3], "texture": "#0"}
			}
		},
		{
			"from": [-3.16481, 9.25345, 7],
			"to": [-1.16481, 21.25345, 9],
			"rotation": {"angle": -22.5, "axis": "z", "origin": [4.83519, 18.25345, 15]},
			"faces": {
				"north": {"uv": [5, 5, 5.5, 8], "texture": "#0"},
				"east": {"uv": [5, 0, 5.5, 3], "texture": "#0"},
				"south": {"uv": [1.5, 5.5, 2, 8.5], "texture": "#0"},
				"west": {"uv": [5.5, 5.5, 6, 8.5], "texture": "#0"},
				"up": {"uv": [5.5, 5, 5, 4.5], "texture": "#0"},
				"down": {"uv": [6.5, 5.5, 6, 6], "texture": "#0"}
			}
		},
		{
			"from": [2.61302, 15.79366, 7],
			"to": [4.61302, 32, 9],
			"rotation": {"angle": -45, "axis": "z", "origin": [10.61302, 24.79366, 15]},
			"faces": {
				"north": {"uv": [1.5, 1.5, 2, 5.5], "texture": "#0"},
				"east": {"uv": [2, 2, 2.5, 6], "texture": "#0"},
				"south": {"uv": [2.5, 2.5, 3, 6.5], "texture": "#0"},
				"west": {"uv": [3, 3, 3.5, 7], "texture": "#0"},
				"up": {"uv": [1.5, 8, 1, 7.5], "texture": "#0"},
				"down": {"uv": [5, 7.5, 4.5, 8], "texture": "#0"}
			}
		},
		{
			"from": [-1.5, -2, 10.5],
			"to": [2.5, -1, 11.5],
			"rotation": {"angle": 0, "axis": "y", "origin": [6.5, 6, 18.5]},
			"faces": {
				"north": {"uv": [4, 1, 5, 1.25], "texture": "#0"},
				"east": {"uv": [0.75, 0.5, 1, 0.75], "texture": "#0"},
				"south": {"uv": [6.75, 6.5, 7.75, 6.75], "texture": "#0"},
				"west": {"uv": [1, 0.5, 1.25, 0.75], "texture": "#0"},
				"up": {"uv": [9, 1, 8, 0.75], "texture": "#0"},
				"down": {"uv": [9, 1, 8, 1.25], "texture": "#0"}
			}
		},
		{
			"from": [1.5, -2, 11.5],
			"to": [2.5, -1, 16.5],
			"rotation": {"angle": 0, "axis": "y", "origin": [6.5, 6, 19.5]},
			"faces": {
				"north": {"uv": [1.25, 0.5, 1.5, 0.75], "texture": "#0"},
				"east": {"uv": [8, 0.25, 9.25, 0.5], "texture": "#0"},
				"south": {"uv": [1.5, 1.25, 1.75, 1.5], "texture": "#0"},
				"west": {"uv": [8, 0.5, 9.25, 0.75], "texture": "#0"},
				"up": {"uv": [5.5, 9.25, 5.25, 8], "texture": "#0"},
				"down": {"uv": [7.5, 8, 7.25, 9.25], "texture": "#0"}
			}
		},
		{
			"from": [1, -2.5, 12],
			"to": [3, -0.5, 16],
			"rotation": {"angle": 0, "axis": "y", "origin": [6, 5.5, 20]},
			"faces": {
				"north": {"uv": [4, 3.5, 4.5, 4], "texture": "#0"},
				"east": {"uv": [7, 1.5, 8, 2], "texture": "#0"},
				"south": {"uv": [4.5, 2.5, 5, 3], "texture": "#0"},
				"west": {"uv": [7, 2, 8, 2.5], "texture": "#0"},
				"up": {"uv": [3.5, 8, 3, 7], "texture": "#0"},
				"down": {"uv": [4.5, 7, 4, 8], "texture": "#0"}
			}
		},
		{
			"from": [-4, -1, 8],
			"to": [-3, 13, 8],
			"rotation": {"angle": 0, "axis": "y", "origin": [4, 8, 15]},
			"faces": {
				"north": {"uv": [2, 6, 2.25, 9.5], "texture": "#0"},
				"east": {"uv": [0, 0, 0, 3.5], "texture": "#0"},
				"south": {"uv": [2.25, 6, 2.5, 9.5], "texture": "#0"},
				"west": {"uv": [0, 0, 0, 3.5], "texture": "#0"},
				"up": {"uv": [0.25, 0, 0, 0], "texture": "#0"},
				"down": {"uv": [0.25, 0, 0, 0], "texture": "#0"}
			}
		},
		{
			"from": [-1.5, 9, 8],
			"to": [-0.5, 20, 8],
			"rotation": {"angle": -22.5, "axis": "z", "origin": [6.5, 17, 15]},
			"faces": {
				"north": {"uv": [2.5, 6.5, 2.75, 9.25], "texture": "#0"},
				"east": {"uv": [0, 0, 0, 2.75], "texture": "#0"},
				"south": {"uv": [2.75, 6.5, 3, 9.25], "texture": "#0"},
				"west": {"uv": [0, 0, 0, 2.75], "texture": "#0"},
				"up": {"uv": [0.25, 0, 0, 0], "texture": "#0"},
				"down": {"uv": [0.25, 0, 0, 0], "texture": "#0"}
			}
		},
		{
			"from": [3.5, 15, 8],
			"to": [4.5, 30, 8],
			"rotation": {"angle": -45, "axis": "z", "origin": [11.5, 23, 15]},
			"faces": {
				"north": {"uv": [5.5, 0, 5.75, 3.75], "texture": "#0"},
				"east": {"uv": [0, 0, 0, 3.75], "texture": "#0"},
				"south": {"uv": [5.75, 0, 6, 3.75], "texture": "#0"},
				"west": {"uv": [0, 0, 0, 3.75], "texture": "#0"},
				"up": {"uv": [0.25, 0, 0, 0], "texture": "#0"},
				"down": {"uv": [0.25, 0, 0, 0], "texture": "#0"}
			}
		}
	],
	"display": {
		"thirdperson_righthand": {
			"rotation": [0, 90, 0],
			"translation": [-0.5, 10, -7.5],
			"scale": [0.7, 0.7, 0.7]
		},
		"thirdperson_lefthand": {
			"rotation": [0, -90, 0],
			"translation": [-0.25, 10.25, -7.25],
			"scale": [0.7, 0.7, 0.7]
		},
		"firstperson_righthand": {
			"rotation": [-34, 90, 0],
			"translation": [2.75, 5, -9],
			"scale": [0.7, 0.7, 0.7]
		},
		"firstperson_lefthand": {
			"rotation": [-34, -90, 0],
			"translation": [-0.75, 5.75, -6.25],
			"scale": [0.7, 0.7, 0.7]
		},
		"ground": {
			"rotation": [0, 0, -84],
			"scale": [0.7, 0.7, 0.7]
		},
		"gui": {
			"rotation": [38, 21, -29],
			"translation": [1.5, -1.25, 0],
			"scale": [0.4, 0.4, 0.4]
		},
		"head": {
			"rotation": [0, 0, -38],
			"translation": [7, -22, 4.75]
		},
		"fixed": {
			"rotation": [0, 0, -34],
			"translation": [2.75, -5.5, -1.75],
			"scale": [0.7, 0.7, 0.7]
		}
	}
}