{
	"__comment": "moon",
	"textures": {
		"particle": "item/fish/rainbow",
		"rainbow": "item/fish/rainbow"
	},
	"elements": [ 	 
		{
			"__comment": "Voxels",
			"from": [ -6.9333, 7.4667, -2.6667 ],
			"to": [ 26.6667, 8.000033, -0.00003314 ],
			"faces": {
				"down": { "uv": [ 0, 15.375, 7.875, 16 ], "texture": "#rainbow" },
				"up": { "uv": [ 0, 15.375, 7.875, 14.75 ], "texture": "#rainbow" },
				"north": { "uv": [ 7.875, 14.625, 0, 14.75 ], "texture": "#rainbow" },
				"south": { "uv": [ 0, 14.5, 7.875, 14.625 ], "texture": "#rainbow" },
				"west": { "uv": [ 7.25, 12.125, 7.875, 12.25 ], "texture": "#rainbow" },
				"east": { "uv": [ 7.875, 12, 7.25, 12.125 ], "texture": "#rainbow" }
			}
		},
		{
			"__comment": "Voxels",
			"from": [ -6.4, 7.4667, -3.2 ],
			"to": [ 26.66667, 8.000033, -2.666667 ],
			"faces": {
				"down": { "uv": [ 0, 14.375, 7.75, 14.5 ], "texture": "#rainbow" },
				"up": { "uv": [ 0, 14.375, 7.75, 14.25 ], "texture": "#rainbow" },
				"north": { "uv": [ 7.75, 14.125, 0, 14.25 ], "texture": "#rainbow" },
				"south": { "uv": [ 0, 14, 7.75, 14.125 ], "texture": "#rainbow" },
				"west": { "uv": [ 7.5, 8.875, 7.625, 9 ], "texture": "#rainbow" },
				"east": { "uv": [ 7.75, 8.875, 7.625, 9 ], "texture": "#rainbow" }
			}
		},
		{
			"__comment": "Voxels",
			"from": [ -6.4, 7.4667, 0 ],
			"to": [ 26.66667, 8.000033, 0.5333334 ],
			"faces": {
				"down": { "uv": [ 0, 13.875, 7.75, 14 ], "texture": "#rainbow" },
				"up": { "uv": [ 0, 13.875, 7.75, 13.75 ], "texture": "#rainbow" },
				"north": { "uv": [ 7.75, 13.625, 0, 13.75 ], "texture": "#rainbow" },
				"south": { "uv": [ 0, 13.5, 7.75, 13.625 ], "texture": "#rainbow" },
				"west": { "uv": [ 7.25, 8.5, 7.375, 8.625 ], "texture": "#rainbow" },
				"east": { "uv": [ 7.875, 8.625, 7.75, 8.75 ], "texture": "#rainbow" }
			}
		},
		{
			"__comment": "Voxels",
			"from": [ -6.4, 7.4667, 0.5333 ],
			"to": [ 20.8, 8.000033, 1.066633 ],
			"faces": {
				"down": { "uv": [ 0, 10.25, 6.375, 10.375 ], "texture": "#rainbow" },
				"up": { "uv": [ 0, 10.625, 6.375, 10.5 ], "texture": "#rainbow" },
				"north": { "uv": [ 6.375, 10.625, 0, 10.75 ], "texture": "#rainbow" },
				"south": { "uv": [ 0, 10.375, 6.375, 10.5 ], "texture": "#rainbow" },
				"west": { "uv": [ 7.75, 9.125, 7.875, 9.25 ], "texture": "#rainbow" },
				"east": { "uv": [ 7.75, 9.125, 7.625, 9.25 ], "texture": "#rainbow" }
			}
		},
		{
			"__comment": "Voxels",
			"from": [ -5.8667, 7.4667, 1.0667 ],
			"to": [ 20.79997, 8.000033, 1.600033 ],
			"faces": {
				"down": { "uv": [ 0, 8.75, 6.25, 8.875 ], "texture": "#rainbow" },
				"up": { "uv": [ 0, 8.75, 6.25, 8.625 ], "texture": "#rainbow" },
				"north": { "uv": [ 6.25, 8.5, 0, 8.625 ], "texture": "#rainbow" },
				"south": { "uv": [ 0, 8.375, 6.25, 8.5 ], "texture": "#rainbow" },
				"west": { "uv": [ 7.75, 9.25, 7.875, 9.375 ], "texture": "#rainbow" },
				"east": { "uv": [ 7.75, 9.25, 7.625, 9.375 ], "texture": "#rainbow" }
			}
		},
		{
			"__comment": "Voxels",
			"from": [ -5.3333, 7.4667, -3.7333 ],
			"to": [ 26.6667, 8.000033, -3.199967 ],
			"faces": {
				"down": { "uv": [ 0, 13, 7.5, 13.125 ], "texture": "#rainbow" },
				"up": { "uv": [ 0, 13, 7.5, 12.875 ], "texture": "#rainbow" },
				"north": { "uv": [ 7.5, 13.125, 0, 13.25 ], "texture": "#rainbow" },
				"south": { "uv": [ 0, 12.75, 7.5, 12.875 ], "texture": "#rainbow" },
				"west": { "uv": [ 15, 13.625, 15.125, 13.75 ], "texture": "#rainbow" },
				"east": { "uv": [ 7.875, 10, 7.75, 10.125 ], "texture": "#rainbow" }
			}
		},
		{
			"__comment": "Voxels",
			"from": [ -5.3333, 7.4667, 1.6 ],
			"to": [ 21.33337, 8.000033, 2.133333 ],
			"faces": {
				"down": { "uv": [ 0, 9.125, 6.25, 9.25 ], "texture": "#rainbow" },
				"up": { "uv": [ 0, 9.125, 6.25, 9 ], "texture": "#rainbow" },
				"north": { "uv": [ 6.25, 8.875, 0, 9 ], "texture": "#rainbow" },
				"south": { "uv": [ 0, 8.25, 6.25, 8.375 ], "texture": "#rainbow" },
				"west": { "uv": [ 7.75, 10.125, 7.875, 10.25 ], "texture": "#rainbow" },
				"east": { "uv": [ 7.875, 13.25, 7.75, 13.375 ], "texture": "#rainbow" }
			}
		},
		{
			"__comment": "Voxels",
			"from": [ -4.8, 7.4667, -4.2667 ],
			"to": [ 26.66667, 8.000033, -3.733366 ],
			"faces": {
				"down": { "uv": [ 0, 12.625, 7.375, 12.75 ], "texture": "#rainbow" },
				"up": { "uv": [ 0, 12.625, 7.375, 12.5 ], "texture": "#rainbow" },
				"north": { "uv": [ 7.375, 12.375, 0, 12.5 ], "texture": "#rainbow" },
				"south": { "uv": [ 0, 12.25, 7.375, 12.375 ], "texture": "#rainbow" },
				"west": { "uv": [ 7.75, 13.375, 7.875, 13.5 ], "texture": "#rainbow" },
				"east": { "uv": [ 7.875, 13.75, 7.75, 13.875 ], "texture": "#rainbow" }
			}
		},
		{
			"__comment": "Voxels",
			"from": [ -4.8, 7.4667, 2.1333 ],
			"to": [ 22.4, 8.000033, 2.666633 ],
			"faces": {
				"down": { "uv": [ 0, 11.125, 6.375, 11.25 ], "texture": "#rainbow" },
				"up": { "uv": [ 0, 11.125, 6.375, 11 ], "texture": "#rainbow" },
				"north": { "uv": [ 6.375, 10.875, 0, 11 ], "texture": "#rainbow" },
				"south": { "uv": [ 0, 10.75, 6.375, 10.875 ], "texture": "#rainbow" },
				"west": { "uv": [ 7.75, 13.875, 7.875, 14 ], "texture": "#rainbow" },
				"east": { "uv": [ 7.875, 14, 7.75, 14.125 ], "texture": "#rainbow" }
			}
		},
		{
			"__comment": "Voxels",
			"from": [ -4.2667, 7.4667, -4.8 ],
			"to": [ 26.66663, 8.000033, -4.266666 ],
			"faces": {
				"down": { "uv": [ 0, 12.125, 7.25, 12.25 ], "texture": "#rainbow" },
				"up": { "uv": [ 0, 12.125, 7.25, 12 ], "texture": "#rainbow" },
				"north": { "uv": [ 7.25, 11.875, 0, 12 ], "texture": "#rainbow" },
				"south": { "uv": [ 0, 11.75, 7.25, 11.875 ], "texture": "#rainbow" },
				"west": { "uv": [ 7.75, 14.125, 7.875, 14.25 ], "texture": "#rainbow" },
				"east": { "uv": [ 15.5, 13.625, 15.375, 13.75 ], "texture": "#rainbow" }
			}
		},
		{
			"__comment": "Voxels",
			"from": [ -4.2667, 7.4667, 2.6667 ],
			"to": [ 22.9333, 8.000033, 3.200033 ],
			"faces": {
				"down": { "uv": [ 0, 10.125, 6.375, 10.25 ], "texture": "#rainbow" },
				"up": { "uv": [ 0, 10.125, 6.375, 10 ], "texture": "#rainbow" },
				"north": { "uv": [ 6.375, 9.875, 0, 10 ], "texture": "#rainbow" },
				"south": { "uv": [ 0, 9.75, 6.375, 9.875 ], "texture": "#rainbow" },
				"west": { "uv": [ 15.25, 13.625, 15.375, 13.75 ], "texture": "#rainbow" },
				"east": { "uv": [ 15.25, 13.625, 15.125, 13.75 ], "texture": "#rainbow" }
			}
		},
		{
			"__comment": "Voxels",
			"from": [ -3.7333, 7.4667, 3.2 ],
			"to": [ 22.93337, 8.000033, 3.733333 ],
			"faces": {
				"down": { "uv": [ 0, 9.5, 6.25, 9.625 ], "texture": "#rainbow" },
				"up": { "uv": [ 0, 9.375, 6.25, 9.25 ], "texture": "#rainbow" },
				"north": { "uv": [ 6.25, 9.375, 0, 9.5 ], "texture": "#rainbow" },
				"south": { "uv": [ 0, 9.625, 6.25, 9.75 ], "texture": "#rainbow" },
				"west": { "uv": [ 15.875, 13.75, 16, 13.875 ], "texture": "#rainbow" },
				"east": { "uv": [ 15.875, 13.75, 15.75, 13.875 ], "texture": "#rainbow" }
			}
		},
		{
			"__comment": "Voxels",
			"from": [ -3.2, 7.4667, -5.3333 ],
			"to": [ 26.66667, 8.000033, -4.799966 ],
			"faces": {
				"down": { "uv": [ 0, 11.375, 7, 11.5 ], "texture": "#rainbow" },
				"up": { "uv": [ 0, 11.75, 7, 11.625 ], "texture": "#rainbow" },
				"north": { "uv": [ 7, 11.25, 0, 11.375 ], "texture": "#rainbow" },
				"south": { "uv": [ 0, 11.5, 7, 11.625 ], "texture": "#rainbow" },
				"west": { "uv": [ 15.375, 13.75, 15.5, 13.875 ], "texture": "#rainbow" },
				"east": { "uv": [ 15.875, 13.875, 15.75, 14 ], "texture": "#rainbow" }
			}
		},
		{
			"__comment": "Voxels",
			"from": [ -3.2, 7.4667, 3.7333 ],
			"to": [ 22.93333, 8.000033, 4.266634 ],
			"faces": {
				"down": { "uv": [ 7.875, 15.75, 14, 15.875 ], "texture": "#rainbow" },
				"up": { "uv": [ 0, 8.25, 6.125, 8.125 ], "texture": "#rainbow" },
				"north": { "uv": [ 6.125, 8, 0, 8.125 ], "texture": "#rainbow" },
				"south": { "uv": [ 7.875, 15.875, 14, 16 ], "texture": "#rainbow" },
				"west": { "uv": [ 15.75, 15.875, 15.875, 16 ], "texture": "#rainbow" },
				"east": { "uv": [ 7.875, 8, 7.75, 8.125 ], "texture": "#rainbow" }
			}
		},
		{
			"__comment": "Voxels",
			"from": [ -2.6667, 7.4667, -5.8667 ],
			"to": [ 20.26663, 8.000033, -5.333366 ],
			"faces": {
				"down": { "uv": [ 7.875, 14.5, 13.25, 14.625 ], "texture": "#rainbow" },
				"up": { "uv": [ 7.875, 14.75, 13.25, 14.625 ], "texture": "#rainbow" },
				"north": { "uv": [ 13.25, 14.375, 7.875, 14.5 ], "texture": "#rainbow" },
				"south": { "uv": [ 7.875, 14.25, 13.25, 14.375 ], "texture": "#rainbow" },
				"west": { "uv": [ 7.625, 8, 7.75, 8.125 ], "texture": "#rainbow" },
				"east": { "uv": [ 7.625, 8, 7.5, 8.125 ], "texture": "#rainbow" }
			}
		},
		{
			"__comment": "Voxels",
			"from": [ -2.1333, 7.4667, -6.4 ],
			"to": [ 20.2667, 8.000033, -5.866666 ],
			"faces": {
				"down": { "uv": [ 7.875, 14.125, 13.125, 14.25 ], "texture": "#rainbow" },
				"up": { "uv": [ 7.875, 14.125, 13.125, 14 ], "texture": "#rainbow" },
				"north": { "uv": [ 13.125, 13.875, 7.875, 14 ], "texture": "#rainbow" },
				"south": { "uv": [ 7.875, 13.75, 13.125, 13.875 ], "texture": "#rainbow" },
				"west": { "uv": [ 7.625, 8.25, 7.75, 8.375 ], "texture": "#rainbow" },
				"east": { "uv": [ 7.625, 8.25, 7.5, 8.375 ], "texture": "#rainbow" }
			}
		},
		{
			"__comment": "Voxels",
			"from": [ -2.1333, 7.4667, 4.2667 ],
			"to": [ 22.93337, 8.000033, 4.800033 ],
			"faces": {
				"down": { "uv": [ 7.875, 15.25, 13.75, 15.375 ], "texture": "#rainbow" },
				"up": { "uv": [ 7.875, 15.75, 13.75, 15.625 ], "texture": "#rainbow" },
				"north": { "uv": [ 13.75, 15.375, 7.875, 15.5 ], "texture": "#rainbow" },
				"south": { "uv": [ 7.875, 15.5, 13.75, 15.625 ], "texture": "#rainbow" },
				"west": { "uv": [ 7.375, 8.125, 7.5, 8.25 ], "texture": "#rainbow" },
				"east": { "uv": [ 7.5, 8.25, 7.375, 8.375 ], "texture": "#rainbow" }
			}
		},
		{
			"__comment": "Voxels",
			"from": [ -1.0667, 7.4667, 4.8 ],
			"to": [ 22.39997, 8.000033, 5.333333 ],
			"faces": {
				"down": { "uv": [ 7.875, 14.75, 13.375, 14.875 ], "texture": "#rainbow" },
				"up": { "uv": [ 7.875, 15, 13.375, 14.875 ], "texture": "#rainbow" },
				"north": { "uv": [ 13.375, 15.125, 7.875, 15.25 ], "texture": "#rainbow" },
				"south": { "uv": [ 7.875, 15, 13.375, 15.125 ], "texture": "#rainbow" },
				"west": { "uv": [ 7.75, 8.375, 7.875, 8.5 ], "texture": "#rainbow" },
				"east": { "uv": [ 7.75, 8.375, 7.625, 8.5 ], "texture": "#rainbow" }
			}
		},
		{
			"__comment": "Voxels",
			"from": [ 0, 7.4667, 5.3333 ],
			"to": [ 21.86667, 8.000033, 5.866633 ],
			"faces": {
				"down": { "uv": [ 7.875, 13.375, 13, 13.5 ], "texture": "#rainbow" },
				"up": { "uv": [ 7.875, 13.75, 13, 13.625 ], "texture": "#rainbow" },
				"north": { "uv": [ 13, 13.5, 7.875, 13.625 ], "texture": "#rainbow" },
				"south": { "uv": [ 7.875, 13.25, 13, 13.375 ], "texture": "#rainbow" },
				"west": { "uv": [ 7.25, 8, 7.375, 8.125 ], "texture": "#rainbow" },
				"east": { "uv": [ 7.375, 8.125, 7.25, 8.25 ], "texture": "#rainbow" }
			}
		},
		{
			"__comment": "Voxels",
			"from": [ 1.6, 7.4667, 5.8667 ],
			"to": [ 21.33333, 8.000033, 6.400033 ],
			"faces": {
				"down": { "uv": [ 7.875, 13, 12.5, 13.125 ], "texture": "#rainbow" },
				"up": { "uv": [ 7.875, 13, 12.5, 12.875 ], "texture": "#rainbow" },
				"north": { "uv": [ 12.5, 12.75, 7.875, 12.875 ], "texture": "#rainbow" },
				"south": { "uv": [ 7.875, 13.125, 12.5, 13.25 ], "texture": "#rainbow" },
				"west": { "uv": [ 7.75, 8.5, 7.875, 8.625 ], "texture": "#rainbow" },
				"east": { "uv": [ 7.75, 8.5, 7.625, 8.625 ], "texture": "#rainbow" }
			}
		},
		{
			"__comment": "Voxels",
			"from": [ 1.6, 7.4667, 6.4 ],
			"to": [ 20.8, 8.000033, 6.933333 ],
			"faces": {
				"down": { "uv": [ 7.875, 12.5, 12.375, 12.625 ], "texture": "#rainbow" },
				"up": { "uv": [ 7.875, 12.5, 12.375, 12.375 ], "texture": "#rainbow" },
				"north": { "uv": [ 12.375, 12.25, 7.875, 12.375 ], "texture": "#rainbow" },
				"south": { "uv": [ 7.875, 12.625, 12.375, 12.75 ], "texture": "#rainbow" },
				"west": { "uv": [ 7.5, 8.75, 7.625, 8.875 ], "texture": "#rainbow" },
				"east": { "uv": [ 7.5, 8.625, 7.375, 8.75 ], "texture": "#rainbow" }
			}
		},
		{
			"__comment": "Voxels",
			"from": [ 1.6, 7.4667, 6.9333 ],
			"to": [ 19.73334, 8.000033, 7.466633 ],
			"faces": {
				"down": { "uv": [ 7.875, 12.125, 12.125, 12.25 ], "texture": "#rainbow" },
				"up": { "uv": [ 7.875, 12.125, 12.125, 12 ], "texture": "#rainbow" },
				"north": { "uv": [ 12.125, 11.875, 7.875, 12 ], "texture": "#rainbow" },
				"south": { "uv": [ 7.875, 11.75, 12.125, 11.875 ], "texture": "#rainbow" },
				"west": { "uv": [ 7.625, 8.75, 7.75, 8.875 ], "texture": "#rainbow" },
				"east": { "uv": [ 7.625, 8.625, 7.5, 8.75 ], "texture": "#rainbow" }
			}
		},
		{
			"__comment": "Voxels",
			"from": [ 2.1333, 7.4667, 7.4667 ],
			"to": [ 6.9333, 8.000033, 8.533366 ],
			"faces": {
				"down": { "uv": [ 6.25, 9.125, 7.375, 9.375 ], "texture": "#rainbow" },
				"up": { "uv": [ 6.25, 9.625, 7.375, 9.375 ], "texture": "#rainbow" },
				"north": { "uv": [ 7.5, 10, 6.375, 10.125 ], "texture": "#rainbow" },
				"south": { "uv": [ 6.375, 10.125, 7.5, 10.25 ], "texture": "#rainbow" },
				"west": { "uv": [ 7.5, 10, 7.75, 10.125 ], "texture": "#rainbow" },
				"east": { "uv": [ 7.875, 10.625, 7.625, 10.75 ], "texture": "#rainbow" }
			}
		},
		{
			"__comment": "Voxels",
			"from": [ 2.6667, 7.4667, 8.533299 ],
			"to": [ 6.933367, 8.000033, 9.066633 ],
			"faces": {
				"down": { "uv": [ 6.25, 8.375, 7.25, 8.5 ], "texture": "#rainbow" },
				"up": { "uv": [ 6.25, 8.375, 7.25, 8.25 ], "texture": "#rainbow" },
				"north": { "uv": [ 7.25, 8.125, 6.25, 8.25 ], "texture": "#rainbow" },
				"south": { "uv": [ 6.25, 8, 7.25, 8.125 ], "texture": "#rainbow" },
				"west": { "uv": [ 7.375, 9.25, 7.5, 9.375 ], "texture": "#rainbow" },
				"east": { "uv": [ 7.5, 9.125, 7.375, 9.25 ], "texture": "#rainbow" }
			}
		},
		{
			"__comment": "Voxels",
			"from": [ 3.7333, 7.4667, 9.0667 ],
			"to": [ 6.399967, 8.000033, 9.600034 ],
			"faces": {
				"down": { "uv": [ 7.25, 11.875, 7.875, 12 ], "texture": "#rainbow" },
				"up": { "uv": [ 7.25, 11.875, 7.875, 11.75 ], "texture": "#rainbow" },
				"north": { "uv": [ 7.875, 9.625, 7.25, 9.75 ], "texture": "#rainbow" },
				"south": { "uv": [ 7.25, 9, 7.875, 9.125 ], "texture": "#rainbow" },
				"west": { "uv": [ 7.75, 8.875, 7.875, 9 ], "texture": "#rainbow" },
				"east": { "uv": [ 7.375, 8.75, 7.25, 8.875 ], "texture": "#rainbow" }
			}
		},
		{
			"__comment": "Voxels",
			"from": [ 4.2667, 7.4667, -6.9333 ],
			"to": [ 20.80003, 8.000033, -6.399967 ],
			"faces": {
				"down": { "uv": [ 7.875, 11.5, 11.75, 11.625 ], "texture": "#rainbow" },
				"up": { "uv": [ 12.125, 12, 16, 11.875 ], "texture": "#rainbow" },
				"north": { "uv": [ 11.75, 10.875, 7.875, 11 ], "texture": "#rainbow" },
				"south": { "uv": [ 7.875, 11, 11.75, 11.125 ], "texture": "#rainbow" },
				"west": { "uv": [ 7.375, 8.5, 7.5, 8.625 ], "texture": "#rainbow" },
				"east": { "uv": [ 7.625, 8.5, 7.5, 8.625 ], "texture": "#rainbow" }
			}
		},
		{
			"__comment": "Voxels",
			"from": [ 4.8, 7.4667, -7.4667 ],
			"to": [ 21.33333, 8.000033, -6.933366 ],
			"faces": {
				"down": { "uv": [ 7.875, 11.625, 11.75, 11.75 ], "texture": "#rainbow" },
				"up": { "uv": [ 12.125, 12.25, 16, 12.125 ], "texture": "#rainbow" },
				"north": { "uv": [ 11.75, 11.125, 7.875, 11.25 ], "texture": "#rainbow" },
				"south": { "uv": [ 7.875, 11.25, 11.75, 11.375 ], "texture": "#rainbow" },
				"west": { "uv": [ 7.25, 8.375, 7.375, 8.5 ], "texture": "#rainbow" },
				"east": { "uv": [ 7.375, 8.25, 7.25, 8.375 ], "texture": "#rainbow" }
			}
		},
		{
			"__comment": "Voxels",
			"from": [ 5.3333, 7.4667, -8.533299 ],
			"to": [ 21.86663, 8.000033, -7.466633 ],
			"faces": {
				"down": { "uv": [ 0, 13.25, 3.875, 13.5 ], "texture": "#rainbow" },
				"up": { "uv": [ 3.875, 13.5, 7.75, 13.25 ], "texture": "#rainbow" },
				"north": { "uv": [ 16, 12, 12.125, 12.125 ], "texture": "#rainbow" },
				"south": { "uv": [ 7.875, 11.375, 11.75, 11.5 ], "texture": "#rainbow" },
				"west": { "uv": [ 7.625, 10.375, 7.875, 10.5 ], "texture": "#rainbow" },
				"east": { "uv": [ 7.875, 10.5, 7.625, 10.625 ], "texture": "#rainbow" }
			}
		},
		{
			"__comment": "Voxels",
			"from": [ 5.8667, 7.4667, -9.0667 ],
			"to": [ 21.8667, 8.000033, -8.533366 ],
			"faces": {
				"down": { "uv": [ 7.875, 10.375, 11.625, 10.5 ], "texture": "#rainbow" },
				"up": { "uv": [ 7.875, 10.875, 11.625, 10.75 ], "texture": "#rainbow" },
				"north": { "uv": [ 11.625, 10.5, 7.875, 10.625 ], "texture": "#rainbow" },
				"south": { "uv": [ 7.875, 10.625, 11.625, 10.75 ], "texture": "#rainbow" },
				"west": { "uv": [ 7.75, 8.25, 7.875, 8.375 ], "texture": "#rainbow" },
				"east": { "uv": [ 7.625, 8.125, 7.5, 8.25 ], "texture": "#rainbow" }
			}
		},
		{
			"__comment": "Voxels",
			"from": [ 6.9333, 7.4667, -9.599999 ],
			"to": [ 21.3333, 8.000033, -9.066666 ],
			"faces": {
				"down": { "uv": [ 12.5, 13.125, 15.875, 13.25 ], "texture": "#rainbow" },
				"up": { "uv": [ 12.5, 12.875, 15.875, 12.75 ], "texture": "#rainbow" },
				"north": { "uv": [ 15.875, 13, 12.5, 13.125 ], "texture": "#rainbow" },
				"south": { "uv": [ 12.5, 12.875, 15.875, 13 ], "texture": "#rainbow" },
				"west": { "uv": [ 15.875, 15.875, 16, 16 ], "texture": "#rainbow" },
				"east": { "uv": [ 15.75, 13.875, 15.625, 14 ], "texture": "#rainbow" }
			}
		},
		{
			"__comment": "Voxels",
			"from": [ 7.4667, 7.4667, -10.1333 ],
			"to": [ 18.6667, 8.000033, -9.599966 ],
			"faces": {
				"down": { "uv": [ 13.375, 14.875, 16, 15 ], "texture": "#rainbow" },
				"up": { "uv": [ 13.375, 15.25, 16, 15.125 ], "texture": "#rainbow" },
				"north": { "uv": [ 16, 14.75, 13.375, 14.875 ], "texture": "#rainbow" },
				"south": { "uv": [ 13.375, 15, 16, 15.125 ], "texture": "#rainbow" },
				"west": { "uv": [ 14.5, 13.625, 14.625, 13.75 ], "texture": "#rainbow" },
				"east": { "uv": [ 14.75, 13.625, 14.625, 13.75 ], "texture": "#rainbow" }
			}
		},
		{
			"__comment": "Voxels",
			"from": [ 8.533299, 7.4667, 7.4667 ],
			"to": [ 18.1333, 8.000033, 8.000033 ],
			"faces": {
				"down": { "uv": [ 13.75, 15.25, 16, 15.375 ], "texture": "#rainbow" },
				"up": { "uv": [ 13.75, 15.75, 16, 15.625 ], "texture": "#rainbow" },
				"north": { "uv": [ 16, 15.5, 13.75, 15.625 ], "texture": "#rainbow" },
				"south": { "uv": [ 13.75, 15.375, 16, 15.5 ], "texture": "#rainbow" },
				"west": { "uv": [ 7.75, 14.375, 7.875, 14.5 ], "texture": "#rainbow" },
				"east": { "uv": [ 7.875, 14.25, 7.75, 14.375 ], "texture": "#rainbow" }
			}
		},
		{
			"__comment": "Voxels",
			"from": [ 9.0667, 7.4667, 8 ],
			"to": [ 16.53337, 8.000033, 8.533334 ],
			"faces": {
				"down": { "uv": [ 14, 15.875, 15.75, 16 ], "texture": "#rainbow" },
				"up": { "uv": [ 13.25, 14.75, 15, 14.625 ], "texture": "#rainbow" },
				"north": { "uv": [ 15, 14.5, 13.25, 14.625 ], "texture": "#rainbow" },
				"south": { "uv": [ 14, 15.75, 15.75, 15.875 ], "texture": "#rainbow" },
				"west": { "uv": [ 7.75, 13.625, 7.875, 13.75 ], "texture": "#rainbow" },
				"east": { "uv": [ 7.875, 13.5, 7.75, 13.625 ], "texture": "#rainbow" }
			}
		},
		{
			"__comment": "Voxels",
			"from": [ 9.599999, 7.4667, -10.6667 ],
			"to": [ 16, 8.000033, -10.13337 ],
			"faces": {
				"down": { "uv": [ 6.375, 11, 7.875, 11.125 ], "texture": "#rainbow" },
				"up": { "uv": [ 6.375, 11, 7.875, 10.875 ], "texture": "#rainbow" },
				"north": { "uv": [ 7.875, 10.75, 6.375, 10.875 ], "texture": "#rainbow" },
				"south": { "uv": [ 6.375, 11.125, 7.875, 11.25 ], "texture": "#rainbow" },
				"west": { "uv": [ 6.125, 8.125, 6.25, 8.25 ], "texture": "#rainbow" },
				"east": { "uv": [ 6.25, 8, 6.125, 8.125 ], "texture": "#rainbow" }
			}
		},
		{
			"__comment": "Voxels",
			"from": [ 10.6667, 7.4667, 8.533299 ],
			"to": [ 14.93337, 8.000033, 9.066633 ],
			"faces": {
				"down": { "uv": [ 15, 14.625, 16, 14.75 ], "texture": "#rainbow" },
				"up": { "uv": [ 15, 14.625, 16, 14.5 ], "texture": "#rainbow" },
				"north": { "uv": [ 14.25, 14.375, 13.25, 14.5 ], "texture": "#rainbow" },
				"south": { "uv": [ 14.25, 14.375, 15.25, 14.5 ], "texture": "#rainbow" },
				"west": { "uv": [ 7.5, 9.25, 7.625, 9.375 ], "texture": "#rainbow" },
				"east": { "uv": [ 7.625, 9.125, 7.5, 9.25 ], "texture": "#rainbow" }
			}
		},
		{
			"__comment": "Voxels",
			"from": [ 21.8667, 7.4667, -5.8667 ],
			"to": [ 27.20003, 8.000033, -5.333366 ],
			"faces": {
				"down": { "uv": [ 6.375, 10.375, 7.625, 10.5 ], "texture": "#rainbow" },
				"up": { "uv": [ 6.375, 10.375, 7.625, 10.25 ], "texture": "#rainbow" },
				"north": { "uv": [ 7.625, 10.625, 6.375, 10.75 ], "texture": "#rainbow" },
				"south": { "uv": [ 6.375, 10.5, 7.625, 10.625 ], "texture": "#rainbow" },
				"west": { "uv": [ 7.25, 8.875, 7.375, 9 ], "texture": "#rainbow" },
				"east": { "uv": [ 7.5, 8.875, 7.375, 9 ], "texture": "#rainbow" }
			}
		},
		{
			"__comment": "Voxels",
			"from": [ 22.4, 7.4667, 0.5333 ],
			"to": [ 26.66667, 8.000033, 1.066633 ],
			"faces": {
				"down": { "uv": [ 13.25, 14.25, 14.25, 14.375 ], "texture": "#rainbow" },
				"up": { "uv": [ 14.25, 14.375, 15.25, 14.25 ], "texture": "#rainbow" },
				"north": { "uv": [ 14.125, 14.125, 13.125, 14.25 ], "texture": "#rainbow" },
				"south": { "uv": [ 14.125, 14.125, 15.125, 14.25 ], "texture": "#rainbow" },
				"west": { "uv": [ 7.25, 8.625, 7.375, 8.75 ], "texture": "#rainbow" },
				"east": { "uv": [ 7.5, 8.75, 7.375, 8.875 ], "texture": "#rainbow" }
			}
		},
		{
			"__comment": "Voxels",
			"from": [ 22.9333, 7.4667, -6.4 ],
			"to": [ 27.19997, 8.000033, -5.866666 ],
			"faces": {
				"down": { "uv": [ 13.125, 14, 14.125, 14.125 ], "texture": "#rainbow" },
				"up": { "uv": [ 14.125, 14.125, 15.125, 14 ], "texture": "#rainbow" },
				"north": { "uv": [ 7.375, 9.875, 6.375, 10 ], "texture": "#rainbow" },
				"south": { "uv": [ 6.375, 9.75, 7.375, 9.875 ], "texture": "#rainbow" },
				"west": { "uv": [ 7.75, 8.75, 7.875, 8.875 ], "texture": "#rainbow" },
				"east": { "uv": [ 7.75, 8.625, 7.625, 8.75 ], "texture": "#rainbow" }
			}
		},
		{
			"__comment": "Voxels",
			"from": [ 22.9333, 7.4667, 1.0667 ],
			"to": [ 27.19997, 8.000033, 2.133367 ],
			"faces": {
				"down": { "uv": [ 6.25, 8.875, 7.25, 9.125 ], "texture": "#rainbow" },
				"up": { "uv": [ 6.25, 8.875, 7.25, 8.625 ], "texture": "#rainbow" },
				"north": { "uv": [ 7.25, 9.625, 6.25, 9.75 ], "texture": "#rainbow" },
				"south": { "uv": [ 6.25, 8.5, 7.25, 8.625 ], "texture": "#rainbow" },
				"west": { "uv": [ 7.5, 10.125, 7.75, 10.25 ], "texture": "#rainbow" },
				"east": { "uv": [ 7.875, 10.25, 7.625, 10.375 ], "texture": "#rainbow" }
			}
		},
		{
			"__comment": "Voxels",
			"from": [ 23.4667, 7.4667, -6.9333 ],
			"to": [ 27.20003, 8.000033, -6.399967 ],
			"faces": {
				"down": { "uv": [ 7, 11.625, 7.875, 11.75 ], "texture": "#rainbow" },
				"up": { "uv": [ 7, 11.625, 7.875, 11.5 ], "texture": "#rainbow" },
				"north": { "uv": [ 7.875, 11.375, 7, 11.5 ], "texture": "#rainbow" },
				"south": { "uv": [ 7, 11.25, 7.875, 11.375 ], "texture": "#rainbow" },
				"west": { "uv": [ 7.375, 8.375, 7.5, 8.5 ], "texture": "#rainbow" },
				"east": { "uv": [ 7.625, 8.375, 7.5, 8.5 ], "texture": "#rainbow" }
			}
		},
		{
			"__comment": "Voxels",
			"from": [ 23.4667, 7.4667, 2.1333 ],
			"to": [ 27.20003, 8.000033, 2.666633 ],
			"faces": {
				"down": { "uv": [ 15.125, 14.125, 16, 14.25 ], "texture": "#rainbow" },
				"up": { "uv": [ 15.125, 14.125, 16, 14 ], "texture": "#rainbow" },
				"north": { "uv": [ 14, 13.875, 13.125, 14 ], "texture": "#rainbow" },
				"south": { "uv": [ 14, 13.875, 14.875, 14 ], "texture": "#rainbow" },
				"west": { "uv": [ 7.375, 8, 7.5, 8.125 ], "texture": "#rainbow" },
				"east": { "uv": [ 16, 13.875, 15.875, 14 ], "texture": "#rainbow" }
			}
		},
		{
			"__comment": "Voxels",
			"from": [ 24, 7.4667, -7.4667 ],
			"to": [ 27.2, 8.000033, -6.933366 ],
			"faces": {
				"down": { "uv": [ 14.625, 13.75, 15.375, 13.875 ], "texture": "#rainbow" },
				"up": { "uv": [ 13.875, 13.875, 14.625, 13.75 ], "texture": "#rainbow" },
				"north": { "uv": [ 13.875, 13.75, 13.125, 13.875 ], "texture": "#rainbow" },
				"south": { "uv": [ 14.875, 13.875, 15.625, 14 ], "texture": "#rainbow" },
				"west": { "uv": [ 7.625, 8.125, 7.75, 8.25 ], "texture": "#rainbow" },
				"east": { "uv": [ 7.875, 8.125, 7.75, 8.25 ], "texture": "#rainbow" }
			}
		},
		{
			"__comment": "Voxels",
			"from": [ 24, 7.4667, 2.6667 ],
			"to": [ 27.2, 8.000033, 3.200033 ],
			"faces": {
				"down": { "uv": [ 15.25, 14.25, 16, 14.375 ], "texture": "#rainbow" },
				"up": { "uv": [ 15.25, 14.5, 16, 14.375 ], "texture": "#rainbow" },
				"north": { "uv": [ 13.75, 13.625, 13, 13.75 ], "texture": "#rainbow" },
				"south": { "uv": [ 13.75, 13.625, 14.5, 13.75 ], "texture": "#rainbow" },
				"west": { "uv": [ 15.75, 15.75, 15.875, 15.875 ], "texture": "#rainbow" },
				"east": { "uv": [ 16, 15.75, 15.875, 15.875 ], "texture": "#rainbow" }
			}
		},
		{
			"__comment": "Voxels",
			"from": [ 24.5333, 7.4667, 3.2 ],
			"to": [ 26.66663, 8.000033, 3.733333 ],
			"faces": {
				"down": { "uv": [ 7.375, 12.5, 7.875, 12.625 ], "texture": "#rainbow" },
				"up": { "uv": [ 7.375, 12.5, 7.875, 12.375 ], "texture": "#rainbow" },
				"north": { "uv": [ 7.875, 12.625, 7.375, 12.75 ], "texture": "#rainbow" },
				"south": { "uv": [ 7.375, 12.25, 7.875, 12.375 ], "texture": "#rainbow" },
				"west": { "uv": [ 15.5, 13.75, 15.625, 13.875 ], "texture": "#rainbow" },
				"east": { "uv": [ 15.75, 13.75, 15.625, 13.875 ], "texture": "#rainbow" }
			}
		},
		{
			"__comment": "Voxels",
			"from": [ 25.0667, 7.4667, -8 ],
			"to": [ 27.20003, 8.000033, -7.466667 ],
			"faces": {
				"down": { "uv": [ 7.375, 9.875, 7.875, 10 ], "texture": "#rainbow" },
				"up": { "uv": [ 7.375, 9.875, 7.875, 9.75 ], "texture": "#rainbow" },
				"north": { "uv": [ 7.875, 9.5, 7.375, 9.625 ], "texture": "#rainbow" },
				"south": { "uv": [ 7.375, 9.375, 7.875, 9.5 ], "texture": "#rainbow" },
				"west": { "uv": [ 14.75, 13.625, 14.875, 13.75 ], "texture": "#rainbow" },
				"east": { "uv": [ 15, 13.625, 14.875, 13.75 ], "texture": "#rainbow" }
			}
		},
		{
			"__comment": "Voxels",
			"from": [ 25.0667, 7.4667, 3.7333 ],
			"to": [ 26.6667, 8.000033, 4.266634 ],
			"faces": {
				"down": { "uv": [ 7.5, 13.125, 7.875, 13.25 ], "texture": "#rainbow" },
				"up": { "uv": [ 7.5, 13.125, 7.875, 13 ], "texture": "#rainbow" },
				"north": { "uv": [ 7.875, 12.875, 7.5, 13 ], "texture": "#rainbow" },
				"south": { "uv": [ 7.5, 12.75, 7.875, 12.875 ], "texture": "#rainbow" },
				"west": { "uv": [ 15.5, 13.625, 15.625, 13.75 ], "texture": "#rainbow" },
				"east": { "uv": [ 15.75, 13.625, 15.625, 13.75 ], "texture": "#rainbow" }
			}
		}
	],
	"display": {
		"thirdperson_righthand": {
			"rotation":  [ -68, 39, -3 ],
			"translation":  [ -0.693, 4.1739, 2.0869 ],
			"scale":  [ 0.2, 0.7, 0.2 ]
		},
		"thirdperson_lefthand": {
			"rotation":  [ -68, 39, -180 ],
			"translation":  [ -0.693, 4.1738, 2.7825 ],
			"scale":  [ 0.2, 0.7, 0.2 ]
		},
		"firstperson_righthand": {
			"rotation":  [ 70, -27, 14 ],
			"translation":  [ 6.9568, -4.868, -10.43 ],
			"scale":  [ 0.3, 0.3, 0.3 ]
		},
		"firstperson_lefthand": {
			"rotation":  [ 70, -27, -163 ],
			"translation":  [ 6.9568, -4.868, -10.43 ],
			"scale":  [ 0.3, 0.3, 0.3 ]
		},
		"gui": {
			"rotation":  [ 90, -26, 0 ],
			"translation":  [ -2.781, -2.084, 1.3913 ],
			"scale":  [ 0.35, 1, 0.35 ]
		},
		"head": {
			"rotation":  [ 95, 8, -178 ],
			"translation":  [ 1.3913, 8.3474, 6.2608 ],
			"scale":  [ 0.3, 1, 0.3 ]
		},
		"ground": {
			"rotation":  [ 69, 0, 0 ],
			"translation":  [ -1.389, -0.694, 0 ],
			"scale":  [ 0.3, 1, 0.3 ]
		},
		"fixed": {
			"rotation":  [ 83, 20, 180 ],
			"translation":  [ 2.0869, -2.782, -0.693 ],
			"scale":  [ 0.3, 1, 0.3 ]
		}
	}
}