{
	"__comment": "Designed by Moon with Cubik Studio - https://cubik.studio",
	"textures": {
		"particle": "item/etc/delluna_banner_1",
		"texture": "item/etc/delluna_banner_1",
		"0": "item/etc/delluna_banner_1"
	},
	"gui_light": "front",
	"elements": [ 	 
		{
			"__comment": "Voxels",
			"from": [1.9,18.9,7.4],
			"to": [14.15,20.15,8.65],
			"rotation":{"angle":0,"axis":"y","origin":[8,24,8]},
			"faces": {
				"down": { "uv": [0,0,6,0.5], "texture": "#0" },
				"up": { "uv": [0,0,6,0.5], "texture": "#0" },
				"north": { "uv": [0,0,6,0.5], "texture": "#0" },
				"south": { "uv": [0,0,6,0.5], "texture": "#0" },
				"west": { "uv": [ 0, 8.5, 4, 16 ], "texture": "#0" },
				"east": { "uv": [ 4, 1, 0, 8.5 ], "texture": "#0" }
			}
		},
		{
			"__comment": "Voxels",
			"from": [2,19,7.5],
			"to": [14,20,8.5],
			"rotation":{"angle":0,"axis":"y","origin":[8,24,8]},
			"faces": {
				"down": { "uv": [6,1.25,12,1.75], "texture": "#0" },
				"up": { "uv": [6,0.625,12,1.125], "texture": "#0" },
				"north": { "uv": [6,0,12,0.5], "texture": "#0" },
				"south": { "uv": [6,0,12,0.5], "texture": "#0" },
				"west": { "uv": [12,0,12.5,0.5], "texture": "#0" },
				"east": { "uv": [12,0,12.5,0.5], "texture": "#0" }
			}
		},
		{
			"__comment": "Voxels",
			"from": [14.15,20.15,8.65],
			"to": [1.9,18.9,7.4],
			"rotation":{"angle":0,"axis":"y","origin":[8,24,8]},
			"faces": {
				"down": { "uv": [0,0,6,0.5], "texture": "#0" },
				"up": { "uv": [0,0,6,0.5], "texture": "#0" },
				"north": { "uv": [0,0,6,0.5], "texture": "#0" },
				"south": { "uv": [0,0,6,0.5], "texture": "#0" }
			}
		},
		{
			"__comment": "Voxels",
			"from": [2.525,7,8],
			"to": [13.525,19,8],
			"rotation":{"angle":0,"axis":"y","origin":[8,24,8]},
			"faces": {
				"north": { "uv": [0.25,0,5.75,6], "texture": "#0" },
				"south": { "uv": [0.25,0,5.75,6], "texture": "#0" }
			}
		},
		{
			"__comment": "Voxels",
			"from": [2.525,-9,8],
			"to": [13.525,7,8],
			"faces": {
				"north": { "uv": [0.25,6,5.75,14], "texture": "#0" },
				"south": { "uv": [0.25,6,5.75,14], "texture": "#0" }
			}
		}
	],
	"display": {
		"thirdperson_righthand": {
			"rotation":  [90,0,0],
			"translation":  [-6,-2,5],
			"scale":  [4,4,4]
		},
		"thirdperson_lefthand": {
			"rotation":  [90,0,0],
			"translation":  [-6,-2,5],
			"scale":  [4,4,4]
		},
		"firstperson_righthand": {
			"rotation":  [0,16,0],
			"translation":[9.5,-8.75,-7.25]
		},
		"firstperson_lefthand": {
			"rotation":  [0,16,0],
			"translation":[9.5,-8.75,-7.25]
		},
		"gui": {
			"scale":  [0.54,0.54,0.54],
			"translation":[0,1.25,0]
		},
		"head": {
			"translation":[0,-13.25,6.75]
		},
		"ground": {
			"translation":  [0,7,0],
			"scale":  [0.19,0.19,0.19]
		},
		"fixed": {
			"translation":[0,-7.75,-1.25],
			"scale":[2,2,2]
		}
	}
}