{
	"credit": "Made with Blockbench",
	"texture_size": [128, 128],
	"textures": {
		"1": "item/etc/shark"
	},
	"gui_light": "front",
	"elements": [
		{
			"from": [0, 0.36421, -0.36421],
			"to": [16, 1.36421, 15.63579],
			"rotation": {"angle": 0, "axis": "x", "origin": [8, 10.14442, 8.35953]},
			"faces": {
				"north": {"uv": [2, 1.875, 4, 2], "texture": "#1"},
				"east": {"uv": [9.5, 1.375, 11.5, 1.5], "texture": "#1"},
				"south": {"uv": [10.5, 6, 12.5, 6.125], "texture": "#1"},
				"west": {"uv": [10.5, 9.75, 12.5, 9.875], "texture": "#1"},
				"up": {"uv": [2, 2, 0, 0], "texture": "#1"},
				"down": {"uv": [2, 2, 0, 4], "texture": "#1"}
			}
		},
		{
			"from": [1, -0.63579, 0.63579],
			"to": [15, 0.36421, 15.63579],
			"rotation": {"angle": 0, "axis": "x", "origin": [8, 10.14442, 8.35953]},
			"faces": {
				"north": {"uv": [5.5, 5, 7.25, 5.125], "texture": "#1"},
				"east": {"uv": [10.75, 3.875, 12.625, 4], "texture": "#1"},
				"south": {"uv": [1.5, 9.75, 3.25, 9.875], "texture": "#1"},
				"west": {"uv": [10.75, 4, 12.625, 4.125], "texture": "#1"},
				"up": {"uv": [3.75, 5.75, 2, 3.875], "texture": "#1"},
				"down": {"uv": [5.5, 3.875, 3.75, 5.75], "texture": "#1"}
			}
		},
		{
			"from": [15, 1.36421, -0.36421],
			"to": [17, 14.36421, 15.63579],
			"rotation": {"angle": 0, "axis": "x", "origin": [8, 10.14442, 8.35953]},
			"faces": {
				"north": {"uv": [5.25, 10.375, 5.5, 12], "texture": "#1"},
				"east": {"uv": [0, 4, 2, 5.625], "texture": "#1"},
				"south": {"uv": [5.5, 10.375, 5.75, 12], "texture": "#1"},
				"west": {"uv": [4, 0, 6, 1.625], "texture": "#1"},
				"up": {"uv": [5.25, 11.125, 5, 9.125], "texture": "#1"},
				"down": {"uv": [3.5, 10.25, 3.25, 12.25], "texture": "#1"}
			}
		},
		{
			"from": [-1, 1.36421, -0.36421],
			"to": [1, 14.36421, 15.63579],
			"rotation": {"angle": 0, "axis": "x", "origin": [8, 10.14442, 8.35953]},
			"faces": {
				"north": {"uv": [5.75, 10.375, 6, 12], "texture": "#1"},
				"east": {"uv": [4, 1.625, 6, 3.25], "texture": "#1"},
				"south": {"uv": [6, 10.375, 6.25, 12], "texture": "#1"},
				"west": {"uv": [5.5, 5.5, 7.5, 7.125], "texture": "#1"},
				"up": {"uv": [6.5, 12.25, 6.25, 10.25], "texture": "#1"},
				"down": {"uv": [6.75, 10.25, 6.5, 12.25], "texture": "#1"}
			}
		},
		{
			"from": [1, 0.36421, 14.63579],
			"to": [15, 14.36421, 16.63579],
			"rotation": {"angle": 0, "axis": "x", "origin": [8, 10.14442, 8.35953]},
			"faces": {
				"north": {"uv": [7, 7.125, 8.75, 8.875], "texture": "#1"},
				"east": {"uv": [7.75, 10.25, 8, 12], "texture": "#1"},
				"south": {"uv": [7.25, 1.75, 9, 3.5], "texture": "#1"},
				"west": {"uv": [8, 10.25, 8.25, 12], "texture": "#1"},
				"up": {"uv": [10.5, 8.75, 8.75, 8.5], "texture": "#1"},
				"down": {"uv": [12, 10.25, 10.25, 10.5], "texture": "#1"}
			}
		},
		{
			"from": [0, 14.36421, -0.36421],
			"to": [16, 18.36421, 14.63579],
			"rotation": {"angle": 0, "axis": "x", "origin": [8, 10.14442, 8.35953]},
			"faces": {
				"north": {"uv": [9, 1.5, 11, 2], "texture": "#1"},
				"east": {"uv": [9, 2.5, 10.875, 3], "texture": "#1"},
				"south": {"uv": [9, 2, 11, 2.5], "texture": "#1"},
				"west": {"uv": [9, 3, 10.875, 3.5], "texture": "#1"},
				"up": {"uv": [4, 3.875, 2, 2], "texture": "#1"},
				"down": {"uv": [4, 0, 2, 1.875], "texture": "#1"}
			}
		},
		{
			"from": [0, 11.36421, -0.11421],
			"to": [16, 14.36421, -0.11421],
			"rotation": {"angle": 0, "axis": "x", "origin": [8, 10.14442, 8.35953]},
			"faces": {
				"north": {"uv": [1.5, 9.875, 3.5, 10.25], "texture": "#1"},
				"east": {"uv": [0, 0, 0, 0.375], "texture": "#1"},
				"south": {"uv": [14, 15.625, 16, 16], "texture": "#1"},
				"west": {"uv": [0, 0, 0, 0.375], "texture": "#1"},
				"up": {"uv": [2, 0, 0, 0], "texture": "#1"},
				"down": {"uv": [2, 0, 0, 0], "texture": "#1"}
			}
		},
		{
			"from": [0, 1.36421, -0.11421],
			"to": [16, 4.36421, -0.11421],
			"rotation": {"angle": 0, "axis": "x", "origin": [8, 10.14442, 8.35953]},
			"faces": {
				"north": {"uv": [5.5, 5.125, 7.5, 5.5], "texture": "#1"},
				"east": {"uv": [0, 0, 0, 0.375], "texture": "#1"},
				"south": {"uv": [11.625, 15.625, 13.625, 16], "texture": "#1"},
				"west": {"uv": [0, 0, 0, 0.375], "texture": "#1"},
				"up": {"uv": [2, 0, 0, 0], "texture": "#1"},
				"down": {"uv": [2, 0, 0, 0], "texture": "#1"}
			}
		},
		{
			"from": [1, 16.36421, 0.63579],
			"to": [15, 21.36421, 12.63579],
			"rotation": {"angle": 0, "axis": "x", "origin": [8, 10.14442, 8.35953]},
			"faces": {
				"north": {"uv": [8.75, 7.875, 10.5, 8.5], "texture": "#1"},
				"east": {"uv": [4, 3.25, 5.5, 3.875], "texture": "#1"},
				"south": {"uv": [0, 9, 1.75, 9.625], "texture": "#1"},
				"west": {"uv": [9, 3.5, 10.5, 4.125], "texture": "#1"},
				"up": {"uv": [9.25, 6.625, 7.5, 5.125], "texture": "#1"},
				"down": {"uv": [9.5, 0, 7.75, 1.5], "texture": "#1"}
			}
		},
		{
			"from": [2, 18.36421, 1.63579],
			"to": [14, 23.36421, 11.63579],
			"rotation": {"angle": 0, "axis": "x", "origin": [8, 10.14442, 8.35953]},
			"faces": {
				"north": {"uv": [9, 4.125, 10.5, 4.75], "texture": "#1"},
				"east": {"uv": [9.25, 5.5, 10.5, 6.125], "texture": "#1"},
				"south": {"uv": [1.75, 9.125, 3.25, 9.75], "texture": "#1"},
				"west": {"uv": [9.5, 0, 10.75, 0.625], "texture": "#1"},
				"up": {"uv": [10.25, 10, 8.75, 8.75], "texture": "#1"},
				"down": {"uv": [10.25, 6.625, 8.75, 7.875], "texture": "#1"}
			}
		},
		{
			"from": [3, 19.36421, 2.63579],
			"to": [13, 25.36421, 10.63579],
			"rotation": {"angle": 0, "axis": "x", "origin": [8, 10.14442, 8.35953]},
			"faces": {
				"north": {"uv": [3.25, 9.125, 4.5, 9.875], "texture": "#1"},
				"east": {"uv": [9.5, 0.625, 10.5, 1.375], "texture": "#1"},
				"south": {"uv": [9.25, 4.75, 10.5, 5.5], "texture": "#1"},
				"west": {"uv": [0, 9.625, 1, 10.375], "texture": "#1"},
				"up": {"uv": [7.5, 9.875, 6.25, 8.875], "texture": "#1"},
				"down": {"uv": [8.75, 8.875, 7.5, 9.875], "texture": "#1"}
			}
		},
		{
			"from": [16, 14.36421, -0.36421],
			"to": [17, 15.36421, 14.63579],
			"rotation": {"angle": 0, "axis": "x", "origin": [8, 10.14442, 8.35953]},
			"faces": {
				"north": {"uv": [1.75, 5.625, 1.875, 5.75], "texture": "#1"},
				"east": {"uv": [10.75, 4.125, 12.625, 4.25], "texture": "#1"},
				"south": {"uv": [1.875, 5.625, 2, 5.75], "texture": "#1"},
				"west": {"uv": [10.75, 4.25, 12.625, 4.375], "texture": "#1"},
				"up": {"uv": [1.625, 12.75, 1.5, 10.875], "texture": "#1"},
				"down": {"uv": [1.75, 10.875, 1.625, 12.75], "texture": "#1"}
			}
		},
		{
			"from": [-1, 14.36421, -0.36421],
			"to": [0, 15.36421, 14.63579],
			"rotation": {"angle": 0, "axis": "x", "origin": [8, 10.14442, 8.35953]},
			"faces": {
				"north": {"uv": [5.25, 7, 5.375, 7.125], "texture": "#1"},
				"east": {"uv": [10.75, 4.375, 12.625, 4.5], "texture": "#1"},
				"south": {"uv": [5.375, 7, 5.5, 7.125], "texture": "#1"},
				"west": {"uv": [10.75, 4.5, 12.625, 4.625], "texture": "#1"},
				"up": {"uv": [1.875, 12.75, 1.75, 10.875], "texture": "#1"},
				"down": {"uv": [2, 10.875, 1.875, 12.75], "texture": "#1"}
			}
		},
		{
			"from": [-1, 0.36421, -0.36421],
			"to": [0, 1.36421, 15.63579],
			"rotation": {"angle": 0, "axis": "x", "origin": [8, 10.14442, 8.35953]},
			"faces": {
				"north": {"uv": [9.25, 6.5, 9.375, 6.625], "texture": "#1"},
				"east": {"uv": [10.5, 9.875, 12.5, 10], "texture": "#1"},
				"south": {"uv": [9.375, 6.5, 9.5, 6.625], "texture": "#1"},
				"west": {"uv": [10.5, 10, 12.5, 10.125], "texture": "#1"},
				"up": {"uv": [8.875, 12.625, 8.75, 10.625], "texture": "#1"},
				"down": {"uv": [9, 10.625, 8.875, 12.625], "texture": "#1"}
			}
		},
		{
			"from": [16, 0.36421, -0.36421],
			"to": [17, 1.36421, 15.63579],
			"rotation": {"angle": 0, "axis": "x", "origin": [8, 10.14442, 8.35953]},
			"faces": {
				"north": {"uv": [9.5, 6.5, 9.625, 6.625], "texture": "#1"},
				"east": {"uv": [10.5, 10.125, 12.5, 10.25], "texture": "#1"},
				"south": {"uv": [1.5, 9.625, 1.625, 9.75], "texture": "#1"},
				"west": {"uv": [10.75, 10.75, 12.75, 10.875], "texture": "#1"},
				"up": {"uv": [9.125, 12.625, 9, 10.625], "texture": "#1"},
				"down": {"uv": [9.25, 10.625, 9.125, 12.625], "texture": "#1"}
			}
		},
		{
			"from": [0, -0.63579, 0.63579],
			"to": [1, 0.36421, 15.63579],
			"rotation": {"angle": 0, "axis": "x", "origin": [8, 10.14442, 8.35953]},
			"faces": {
				"north": {"uv": [1.625, 9.625, 1.75, 9.75], "texture": "#1"},
				"east": {"uv": [10.75, 4.625, 12.625, 4.75], "texture": "#1"},
				"south": {"uv": [9.625, 6.5, 9.75, 6.625], "texture": "#1"},
				"west": {"uv": [10.75, 4.75, 12.625, 4.875], "texture": "#1"},
				"up": {"uv": [2.125, 12.75, 2, 10.875], "texture": "#1"},
				"down": {"uv": [2.25, 10.875, 2.125, 12.75], "texture": "#1"}
			}
		},
		{
			"from": [15, -0.63579, 0.63579],
			"to": [16, 0.36421, 15.63579],
			"rotation": {"angle": 0, "axis": "x", "origin": [8, 10.14442, 8.35953]},
			"faces": {
				"north": {"uv": [9.75, 6.5, 9.875, 6.625], "texture": "#1"},
				"east": {"uv": [10.75, 4.875, 12.625, 5], "texture": "#1"},
				"south": {"uv": [8.25, 9.875, 8.375, 10], "texture": "#1"},
				"west": {"uv": [10.75, 7.75, 12.625, 7.875], "texture": "#1"},
				"up": {"uv": [2.375, 12.75, 2.25, 10.875], "texture": "#1"},
				"down": {"uv": [2.5, 10.875, 2.375, 12.75], "texture": "#1"}
			}
		},
		{
			"from": [14, 13.36421, -0.36421],
			"to": [15, 14.36421, 15.63579],
			"rotation": {"angle": 0, "axis": "x", "origin": [8, 10.14442, 8.35953]},
			"faces": {
				"north": {"uv": [8.375, 9.875, 8.5, 10], "texture": "#1"},
				"east": {"uv": [10.75, 0, 12.75, 0.125], "texture": "#1"},
				"south": {"uv": [8.5, 9.875, 8.625, 10], "texture": "#1"},
				"west": {"uv": [10.75, 0.125, 12.75, 0.25], "texture": "#1"},
				"up": {"uv": [9.375, 12.625, 9.25, 10.625], "texture": "#1"},
				"down": {"uv": [9.5, 10.625, 9.375, 12.625], "texture": "#1"}
			}
		},
		{
			"from": [1, 13.36421, -0.36421],
			"to": [2, 14.36421, 15.63579],
			"rotation": {"angle": 0, "axis": "x", "origin": [8, 10.14442, 8.35953]},
			"faces": {
				"north": {"uv": [8.625, 9.875, 8.75, 10], "texture": "#1"},
				"east": {"uv": [10.75, 0.25, 12.75, 0.375], "texture": "#1"},
				"south": {"uv": [9.875, 6.5, 10, 6.625], "texture": "#1"},
				"west": {"uv": [10.75, 0.375, 12.75, 0.5], "texture": "#1"},
				"up": {"uv": [9.625, 12.625, 9.5, 10.625], "texture": "#1"},
				"down": {"uv": [9.75, 10.625, 9.625, 12.625], "texture": "#1"}
			}
		},
		{
			"from": [1, 1.36421, -0.36421],
			"to": [2, 2.36421, 15.63579],
			"rotation": {"angle": 0, "axis": "x", "origin": [8, 10.14442, 8.35953]},
			"faces": {
				"north": {"uv": [10, 6.5, 10.125, 6.625], "texture": "#1"},
				"east": {"uv": [10.75, 0.5, 12.75, 0.625], "texture": "#1"},
				"south": {"uv": [10.125, 6.5, 10.25, 6.625], "texture": "#1"},
				"west": {"uv": [10.75, 3.5, 12.75, 3.625], "texture": "#1"},
				"up": {"uv": [9.875, 12.625, 9.75, 10.625], "texture": "#1"},
				"down": {"uv": [10, 10.625, 9.875, 12.625], "texture": "#1"}
			}
		},
		{
			"from": [14, 1.36421, -0.36421],
			"to": [15, 2.36421, 15.63579],
			"rotation": {"angle": 0, "axis": "x", "origin": [8, 10.14442, 8.35953]},
			"faces": {
				"north": {"uv": [10.25, 7.75, 10.375, 7.875], "texture": "#1"},
				"east": {"uv": [10.75, 3.625, 12.75, 3.75], "texture": "#1"},
				"south": {"uv": [10.375, 7.75, 10.5, 7.875], "texture": "#1"},
				"west": {"uv": [10.75, 3.75, 12.75, 3.875], "texture": "#1"},
				"up": {"uv": [10.125, 12.625, 10, 10.625], "texture": "#1"},
				"down": {"uv": [10.25, 10.625, 10.125, 12.625], "texture": "#1"}
			}
		},
		{
			"from": [4, 21.36421, 3.63579],
			"to": [12, 26.36421, 8.63579],
			"rotation": {"angle": 0, "axis": "x", "origin": [8, 10.14442, 8.35953]},
			"faces": {
				"north": {"uv": [3.5, 9.875, 4.5, 10.5], "texture": "#1"},
				"east": {"uv": [10.25, 6.5, 10.875, 7.125], "texture": "#1"},
				"south": {"uv": [8.25, 10, 9.25, 10.625], "texture": "#1"},
				"west": {"uv": [10.25, 7.125, 10.875, 7.75], "texture": "#1"},
				"up": {"uv": [10.25, 10.625, 9.25, 10], "texture": "#1"},
				"down": {"uv": [2.5, 10.25, 1.5, 10.875], "texture": "#1"}
			}
		},
		{
			"from": [-3, 1.36421, 0.63579],
			"to": [-1, 14.36421, 14.63579],
			"rotation": {"angle": 0, "axis": "x", "origin": [8, 10.14442, 8.35953]},
			"faces": {
				"north": {"uv": [3.5, 10.5, 3.75, 12.125], "texture": "#1"},
				"east": {"uv": [7.25, 3.5, 9, 5.125], "texture": "#1"},
				"south": {"uv": [3.75, 10.5, 4, 12.125], "texture": "#1"},
				"west": {"uv": [0, 7.375, 1.75, 9], "texture": "#1"},
				"up": {"uv": [0.25, 12.125, 0, 10.375], "texture": "#1"},
				"down": {"uv": [0.5, 10.375, 0.25, 12.125], "texture": "#1"}
			}
		},
		{
			"from": [17, 1.36421, 0.63579],
			"to": [19, 14.36421, 14.63579],
			"rotation": {"angle": 0, "axis": "x", "origin": [8, 10.14442, 8.35953]},
			"faces": {
				"north": {"uv": [4, 10.5, 4.25, 12.125], "texture": "#1"},
				"east": {"uv": [1.75, 7.5, 3.5, 9.125], "texture": "#1"},
				"south": {"uv": [4.25, 10.5, 4.5, 12.125], "texture": "#1"},
				"west": {"uv": [3.5, 7.5, 5.25, 9.125], "texture": "#1"},
				"up": {"uv": [0.75, 12.125, 0.5, 10.375], "texture": "#1"},
				"down": {"uv": [1, 10.375, 0.75, 12.125], "texture": "#1"}
			}
		},
		{
			"from": [6, 3.33959, 10.84618],
			"to": [10, 15.33959, 18.84618],
			"rotation": {"angle": 22.5, "axis": "x", "origin": [8, 8.14442, 8.35953]},
			"faces": {
				"north": {"uv": [4.5, 9.125, 5, 10.625], "texture": "#1"},
				"east": {"uv": [6, 1.75, 7, 3.25], "texture": "#1"},
				"south": {"uv": [1, 9.625, 1.5, 11.125], "texture": "#1"},
				"west": {"uv": [5.25, 8.875, 6.25, 10.375], "texture": "#1"},
				"up": {"uv": [7.25, 11.25, 6.75, 10.25], "texture": "#1"},
				"down": {"uv": [7.75, 10.25, 7.25, 11.25], "texture": "#1"}
			}
		},
		{
			"from": [7, 2.33959, 18.84618],
			"to": [9, 14.33959, 21.84618],
			"rotation": {"angle": 22.5, "axis": "x", "origin": [8, 8.14442, 8.35953]},
			"faces": {
				"north": {"uv": [7, 1.75, 7.25, 3.25], "texture": "#1"},
				"east": {"uv": [2.5, 10.25, 2.875, 11.75], "texture": "#1"},
				"south": {"uv": [10.25, 8.75, 10.5, 10.25], "texture": "#1"},
				"west": {"uv": [2.875, 10.25, 3.25, 11.75], "texture": "#1"},
				"up": {"uv": [9.25, 5.125, 9, 4.75], "texture": "#1"},
				"down": {"uv": [7, 11.25, 6.75, 11.625], "texture": "#1"}
			}
		},
		{
			"from": [7, 1.33959, 21.84618],
			"to": [9, 13.33959, 23.84618],
			"rotation": {"angle": 22.5, "axis": "x", "origin": [8, 8.14442, 8.35953]},
			"faces": {
				"north": {"uv": [10.25, 10.5, 10.5, 12], "texture": "#1"},
				"east": {"uv": [10.5, 10.5, 10.75, 12], "texture": "#1"},
				"south": {"uv": [10.5, 3.5, 10.75, 5], "texture": "#1"},
				"west": {"uv": [10.5, 7.75, 10.75, 9.25], "texture": "#1"},
				"up": {"uv": [11, 9.25, 10.75, 9], "texture": "#1"},
				"down": {"uv": [11, 10.5, 10.75, 10.75], "texture": "#1"}
			}
		},
		{
			"from": [7, -0.66041, 23.84618],
			"to": [9, 11.33959, 25.84618],
			"rotation": {"angle": 22.5, "axis": "x", "origin": [8, 8.14442, 8.35953]},
			"faces": {
				"north": {"uv": [4.5, 10.625, 4.75, 12.125], "texture": "#1"},
				"east": {"uv": [4.75, 10.625, 5, 12.125], "texture": "#1"},
				"south": {"uv": [8.25, 10.625, 8.5, 12.125], "texture": "#1"},
				"west": {"uv": [8.5, 10.625, 8.75, 12.125], "texture": "#1"},
				"up": {"uv": [11.25, 9.25, 11, 9], "texture": "#1"},
				"down": {"uv": [11.25, 10.5, 11, 10.75], "texture": "#1"}
			}
		},
		{
			"from": [17, 14.36421, 2.63579],
			"to": [18, 16.36421, 12.63579],
			"rotation": {"angle": 0, "axis": "x", "origin": [8, 10.14442, 8.35953]},
			"faces": {
				"north": {"uv": [11.125, 2.75, 11.25, 3], "texture": "#1"},
				"east": {"uv": [7.5, 6.625, 8.75, 6.875], "texture": "#1"},
				"south": {"uv": [10.875, 11.25, 11, 11.5], "texture": "#1"},
				"west": {"uv": [7.5, 6.875, 8.75, 7.125], "texture": "#1"},
				"up": {"uv": [5.375, 7, 5.25, 5.75], "texture": "#1"},
				"down": {"uv": [5.5, 5.75, 5.375, 7], "texture": "#1"}
			}
		},
		{
			"from": [-2, 14.36421, 2.63579],
			"to": [-1, 16.36421, 12.63579],
			"rotation": {"angle": 0, "axis": "x", "origin": [8, 10.14442, 8.35953]},
			"faces": {
				"north": {"uv": [11, 11.25, 11.125, 11.5], "texture": "#1"},
				"east": {"uv": [7.75, 1.5, 9, 1.75], "texture": "#1"},
				"south": {"uv": [11.125, 11.25, 11.25, 11.5], "texture": "#1"},
				"west": {"uv": [10.5, 5.25, 11.75, 5.5], "texture": "#1"},
				"up": {"uv": [11, 7.75, 10.875, 6.5], "texture": "#1"},
				"down": {"uv": [11.125, 6.5, 11, 7.75], "texture": "#1"}
			}
		},
		{
			"from": [-1, 15.36421, 1.63579],
			"to": [0, 17.36421, 13.63579],
			"rotation": {"angle": 0, "axis": "x", "origin": [8, 10.14442, 8.35953]},
			"faces": {
				"north": {"uv": [11.25, 11.25, 11.375, 11.5], "texture": "#1"},
				"east": {"uv": [10.5, 0.625, 12, 0.875], "texture": "#1"},
				"south": {"uv": [11.25, 1.5, 11.375, 1.75], "texture": "#1"},
				"west": {"uv": [10.5, 0.875, 12, 1.125], "texture": "#1"},
				"up": {"uv": [11.125, 3, 11, 1.5], "texture": "#1"},
				"down": {"uv": [1.125, 11.125, 1, 12.625], "texture": "#1"}
			}
		},
		{
			"from": [16, 15.36421, 1.63579],
			"to": [17, 17.36421, 13.63579],
			"rotation": {"angle": 0, "axis": "x", "origin": [8, 10.14442, 8.35953]},
			"faces": {
				"north": {"uv": [11.25, 1.75, 11.375, 2], "texture": "#1"},
				"east": {"uv": [10.5, 1.125, 12, 1.375], "texture": "#1"},
				"south": {"uv": [11.25, 2, 11.375, 2.25], "texture": "#1"},
				"west": {"uv": [10.5, 5, 12, 5.25], "texture": "#1"},
				"up": {"uv": [1.25, 12.625, 1.125, 11.125], "texture": "#1"},
				"down": {"uv": [1.375, 11.125, 1.25, 12.625], "texture": "#1"}
			}
		},
		{
			"from": [17, 0.36421, 2.63579],
			"to": [18, 2.36421, 12.63579],
			"rotation": {"angle": 0, "axis": "x", "origin": [8, 10.14442, 8.35953]},
			"faces": {
				"north": {"uv": [11.25, 2.25, 11.375, 2.5], "texture": "#1"},
				"east": {"uv": [10.5, 5.5, 11.75, 5.75], "texture": "#1"},
				"south": {"uv": [11.25, 2.5, 11.375, 2.75], "texture": "#1"},
				"west": {"uv": [10.5, 5.75, 11.75, 6], "texture": "#1"},
				"up": {"uv": [1.5, 12.375, 1.375, 11.125], "texture": "#1"},
				"down": {"uv": [5.125, 11.125, 5, 12.375], "texture": "#1"}
			}
		},
		{
			"from": [-2, 0.36421, 2.63579],
			"to": [-1, 2.36421, 12.63579],
			"rotation": {"angle": 0, "axis": "x", "origin": [8, 10.14442, 8.35953]},
			"faces": {
				"north": {"uv": [11.25, 2.75, 11.375, 3], "texture": "#1"},
				"east": {"uv": [10.5, 9.25, 11.75, 9.5], "texture": "#1"},
				"south": {"uv": [11.25, 3, 11.375, 3.25], "texture": "#1"},
				"west": {"uv": [10.5, 9.5, 11.75, 9.75], "texture": "#1"},
				"up": {"uv": [5.25, 12.375, 5.125, 11.125], "texture": "#1"},
				"down": {"uv": [11.25, 1.5, 11.125, 2.75], "texture": "#1"}
			}
		},
		{
			"from": [0.26308, 19.36421, 4.77516],
			"to": [1.26308, 22.36421, 7.77516],
			"rotation": {"angle": 0, "axis": "x", "origin": [8, 10.14442, 8.35953]},
			"faces": {
				"north": {"uv": [10.875, 2.5, 11, 2.875], "texture": "#1"},
				"east": {"uv": [10.875, 3, 11.25, 3.375], "texture": "#1"},
				"south": {"uv": [7, 11.25, 7.125, 11.625], "texture": "#1"},
				"west": {"uv": [11.125, 6.5, 11.5, 6.875], "texture": "#1"},
				"up": {"uv": [7.25, 11.625, 7.125, 11.25], "texture": "#1"},
				"down": {"uv": [7.375, 11.25, 7.25, 11.625], "texture": "#1"}
			}
		},
		{
			"from": [14.73692, 19.36421, 4.77516],
			"to": [15.73692, 22.36421, 7.77516],
			"rotation": {"angle": 0, "axis": "x", "origin": [8, 10.14442, 8.35953]},
			"faces": {
				"north": {"uv": [11, 2.5, 10.875, 2.875], "texture": "#1"},
				"east": {"uv": [11.5, 6.5, 11.125, 6.875], "texture": "#1"},
				"south": {"uv": [7.125, 11.25, 7, 11.625], "texture": "#1"},
				"west": {"uv": [11.25, 3, 10.875, 3.375], "texture": "#1"},
				"up": {"uv": [7.125, 11.625, 7.25, 11.25], "texture": "#1"},
				"down": {"uv": [7.25, 11.25, 7.375, 11.625], "texture": "#1"}
			}
		},
		{
			"from": [-1.5157, 17.36421, 6.03829],
			"to": [-1.5157, 20.36421, 11.03829],
			"rotation": {"angle": -22.5, "axis": "y", "origin": [8, 10.14442, 8.35953]},
			"faces": {
				"north": {"uv": [0, 0, 0, 0.375], "texture": "#1"},
				"east": {"uv": [10.75, 7.875, 11.375, 8.25], "texture": "#1"},
				"south": {"uv": [0, 0, 0, 0.375], "texture": "#1"},
				"west": {"uv": [10.75, 8.25, 11.375, 8.625], "texture": "#1"},
				"up": {"uv": [0, 0.625, 0, 0], "texture": "#1"},
				"down": {"uv": [0, 0, 0, 0.625], "texture": "#1"}
			}
		},
		{
			"from": [17.5157, 17.36421, 6.03829],
			"to": [17.5157, 20.36421, 11.03829],
			"rotation": {"angle": 22.5, "axis": "y", "origin": [8, 10.14442, 8.35953]},
			"faces": {
				"north": {"uv": [0, 0, 0, 0.375], "texture": "#1"},
				"east": {"uv": [11.375, 8.25, 10.75, 8.625], "texture": "#1"},
				"south": {"uv": [0, 0, 0, 0.375], "texture": "#1"},
				"west": {"uv": [11.375, 7.875, 10.75, 8.25], "texture": "#1"},
				"up": {"uv": [0, 0.625, 0, 0], "texture": "#1"},
				"down": {"uv": [0, 0, 0, 0.625], "texture": "#1"}
			}
		}
	],
	"display": {
		"thirdperson_righthand": {
			"scale": [0.46, 0.46, 0.46]
		},
		"thirdperson_lefthand": {
			"scale": [0.46, 0.46, 0.46]
		},
		"firstperson_righthand": {
			"scale": [0.46, 0.46, 0.46]
		},
		"firstperson_lefthand": {
			"scale": [0.46, 0.46, 0.46]
		},
		"ground": {
			"scale": [0.46, 0.46, 0.46]
		},
		"gui": {
			"rotation": [24, -128, 0],
			"translation": [0, -1.5, 0],
			"scale": [0.46, 0.46, 0.46]
		},
		"head": {
			"translation": [0, 1, 0]
		}
	},
	"groups": [
		{
			"name": "group",
			"origin": [8, 8, 8],
			"children": []
		},
		{
			"name": "group",
			"origin": [8, 8, 8],
			"children": [
				{
					"name": "group",
					"origin": [7, -4, 8],
					"children": [0, 1, 2, 3, 4, 5, 6, 7, 8, 9, 10, 11, 12, 13, 14, 15, 16, 17, 18, 19, 20, 21, 22, 23, 24, 25, 26, 27, 28, 29, 30, 31, 32, 33, 34, 35, 36, 37]
				}
			]
		}
	]
}