{
	"__comment": "Designed by Moon with Cubik Studio - https://cubik.studio",
	"textures": {
		"starfish": "item/etc/starfish"
	},
	"elements": [ 	 
		{
			"__comment": "Voxels",
			"from": [ -1, 5, -16 ],
			"to": [ 12.5, 7, -14.5 ],
			"faces": {
				"down": { "uv": [ 0, 13, 3.375, 13.375 ], "texture": "#starfish" },
				"up": { "uv": [ 0, 13.75, 3.375, 13.375 ], "texture": "#starfish" },
				"north": { "uv": [ 3.375, 15.5, 0, 16 ], "texture": "#starfish" },
				"south": { "uv": [ 0, 15, 3.375, 15.5 ], "texture": "#starfish" },
				"west": { "uv": [ 7.75, 11.5, 8.125, 12 ], "texture": "#starfish" },
				"east": { "uv": [ 7.75, 12.5, 7.375, 13 ], "texture": "#starfish" }
			}
		},
		{
			"__comment": "Voxels",
			"from": [ -0.5, 7, -16 ],
			"to": [ 15.5, 8, -14.5 ],
			"faces": {
				"down": { "uv": [ 3.375, 15.625, 7.375, 16 ], "texture": "#starfish" },
				"up": { "uv": [ 3.375, 15.625, 7.375, 15.25 ], "texture": "#starfish" },
				"north": { "uv": [ 7.375, 13.5, 3.375, 13.75 ], "texture": "#starfish" },
				"south": { "uv": [ 3.375, 13.25, 7.375, 13.5 ], "texture": "#starfish" },
				"west": { "uv": [ 8, 13.375, 8.375, 13.625 ], "texture": "#starfish" },
				"east": { "uv": [ 7.75, 9.5, 7.375, 9.75 ], "texture": "#starfish" }
			}
		},
		{
			"__comment": "Voxels",
			"from": [ 0, 4.5, -16 ],
			"to": [ 1, 5, -14.5 ],
			"faces": {
				"down": { "uv": [ 3.125, 11.125, 3.375, 11.5 ], "texture": "#starfish" },
				"up": { "uv": [ 3.125, 11.125, 3.375, 10.75 ], "texture": "#starfish" },
				"north": { "uv": [ 7.375, 13.125, 7.125, 13.25 ], "texture": "#starfish" },
				"south": { "uv": [ 7.125, 14.5, 7.375, 14.625 ], "texture": "#starfish" },
				"west": { "uv": [ 7.375, 8.5, 7.75, 8.625 ], "texture": "#starfish" },
				"east": { "uv": [ 7.75, 8.375, 7.375, 8.5 ], "texture": "#starfish" }
			}
		},
		{
			"__comment": "Voxels",
			"from": [ 0, 8, -16 ],
			"to": [ 15, 9, -14.5 ],
			"faces": {
				"down": { "uv": [ 3.375, 14.875, 7.125, 15.25 ], "texture": "#starfish" },
				"up": { "uv": [ 3.375, 14.875, 7.125, 14.5 ], "texture": "#starfish" },
				"north": { "uv": [ 7.125, 12.75, 3.375, 13 ], "texture": "#starfish" },
				"south": { "uv": [ 3.375, 13, 7.125, 13.25 ], "texture": "#starfish" },
				"west": { "uv": [ 5, 8, 5.375, 8.25 ], "texture": "#starfish" },
				"east": { "uv": [ 7.25, 9.125, 6.875, 9.375 ], "texture": "#starfish" }
			}
		},
		{
			"__comment": "Voxels",
			"from": [ 0.5, 9, -16 ],
			"to": [ 14.5, 9.5, -14.5 ],
			"faces": {
				"down": { "uv": [ 3.375, 13.75, 6.875, 14.125 ], "texture": "#starfish" },
				"up": { "uv": [ 3.375, 14.5, 6.875, 14.125 ], "texture": "#starfish" },
				"north": { "uv": [ 15.625, 15.875, 12.125, 16 ], "texture": "#starfish" },
				"south": { "uv": [ 12.125, 15.75, 15.625, 15.875 ], "texture": "#starfish" },
				"west": { "uv": [ 7.375, 8.25, 7.75, 8.375 ], "texture": "#starfish" },
				"east": { "uv": [ 8.125, 8, 7.75, 8.125 ], "texture": "#starfish" }
			}
		},
		{
			"__comment": "Voxels",
			"from": [ 1, 9.5, -16 ],
			"to": [ 14, 10, -14.5 ],
			"faces": {
				"down": { "uv": [ 0, 12.625, 3.25, 13 ], "texture": "#starfish" },
				"up": { "uv": [ 0, 12.625, 3.25, 12.25 ], "texture": "#starfish" },
				"north": { "uv": [ 12.25, 15.25, 9, 15.375 ], "texture": "#starfish" },
				"south": { "uv": [ 10.875, 15.625, 14.125, 15.75 ], "texture": "#starfish" },
				"west": { "uv": [ 15.125, 14.875, 15.5, 15 ], "texture": "#starfish" },
				"east": { "uv": [ 13.5, 14.5, 13.125, 14.625 ], "texture": "#starfish" }
			}
		},
		{
			"__comment": "Voxels",
			"from": [ 1.5, 2.5, -16 ],
			"to": [ 12, 5, -14.5 ],
			"faces": {
				"down": { "uv": [ 0, 9.625, 2.625, 10 ], "texture": "#starfish" },
				"up": { "uv": [ 0, 9.625, 2.625, 9.25 ], "texture": "#starfish" },
				"north": { "uv": [ 2.625, 13.75, 0, 14.375 ], "texture": "#starfish" },
				"south": { "uv": [ 0, 14.375, 2.625, 15 ], "texture": "#starfish" },
				"west": { "uv": [ 6.75, 8, 7.125, 8.625 ], "texture": "#starfish" },
				"east": { "uv": [ 5.375, 8.25, 5, 8.875 ], "texture": "#starfish" }
			}
		},
		{
			"__comment": "Voxels",
			"from": [ 1.5, 10, -16 ],
			"to": [ 13.5, 10.5, -14.5 ],
			"faces": {
				"down": { "uv": [ 0, 11.875, 3, 12.25 ], "texture": "#starfish" },
				"up": { "uv": [ 0, 11.875, 3, 11.5 ], "texture": "#starfish" },
				"north": { "uv": [ 15.25, 15.25, 12.25, 15.375 ], "texture": "#starfish" },
				"south": { "uv": [ 9, 15.125, 12, 15.25 ], "texture": "#starfish" },
				"west": { "uv": [ 13.5, 14.5, 13.875, 14.625 ], "texture": "#starfish" },
				"east": { "uv": [ 14.25, 14.5, 13.875, 14.625 ], "texture": "#starfish" }
			}
		},
		{
			"__comment": "Voxels",
			"from": [ 2, 1.5, -16 ],
			"to": [ 11.5, 2.5, -14.5 ],
			"faces": {
				"down": { "uv": [ 3.375, 12.375, 5.75, 12.75 ], "texture": "#starfish" },
				"up": { "uv": [ 0, 8.5, 2.375, 8.125 ], "texture": "#starfish" },
				"north": { "uv": [ 9.75, 15.75, 7.375, 16 ], "texture": "#starfish" },
				"south": { "uv": [ 9.75, 15.75, 12.125, 16 ], "texture": "#starfish" },
				"west": { "uv": [ 15.25, 15.125, 15.625, 15.375 ], "texture": "#starfish" },
				"east": { "uv": [ 16, 15.125, 15.625, 15.375 ], "texture": "#starfish" }
			}
		},
		{
			"__comment": "Voxels",
			"from": [ 2, 10.5, -16 ],
			"to": [ 13, 11, -14.5 ],
			"faces": {
				"down": { "uv": [ 0, 10.375, 2.75, 10.75 ], "texture": "#starfish" },
				"up": { "uv": [ 0, 10.375, 2.75, 10 ], "texture": "#starfish" },
				"north": { "uv": [ 15, 15.125, 12.25, 15.25 ], "texture": "#starfish" },
				"south": { "uv": [ 8.375, 15, 11.125, 15.125 ], "texture": "#starfish" },
				"west": { "uv": [ 14.25, 14.5, 14.625, 14.625 ], "texture": "#starfish" },
				"east": { "uv": [ 15.375, 14.5, 15, 14.625 ], "texture": "#starfish" }
			}
		},
		{
			"__comment": "Voxels",
			"from": [ 2.5, 1, -16 ],
			"to": [ 11.5, 1.5, -14.5 ],
			"faces": {
				"down": { "uv": [ 3.375, 12, 5.625, 12.375 ], "texture": "#starfish" },
				"up": { "uv": [ 3.375, 12, 5.625, 11.625 ], "texture": "#starfish" },
				"north": { "uv": [ 12.875, 14.875, 10.625, 15 ], "texture": "#starfish" },
				"south": { "uv": [ 12.875, 14.875, 15.125, 15 ], "texture": "#starfish" },
				"west": { "uv": [ 8.375, 13.625, 8.75, 13.75 ], "texture": "#starfish" },
				"east": { "uv": [ 8.75, 13.75, 8.375, 13.875 ], "texture": "#starfish" }
			}
		},
		{
			"__comment": "Voxels",
			"from": [ 2.5, 11, -16 ],
			"to": [ 12.5, 11.5, -14.5 ],
			"faces": {
				"down": { "uv": [ 0, 8.875, 2.5, 9.25 ], "texture": "#starfish" },
				"up": { "uv": [ 0, 8.875, 2.5, 8.5 ], "texture": "#starfish" },
				"north": { "uv": [ 2.5, 8, 0, 8.125 ], "texture": "#starfish" },
				"south": { "uv": [ 11.125, 15, 13.625, 15.125 ], "texture": "#starfish" },
				"west": { "uv": [ 7.75, 8.125, 8.125, 8.25 ], "texture": "#starfish" },
				"east": { "uv": [ 8.125, 8.25, 7.75, 8.375 ], "texture": "#starfish" }
			}
		},
		{
			"__comment": "Voxels",
			"from": [ 3, 0.5, -16 ],
			"to": [ 11.5, 1, -14.5 ],
			"faces": {
				"down": { "uv": [ 3.375, 10.125, 5.5, 10.5 ], "texture": "#starfish" },
				"up": { "uv": [ 3.375, 10.875, 5.5, 10.5 ], "texture": "#starfish" },
				"north": { "uv": [ 12.625, 14.75, 10.5, 14.875 ], "texture": "#starfish" },
				"south": { "uv": [ 8.375, 14.75, 10.5, 14.875 ], "texture": "#starfish" },
				"west": { "uv": [ 7.375, 8.625, 7.75, 8.75 ], "texture": "#starfish" },
				"east": { "uv": [ 8.125, 8.75, 7.75, 8.875 ], "texture": "#starfish" }
			}
		},
		{
			"__comment": "Voxels",
			"from": [ 3, 11.5, -16 ],
			"to": [ 12, 12, -14.5 ],
			"faces": {
				"down": { "uv": [ 3.375, 11.25, 5.625, 11.625 ], "texture": "#starfish" },
				"up": { "uv": [ 3.375, 11.25, 5.625, 10.875 ], "texture": "#starfish" },
				"north": { "uv": [ 15.875, 15, 13.625, 15.125 ], "texture": "#starfish" },
				"south": { "uv": [ 8.375, 14.875, 10.625, 15 ], "texture": "#starfish" },
				"west": { "uv": [ 7.375, 8.875, 7.75, 9 ], "texture": "#starfish" },
				"east": { "uv": [ 8.125, 9, 7.75, 9.125 ], "texture": "#starfish" }
			}
		},
		{
			"__comment": "Voxels",
			"from": [ 3.5, 0, -16 ],
			"to": [ 7, 0.5, -14.5 ],
			"faces": {
				"down": { "uv": [ 2.5, 8.875, 3.375, 9.25 ], "texture": "#starfish" },
				"up": { "uv": [ 2.5, 8.875, 3.375, 8.5 ], "texture": "#starfish" },
				"north": { "uv": [ 8.25, 11.125, 7.375, 11.25 ], "texture": "#starfish" },
				"south": { "uv": [ 2.5, 8, 3.375, 8.125 ], "texture": "#starfish" },
				"west": { "uv": [ 7.375, 9, 7.75, 9.125 ], "texture": "#starfish" },
				"east": { "uv": [ 8.25, 9.125, 7.875, 9.25 ], "texture": "#starfish" }
			}
		},
		{
			"__comment": "Voxels",
			"from": [ 3.5, 12, -16 ],
			"to": [ 11.5, 12.5, -14.5 ],
			"faces": {
				"down": { "uv": [ 3.375, 9.75, 5.375, 10.125 ], "texture": "#starfish" },
				"up": { "uv": [ 3.375, 9.75, 5.375, 9.375 ], "texture": "#starfish" },
				"north": { "uv": [ 14.625, 14.75, 12.625, 14.875 ], "texture": "#starfish" },
				"south": { "uv": [ 8.375, 14.625, 10.375, 14.75 ], "texture": "#starfish" },
				"west": { "uv": [ 8, 13.25, 8.375, 13.375 ], "texture": "#starfish" },
				"east": { "uv": [ 8.75, 13, 8.375, 13.125 ], "texture": "#starfish" }
			}
		},
		{
			"__comment": "Voxels",
			"from": [ 3.5, 12.5, -16 ],
			"to": [ 11, 13, -14.5 ],
			"faces": {
				"down": { "uv": [ 5.5, 10.5, 7.375, 10.875 ], "texture": "#starfish" },
				"up": { "uv": [ 5.5, 10.5, 7.375, 10.125 ], "texture": "#starfish" },
				"north": { "uv": [ 12.25, 14.625, 10.375, 14.75 ], "texture": "#starfish" },
				"south": { "uv": [ 12.25, 14.625, 14.125, 14.75 ], "texture": "#starfish" },
				"west": { "uv": [ 8.375, 13.125, 8.75, 13.25 ], "texture": "#starfish" },
				"east": { "uv": [ 8.75, 14, 8.375, 14.125 ], "texture": "#starfish" }
			}
		},
		{
			"__comment": "Voxels",
			"from": [ 4, -0.5, -16 ],
			"to": [ 6.5, 0, -14.5 ],
			"faces": {
				"down": { "uv": [ 7.375, 13.25, 8, 13.625 ], "texture": "#starfish" },
				"up": { "uv": [ 2.75, 10.75, 3.375, 10.375 ], "texture": "#starfish" },
				"north": { "uv": [ 8, 9.375, 7.375, 9.5 ], "texture": "#starfish" },
				"south": { "uv": [ 7.375, 9.25, 8, 9.375 ], "texture": "#starfish" },
				"west": { "uv": [ 8.375, 14.125, 8.75, 14.25 ], "texture": "#starfish" },
				"east": { "uv": [ 8.75, 14.25, 8.375, 14.375 ], "texture": "#starfish" }
			}
		},
		{
			"__comment": "Voxels",
			"from": [ 4, 13, -16 ],
			"to": [ 11, 13.5, -14.5 ],
			"faces": {
				"down": { "uv": [ 5.625, 12, 7.375, 12.375 ], "texture": "#starfish" },
				"up": { "uv": [ 5.625, 12, 7.375, 11.625 ], "texture": "#starfish" },
				"north": { "uv": [ 10.125, 14.5, 8.375, 14.625 ], "texture": "#starfish" },
				"south": { "uv": [ 14.125, 14.625, 15.875, 14.75 ], "texture": "#starfish" },
				"west": { "uv": [ 8.375, 14.375, 8.75, 14.5 ], "texture": "#starfish" },
				"east": { "uv": [ 8.75, 13.375, 8.375, 13.5 ], "texture": "#starfish" }
			}
		},
		{
			"__comment": "Voxels",
			"from": [ 4, 13.5, -16 ],
			"to": [ 10.5, 14.5, -14.5 ],
			"faces": {
				"down": { "uv": [ 5.75, 12.375, 7.375, 12.75 ], "texture": "#starfish" },
				"up": { "uv": [ 5.625, 11.625, 7.25, 11.25 ], "texture": "#starfish" },
				"north": { "uv": [ 15.75, 15.5, 14.125, 15.75 ], "texture": "#starfish" },
				"south": { "uv": [ 7.375, 15.125, 9, 15.375 ], "texture": "#starfish" },
				"west": { "uv": [ 7.75, 10, 8.125, 10.25 ], "texture": "#starfish" },
				"east": { "uv": [ 8.125, 10.25, 7.75, 10.5 ], "texture": "#starfish" }
			}
		},
		{
			"__comment": "Voxels",
			"from": [ 4.5, 14.5, -16 ],
			"to": [ 11, 15.5, -14.5 ],
			"faces": {
				"down": { "uv": [ 5.625, 10.875, 7.25, 11.25 ], "texture": "#starfish" },
				"up": { "uv": [ 5.375, 10.125, 7, 9.75 ], "texture": "#starfish" },
				"north": { "uv": [ 14.125, 15.375, 12.5, 15.625 ], "texture": "#starfish" },
				"south": { "uv": [ 10.875, 15.375, 12.5, 15.625 ], "texture": "#starfish" },
				"west": { "uv": [ 7.75, 10.5, 8.125, 10.75 ], "texture": "#starfish" },
				"east": { "uv": [ 7.75, 10.5, 7.375, 10.75 ], "texture": "#starfish" }
			}
		},
		{
			"__comment": "Voxels",
			"from": [ 4.5, 15.5, -16 ],
			"to": [ 10.5, 16, -14.5 ],
			"faces": {
				"down": { "uv": [ 5.375, 9, 6.875, 9.375 ], "texture": "#starfish" },
				"up": { "uv": [ 5.375, 9.75, 6.875, 9.375 ], "texture": "#starfish" },
				"north": { "uv": [ 11.625, 14.5, 10.125, 14.625 ], "texture": "#starfish" },
				"south": { "uv": [ 14.125, 15.375, 15.625, 15.5 ], "texture": "#starfish" },
				"west": { "uv": [ 8.375, 13.5, 8.75, 13.625 ], "texture": "#starfish" },
				"east": { "uv": [ 8.75, 13.25, 8.375, 13.375 ], "texture": "#starfish" }
			}
		},
		{
			"__comment": "Voxels",
			"from": [ 5, 16, -16 ],
			"to": [ 10.5, 19, -14.5 ],
			"faces": {
				"down": { "uv": [ 5.375, 8.625, 6.75, 9 ], "texture": "#starfish" },
				"up": { "uv": [ 5.375, 8.625, 6.75, 8.25 ], "texture": "#starfish" },
				"north": { "uv": [ 1.375, 10.75, 0, 11.5 ], "texture": "#starfish" },
				"south": { "uv": [ 1.375, 10.75, 2.75, 11.5 ], "texture": "#starfish" },
				"west": { "uv": [ 2.75, 10.75, 3.125, 11.5 ], "texture": "#starfish" },
				"east": { "uv": [ 5, 8.125, 4.625, 8.875 ], "texture": "#starfish" }
			}
		},
		{
			"__comment": "Voxels",
			"from": [ 5, 19, -16 ],
			"to": [ 10, 21, -14.5 ],
			"faces": {
				"down": { "uv": [ 7.375, 15.375, 8.625, 15.75 ], "texture": "#starfish" },
				"up": { "uv": [ 3.375, 8.375, 4.625, 8 ], "texture": "#starfish" },
				"north": { "uv": [ 4.625, 8.875, 3.375, 9.375 ], "texture": "#starfish" },
				"south": { "uv": [ 3.375, 8.375, 4.625, 8.875 ], "texture": "#starfish" },
				"west": { "uv": [ 7.75, 12.5, 8.125, 13 ], "texture": "#starfish" },
				"east": { "uv": [ 7.75, 12, 7.375, 12.5 ], "texture": "#starfish" }
			}
		},
		{
			"__comment": "Voxels",
			"from": [ 5, 21, -16 ],
			"to": [ 9.5, 21.5, -14.5 ],
			"faces": {
				"down": { "uv": [ 8.625, 15.375, 9.75, 15.75 ], "texture": "#starfish" },
				"up": { "uv": [ 9.75, 15.75, 10.875, 15.375 ], "texture": "#starfish" },
				"north": { "uv": [ 15.75, 14.75, 14.625, 14.875 ], "texture": "#starfish" },
				"south": { "uv": [ 11.625, 14.5, 12.75, 14.625 ], "texture": "#starfish" },
				"west": { "uv": [ 8.375, 12.875, 8.75, 13 ], "texture": "#starfish" },
				"east": { "uv": [ 5, 8, 4.625, 8.125 ], "texture": "#starfish" }
			}
		},
		{
			"__comment": "Voxels",
			"from": [ 5.5, 21.5, -16 ],
			"to": [ 9.5, 22, -14.5 ],
			"faces": {
				"down": { "uv": [ 7.375, 14.75, 8.375, 15.125 ], "texture": "#starfish" },
				"up": { "uv": [ 7.375, 14.75, 8.375, 14.375 ], "texture": "#starfish" },
				"north": { "uv": [ 8.375, 11.25, 7.375, 11.375 ], "texture": "#starfish" },
				"south": { "uv": [ 7.375, 11.375, 8.375, 11.5 ], "texture": "#starfish" },
				"west": { "uv": [ 8, 9.375, 8.375, 9.5 ], "texture": "#starfish" },
				"east": { "uv": [ 8.375, 9.25, 8, 9.375 ], "texture": "#starfish" }
			}
		},
		{
			"__comment": "Voxels",
			"from": [ 5.5, 22, -16 ],
			"to": [ 9, 23, -14.5 ],
			"faces": {
				"down": { "uv": [ 7.375, 14, 8.25, 14.375 ], "texture": "#starfish" },
				"up": { "uv": [ 2.5, 8.5, 3.375, 8.125 ], "texture": "#starfish" },
				"north": { "uv": [ 6.25, 8, 5.375, 8.25 ], "texture": "#starfish" },
				"south": { "uv": [ 7.375, 13, 8.25, 13.25 ], "texture": "#starfish" },
				"west": { "uv": [ 6.25, 8, 6.625, 8.25 ], "texture": "#starfish" },
				"east": { "uv": [ 16, 15.75, 15.625, 16 ], "texture": "#starfish" }
			}
		},
		{
			"__comment": "Voxels",
			"from": [ 6, 23, -16 ],
			"to": [ 9, 23.5, -14.5 ],
			"faces": {
				"down": { "uv": [ 2.625, 14.625, 3.375, 15 ], "texture": "#starfish" },
				"up": { "uv": [ 2.625, 14.375, 3.375, 14 ], "texture": "#starfish" },
				"north": { "uv": [ 5.375, 8.875, 4.625, 9 ], "texture": "#starfish" },
				"south": { "uv": [ 7.375, 11, 8.125, 11.125 ], "texture": "#starfish" },
				"west": { "uv": [ 7.75, 8.875, 8.125, 9 ], "texture": "#starfish" },
				"east": { "uv": [ 7.75, 8.75, 7.375, 8.875 ], "texture": "#starfish" }
			}
		},
		{
			"__comment": "Voxels",
			"from": [ 6, 23.5, -16 ],
			"to": [ 8.5, 24, -14.5 ],
			"faces": {
				"down": { "uv": [ 6.75, 8.625, 7.375, 9 ], "texture": "#starfish" },
				"up": { "uv": [ 2.75, 10.375, 3.375, 10 ], "texture": "#starfish" },
				"north": { "uv": [ 8.375, 9.625, 7.75, 9.75 ], "texture": "#starfish" },
				"south": { "uv": [ 7.75, 9.5, 8.375, 9.625 ], "texture": "#starfish" },
				"west": { "uv": [ 7.75, 8.625, 8.125, 8.75 ], "texture": "#starfish" },
				"east": { "uv": [ 15.75, 14.5, 15.375, 14.625 ], "texture": "#starfish" }
			}
		},
		{
			"__comment": "Voxels",
			"from": [ 6.5, 24, -16 ],
			"to": [ 8, 24.5, -14.5 ],
			"faces": {
				"down": { "uv": [ 7, 9.75, 7.375, 10.125 ], "texture": "#starfish" },
				"up": { "uv": [ 3, 11.875, 3.375, 11.5 ], "texture": "#starfish" },
				"north": { "uv": [ 7.75, 8.125, 7.375, 8.25 ], "texture": "#starfish" },
				"south": { "uv": [ 7.375, 8, 7.75, 8.125 ], "texture": "#starfish" },
				"west": { "uv": [ 7.75, 8.5, 8.125, 8.625 ], "texture": "#starfish" },
				"east": { "uv": [ 8.125, 8.375, 7.75, 8.5 ], "texture": "#starfish" }
			}
		},
		{
			"__comment": "Voxels",
			"from": [ 8, 0, -16 ],
			"to": [ 11, 0.5, -14.5 ],
			"faces": {
				"down": { "uv": [ 7.375, 13.625, 8.125, 14 ], "texture": "#starfish" },
				"up": { "uv": [ 4.625, 9.375, 5.375, 9 ], "texture": "#starfish" },
				"north": { "uv": [ 8.125, 10.875, 7.375, 11 ], "texture": "#starfish" },
				"south": { "uv": [ 7.375, 10.75, 8.125, 10.875 ], "texture": "#starfish" },
				"west": { "uv": [ 15.5, 14.875, 15.875, 15 ], "texture": "#starfish" },
				"east": { "uv": [ 13.125, 14.5, 12.75, 14.625 ], "texture": "#starfish" }
			}
		},
		{
			"__comment": "Voxels",
			"from": [ 8.5, -0.5, -16 ],
			"to": [ 10.5, 0, -14.5 ],
			"faces": {
				"down": { "uv": [ 6.875, 14.125, 7.375, 14.5 ], "texture": "#starfish" },
				"up": { "uv": [ 6.875, 14.125, 7.375, 13.75 ], "texture": "#starfish" },
				"north": { "uv": [ 7.375, 9, 6.875, 9.125 ], "texture": "#starfish" },
				"south": { "uv": [ 7.375, 9.125, 7.875, 9.25 ], "texture": "#starfish" },
				"west": { "uv": [ 14.625, 14.5, 15, 14.625 ], "texture": "#starfish" },
				"east": { "uv": [ 8.75, 13.875, 8.375, 14 ], "texture": "#starfish" }
			}
		},
		{
			"__comment": "Voxels",
			"from": [ 10.5, 16.5, -16 ],
			"to": [ 11, 18.5, -14.5 ],
			"faces": {
				"down": { "uv": [ 3.25, 12.625, 3.375, 13 ], "texture": "#starfish" },
				"up": { "uv": [ 3.25, 12.625, 3.375, 12.25 ], "texture": "#starfish" },
				"north": { "uv": [ 7.375, 8.125, 7.25, 8.625 ], "texture": "#starfish" },
				"south": { "uv": [ 7.125, 8.125, 7.25, 8.625 ], "texture": "#starfish" },
				"west": { "uv": [ 7.75, 12, 8.125, 12.5 ], "texture": "#starfish" },
				"east": { "uv": [ 7.75, 11.5, 7.375, 12 ], "texture": "#starfish" }
			}
		},
		{
			"__comment": "Voxels",
			"from": [ 12, 4, -16 ],
			"to": [ 12.5, 5, -14.5 ],
			"faces": {
				"down": { "uv": [ 2.375, 8.125, 2.5, 8.5 ], "texture": "#starfish" },
				"up": { "uv": [ 7.125, 15.25, 7.25, 14.875 ], "texture": "#starfish" },
				"north": { "uv": [ 7.375, 15, 7.25, 15.25 ], "texture": "#starfish" },
				"south": { "uv": [ 7.125, 14.625, 7.25, 14.875 ], "texture": "#starfish" },
				"west": { "uv": [ 7.375, 10, 7.75, 10.25 ], "texture": "#starfish" },
				"east": { "uv": [ 7.75, 10.25, 7.375, 10.5 ], "texture": "#starfish" }
			}
		},
		{
			"__comment": "Voxels",
			"from": [ 12.5, 6, -16 ],
			"to": [ 15.5, 7, -14.5 ],
			"faces": {
				"down": { "uv": [ 2.625, 9.25, 3.375, 9.625 ], "texture": "#starfish" },
				"up": { "uv": [ 2.625, 10, 3.375, 9.625 ], "texture": "#starfish" },
				"north": { "uv": [ 3.375, 14.375, 2.625, 14.625 ], "texture": "#starfish" },
				"south": { "uv": [ 2.625, 13.75, 3.375, 14 ], "texture": "#starfish" },
				"west": { "uv": [ 7.375, 9.75, 7.75, 10 ], "texture": "#starfish" },
				"east": { "uv": [ 8.125, 9.75, 7.75, 10 ], "texture": "#starfish" }
			}
		},
		{
			"__comment": "Voxels",
			"from": [ 13.5, 5.5, -16 ],
			"to": [ 15, 6, -14.5 ],
			"faces": {
				"down": { "uv": [ 6.875, 9.375, 7.25, 9.75 ], "texture": "#starfish" },
				"up": { "uv": [ 3, 12.25, 3.375, 11.875 ], "texture": "#starfish" },
				"north": { "uv": [ 8.75, 12.75, 8.375, 12.875 ], "texture": "#starfish" },
				"south": { "uv": [ 8.375, 12.625, 8.75, 12.75 ], "texture": "#starfish" },
				"west": { "uv": [ 8.375, 12.5, 8.75, 12.625 ], "texture": "#starfish" },
				"east": { "uv": [ 8.75, 12.375, 8.375, 12.5 ], "texture": "#starfish" }
			}
		}
	],
	"display": {
		"thirdperson_righthand": {
			"rotation":  [ 14, -25, 180 ],
			"translation":  [ -5.463, 2.7826, 13.216 ],
			"scale":  [ 0.5, 0.4, 0.5 ]
		},
		"thirdperson_lefthand": {
			"rotation":  [ 14, -25, 180 ],
			"translation":  [ -4.767, 2.7826, 13.216 ],
			"scale":  [ 0.5, 0.4, 0.5 ]
		},
		"firstperson_righthand": {
			"rotation":  [ -31, 0, 0 ],
			"translation":  [ 18.086, 2.0878, -1.391 ],
			"scale":  [ 1, 0.6, 0.7 ]
		},
		"firstperson_lefthand": {
			"rotation":  [ -31, 0, 0 ],
			"translation":  [ 18.086, 2.0878, -1.391 ],
			"scale":  [ 1, 0.6, 0.7 ]
		},
		"gui": {
			"translation":  [ 0.6956, -2.086, 13.218 ],
			"scale":  [ 0.6, 0.5, 0.6 ]
		},
		"head": {
			"rotation":  [ 0, 180, 0 ],
			"translation":  [ 0, 11.137, -24.33 ],
			"scale":  [ 0.7, 0.6, 0.7 ]
		},
		"ground": {
			"rotation":  [ 11, 180, 0 ],
			"translation":  [ 0, 10.434, 0 ],
			"scale":  [ 0.7, 0.6, 0.7 ]
		},
		"fixed": {
			"rotation":  [ 0, 180, 0 ],
			"translation":  [ -0.694, -2.086, -15.99 ],
			"scale":  [ 0.7, 0.6, 0.7 ]
		}
	}
}