{
	"credit": "Made with Blockbench",
	"texture_size": [256, 256],
	"textures": {
		"0": "item/decor/bedroom_bed",
		"particle": "item/decor/bedroom_bed"
	},
	"elements": [
		{
			"from": [-14, 5, 0],
			"to": [14, 10, 30],
			"rotation": {"angle": 0, "axis": "y", "origin": [0, 3, 0]},
			"faces": {
				"north": {"uv": [1.875, 1.875, 3.625, 2.1875], "texture": "#0"},
				"east": {"uv": [0, 1.875, 1.875, 2.1875], "texture": "#0"},
				"south": {"uv": [5.5, 1.875, 7.25, 2.1875], "texture": "#0"},
				"west": {"uv": [3.625, 1.875, 5.5, 2.1875], "texture": "#0"},
				"up": {"uv": [3.625, 1.875, 1.875, 0], "texture": "#0"},
				"down": {"uv": [5.375, 0, 3.625, 1.875], "texture": "#0"}
			}
		},
		{
			"from": [-14.5, 6, 3],
			"to": [14.5, 10.5, 13],
			"faces": {
				"north": {"uv": [0.625, 5.0625, 2.4375, 5.3125], "texture": "#0", "tintindex": 0},
				"east": {"uv": [0, 5.0625, 0.625, 5.3125], "texture": "#0", "tintindex": 0},
				"south": {"uv": [3.0625, 5.0625, 4.875, 5.3125], "texture": "#0", "tintindex": 0},
				"west": {"uv": [2.4375, 5.0625, 3.0625, 5.3125], "texture": "#0", "tintindex": 0},
				"up": {"uv": [2.4375, 5.0625, 0.625, 4.4375], "texture": "#0", "tintindex": 0},
				"down": {"uv": [4.25, 4.4375, 2.4375, 5.0625], "texture": "#0", "tintindex": 0}
			}
		},
		{
			"from": [-13, 0, 1],
			"to": [13, 5, 30],
			"faces": {
				"north": {"uv": [1.8125, 4.0625, 3.4375, 4.375], "texture": "#0", "tintindex": 0},
				"east": {"uv": [0, 4.0625, 1.8125, 4.375], "texture": "#0", "tintindex": 0},
				"south": {"uv": [5.25, 4.0625, 6.875, 4.375], "texture": "#0", "tintindex": 0},
				"west": {"uv": [3.4375, 4.0625, 5.25, 4.375], "texture": "#0", "tintindex": 0},
				"up": {"uv": [3.4375, 4.0625, 1.8125, 2.25], "texture": "#0", "tintindex": 0},
				"down": {"uv": [5.0625, 2.25, 3.4375, 4.0625], "texture": "#0", "tintindex": 0}
			}
		},
		{
			"from": [-15, 0, 30],
			"to": [15, 23, 32],
			"faces": {
				"north": {"uv": [5.0625, 4.5625, 6.9375, 6], "texture": "#0", "tintindex": 0},
				"east": {"uv": [4.9375, 4.5625, 5.0625, 6], "texture": "#0", "tintindex": 0},
				"south": {"uv": [7.0625, 4.5625, 8.9375, 6], "texture": "#0", "tintindex": 0},
				"west": {"uv": [6.9375, 4.5625, 7.0625, 6], "texture": "#0", "tintindex": 0},
				"up": {"uv": [6.9375, 4.5625, 5.0625, 4.4375], "texture": "#0", "tintindex": 0},
				"down": {"uv": [8.8125, 4.4375, 6.9375, 4.5625], "texture": "#0", "tintindex": 0}
			}
		},
		{
			"from": [-11.5, 19, 19.7],
			"to": [-0.5, 26, 23.2],
			"rotation": {"angle": 22.5, "axis": "x", "origin": [0, 3, 0]},
			"faces": {
				"north": {"uv": [0.1875, 0.875, 0.875, 1.3125], "texture": "#0"},
				"east": {"uv": [0, 0.875, 0.1875, 1.3125], "texture": "#0"},
				"south": {"uv": [1.0625, 0.875, 1.75, 1.3125], "texture": "#0"},
				"west": {"uv": [0.875, 0.875, 1.0625, 1.3125], "texture": "#0"},
				"up": {"uv": [0.875, 0.875, 0.1875, 0.6875], "texture": "#0"},
				"down": {"uv": [1.5625, 0.6875, 0.875, 0.875], "texture": "#0"}
			}
		},
		{
			"from": [0.5, 19, 19.7],
			"to": [11.5, 26, 23.2],
			"rotation": {"angle": 22.5, "axis": "x", "origin": [0, 3, 0]},
			"faces": {
				"north": {"uv": [0.1875, 0.1875, 0.875, 0.625], "texture": "#0"},
				"east": {"uv": [0, 0.1875, 0.1875, 0.625], "texture": "#0"},
				"south": {"uv": [1.0625, 0.1875, 1.75, 0.625], "texture": "#0"},
				"west": {"uv": [0.875, 0.1875, 1.0625, 0.625], "texture": "#0"},
				"up": {"uv": [0.875, 0.1875, 0.1875, 0], "texture": "#0"},
				"down": {"uv": [1.5625, 0, 0.875, 0.1875], "texture": "#0"}
			}
		},
		{
			"from": [-9, -10, 20.5],
			"to": [-3, -7.5, 24.5],
			"rotation": {"angle": -45, "axis": "x", "origin": [0, 3, 0]},
			"faces": {
				"north": {"uv": [0.25, 1.625, 0.625, 1.75], "texture": "#0", "tintindex": 0},
				"east": {"uv": [0, 1.625, 0.25, 1.75], "texture": "#0", "tintindex": 0},
				"south": {"uv": [0.875, 1.625, 1.25, 1.75], "texture": "#0", "tintindex": 0},
				"west": {"uv": [0.625, 1.625, 0.875, 1.75], "texture": "#0", "tintindex": 0},
				"up": {"uv": [0.625, 1.625, 0.25, 1.375], "texture": "#0", "tintindex": 0},
				"down": {"uv": [1, 1.375, 0.625, 1.625], "texture": "#0", "tintindex": 0}
			}
		},
		{
			"from": [3, -10, 20.5],
			"to": [9, -7.5, 24.5],
			"rotation": {"angle": -45, "axis": "x", "origin": [0, 3, 0]},
			"faces": {
				"north": {"uv": [0.25, 1.625, 0.625, 1.75], "texture": "#0", "tintindex": 0},
				"east": {"uv": [0, 1.625, 0.25, 1.75], "texture": "#0", "tintindex": 0},
				"south": {"uv": [0.875, 1.625, 1.25, 1.75], "texture": "#0", "tintindex": 0},
				"west": {"uv": [0.625, 1.625, 0.875, 1.75], "texture": "#0", "tintindex": 0},
				"up": {"uv": [0.625, 1.625, 0.25, 1.375], "texture": "#0", "tintindex": 0},
				"down": {"uv": [1, 1.375, 0.625, 1.625], "texture": "#0", "tintindex": 0}
			}
		}
	],
	"display": {
		"thirdperson_righthand": {
			"rotation": [60, -160, 0],
			"translation": [3.75, 14.25, -6.25],
			"scale": [-0.6, 0.6, -0.6]
		},
		"thirdperson_lefthand": {
			"rotation": [60, -160, 0],
			"translation": [-6, 9.75, -5.75],
			"scale": [-0.6, 0.6, -0.6]
		},
		"firstperson_righthand": {
			"rotation": [0, -73, 6],
			"translation": [-4, -0.5, 0],
			"scale": [-0.4, 0.4, -0.4]
		},
		"firstperson_lefthand": {
			"rotation": [0, -73, 6],
			"translation": [-2, -0.5, 5.25],
			"scale": [-0.4, 0.4, -0.4]
		},
		"ground": {
			"translation": [2, 1.5, -3],
			"scale": [0.35, 0.35, 0.35]
		},
		"gui": {
			"rotation": [30, -40, 0],
			"translation": [-4.25, -1.75, 0],
			"scale": [-0.35, 0.35, -0.35]
		},
		"head": {
			"translation": [0, -30.4, 0],
			"scale": [-1.6, 1.6, -1.6]
		},
		"fixed": {
			"rotation": [90, 0, 0],
			"translation": [0, 0, -15],
			"scale": [2, -2, -2]
		}
	}
}