{
	"credit": "Made with Blockbench",
	"parent": "block/block",
	"elements": [
		{
			"from": [9, 0, 6],
			"to": [11, 6, 8],
			"rotation": {"angle": 0, "axis": "y", "origin": [2, 0, -1]},
			"faces": {
				"north": {"uv": [0, 8, 2, 14], "texture": "#all"},
				"east": {"uv": [0, 8, 2, 14], "texture": "#all"},
				"south": {"uv": [0, 8, 2, 14], "texture": "#all"},
				"west": {"uv": [0, 8, 2, 14], "texture": "#all"},
				"up": {"uv": [0, 6, 2, 8], "texture": "#all"},
				"down": {"uv": [0, 14, 2, 16], "texture": "#all", "cullface": "down"}
			}
		},
		{
			"from": [8.875, 3.875, 5.875],
			"to": [11.125, 6.125, 8.125],
			"rotation": {"angle": 0, "axis": "y", "origin": [2, 0, -1]},
			"faces": {
				"north": {"uv": [14, 12, 16, 14], "texture": "#all"},
				"east": {"uv": [14, 12, 16, 14], "texture": "#all"},
				"south": {"uv": [14, 12, 16, 14], "texture": "#all"},
				"west": {"uv": [14, 12, 16, 14], "texture": "#all"},
				"up": {"uv": [14, 10, 16, 12], "texture": "#all"},
				"down": {"uv": [14, 8, 16, 10], "texture": "#all", "cullface": "down"}
			}
		},
		{
			"from": [9.5, 6, 7],
			"to": [10.5, 7, 7],
			"rotation": {"angle": 45, "axis": "y", "origin": [10, 6, 7]},
			"faces": {
				"north": {"uv": [0, 5, 1, 6], "texture": "#all"},
				"east": {"uv": [0, 0, 0, 0], "texture": "#all"},
				"south": {"uv": [0, 5, 1, 6], "texture": "#all"},
				"west": {"uv": [0, 0, 0, 0], "texture": "#all"},
				"up": {"uv": [0, 0, 0, 0], "texture": "#all"},
				"down": {"uv": [0, 0, 0, 0], "texture": "#all"}
			}
		},
		{
			"from": [9.5, 6, 7],
			"to": [10.5, 7, 7],
			"rotation": {"angle": -45, "axis": "y", "origin": [10, 6, 7]},
			"faces": {
				"north": {"uv": [0, 5, 1, 6], "texture": "#all"},
				"east": {"uv": [0, 0, 0, 0], "texture": "#all"},
				"south": {"uv": [0, 5, 1, 6], "texture": "#all"},
				"west": {"uv": [0, 0, 0, 0], "texture": "#all"},
				"up": {"uv": [0, 0, 0, 0], "texture": "#all"},
				"down": {"uv": [0, 0, 0, 0], "texture": "#all"}
			}
		},
		{
			"from": [8.625, 0, 5.625],
			"to": [11.375, 1.25, 8.375],
			"rotation": {"angle": 0, "axis": "y", "origin": [2, 1.5, -1]},
			"faces": {
				"north": {"uv": [13, 0, 16, 2], "texture": "#all"},
				"east": {"uv": [13, 0, 16, 2], "texture": "#all"},
				"south": {"uv": [13, 0, 16, 2], "texture": "#all"},
				"west": {"uv": [13, 0, 16, 2], "texture": "#all"},
				"up": {"uv": [10, 0, 13, 3], "texture": "#all"},
				"down": {"uv": [10, 0, 13, 3], "texture": "#all", "cullface": "down"}
			}
		},
		{
			"from": [11.125, 2.75, 7],
			"to": [11.125, 3.875, 8.125],
			"rotation": {"angle": 0, "axis": "y", "origin": [18, -1, 0]},
			"faces": {
				"north": {"uv": [16, 12, 14, 15], "texture": "#all"},
				"east": {"uv": [15, 14, 14, 15], "texture": "#all"},
				"south": {"uv": [16, 12, 14, 15], "texture": "#all"},
				"west": {"uv": [15, 14, 14, 15], "texture": "#all"},
				"up": {"uv": [16, 10, 14, 12], "texture": "#all"},
				"down": {"uv": [16, 8, 14, 10], "texture": "#all", "cullface": "down"}
			}
		},
		{
			"from": [8.875, 2.75, 8.125],
			"to": [10, 3.875, 8.125],
			"rotation": {"angle": 0, "axis": "y", "origin": [8, 8, 8]},
			"faces": {
				"north": {"uv": [14, 14, 15, 15], "texture": "#all"},
				"east": {"uv": [14, 12, 16, 15], "texture": "#all"},
				"south": {"uv": [14, 14, 15, 15], "texture": "#all"},
				"west": {"uv": [14, 12, 16, 15], "texture": "#all"},
				"up": {"uv": [14, 10, 16, 12], "rotation": 270, "texture": "#all"},
				"down": {"uv": [14, 8, 16, 10], "rotation": 90, "texture": "#all", "cullface": "down"}
			}
		},
		{
			"from": [8.875, 2.75, 5.875],
			"to": [8.875, 3.875, 7],
			"rotation": {"angle": 0, "axis": "y", "origin": [-2, -1, 0]},
			"faces": {
				"north": {"uv": [14, 12, 16, 15], "texture": "#all"},
				"east": {"uv": [14, 14, 15, 15], "texture": "#all"},
				"south": {"uv": [14, 12, 16, 15], "texture": "#all"},
				"west": {"uv": [14, 14, 15, 15], "texture": "#all"},
				"up": {"uv": [14, 10, 16, 12], "texture": "#all"},
				"down": {"uv": [14, 8, 16, 10], "texture": "#all", "cullface": "down"}
			}
		},
		{
			"from": [10, 2.75, 5.875],
			"to": [11.125, 3.875, 5.875],
			"rotation": {"angle": 0, "axis": "y", "origin": [8, 8, 8]},
			"faces": {
				"north": {"uv": [15, 14, 14, 15], "texture": "#all"},
				"east": {"uv": [16, 12, 14, 15], "texture": "#all"},
				"south": {"uv": [15, 14, 14, 15], "texture": "#all"},
				"west": {"uv": [16, 12, 14, 15], "texture": "#all"},
				"up": {"uv": [16, 10, 14, 12], "rotation": 270, "texture": "#all"},
				"down": {"uv": [16, 8, 14, 10], "rotation": 90, "texture": "#all", "cullface": "down"}
			}
		},
		{
			"from": [5, 0, 7],
			"to": [7, 5, 9],
			"rotation": {"angle": 0, "axis": "y", "origin": [-2, -1, 0]},
			"faces": {
				"north": {"uv": [0, 8, 2, 13], "texture": "#all"},
				"east": {"uv": [0, 8, 2, 13], "texture": "#all"},
				"south": {"uv": [0, 8, 2, 13], "texture": "#all"},
				"west": {"uv": [0, 8, 2, 13], "texture": "#all"},
				"up": {"uv": [0, 6, 2, 8], "texture": "#all"},
				"down": {"uv": [0, 14, 2, 16], "texture": "#all", "cullface": "down"}
			}
		},
		{
			"from": [4.875, 2.875, 6.875],
			"to": [7.125, 5.125, 9.125],
			"rotation": {"angle": 0, "axis": "y", "origin": [-2, -1, 0]},
			"faces": {
				"north": {"uv": [14, 12, 16, 14], "texture": "#all"},
				"east": {"uv": [14, 12, 16, 14], "texture": "#all"},
				"south": {"uv": [14, 12, 16, 14], "texture": "#all"},
				"west": {"uv": [14, 12, 16, 14], "texture": "#all"},
				"up": {"uv": [14, 10, 16, 12], "texture": "#all"},
				"down": {"uv": [14, 10, 16, 12], "texture": "#all", "cullface": "down"}
			}
		},
		{
			"from": [4.875, 1.75, 6.875],
			"to": [4.875, 2.875, 8],
			"rotation": {"angle": 0, "axis": "y", "origin": [-2, -1, 0]},
			"faces": {
				"north": {"uv": [14, 12, 16, 15], "texture": "#all"},
				"east": {"uv": [14, 14, 15, 15], "texture": "#all"},
				"south": {"uv": [14, 12, 16, 15], "texture": "#all"},
				"west": {"uv": [14, 14, 15, 15], "texture": "#all"},
				"up": {"uv": [14, 10, 16, 12], "texture": "#all"},
				"down": {"uv": [14, 8, 16, 10], "texture": "#all", "cullface": "down"}
			}
		},
		{
			"from": [7.125, 1.75, 8],
			"to": [7.125, 2.875, 9.125],
			"rotation": {"angle": 0, "axis": "y", "origin": [18, -1, 0]},
			"faces": {
				"north": {"uv": [16, 12, 14, 15], "texture": "#all"},
				"east": {"uv": [15, 14, 14, 15], "texture": "#all"},
				"south": {"uv": [16, 12, 14, 15], "texture": "#all"},
				"west": {"uv": [15, 14, 14, 15], "texture": "#all"},
				"up": {"uv": [16, 10, 14, 12], "texture": "#all"},
				"down": {"uv": [16, 8, 14, 10], "texture": "#all", "cullface": "down"}
			}
		},
		{
			"from": [4.875, 1.75, 9.125],
			"to": [6, 2.875, 9.125],
			"rotation": {"angle": 0, "axis": "y", "origin": [8, 8, 8]},
			"faces": {
				"north": {"uv": [14, 14, 15, 15], "texture": "#all"},
				"east": {"uv": [14, 12, 16, 15], "texture": "#all"},
				"south": {"uv": [14, 14, 15, 15], "texture": "#all"},
				"west": {"uv": [14, 12, 16, 15], "texture": "#all"},
				"up": {"uv": [14, 10, 16, 12], "rotation": 270, "texture": "#all"},
				"down": {"uv": [14, 8, 16, 10], "rotation": 90, "texture": "#all", "cullface": "down"}
			}
		},
		{
			"from": [6, 1.75, 6.875],
			"to": [7.125, 2.875, 6.875],
			"rotation": {"angle": 0, "axis": "y", "origin": [8, 8, 8]},
			"faces": {
				"north": {"uv": [15, 14, 14, 15], "texture": "#all"},
				"east": {"uv": [16, 12, 14, 15], "texture": "#all"},
				"south": {"uv": [15, 14, 14, 15], "texture": "#all"},
				"west": {"uv": [16, 12, 14, 15], "texture": "#all"},
				"up": {"uv": [16, 10, 14, 12], "rotation": 270, "texture": "#all"},
				"down": {"uv": [16, 8, 14, 10], "rotation": 90, "texture": "#all", "cullface": "down"}
			}
		},
		{
			"from": [5.5, 5, 8],
			"to": [6.5, 6, 8],
			"rotation": {"angle": 45, "axis": "y", "origin": [6, 5, 8]},
			"faces": {
				"north": {"uv": [0, 5, 1, 6], "texture": "#all"},
				"east": {"uv": [0, 0, 0, 0], "texture": "#all"},
				"south": {"uv": [0, 5, 1, 6], "texture": "#all"},
				"west": {"uv": [0, 0, 0, 0], "texture": "#all"},
				"up": {"uv": [0, 0, 0, 0], "texture": "#all"},
				"down": {"uv": [0, 0, 0, 0], "texture": "#all"}
			}
		},
		{
			"from": [5.5, 5, 8],
			"to": [6.5, 6, 8],
			"rotation": {"angle": -45, "axis": "y", "origin": [6, 5, 8]},
			"faces": {
				"north": {"uv": [0, 5, 1, 6], "texture": "#all"},
				"east": {"uv": [0, 0, 0, 0], "texture": "#all"},
				"south": {"uv": [0, 5, 1, 6], "texture": "#all"},
				"west": {"uv": [0, 0, 0, 0], "texture": "#all"},
				"up": {"uv": [0, 0, 0, 0], "texture": "#all"},
				"down": {"uv": [0, 0, 0, 0], "texture": "#all"}
			}
		},
		{
			"from": [4.625, 0, 6.625],
			"to": [7.375, 0.75, 9.375],
			"rotation": {"angle": 0, "axis": "y", "origin": [-2, 0.5, 0]},
			"faces": {
				"north": {"uv": [13, 0, 16, 1], "texture": "#all"},
				"east": {"uv": [13, 0, 16, 1], "texture": "#all"},
				"south": {"uv": [13, 0, 16, 1], "texture": "#all"},
				"west": {"uv": [13, 0, 16, 1], "texture": "#all"},
				"up": {"uv": [10, 0, 13, 3], "texture": "#all"},
				"down": {"uv": [10, 0, 13, 3], "texture": "#all", "cullface": "down"}
			}
		}
	],
	"groups": [
		{
			"name": "template_candle",
			"origin": [8, 8, 8],
			"children": [0, 1, 2, 3, 4, 5, 6, 7, 8]
		},
		{
			"name": "template_candle",
			"origin": [8, 8, 8],
			"children": [9, 10, 11, 12, 13, 14, 15, 16, 17]
		}
	]
}