{
	"credit": "Made with Blockbench",
	"textures": {
		"1": "item/etc/enma1",
		"2": "item/etc/enma2",
		"3": "item/etc/enma3",
		"4": "item/etc/enma4",
		"5": "item/etc/enma5",
		"6": "item/etc/enma6",
		"7": "item/etc/enma7",
		"8": "item/etc/enma8",
		"9": "item/etc/enma9",
		"10": "item/etc/enma10",
		"11": "item/etc/enma11"
	},
	"gui_light": "front",
	"elements": [
		{
			"from": [5, 0, 1],
			"to": [11, 5, 6],
			"rotation": {"angle": 0, "axis": "y", "origin": [13, 8, 9]},
			"faces": {
				"north": {"uv": [0, 0, 6, 5], "texture": "#2"},
				"east": {"uv": [0, 0, 5, 5], "texture": "#1"},
				"south": {"uv": [0, 0, 6, 5], "texture": "#1"},
				"west": {"uv": [0, 0, 5, 5], "texture": "#1"},
				"up": {"uv": [0, 0, 6, 5], "texture": "#1"},
				"down": {"uv": [0, 0, 6, 5], "texture": "#1"}
			}
		},
		{
			"from": [9, 5, 4],
			"to": [11, 7, 5],
			"rotation": {"angle": 0, "axis": "y", "origin": [17, 13, 12]},
			"faces": {
				"north": {"uv": [0, 0, 2, 2], "texture": "#4"},
				"east": {"uv": [0, 0, 1, 2], "texture": "#4"},
				"south": {"uv": [0, 0, 2, 2], "texture": "#1"},
				"west": {"uv": [0, 0, 1, 2], "texture": "#1"},
				"up": {"uv": [0, 0, 2, 1], "texture": "#1"},
				"down": {"uv": [0, 0, 2, 1], "texture": "#4"}
			}
		},
		{
			"from": [5, 5, 4],
			"to": [7, 7, 5],
			"rotation": {"angle": 0, "axis": "y", "origin": [13, 13, 12]},
			"faces": {
				"north": {"uv": [0, 0, 2, 2], "texture": "#5"},
				"east": {"uv": [0, 0, 1, 2], "texture": "#1"},
				"south": {"uv": [0, 0, 2, 2], "texture": "#1"},
				"west": {"uv": [0, 0, 1, 2], "texture": "#1"},
				"up": {"uv": [0, 0, 2, 1], "texture": "#1"},
				"down": {"uv": [0, 0, 2, 1], "texture": "#5"}
			}
		},
		{
			"from": [7, 0, -1],
			"to": [9, 2, 1],
			"rotation": {"angle": 0, "axis": "y", "origin": [16, 8, 8]},
			"faces": {
				"north": {"uv": [0, 0, 2, 2], "texture": "#3"},
				"east": {"uv": [0, 0, 2, 2], "texture": "#1"},
				"south": {"uv": [0, 0, 2, 2], "texture": "#3"},
				"west": {"uv": [0, 0, 2, 2], "texture": "#1"},
				"up": {"uv": [0, 0, 2, 2], "texture": "#1"},
				"down": {"uv": [0, 0, 2, 2], "texture": "#1"}
			}
		},
		{
			"from": [5, 0, 6],
			"to": [11, 4, 15],
			"rotation": {"angle": 0, "axis": "y", "origin": [14, 8, 14]},
			"faces": {
				"north": {"uv": [0, 0, 6, 4], "texture": "#6"},
				"east": {"uv": [0, 0, 9, 4], "texture": "#6"},
				"south": {"uv": [0, 0, 6, 4], "texture": "#6"},
				"west": {"uv": [0, 0, 9, 4], "texture": "#6"},
				"up": {"uv": [0, 0, 6, 9], "texture": "#6"},
				"down": {"uv": [0, 0, 6, 9], "texture": "#6"}
			}
		},
		{
			"from": [2, 0, 6],
			"to": [5, 2, 8],
			"rotation": {"angle": 0, "axis": "y", "origin": [12, 8, 14]},
			"faces": {
				"north": {"uv": [0, 0, 3, 2], "texture": "#6"},
				"east": {"uv": [0, 0, 2, 2], "texture": "#6"},
				"south": {"uv": [0, 0, 3, 2], "texture": "#6"},
				"west": {"uv": [0, 0, 2, 2], "texture": "#6"},
				"up": {"uv": [0, 0, 3, 2], "texture": "#6"},
				"down": {"uv": [0, 0, 3, 2], "texture": "#6"}
			}
		},
		{
			"from": [2, 0, 13],
			"to": [5, 2, 15],
			"rotation": {"angle": 0, "axis": "y", "origin": [12, 8, 21]},
			"faces": {
				"north": {"uv": [0, 0, 3, 2], "texture": "#6"},
				"east": {"uv": [0, 0, 2, 2], "texture": "#6"},
				"south": {"uv": [0, 0, 3, 2], "texture": "#6"},
				"west": {"uv": [0, 0, 2, 2], "texture": "#6"},
				"up": {"uv": [0, 0, 3, 2], "texture": "#6"},
				"down": {"uv": [0, 0, 3, 2], "texture": "#6"}
			}
		},
		{
			"from": [11, 0, 13],
			"to": [14, 2, 15],
			"rotation": {"angle": 0, "axis": "y", "origin": [21, 8, 21]},
			"faces": {
				"north": {"uv": [0, 0, 3, 2], "texture": "#6"},
				"east": {"uv": [0, 0, 2, 2], "texture": "#6"},
				"south": {"uv": [0, 0, 3, 2], "texture": "#6"},
				"west": {"uv": [0, 0, 2, 2], "texture": "#6"},
				"up": {"uv": [0, 0, 3, 2], "texture": "#6"},
				"down": {"uv": [0, 0, 3, 2], "texture": "#6"}
			}
		},
		{
			"from": [11, 0, 6],
			"to": [14, 2, 8],
			"rotation": {"angle": 0, "axis": "y", "origin": [21, 8, 14]},
			"faces": {
				"north": {"uv": [0, 0, 3, 2], "texture": "#6"},
				"east": {"uv": [0, 0, 2, 2], "texture": "#6"},
				"south": {"uv": [0, 0, 3, 2], "texture": "#6"},
				"west": {"uv": [0, 0, 2, 2], "texture": "#6"},
				"up": {"uv": [0, 0, 3, 2], "texture": "#6"},
				"down": {"uv": [0, 0, 3, 2], "texture": "#6"}
			}
		},
		{
			"from": [6, 0, 15],
			"to": [10, 5, 23],
			"rotation": {"angle": 0, "axis": "y", "origin": [15, 11, 23]},
			"faces": {
				"north": {"uv": [0, 0, 4, 5], "texture": "#7"},
				"east": {"uv": [0, 0, 8, 5], "texture": "#8"},
				"south": {"uv": [0, 0, 4, 5], "texture": "#11"},
				"west": {"uv": [0, 0, 8, 5], "texture": "#9"},
				"up": {"uv": [0, 0, 4, 8], "texture": "#7"},
				"down": {"uv": [0, 0, 4, 8], "texture": "#10"}
			}
		}
	],
	"display": {
		"thirdperson_righthand": {
			"rotation": [90, 0, 0],
			"translation": [0, -0.5, 15],
			"scale": [0.5, 0.5, 0.5]
		},
		"thirdperson_lefthand": {
			"rotation": [90, 0, 0],
			"translation": [0, -0.5, 15],
			"scale": [0.5, 0.5, 0.5]
		},
		"firstperson_righthand": {
			"rotation": [0, 90, 25],
			"translation": [0, 1.6, 0.8],
			"scale": [0.68, 0.68, 0.68]
		},
		"firstperson_lefthand": {
			"rotation": [0, -90, -25],
			"translation": [0, 1.6, 0.8],
			"scale": [0.68, 0.68, 0.68]
		},
		"ground": {
			"translation": [0, 3.5, -3],
			"scale": [0.75, 0.75, 0.75]
		},
		"gui": {
			"rotation": [0, 147, 0],
			"translation": [-2.25, 0, 0]
		},
		"head": {
			"translation": [0, 14, -3.25]
		},
		"fixed": {
			"rotation": [-90, 0, 0],
			"translation": [0, -3.5, -11],
			"scale": [1.5, 1.5, 1.5]
		}
	},
	"groups": [
		{
			"name": "group",
			"origin": [15, 9, 8],
			"children": [0, 1, 2, 3, 4, 5, 6, 7, 8, 9]
		}
	]
}