{
	"credit": "Made with Blockbench",
	"texture_size": [32, 32],
	"textures": {
		"0": "item/etc/11141",
		"particle": "item/etc/11141"
	},
	"elements": [
		{
			"from": [1.472, 9.64667, 7.5],
			"to": [14.528, 10.58267, 8.5],
			"rotation": {"angle": 0, "axis": "y", "origin": [3.632, 9.32608, 7.744]},
			"faces": {
				"north": {"uv": [3.5, 2.5, 10, 3], "texture": "#0"},
				"east": {"uv": [12, 0.5, 12.5, 1], "texture": "#0"},
				"south": {"uv": [3.5, 3, 10, 3.5], "texture": "#0"},
				"west": {"uv": [12, 1, 12.5, 1.5], "texture": "#0"},
				"up": {"uv": [6.5, 6.5, 0, 6], "texture": "#0"},
				"down": {"uv": [6.5, 6.5, 0, 7], "texture": "#0"}
			}
		},
		{
			"from": [13.592, 0.91067, 7.5],
			"to": [14.528, 9.64667, 8.5],
			"rotation": {"angle": 0, "axis": "y", "origin": [14.06, 4.52667, 8]},
			"faces": {
				"north": {"uv": [6.5, 6.5, 7, 11], "texture": "#0"},
				"east": {"uv": [0, 7, 0.5, 11.5], "texture": "#0"},
				"south": {"uv": [0.5, 7, 1, 11.5], "texture": "#0"},
				"west": {"uv": [1, 7, 1.5, 11.5], "texture": "#0"},
				"up": {"uv": [12.5, 2, 12, 1.5], "texture": "#0"},
				"down": {"uv": [12.5, 2, 12, 2.5], "texture": "#0"}
			}
		},
		{
			"from": [1.472, 0.87867, 7.5],
			"to": [2.408, 9.61467, 8.5],
			"rotation": {"angle": 0, "axis": "y", "origin": [1.94, 4.52667, 8]},
			"faces": {
				"north": {"uv": [1.5, 7, 2, 11.5], "texture": "#0"},
				"east": {"uv": [2, 7, 2.5, 11.5], "texture": "#0"},
				"south": {"uv": [2.5, 7, 3, 11.5], "texture": "#0"},
				"west": {"uv": [3, 7, 3.5, 11.5], "texture": "#0"},
				"up": {"uv": [12.5, 3, 12, 2.5], "texture": "#0"},
				"down": {"uv": [12.5, 3, 12, 3.5], "texture": "#0"}
			}
		},
		{
			"from": [-3.74513, 11.22455, 7.9],
			"to": [3.62287, 16.25655, 8.1],
			"rotation": {"angle": 22.5, "axis": "z", "origin": [-0.1572, 13.638, 7.80162]},
			"faces": {
				"north": {"uv": [0, 0, 3.5, 2.5], "texture": "#0"},
				"east": {"uv": [7, 3.5, 7.5, 6], "texture": "#0"},
				"south": {"uv": [0, 2.5, 3.5, 5], "texture": "#0"},
				"west": {"uv": [7.5, 3.5, 8, 6], "texture": "#0"},
				"up": {"uv": [3.5, 5.5, 0, 5], "texture": "#0"},
				"down": {"uv": [3.5, 5.5, 0, 6], "texture": "#0"}
			}
		},
		{
			"from": [-1.28246, 13.4866, 7.708],
			"to": [0.17354, 13.9746, 7.908],
			"rotation": {"angle": 22.5, "axis": "z", "origin": [-0.1572, 13.638, 7.80162]},
			"faces": {
				"north": {"uv": [8.5, 2, 9, 2.5], "texture": "#0"},
				"east": {"uv": [8.5, 3.5, 9, 4], "texture": "#0"},
				"south": {"uv": [8.5, 4, 9, 4.5], "texture": "#0"},
				"west": {"uv": [8.5, 4.5, 9, 5], "texture": "#0"},
				"up": {"uv": [9, 5.5, 8.5, 5], "texture": "#0"},
				"down": {"uv": [9, 5.5, 8.5, 6], "texture": "#0"}
			}
		},
		{
			"from": [-1.32561, 13.51836, 7.708],
			"to": [0.13039, 14.00636, 7.908],
			"rotation": {"angle": 0, "axis": "y", "origin": [-0.1572, 13.638, 7.80162]},
			"faces": {
				"north": {"uv": [8.5, 6.5, 9, 7], "texture": "#0"},
				"east": {"uv": [8.5, 7, 9, 7.5], "texture": "#0"},
				"south": {"uv": [8.5, 7.5, 9, 8], "texture": "#0"},
				"west": {"uv": [8.5, 8, 9, 8.5], "texture": "#0"},
				"up": {"uv": [9, 9.5, 8.5, 9], "texture": "#0"},
				"down": {"uv": [9.5, 9, 9, 9.5], "texture": "#0"}
			}
		},
		{
			"from": [-0.34294, 13.53303, 7.708],
			"to": [0.14506, 14.98903, 7.908],
			"rotation": {"angle": 0, "axis": "y", "origin": [-0.1572, 13.638, 7.80162]},
			"faces": {
				"north": {"uv": [9.5, 1, 10, 1.5], "texture": "#0"},
				"east": {"uv": [9.5, 1.5, 10, 2], "texture": "#0"},
				"south": {"uv": [9.5, 2, 10, 2.5], "texture": "#0"},
				"west": {"uv": [9.5, 3.5, 10, 4], "texture": "#0"},
				"up": {"uv": [10, 4.5, 9.5, 4], "texture": "#0"},
				"down": {"uv": [10, 4.5, 9.5, 5], "texture": "#0"}
			}
		},
		{
			"from": [-0.32827, 13.51836, 7.708],
			"to": [1.12773, 14.00636, 7.908],
			"rotation": {"angle": 0, "axis": "y", "origin": [-0.1572, 13.638, 7.80162]},
			"faces": {
				"north": {"uv": [10, 3.5, 10.5, 4], "texture": "#0"},
				"east": {"uv": [10, 4, 10.5, 4.5], "texture": "#0"},
				"south": {"uv": [10, 4.5, 10.5, 5], "texture": "#0"},
				"west": {"uv": [10, 5, 10.5, 5.5], "texture": "#0"},
				"up": {"uv": [10.5, 6, 10, 5.5], "texture": "#0"},
				"down": {"uv": [10.5, 6, 10, 6.5], "texture": "#0"}
			}
		},
		{
			"from": [-0.34294, 12.53569, 7.708],
			"to": [0.14506, 13.99169, 7.908],
			"rotation": {"angle": 0, "axis": "y", "origin": [-0.1572, 13.638, 7.80162]},
			"faces": {
				"north": {"uv": [10.5, 8.5, 11, 9], "texture": "#0"},
				"east": {"uv": [10.5, 9, 11, 9.5], "texture": "#0"},
				"south": {"uv": [10.5, 9.5, 11, 10], "texture": "#0"},
				"west": {"uv": [10.5, 10, 11, 10.5], "texture": "#0"},
				"up": {"uv": [4, 11.5, 3.5, 11], "texture": "#0"},
				"down": {"uv": [4.5, 11, 4, 11.5], "texture": "#0"}
			}
		},
		{
			"from": [-0.27207, 13.45541, 7.708],
			"to": [0.21593, 14.91141, 7.908],
			"rotation": {"angle": 45, "axis": "z", "origin": [-0.1572, 13.638, 7.80162]},
			"faces": {
				"north": {"uv": [9, 0.5, 9.5, 1], "texture": "#0"},
				"east": {"uv": [9, 1, 9.5, 1.5], "texture": "#0"},
				"south": {"uv": [9, 1.5, 9.5, 2], "texture": "#0"},
				"west": {"uv": [9, 2, 9.5, 2.5], "texture": "#0"},
				"up": {"uv": [9.5, 4, 9, 3.5], "texture": "#0"},
				"down": {"uv": [9.5, 4, 9, 4.5], "texture": "#0"}
			}
		},
		{
			"from": [-0.2574, 13.44074, 7.708],
			"to": [1.1986, 13.92874, 7.908],
			"rotation": {"angle": 45, "axis": "z", "origin": [-0.1572, 13.638, 7.80162]},
			"faces": {
				"north": {"uv": [9.5, 5, 10, 5.5], "texture": "#0"},
				"east": {"uv": [9.5, 5.5, 10, 6], "texture": "#0"},
				"south": {"uv": [9.5, 6.5, 10, 7], "texture": "#0"},
				"west": {"uv": [9.5, 7, 10, 7.5], "texture": "#0"},
				"up": {"uv": [10, 8, 9.5, 7.5], "texture": "#0"},
				"down": {"uv": [10, 8, 9.5, 8.5], "texture": "#0"}
			}
		},
		{
			"from": [-0.29978, 13.50127, 7.708],
			"to": [0.18822, 14.95727, 7.908],
			"rotation": {"angle": 22.5, "axis": "z", "origin": [-0.1572, 13.638, 7.80162]},
			"faces": {
				"north": {"uv": [9, 8, 9.5, 8.5], "texture": "#0"},
				"east": {"uv": [9, 8.5, 9.5, 9], "texture": "#0"},
				"south": {"uv": [8.5, 9.5, 9, 10], "texture": "#0"},
				"west": {"uv": [9, 9.5, 9.5, 10], "texture": "#0"},
				"up": {"uv": [10, 10, 9.5, 9.5], "texture": "#0"},
				"down": {"uv": [10, 0.5, 9.5, 1], "texture": "#0"}
			}
		},
		{
			"from": [-0.27207, 12.45807, 7.708],
			"to": [0.21593, 13.91407, 7.908],
			"rotation": {"angle": 45, "axis": "z", "origin": [-0.1572, 13.638, 7.80162]},
			"faces": {
				"north": {"uv": [10, 9.5, 10.5, 10], "texture": "#0"},
				"east": {"uv": [8, 10.5, 8.5, 11], "texture": "#0"},
				"south": {"uv": [8.5, 10.5, 9, 11], "texture": "#0"},
				"west": {"uv": [9, 10.5, 9.5, 11], "texture": "#0"},
				"up": {"uv": [10, 11, 9.5, 10.5], "texture": "#0"},
				"down": {"uv": [10.5, 10.5, 10, 11], "texture": "#0"}
			}
		},
		{
			"from": [-1.25474, 13.44074, 7.708],
			"to": [0.20126, 13.92874, 7.908],
			"rotation": {"angle": 45, "axis": "z", "origin": [-0.1572, 13.638, 7.80162]},
			"faces": {
				"north": {"uv": [10.5, 2.5, 11, 3], "texture": "#0"},
				"east": {"uv": [10.5, 3, 11, 3.5], "texture": "#0"},
				"south": {"uv": [10.5, 3.5, 11, 4], "texture": "#0"},
				"west": {"uv": [10.5, 4, 11, 4.5], "texture": "#0"},
				"up": {"uv": [11, 5, 10.5, 4.5], "texture": "#0"},
				"down": {"uv": [11, 5, 10.5, 5.5], "texture": "#0"}
			}
		},
		{
			"from": [-0.28511, 13.4866, 7.708],
			"to": [1.17089, 13.9746, 7.908],
			"rotation": {"angle": 22.5, "axis": "z", "origin": [-0.1572, 13.638, 7.80162]},
			"faces": {
				"north": {"uv": [9.5, 8.5, 10, 9], "texture": "#0"},
				"east": {"uv": [9.5, 9, 10, 9.5], "texture": "#0"},
				"south": {"uv": [8.5, 10, 9, 10.5], "texture": "#0"},
				"west": {"uv": [9, 10, 9.5, 10.5], "texture": "#0"},
				"up": {"uv": [10, 10.5, 9.5, 10], "texture": "#0"},
				"down": {"uv": [10.5, 10, 10, 10.5], "texture": "#0"}
			}
		},
		{
			"from": [-0.29978, 12.50393, 7.708],
			"to": [0.18822, 13.95993, 7.908],
			"rotation": {"angle": 22.5, "axis": "z", "origin": [-0.1572, 13.638, 7.80162]},
			"faces": {
				"north": {"uv": [10.5, 10.5, 11, 11], "texture": "#0"},
				"east": {"uv": [10.5, 0, 11, 0.5], "texture": "#0"},
				"south": {"uv": [10.5, 0.5, 11, 1], "texture": "#0"},
				"west": {"uv": [10.5, 1, 11, 1.5], "texture": "#0"},
				"up": {"uv": [11, 2, 10.5, 1.5], "texture": "#0"},
				"down": {"uv": [11, 2, 10.5, 2.5], "texture": "#0"}
			}
		},
		{
			"from": [-1.37763, 13.53119, 7.708],
			"to": [0.07837, 14.01919, 7.908],
			"rotation": {"angle": -22.5, "axis": "z", "origin": [-0.1572, 13.638, 7.80162]},
			"faces": {
				"north": {"uv": [9, 4.5, 9.5, 5], "texture": "#0"},
				"east": {"uv": [9, 5, 9.5, 5.5], "texture": "#0"},
				"south": {"uv": [9, 5.5, 9.5, 6], "texture": "#0"},
				"west": {"uv": [9, 6.5, 9.5, 7], "texture": "#0"},
				"up": {"uv": [9.5, 7.5, 9, 7], "texture": "#0"},
				"down": {"uv": [9.5, 7.5, 9, 8], "texture": "#0"}
			}
		},
		{
			"from": [-0.39496, 13.54586, 7.708],
			"to": [0.09304, 15.00186, 7.908],
			"rotation": {"angle": -22.5, "axis": "z", "origin": [-0.1572, 13.638, 7.80162]},
			"faces": {
				"north": {"uv": [10, 0.5, 10.5, 1], "texture": "#0"},
				"east": {"uv": [10, 1, 10.5, 1.5], "texture": "#0"},
				"south": {"uv": [10, 1.5, 10.5, 2], "texture": "#0"},
				"west": {"uv": [10, 2, 10.5, 2.5], "texture": "#0"},
				"up": {"uv": [10.5, 3, 10, 2.5], "texture": "#0"},
				"down": {"uv": [10.5, 3, 10, 3.5], "texture": "#0"}
			}
		},
		{
			"from": [-0.38029, 13.53119, 7.708],
			"to": [1.07571, 14.01919, 7.908],
			"rotation": {"angle": -22.5, "axis": "z", "origin": [-0.1572, 13.638, 7.80162]},
			"faces": {
				"north": {"uv": [10, 6.5, 10.5, 7], "texture": "#0"},
				"east": {"uv": [10, 7, 10.5, 7.5], "texture": "#0"},
				"south": {"uv": [10, 7.5, 10.5, 8], "texture": "#0"},
				"west": {"uv": [10, 8, 10.5, 8.5], "texture": "#0"},
				"up": {"uv": [10.5, 9, 10, 8.5], "texture": "#0"},
				"down": {"uv": [10.5, 9, 10, 9.5], "texture": "#0"}
			}
		},
		{
			"from": [-0.39496, 12.54852, 7.708],
			"to": [0.09304, 14.00452, 7.908],
			"rotation": {"angle": -22.5, "axis": "z", "origin": [-0.1572, 13.638, 7.80162]},
			"faces": {
				"north": {"uv": [10.5, 5.5, 11, 6], "texture": "#0"},
				"east": {"uv": [10.5, 6, 11, 6.5], "texture": "#0"},
				"south": {"uv": [10.5, 6.5, 11, 7], "texture": "#0"},
				"west": {"uv": [10.5, 7, 11, 7.5], "texture": "#0"},
				"up": {"uv": [11, 8, 10.5, 7.5], "texture": "#0"},
				"down": {"uv": [11, 8, 10.5, 8.5], "texture": "#0"}
			}
		},
		{
			"from": [-1.26513, 12.53655, 7.692],
			"to": [1.14287, 14.94455, 7.692],
			"rotation": {"angle": 22.5, "axis": "z", "origin": [-0.1572, 13.638, 7.80162]},
			"faces": {
				"north": {"uv": [7, 0.5, 8, 1.5], "texture": "#0"},
				"east": {"uv": [0, 0, 0, 1], "texture": "#0"},
				"south": {"uv": [7, 1.5, 8, 2.5], "texture": "#0"},
				"west": {"uv": [0, 0, 0, 1], "texture": "#0"},
				"up": {"uv": [1, 0, 0, 0], "texture": "#0"},
				"down": {"uv": [1, 0, 0, 0], "texture": "#0"}
			}
		},
		{
			"from": [-0.47962, 16.3315, 7.68],
			"to": [0.68038, 16.5315, 7.88],
			"rotation": {"angle": -22.5, "axis": "z", "origin": [-0.1572, 13.638, 7.80162]},
			"faces": {
				"north": {"uv": [4.5, 11, 5, 11.5], "texture": "#0"},
				"east": {"uv": [5, 11, 5.5, 11.5], "texture": "#0"},
				"south": {"uv": [5.5, 11, 6, 11.5], "texture": "#0"},
				"west": {"uv": [6, 11, 6.5, 11.5], "texture": "#0"},
				"up": {"uv": [7, 11.5, 6.5, 11], "texture": "#0"},
				"down": {"uv": [7.5, 11, 7, 11.5], "texture": "#0"}
			}
		},
		{
			"from": [-0.47962, 16.01472, 7.68],
			"to": [0.68038, 16.21472, 7.88],
			"rotation": {"angle": -22.5, "axis": "z", "origin": [-0.1572, 13.638, 7.80162]},
			"faces": {
				"north": {"uv": [8, 11, 8.5, 11.5], "texture": "#0"},
				"east": {"uv": [8.5, 11, 9, 11.5], "texture": "#0"},
				"south": {"uv": [9, 11, 9.5, 11.5], "texture": "#0"},
				"west": {"uv": [9.5, 11, 10, 11.5], "texture": "#0"},
				"up": {"uv": [10.5, 11.5, 10, 11], "texture": "#0"},
				"down": {"uv": [11, 11, 10.5, 11.5], "texture": "#0"}
			}
		},
		{
			"from": [-0.47962, 15.69794, 7.68],
			"to": [0.68038, 15.89794, 7.88],
			"rotation": {"angle": -22.5, "axis": "z", "origin": [-0.1572, 13.638, 7.80162]},
			"faces": {
				"north": {"uv": [11, 11, 11.5, 11.5], "texture": "#0"},
				"east": {"uv": [11, 0, 11.5, 0.5], "texture": "#0"},
				"south": {"uv": [11, 0.5, 11.5, 1], "texture": "#0"},
				"west": {"uv": [11, 1, 11.5, 1.5], "texture": "#0"},
				"up": {"uv": [11.5, 2, 11, 1.5], "texture": "#0"},
				"down": {"uv": [11.5, 2, 11, 2.5], "texture": "#0"}
			}
		},
		{
			"from": [-2.91484, 13.60828, 7.68],
			"to": [-2.71484, 14.09628, 7.88],
			"rotation": {"angle": -22.5, "axis": "z", "origin": [-0.1572, 13.638, 7.80162]},
			"faces": {
				"north": {"uv": [11, 2.5, 11.5, 3], "texture": "#0"},
				"east": {"uv": [11, 3, 11.5, 3.5], "texture": "#0"},
				"south": {"uv": [11, 3.5, 11.5, 4], "texture": "#0"},
				"west": {"uv": [11, 4, 11.5, 4.5], "texture": "#0"},
				"up": {"uv": [11.5, 5, 11, 4.5], "texture": "#0"},
				"down": {"uv": [11.5, 5, 11, 5.5], "texture": "#0"}
			}
		},
		{
			"from": [-2.91484, 12.92946, 7.68],
			"to": [-2.71484, 13.41746, 7.88],
			"rotation": {"angle": -22.5, "axis": "z", "origin": [-0.1572, 13.638, 7.80162]},
			"faces": {
				"north": {"uv": [11, 8.5, 11.5, 9], "texture": "#0"},
				"east": {"uv": [11, 9, 11.5, 9.5], "texture": "#0"},
				"south": {"uv": [11, 9.5, 11.5, 10], "texture": "#0"},
				"west": {"uv": [11, 10, 11.5, 10.5], "texture": "#0"},
				"up": {"uv": [11.5, 11, 11, 10.5], "texture": "#0"},
				"down": {"uv": [0.5, 11.5, 0, 12], "texture": "#0"}
			}
		},
		{
			"from": [-2.28128, 13.60828, 7.68],
			"to": [-2.08128, 14.09628, 7.88],
			"rotation": {"angle": -22.5, "axis": "z", "origin": [-0.1572, 13.638, 7.80162]},
			"faces": {
				"north": {"uv": [0.5, 11.5, 1, 12], "texture": "#0"},
				"east": {"uv": [1, 11.5, 1.5, 12], "texture": "#0"},
				"south": {"uv": [1.5, 11.5, 2, 12], "texture": "#0"},
				"west": {"uv": [2, 11.5, 2.5, 12], "texture": "#0"},
				"up": {"uv": [3, 12, 2.5, 11.5], "texture": "#0"},
				"down": {"uv": [3.5, 11.5, 3, 12], "texture": "#0"}
			}
		},
		{
			"from": [-2.28128, 12.92946, 7.68],
			"to": [-2.08128, 13.41746, 7.88],
			"rotation": {"angle": -22.5, "axis": "z", "origin": [-0.1572, 13.638, 7.80162]},
			"faces": {
				"north": {"uv": [3.5, 11.5, 4, 12], "texture": "#0"},
				"east": {"uv": [4, 11.5, 4.5, 12], "texture": "#0"},
				"south": {"uv": [4.5, 11.5, 5, 12], "texture": "#0"},
				"west": {"uv": [5, 11.5, 5.5, 12], "texture": "#0"},
				"up": {"uv": [6, 12, 5.5, 11.5], "texture": "#0"},
				"down": {"uv": [6.5, 11.5, 6, 12], "texture": "#0"}
			}
		},
		{
			"from": [-2.59806, 12.93628, 7.68],
			"to": [-2.39806, 14.09628, 7.88],
			"rotation": {"angle": -22.5, "axis": "z", "origin": [-0.1572, 13.638, 7.80162]},
			"faces": {
				"north": {"uv": [11, 5.5, 11.5, 6], "texture": "#0"},
				"east": {"uv": [11, 6, 11.5, 6.5], "texture": "#0"},
				"south": {"uv": [11, 6.5, 11.5, 7], "texture": "#0"},
				"west": {"uv": [11, 7, 11.5, 7.5], "texture": "#0"},
				"up": {"uv": [11.5, 8, 11, 7.5], "texture": "#0"},
				"down": {"uv": [11.5, 8, 11, 8.5], "texture": "#0"}
			}
		},
		{
			"from": [2.09713, 13.54722, 7.68],
			"to": [2.29713, 14.03522, 7.88],
			"rotation": {"angle": -22.5, "axis": "z", "origin": [-0.1572, 13.638, 7.80162]},
			"faces": {
				"north": {"uv": [6.5, 11.5, 7, 12], "texture": "#0"},
				"east": {"uv": [7, 11.5, 7.5, 12], "texture": "#0"},
				"south": {"uv": [7.5, 11.5, 8, 12], "texture": "#0"},
				"west": {"uv": [8, 11.5, 8.5, 12], "texture": "#0"},
				"up": {"uv": [9, 12, 8.5, 11.5], "texture": "#0"},
				"down": {"uv": [9.5, 11.5, 9, 12], "texture": "#0"}
			}
		},
		{
			"from": [2.09713, 14.22605, 7.68],
			"to": [2.29713, 14.71405, 7.88],
			"rotation": {"angle": -22.5, "axis": "z", "origin": [-0.1572, 13.638, 7.80162]},
			"faces": {
				"north": {"uv": [9.5, 11.5, 10, 12], "texture": "#0"},
				"east": {"uv": [10, 11.5, 10.5, 12], "texture": "#0"},
				"south": {"uv": [10.5, 11.5, 11, 12], "texture": "#0"},
				"west": {"uv": [11, 11.5, 11.5, 12], "texture": "#0"},
				"up": {"uv": [12, 12, 11.5, 11.5], "texture": "#0"},
				"down": {"uv": [12, 0, 11.5, 0.5], "texture": "#0"}
			}
		},
		{
			"from": [1.78035, 13.54722, 7.68],
			"to": [1.98035, 14.70722, 7.88],
			"rotation": {"angle": -22.5, "axis": "z", "origin": [-0.1572, 13.638, 7.80162]},
			"faces": {
				"north": {"uv": [11.5, 3.5, 12, 4], "texture": "#0"},
				"east": {"uv": [11.5, 4, 12, 4.5], "texture": "#0"},
				"south": {"uv": [11.5, 4.5, 12, 5], "texture": "#0"},
				"west": {"uv": [11.5, 5, 12, 5.5], "texture": "#0"},
				"up": {"uv": [12, 6, 11.5, 5.5], "texture": "#0"},
				"down": {"uv": [12, 6, 11.5, 6.5], "texture": "#0"}
			}
		},
		{
			"from": [2.41391, 13.54722, 7.68],
			"to": [2.61391, 14.70722, 7.88],
			"rotation": {"angle": -22.5, "axis": "z", "origin": [-0.1572, 13.638, 7.80162]},
			"faces": {
				"north": {"uv": [11.5, 0.5, 12, 1], "texture": "#0"},
				"east": {"uv": [11.5, 1, 12, 1.5], "texture": "#0"},
				"south": {"uv": [11.5, 1.5, 12, 2], "texture": "#0"},
				"west": {"uv": [11.5, 2, 12, 2.5], "texture": "#0"},
				"up": {"uv": [12, 3, 11.5, 2.5], "texture": "#0"},
				"down": {"uv": [12, 3, 11.5, 3.5], "texture": "#0"}
			}
		},
		{
			"from": [-0.41856, 11.00275, 7.68],
			"to": [0.06944, 11.20275, 7.88],
			"rotation": {"angle": -22.5, "axis": "z", "origin": [-0.1572, 13.638, 7.80162]},
			"faces": {
				"north": {"uv": [11.5, 6.5, 12, 7], "texture": "#0"},
				"east": {"uv": [11.5, 7, 12, 7.5], "texture": "#0"},
				"south": {"uv": [11.5, 7.5, 12, 8], "texture": "#0"},
				"west": {"uv": [11.5, 8, 12, 8.5], "texture": "#0"},
				"up": {"uv": [12, 9, 11.5, 8.5], "texture": "#0"},
				"down": {"uv": [12, 9, 11.5, 9.5], "texture": "#0"}
			}
		},
		{
			"from": [-1.09738, 11.00275, 7.68],
			"to": [-0.60938, 11.20275, 7.88],
			"rotation": {"angle": -22.5, "axis": "z", "origin": [-0.1572, 13.638, 7.80162]},
			"faces": {
				"north": {"uv": [11.5, 9.5, 12, 10], "texture": "#0"},
				"east": {"uv": [11.5, 10, 12, 10.5], "texture": "#0"},
				"south": {"uv": [11.5, 10.5, 12, 11], "texture": "#0"},
				"west": {"uv": [11.5, 11, 12, 11.5], "texture": "#0"},
				"up": {"uv": [0.5, 12.5, 0, 12], "texture": "#0"},
				"down": {"uv": [1, 12, 0.5, 12.5], "texture": "#0"}
			}
		},
		{
			"from": [-0.41856, 11.63631, 7.68],
			"to": [0.06944, 11.83631, 7.88],
			"rotation": {"angle": -22.5, "axis": "z", "origin": [-0.1572, 13.638, 7.80162]},
			"faces": {
				"north": {"uv": [1, 12, 1.5, 12.5], "texture": "#0"},
				"east": {"uv": [1.5, 12, 2, 12.5], "texture": "#0"},
				"south": {"uv": [2, 12, 2.5, 12.5], "texture": "#0"},
				"west": {"uv": [2.5, 12, 3, 12.5], "texture": "#0"},
				"up": {"uv": [3.5, 12.5, 3, 12], "texture": "#0"},
				"down": {"uv": [4, 12, 3.5, 12.5], "texture": "#0"}
			}
		},
		{
			"from": [-1.09738, 11.63631, 7.68],
			"to": [-0.60938, 11.83631, 7.88],
			"rotation": {"angle": -22.5, "axis": "z", "origin": [-0.1572, 13.638, 7.80162]},
			"faces": {
				"north": {"uv": [4, 12, 4.5, 12.5], "texture": "#0"},
				"east": {"uv": [4.5, 12, 5, 12.5], "texture": "#0"},
				"south": {"uv": [5, 12, 5.5, 12.5], "texture": "#0"},
				"west": {"uv": [5.5, 12, 6, 12.5], "texture": "#0"},
				"up": {"uv": [6.5, 12.5, 6, 12], "texture": "#0"},
				"down": {"uv": [7, 12, 6.5, 12.5], "texture": "#0"}
			}
		},
		{
			"from": [-0.41856, 11.31953, 7.68],
			"to": [0.06944, 11.51953, 7.88],
			"rotation": {"angle": -22.5, "axis": "z", "origin": [-0.1572, 13.638, 7.80162]},
			"faces": {
				"north": {"uv": [7, 12, 7.5, 12.5], "texture": "#0"},
				"east": {"uv": [7.5, 12, 8, 12.5], "texture": "#0"},
				"south": {"uv": [8, 12, 8.5, 12.5], "texture": "#0"},
				"west": {"uv": [8.5, 12, 9, 12.5], "texture": "#0"},
				"up": {"uv": [9.5, 12.5, 9, 12], "texture": "#0"},
				"down": {"uv": [10, 12, 9.5, 12.5], "texture": "#0"}
			}
		},
		{
			"from": [-1.09738, 11.31953, 7.68],
			"to": [-0.60938, 11.51953, 7.88],
			"rotation": {"angle": -22.5, "axis": "z", "origin": [-0.1572, 13.638, 7.80162]},
			"faces": {
				"north": {"uv": [10, 12, 10.5, 12.5], "texture": "#0"},
				"east": {"uv": [10.5, 12, 11, 12.5], "texture": "#0"},
				"south": {"uv": [11, 12, 11.5, 12.5], "texture": "#0"},
				"west": {"uv": [11.5, 12, 12, 12.5], "texture": "#0"},
				"up": {"uv": [12.5, 12.5, 12, 12], "texture": "#0"},
				"down": {"uv": [12.5, 0, 12, 0.5], "texture": "#0"}
			}
		},
		{
			"from": [3.61022, 8.49262, 7.82],
			"to": [4.03422, 16.66062, 8.18],
			"rotation": {"angle": 22.5, "axis": "z", "origin": [-0.1572, 13.638, 7.80162]},
			"faces": {
				"north": {"uv": [3.5, 7, 4, 11], "texture": "#0"},
				"east": {"uv": [4, 7, 4.5, 11], "texture": "#0"},
				"south": {"uv": [4.5, 7, 5, 11], "texture": "#0"},
				"west": {"uv": [5, 7, 5.5, 11], "texture": "#0"},
				"up": {"uv": [12.5, 4, 12, 3.5], "texture": "#0"},
				"down": {"uv": [12.5, 4, 12, 4.5], "texture": "#0"}
			}
		},
		{
			"from": [12.37713, 11.22455, 7.9],
			"to": [19.74513, 16.25655, 8.1],
			"rotation": {"angle": -22.5, "axis": "z", "origin": [16.1572, 13.638, 7.80162]},
			"faces": {
				"north": {"uv": [3.5, 3.5, 7, 6], "texture": "#0"},
				"east": {"uv": [8, 8, 8.5, 10.5], "texture": "#0"},
				"south": {"uv": [3.5, 0, 7, 2.5], "texture": "#0"},
				"west": {"uv": [8, 3.5, 8.5, 6], "texture": "#0"},
				"up": {"uv": [10, 6.5, 6.5, 6], "texture": "#0"},
				"down": {"uv": [10.5, 0, 7, 0.5], "texture": "#0"}
			}
		},
		{
			"from": [15.82646, 13.4866, 7.708],
			"to": [17.28246, 13.9746, 7.908],
			"rotation": {"angle": -22.5, "axis": "z", "origin": [16.1572, 13.638, 7.80162]},
			"faces": {
				"north": {"uv": [12, 4.5, 12.5, 5], "texture": "#0"},
				"east": {"uv": [12, 5, 12.5, 5.5], "texture": "#0"},
				"south": {"uv": [12, 5.5, 12.5, 6], "texture": "#0"},
				"west": {"uv": [12, 6, 12.5, 6.5], "texture": "#0"},
				"up": {"uv": [12.5, 7, 12, 6.5], "texture": "#0"},
				"down": {"uv": [12.5, 7, 12, 7.5], "texture": "#0"}
			}
		},
		{
			"from": [15.86961, 13.51836, 7.708],
			"to": [17.32561, 14.00636, 7.908],
			"rotation": {"angle": 0, "axis": "y", "origin": [16.1572, 13.638, 7.80162]},
			"faces": {
				"north": {"uv": [12, 7.5, 12.5, 8], "texture": "#0"},
				"east": {"uv": [12, 8, 12.5, 8.5], "texture": "#0"},
				"south": {"uv": [12, 8.5, 12.5, 9], "texture": "#0"},
				"west": {"uv": [12, 9, 12.5, 9.5], "texture": "#0"},
				"up": {"uv": [12.5, 10, 12, 9.5], "texture": "#0"},
				"down": {"uv": [12.5, 10, 12, 10.5], "texture": "#0"}
			}
		},
		{
			"from": [15.85494, 13.53303, 7.708],
			"to": [16.34294, 14.98903, 7.908],
			"rotation": {"angle": 0, "axis": "y", "origin": [16.1572, 13.638, 7.80162]},
			"faces": {
				"north": {"uv": [12, 10.5, 12.5, 11], "texture": "#0"},
				"east": {"uv": [12, 11, 12.5, 11.5], "texture": "#0"},
				"south": {"uv": [12, 11.5, 12.5, 12], "texture": "#0"},
				"west": {"uv": [0, 12.5, 0.5, 13], "texture": "#0"},
				"up": {"uv": [1, 13, 0.5, 12.5], "texture": "#0"},
				"down": {"uv": [1.5, 12.5, 1, 13], "texture": "#0"}
			}
		},
		{
			"from": [14.87227, 13.51836, 7.708],
			"to": [16.32827, 14.00636, 7.908],
			"rotation": {"angle": 0, "axis": "y", "origin": [16.1572, 13.638, 7.80162]},
			"faces": {
				"north": {"uv": [1.5, 12.5, 2, 13], "texture": "#0"},
				"east": {"uv": [2, 12.5, 2.5, 13], "texture": "#0"},
				"south": {"uv": [2.5, 12.5, 3, 13], "texture": "#0"},
				"west": {"uv": [3, 12.5, 3.5, 13], "texture": "#0"},
				"up": {"uv": [4, 13, 3.5, 12.5], "texture": "#0"},
				"down": {"uv": [4.5, 12.5, 4, 13], "texture": "#0"}
			}
		},
		{
			"from": [15.85494, 12.53569, 7.708],
			"to": [16.34294, 13.99169, 7.908],
			"rotation": {"angle": 0, "axis": "y", "origin": [16.1572, 13.638, 7.80162]},
			"faces": {
				"north": {"uv": [4.5, 12.5, 5, 13], "texture": "#0"},
				"east": {"uv": [5, 12.5, 5.5, 13], "texture": "#0"},
				"south": {"uv": [5.5, 12.5, 6, 13], "texture": "#0"},
				"west": {"uv": [6, 12.5, 6.5, 13], "texture": "#0"},
				"up": {"uv": [7, 13, 6.5, 12.5], "texture": "#0"},
				"down": {"uv": [7.5, 12.5, 7, 13], "texture": "#0"}
			}
		},
		{
			"from": [15.78407, 13.45541, 7.708],
			"to": [16.27207, 14.91141, 7.908],
			"rotation": {"angle": -45, "axis": "z", "origin": [16.1572, 13.638, 7.80162]},
			"faces": {
				"north": {"uv": [7.5, 12.5, 8, 13], "texture": "#0"},
				"east": {"uv": [8, 12.5, 8.5, 13], "texture": "#0"},
				"south": {"uv": [8.5, 12.5, 9, 13], "texture": "#0"},
				"west": {"uv": [9, 12.5, 9.5, 13], "texture": "#0"},
				"up": {"uv": [10, 13, 9.5, 12.5], "texture": "#0"},
				"down": {"uv": [10.5, 12.5, 10, 13], "texture": "#0"}
			}
		},
		{
			"from": [14.8014, 13.44074, 7.708],
			"to": [16.2574, 13.92874, 7.908],
			"rotation": {"angle": -45, "axis": "z", "origin": [16.1572, 13.638, 7.80162]},
			"faces": {
				"north": {"uv": [10.5, 12.5, 11, 13], "texture": "#0"},
				"east": {"uv": [11, 12.5, 11.5, 13], "texture": "#0"},
				"south": {"uv": [11.5, 12.5, 12, 13], "texture": "#0"},
				"west": {"uv": [12, 12.5, 12.5, 13], "texture": "#0"},
				"up": {"uv": [13, 13, 12.5, 12.5], "texture": "#0"},
				"down": {"uv": [13, 0, 12.5, 0.5], "texture": "#0"}
			}
		},
		{
			"from": [15.81178, 13.50127, 7.708],
			"to": [16.29978, 14.95727, 7.908],
			"rotation": {"angle": -22.5, "axis": "z", "origin": [16.1572, 13.638, 7.80162]},
			"faces": {
				"north": {"uv": [7, 6.5, 7.5, 7], "texture": "#0"},
				"east": {"uv": [8, 1.5, 8.5, 2], "texture": "#0"},
				"south": {"uv": [8, 2, 8.5, 2.5], "texture": "#0"},
				"west": {"uv": [8, 7.5, 8.5, 8], "texture": "#0"},
				"up": {"uv": [9, 9, 8.5, 8.5], "texture": "#0"},
				"down": {"uv": [9, 1.5, 8.5, 2], "texture": "#0"}
			}
		},
		{
			"from": [15.78407, 12.45807, 7.708],
			"to": [16.27207, 13.91407, 7.908],
			"rotation": {"angle": -45, "axis": "z", "origin": [16.1572, 13.638, 7.80162]},
			"faces": {
				"north": {"uv": [12.5, 0.5, 13, 1], "texture": "#0"},
				"east": {"uv": [12.5, 1, 13, 1.5], "texture": "#0"},
				"south": {"uv": [12.5, 1.5, 13, 2], "texture": "#0"},
				"west": {"uv": [12.5, 2, 13, 2.5], "texture": "#0"},
				"up": {"uv": [13, 3, 12.5, 2.5], "texture": "#0"},
				"down": {"uv": [13, 3, 12.5, 3.5], "texture": "#0"}
			}
		},
		{
			"from": [15.79874, 13.44074, 7.708],
			"to": [17.25474, 13.92874, 7.908],
			"rotation": {"angle": -45, "axis": "z", "origin": [16.1572, 13.638, 7.80162]},
			"faces": {
				"north": {"uv": [12.5, 3.5, 13, 4], "texture": "#0"},
				"east": {"uv": [12.5, 4, 13, 4.5], "texture": "#0"},
				"south": {"uv": [12.5, 4.5, 13, 5], "texture": "#0"},
				"west": {"uv": [12.5, 5, 13, 5.5], "texture": "#0"},
				"up": {"uv": [13, 6, 12.5, 5.5], "texture": "#0"},
				"down": {"uv": [13, 6, 12.5, 6.5], "texture": "#0"}
			}
		},
		{
			"from": [14.82911, 13.4866, 7.708],
			"to": [16.28511, 13.9746, 7.908],
			"rotation": {"angle": -22.5, "axis": "z", "origin": [16.1572, 13.638, 7.80162]},
			"faces": {
				"north": {"uv": [12.5, 6.5, 13, 7], "texture": "#0"},
				"east": {"uv": [12.5, 7, 13, 7.5], "texture": "#0"},
				"south": {"uv": [12.5, 7.5, 13, 8], "texture": "#0"},
				"west": {"uv": [12.5, 8, 13, 8.5], "texture": "#0"},
				"up": {"uv": [13, 9, 12.5, 8.5], "texture": "#0"},
				"down": {"uv": [13, 9, 12.5, 9.5], "texture": "#0"}
			}
		},
		{
			"from": [15.81178, 12.50393, 7.708],
			"to": [16.29978, 13.95993, 7.908],
			"rotation": {"angle": -22.5, "axis": "z", "origin": [16.1572, 13.638, 7.80162]},
			"faces": {
				"north": {"uv": [12.5, 9.5, 13, 10], "texture": "#0"},
				"east": {"uv": [12.5, 10, 13, 10.5], "texture": "#0"},
				"south": {"uv": [12.5, 10.5, 13, 11], "texture": "#0"},
				"west": {"uv": [12.5, 11, 13, 11.5], "texture": "#0"},
				"up": {"uv": [13, 12, 12.5, 11.5], "texture": "#0"},
				"down": {"uv": [13, 12, 12.5, 12.5], "texture": "#0"}
			}
		},
		{
			"from": [15.92163, 13.53119, 7.708],
			"to": [17.37763, 14.01919, 7.908],
			"rotation": {"angle": 22.5, "axis": "z", "origin": [16.1572, 13.638, 7.80162]},
			"faces": {
				"north": {"uv": [0, 13, 0.5, 13.5], "texture": "#0"},
				"east": {"uv": [0.5, 13, 1, 13.5], "texture": "#0"},
				"south": {"uv": [1, 13, 1.5, 13.5], "texture": "#0"},
				"west": {"uv": [1.5, 13, 2, 13.5], "texture": "#0"},
				"up": {"uv": [2.5, 13.5, 2, 13], "texture": "#0"},
				"down": {"uv": [3, 13, 2.5, 13.5], "texture": "#0"}
			}
		},
		{
			"from": [15.90696, 13.54586, 7.708],
			"to": [16.39496, 15.00186, 7.908],
			"rotation": {"angle": 22.5, "axis": "z", "origin": [16.1572, 13.638, 7.80162]},
			"faces": {
				"north": {"uv": [3, 13, 3.5, 13.5], "texture": "#0"},
				"east": {"uv": [3.5, 13, 4, 13.5], "texture": "#0"},
				"south": {"uv": [4, 13, 4.5, 13.5], "texture": "#0"},
				"west": {"uv": [4.5, 13, 5, 13.5], "texture": "#0"},
				"up": {"uv": [5.5, 13.5, 5, 13], "texture": "#0"},
				"down": {"uv": [6, 13, 5.5, 13.5], "texture": "#0"}
			}
		},
		{
			"from": [14.92429, 13.53119, 7.708],
			"to": [16.38029, 14.01919, 7.908],
			"rotation": {"angle": 22.5, "axis": "z", "origin": [16.1572, 13.638, 7.80162]},
			"faces": {
				"north": {"uv": [6, 13, 6.5, 13.5], "texture": "#0"},
				"east": {"uv": [6.5, 13, 7, 13.5], "texture": "#0"},
				"south": {"uv": [7, 13, 7.5, 13.5], "texture": "#0"},
				"west": {"uv": [7.5, 13, 8, 13.5], "texture": "#0"},
				"up": {"uv": [8.5, 13.5, 8, 13], "texture": "#0"},
				"down": {"uv": [9, 13, 8.5, 13.5], "texture": "#0"}
			}
		},
		{
			"from": [15.90696, 12.54852, 7.708],
			"to": [16.39496, 14.00452, 7.908],
			"rotation": {"angle": 22.5, "axis": "z", "origin": [16.1572, 13.638, 7.80162]},
			"faces": {
				"north": {"uv": [9, 13, 9.5, 13.5], "texture": "#0"},
				"east": {"uv": [9.5, 13, 10, 13.5], "texture": "#0"},
				"south": {"uv": [10, 13, 10.5, 13.5], "texture": "#0"},
				"west": {"uv": [10.5, 13, 11, 13.5], "texture": "#0"},
				"up": {"uv": [11.5, 13.5, 11, 13], "texture": "#0"},
				"down": {"uv": [12, 13, 11.5, 13.5], "texture": "#0"}
			}
		},
		{
			"from": [14.85713, 12.53655, 7.692],
			"to": [17.26513, 14.94455, 7.692],
			"rotation": {"angle": -22.5, "axis": "z", "origin": [16.1572, 13.638, 7.80162]},
			"faces": {
				"north": {"uv": [7.5, 6.5, 8.5, 7.5], "texture": "#0"},
				"east": {"uv": [0, 0, 0, 1], "texture": "#0"},
				"south": {"uv": [8, 0.5, 9, 1.5], "texture": "#0"},
				"west": {"uv": [0, 0, 0, 1], "texture": "#0"},
				"up": {"uv": [1, 0, 0, 0], "texture": "#0"},
				"down": {"uv": [1, 0, 0, 0], "texture": "#0"}
			}
		},
		{
			"from": [18.58021, 13.83962, 7.68],
			"to": [18.78021, 14.99962, 7.88],
			"rotation": {"angle": 22.5, "axis": "z", "origin": [18.36343, 14.41962, 7.78]},
			"faces": {
				"north": {"uv": [1.5, 13.5, 2, 14], "texture": "#0"},
				"east": {"uv": [2, 13.5, 2.5, 14], "texture": "#0"},
				"south": {"uv": [2.5, 13.5, 3, 14], "texture": "#0"},
				"west": {"uv": [3, 13.5, 3.5, 14], "texture": "#0"},
				"up": {"uv": [4, 14, 3.5, 13.5], "texture": "#0"},
				"down": {"uv": [4.5, 13.5, 4, 14], "texture": "#0"}
			}
		},
		{
			"from": [18.26343, 13.83962, 7.68],
			"to": [18.46343, 14.99962, 7.88],
			"rotation": {"angle": 22.5, "axis": "z", "origin": [18.36343, 14.41962, 7.78]},
			"faces": {
				"north": {"uv": [4.5, 13.5, 5, 14], "texture": "#0"},
				"east": {"uv": [5, 13.5, 5.5, 14], "texture": "#0"},
				"south": {"uv": [5.5, 13.5, 6, 14], "texture": "#0"},
				"west": {"uv": [6, 13.5, 6.5, 14], "texture": "#0"},
				"up": {"uv": [7, 14, 6.5, 13.5], "texture": "#0"},
				"down": {"uv": [7.5, 13.5, 7, 14], "texture": "#0"}
			}
		},
		{
			"from": [17.94665, 13.83962, 7.68],
			"to": [18.14665, 14.99962, 7.88],
			"rotation": {"angle": 22.5, "axis": "z", "origin": [18.36343, 14.41962, 7.78]},
			"faces": {
				"north": {"uv": [7.5, 13.5, 8, 14], "texture": "#0"},
				"east": {"uv": [8, 13.5, 8.5, 14], "texture": "#0"},
				"south": {"uv": [8.5, 13.5, 9, 14], "texture": "#0"},
				"west": {"uv": [9, 13.5, 9.5, 14], "texture": "#0"},
				"up": {"uv": [10, 14, 9.5, 13.5], "texture": "#0"},
				"down": {"uv": [10.5, 13.5, 10, 14], "texture": "#0"}
			}
		},
		{
			"from": [14.39277, 16.04362, 7.68],
			"to": [14.88077, 16.24362, 7.88],
			"rotation": {"angle": 22.5, "axis": "z", "origin": [14.9755, 15.82684, 7.78]},
			"faces": {
				"north": {"uv": [12, 13, 12.5, 13.5], "texture": "#0"},
				"east": {"uv": [12.5, 13, 13, 13.5], "texture": "#0"},
				"south": {"uv": [13, 13, 13.5, 13.5], "texture": "#0"},
				"west": {"uv": [13, 0, 13.5, 0.5], "texture": "#0"},
				"up": {"uv": [13.5, 1, 13, 0.5], "texture": "#0"},
				"down": {"uv": [13.5, 1, 13, 1.5], "texture": "#0"}
			}
		},
		{
			"from": [15.07159, 16.04362, 7.68],
			"to": [15.55959, 16.24362, 7.88],
			"rotation": {"angle": 22.5, "axis": "z", "origin": [14.9755, 15.82684, 7.78]},
			"faces": {
				"north": {"uv": [13, 1.5, 13.5, 2], "texture": "#0"},
				"east": {"uv": [13, 2, 13.5, 2.5], "texture": "#0"},
				"south": {"uv": [13, 2.5, 13.5, 3], "texture": "#0"},
				"west": {"uv": [13, 3, 13.5, 3.5], "texture": "#0"},
				"up": {"uv": [13.5, 4, 13, 3.5], "texture": "#0"},
				"down": {"uv": [13.5, 4, 13, 4.5], "texture": "#0"}
			}
		},
		{
			"from": [14.39277, 15.72684, 7.68],
			"to": [15.55277, 15.92684, 7.88],
			"rotation": {"angle": 22.5, "axis": "z", "origin": [14.9755, 15.82684, 7.78]},
			"faces": {
				"north": {"uv": [13, 10.5, 13.5, 11], "texture": "#0"},
				"east": {"uv": [13, 11, 13.5, 11.5], "texture": "#0"},
				"south": {"uv": [13, 11.5, 13.5, 12], "texture": "#0"},
				"west": {"uv": [13, 12, 13.5, 12.5], "texture": "#0"},
				"up": {"uv": [13.5, 13, 13, 12.5], "texture": "#0"},
				"down": {"uv": [0.5, 13.5, 0, 14], "texture": "#0"}
			}
		},
		{
			"from": [14.39277, 15.41005, 7.68],
			"to": [14.88077, 15.61005, 7.88],
			"rotation": {"angle": 22.5, "axis": "z", "origin": [14.9755, 15.82684, 7.78]},
			"faces": {
				"north": {"uv": [13, 4.5, 13.5, 5], "texture": "#0"},
				"east": {"uv": [13, 5, 13.5, 5.5], "texture": "#0"},
				"south": {"uv": [13, 5.5, 13.5, 6], "texture": "#0"},
				"west": {"uv": [13, 6, 13.5, 6.5], "texture": "#0"},
				"up": {"uv": [13.5, 7, 13, 6.5], "texture": "#0"},
				"down": {"uv": [13.5, 7, 13, 7.5], "texture": "#0"}
			}
		},
		{
			"from": [15.07159, 15.41005, 7.68],
			"to": [15.55959, 15.61005, 7.88],
			"rotation": {"angle": 22.5, "axis": "z", "origin": [14.9755, 15.82684, 7.78]},
			"faces": {
				"north": {"uv": [13, 7.5, 13.5, 8], "texture": "#0"},
				"east": {"uv": [13, 8, 13.5, 8.5], "texture": "#0"},
				"south": {"uv": [13, 8.5, 13.5, 9], "texture": "#0"},
				"west": {"uv": [13, 9, 13.5, 9.5], "texture": "#0"},
				"up": {"uv": [13.5, 10, 13, 9.5], "texture": "#0"},
				"down": {"uv": [13.5, 10, 13, 10.5], "texture": "#0"}
			}
		},
		{
			"from": [16.76792, 11.93538, 7.68],
			"to": [17.92792, 12.13538, 7.88],
			"rotation": {"angle": 22.5, "axis": "z", "origin": [17.34621, 11.7186, 7.78]},
			"faces": {
				"north": {"uv": [10.5, 13.5, 11, 14], "texture": "#0"},
				"east": {"uv": [11, 13.5, 11.5, 14], "texture": "#0"},
				"south": {"uv": [11.5, 13.5, 12, 14], "texture": "#0"},
				"west": {"uv": [12, 13.5, 12.5, 14], "texture": "#0"},
				"up": {"uv": [13, 14, 12.5, 13.5], "texture": "#0"},
				"down": {"uv": [13.5, 13.5, 13, 14], "texture": "#0"}
			}
		},
		{
			"from": [16.7611, 11.6186, 7.68],
			"to": [17.2491, 11.8186, 7.88],
			"rotation": {"angle": 22.5, "axis": "z", "origin": [17.34621, 11.7186, 7.78]},
			"faces": {
				"north": {"uv": [13.5, 13.5, 14, 14], "texture": "#0"},
				"east": {"uv": [13.5, 0, 14, 0.5], "texture": "#0"},
				"south": {"uv": [13.5, 0.5, 14, 1], "texture": "#0"},
				"west": {"uv": [13.5, 1, 14, 1.5], "texture": "#0"},
				"up": {"uv": [14, 2, 13.5, 1.5], "texture": "#0"},
				"down": {"uv": [14, 2, 13.5, 2.5], "texture": "#0"}
			}
		},
		{
			"from": [17.43992, 11.6186, 7.68],
			"to": [17.92792, 11.8186, 7.88],
			"rotation": {"angle": 22.5, "axis": "z", "origin": [17.34621, 11.7186, 7.78]},
			"faces": {
				"north": {"uv": [13.5, 2.5, 14, 3], "texture": "#0"},
				"east": {"uv": [13.5, 3, 14, 3.5], "texture": "#0"},
				"south": {"uv": [13.5, 3.5, 14, 4], "texture": "#0"},
				"west": {"uv": [13.5, 4, 14, 4.5], "texture": "#0"},
				"up": {"uv": [14, 5, 13.5, 4.5], "texture": "#0"},
				"down": {"uv": [14, 5, 13.5, 5.5], "texture": "#0"}
			}
		},
		{
			"from": [16.76792, 11.30181, 7.68],
			"to": [17.92792, 11.50181, 7.88],
			"rotation": {"angle": 22.5, "axis": "z", "origin": [17.34621, 11.7186, 7.78]},
			"faces": {
				"north": {"uv": [13.5, 5.5, 14, 6], "texture": "#0"},
				"east": {"uv": [13.5, 6, 14, 6.5], "texture": "#0"},
				"south": {"uv": [13.5, 6.5, 14, 7], "texture": "#0"},
				"west": {"uv": [13.5, 7, 14, 7.5], "texture": "#0"},
				"up": {"uv": [14, 8, 13.5, 7.5], "texture": "#0"},
				"down": {"uv": [14, 8, 13.5, 8.5], "texture": "#0"}
			}
		},
		{
			"from": [14.00057, 12.61352, 7.68],
			"to": [14.20057, 13.10152, 7.88],
			"rotation": {"angle": 22.5, "axis": "z", "origin": [13.78379, 13.19693, 7.78]},
			"faces": {
				"north": {"uv": [13.5, 8.5, 14, 9], "texture": "#0"},
				"east": {"uv": [13.5, 9, 14, 9.5], "texture": "#0"},
				"south": {"uv": [13.5, 9.5, 14, 10], "texture": "#0"},
				"west": {"uv": [13.5, 10, 14, 10.5], "texture": "#0"},
				"up": {"uv": [14, 11, 13.5, 10.5], "texture": "#0"},
				"down": {"uv": [14, 11, 13.5, 11.5], "texture": "#0"}
			}
		},
		{
			"from": [13.68379, 12.61352, 7.68],
			"to": [13.88379, 13.10152, 7.88],
			"rotation": {"angle": 22.5, "axis": "z", "origin": [13.78379, 13.19693, 7.78]},
			"faces": {
				"north": {"uv": [13.5, 11.5, 14, 12], "texture": "#0"},
				"east": {"uv": [13.5, 12, 14, 12.5], "texture": "#0"},
				"south": {"uv": [13.5, 12.5, 14, 13], "texture": "#0"},
				"west": {"uv": [13.5, 13, 14, 13.5], "texture": "#0"},
				"up": {"uv": [0.5, 14.5, 0, 14], "texture": "#0"},
				"down": {"uv": [1, 14, 0.5, 14.5], "texture": "#0"}
			}
		},
		{
			"from": [13.367, 12.61352, 7.68],
			"to": [13.567, 13.10152, 7.88],
			"rotation": {"angle": 22.5, "axis": "z", "origin": [13.78379, 13.19693, 7.78]},
			"faces": {
				"north": {"uv": [1, 14, 1.5, 14.5], "texture": "#0"},
				"east": {"uv": [1.5, 14, 2, 14.5], "texture": "#0"},
				"south": {"uv": [2, 14, 2.5, 14.5], "texture": "#0"},
				"west": {"uv": [2.5, 14, 3, 14.5], "texture": "#0"},
				"up": {"uv": [3.5, 14.5, 3, 14], "texture": "#0"},
				"down": {"uv": [4, 14, 3.5, 14.5], "texture": "#0"}
			}
		},
		{
			"from": [13.367, 13.29235, 7.68],
			"to": [13.567, 13.78035, 7.88],
			"rotation": {"angle": 22.5, "axis": "z", "origin": [13.78379, 13.19693, 7.78]},
			"faces": {
				"north": {"uv": [4, 14, 4.5, 14.5], "texture": "#0"},
				"east": {"uv": [4.5, 14, 5, 14.5], "texture": "#0"},
				"south": {"uv": [5, 14, 5.5, 14.5], "texture": "#0"},
				"west": {"uv": [5.5, 14, 6, 14.5], "texture": "#0"},
				"up": {"uv": [6.5, 14.5, 6, 14], "texture": "#0"},
				"down": {"uv": [7, 14, 6.5, 14.5], "texture": "#0"}
			}
		},
		{
			"from": [13.68379, 13.29235, 7.68],
			"to": [13.88379, 13.78035, 7.88],
			"rotation": {"angle": 22.5, "axis": "z", "origin": [13.78379, 13.19693, 7.78]},
			"faces": {
				"north": {"uv": [7, 14, 7.5, 14.5], "texture": "#0"},
				"east": {"uv": [7.5, 14, 8, 14.5], "texture": "#0"},
				"south": {"uv": [8, 14, 8.5, 14.5], "texture": "#0"},
				"west": {"uv": [8.5, 14, 9, 14.5], "texture": "#0"},
				"up": {"uv": [9.5, 14.5, 9, 14], "texture": "#0"},
				"down": {"uv": [10, 14, 9.5, 14.5], "texture": "#0"}
			}
		},
		{
			"from": [14.00057, 13.29235, 7.68],
			"to": [14.20057, 13.78035, 7.88],
			"rotation": {"angle": 22.5, "axis": "z", "origin": [13.78379, 13.19693, 7.78]},
			"faces": {
				"north": {"uv": [10, 14, 10.5, 14.5], "texture": "#0"},
				"east": {"uv": [10.5, 14, 11, 14.5], "texture": "#0"},
				"south": {"uv": [11, 14, 11.5, 14.5], "texture": "#0"},
				"west": {"uv": [11.5, 14, 12, 14.5], "texture": "#0"},
				"up": {"uv": [12.5, 14.5, 12, 14], "texture": "#0"},
				"down": {"uv": [13, 14, 12.5, 14.5], "texture": "#0"}
			}
		},
		{
			"from": [11.96578, 8.49262, 7.82],
			"to": [12.38978, 16.66062, 8.18],
			"rotation": {"angle": -22.5, "axis": "z", "origin": [16.1572, 13.638, 7.80162]},
			"faces": {
				"north": {"uv": [5.5, 7, 6, 11], "texture": "#0"},
				"east": {"uv": [6, 7, 6.5, 11], "texture": "#0"},
				"south": {"uv": [7, 7, 7.5, 11], "texture": "#0"},
				"west": {"uv": [7.5, 7.5, 8, 11.5], "texture": "#0"},
				"up": {"uv": [1, 14, 0.5, 13.5], "texture": "#0"},
				"down": {"uv": [1.5, 13.5, 1, 14], "texture": "#0"}
			}
		},
		{
			"from": [-1.60435, 14.22382, 8.108],
			"to": [-0.60435, 14.48782, 8.276],
			"rotation": {"angle": 22.5, "axis": "z", "origin": [-0.12132, 13.83502, 8.192]},
			"faces": {
				"north": {"uv": [13.28125, 13.03125, 13.78125, 13.5625], "texture": "#0"},
				"east": {"uv": [11.21875, 1.59375, 11.65625, 2.1875], "texture": "#0"},
				"south": {"uv": [13.21875, 3.34375, 13.71875, 3.96875], "texture": "#0"},
				"west": {"uv": [11.21875, 2.65625, 11.84375, 3.375], "texture": "#0"},
				"up": {"uv": [13.1875, 2.21875, 13.8125, 3.0625], "texture": "#0"},
				"down": {"uv": [13.125, 2.15625, 13.8125, 3.25], "texture": "#0"}
			}
		},
		{
			"from": [-0.83635, 13.31982, 8.108],
			"to": [-0.60435, 14.31982, 8.276],
			"rotation": {"angle": 22.5, "axis": "z", "origin": [-0.12132, 13.83502, 8.192]},
			"faces": {
				"north": {"uv": [6.0625, 11.21875, 6.78125, 11.9375], "rotation": 270, "texture": "#0"},
				"east": {"uv": [5.53125, 11.21875, 6.625, 12.03125], "rotation": 90, "texture": "#0"},
				"south": {"uv": [5.625, 11.0625, 6.53125, 11.71875], "rotation": 90, "texture": "#0"},
				"west": {"uv": [5.75, 11.46875, 6.78125, 11.96875], "rotation": 90, "texture": "#0"},
				"up": {"uv": [5.8125, 11.15625, 6.375, 12.15625], "rotation": 90, "texture": "#0"},
				"down": {"uv": [5.53125, 11.25, 6.625, 12.03125], "rotation": 90, "texture": "#0"}
			}
		},
		{
			"from": [-1.2684, 13.7219, 8.108],
			"to": [-0.7484, 13.9539, 8.276],
			"rotation": {"angle": 22.5, "axis": "z", "origin": [-0.12132, 13.83502, 8.192]},
			"faces": {
				"north": {"uv": [5.75, 11.375, 6.65625, 11.90625], "texture": "#0"},
				"east": {"uv": [5.59375, 11.28125, 6.5625, 12.28125], "texture": "#0"},
				"south": {"uv": [5.4375, 11.28125, 6.6875, 12.21875], "texture": "#0"},
				"west": {"uv": [5.4375, 11.53125, 6.40625, 12.3125], "texture": "#0"},
				"up": {"uv": [5.46875, 11.15625, 6.59375, 12.0625], "texture": "#0"},
				"down": {"uv": [5.25, 11.34375, 6.15625, 11.90625], "texture": "#0"}
			}
		},
		{
			"from": [-1.60435, 13.15182, 8.108],
			"to": [-0.60435, 13.44782, 8.276],
			"rotation": {"angle": 22.5, "axis": "z", "origin": [-0.12132, 13.83502, 8.192]},
			"faces": {
				"north": {"uv": [5.5625, 11.34375, 6.28125, 11.96875], "texture": "#0"},
				"east": {"uv": [5.625, 11.15625, 6.46875, 12.09375], "texture": "#0"},
				"south": {"uv": [5.4375, 11.28125, 6.40625, 12], "texture": "#0"},
				"west": {"uv": [5.40625, 11.25, 6.03125, 11.96875], "texture": "#0"},
				"up": {"uv": [5.84375, 11.40625, 6.625, 11.96875], "texture": "#0"},
				"down": {"uv": [5.40625, 11.21875, 6.09375, 11.96875], "texture": "#0"}
			}
		},
		{
			"from": [0.67745, 14.24462, 8.108],
			"to": [1.10145, 14.50862, 8.276],
			"rotation": {"angle": 22.5, "axis": "z", "origin": [-0.12132, 13.83502, 8.192]},
			"faces": {
				"north": {"uv": [5.625, 11.46875, 6.25, 12.15625], "texture": "#0"},
				"east": {"uv": [5.46875, 11.21875, 6.1875, 12.0625], "texture": "#0"},
				"south": {"uv": [5.34375, 11.46875, 5.90625, 11.9375], "texture": "#0"},
				"west": {"uv": [6, 11.34375, 6.6875, 11.9375], "texture": "#0"},
				"up": {"uv": [5.625, 11.21875, 6.28125, 11.90625], "texture": "#0"},
				"down": {"uv": [5.53125, 11.34375, 6.28125, 12.15625], "texture": "#0"}
			}
		},
		{
			"from": [0.86945, 13.34062, 8.108],
			"to": [1.10145, 14.34062, 8.276],
			"rotation": {"angle": 22.5, "axis": "z", "origin": [-0.12132, 13.83502, 8.192]},
			"faces": {
				"north": {"uv": [5.375, 11.4375, 6.09375, 11.9375], "rotation": 270, "texture": "#0"},
				"east": {"uv": [5.40625, 11.28125, 6.03125, 11.96875], "rotation": 90, "texture": "#0"},
				"south": {"uv": [5.25, 11.5625, 5.96875, 12.15625], "rotation": 90, "texture": "#0"},
				"west": {"uv": [5.28125, 11.40625, 6.15625, 11.9375], "rotation": 90, "texture": "#0"},
				"up": {"uv": [5.71875, 11.25, 6.46875, 12.03125], "rotation": 90, "texture": "#0"},
				"down": {"uv": [5.28125, 11.4375, 5.78125, 11.96875], "rotation": 90, "texture": "#0"}
			}
		},
		{
			"from": [0.64545, 13.17262, 8.108],
			"to": [1.32545, 13.46862, 8.276],
			"rotation": {"angle": 22.5, "axis": "z", "origin": [-0.12132, 13.83502, 8.192]},
			"faces": {
				"north": {"uv": [5.25, 11.21875, 5.78125, 11.71875], "texture": "#0"},
				"east": {"uv": [5.28125, 11.25, 5.84375, 12.03125], "texture": "#0"},
				"south": {"uv": [5.40625, 11.40625, 6.15625, 11.96875], "texture": "#0"},
				"west": {"uv": [5.53125, 11.375, 5.84375, 11.8125], "texture": "#0"},
				"up": {"uv": [5.34375, 11.1875, 5.90625, 11.84375], "texture": "#0"},
				"down": {"uv": [5.9375, 11.4375, 6.46875, 12.0625], "texture": "#0"}
			}
		},
		{
			"from": [-0.00943, 13.71294, 8.108],
			"to": [0.22257, 13.94494, 8.276],
			"rotation": {"angle": 22.5, "axis": "z", "origin": [-0.12132, 13.83502, 8.192]},
			"faces": {
				"north": {"uv": [5.84375, 11.34375, 6.59375, 12.0625], "rotation": 270, "texture": "#0"},
				"east": {"uv": [5.625, 11.1875, 6.40625, 11.875], "rotation": 90, "texture": "#0"},
				"south": {"uv": [5.5625, 11.28125, 6.28125, 12.0625], "rotation": 90, "texture": "#0"},
				"west": {"uv": [5.4375, 11.28125, 5.96875, 11.8125], "rotation": 90, "texture": "#0"},
				"up": {"uv": [5.78125, 11.25, 6.40625, 11.9375], "rotation": 90, "texture": "#0"},
				"down": {"uv": [5.46875, 11.1875, 6.28125, 12.25], "rotation": 90, "texture": "#0"}
			}
		},
		{
			"from": [14.55565, 14.22382, 8.108],
			"to": [15.55565, 14.48782, 8.276],
			"rotation": {"angle": -22.5, "axis": "z", "origin": [16.03868, 13.83502, 8.192]},
			"faces": {
				"north": {"uv": [13.28125, 13.03125, 13.78125, 13.5625], "texture": "#0"},
				"east": {"uv": [11.21875, 1.59375, 11.65625, 2.1875], "texture": "#0"},
				"south": {"uv": [13.21875, 3.34375, 13.71875, 3.96875], "texture": "#0"},
				"west": {"uv": [11.21875, 2.65625, 11.84375, 3.375], "texture": "#0"},
				"up": {"uv": [13.1875, 2.21875, 13.8125, 3.0625], "texture": "#0"},
				"down": {"uv": [13.125, 2.15625, 13.8125, 3.25], "texture": "#0"}
			}
		},
		{
			"from": [15.32365, 13.31982, 8.108],
			"to": [15.55565, 14.31982, 8.276],
			"rotation": {"angle": -22.5, "axis": "z", "origin": [16.03868, 13.83502, 8.192]},
			"faces": {
				"north": {"uv": [6.0625, 11.21875, 6.78125, 11.9375], "rotation": 270, "texture": "#0"},
				"east": {"uv": [5.53125, 11.21875, 6.625, 12.03125], "rotation": 90, "texture": "#0"},
				"south": {"uv": [5.625, 11.0625, 6.53125, 11.71875], "rotation": 90, "texture": "#0"},
				"west": {"uv": [5.75, 11.46875, 6.78125, 11.96875], "rotation": 90, "texture": "#0"},
				"up": {"uv": [5.8125, 11.15625, 6.375, 12.15625], "rotation": 90, "texture": "#0"},
				"down": {"uv": [5.53125, 11.25, 6.625, 12.03125], "rotation": 90, "texture": "#0"}
			}
		},
		{
			"from": [14.8916, 13.7219, 8.108],
			"to": [15.4116, 13.9539, 8.276],
			"rotation": {"angle": -22.5, "axis": "z", "origin": [16.03868, 13.83502, 8.192]},
			"faces": {
				"north": {"uv": [5.75, 11.375, 6.65625, 11.90625], "texture": "#0"},
				"east": {"uv": [5.59375, 11.28125, 6.5625, 12.28125], "texture": "#0"},
				"south": {"uv": [5.4375, 11.28125, 6.6875, 12.21875], "texture": "#0"},
				"west": {"uv": [5.4375, 11.53125, 6.40625, 12.3125], "texture": "#0"},
				"up": {"uv": [5.46875, 11.15625, 6.59375, 12.0625], "texture": "#0"},
				"down": {"uv": [5.25, 11.34375, 6.15625, 11.90625], "texture": "#0"}
			}
		},
		{
			"from": [14.55565, 13.15182, 8.108],
			"to": [15.55565, 13.44782, 8.276],
			"rotation": {"angle": -22.5, "axis": "z", "origin": [16.03868, 13.83502, 8.192]},
			"faces": {
				"north": {"uv": [5.5625, 11.34375, 6.28125, 11.96875], "texture": "#0"},
				"east": {"uv": [5.625, 11.15625, 6.46875, 12.09375], "texture": "#0"},
				"south": {"uv": [5.4375, 11.28125, 6.40625, 12], "texture": "#0"},
				"west": {"uv": [5.40625, 11.25, 6.03125, 11.96875], "texture": "#0"},
				"up": {"uv": [5.84375, 11.40625, 6.625, 11.96875], "texture": "#0"},
				"down": {"uv": [5.40625, 11.21875, 6.09375, 11.96875], "texture": "#0"}
			}
		},
		{
			"from": [16.83745, 14.24462, 8.108],
			"to": [17.26145, 14.50862, 8.276],
			"rotation": {"angle": -22.5, "axis": "z", "origin": [16.03868, 13.83502, 8.192]},
			"faces": {
				"north": {"uv": [5.625, 11.46875, 6.25, 12.15625], "texture": "#0"},
				"east": {"uv": [5.46875, 11.21875, 6.1875, 12.0625], "texture": "#0"},
				"south": {"uv": [5.34375, 11.46875, 5.90625, 11.9375], "texture": "#0"},
				"west": {"uv": [6, 11.34375, 6.6875, 11.9375], "texture": "#0"},
				"up": {"uv": [5.625, 11.21875, 6.28125, 11.90625], "texture": "#0"},
				"down": {"uv": [5.53125, 11.34375, 6.28125, 12.15625], "texture": "#0"}
			}
		},
		{
			"from": [17.02945, 13.34062, 8.108],
			"to": [17.26145, 14.34062, 8.276],
			"rotation": {"angle": -22.5, "axis": "z", "origin": [16.03868, 13.83502, 8.192]},
			"faces": {
				"north": {"uv": [5.375, 11.4375, 6.09375, 11.9375], "rotation": 270, "texture": "#0"},
				"east": {"uv": [5.40625, 11.28125, 6.03125, 11.96875], "rotation": 90, "texture": "#0"},
				"south": {"uv": [5.25, 11.5625, 5.96875, 12.15625], "rotation": 90, "texture": "#0"},
				"west": {"uv": [5.28125, 11.40625, 6.15625, 11.9375], "rotation": 90, "texture": "#0"},
				"up": {"uv": [5.71875, 11.25, 6.46875, 12.03125], "rotation": 90, "texture": "#0"},
				"down": {"uv": [5.28125, 11.4375, 5.78125, 11.96875], "rotation": 90, "texture": "#0"}
			}
		},
		{
			"from": [16.80545, 13.17262, 8.108],
			"to": [17.48545, 13.46862, 8.276],
			"rotation": {"angle": -22.5, "axis": "z", "origin": [16.03868, 13.83502, 8.192]},
			"faces": {
				"north": {"uv": [5.25, 11.21875, 5.78125, 11.71875], "texture": "#0"},
				"east": {"uv": [5.28125, 11.25, 5.84375, 12.03125], "texture": "#0"},
				"south": {"uv": [5.40625, 11.40625, 6.15625, 11.96875], "texture": "#0"},
				"west": {"uv": [5.53125, 11.375, 5.84375, 11.8125], "texture": "#0"},
				"up": {"uv": [5.34375, 11.1875, 5.90625, 11.84375], "texture": "#0"},
				"down": {"uv": [5.9375, 11.4375, 6.46875, 12.0625], "texture": "#0"}
			}
		},
		{
			"from": [16.15057, 13.71294, 8.108],
			"to": [16.38257, 13.94494, 8.276],
			"rotation": {"angle": -22.5, "axis": "z", "origin": [16.03868, 13.83502, 8.192]},
			"faces": {
				"north": {"uv": [5.84375, 11.34375, 6.59375, 12.0625], "rotation": 270, "texture": "#0"},
				"east": {"uv": [5.625, 11.1875, 6.40625, 11.875], "rotation": 90, "texture": "#0"},
				"south": {"uv": [5.5625, 11.28125, 6.28125, 12.0625], "rotation": 90, "texture": "#0"},
				"west": {"uv": [5.4375, 11.28125, 5.96875, 11.8125], "rotation": 90, "texture": "#0"},
				"up": {"uv": [5.78125, 11.25, 6.40625, 11.9375], "rotation": 90, "texture": "#0"},
				"down": {"uv": [5.46875, 11.1875, 6.28125, 12.25], "rotation": 90, "texture": "#0"}
			}
		}
	],
	"display": {
		"thirdperson_righthand": {
			"translation": [3.5, 0, -0.25],
			"scale": [0.6, 0.6, 0.6]
		},
		"thirdperson_lefthand": {
			"translation": [3.5, 0, -0.25],
			"scale": [0.6, 0.6, 0.6]
		},
		"firstperson_righthand": {
			"translation": [6.25, -1.5, 0],
			"scale": [0.6, 0.6, 0.6]
		},
		"firstperson_lefthand": {
			"translation": [6.25, -1.5, 0],
			"scale": [0.6, 0.6, 0.6]
		},
		"gui": {
			"rotation": [0, -180, 0],
			"translation": [0, -2.25, 0],
			"scale": [2.5, 2.5, 2.5]
		},
		"head": {
			"translation": [0, 4.25, 0],
			"scale": [1.15, 1.15, 1.15]
		},
		"fixed": {
			"translation": [0, -1, 0],
			"scale": [0.8, 0.8, 0.8]
		}
	},
	"groups": [
		{
			"name": "머리띠",
			"origin": [16.584, 15.756, 0.244],
			"children": [0, 1, 2]
		},
		{
			"name": "태극기",
			"origin": [8, 8, 8],
			"children": [3, 4, 5, 6, 7, 8, 9, 10, 11, 12, 13, 14, 15, 16, 17, 18, 19, 20, 21, 22, 23, 24, 25, 26, 27, 28, 29, 30, 31, 32,
				{
					"name": "circle",
					"origin": [8, 12, 8],
					"children": []
				},
				{
					"name": "건",
					"origin": [8, 8, 8],
					"children": []
				},
				{
					"name": "감",
					"origin": [8, 8, 8],
					"children": [
						{
							"name": "group",
							"origin": [4.988, 9.316, 7.78],
							"children": []
						},
						{
							"name": "group",
							"origin": [4.988, 9.316, 7.78],
							"children": []
						}
					]
				},
				{
					"name": "리",
					"origin": [8, 8, 8],
					"children": [
						{
							"name": "group",
							"origin": [4.988, 9.316, 7.78],
							"children": []
						}
					]
				},
				{
					"name": "곤",
					"origin": [8, 8, 8],
					"children": [
						{
							"name": "group",
							"origin": [4.988, 9.316, 7.78],
							"children": [33, 34]
						},
						{
							"name": "group",
							"origin": [4.988, 9.316, 7.78],
							"children": [35, 36]
						},
						{
							"name": "group",
							"origin": [4.988, 9.316, 7.78],
							"children": [37, 38]
						}
					]
				}, 39]
		},
		{
			"name": "태극기",
			"origin": [8, 8, 8],
			"children": [40,
				{
					"name": "circle",
					"origin": [16.1572, 13.638, 7.80162],
					"children": [41, 42, 43, 44, 45, 46, 47, 48, 49, 50, 51, 52, 53, 54, 55, 56, 57]
				},
				{
					"name": "건",
					"origin": [16.1572, 13.638, 7.80162],
					"children": [58, 59, 60]
				},
				{
					"name": "감",
					"origin": [16.1572, 13.638, 7.80162],
					"children": [61, 62, 63, 64, 65]
				},
				{
					"name": "리",
					"origin": [16.1572, 13.638, 7.80162],
					"children": [66, 67, 68, 69]
				},
				{
					"name": "곤",
					"origin": [4.988, 9.316, 7.78],
					"children": [
						{
							"name": "group",
							"origin": [16.1572, 13.638, 7.80162],
							"children": [70, 71, 72, 73, 74, 75]
						}
					]
				}, 76]
		},
		{
			"name": "3.1",
			"origin": [8, 8, 8],
			"children": [
				{
					"name": "3",
					"origin": [-1.18503, 12.71291, 8],
					"children": [77, 78, 79, 80]
				},
				{
					"name": "1",
					"origin": [1.11897, 13.67291, 8],
					"children": [81, 82, 83]
				}, 84]
		},
		{
			"name": "3.1",
			"origin": [8, 8, 8],
			"children": [
				{
					"name": "3",
					"origin": [-1.18503, 12.71291, 8],
					"children": [85, 86, 87, 88]
				},
				{
					"name": "1",
					"origin": [1.11897, 13.67291, 8],
					"children": [89, 90, 91]
				}, 92]
		}
	]
}