{
	"credit": "Made with Blockbench",
	"texture_size": [64, 64],
	"textures": {
		"0": "item/decor/area_books_blue",
		"particle": "item/decor/area_books_blue"
	},
	"elements": [
		{
			"from": [10, 0, 4.68629],
			"to": [11, 4, 11.68629],
			"rotation": {"angle": 22.5, "axis": "y", "origin": [8, 0, 8]},
			"faces": {
				"north": {"uv": [2, 8.5, 1.75, 9.5], "texture": "#0", "tintindex": 0},
				"east": {"uv": [3.75, 8.5, 2, 9.5], "texture": "#0", "tintindex": 0},
				"south": {"uv": [4, 8.5, 3.75, 9.5], "texture": "#0", "tintindex": 0},
				"west": {"uv": [1.75, 8.5, 0, 9.5], "texture": "#0", "tintindex": 0},
				"up": {"uv": [1.75, 8.5, 2, 6.75], "texture": "#0", "tintindex": 0},
				"down": {"uv": [2, 6.75, 2.25, 8.5], "texture": "#0", "tintindex": 0}
			}
		},
		{
			"from": [5, 0, 4.68629],
			"to": [10, 1, 11.68629],
			"rotation": {"angle": 22.5, "axis": "y", "origin": [8, 0, 8]},
			"faces": {
				"north": {"uv": [3, 4, 1.75, 4.25], "texture": "#0", "tintindex": 0},
				"east": {"uv": [4.75, 4, 3, 4.25], "texture": "#0", "tintindex": 0},
				"south": {"uv": [6, 4, 4.75, 4.25], "texture": "#0", "tintindex": 0},
				"west": {"uv": [1.75, 4, 0, 4.25], "texture": "#0", "tintindex": 0},
				"up": {"uv": [1.75, 4, 3, 2.25], "texture": "#0", "tintindex": 0},
				"down": {"uv": [3, 2.25, 4.25, 4], "texture": "#0", "tintindex": 0}
			}
		},
		{
			"from": [5, 3, 4.68629],
			"to": [10, 4, 11.68629],
			"rotation": {"angle": 22.5, "axis": "y", "origin": [8, 0, 8]},
			"faces": {
				"north": {"uv": [3, 1.75, 1.75, 2], "texture": "#0", "tintindex": 0},
				"east": {"uv": [4.75, 1.75, 3, 2], "texture": "#0", "tintindex": 0},
				"south": {"uv": [6, 1.75, 4.75, 2], "texture": "#0", "tintindex": 0},
				"west": {"uv": [1.75, 1.75, 0, 2], "texture": "#0", "tintindex": 0},
				"up": {"uv": [1.75, 1.75, 3, 0], "texture": "#0", "tintindex": 0},
				"down": {"uv": [3, 0, 4.25, 1.75], "texture": "#0", "tintindex": 0}
			}
		},
		{
			"from": [5.5, 1, 5.18629],
			"to": [10.5, 3, 11.18629],
			"rotation": {"angle": 22.5, "axis": "y", "origin": [8, 0, 8]},
			"faces": {
				"north": {"uv": [7.5, 4.5, 6.25, 5], "texture": "#0"},
				"east": {"uv": [9, 4.5, 7.5, 5], "texture": "#0"},
				"south": {"uv": [10.25, 4.5, 9, 5], "texture": "#0"},
				"west": {"uv": [6.25, 4.5, 4.75, 5], "texture": "#0"},
				"up": {"uv": [6.25, 4.5, 7.5, 3], "texture": "#0"},
				"down": {"uv": [7.5, 3, 8.75, 4.5], "texture": "#0"}
			}
		},
		{
			"from": [10, 4, 4.68629],
			"to": [11, 8, 11.68629],
			"rotation": {"angle": 0, "axis": "y", "origin": [8, 0, 8]},
			"faces": {
				"north": {"uv": [6.25, 9.25, 6, 10.25], "texture": "#0", "tintindex": 0},
				"east": {"uv": [8, 9.25, 6.25, 10.25], "texture": "#0", "tintindex": 0},
				"south": {"uv": [8.25, 9.25, 8, 10.25], "texture": "#0", "tintindex": 0},
				"west": {"uv": [6, 9.25, 4.25, 10.25], "texture": "#0", "tintindex": 0},
				"up": {"uv": [6, 9.25, 6.25, 7.5], "texture": "#0", "tintindex": 0},
				"down": {"uv": [6.25, 7.5, 6.5, 9.25], "texture": "#0", "tintindex": 0}
			}
		},
		{
			"from": [5, 4, 4.68629],
			"to": [10, 5, 11.68629],
			"rotation": {"angle": 0, "axis": "y", "origin": [8, 0, 8]},
			"faces": {
				"north": {"uv": [7.5, 2.25, 6.25, 2.5], "texture": "#0", "tintindex": 0},
				"east": {"uv": [9.25, 2.25, 7.5, 2.5], "texture": "#0", "tintindex": 0},
				"south": {"uv": [10.5, 2.25, 9.25, 2.5], "texture": "#0", "tintindex": 0},
				"west": {"uv": [6.25, 2.25, 4.5, 2.5], "texture": "#0", "tintindex": 0},
				"up": {"uv": [6.25, 2.25, 7.5, 0.5], "texture": "#0", "tintindex": 0},
				"down": {"uv": [7.5, 0.5, 8.75, 2.25], "texture": "#0", "tintindex": 0}
			}
		},
		{
			"from": [5, 7, 4.68629],
			"to": [10, 8, 11.68629],
			"rotation": {"angle": 0, "axis": "y", "origin": [8, 0, 8]},
			"faces": {
				"north": {"uv": [3, 6.25, 1.75, 6.5], "texture": "#0", "tintindex": 0},
				"east": {"uv": [4.75, 6.25, 3, 6.5], "texture": "#0", "tintindex": 0},
				"south": {"uv": [6, 6.25, 4.75, 6.5], "texture": "#0", "tintindex": 0},
				"west": {"uv": [1.75, 6.25, 0, 6.5], "texture": "#0", "tintindex": 0},
				"up": {"uv": [1.75, 6.25, 3, 4.5], "texture": "#0", "tintindex": 0},
				"down": {"uv": [3, 4.5, 4.25, 6.25], "texture": "#0", "tintindex": 0}
			}
		},
		{
			"from": [5.5, 5, 5.18629],
			"to": [10.5, 7, 11.18629],
			"rotation": {"angle": 0, "axis": "y", "origin": [8, 0, 8]},
			"faces": {
				"north": {"uv": [7.5, 6.75, 6.25, 7.25], "texture": "#0"},
				"east": {"uv": [9, 6.75, 7.5, 7.25], "texture": "#0"},
				"south": {"uv": [10.25, 6.75, 9, 7.25], "texture": "#0"},
				"west": {"uv": [6.25, 6.75, 4.75, 7.25], "texture": "#0"},
				"up": {"uv": [6.25, 6.75, 7.5, 5.25], "texture": "#0"},
				"down": {"uv": [7.5, 5.25, 8.75, 6.75], "texture": "#0"}
			}
		}
	],
	"display": {
		"thirdperson_righthand": {
			"rotation": [60, -160, 0],
			"translation": [0, 6.25, 5.5],
			"scale": [-1, 1, -1]
		},
		"thirdperson_lefthand": {
			"rotation": [60, -160, 0],
			"translation": [0, 6.25, 5.5],
			"scale": [-1, 1, -1]
		},
		"firstperson_righthand": {
			"rotation": [0, -73, 6],
			"translation": [0, 4, 0],
			"scale": [-0.8, 0.8, -0.8]
		},
		"firstperson_lefthand": {
			"rotation": [0, -73, 6],
			"translation": [0, 4, 0],
			"scale": [-0.8, 0.8, -0.8]
		},
		"ground": {
			"translation": [0, 3.75, 0],
			"scale": [0.8, 0.8, 0.8]
		},
		"gui": {
			"rotation": [30, -40, 0],
			"translation": [0, 3, 0],
			"scale": [-1, 1, -1]
		},
		"head": {
			"translation": [0, -30.4, 0],
			"scale": [1.6, 1.6, 1.6]
		},
		"fixed": {
			"rotation": [90, 0, 0],
			"translation": [0, 0, 1.25],
			"scale": [2, 2, 2]
		}
	},
	"groups": [
		{
			"name": "Buch",
			"origin": [0, 0, 0],
			"color": 0,
			"children": [0, 1, 2, 3]
		},
		{
			"name": "Buch",
			"origin": [0, 0, 0],
			"color": 0,
			"children": [4, 5, 6, 7]
		}
	]
}