{
	"credit": "Made with Blockbench",
	"texture_size": [64, 64],
	"textures": {
		"0": "item/decor/kitchen_pot",
		"particle": "item/decor/kitchen_pot"
	},
	"elements": [
		{
			"from": [4, 0, 4],
			"to": [12, 1, 12],
			"faces": {
				"north": {"uv": [2, 4.5, 4, 4.75], "texture": "#0"},
				"east": {"uv": [0, 4.5, 2, 4.75], "texture": "#0"},
				"south": {"uv": [6, 4.5, 8, 4.75], "texture": "#0"},
				"west": {"uv": [4, 4.5, 6, 4.75], "texture": "#0"},
				"up": {"uv": [4, 4.5, 2, 2.5], "texture": "#0"},
				"down": {"uv": [6, 2.5, 4, 4.5], "texture": "#0"}
			}
		},
		{
			"from": [6, 5, 2],
			"to": [14, 6, 10],
			"rotation": {"angle": -22.5, "axis": "y", "origin": [0, 0, 0]},
			"faces": {
				"north": {"uv": [2, 2, 4, 2.25], "texture": "#0"},
				"east": {"uv": [0, 2, 2, 2.25], "texture": "#0"},
				"south": {"uv": [6, 2, 8, 2.25], "texture": "#0"},
				"west": {"uv": [4, 2, 6, 2.25], "texture": "#0"},
				"up": {"uv": [4, 2, 2, 0], "texture": "#0"},
				"down": {"uv": [6, 0, 4, 2], "texture": "#0"}
			}
		},
		{
			"from": [9, 6, 5],
			"to": [11, 7, 7],
			"rotation": {"angle": -22.5, "axis": "y", "origin": [0, 0, 0]},
			"faces": {
				"north": {"uv": [6.75, 3, 7.25, 3.25], "texture": "#0"},
				"east": {"uv": [6.25, 3, 6.75, 3.25], "texture": "#0"},
				"south": {"uv": [7.75, 3, 8.25, 3.25], "texture": "#0"},
				"west": {"uv": [7.25, 3, 7.75, 3.25], "texture": "#0"},
				"up": {"uv": [7.25, 3, 6.75, 2.5], "texture": "#0"},
				"down": {"uv": [7.75, 2.5, 7.25, 3], "texture": "#0"}
			}
		},
		{
			"from": [11, 1, 4],
			"to": [12, 5, 12],
			"faces": {
				"north": {"uv": [6.75, 7, 7, 8], "texture": "#0"},
				"east": {"uv": [4.75, 7, 6.75, 8], "texture": "#0"},
				"south": {"uv": [9, 7, 9.25, 8], "texture": "#0"},
				"west": {"uv": [7, 7, 9, 8], "texture": "#0"},
				"up": {"uv": [7, 7, 6.75, 5], "texture": "#0"},
				"down": {"uv": [7.25, 5, 7, 7], "texture": "#0"}
			}
		},
		{
			"from": [5, 1, 4],
			"to": [11, 5, 5],
			"faces": {
				"north": {"uv": [6.5, 0.25, 8, 1.25], "texture": "#0"},
				"east": {"uv": [6.25, 0.25, 6.5, 1.25], "texture": "#0"},
				"south": {"uv": [8.25, 0.25, 9.75, 1.25], "texture": "#0"},
				"west": {"uv": [8, 0.25, 8.25, 1.25], "texture": "#0"},
				"up": {"uv": [8, 0.25, 6.5, 0], "texture": "#0"},
				"down": {"uv": [9.5, 0, 8, 0.25], "texture": "#0"}
			}
		},
		{
			"from": [12, 3, 9],
			"to": [14, 4, 10],
			"faces": {
				"north": {"uv": [0.25, 6, 0.75, 6.25], "texture": "#0"},
				"east": {"uv": [0, 6, 0.25, 6.25], "texture": "#0"},
				"south": {"uv": [1, 6, 1.5, 6.25], "texture": "#0"},
				"west": {"uv": [0.75, 6, 1, 6.25], "texture": "#0"},
				"up": {"uv": [0.75, 6, 0.25, 5.75], "texture": "#0"},
				"down": {"uv": [1.25, 5.75, 0.75, 6], "texture": "#0"}
			}
		},
		{
			"from": [12, 3, 6],
			"to": [14, 4, 7],
			"faces": {
				"north": {"uv": [0.25, 5.25, 0.75, 5.5], "texture": "#0"},
				"east": {"uv": [0, 5.25, 0.25, 5.5], "texture": "#0"},
				"south": {"uv": [1, 5.25, 1.5, 5.5], "texture": "#0"},
				"west": {"uv": [0.75, 5.25, 1, 5.5], "texture": "#0"},
				"up": {"uv": [0.75, 5.25, 0.25, 5], "texture": "#0"},
				"down": {"uv": [1.25, 5, 0.75, 5.25], "texture": "#0"}
			}
		},
		{
			"from": [13, 3, 7],
			"to": [14, 4, 9],
			"faces": {
				"north": {"uv": [0.5, 1.5, 0.75, 1.75], "texture": "#0"},
				"east": {"uv": [0, 1.5, 0.5, 1.75], "texture": "#0"},
				"south": {"uv": [1.25, 1.5, 1.5, 1.75], "texture": "#0"},
				"west": {"uv": [0.75, 1.5, 1.25, 1.75], "texture": "#0"},
				"up": {"uv": [0.75, 1.5, 0.5, 1], "texture": "#0"},
				"down": {"uv": [1, 1, 0.75, 1.5], "texture": "#0"}
			}
		},
		{
			"from": [2, 3, 6],
			"to": [4, 4, 7],
			"faces": {
				"north": {"uv": [0.25, 3.5, 0.75, 3.75], "texture": "#0"},
				"east": {"uv": [0, 3.5, 0.25, 3.75], "texture": "#0"},
				"south": {"uv": [1, 3.5, 1.5, 3.75], "texture": "#0"},
				"west": {"uv": [0.75, 3.5, 1, 3.75], "texture": "#0"},
				"up": {"uv": [0.75, 3.5, 0.25, 3.25], "texture": "#0"},
				"down": {"uv": [1.25, 3.25, 0.75, 3.5], "texture": "#0"}
			}
		},
		{
			"from": [2, 3, 7],
			"to": [3, 4, 9],
			"faces": {
				"north": {"uv": [0.5, 0.5, 0.75, 0.75], "texture": "#0"},
				"east": {"uv": [0, 0.5, 0.5, 0.75], "texture": "#0"},
				"south": {"uv": [1.25, 0.5, 1.5, 0.75], "texture": "#0"},
				"west": {"uv": [0.75, 0.5, 1.25, 0.75], "texture": "#0"},
				"up": {"uv": [0.75, 0.5, 0.5, 0], "texture": "#0"},
				"down": {"uv": [1, 0, 0.75, 0.5], "texture": "#0"}
			}
		},
		{
			"from": [2, 3, 9],
			"to": [4, 4, 10],
			"faces": {
				"north": {"uv": [0.25, 2.75, 0.75, 3], "texture": "#0"},
				"east": {"uv": [0, 2.75, 0.25, 3], "texture": "#0"},
				"south": {"uv": [1, 2.75, 1.5, 3], "texture": "#0"},
				"west": {"uv": [0.75, 2.75, 1, 3], "texture": "#0"},
				"up": {"uv": [0.75, 2.75, 0.25, 2.5], "texture": "#0"},
				"down": {"uv": [1.25, 2.5, 0.75, 2.75], "texture": "#0"}
			}
		},
		{
			"from": [5, 1, 11],
			"to": [11, 5, 12],
			"faces": {
				"north": {"uv": [3, 5.25, 4.5, 6.25], "texture": "#0"},
				"east": {"uv": [2.75, 5.25, 3, 6.25], "texture": "#0"},
				"south": {"uv": [4.75, 5.25, 6.25, 6.25], "texture": "#0"},
				"west": {"uv": [4.5, 5.25, 4.75, 6.25], "texture": "#0"},
				"up": {"uv": [4.5, 5.25, 3, 5], "texture": "#0"},
				"down": {"uv": [6, 5, 4.5, 5.25], "texture": "#0"}
			}
		},
		{
			"from": [4, 1, 4],
			"to": [5, 5, 12],
			"faces": {
				"north": {"uv": [2, 7, 2.25, 8], "texture": "#0"},
				"east": {"uv": [0, 7, 2, 8], "texture": "#0"},
				"south": {"uv": [4.25, 7, 4.5, 8], "texture": "#0"},
				"west": {"uv": [2.25, 7, 4.25, 8], "texture": "#0"},
				"up": {"uv": [2.25, 7, 2, 5], "texture": "#0"},
				"down": {"uv": [2.5, 5, 2.25, 7], "texture": "#0"}
			}
		}
	],
	"display": {
		"thirdperson_righthand": {
			"rotation": [60, -160, 0],
			"translation": [0, 6, 4.25],
			"scale": [-1, 1, -1]
		},
		"thirdperson_lefthand": {
			"rotation": [60, -160, 0],
			"translation": [0, 6, 4.25],
			"scale": [-1, 1, -1]
		},
		"firstperson_righthand": {
			"rotation": [0, -73, 6],
			"translation": [0, 5, 0],
			"scale": [-1, 1, -1]
		},
		"firstperson_lefthand": {
			"rotation": [0, -73, 6],
			"translation": [0, 5, 0],
			"scale": [-1, 1, -1]
		},
		"ground": {
			"translation": [0, 3.75, 0],
			"scale": [0.8, 0.8, 0.8]
		},
		"gui": {
			"rotation": [30, -40, 0],
			"translation": [0, 3.5, 0],
			"scale": [-1, 1, -1]
		},
		"head": {
			"rotation": [0, -180, 0],
			"translation": [0, -30.4, 0],
			"scale": [1.6, 1.6, 1.6]
		},
		"fixed": {
			"rotation": [90, -180, -180],
			"translation": [0, 0, -15],
			"scale": [2, 2, 2]
		}
	}
}