{
	"credit": "Made with Blockbench",
	"texture_size": [128, 128],
	"textures": {
		"0": "item/decor/medievalroyal_shelf_small",
		"particle": "item/decor/medievalroyal_shelf_small"
	},
	"elements": [
		{
			"from": [0, 1, 0.5],
			"to": [16, 15, 12.5],
			"faces": {
				"north": {"uv": [1.5, 1.5, 3.5, 3.25], "texture": "#0"},
				"east": {"uv": [0, 1.5, 1.5, 3.25], "texture": "#0"},
				"south": {"uv": [5, 1.5, 7, 3.25], "texture": "#0"},
				"west": {"uv": [3.5, 1.5, 5, 3.25], "texture": "#0"},
				"up": {"uv": [3.5, 1.5, 1.5, 0], "texture": "#0"},
				"down": {"uv": [5.5, 0, 3.5, 1.5], "texture": "#0"}
			}
		},
		{
			"from": [-0.5, 0, 0],
			"to": [16.5, 1, 13],
			"faces": {
				"north": {"uv": [1.625, 7, 3.75, 7.125], "texture": "#0"},
				"east": {"uv": [0, 7, 1.625, 7.125], "texture": "#0"},
				"south": {"uv": [5.375, 7, 7.5, 7.125], "texture": "#0"},
				"west": {"uv": [3.75, 7, 5.375, 7.125], "texture": "#0"},
				"up": {"uv": [3.75, 7, 1.625, 5.375], "texture": "#0"},
				"down": {"uv": [5.875, 5.375, 3.75, 7], "texture": "#0"}
			}
		},
		{
			"from": [-0.5, 15, 0],
			"to": [16.5, 16, 13],
			"faces": {
				"north": {"uv": [1.625, 5, 3.75, 5.125], "texture": "#0"},
				"east": {"uv": [0, 5, 1.625, 5.125], "texture": "#0"},
				"south": {"uv": [5.375, 5, 7.5, 5.125], "texture": "#0"},
				"west": {"uv": [3.75, 5, 5.375, 5.125], "texture": "#0"},
				"up": {"uv": [3.75, 5, 1.625, 3.375], "texture": "#0"},
				"down": {"uv": [5.875, 3.375, 3.75, 5], "texture": "#0"}
			}
		}
	],
	"display": {
		"thirdperson_righthand": {
			"rotation": [60, -160, 0],
			"translation": [0, 3.25, 0],
			"scale": [0.6, 0.6, 0.6]
		},
		"thirdperson_lefthand": {
			"rotation": [60, -160, 0],
			"translation": [0, 3.25, 0],
			"scale": [0.6, 0.6, 0.6]
		},
		"firstperson_righthand": {
			"rotation": [0, -73, 6],
			"translation": [0, 1.5, 0],
			"scale": [0.4, 0.4, 0.4]
		},
		"firstperson_lefthand": {
			"rotation": [0, -73, 6],
			"translation": [0, 1.5, 0],
			"scale": [0.4, 0.4, 0.4]
		},
		"ground": {
			"translation": [0, 1.5, 0],
			"scale": [0.35, 0.35, 0.35]
		},
		"gui": {
			"rotation": [30, -40, 0],
			"translation": [-0.25, -0.5, 0],
			"scale": [0.55, 0.55, 0.55]
		},
		"head": {
			"translation": [0, -30.4, 0],
			"scale": [1.6, 1.6, 1.6]
		},
		"fixed": {
			"rotation": [90, 0, -180],
			"translation": [0, 0, -15],
			"scale": [2, 2, 2]
		}
	}
}