{
	"credit": "Made with Blockbench",
	"texture_size": [64, 64],
	"textures": {
		"1": "item/decor/wood_side_table"
	},
	"elements": [
		{
			"from": [0, 14, 0],
			"to": [32, 16, 16],
			"faces": {
				"north": {"uv": [0, 8, 8, 8.5], "texture": "#1"},
				"east": {"uv": [0.75, 8.5, 4.75, 9], "texture": "#1"},
				"south": {"uv": [0, 8, 8, 8.5], "texture": "#1"},
				"west": {"uv": [8.75, 0.5, 12.75, 1], "texture": "#1"},
				"up": {"uv": [8, 4, 0, 0], "texture": "#1"},
				"down": {"uv": [8, 0, 0, 4], "texture": "#1"}
			}
		},
		{
			"from": [0, 2, 0],
			"to": [32, 4, 16],
			"faces": {
				"north": {"uv": [0, 8, 8, 8.5], "texture": "#1"},
				"east": {"uv": [0.75, 8.5, 4.75, 9], "texture": "#1"},
				"south": {"uv": [0, 8, 8, 8.5], "texture": "#1"},
				"west": {"uv": [8.75, 0.5, 12.75, 1], "texture": "#1"},
				"up": {"uv": [8, 4, 0, 0], "texture": "#1"},
				"down": {"uv": [8, 0, 0, 4], "texture": "#1"}
			}
		},
		{
			"from": [1, 0, 1],
			"to": [4, 14, 4],
			"faces": {
				"north": {"uv": [8, 0.5, 8.75, 4], "texture": "#1"},
				"east": {"uv": [8, 0.5, 8.75, 4], "texture": "#1"},
				"south": {"uv": [8, 0.5, 8.75, 4], "texture": "#1"},
				"west": {"uv": [8, 0.5, 8.75, 4], "texture": "#1"},
				"up": {"uv": [5.5, 9.25, 4.75, 8.5], "texture": "#1"},
				"down": {"uv": [6.25, 8.5, 5.5, 9.25], "texture": "#1"}
			}
		},
		{
			"from": [28, 0, 1],
			"to": [31, 14, 4],
			"faces": {
				"north": {"uv": [8, 0.5, 8.75, 4], "texture": "#1"},
				"east": {"uv": [8, 0.5, 8.75, 4], "texture": "#1"},
				"south": {"uv": [8, 0.5, 8.75, 4], "texture": "#1"},
				"west": {"uv": [8, 0.5, 8.75, 4], "texture": "#1"},
				"up": {"uv": [5.5, 9.25, 4.75, 8.5], "texture": "#1"},
				"down": {"uv": [6.25, 8.5, 5.5, 9.25], "texture": "#1"}
			}
		},
		{
			"from": [1, 0, 12],
			"to": [4, 14, 15],
			"faces": {
				"north": {"uv": [8, 0.5, 8.75, 4], "texture": "#1"},
				"east": {"uv": [8, 0.5, 8.75, 4], "texture": "#1"},
				"south": {"uv": [8, 0.5, 8.75, 4], "texture": "#1"},
				"west": {"uv": [8, 0.5, 8.75, 4], "texture": "#1"},
				"up": {"uv": [5.5, 9.25, 4.75, 8.5], "texture": "#1"},
				"down": {"uv": [6.25, 8.5, 5.5, 9.25], "texture": "#1"}
			}
		},
		{
			"from": [28, 0, 12],
			"to": [31, 14, 15],
			"faces": {
				"north": {"uv": [8, 0.5, 8.75, 4], "texture": "#1"},
				"east": {"uv": [8, 0.5, 8.75, 4], "texture": "#1"},
				"south": {"uv": [8, 0.5, 8.75, 4], "texture": "#1"},
				"west": {"uv": [8, 0.5, 8.75, 4], "texture": "#1"},
				"up": {"uv": [5.5, 9.25, 4.75, 8.5], "texture": "#1"},
				"down": {"uv": [6.25, 8.5, 5.5, 9.25], "texture": "#1"}
			}
		}
	],
	"gui_light": "front",
	"display": {
		"thirdperson_righthand": {
			"rotation": [-125, 20, 180],
			"translation": [1, 2, 1.25],
			"scale": [0.3, 0.3, 0.3]
		},
		"thirdperson_lefthand": {
			"rotation": [-125, 20, 180],
			"translation": [1, 2, 1.25],
			"scale": [0.3, 0.3, 0.3]
		},
		"firstperson_righthand": {
			"rotation": [0, 145, 0],
			"translation": [-0.75, 2.25, 1.5],
			"scale": [0.3, 0.3, 0.3]
		},
		"firstperson_lefthand": {
			"rotation": [0, 145, 0],
			"translation": [-0.75, 2.25, 1.5],
			"scale": [0.3, 0.3, 0.3]
		},
		"ground": {
			"translation": [-1.75, 1, 0],
			"scale": [0.3, 0.3, 0.3]
		},
		"gui": {
			"rotation": [-165, 45, -180],
			"translation": [2, -0.75, 0],
			"scale": [0.4, 0.4, 0.4]
		},
		"head": {
			"translation": [0, -33.5, 0],
			"scale": [1.2, 1.2, 1.2]
		},
		"fixed": {
			"rotation": [-90, 0, 0],
			"translation": [0, 0, -16],
			"scale": [2, 2, 2]
		}
	}
}