{
	"credit": "Made with Blockbench",
	"texture_size": [32, 32],
	"textures": {
		"0": "item/etc/king",
		"particle": "item/etc/king"
	},
	"gui_light": "front",
	"elements": [
		{
			"from": [5.3, 3.68, 3.98],
			"to": [10.7, 4.76, 4.52],
			"rotation": {"angle": 0, "axis": "y", "origin": [12.32, 8, 8.3]},
			"faces": {
				"north": {"uv": [0, 0, 5, 1], "texture": "#0"},
				"east": {"uv": [5.5, 8.5, 6, 9.5], "texture": "#0"},
				"south": {"uv": [0, 1, 5, 2], "texture": "#0"},
				"west": {"uv": [10, 0.5, 10.5, 1.5], "texture": "#0"},
				"up": {"uv": [11, 6.5, 6, 6], "texture": "#0"},
				"down": {"uv": [11, 4, 6, 4.5], "texture": "#0"}
			}
		},
		{
			"from": [6.92, 4.76, 3.98],
			"to": [9.08, 6.92, 4.52],
			"rotation": {"angle": 0, "axis": "y", "origin": [12.32, 9.08, 8.3]},
			"faces": {
				"north": {"uv": [0, 4, 2, 6], "texture": "#0"},
				"east": {"uv": [8, 1.5, 8.5, 3.5], "texture": "#0"},
				"south": {"uv": [2, 4, 4, 6], "texture": "#0"},
				"west": {"uv": [2, 8.5, 2.5, 10.5], "texture": "#0"},
				"up": {"uv": [8, 6, 6, 5.5], "texture": "#0"},
				"down": {"uv": [9.5, 6.5, 7.5, 7], "texture": "#0"}
			}
		},
		{
			"from": [6.92, 4.76, 8.24],
			"to": [9.08, 6.92, 8.78],
			"rotation": {"angle": 0, "axis": "y", "origin": [12.32, 9.08, 4.46]},
			"faces": {
				"north": {"uv": [4, 4, 2, 6], "texture": "#0"},
				"east": {"uv": [8.5, 1.5, 8, 3.5], "texture": "#0"},
				"south": {"uv": [2, 4, 0, 6], "texture": "#0"},
				"west": {"uv": [2.5, 8.5, 2, 10.5], "texture": "#0"},
				"up": {"uv": [8, 5.5, 6, 6], "texture": "#0"},
				"down": {"uv": [9.5, 7, 7.5, 6.5], "texture": "#0"}
			}
		},
		{
			"from": [4.76, 4.76, 4.25],
			"to": [6.38, 6.38, 4.79],
			"rotation": {"angle": 22.5, "axis": "y", "origin": [5.57, 6.11, 4.52]},
			"faces": {
				"north": {"uv": [6, 6.5, 7.5, 8], "texture": "#0"},
				"east": {"uv": [9.5, 9.5, 10, 11], "texture": "#0"},
				"south": {"uv": [0, 7, 1.5, 8.5], "texture": "#0"},
				"west": {"uv": [9.5, 0, 10, 1.5], "texture": "#0"},
				"up": {"uv": [9.5, 6, 8, 5.5], "texture": "#0"},
				"down": {"uv": [10, 3, 8.5, 3.5], "texture": "#0"}
			}
		},
		{
			"from": [4.76, 4.76, 7.97],
			"to": [6.38, 6.38, 8.51],
			"rotation": {"angle": -22.5, "axis": "y", "origin": [5.57, 6.11, 8.24]},
			"faces": {
				"north": {"uv": [1.5, 7, 0, 8.5], "texture": "#0"},
				"east": {"uv": [10, 9.5, 9.5, 11], "texture": "#0"},
				"south": {"uv": [7.5, 6.5, 6, 8], "texture": "#0"},
				"west": {"uv": [10, 0, 9.5, 1.5], "texture": "#0"},
				"up": {"uv": [9.5, 5.5, 8, 6], "texture": "#0"},
				"down": {"uv": [10, 3.5, 8.5, 3], "texture": "#0"}
			}
		},
		{
			"from": [9.62, 4.76, 4.25],
			"to": [11.24, 6.38, 4.79],
			"rotation": {"angle": -22.5, "axis": "y", "origin": [10.43, 6.11, 4.52]},
			"faces": {
				"north": {"uv": [4.5, 7, 6, 8.5], "texture": "#0"},
				"east": {"uv": [8, 10, 8.5, 11.5], "texture": "#0"},
				"south": {"uv": [7, 0, 8.5, 1.5], "texture": "#0"},
				"west": {"uv": [8.5, 10, 9, 11.5], "texture": "#0"},
				"up": {"uv": [11, 7, 9.5, 6.5], "texture": "#0"},
				"down": {"uv": [11, 7, 9.5, 7.5], "texture": "#0"}
			}
		},
		{
			"from": [9.62, 4.76, 7.97],
			"to": [11.24, 6.38, 8.51],
			"rotation": {"angle": 22.5, "axis": "y", "origin": [10.43, 6.11, 8.24]},
			"faces": {
				"north": {"uv": [8.5, 0, 7, 1.5], "texture": "#0"},
				"east": {"uv": [8.5, 10, 8, 11.5], "texture": "#0"},
				"south": {"uv": [6, 7, 4.5, 8.5], "texture": "#0"},
				"west": {"uv": [9, 10, 8.5, 11.5], "texture": "#0"},
				"up": {"uv": [11, 6.5, 9.5, 7], "texture": "#0"},
				"down": {"uv": [11, 7.5, 9.5, 7], "texture": "#0"}
			}
		},
		{
			"from": [7.46, 6.92, 3.98],
			"to": [8.54, 8, 4.52],
			"rotation": {"angle": 0, "axis": "y", "origin": [12.32, 10.16, 8.3]},
			"faces": {
				"north": {"uv": [3.5, 8.5, 4.5, 9.5], "texture": "#0"},
				"east": {"uv": [10, 1.5, 10.5, 2.5], "texture": "#0"},
				"south": {"uv": [4.5, 8.5, 5.5, 9.5], "texture": "#0"},
				"west": {"uv": [10, 2.5, 10.5, 3.5], "texture": "#0"},
				"up": {"uv": [8, 2, 7, 1.5], "texture": "#0"},
				"down": {"uv": [11, 3.5, 10, 4], "texture": "#0"}
			}
		},
		{
			"from": [7.46, 6.92, 8.24],
			"to": [8.54, 8, 8.78],
			"rotation": {"angle": 0, "axis": "y", "origin": [12.32, 10.16, 4.46]},
			"faces": {
				"north": {"uv": [5.5, 8.5, 4.5, 9.5], "texture": "#0"},
				"east": {"uv": [10.5, 1.5, 10, 2.5], "texture": "#0"},
				"south": {"uv": [4.5, 8.5, 3.5, 9.5], "texture": "#0"},
				"west": {"uv": [10.5, 2.5, 10, 3.5], "texture": "#0"},
				"up": {"uv": [8, 1.5, 7, 2], "texture": "#0"},
				"down": {"uv": [11, 4, 10, 3.5], "texture": "#0"}
			}
		},
		{
			"from": [5.3, 6.38, 4.25],
			"to": [5.84, 6.92, 4.79],
			"rotation": {"angle": 22.5, "axis": "y", "origin": [5.57, 6.11, 4.52]},
			"faces": {
				"north": {"uv": [11, 3.5, 11.5, 4], "texture": "#0"},
				"east": {"uv": [11, 4, 11.5, 4.5], "texture": "#0"},
				"south": {"uv": [11, 4.5, 11.5, 5], "texture": "#0"},
				"west": {"uv": [11, 5, 11.5, 5.5], "texture": "#0"},
				"up": {"uv": [11.5, 6, 11, 5.5], "texture": "#0"},
				"down": {"uv": [11.5, 6, 11, 6.5], "texture": "#0"}
			}
		},
		{
			"from": [5.3, 6.38, 7.97],
			"to": [5.84, 6.92, 8.51],
			"rotation": {"angle": -22.5, "axis": "y", "origin": [5.57, 6.11, 8.24]},
			"faces": {
				"north": {"uv": [11.5, 4.5, 11, 5], "texture": "#0"},
				"east": {"uv": [11.5, 4, 11, 4.5], "texture": "#0"},
				"south": {"uv": [11.5, 3.5, 11, 4], "texture": "#0"},
				"west": {"uv": [11.5, 5, 11, 5.5], "texture": "#0"},
				"up": {"uv": [11.5, 5.5, 11, 6], "texture": "#0"},
				"down": {"uv": [11.5, 6.5, 11, 6], "texture": "#0"}
			}
		},
		{
			"from": [10.16, 6.38, 4.25],
			"to": [10.7, 6.92, 4.79],
			"rotation": {"angle": -22.5, "axis": "y", "origin": [10.43, 6.11, 4.52]},
			"faces": {
				"north": {"uv": [11, 10.5, 11.5, 11], "texture": "#0"},
				"east": {"uv": [0, 11.5, 0.5, 12], "texture": "#0"},
				"south": {"uv": [0.5, 11.5, 1, 12], "texture": "#0"},
				"west": {"uv": [1, 11.5, 1.5, 12], "texture": "#0"},
				"up": {"uv": [2, 12, 1.5, 11.5], "texture": "#0"},
				"down": {"uv": [2.5, 11.5, 2, 12], "texture": "#0"}
			}
		},
		{
			"from": [10.16, 6.38, 7.97],
			"to": [10.7, 6.92, 8.51],
			"rotation": {"angle": 22.5, "axis": "y", "origin": [10.43, 6.11, 8.24]},
			"faces": {
				"north": {"uv": [1, 11.5, 0.5, 12], "texture": "#0"},
				"east": {"uv": [0.5, 11.5, 0, 12], "texture": "#0"},
				"south": {"uv": [11.5, 10.5, 11, 11], "texture": "#0"},
				"west": {"uv": [1.5, 11.5, 1, 12], "texture": "#0"},
				"up": {"uv": [2, 11.5, 1.5, 12], "texture": "#0"},
				"down": {"uv": [2.5, 12, 2, 11.5], "texture": "#0"}
			}
		},
		{
			"from": [5.3, 3.68, 8.24],
			"to": [10.7, 4.76, 8.78],
			"rotation": {"angle": 0, "axis": "y", "origin": [12.32, 8, 4.46]},
			"faces": {
				"north": {"uv": [0, 2, 5, 3], "texture": "#0"},
				"east": {"uv": [3.5, 10.5, 4, 11.5], "texture": "#0"},
				"south": {"uv": [0, 3, 5, 4], "texture": "#0"},
				"west": {"uv": [4, 10.5, 4.5, 11.5], "texture": "#0"},
				"up": {"uv": [11, 5, 6, 4.5], "texture": "#0"},
				"down": {"uv": [11, 5, 6, 5.5], "texture": "#0"}
			}
		},
		{
			"from": [10.7, 3.68, 4.52],
			"to": [11.78, 4.76, 5.06],
			"rotation": {"angle": 0, "axis": "y", "origin": [13.4, 8, 8.84]},
			"faces": {
				"north": {"uv": [8.5, 2, 9.5, 3], "texture": "#0"},
				"east": {"uv": [4.5, 10.5, 5, 11.5], "texture": "#0"},
				"south": {"uv": [7.5, 9, 8.5, 10], "texture": "#0"},
				"west": {"uv": [5, 10.5, 5.5, 11.5], "texture": "#0"},
				"up": {"uv": [6.5, 11, 5.5, 10.5], "texture": "#0"},
				"down": {"uv": [7.5, 10.5, 6.5, 11], "texture": "#0"}
			}
		},
		{
			"from": [10.7, 3.68, 7.7],
			"to": [11.78, 4.76, 8.24],
			"rotation": {"angle": 0, "axis": "y", "origin": [13.4, 8, 3.92]},
			"faces": {
				"north": {"uv": [8.5, 9, 9.5, 10], "texture": "#0"},
				"east": {"uv": [10.5, 10.5, 11, 11.5], "texture": "#0"},
				"south": {"uv": [9, 7.5, 10, 8.5], "texture": "#0"},
				"west": {"uv": [10.5, 0.5, 11, 1.5], "texture": "#0"},
				"up": {"uv": [11.5, 2, 10.5, 1.5], "texture": "#0"},
				"down": {"uv": [11.5, 2, 10.5, 2.5], "texture": "#0"}
			}
		},
		{
			"from": [4.22, 3.68, 4.22],
			"to": [5.3, 4.76, 4.76],
			"rotation": {"angle": 0, "axis": "y", "origin": [6.92, 8, 8.54]},
			"faces": {
				"north": {"uv": [3.5, 9.5, 4.5, 10.5], "texture": "#0"},
				"east": {"uv": [10.5, 2.5, 11, 3.5], "texture": "#0"},
				"south": {"uv": [4.5, 9.5, 5.5, 10.5], "texture": "#0"},
				"west": {"uv": [10.5, 7.5, 11, 8.5], "texture": "#0"},
				"up": {"uv": [11.5, 9, 10.5, 8.5], "texture": "#0"},
				"down": {"uv": [11.5, 10, 10.5, 10.5], "texture": "#0"}
			}
		},
		{
			"from": [4.22, 3.68, 7.7],
			"to": [5.3, 4.76, 8.24],
			"rotation": {"angle": 0, "axis": "y", "origin": [6.92, 8, 3.92]},
			"faces": {
				"north": {"uv": [5.5, 9.5, 6.5, 10.5], "texture": "#0"},
				"east": {"uv": [2.5, 11, 3, 12], "texture": "#0"},
				"south": {"uv": [6.5, 9.5, 7.5, 10.5], "texture": "#0"},
				"west": {"uv": [3, 11, 3.5, 12], "texture": "#0"},
				"up": {"uv": [6.5, 11.5, 5.5, 11], "texture": "#0"},
				"down": {"uv": [7.5, 11, 6.5, 11.5], "texture": "#0"}
			}
		},
		{
			"from": [3.98, 3.68, 4.76],
			"to": [4.52, 4.76, 8],
			"rotation": {"angle": 0, "axis": "y", "origin": [6.14, 8, 9.08]},
			"faces": {
				"north": {"uv": [9.5, 11, 10, 12], "texture": "#0"},
				"east": {"uv": [5, 2, 8, 3], "texture": "#0"},
				"south": {"uv": [11, 11, 11.5, 12], "texture": "#0"},
				"west": {"uv": [5, 3, 8, 4], "texture": "#0"},
				"up": {"uv": [0.5, 11.5, 0, 8.5], "texture": "#0"},
				"down": {"uv": [1, 8.5, 0.5, 11.5], "texture": "#0"}
			}
		},
		{
			"from": [11.48, 3.68, 4.76],
			"to": [12.02, 4.76, 8],
			"rotation": {"angle": 0, "axis": "y", "origin": [9.86, 8, 9.08]},
			"faces": {
				"north": {"uv": [11, 0.5, 11.5, 1.5], "texture": "#0"},
				"east": {"uv": [0, 6, 3, 7], "texture": "#0"},
				"south": {"uv": [11, 2.5, 11.5, 3.5], "texture": "#0"},
				"west": {"uv": [3, 6, 6, 7], "texture": "#0"},
				"up": {"uv": [1.5, 11.5, 1, 8.5], "texture": "#0"},
				"down": {"uv": [2, 8.5, 1.5, 11.5], "texture": "#0"}
			}
		}
	],
	"display": {
		"thirdperson_righthand": {
			"translation": [0, 3.75, 0]
		},
		"thirdperson_lefthand": {
			"translation": [0, 3.25, 0]
		},
		"firstperson_righthand": {
			"translation": [0, 4.75, 0]
		},
		"firstperson_lefthand": {
			"translation": [0, 4.25, 0]
		},
		"gui": {
			"rotation": [30, 30, 0]
		},
		"head": {
			"rotation": [1, 1, 4.5],
			"translation": [-3, 11, 1],
			"scale": [0.95, 0.94, 0.94]
		}
	},
	"groups": [
		{
			"name": "group",
			"origin": [8, 8, 8],
			"children": [0, 1, 2, 3, 4, 5, 6, 7, 8, 9, 10, 11, 12, 13, 14, 15, 16, 17, 18, 19]
		}
	]
}