{
	"__comment": "Designed by Moon with Cubik Studio - https://cubik.studio",
	"textures": {
		"snail": "item/etc/snail"
	},
	"gui_light": "front",
	"elements": [ 	 
		{
			"__comment": "Voxels",
			"from": [ -2, 8, -1 ],
			"to": [ 19, 10, 1 ],
			"faces": {
				"down": { "uv": [ 12.125, 15.75, 14.75, 16 ], "texture": "#snail" },
				"up": { "uv": [ 9.5, 16, 12.125, 15.75 ], "texture": "#snail" },
				"north": { "uv": [ 9.5, 15.5, 6.875, 15.75 ], "texture": "#snail" },
				"south": { "uv": [ 6.875, 15.75, 9.5, 16 ], "texture": "#snail" },
				"west": { "uv": [ 4.25, 12, 4.5, 12.25 ], "texture": "#snail" },
				"east": { "uv": [ 4.5, 11, 4.25, 11.25 ], "texture": "#snail" }
			}
		},
		{
			"__comment": "Voxels",
			"from": [ -2, 13, -3 ],
			"to": [ 17, 20, 3 ],
			"faces": {
				"down": { "uv": [ 0, 13.5, 2.375, 14.25 ], "texture": "#snail" },
				"up": { "uv": [ 0, 13.5, 2.375, 12.75 ], "texture": "#snail" },
				"north": { "uv": [ 2.375, 15.125, 0, 16 ], "texture": "#snail" },
				"south": { "uv": [ 0, 14.25, 2.375, 15.125 ], "texture": "#snail" },
				"west": { "uv": [ 4.5, 12.375, 5.25, 13.25 ], "texture": "#snail" },
				"east": { "uv": [ 6, 12.375, 5.25, 13.25 ], "texture": "#snail" }
			}
		},
		{
			"__comment": "Voxels",
			"from": [ -2, 14, -4 ],
			"to": [ 17, 18, -3 ],
			"faces": {
				"down": { "uv": [ 6.875, 15, 9.25, 15.125 ], "texture": "#snail" },
				"up": { "uv": [ 11.625, 15.25, 14, 15.125 ], "texture": "#snail" },
				"north": { "uv": [ 6.875, 15, 4.5, 15.5 ], "texture": "#snail" },
				"south": { "uv": [ 4.5, 14.5, 6.875, 15 ], "texture": "#snail" },
				"west": { "uv": [ 2.25, 9.25, 2.375, 9.75 ], "texture": "#snail" },
				"east": { "uv": [ 2.375, 8.5, 2.25, 9 ], "texture": "#snail" }
			}
		},
		{
			"__comment": "Voxels",
			"from": [ -2, 14, 3 ],
			"to": [ 17, 18, 4 ],
			"faces": {
				"down": { "uv": [ 9.25, 15.125, 11.625, 15.25 ], "texture": "#snail" },
				"up": { "uv": [ 6.875, 15.25, 9.25, 15.125 ], "texture": "#snail" },
				"north": { "uv": [ 6.875, 14, 4.5, 14.5 ], "texture": "#snail" },
				"south": { "uv": [ 4.5, 15.5, 6.875, 16 ], "texture": "#snail" },
				"west": { "uv": [ 4.25, 12.25, 4.375, 12.75 ], "texture": "#snail" },
				"east": { "uv": [ 4.5, 12.25, 4.375, 12.75 ], "texture": "#snail" }
			}
		},
		{
			"__comment": "Voxels",
			"from": [ -2, 18, -4 ],
			"to": [ 16, 19, -3 ],
			"faces": {
				"down": { "uv": [ 11.375, 14.875, 13.625, 15 ], "texture": "#snail" },
				"up": { "uv": [ 9.125, 15, 11.375, 14.875 ], "texture": "#snail" },
				"north": { "uv": [ 9.125, 14.875, 6.875, 15 ], "texture": "#snail" },
				"south": { "uv": [ 13.75, 15, 16, 15.125 ], "texture": "#snail" },
				"west": { "uv": [ 10.5, 9.75, 10.625, 9.875 ], "texture": "#snail" },
				"east": { "uv": [ 9, 9.125, 8.875, 9.25 ], "texture": "#snail" }
			}
		},
		{
			"__comment": "Voxels",
			"from": [ -2, 18, 3 ],
			"to": [ 16, 19, 4 ],
			"faces": {
				"down": { "uv": [ 11.5, 15, 13.75, 15.125 ], "texture": "#snail" },
				"up": { "uv": [ 9.25, 15.125, 11.5, 15 ], "texture": "#snail" },
				"north": { "uv": [ 9.125, 13.875, 6.875, 14 ], "texture": "#snail" },
				"south": { "uv": [ 6.875, 14, 9.125, 14.125 ], "texture": "#snail" },
				"west": { "uv": [ 9, 9.125, 9.125, 9.25 ], "texture": "#snail" },
				"east": { "uv": [ 8.875, 9, 8.75, 9.125 ], "texture": "#snail" }
			}
		},
		{
			"__comment": "Voxels",
			"from": [ -1, 8, -2 ],
			"to": [ 18, 9, -1 ],
			"faces": {
				"down": { "uv": [ 9.25, 15.25, 11.625, 15.375 ], "texture": "#snail" },
				"up": { "uv": [ 6.875, 15.375, 9.25, 15.25 ], "texture": "#snail" },
				"north": { "uv": [ 14, 15.375, 11.625, 15.5 ], "texture": "#snail" },
				"south": { "uv": [ 9.25, 15.375, 11.625, 15.5 ], "texture": "#snail" },
				"west": { "uv": [ 8.875, 9, 9, 9.125 ], "texture": "#snail" },
				"east": { "uv": [ 9.125, 8.875, 9, 9 ], "texture": "#snail" }
			}
		},
		{
			"__comment": "Voxels",
			"from": [ -1, 8, 1 ],
			"to": [ 18, 9, 2 ],
			"faces": {
				"down": { "uv": [ 6.875, 15.375, 9.25, 15.5 ], "texture": "#snail" },
				"up": { "uv": [ 12.375, 15.625, 14.75, 15.5 ], "texture": "#snail" },
				"north": { "uv": [ 14, 15.25, 11.625, 15.375 ], "texture": "#snail" },
				"south": { "uv": [ 12.375, 15.625, 14.75, 15.75 ], "texture": "#snail" },
				"west": { "uv": [ 9, 8.75, 9.125, 8.875 ], "texture": "#snail" },
				"east": { "uv": [ 15.875, 13.25, 15.75, 13.375 ], "texture": "#snail" }
			}
		},
		{
			"__comment": "Voxels",
			"from": [ -1, 10, -3 ],
			"to": [ 16, 13, 3 ],
			"faces": {
				"down": { "uv": [ 0, 10.5, 2.125, 11.25 ], "texture": "#snail" },
				"up": { "uv": [ 0, 12.75, 2.125, 12 ], "texture": "#snail" },
				"north": { "uv": [ 4.5, 10.125, 2.375, 10.5 ], "texture": "#snail" },
				"south": { "uv": [ 2.375, 9.75, 4.5, 10.125 ], "texture": "#snail" },
				"west": { "uv": [ 3.5, 11.25, 4.25, 11.625 ], "texture": "#snail" },
				"east": { "uv": [ 4.25, 10.875, 3.5, 11.25 ], "texture": "#snail" }
			}
		},
		{
			"__comment": "Voxels",
			"from": [ -1, 11, -4 ],
			"to": [ 16, 14, -3 ],
			"faces": {
				"down": { "uv": [ 6.875, 12.375, 9, 12.5 ], "texture": "#snail" },
				"up": { "uv": [ 6.875, 12.375, 9, 12.25 ], "texture": "#snail" },
				"north": { "uv": [ 4.5, 8.625, 2.375, 9 ], "texture": "#snail" },
				"south": { "uv": [ 2.375, 9, 4.5, 9.375 ], "texture": "#snail" },
				"west": { "uv": [ 6.75, 13.25, 6.875, 13.625 ], "texture": "#snail" },
				"east": { "uv": [ 8.875, 8, 8.75, 8.375 ], "texture": "#snail" }
			}
		},
		{
			"__comment": "Voxels",
			"from": [ -1, 11, 3 ],
			"to": [ 16, 14, 4 ],
			"faces": {
				"down": { "uv": [ 6.875, 12.125, 9, 12.25 ], "texture": "#snail" },
				"up": { "uv": [ 6.875, 12.125, 9, 12 ], "texture": "#snail" },
				"north": { "uv": [ 6.625, 13.25, 4.5, 13.625 ], "texture": "#snail" },
				"south": { "uv": [ 2.375, 8.25, 4.5, 8.625 ], "texture": "#snail" },
				"west": { "uv": [ 8.875, 8, 9, 8.375 ], "texture": "#snail" },
				"east": { "uv": [ 9.125, 8, 9, 8.375 ], "texture": "#snail" }
			}
		},
		{
			"__comment": "Voxels",
			"from": [ -1, 14, -5 ],
			"to": [ 16, 19, -4 ],
			"faces": {
				"down": { "uv": [ 6.875, 11.875, 9, 12 ], "texture": "#snail" },
				"up": { "uv": [ 6.875, 11.875, 9, 11.75 ], "texture": "#snail" },
				"north": { "uv": [ 4.5, 15.375, 2.375, 16 ], "texture": "#snail" },
				"south": { "uv": [ 2.375, 14.125, 4.5, 14.75 ], "texture": "#snail" },
				"west": { "uv": [ 4.125, 12.125, 4.25, 12.75 ], "texture": "#snail" },
				"east": { "uv": [ 4.125, 12.125, 4, 12.75 ], "texture": "#snail" }
			}
		},
		{
			"__comment": "Voxels",
			"from": [ -1, 14, 4 ],
			"to": [ 16, 19, 5 ],
			"faces": {
				"down": { "uv": [ 6.875, 11.625, 9, 11.75 ], "texture": "#snail" },
				"up": { "uv": [ 6.875, 11.625, 9, 11.5 ], "texture": "#snail" },
				"north": { "uv": [ 4.5, 13.5, 2.375, 14.125 ], "texture": "#snail" },
				"south": { "uv": [ 2.375, 14.75, 4.5, 15.375 ], "texture": "#snail" },
				"west": { "uv": [ 4.375, 12.875, 4.5, 13.5 ], "texture": "#snail" },
				"east": { "uv": [ 4.375, 12.875, 4.25, 13.5 ], "texture": "#snail" }
			}
		},
		{
			"__comment": "Voxels",
			"from": [ -1, 19, -4 ],
			"to": [ 16, 21, -3 ],
			"faces": {
				"down": { "uv": [ 6.875, 11.375, 9, 11.5 ], "texture": "#snail" },
				"up": { "uv": [ 6.875, 11.375, 9, 11.25 ], "texture": "#snail" },
				"north": { "uv": [ 6.625, 12.125, 4.5, 12.375 ], "texture": "#snail" },
				"south": { "uv": [ 4.5, 11.375, 6.625, 11.625 ], "texture": "#snail" },
				"west": { "uv": [ 6.75, 11.625, 6.875, 11.875 ], "texture": "#snail" },
				"east": { "uv": [ 6.75, 11.375, 6.625, 11.625 ], "texture": "#snail" }
			}
		},
		{
			"__comment": "Voxels",
			"from": [ -1, 19, 3 ],
			"to": [ 16, 21, 4 ],
			"faces": {
				"down": { "uv": [ 6.875, 11.125, 9, 11.25 ], "texture": "#snail" },
				"up": { "uv": [ 6.875, 11.125, 9, 11 ], "texture": "#snail" },
				"north": { "uv": [ 6.625, 11.625, 4.5, 11.875 ], "texture": "#snail" },
				"south": { "uv": [ 2.375, 8, 4.5, 8.25 ], "texture": "#snail" },
				"west": { "uv": [ 6.75, 11.375, 6.875, 11.625 ], "texture": "#snail" },
				"east": { "uv": [ 6.75, 11.125, 6.625, 11.375 ], "texture": "#snail" }
			}
		},
		{
			"__comment": "Voxels",
			"from": [ -1, 20, -3 ],
			"to": [ 16, 23, 3 ],
			"faces": {
				"down": { "uv": [ 0, 9.75, 2.125, 10.5 ], "texture": "#snail" },
				"up": { "uv": [ 0, 12, 2.125, 11.25 ], "texture": "#snail" },
				"north": { "uv": [ 4.5, 9.375, 2.375, 9.75 ], "texture": "#snail" },
				"south": { "uv": [ 4.5, 13.625, 6.625, 14 ], "texture": "#snail" },
				"west": { "uv": [ 3.5, 11.625, 4.25, 12 ], "texture": "#snail" },
				"east": { "uv": [ 4.25, 10.5, 3.5, 10.875 ], "texture": "#snail" }
			}
		},
		{
			"__comment": "Voxels",
			"from": [ 0, 6, -1 ],
			"to": [ 16, 8, 1 ],
			"faces": {
				"down": { "uv": [ 4.5, 9.625, 6.5, 9.875 ], "texture": "#snail" },
				"up": { "uv": [ 4.5, 10.625, 6.5, 10.375 ], "texture": "#snail" },
				"north": { "uv": [ 6.5, 10.125, 4.5, 10.375 ], "texture": "#snail" },
				"south": { "uv": [ 4.5, 9.875, 6.5, 10.125 ], "texture": "#snail" },
				"west": { "uv": [ 4.25, 11.375, 4.5, 11.625 ], "texture": "#snail" },
				"east": { "uv": [ 4.5, 11.75, 4.25, 12 ], "texture": "#snail" }
			}
		},
		{
			"__comment": "Voxels",
			"from": [ 0, 7, -2 ],
			"to": [ 17, 8, -1 ],
			"faces": {
				"down": { "uv": [ 6.875, 10.75, 9, 10.875 ], "texture": "#snail" },
				"up": { "uv": [ 6.875, 13.75, 9, 13.625 ], "texture": "#snail" },
				"north": { "uv": [ 9, 13.5, 6.875, 13.625 ], "texture": "#snail" },
				"south": { "uv": [ 6.875, 13.375, 9, 13.5 ], "texture": "#snail" },
				"west": { "uv": [ 15.875, 13.25, 16, 13.375 ], "texture": "#snail" },
				"east": { "uv": [ 10.75, 12.125, 10.625, 12.25 ], "texture": "#snail" }
			}
		},
		{
			"__comment": "Voxels",
			"from": [ 0, 7, 1 ],
			"to": [ 17, 8, 2 ],
			"faces": {
				"down": { "uv": [ 6.875, 13.25, 9, 13.375 ], "texture": "#snail" },
				"up": { "uv": [ 6.875, 13.25, 9, 13.125 ], "texture": "#snail" },
				"north": { "uv": [ 9, 10.875, 6.875, 11 ], "texture": "#snail" },
				"south": { "uv": [ 6.875, 13, 9, 13.125 ], "texture": "#snail" },
				"west": { "uv": [ 10.625, 12, 10.75, 12.125 ], "texture": "#snail" },
				"east": { "uv": [ 10.75, 10.75, 10.625, 10.875 ], "texture": "#snail" }
			}
		},
		{
			"__comment": "Voxels",
			"from": [ 0, 8, -3 ],
			"to": [ 17, 10, -2 ],
			"faces": {
				"down": { "uv": [ 6.875, 12.875, 9, 13 ], "texture": "#snail" },
				"up": { "uv": [ 6.875, 12.875, 9, 12.75 ], "texture": "#snail" },
				"north": { "uv": [ 6.625, 10.625, 4.5, 10.875 ], "texture": "#snail" },
				"south": { "uv": [ 4.5, 11.875, 6.625, 12.125 ], "texture": "#snail" },
				"west": { "uv": [ 6.75, 10.875, 6.875, 11.125 ], "texture": "#snail" },
				"east": { "uv": [ 6.75, 10.625, 6.625, 10.875 ], "texture": "#snail" }
			}
		},
		{
			"__comment": "Voxels",
			"from": [ 0, 8, 2 ],
			"to": [ 17, 10, 3 ],
			"faces": {
				"down": { "uv": [ 6.875, 12.625, 9, 12.75 ], "texture": "#snail" },
				"up": { "uv": [ 6.875, 12.625, 9, 12.5 ], "texture": "#snail" },
				"north": { "uv": [ 6.625, 11.125, 4.5, 11.375 ], "texture": "#snail" },
				"south": { "uv": [ 4.5, 10.875, 6.625, 11.125 ], "texture": "#snail" },
				"west": { "uv": [ 6.75, 10.625, 6.875, 10.875 ], "texture": "#snail" },
				"east": { "uv": [ 1.875, 8, 1.75, 8.25 ], "texture": "#snail" }
			}
		},
		{
			"__comment": "Voxels",
			"from": [ 0, 9, -2 ],
			"to": [ 18, 10, -1 ],
			"faces": {
				"down": { "uv": [ 13.625, 14.875, 15.875, 15 ], "texture": "#snail" },
				"up": { "uv": [ 6.875, 14.875, 9.125, 14.75 ], "texture": "#snail" },
				"north": { "uv": [ 9.125, 13.75, 6.875, 13.875 ], "texture": "#snail" },
				"south": { "uv": [ 6.875, 14.625, 9.125, 14.75 ], "texture": "#snail" },
				"west": { "uv": [ 10.625, 9.75, 10.75, 9.875 ], "texture": "#snail" },
				"east": { "uv": [ 10.625, 9.375, 10.5, 9.5 ], "texture": "#snail" }
			}
		},
		{
			"__comment": "Voxels",
			"from": [ 0, 9, 1 ],
			"to": [ 18, 10, 2 ],
			"faces": {
				"down": { "uv": [ 6.875, 14.5, 9.125, 14.625 ], "texture": "#snail" },
				"up": { "uv": [ 6.875, 14.5, 9.125, 14.375 ], "texture": "#snail" },
				"north": { "uv": [ 9.125, 14.25, 6.875, 14.375 ], "texture": "#snail" },
				"south": { "uv": [ 6.875, 14.125, 9.125, 14.25 ], "texture": "#snail" },
				"west": { "uv": [ 10.5, 9.5, 10.625, 9.625 ], "texture": "#snail" },
				"east": { "uv": [ 10.75, 9.375, 10.625, 9.5 ], "texture": "#snail" }
			}
		},
		{
			"__comment": "Voxels",
			"from": [ 0, 10, -4 ],
			"to": [ 16, 11, -3 ],
			"faces": {
				"down": { "uv": [ 6.875, 9.75, 8.875, 9.875 ], "texture": "#snail" },
				"up": { "uv": [ 6.875, 9.75, 8.875, 9.625 ], "texture": "#snail" },
				"north": { "uv": [ 8.875, 9.5, 6.875, 9.625 ], "texture": "#snail" },
				"south": { "uv": [ 6.875, 9.375, 8.875, 9.5 ], "texture": "#snail" },
				"west": { "uv": [ 4, 12, 4.125, 12.125 ], "texture": "#snail" },
				"east": { "uv": [ 4.25, 12, 4.125, 12.125 ], "texture": "#snail" }
			}
		},
		{
			"__comment": "Voxels",
			"from": [ 0, 10, 3 ],
			"to": [ 16, 11, 4 ],
			"faces": {
				"down": { "uv": [ 6.875, 10.25, 8.875, 10.375 ], "texture": "#snail" },
				"up": { "uv": [ 6.875, 10.25, 8.875, 10.125 ], "texture": "#snail" },
				"north": { "uv": [ 8.875, 10.5, 6.875, 10.625 ], "texture": "#snail" },
				"south": { "uv": [ 14, 15.375, 16, 15.5 ], "texture": "#snail" },
				"west": { "uv": [ 6.75, 10, 6.875, 10.125 ], "texture": "#snail" },
				"east": { "uv": [ 6.875, 9.875, 6.75, 10 ], "texture": "#snail" }
			}
		},
		{
			"__comment": "Voxels",
			"from": [ 0, 13, -5 ],
			"to": [ 16, 14, -4 ],
			"faces": {
				"down": { "uv": [ 6.875, 9.875, 8.875, 10 ], "texture": "#snail" },
				"up": { "uv": [ 6.875, 10.125, 8.875, 10 ], "texture": "#snail" },
				"north": { "uv": [ 8.875, 10.625, 6.875, 10.75 ], "texture": "#snail" },
				"south": { "uv": [ 14, 15.25, 16, 15.375 ], "texture": "#snail" },
				"west": { "uv": [ 10.5, 9.25, 10.625, 9.375 ], "texture": "#snail" },
				"east": { "uv": [ 10.5, 9.25, 10.375, 9.375 ], "texture": "#snail" }
			}
		},
		{
			"__comment": "Voxels",
			"from": [ 0, 13, 4 ],
			"to": [ 16, 14, 5 ],
			"faces": {
				"down": { "uv": [ 14, 15.125, 16, 15.25 ], "texture": "#snail" },
				"up": { "uv": [ 6.875, 9.25, 8.875, 9.125 ], "texture": "#snail" },
				"north": { "uv": [ 8.875, 9.25, 6.875, 9.375 ], "texture": "#snail" },
				"south": { "uv": [ 6.875, 10.375, 8.875, 10.5 ], "texture": "#snail" },
				"west": { "uv": [ 10.625, 9.625, 10.75, 9.75 ], "texture": "#snail" },
				"east": { "uv": [ 10.625, 9.625, 10.5, 9.75 ], "texture": "#snail" }
			}
		},
		{
			"__comment": "Voxels",
			"from": [ 0, 19, -5 ],
			"to": [ 15, 20, -4 ],
			"faces": {
				"down": { "uv": [ 9.125, 14.375, 11, 14.5 ], "texture": "#snail" },
				"up": { "uv": [ 11, 14.5, 12.875, 14.375 ], "texture": "#snail" },
				"north": { "uv": [ 14.75, 14.375, 12.875, 14.5 ], "texture": "#snail" },
				"south": { "uv": [ 9.125, 14.25, 11, 14.375 ], "texture": "#snail" },
				"west": { "uv": [ 10.625, 9.875, 10.75, 10 ], "texture": "#snail" },
				"east": { "uv": [ 10.625, 9.875, 10.5, 10 ], "texture": "#snail" }
			}
		},
		{
			"__comment": "Voxels",
			"from": [ 0, 19, 4 ],
			"to": [ 15, 20, 5 ],
			"faces": {
				"down": { "uv": [ 12.875, 14.5, 14.75, 14.625 ], "texture": "#snail" },
				"up": { "uv": [ 11, 14.375, 12.875, 14.25 ], "texture": "#snail" },
				"north": { "uv": [ 14.75, 14.25, 12.875, 14.375 ], "texture": "#snail" },
				"south": { "uv": [ 9.125, 14.125, 11, 14.25 ], "texture": "#snail" },
				"west": { "uv": [ 10.625, 10, 10.75, 10.125 ], "texture": "#snail" },
				"east": { "uv": [ 10.625, 10, 10.5, 10.125 ], "texture": "#snail" }
			}
		},
		{
			"__comment": "Voxels",
			"from": [ 0, 21, -4 ],
			"to": [ 15, 22, -3 ],
			"faces": {
				"down": { "uv": [ 6.875, 8.5, 8.75, 8.625 ], "texture": "#snail" },
				"up": { "uv": [ 9.125, 14.625, 11, 14.5 ], "texture": "#snail" },
				"north": { "uv": [ 8.75, 8.125, 6.875, 8.25 ], "texture": "#snail" },
				"south": { "uv": [ 6.875, 8.25, 8.75, 8.375 ], "texture": "#snail" },
				"west": { "uv": [ 10.625, 10.25, 10.75, 10.375 ], "texture": "#snail" },
				"east": { "uv": [ 10.625, 10.25, 10.5, 10.375 ], "texture": "#snail" }
			}
		},
		{
			"__comment": "Voxels",
			"from": [ 0, 21, 3 ],
			"to": [ 15, 22, 4 ],
			"faces": {
				"down": { "uv": [ 11, 14.75, 12.875, 14.875 ], "texture": "#snail" },
				"up": { "uv": [ 6.875, 8.75, 8.75, 8.625 ], "texture": "#snail" },
				"north": { "uv": [ 8.75, 8.75, 6.875, 8.875 ], "texture": "#snail" },
				"south": { "uv": [ 12.875, 14.75, 14.75, 14.875 ], "texture": "#snail" },
				"west": { "uv": [ 10.625, 10.375, 10.75, 10.5 ], "texture": "#snail" },
				"east": { "uv": [ 10.625, 10.375, 10.5, 10.5 ], "texture": "#snail" }
			}
		},
		{
			"__comment": "Voxels",
			"from": [ 0, 23, -3 ],
			"to": [ 15, 24, 3 ],
			"faces": {
				"down": { "uv": [ 0, 8.25, 1.875, 9 ], "texture": "#snail" },
				"up": { "uv": [ 0, 9.75, 1.875, 9 ], "texture": "#snail" },
				"north": { "uv": [ 8.75, 9, 6.875, 9.125 ], "texture": "#snail" },
				"south": { "uv": [ 6.875, 8.375, 8.75, 8.5 ], "texture": "#snail" },
				"west": { "uv": [ 6.125, 8.125, 6.875, 8.25 ], "texture": "#snail" },
				"east": { "uv": [ 6.875, 8.25, 6.125, 8.375 ], "texture": "#snail" }
			}
		},
		{
			"__comment": "Voxels",
			"from": [ 1, 6, -2 ],
			"to": [ 15, 7, -1 ],
			"faces": {
				"down": { "uv": [ 10.875, 13.625, 12.625, 13.75 ], "texture": "#snail" },
				"up": { "uv": [ 9.125, 13.875, 10.875, 13.75 ], "texture": "#snail" },
				"north": { "uv": [ 14.375, 13.875, 12.625, 14 ], "texture": "#snail" },
				"south": { "uv": [ 9.125, 13.5, 10.875, 13.625 ], "texture": "#snail" },
				"west": { "uv": [ 9, 9.25, 9.125, 9.375 ], "texture": "#snail" },
				"east": { "uv": [ 9, 9.25, 8.875, 9.375 ], "texture": "#snail" }
			}
		},
		{
			"__comment": "Voxels",
			"from": [ 1, 6, 1 ],
			"to": [ 15, 7, 2 ],
			"faces": {
				"down": { "uv": [ 10.875, 13.375, 12.625, 13.5 ], "texture": "#snail" },
				"up": { "uv": [ 12.625, 13.5, 14.375, 13.375 ], "texture": "#snail" },
				"north": { "uv": [ 10.875, 13.625, 9.125, 13.75 ], "texture": "#snail" },
				"south": { "uv": [ 10.875, 14, 12.625, 14.125 ], "texture": "#snail" },
				"west": { "uv": [ 9, 9.5, 9.125, 9.625 ], "texture": "#snail" },
				"east": { "uv": [ 9, 9.5, 8.875, 9.625 ], "texture": "#snail" }
			}
		},
		{
			"__comment": "Voxels",
			"from": [ 1, 7, -3 ],
			"to": [ 16, 8, -2 ],
			"faces": {
				"down": { "uv": [ 11, 14.625, 12.875, 14.75 ], "texture": "#snail" },
				"up": { "uv": [ 12.875, 14.75, 14.75, 14.625 ], "texture": "#snail" },
				"north": { "uv": [ 12.875, 14.125, 11, 14.25 ], "texture": "#snail" },
				"south": { "uv": [ 6.875, 8.875, 8.75, 9 ], "texture": "#snail" },
				"west": { "uv": [ 9, 9.625, 9.125, 9.75 ], "texture": "#snail" },
				"east": { "uv": [ 9, 9.625, 8.875, 9.75 ], "texture": "#snail" }
			}
		},
		{
			"__comment": "Voxels",
			"from": [ 1, 7, 2 ],
			"to": [ 16, 8, 3 ],
			"faces": {
				"down": { "uv": [ 6.875, 8, 8.75, 8.125 ], "texture": "#snail" },
				"up": { "uv": [ 9.125, 14.875, 11, 14.75 ], "texture": "#snail" },
				"north": { "uv": [ 11, 14.625, 9.125, 14.75 ], "texture": "#snail" },
				"south": { "uv": [ 11, 14.5, 12.875, 14.625 ], "texture": "#snail" },
				"west": { "uv": [ 9, 10.75, 9.125, 10.875 ], "texture": "#snail" },
				"east": { "uv": [ 9.125, 10.875, 9, 11 ], "texture": "#snail" }
			}
		},
		{
			"__comment": "Voxels",
			"from": [ 1, 11, -5 ],
			"to": [ 15, 13, -4 ],
			"faces": {
				"down": { "uv": [ 10.875, 13.875, 12.625, 14 ], "texture": "#snail" },
				"up": { "uv": [ 10.875, 13.625, 12.625, 13.5 ], "texture": "#snail" },
				"north": { "uv": [ 1.75, 8, 0, 8.25 ], "texture": "#snail" },
				"south": { "uv": [ 4.5, 9.375, 6.25, 9.625 ], "texture": "#snail" },
				"west": { "uv": [ 6.75, 11.125, 6.875, 11.375 ], "texture": "#snail" },
				"east": { "uv": [ 6.75, 11.625, 6.625, 11.875 ], "texture": "#snail" }
			}
		},
		{
			"__comment": "Voxels",
			"from": [ 1, 11, 4 ],
			"to": [ 15, 13, 5 ],
			"faces": {
				"down": { "uv": [ 9.125, 13.875, 10.875, 14 ], "texture": "#snail" },
				"up": { "uv": [ 9.125, 13.375, 10.875, 13.25 ], "texture": "#snail" },
				"north": { "uv": [ 6.25, 9.125, 4.5, 9.375 ], "texture": "#snail" },
				"south": { "uv": [ 4.5, 8.875, 6.25, 9.125 ], "texture": "#snail" },
				"west": { "uv": [ 6.625, 11.875, 6.75, 12.125 ], "texture": "#snail" },
				"east": { "uv": [ 6.875, 12.125, 6.75, 12.375 ], "texture": "#snail" }
			}
		},
		{
			"__comment": "Voxels",
			"from": [ 1, 20, -5 ],
			"to": [ 14, 22, -4 ],
			"faces": {
				"down": { "uv": [ 9.125, 12.375, 10.75, 12.5 ], "texture": "#snail" },
				"up": { "uv": [ 9.125, 12.375, 10.75, 12.25 ], "texture": "#snail" },
				"north": { "uv": [ 6.125, 8.375, 4.5, 8.625 ], "texture": "#snail" },
				"south": { "uv": [ 9.5, 15.5, 11.125, 15.75 ], "texture": "#snail" },
				"west": { "uv": [ 6.625, 12.125, 6.75, 12.375 ], "texture": "#snail" },
				"east": { "uv": [ 6.75, 10.875, 6.625, 11.125 ], "texture": "#snail" }
			}
		},
		{
			"__comment": "Voxels",
			"from": [ 1, 20, 4 ],
			"to": [ 14, 22, 5 ],
			"faces": {
				"down": { "uv": [ 14.375, 13.875, 16, 14 ], "texture": "#snail" },
				"up": { "uv": [ 14.375, 13.875, 16, 13.75 ], "texture": "#snail" },
				"north": { "uv": [ 6.125, 8.625, 4.5, 8.875 ], "texture": "#snail" },
				"south": { "uv": [ 4.5, 8.125, 6.125, 8.375 ], "texture": "#snail" },
				"west": { "uv": [ 6.625, 9.625, 6.75, 9.875 ], "texture": "#snail" },
				"east": { "uv": [ 6.625, 9.625, 6.5, 9.875 ], "texture": "#snail" }
			}
		},
		{
			"__comment": "Voxels",
			"from": [ 1, 22, -4 ],
			"to": [ 15, 23, -3 ],
			"faces": {
				"down": { "uv": [ 12.625, 13.75, 14.375, 13.875 ], "texture": "#snail" },
				"up": { "uv": [ 10.875, 13.875, 12.625, 13.75 ], "texture": "#snail" },
				"north": { "uv": [ 14.375, 13.5, 12.625, 13.625 ], "texture": "#snail" },
				"south": { "uv": [ 9.125, 13.375, 10.875, 13.5 ], "texture": "#snail" },
				"west": { "uv": [ 10.625, 9.5, 10.75, 9.625 ], "texture": "#snail" },
				"east": { "uv": [ 10.5, 9, 10.375, 9.125 ], "texture": "#snail" }
			}
		},
		{
			"__comment": "Voxels",
			"from": [ 1, 22, 3 ],
			"to": [ 15, 23, 4 ],
			"faces": {
				"down": { "uv": [ 12.625, 14, 14.375, 14.125 ], "texture": "#snail" },
				"up": { "uv": [ 9.125, 14.125, 10.875, 14 ], "texture": "#snail" },
				"north": { "uv": [ 14.625, 14.125, 12.875, 14.25 ], "texture": "#snail" },
				"south": { "uv": [ 12.625, 13.625, 14.375, 13.75 ], "texture": "#snail" },
				"west": { "uv": [ 9, 12.375, 9.125, 12.5 ], "texture": "#snail" },
				"east": { "uv": [ 9.125, 12.25, 9, 12.375 ], "texture": "#snail" }
			}
		},
		{
			"__comment": "Voxels",
			"from": [ 1, 23, -4 ],
			"to": [ 14, 24, -3 ],
			"faces": {
				"down": { "uv": [ 14.375, 13.625, 16, 13.75 ], "texture": "#snail" },
				"up": { "uv": [ 14.375, 13.625, 16, 13.5 ], "texture": "#snail" },
				"north": { "uv": [ 16, 13.375, 14.375, 13.5 ], "texture": "#snail" },
				"south": { "uv": [ 10.875, 13.25, 12.5, 13.375 ], "texture": "#snail" },
				"west": { "uv": [ 9, 11.5, 9.125, 11.625 ], "texture": "#snail" },
				"east": { "uv": [ 9.125, 11.625, 9, 11.75 ], "texture": "#snail" }
			}
		},
		{
			"__comment": "Voxels",
			"from": [ 1, 23, 3 ],
			"to": [ 14, 24, 4 ],
			"faces": {
				"down": { "uv": [ 12.5, 13.25, 14.125, 13.375 ], "texture": "#snail" },
				"up": { "uv": [ 14.125, 13.375, 15.75, 13.25 ], "texture": "#snail" },
				"north": { "uv": [ 10.75, 13.125, 9.125, 13.25 ], "texture": "#snail" },
				"south": { "uv": [ 9.125, 13, 10.75, 13.125 ], "texture": "#snail" },
				"west": { "uv": [ 9, 11.75, 9.125, 11.875 ], "texture": "#snail" },
				"east": { "uv": [ 9.125, 11.875, 9, 12 ], "texture": "#snail" }
			}
		},
		{
			"__comment": "Voxels",
			"from": [ 1, 24, -3 ],
			"to": [ 14, 25, 3 ],
			"faces": {
				"down": { "uv": [ 2.375, 12, 4, 12.75 ], "texture": "#snail" },
				"up": { "uv": [ 2.375, 13.5, 4, 12.75 ], "texture": "#snail" },
				"north": { "uv": [ 10.75, 12.875, 9.125, 13 ], "texture": "#snail" },
				"south": { "uv": [ 9.125, 12.75, 10.75, 12.875 ], "texture": "#snail" },
				"west": { "uv": [ 6.125, 8.5, 6.875, 8.625 ], "texture": "#snail" },
				"east": { "uv": [ 6.875, 8.375, 6.125, 8.5 ], "texture": "#snail" }
			}
		},
		{
			"__comment": "Voxels",
			"from": [ 2, 6, -3 ],
			"to": [ 15, 7, -2 ],
			"faces": {
				"down": { "uv": [ 9.125, 12.625, 10.75, 12.75 ], "texture": "#snail" },
				"up": { "uv": [ 9.125, 12.625, 10.75, 12.5 ], "texture": "#snail" },
				"north": { "uv": [ 6.125, 8, 4.5, 8.125 ], "texture": "#snail" },
				"south": { "uv": [ 14.375, 14, 16, 14.125 ], "texture": "#snail" },
				"west": { "uv": [ 9, 12.5, 9.125, 12.625 ], "texture": "#snail" },
				"east": { "uv": [ 9.125, 12.625, 9, 12.75 ], "texture": "#snail" }
			}
		},
		{
			"__comment": "Voxels",
			"from": [ 2, 6, 2 ],
			"to": [ 14, 7, 3 ],
			"faces": {
				"down": { "uv": [ 9.125, 12, 10.625, 12.125 ], "texture": "#snail" },
				"up": { "uv": [ 9.125, 12.25, 10.625, 12.125 ], "texture": "#snail" },
				"north": { "uv": [ 10.625, 11.875, 9.125, 12 ], "texture": "#snail" },
				"south": { "uv": [ 9.125, 10.75, 10.625, 10.875 ], "texture": "#snail" },
				"west": { "uv": [ 9, 13, 9.125, 13.125 ], "texture": "#snail" },
				"east": { "uv": [ 9.125, 13.125, 9, 13.25 ], "texture": "#snail" }
			}
		},
		{
			"__comment": "Voxels",
			"from": [ 2, 9, -4 ],
			"to": [ 14, 10, -3 ],
			"faces": {
				"down": { "uv": [ 9.125, 10.875, 10.625, 11 ], "texture": "#snail" },
				"up": { "uv": [ 9.125, 11.125, 10.625, 11 ], "texture": "#snail" },
				"north": { "uv": [ 10.625, 11.125, 9.125, 11.25 ], "texture": "#snail" },
				"south": { "uv": [ 9.125, 11.25, 10.625, 11.375 ], "texture": "#snail" },
				"west": { "uv": [ 9, 13.25, 9.125, 13.375 ], "texture": "#snail" },
				"east": { "uv": [ 9.125, 13.625, 9, 13.75 ], "texture": "#snail" }
			}
		},
		{
			"__comment": "Voxels",
			"from": [ 2, 9, 3 ],
			"to": [ 14, 10, 4 ],
			"faces": {
				"down": { "uv": [ 9.125, 11.75, 10.625, 11.875 ], "texture": "#snail" },
				"up": { "uv": [ 9.125, 11.75, 10.625, 11.625 ], "texture": "#snail" },
				"north": { "uv": [ 10.625, 11.5, 9.125, 11.625 ], "texture": "#snail" },
				"south": { "uv": [ 9.125, 11.375, 10.625, 11.5 ], "texture": "#snail" },
				"west": { "uv": [ 15.875, 14.875, 16, 15 ], "texture": "#snail" },
				"east": { "uv": [ 6.875, 8, 6.75, 8.125 ], "texture": "#snail" }
			}
		},
		{
			"__comment": "Voxels",
			"from": [ 2, 22, -5 ],
			"to": [ 13, 23, -4 ],
			"faces": {
				"down": { "uv": [ 9.125, 9.875, 10.5, 10 ], "texture": "#snail" },
				"up": { "uv": [ 9.125, 9.875, 10.5, 9.75 ], "texture": "#snail" },
				"north": { "uv": [ 10.5, 10.5, 9.125, 10.625 ], "texture": "#snail" },
				"south": { "uv": [ 9.125, 10.25, 10.5, 10.375 ], "texture": "#snail" },
				"west": { "uv": [ 10.375, 8.5, 10.5, 8.625 ], "texture": "#snail" },
				"east": { "uv": [ 10.375, 8.625, 10.25, 8.75 ], "texture": "#snail" }
			}
		},
		{
			"__comment": "Voxels",
			"from": [ 2, 22, 4 ],
			"to": [ 13, 23, 5 ],
			"faces": {
				"down": { "uv": [ 9.125, 10.125, 10.5, 10.25 ], "texture": "#snail" },
				"up": { "uv": [ 9.125, 10.5, 10.5, 10.375 ], "texture": "#snail" },
				"north": { "uv": [ 10.5, 9.375, 9.125, 9.5 ], "texture": "#snail" },
				"south": { "uv": [ 9.125, 10, 10.5, 10.125 ], "texture": "#snail" },
				"west": { "uv": [ 10.625, 9, 10.75, 9.125 ], "texture": "#snail" },
				"east": { "uv": [ 10.625, 9, 10.5, 9.125 ], "texture": "#snail" }
			}
		},
		{
			"__comment": "Voxels",
			"from": [ 3, 7, 3 ],
			"to": [ 13, 9, 4 ],
			"faces": {
				"down": { "uv": [ 14.75, 14.75, 16, 14.875 ], "texture": "#snail" },
				"up": { "uv": [ 14.75, 15.625, 16, 15.5 ], "texture": "#snail" },
				"north": { "uv": [ 12.375, 15.5, 11.125, 15.75 ], "texture": "#snail" },
				"south": { "uv": [ 14.75, 15.75, 16, 16 ], "texture": "#snail" },
				"west": { "uv": [ 10.875, 9.375, 11, 9.625 ], "texture": "#snail" },
				"east": { "uv": [ 6.875, 11.875, 6.75, 12.125 ], "texture": "#snail" }
			}
		},
		{
			"__comment": "Voxels",
			"from": [ 3, 8, -4 ],
			"to": [ 14, 9, -3 ],
			"faces": {
				"down": { "uv": [ 14.625, 14.125, 16, 14.25 ], "texture": "#snail" },
				"up": { "uv": [ 9.125, 9.625, 10.5, 9.5 ], "texture": "#snail" },
				"north": { "uv": [ 10.5, 9.625, 9.125, 9.75 ], "texture": "#snail" },
				"south": { "uv": [ 9.125, 10.625, 10.5, 10.75 ], "texture": "#snail" },
				"west": { "uv": [ 10.625, 10.625, 10.75, 10.75 ], "texture": "#snail" },
				"east": { "uv": [ 10.625, 10.625, 10.5, 10.75 ], "texture": "#snail" }
			}
		},
		{
			"__comment": "Voxels",
			"from": [ 3, 10, -5 ],
			"to": [ 13, 11, -4 ],
			"faces": {
				"down": { "uv": [ 14.75, 14.375, 16, 14.5 ], "texture": "#snail" },
				"up": { "uv": [ 14.75, 14.75, 16, 14.625 ], "texture": "#snail" },
				"north": { "uv": [ 16, 14.25, 14.75, 14.375 ], "texture": "#snail" },
				"south": { "uv": [ 9.125, 9.25, 10.375, 9.375 ], "texture": "#snail" },
				"west": { "uv": [ 10.625, 11.375, 10.75, 11.5 ], "texture": "#snail" },
				"east": { "uv": [ 10.75, 11.5, 10.625, 11.625 ], "texture": "#snail" }
			}
		},
		{
			"__comment": "Voxels",
			"from": [ 3, 10, 4 ],
			"to": [ 13, 11, 5 ],
			"faces": {
				"down": { "uv": [ 9.125, 9.125, 10.375, 9.25 ], "texture": "#snail" },
				"up": { "uv": [ 9.125, 9.125, 10.375, 9 ], "texture": "#snail" },
				"north": { "uv": [ 16, 15.625, 14.75, 15.75 ], "texture": "#snail" },
				"south": { "uv": [ 14.75, 14.5, 16, 14.625 ], "texture": "#snail" },
				"west": { "uv": [ 10.625, 11.625, 10.75, 11.75 ], "texture": "#snail" },
				"east": { "uv": [ 8.875, 8.375, 8.75, 8.5 ], "texture": "#snail" }
			}
		},
		{
			"__comment": "Voxels",
			"from": [ 3, 23, -5 ],
			"to": [ 12, 24, -4 ],
			"faces": {
				"down": { "uv": [ 13, 13, 14.125, 13.125 ], "texture": "#snail" },
				"up": { "uv": [ 9.125, 8.125, 10.25, 8 ], "texture": "#snail" },
				"north": { "uv": [ 10.25, 8.625, 9.125, 8.75 ], "texture": "#snail" },
				"south": { "uv": [ 14.125, 13, 15.25, 13.125 ], "texture": "#snail" },
				"west": { "uv": [ 9, 8.5, 9.125, 8.625 ], "texture": "#snail" },
				"east": { "uv": [ 9, 8.5, 8.875, 8.625 ], "texture": "#snail" }
			}
		},
		{
			"__comment": "Voxels",
			"from": [ 3, 23, 4 ],
			"to": [ 12, 24, 5 ],
			"faces": {
				"down": { "uv": [ 14.125, 13.125, 15.25, 13.25 ], "texture": "#snail" },
				"up": { "uv": [ 10.75, 13, 11.875, 12.875 ], "texture": "#snail" },
				"north": { "uv": [ 13, 12.875, 11.875, 13 ], "texture": "#snail" },
				"south": { "uv": [ 13, 12.875, 14.125, 13 ], "texture": "#snail" },
				"west": { "uv": [ 8.75, 8.5, 8.875, 8.625 ], "texture": "#snail" },
				"east": { "uv": [ 8.875, 8.625, 8.75, 8.75 ], "texture": "#snail" }
			}
		},
		{
			"__comment": "Voxels",
			"from": [ 3, 24, -4 ],
			"to": [ 12, 25, -3 ],
			"faces": {
				"down": { "uv": [ 9.125, 8.875, 10.25, 9 ], "texture": "#snail" },
				"up": { "uv": [ 9.125, 8.875, 10.25, 8.75 ], "texture": "#snail" },
				"north": { "uv": [ 10.25, 8.5, 9.125, 8.625 ], "texture": "#snail" },
				"south": { "uv": [ 9.125, 8.375, 10.25, 8.5 ], "texture": "#snail" },
				"west": { "uv": [ 8.875, 9.375, 9, 9.5 ], "texture": "#snail" },
				"east": { "uv": [ 10.375, 8.5, 10.25, 8.625 ], "texture": "#snail" }
			}
		},
		{
			"__comment": "Voxels",
			"from": [ 3, 24, 3 ],
			"to": [ 12, 25, 4 ],
			"faces": {
				"down": { "uv": [ 11.875, 12.75, 13, 12.875 ], "texture": "#snail" },
				"up": { "uv": [ 10.75, 13.25, 11.875, 13.125 ], "texture": "#snail" },
				"north": { "uv": [ 10.25, 8.125, 9.125, 8.25 ], "texture": "#snail" },
				"south": { "uv": [ 9.125, 8.25, 10.25, 8.375 ], "texture": "#snail" },
				"west": { "uv": [ 9, 9.375, 9.125, 9.5 ], "texture": "#snail" },
				"east": { "uv": [ 9, 8.875, 8.875, 9 ], "texture": "#snail" }
			}
		},
		{
			"__comment": "Voxels",
			"from": [ 3, 25, -3 ],
			"to": [ 12, 26, 3 ],
			"faces": {
				"down": { "uv": [ 2.375, 11.25, 3.5, 12 ], "texture": "#snail" },
				"up": { "uv": [ 2.375, 11.25, 3.5, 10.5 ], "texture": "#snail" },
				"north": { "uv": [ 11.875, 12.75, 10.75, 12.875 ], "texture": "#snail" },
				"south": { "uv": [ 14.125, 12.875, 15.25, 13 ], "texture": "#snail" },
				"west": { "uv": [ 6.125, 8.75, 6.875, 8.875 ], "texture": "#snail" },
				"east": { "uv": [ 6.875, 8.625, 6.125, 8.75 ], "texture": "#snail" }
			}
		},
		{
			"__comment": "Voxels",
			"from": [ 4, 7, -4 ],
			"to": [ 13, 8, -3 ],
			"faces": {
				"down": { "uv": [ 11.875, 13.125, 13, 13.25 ], "texture": "#snail" },
				"up": { "uv": [ 13, 13.25, 14.125, 13.125 ], "texture": "#snail" },
				"north": { "uv": [ 11.875, 13, 10.75, 13.125 ], "texture": "#snail" },
				"south": { "uv": [ 11.875, 13, 13, 13.125 ], "texture": "#snail" },
				"west": { "uv": [ 10.625, 11.25, 10.75, 11.375 ], "texture": "#snail" },
				"east": { "uv": [ 10.75, 10.875, 10.625, 11 ], "texture": "#snail" }
			}
		},
		{
			"__comment": "Voxels",
			"from": [ 4, 9, -5 ],
			"to": [ 12, 10, -4 ],
			"faces": {
				"down": { "uv": [ 11.75, 12.625, 12.75, 12.75 ], "texture": "#snail" },
				"up": { "uv": [ 10.75, 12.75, 11.75, 12.625 ], "texture": "#snail" },
				"north": { "uv": [ 16, 12.75, 15, 12.875 ], "texture": "#snail" },
				"south": { "uv": [ 14, 12.75, 15, 12.875 ], "texture": "#snail" },
				"west": { "uv": [ 10.625, 9.25, 10.75, 9.375 ], "texture": "#snail" },
				"east": { "uv": [ 10.5, 9.125, 10.375, 9.25 ], "texture": "#snail" }
			}
		},
		{
			"__comment": "Voxels",
			"from": [ 4, 9, 4 ],
			"to": [ 12, 10, 5 ],
			"faces": {
				"down": { "uv": [ 13, 12.75, 14, 12.875 ], "texture": "#snail" },
				"up": { "uv": [ 14.75, 12.75, 15.75, 12.625 ], "texture": "#snail" },
				"north": { "uv": [ 14.75, 12.625, 13.75, 12.75 ], "texture": "#snail" },
				"south": { "uv": [ 12.75, 12.625, 13.75, 12.75 ], "texture": "#snail" },
				"west": { "uv": [ 10.625, 8.625, 10.75, 8.75 ], "texture": "#snail" },
				"east": { "uv": [ 8.875, 8.75, 8.75, 8.875 ], "texture": "#snail" }
			}
		},
		{
			"__comment": "Voxels",
			"from": [ 4, 24, -5 ],
			"to": [ 11, 25, -4 ],
			"faces": {
				"down": { "uv": [ 6, 12.5, 6.875, 12.625 ], "texture": "#snail" },
				"up": { "uv": [ 11.625, 12.5, 12.5, 12.375 ], "texture": "#snail" },
				"north": { "uv": [ 6.875, 13, 6, 13.125 ], "texture": "#snail" },
				"south": { "uv": [ 6, 12.625, 6.875, 12.75 ], "texture": "#snail" },
				"west": { "uv": [ 9, 13.5, 9.125, 13.625 ], "texture": "#snail" },
				"east": { "uv": [ 9.125, 13.375, 9, 13.5 ], "texture": "#snail" }
			}
		},
		{
			"__comment": "Voxels",
			"from": [ 4, 24, 4 ],
			"to": [ 11, 25, 5 ],
			"faces": {
				"down": { "uv": [ 11.625, 12.5, 12.5, 12.625 ], "texture": "#snail" },
				"up": { "uv": [ 6, 12.875, 6.875, 12.75 ], "texture": "#snail" },
				"north": { "uv": [ 13.375, 12.5, 12.5, 12.625 ], "texture": "#snail" },
				"south": { "uv": [ 14.25, 12.5, 15.125, 12.625 ], "texture": "#snail" },
				"west": { "uv": [ 9, 12.875, 9.125, 13 ], "texture": "#snail" },
				"east": { "uv": [ 9.125, 12.75, 9, 12.875 ], "texture": "#snail" }
			}
		},
		{
			"__comment": "Voxels",
			"from": [ 4, 25, -4 ],
			"to": [ 11, 26, -3 ],
			"faces": {
				"down": { "uv": [ 12.5, 12.375, 13.375, 12.5 ], "texture": "#snail" },
				"up": { "uv": [ 10.75, 12.625, 11.625, 12.5 ], "texture": "#snail" },
				"north": { "uv": [ 11.625, 12.375, 10.75, 12.5 ], "texture": "#snail" },
				"south": { "uv": [ 15.125, 12.5, 16, 12.625 ], "texture": "#snail" },
				"west": { "uv": [ 9, 12.125, 9.125, 12.25 ], "texture": "#snail" },
				"east": { "uv": [ 9.125, 12, 9, 12.125 ], "texture": "#snail" }
			}
		},
		{
			"__comment": "Voxels",
			"from": [ 4, 25, 3 ],
			"to": [ 11, 26, 4 ],
			"faces": {
				"down": { "uv": [ 6, 12.875, 6.875, 13 ], "texture": "#snail" },
				"up": { "uv": [ 13.375, 12.625, 14.25, 12.5 ], "texture": "#snail" },
				"north": { "uv": [ 6.875, 13.125, 6, 13.25 ], "texture": "#snail" },
				"south": { "uv": [ 6, 12.375, 6.875, 12.5 ], "texture": "#snail" },
				"west": { "uv": [ 9, 11.375, 9.125, 11.5 ], "texture": "#snail" },
				"east": { "uv": [ 9.125, 11.25, 9, 11.375 ], "texture": "#snail" }
			}
		},
		{
			"__comment": "Voxels",
			"from": [ 5, 6, -4 ],
			"to": [ 10, 7, -3 ],
			"faces": {
				"down": { "uv": [ 6.25, 9.5, 6.875, 9.625 ], "texture": "#snail" },
				"up": { "uv": [ 6.25, 9.5, 6.875, 9.375 ], "texture": "#snail" },
				"north": { "uv": [ 6.75, 8, 6.125, 8.125 ], "texture": "#snail" },
				"south": { "uv": [ 15.25, 13.125, 15.875, 13.25 ], "texture": "#snail" },
				"west": { "uv": [ 9, 11.125, 9.125, 11.25 ], "texture": "#snail" },
				"east": { "uv": [ 9.125, 11, 9, 11.125 ], "texture": "#snail" }
			}
		},
		{
			"__comment": "Voxels",
			"from": [ 5, 6, 3 ],
			"to": [ 10, 7, 4 ],
			"faces": {
				"down": { "uv": [ 6.25, 8.875, 6.875, 9 ], "texture": "#snail" },
				"up": { "uv": [ 6.25, 9.125, 6.875, 9 ], "texture": "#snail" },
				"north": { "uv": [ 6.875, 9.125, 6.25, 9.25 ], "texture": "#snail" },
				"south": { "uv": [ 6.25, 9.25, 6.875, 9.375 ], "texture": "#snail" },
				"west": { "uv": [ 8.875, 10.125, 9, 10.25 ], "texture": "#snail" },
				"east": { "uv": [ 9.125, 10.125, 9, 10.25 ], "texture": "#snail" }
			}
		},
		{
			"__comment": "Voxels",
			"from": [ 13, 8, 3 ],
			"to": [ 14, 9, 4 ],
			"faces": {
				"down": { "uv": [ 8.875, 10, 9, 10.125 ], "texture": "#snail" },
				"up": { "uv": [ 9, 10.125, 9.125, 10 ], "texture": "#snail" },
				"north": { "uv": [ 9, 9.875, 8.875, 10 ], "texture": "#snail" },
				"south": { "uv": [ 9, 9.875, 9.125, 10 ], "texture": "#snail" },
				"west": { "uv": [ 8.875, 9.75, 9, 9.875 ], "texture": "#snail" },
				"east": { "uv": [ 9.125, 9.75, 9, 9.875 ], "texture": "#snail" }
			}
		},
		{
			"__comment": "Voxels",
			"from": [ 16, 7, -1 ],
			"to": [ 18, 8, 1 ],
			"faces": {
				"down": { "uv": [ 2.125, 9, 2.375, 9.25 ], "texture": "#snail" },
				"up": { "uv": [ 1.875, 9.25, 2.125, 9 ], "texture": "#snail" },
				"north": { "uv": [ 4.5, 12.75, 4.25, 12.875 ], "texture": "#snail" },
				"south": { "uv": [ 4.25, 11.625, 4.5, 11.75 ], "texture": "#snail" },
				"west": { "uv": [ 1.875, 8, 2.125, 8.125 ], "texture": "#snail" },
				"east": { "uv": [ 2.375, 8, 2.125, 8.125 ], "texture": "#snail" }
			}
		},
		{
			"__comment": "Voxels",
			"from": [ 16, 10, -2 ],
			"to": [ 19, 11, 2 ],
			"faces": {
				"down": { "uv": [ 1.875, 8.5, 2.25, 9 ], "texture": "#snail" },
				"up": { "uv": [ 1.875, 9.75, 2.25, 9.25 ], "texture": "#snail" },
				"north": { "uv": [ 6.875, 10.125, 6.5, 10.25 ], "texture": "#snail" },
				"south": { "uv": [ 6.5, 10.5, 6.875, 10.625 ], "texture": "#snail" },
				"west": { "uv": [ 10.25, 8.75, 10.75, 8.875 ], "texture": "#snail" },
				"east": { "uv": [ 10.75, 8.875, 10.25, 9 ], "texture": "#snail" }
			}
		},
		{
			"__comment": "Voxels",
			"from": [ 17, 11, -2 ],
			"to": [ 19, 12, -1 ],
			"faces": {
				"down": { "uv": [ 4.25, 11.25, 4.5, 11.375 ], "texture": "#snail" },
				"up": { "uv": [ 4.25, 11, 4.5, 10.875 ], "texture": "#snail" },
				"north": { "uv": [ 6.75, 10, 6.5, 10.125 ], "texture": "#snail" },
				"south": { "uv": [ 6.5, 9.875, 6.75, 10 ], "texture": "#snail" },
				"west": { "uv": [ 9, 9, 9.125, 9.125 ], "texture": "#snail" },
				"east": { "uv": [ 8.875, 8.875, 8.75, 9 ], "texture": "#snail" }
			}
		},
		{
			"__comment": "Voxels",
			"from": [ 17, 11, -1 ],
			"to": [ 18, 12, 2 ],
			"faces": {
				"down": { "uv": [ 4.25, 10.5, 4.375, 10.875 ], "texture": "#snail" },
				"up": { "uv": [ 4.375, 10.875, 4.5, 10.5 ], "texture": "#snail" },
				"north": { "uv": [ 10.625, 8.5, 10.5, 8.625 ], "texture": "#snail" },
				"south": { "uv": [ 8.875, 8.75, 9, 8.875 ], "texture": "#snail" },
				"west": { "uv": [ 6.5, 10.375, 6.875, 10.5 ], "texture": "#snail" },
				"east": { "uv": [ 6.875, 10.25, 6.5, 10.375 ], "texture": "#snail" }
			}
		},
		{
			"__comment": "Voxels",
			"from": [ 18, 11, 1 ],
			"to": [ 19, 14, 2 ],
			"faces": {
				"down": { "uv": [ 8.875, 8.625, 9, 8.75 ], "texture": "#snail" },
				"up": { "uv": [ 9, 8.75, 9.125, 8.625 ], "texture": "#snail" },
				"north": { "uv": [ 6.75, 13.625, 6.625, 14 ], "texture": "#snail" },
				"south": { "uv": [ 6.75, 13.625, 6.875, 14 ], "texture": "#snail" },
				"west": { "uv": [ 6.625, 13.25, 6.75, 13.625 ], "texture": "#snail" },
				"east": { "uv": [ 10.375, 8.125, 10.25, 8.5 ], "texture": "#snail" }
			}
		},
		{
			"__comment": "Voxels",
			"from": [ 18, 12, -2 ],
			"to": [ 19, 14, -1 ],
			"faces": {
				"down": { "uv": [ 8.875, 8.375, 9, 8.5 ], "texture": "#snail" },
				"up": { "uv": [ 9, 8.5, 9.125, 8.375 ], "texture": "#snail" },
				"north": { "uv": [ 6.875, 9.625, 6.75, 9.875 ], "texture": "#snail" },
				"south": { "uv": [ 10.75, 8, 10.875, 8.25 ], "texture": "#snail" },
				"west": { "uv": [ 10.875, 9.875, 11, 10.125 ], "texture": "#snail" },
				"east": { "uv": [ 11, 9.625, 10.875, 9.875 ], "texture": "#snail" }
			}
		},
		{
			"__comment": "Voxels",
			"from": [ 19, 14, -2 ],
			"to": [ 20, 17, -1 ],
			"faces": {
				"down": { "uv": [ 10.625, 11.875, 10.75, 12 ], "texture": "#snail" },
				"up": { "uv": [ 10.625, 11.875, 10.75, 11.75 ], "texture": "#snail" },
				"north": { "uv": [ 10.5, 8.125, 10.375, 8.5 ], "texture": "#snail" },
				"south": { "uv": [ 10.5, 8.125, 10.625, 8.5 ], "texture": "#snail" },
				"west": { "uv": [ 10.625, 8.125, 10.75, 8.5 ], "texture": "#snail" },
				"east": { "uv": [ 10.875, 12, 10.75, 12.375 ], "texture": "#snail" }
			}
		},
		{
			"__comment": "Voxels",
			"from": [ 19, 14, 1 ],
			"to": [ 20, 17, 2 ],
			"faces": {
				"down": { "uv": [ 10.625, 11.125, 10.75, 11.25 ], "texture": "#snail" },
				"up": { "uv": [ 10.625, 11.125, 10.75, 11 ], "texture": "#snail" },
				"north": { "uv": [ 10.875, 11.625, 10.75, 12 ], "texture": "#snail" },
				"south": { "uv": [ 10.875, 10.5, 11, 10.875 ], "texture": "#snail" },
				"west": { "uv": [ 10.75, 11.25, 10.875, 11.625 ], "texture": "#snail" },
				"east": { "uv": [ 10.875, 10.875, 10.75, 11.25 ], "texture": "#snail" }
			}
		},
		{
			"__comment": "Voxels",
			"from": [ 20, 17, -2 ],
			"to": [ 21, 23, -1 ],
			"faces": {
				"down": { "uv": [ 10.5, 10.5, 10.625, 10.625 ], "texture": "#snail" },
				"up": { "uv": [ 10.625, 10.625, 10.75, 10.5 ], "texture": "#snail" },
				"north": { "uv": [ 2.25, 11.25, 2.125, 12 ], "texture": "#snail" },
				"south": { "uv": [ 2.25, 11.25, 2.375, 12 ], "texture": "#snail" },
				"west": { "uv": [ 2.125, 10.5, 2.25, 11.25 ], "texture": "#snail" },
				"east": { "uv": [ 2.375, 10.5, 2.25, 11.25 ], "texture": "#snail" }
			}
		},
		{
			"__comment": "Voxels",
			"from": [ 20, 17, 1 ],
			"to": [ 21, 23, 2 ],
			"faces": {
				"down": { "uv": [ 10.5, 10.125, 10.625, 10.25 ], "texture": "#snail" },
				"up": { "uv": [ 10.625, 10.25, 10.75, 10.125 ], "texture": "#snail" },
				"north": { "uv": [ 2.25, 9.75, 2.125, 10.5 ], "texture": "#snail" },
				"south": { "uv": [ 2.25, 9.75, 2.375, 10.5 ], "texture": "#snail" },
				"west": { "uv": [ 4, 12.75, 4.125, 13.5 ], "texture": "#snail" },
				"east": { "uv": [ 4.25, 12.75, 4.125, 13.5 ], "texture": "#snail" }
			}
		},
		{
			"__comment": "Voxels",
			"from": [ 20, 20, -3 ],
			"to": [ 22, 23, -2 ],
			"faces": {
				"down": { "uv": [ 8.875, 10.625, 9.125, 10.75 ], "texture": "#snail" },
				"up": { "uv": [ 8.875, 10.625, 9.125, 10.5 ], "texture": "#snail" },
				"north": { "uv": [ 2.375, 12.375, 2.125, 12.75 ], "texture": "#snail" },
				"south": { "uv": [ 2.125, 12, 2.375, 12.375 ], "texture": "#snail" },
				"west": { "uv": [ 10.75, 10.5, 10.875, 10.875 ], "texture": "#snail" },
				"east": { "uv": [ 10.875, 10.125, 10.75, 10.5 ], "texture": "#snail" }
			}
		},
		{
			"__comment": "Voxels",
			"from": [ 20, 20, 2 ],
			"to": [ 22, 23, 3 ],
			"faces": {
				"down": { "uv": [ 8.875, 10.375, 9.125, 10.5 ], "texture": "#snail" },
				"up": { "uv": [ 8.875, 10.375, 9.125, 10.25 ], "texture": "#snail" },
				"north": { "uv": [ 2.125, 8.125, 1.875, 8.5 ], "texture": "#snail" },
				"south": { "uv": [ 2.125, 8.125, 2.375, 8.5 ], "texture": "#snail" },
				"west": { "uv": [ 10.75, 9.75, 10.875, 10.125 ], "texture": "#snail" },
				"east": { "uv": [ 10.875, 9.375, 10.75, 9.75 ], "texture": "#snail" }
			}
		},
		{
			"__comment": "Voxels",
			"from": [ 21, 20, -2 ],
			"to": [ 22, 23, -1 ],
			"faces": {
				"down": { "uv": [ 10.5, 9.125, 10.625, 9.25 ], "texture": "#snail" },
				"up": { "uv": [ 10.625, 9.25, 10.75, 9.125 ], "texture": "#snail" },
				"north": { "uv": [ 10.875, 9, 10.75, 9.375 ], "texture": "#snail" },
				"south": { "uv": [ 10.75, 8.625, 10.875, 9 ], "texture": "#snail" },
				"west": { "uv": [ 10.75, 8.25, 10.875, 8.625 ], "texture": "#snail" },
				"east": { "uv": [ 11, 12, 10.875, 12.375 ], "texture": "#snail" }
			}
		},
		{
			"__comment": "Voxels",
			"from": [ 21, 20, 1 ],
			"to": [ 22, 23, 2 ],
			"faces": {
				"down": { "uv": [ 10.375, 8.625, 10.5, 8.75 ], "texture": "#snail" },
				"up": { "uv": [ 10.5, 8.75, 10.625, 8.625 ], "texture": "#snail" },
				"north": { "uv": [ 11, 11.625, 10.875, 12 ], "texture": "#snail" },
				"south": { "uv": [ 10.875, 11.25, 11, 11.625 ], "texture": "#snail" },
				"west": { "uv": [ 10.875, 10.875, 11, 11.25 ], "texture": "#snail" },
				"east": { "uv": [ 11, 10.125, 10.875, 10.5 ], "texture": "#snail" }
			}
		}
	],
	"display": {
		"thirdperson_righthand": {
			"rotation":  [ 13, 0, 19 ],
			"translation":  [ 0.6956, 0.6956, 3.4782 ],
			"scale":  [ 0.3, 0.3, 0.3 ]
		},
		"thirdperson_lefthand": {
			"rotation":  [ 13, 0, 19 ],
			"translation":  [ 0.6956, 0.6956, 3.4782 ],
			"scale":  [ 0.3, 0.3, 0.3 ]
		},
		"firstperson_righthand": {
			"rotation":  [ 0, 149, 0 ],
			"translation":  [ 9.0434, -2.782, -7.652 ],
			"scale":  [ 0.5, 0.5, 0.5 ]
		},
		"firstperson_lefthand": {
			"rotation":  [ 0, -52, 0 ],
			"translation":  [ 2.7826, -3.476, -2.086 ],
			"scale":  [ 0.5, 0.5, 0.5 ]
		},
		"gui": {
			"rotation":  [ 0, -180, 0 ],
			"translation":  [ 0.6956, -4.172, -1.391 ],
			"scale":  [ 0.5, 0.5, 0.5 ]
		},
		"head": {
			"rotation":  [ 0, 66, 0 ],
			"translation":  [ 2.7826, 8.3478, -0.695 ],
			"scale":  [ 0.5, 0.5, 0.5 ]
		},
		"ground": {
			"rotation":  [ -14, 0, 0 ],
			"translation":  [ 0, 2.0869, 0 ],
			"scale":  [ 0.5, 0.5, 0.5 ]
		},
		"fixed": {
			"translation":  [ -0.695, -4.173, 2.7826 ],
			"scale":  [ 0.5, 0.5, 0.5 ]
		}
	}
}