{
	"credit": "Made with Blockbench",
	"texture_size": [256, 256],
	"textures": {
		"3": "item/etc/dell_drinkbox_green",
		"particle": "item/etc/dell_drinkbox_green"
	},
	"elements": [
		{
			"from": [0, -8.6, 0],
			"to": [1, 32, 16],
			"faces": {
				"north": {"uv": [0.8125, 6.1875, 0.875, 8.75], "texture": "#3"},
				"east": {"uv": [0, 0, 1, 2.5625], "texture": "#3"},
				"south": {"uv": [0.875, 6.1875, 0.9375, 8.75], "texture": "#3"},
				"west": {"uv": [1, 0, 2, 2.5625], "texture": "#3"},
				"up": {"uv": [4.8125, 7.3125, 4.75, 6.3125], "texture": "#3"},
				"down": {"uv": [4.875, 6.3125, 4.8125, 7.3125], "texture": "#3"}
			}
		},
		{
			"from": [25, -8.5, 0],
			"to": [26, 32, 16],
			"faces": {
				"north": {"uv": [5.9375, 6.1875, 6, 8.75], "texture": "#3"},
				"east": {"uv": [2, 0, 3, 2.5625], "texture": "#3"},
				"south": {"uv": [6, 6.1875, 6.0625, 8.75], "texture": "#3"},
				"west": {"uv": [0, 2.5625, 1, 5.125], "texture": "#3"},
				"up": {"uv": [4.9375, 7.3125, 4.875, 6.3125], "texture": "#3"},
				"down": {"uv": [5, 6.3125, 4.9375, 7.3125], "texture": "#3"}
			}
		},
		{
			"from": [1, 30, 0],
			"to": [25, 32, 16],
			"faces": {
				"north": {"uv": [6, 1.8125, 7.5, 1.9375], "texture": "#3"},
				"east": {"uv": [4.5, 2, 5.5, 2.125], "texture": "#3"},
				"south": {"uv": [3.875, 6.1875, 5.375, 6.3125], "texture": "#3"},
				"west": {"uv": [6.25, 1.625, 7.25, 1.75], "texture": "#3"},
				"up": {"uv": [2.5, 4.5625, 1, 3.5625], "texture": "#3"},
				"down": {"uv": [4, 3.5625, 2.5, 4.5625], "texture": "#3"}
			}
		},
		{
			"from": [0, -9.5, 0],
			"to": [26, -8.5, 16],
			"faces": {
				"north": {"uv": [5.75, 3.0625, 7.375, 3.125], "texture": "#3"},
				"east": {"uv": [6.5625, 3.125, 7.5625, 3.1875], "texture": "#3"},
				"south": {"uv": [6, 1.9375, 7.625, 2], "texture": "#3"},
				"west": {"uv": [6.5625, 3.1875, 7.5625, 3.25], "texture": "#3"},
				"up": {"uv": [2.625, 3.5625, 1, 2.5625], "texture": "#3"},
				"down": {"uv": [4.25, 2.5625, 2.625, 3.5625], "texture": "#3"}
			}
		},
		{
			"from": [1, 0, 0.3],
			"to": [25, 13, 16],
			"faces": {
				"north": {"uv": [4, 4.5625, 5.5, 5.375], "texture": "#3"},
				"east": {"uv": [1.875, 5.5, 2.875, 6.3125], "texture": "#3"},
				"south": {"uv": [4, 5.375, 5.5, 6.1875], "texture": "#3"},
				"west": {"uv": [2.875, 5.5, 3.875, 6.3125], "texture": "#3"},
				"up": {"uv": [5.5, 4.5625, 4, 3.5625], "texture": "#3"},
				"down": {"uv": [5.75, 2.125, 4.25, 3.125], "texture": "#3"}
			}
		},
		{
			"from": [2, 8.7, -0.1],
			"to": [3, 11.2, 12.9],
			"faces": {
				"north": {"uv": [5.3125, 6.3125, 5.375, 6.5], "texture": "#3"},
				"east": {"uv": [6.25, 1.25, 7.0625, 1.4375], "texture": "#3"},
				"south": {"uv": [4.625, 6.4375, 4.6875, 6.625], "texture": "#3"},
				"west": {"uv": [6.25, 1.4375, 7.0625, 1.625], "texture": "#3"},
				"up": {"uv": [5.1875, 7.125, 5.125, 6.3125], "texture": "#3"},
				"down": {"uv": [5.25, 6.3125, 5.1875, 7.125], "texture": "#3"}
			}
		},
		{
			"from": [5.8, 7.3, -0.1],
			"to": [9.3, 9.7, 12.9],
			"faces": {
				"north": {"uv": [3.8125, 6.5625, 4, 6.6875], "texture": "#3"},
				"east": {"uv": [6.0625, 6.4375, 6.875, 6.5625], "texture": "#3"},
				"south": {"uv": [6.5625, 3.8125, 6.75, 3.9375], "texture": "#3"},
				"west": {"uv": [6.5, 5.9375, 7.3125, 6.0625], "texture": "#3"},
				"up": {"uv": [2.0625, 7.125, 1.875, 6.3125], "texture": "#3"},
				"down": {"uv": [2.25, 6.3125, 2.0625, 7.125], "texture": "#3"}
			}
		},
		{
			"from": [5.7, 10.2, -0.1],
			"to": [9.3, 11.6, 12.9],
			"faces": {
				"north": {"uv": [6.5625, 3.9375, 6.8125, 4], "texture": "#3"},
				"east": {"uv": [0.9375, 6.5625, 1.75, 6.625], "texture": "#3"},
				"south": {"uv": [4, 6.5625, 4.25, 6.625], "texture": "#3"},
				"west": {"uv": [6.5625, 3.625, 7.375, 3.6875], "texture": "#3"},
				"up": {"uv": [6.25, 1.8125, 6, 1], "texture": "#3"},
				"down": {"uv": [0.25, 6.1875, 0, 7], "texture": "#3"}
			}
		},
		{
			"from": [6, -4, 6],
			"to": [23, 0, 16],
			"faces": {
				"north": {"uv": [5.75, 2.3125, 6.8125, 2.5625], "texture": "#3"},
				"east": {"uv": [6.0625, 6.1875, 6.6875, 6.4375], "texture": "#3"},
				"south": {"uv": [5.75, 2.5625, 6.8125, 2.8125], "texture": "#3"},
				"west": {"uv": [6.25, 1, 6.875, 1.25], "texture": "#3"},
				"up": {"uv": [6.5625, 3.75, 5.5, 3.125], "texture": "#3"},
				"down": {"uv": [6.5625, 3.75, 5.5, 4.375], "texture": "#3"}
			}
		},
		{
			"from": [1, -8.5, 0.3],
			"to": [25, -4, 16],
			"faces": {
				"north": {"uv": [5.5, 5.625, 7, 5.9375], "texture": "#3"},
				"east": {"uv": [3, 2.125, 4, 2.4375], "texture": "#3"},
				"south": {"uv": [5.75, 2, 7.25, 2.3125], "texture": "#3"},
				"west": {"uv": [4.25, 3.125, 5.25, 3.4375], "texture": "#3"},
				"up": {"uv": [6, 1, 4.5, 0], "texture": "#3"},
				"down": {"uv": [6, 1, 4.5, 2], "texture": "#3"}
			}
		},
		{
			"name": "뚜껑",
			"from": [6, -3.7, 0.4],
			"to": [23, 6.3, 0.6],
			"rotation": {"angle": 22.5, "axis": "x", "origin": [0, 0, 0]},
			"faces": {
				"north": {"uv": [5.5, 4.375, 6.5625, 5], "texture": "#3"},
				"east": {"uv": [3.875, 5.5, 3.9375, 6.125], "texture": "#3"},
				"south": {"uv": [5.5, 5, 6.5625, 5.625], "texture": "#3"},
				"west": {"uv": [3.9375, 5.5, 4, 6.125], "texture": "#3"},
				"up": {"uv": [7.3125, 1.8125, 6.25, 1.75], "texture": "#3"},
				"down": {"uv": [7.5625, 6.0625, 6.5, 6.125], "texture": "#3"}
			}
		},
		{
			"from": [6, -4, -0.7],
			"to": [23, -3.8, 1.4],
			"faces": {
				"north": {"uv": [6.5, 6.125, 7.5625, 6.1875], "texture": "#3"},
				"east": {"uv": [3.875, 6.125, 4, 6.1875], "texture": "#3"},
				"south": {"uv": [2.75, 6.5625, 3.8125, 6.625], "texture": "#3"},
				"west": {"uv": [1.75, 6.5625, 1.875, 6.625], "texture": "#3"},
				"up": {"uv": [4.0625, 2.5625, 3, 2.4375], "texture": "#3"},
				"down": {"uv": [5.3125, 3.4375, 4.25, 3.5625], "texture": "#3"}
			}
		},
		{
			"from": [22.7, -3.8, -0.7],
			"to": [23, -3.4, 1.3],
			"faces": {
				"north": {"uv": [4, 2.375, 4.0625, 2.4375], "texture": "#3"},
				"east": {"uv": [6.5625, 4, 6.6875, 4.0625], "texture": "#3"},
				"south": {"uv": [5.25, 3.375, 5.3125, 3.4375], "texture": "#3"},
				"west": {"uv": [6.5625, 4.0625, 6.6875, 4.125], "texture": "#3"},
				"up": {"uv": [1, 5.5, 0.9375, 5.375], "texture": "#3"},
				"down": {"uv": [5.75, 2, 5.6875, 2.125], "texture": "#3"}
			}
		},
		{
			"from": [6.3, -3.8, -0.7],
			"to": [22.7, -3.4, -0.4],
			"faces": {
				"north": {"uv": [6.5625, 3.25, 7.5625, 3.3125], "texture": "#3"},
				"east": {"uv": [4.3125, 6.5625, 4.375, 6.625], "texture": "#3"},
				"south": {"uv": [6.5625, 3.3125, 7.5625, 3.375], "texture": "#3"},
				"west": {"uv": [6.5625, 4.3125, 6.625, 4.375], "texture": "#3"},
				"up": {"uv": [7.5625, 3.4375, 6.5625, 3.375], "texture": "#3"},
				"down": {"uv": [7.5625, 3.4375, 6.5625, 3.5], "texture": "#3"}
			}
		},
		{
			"from": [6, -3.8, -0.7],
			"to": [6.3, -3.4, 1.3],
			"faces": {
				"north": {"uv": [4.25, 6.5625, 4.3125, 6.625], "texture": "#3"},
				"east": {"uv": [6.5625, 4.125, 6.6875, 4.1875], "texture": "#3"},
				"south": {"uv": [6.5625, 4.25, 6.625, 4.3125], "texture": "#3"},
				"west": {"uv": [6.5625, 4.1875, 6.6875, 4.25], "texture": "#3"},
				"up": {"uv": [4.75, 6.5625, 4.6875, 6.4375], "texture": "#3"},
				"down": {"uv": [5.375, 6.5, 5.3125, 6.625], "texture": "#3"}
			}
		},
		{
			"from": [23, -4, 0.3],
			"to": [25, 0, 16],
			"faces": {
				"north": {"uv": [4, 2.125, 4.125, 2.375], "texture": "#3"},
				"east": {"uv": [5.75, 2.8125, 6.75, 3.0625], "texture": "#3"},
				"south": {"uv": [4.125, 2.125, 4.25, 2.375], "texture": "#3"},
				"west": {"uv": [5.5, 5.9375, 6.5, 6.1875], "texture": "#3"},
				"up": {"uv": [2.375, 7.3125, 2.25, 6.3125], "texture": "#3"},
				"down": {"uv": [2.5, 6.3125, 2.375, 7.3125], "texture": "#3"}
			}
		},
		{
			"from": [4.4, -4, 0.3],
			"to": [6, 0, 16],
			"faces": {
				"north": {"uv": [5.25, 3.125, 5.375, 3.375], "texture": "#3"},
				"east": {"uv": [6, 0, 7, 0.25], "texture": "#3"},
				"south": {"uv": [5.375, 3.125, 5.5, 3.375], "texture": "#3"},
				"west": {"uv": [6, 0.25, 7, 0.5], "texture": "#3"},
				"up": {"uv": [2.625, 7.3125, 2.5, 6.3125], "texture": "#3"},
				"down": {"uv": [2.75, 6.3125, 2.625, 7.3125], "texture": "#3"}
			}
		},
		{
			"from": [1.9, -4, 0.3],
			"to": [4.4, -2.4, 16],
			"faces": {
				"north": {"uv": [4.0625, 2.375, 4.25, 2.5], "texture": "#3"},
				"east": {"uv": [2.75, 6.3125, 3.75, 6.4375], "texture": "#3"},
				"south": {"uv": [5.3125, 3.375, 5.5, 3.5], "texture": "#3"},
				"west": {"uv": [3.75, 6.3125, 4.75, 6.4375], "texture": "#3"},
				"up": {"uv": [0.4375, 7.1875, 0.25, 6.1875], "texture": "#3"},
				"down": {"uv": [0.625, 6.1875, 0.4375, 7.1875], "texture": "#3"}
			}
		},
		{
			"from": [1.9, -0.7, 0.3],
			"to": [4.4, 0, 16],
			"faces": {
				"north": {"uv": [4.0625, 2.5, 4.25, 2.5625], "texture": "#3"},
				"east": {"uv": [6.5625, 3.5, 7.5625, 3.5625], "texture": "#3"},
				"south": {"uv": [5.3125, 3.5, 5.5, 3.5625], "texture": "#3"},
				"west": {"uv": [6.5625, 3.5625, 7.5625, 3.625], "texture": "#3"},
				"up": {"uv": [0.8125, 7.1875, 0.625, 6.1875], "texture": "#3"},
				"down": {"uv": [5.5625, 6.1875, 5.375, 7.1875], "texture": "#3"}
			}
		},
		{
			"from": [1.9, -2.4, 0.5],
			"to": [4.4, -0.7, 16],
			"faces": {
				"north": {"uv": [5.5, 2, 5.6875, 2.125], "texture": "#3"},
				"east": {"uv": [2.75, 6.4375, 3.6875, 6.5625], "texture": "#3"},
				"south": {"uv": [6.5625, 3.6875, 6.75, 3.8125], "texture": "#3"},
				"west": {"uv": [3.6875, 6.4375, 4.625, 6.5625], "texture": "#3"},
				"up": {"uv": [5.75, 7.125, 5.5625, 6.1875], "texture": "#3"},
				"down": {"uv": [5.9375, 6.1875, 5.75, 7.125], "texture": "#3"}
			}
		},
		{
			"from": [1, -4, 0.3],
			"to": [1.9, 0, 16],
			"faces": {
				"north": {"uv": [0.9375, 5.125, 1, 5.375], "texture": "#3"},
				"east": {"uv": [6, 0.5, 7, 0.75], "texture": "#3"},
				"south": {"uv": [5.25, 6.3125, 5.3125, 6.5625], "texture": "#3"},
				"west": {"uv": [6, 0.75, 7, 1], "texture": "#3"},
				"up": {"uv": [5.0625, 7.3125, 5, 6.3125], "texture": "#3"},
				"down": {"uv": [5.125, 6.3125, 5.0625, 7.3125], "texture": "#3"}
			}
		},
		{
			"from": [1, 13, 0.7],
			"to": [25, 30, 16],
			"faces": {
				"north": {"uv": [3, 0, 4.5, 1.0625], "texture": "#3"},
				"east": {"uv": [0, 5.125, 0.9375, 6.1875], "texture": "#3"},
				"south": {"uv": [3, 1.0625, 4.5, 2.125], "texture": "#3"},
				"west": {"uv": [0.9375, 5.5, 1.875, 6.5625], "texture": "#3"},
				"up": {"uv": [2.5, 5.5, 1, 4.5625], "texture": "#3"},
				"down": {"uv": [4, 4.5625, 2.5, 5.5], "texture": "#3"}
			}
		}
	],
	"display": {
		"thirdperson_righthand": {
			"rotation": [90, 0, 0],
			"translation": [-12.25, 0, 10],
			"scale": [1.7, 1.7, 1.7]
		},
		"head": {
			"translation": [-8.5, -13.25, 4],
			"scale":  [ 1.7, 1.7, 1.7 ]
		}
	}
}