{"credit":"Made with Blockbench","textures":{"1":"block/black_wool","2":"block/gold_block","7":"block/brown_mushroom_block","8":"block/white_concrete"},"gui_light": "front","elements":[{"from":[3,0,4],"to":[13,2,14],"faces":{"north":{"uv":[5.125,11.125,12.5,13.75],"texture":"#7"},"east":{"uv":[2.5,10.75,9.875,13.375],"texture":"#7"},"south":{"uv":[5.25,11.625,12.625,14.25],"texture":"#7"},"west":{"uv":[5.375,4.375,12.75,7],"texture":"#7"},"up":{"uv":[0,0,7.375,2.625],"texture":"#7"},"down":{"uv":[0,0,7.375,2.625],"texture":"#7"}}},{"from":[4,4,5],"to":[12,5,13],"faces":{"north":{"uv":[0,0,16,5.125],"texture":"#1"},"east":{"uv":[0,0,16,5.125],"texture":"#1"},"south":{"uv":[0,0,16,5.125],"texture":"#1"},"west":{"uv":[0,0,16,5.125],"texture":"#1"},"up":{"uv":[0,0,16,5.125],"texture":"#1"},"down":{"uv":[0,0,16,5.125],"texture":"#1"}}},{"from":[4,3,5],"to":[12,4,13],"faces":{"north":{"uv":[0,0,16,16],"texture":"#8"},"east":{"uv":[0,0,16,16],"texture":"#8"},"south":{"uv":[0,0,16,16],"texture":"#8"},"west":{"uv":[0,0,16,16],"texture":"#8"},"up":{"uv":[0,0,16,16],"texture":"#8"},"down":{"uv":[0,0,16,16],"texture":"#8"}}},{"from":[4,2,5],"to":[12,3,13],"faces":{"north":{"uv":[0,0,16,5.125],"texture":"#1"},"east":{"uv":[0,0,16,5.125],"texture":"#1"},"south":{"uv":[0,0,16,5.125],"texture":"#1"},"west":{"uv":[0,0,16,5.125],"texture":"#1"},"up":{"uv":[0,0,16,5.125],"texture":"#1"},"down":{"uv":[0,0,16,5.125],"texture":"#1"}}},{"from":[6,3,6],"to":[12,8,12],"rotation":{"angle":-22.5,"axis":"z","origin":[7,8,8]},"faces":{"north":{"uv":[1.625,11.25,9,13.875],"texture":"#7"},"east":{"uv":[1,11.5,8.375,14.125],"texture":"#7"},"south":{"uv":[5.875,6.75,13.25,9.375],"texture":"#7"},"west":{"uv":[3,1.625,10.375,4.25],"texture":"#7"},"up":{"uv":[0,0,7.375,2.625],"texture":"#7"},"down":{"uv":[0,0,7.375,2.625],"texture":"#7"}}},{"from":[7,8,7],"to":[11,11,11],"rotation":{"angle":-22.5,"axis":"z","origin":[7,8,8]},"faces":{"north":{"uv":[1.5,2.75,8.875,5.375],"texture":"#7"},"east":{"uv":[0.625,3.75,8,6.375],"texture":"#7"},"south":{"uv":[4.75,11.625,12.125,14.25],"texture":"#7"},"west":{"uv":[5.875,8.5,13.25,11.125],"texture":"#7"},"up":{"uv":[0,0,7.375,2.625],"texture":"#7"},"down":{"uv":[0,0,7.375,2.625],"texture":"#7"}}},{"from":[6,10,8],"to":[8,13,10],"rotation":{"angle":-45,"axis":"z","origin":[6,7,8]},"faces":{"north":{"uv":[5.75,3.75,13.125,6.375],"texture":"#7"},"east":{"uv":[0,0,7.375,2.625],"texture":"#7"},"south":{"uv":[5.875,1.25,13.25,3.875],"texture":"#7"},"west":{"uv":[2.75,2.875,10.125,5.5],"texture":"#7"},"up":{"uv":[0,0,7.375,2.625],"texture":"#7"},"down":{"uv":[0,0,7.375,2.625],"texture":"#7"}}},{"from":[6,13,8],"to":[10,14,10],"rotation":{"angle":-45,"axis":"z","origin":[6,7,8]},"faces":{"north":{"uv":[6.375,9,13.75,11.625],"texture":"#7"},"east":{"uv":[2.75,5,10.125,7.625],"texture":"#7"},"south":{"uv":[8,3.875,15.375,6.5],"texture":"#7"},"west":{"uv":[7.875,3,15.25,5.625],"texture":"#7"},"up":{"uv":[0,0,7.375,2.625],"texture":"#7"},"down":{"uv":[0,9.5,7.375,12.125],"texture":"#7"}}},{"from":[7,14,8],"to":[11,15,10],"rotation":{"angle":-45,"axis":"z","origin":[6,7,8]},"faces":{"north":{"uv":[8.625,11,16,13.625],"texture":"#7"},"east":{"uv":[6,6.25,13.375,8.875],"texture":"#7"},"south":{"uv":[1.5,10,8.875,12.625],"texture":"#7"},"west":{"uv":[2.75,3.875,10.125,6.5],"texture":"#7"},"up":{"uv":[8.625,1.625,16,4.25],"texture":"#7"},"down":{"uv":[6.625,5.375,14,8],"texture":"#7"}}},{"from":[5.29907,10.46324,7.99505],"to":[6.29907,12.46324,9.99505],"rotation":{"angle":-45,"axis":"z","origin":[5.29907,3.46324,7.99505]},"faces":{"north":{"uv":[7.875,2.125,15.25,4.75],"texture":"#7"},"east":{"uv":[2.375,6.375,9.75,9],"texture":"#7"},"south":{"uv":[7.375,11.875,14.75,14.5],"texture":"#7"},"west":{"uv":[0,0,7.375,2.625],"texture":"#7"},"up":{"uv":[0,0,7.375,2.625],"texture":"#7"},"down":{"uv":[0,0,7.375,2.625],"texture":"#7"}}},{"from":[3,2,7],"to":[4,5,8],"faces":{"north":{"uv":[1,1,14.875,14.875],"texture":"#2"},"east":{"uv":[1,1,14.875,14.875],"texture":"#2"},"south":{"uv":[1,1,14.875,14.875],"texture":"#2"},"west":{"uv":[1,1,14.875,14.875],"texture":"#2"},"up":{"uv":[1,1,14.875,14.875],"texture":"#2"},"down":{"uv":[1,1,14.875,14.875],"texture":"#2"}}},{"from":[3,2,10],"to":[4,5,11],"faces":{"north":{"uv":[1,1,14.875,14.875],"texture":"#2"},"east":{"uv":[1,1,14.875,14.875],"texture":"#2"},"south":{"uv":[1,1,14.875,14.875],"texture":"#2"},"west":{"uv":[1,1,14.875,14.875],"texture":"#2"},"up":{"uv":[1,1,14.875,14.875],"texture":"#2"},"down":{"uv":[1,1,14.875,14.875],"texture":"#2"}}},{"from":[3,4,8],"to":[4,5,10],"faces":{"north":{"uv":[1,1,14.875,14.875],"texture":"#2"},"east":{"uv":[1,1,14.875,14.875],"texture":"#2"},"south":{"uv":[1,1,14.875,14.875],"texture":"#2"},"west":{"uv":[1,1,14.875,14.875],"texture":"#2"},"up":{"uv":[1,1,14.875,14.875],"texture":"#2"},"down":{"uv":[1,1,14.875,14.875],"texture":"#2"}}},{"from":[3,2,8],"to":[4,3,10],"faces":{"north":{"uv":[1,1,14.875,14.875],"texture":"#2"},"east":{"uv":[1,1,14.875,14.875],"texture":"#2"},"south":{"uv":[1,1,14.875,14.875],"texture":"#2"},"west":{"uv":[1,1,14.875,14.875],"texture":"#2"},"up":{"uv":[1,1,14.875,14.875],"texture":"#2"},"down":{"uv":[1,1,14.875,14.875],"texture":"#2"}}}],"display":{"thirdperson_righthand":{"rotation":[0,-90,0],"translation":[1.25,1,-2.25],"scale":[0.7,0.7,0.7]},"thirdperson_lefthand":{"rotation":[0,90,0],"translation":[-1.25,1,-2.25],"scale":[0.7,0.7,0.7]},"firstperson_righthand":{"rotation":[0,90,0],"translation":[0,6,0],"scale":[0.7,0.7,0.7]},"firstperson_lefthand":{"rotation":[0,-90,0],"translation":[0,6,0],"scale":[0.7,0.7,0.7]},"ground":{"translation":[0,0.75,0],"scale":[0.6,0.6,0.6]},"gui":{"rotation":[0,90,0],"translation":[-1,1,0]},"head":{"rotation":[0,-90,0],"translation":[1.75,18.5,0],"scale":[1.67,1.57,1.69]},"fixed":{"rotation":[0,-90,0]}}}