{
	"__comment": "moon",
	"textures": {
		"particle": "items/particle",
		"bottle": "item/etc/bottle"
	},
	"elements": [ 	 
		{
			"__comment": "Voxels",
			"from": [ -1, 7, -3 ],
			"to": [ 17, 8, 20 ],
			"faces": {
				"down": { "uv": [ 0, 10.25, 4.5, 16 ], "texture": "#bottle" },
				"up": { "uv": [ 4.5, 16, 9, 10.25 ], "texture": "#bottle" },
				"north": { "uv": [ 9, 10, 4.5, 10.25 ], "texture": "#bottle" },
				"south": { "uv": [ 4.5, 9.75, 9, 10 ], "texture": "#bottle" },
				"west": { "uv": [ 9, 15.75, 14.75, 16 ], "texture": "#bottle" },
				"east": { "uv": [ 14.75, 15.5, 9, 15.75 ], "texture": "#bottle" }
			}
		},
		{
			"__comment": "Voxels",
			"from": [ 0, 7, -4 ],
			"to": [ 16, 8, -3 ],
			"faces": {
				"down": { "uv": [ 4.5, 9.5, 8.5, 9.75 ], "texture": "#bottle" },
				"up": { "uv": [ 4.5, 9.5, 8.5, 9.25 ], "texture": "#bottle" },
				"north": { "uv": [ 8.5, 9, 4.5, 9.25 ], "texture": "#bottle" },
				"south": { "uv": [ 4.5, 8.75, 8.5, 9 ], "texture": "#bottle" },
				"west": { "uv": [ 4, 8, 4.25, 8.25 ], "texture": "#bottle" },
				"east": { "uv": [ 4.5, 8, 4.25, 8.25 ], "texture": "#bottle" }
			}
		},
		{
			"__comment": "Voxels",
			"from": [ 0, 7, 20 ],
			"to": [ 16, 8, 21 ],
			"faces": {
				"down": { "uv": [ 4.5, 8.5, 8.5, 8.75 ], "texture": "#bottle" },
				"up": { "uv": [ 4.5, 8.5, 8.5, 8.25 ], "texture": "#bottle" },
				"north": { "uv": [ 8.5, 8, 4.5, 8.25 ], "texture": "#bottle" },
				"south": { "uv": [ 9, 15.25, 13, 15.5 ], "texture": "#bottle" },
				"west": { "uv": [ 8.5, 9.5, 8.75, 9.75 ], "texture": "#bottle" },
				"east": { "uv": [ 9, 9.5, 8.75, 9.75 ], "texture": "#bottle" }
			}
		},
		{
			"__comment": "Voxels",
			"from": [ 1, 7, -5 ],
			"to": [ 15, 8, -4 ],
			"faces": {
				"down": { "uv": [ 9, 14.75, 12.5, 15 ], "texture": "#bottle" },
				"up": { "uv": [ 12.5, 15, 16, 14.75 ], "texture": "#bottle" },
				"north": { "uv": [ 12.5, 14.5, 9, 14.75 ], "texture": "#bottle" },
				"south": { "uv": [ 12.5, 14.5, 16, 14.75 ], "texture": "#bottle" },
				"west": { "uv": [ 8.75, 8.25, 9, 8.5 ], "texture": "#bottle" },
				"east": { "uv": [ 8.75, 8.25, 8.5, 8.5 ], "texture": "#bottle" }
			}
		},
		{
			"__comment": "Voxels",
			"from": [ 1, 7, 21 ],
			"to": [ 15, 8, 22 ],
			"faces": {
				"down": { "uv": [ 9, 14.25, 12.5, 14.5 ], "texture": "#bottle" },
				"up": { "uv": [ 12.5, 14.5, 16, 14.25 ], "texture": "#bottle" },
				"north": { "uv": [ 12.5, 15, 9, 15.25 ], "texture": "#bottle" },
				"south": { "uv": [ 12.5, 15, 16, 15.25 ], "texture": "#bottle" },
				"west": { "uv": [ 8.75, 8.75, 9, 9 ], "texture": "#bottle" },
				"east": { "uv": [ 8.75, 8.75, 8.5, 9 ], "texture": "#bottle" }
			}
		},
		{
			"__comment": "Voxels",
			"from": [ 2, 7, -6 ],
			"to": [ 14, 8, -5 ],
			"faces": {
				"down": { "uv": [ 12, 13.75, 15, 14 ], "texture": "#bottle" },
				"up": { "uv": [ 9, 13.75, 12, 13.5 ], "texture": "#bottle" },
				"north": { "uv": [ 15, 13.5, 12, 13.75 ], "texture": "#bottle" },
				"south": { "uv": [ 9, 13.25, 12, 13.5 ], "texture": "#bottle" },
				"west": { "uv": [ 8.5, 9.25, 8.75, 9.5 ], "texture": "#bottle" },
				"east": { "uv": [ 9, 9.25, 8.75, 9.5 ], "texture": "#bottle" }
			}
		},
		{
			"__comment": "Voxels",
			"from": [ 2, 7, 22 ],
			"to": [ 14, 8, 23 ],
			"faces": {
				"down": { "uv": [ 13, 15.25, 16, 15.5 ], "texture": "#bottle" },
				"up": { "uv": [ 9, 14.25, 12, 14 ], "texture": "#bottle" },
				"north": { "uv": [ 15, 14, 12, 14.25 ], "texture": "#bottle" },
				"south": { "uv": [ 9, 13.75, 12, 14 ], "texture": "#bottle" },
				"west": { "uv": [ 8.5, 9, 8.75, 9.25 ], "texture": "#bottle" },
				"east": { "uv": [ 9, 9, 8.75, 9.25 ], "texture": "#bottle" }
			}
		},
		{
			"__comment": "Voxels",
			"from": [ 3, 7, -13 ],
			"to": [ 13, 8, -10 ],
			"faces": {
				"down": { "uv": [ 2, 8.75, 4.5, 9.5 ], "texture": "#bottle" },
				"up": { "uv": [ 2, 10.25, 4.5, 9.5 ], "texture": "#bottle" },
				"north": { "uv": [ 4.5, 8.5, 2, 8.75 ], "texture": "#bottle" },
				"south": { "uv": [ 2, 8.25, 4.5, 8.5 ], "texture": "#bottle" },
				"west": { "uv": [ 15, 14, 15.75, 14.25 ], "texture": "#bottle" },
				"east": { "uv": [ 15.75, 13.75, 15, 14 ], "texture": "#bottle" }
			}
		},
		{
			"__comment": "Voxels",
			"from": [ 4, 7, -14 ],
			"to": [ 12, 8, -13 ],
			"faces": {
				"down": { "uv": [ 0, 8, 2, 8.25 ], "texture": "#bottle" },
				"up": { "uv": [ 2, 8.25, 4, 8 ], "texture": "#bottle" },
				"north": { "uv": [ 14, 13.25, 12, 13.5 ], "texture": "#bottle" },
				"south": { "uv": [ 14, 13.25, 16, 13.5 ], "texture": "#bottle" },
				"west": { "uv": [ 8.5, 8.5, 8.75, 8.75 ], "texture": "#bottle" },
				"east": { "uv": [ 9, 8.5, 8.75, 8.75 ], "texture": "#bottle" }
			}
		},
		{
			"__comment": "Voxels",
			"from": [ 4, 7, -10 ],
			"to": [ 12, 8, -6 ],
			"faces": {
				"down": { "uv": [ 0, 8.25, 2, 9.25 ], "texture": "#bottle" },
				"up": { "uv": [ 0, 10.25, 2, 9.25 ], "texture": "#bottle" },
				"north": { "uv": [ 11, 13, 9, 13.25 ], "texture": "#bottle" },
				"south": { "uv": [ 11, 13, 13, 13.25 ], "texture": "#bottle" },
				"west": { "uv": [ 14.75, 15.75, 15.75, 16 ], "texture": "#bottle" },
				"east": { "uv": [ 15.75, 15.5, 14.75, 15.75 ], "texture": "#bottle" }
			}
		},
		{
			"__comment": "Voxels",
			"from": [ 4, 7, 23 ],
			"to": [ 12, 8, 24 ],
			"faces": {
				"down": { "uv": [ 13, 13, 15, 13.25 ], "texture": "#bottle" },
				"up": { "uv": [ 9, 13, 11, 12.75 ], "texture": "#bottle" },
				"north": { "uv": [ 11, 12.5, 9, 12.75 ], "texture": "#bottle" },
				"south": { "uv": [ 9, 12.25, 11, 12.5 ], "texture": "#bottle" },
				"west": { "uv": [ 8.5, 8, 8.75, 8.25 ], "texture": "#bottle" },
				"east": { "uv": [ 9, 8, 8.75, 8.25 ], "texture": "#bottle" }
			}
		}
	],
	"display": {
		"thirdperson_righthand": {
			"rotation":  [ 121, 0, 0 ],
			"translation":  [ 0, 2.0869, 2.7826 ],
			"scale":  [ 0.2, 0.5, 0.2 ]
		},
		"thirdperson_lefthand": {
			"rotation":  [ 121, 0, 0 ],
			"translation":  [ 0, 2.0869, 2.7826 ],
			"scale":  [ 0.2, 0.5, 0.2 ]
		},
		"firstperson_righthand": {
			"rotation":  [ 89, 9, 0 ],
			"translation":  [ 7.6521, -3.478, -8.347 ],
			"scale":  [ 0.5, 0.5, 0.5 ]
		},
		"firstperson_lefthand": {
			"rotation":  [ 89, 9, 0 ],
			"translation":  [ 7.6521, -3.478, -8.347 ],
			"scale":  [ 0.5, 0.5, 0.5 ]
		},
		"gui": {
			"rotation":  [ 90, 29, 0 ],
			"translation":  [ 0, -0.695, 0 ],
			"scale":  [ 0.4, 0.4, 0.4 ]
		},
		"head": {
			"rotation":  [ 90, 0, 0 ],
			"translation":  [ 0.6956, 11.824, 5.5652 ],
			"scale":  [ 0.3, 0.5, 0.3 ]
		},
		"ground": {
			"rotation":  [ 52, 0, 0 ],
			"translation":  [ 0, 3.4782, 0 ],
			"scale":  [ 0.5, 1, 0.5 ]
		},
		"fixed": {
			"rotation":  [ 90, 0, 0 ],
			"translation":  [ 0, -1.391, 0 ],
			"scale":  [ 0.5, 1, 0.5 ]
		}
	}
}