{"credit":"Made with Blockbench",
"display":{"firstperson_lefthand":{"rotation":[0,16,0],
"translation":[9.5,-8.75,-7.25]},
"firstperson_righthand":{"rotation":[0,16,0],
"translation":[9.5,-8.75,-7.25]},
"fixed":{"scale":[2,2,2],]
"translation":[0,-7.75,-1.25]},
"ground":{"scale":[0.19,0.19,0.19],
"translation":[0,7,0]},
"gui":{"scale":[0.54,0.54,0.54],
"translation":[0,1.25,0]},
"head":{"translation":[0,-13.25,6.75]},
"thirdperson_lefthand":{"rotation":[90,0,0],"scale":[4,4,4],"translation":[-6,-2,5]},
"thirdperson_righthand":{"rotation":[90,0,0],"scale":[4,4,4],"translation":[-6,-2,5]}},
"elements":[{"faces":{"down":{"texture":"#0","uv":[0,0,6,0.5]},"north":{"texture":"#0","uv":[0,0,6,0.5]},
"south":{"texture":"#0","uv":[0,0,6,0.5]},"up":{"texture":"#0","uv":[0,0,6,0.5]}},
"from":[1.9,18.9,7.4],"rotation":{"angle":0,"axis":"y","origin":[8,24,8]},
"to":[14.15,20.15,8.65]},
{"faces":{"down":{"texture":"#0","uv":[6,1.25,12,1.75]},
"east":{"texture":"#0","uv":[12,0,12.5,0.5]},
"north":{"texture":"#0","uv":[6,0,12,0.5]},
"south":{"texture":"#0","uv":[6,0,12,0.5]},
"up":{"texture":"#0","uv":[6,0.625,12,1.125]},
"west":{"texture":"#0","uv":[12,0,12.5,0.5]}},
"from":[2,19,7.5],"rotation":{"angle":0,"axis":"y","origin":[8,24,8]},"to":[14,20,8.5]},
{"faces":{"down":{"texture":"#0","uv":[0,0,6,0.5]},"north":{"texture":"#0","uv":[0,0,6,0.5]},
"south":{"texture":"#0","uv":[0,0,6,0.5]},"up":{"texture":"#0","uv":[0,0,6,0.5]}},
"from":[14.15,20.15,8.65],"rotation":{"angle":0,"axis":"y","origin":[8,24,8]},
"to":[1.9,18.9,7.4]},{"faces":{"north":{"texture":"#0","uv":[0.25,0,5.75,6]},
"south":{"texture":"#0","uv":[0.25,0,5.75,6]}},"from":[2.525,7,8],
"rotation":{"angle":0,"axis":"y","origin":[8,24,8]},"to":[13.525,19,8]},
{"faces":{"north":{"texture":"#1_0","uv":[0.25,6,5.75,14]},
"south":{"texture":"#1_0","uv":[0.25,6,5.75,14]}},
"from":[2.525,-9,8],"to":[13.525,7,8]}],
"groups":[{"children":[0,1,2,3],"name":"group","origin":[8,8,8]},
{"children":[4],"name":"luna_banner_bottom","origin":[8,8,8]}],
"textures":{"0":"item/etc/delluna_banner_1","1_0":"item/etc/delluna_banner_1","particle":"item/etc/delluna_banner_1"}}