{
	"__comment": "moon",
	"textures": {
		"particle": "item/etc/shortsword",
		"texture": "item/etc/shortsword",
		"voxels_atlas": "item/etc/shortsword"
	},
	"elements": [ 	 
		{
			"__comment": "Voxels",
			"from": [ 0, 7, 13 ],
			"to": [ 4, 8, 14 ],
			"faces": {
				"down": { "uv": [ 6, 14.5, 8, 15 ], "texture": "#voxels_atlas" },
				"up": { "uv": [ 3.5, 11, 5.5, 10.5 ], "texture": "#voxels_atlas" },
				"north": { "uv": [ 5.5, 10, 3.5, 10.5 ], "texture": "#voxels_atlas" },
				"south": { "uv": [ 3.5, 9.5, 5.5, 10 ], "texture": "#voxels_atlas" },
				"west": { "uv": [ 5.5, 8, 6, 8.5 ], "texture": "#voxels_atlas" },
				"east": { "uv": [ 6, 8.5, 5.5, 9 ], "texture": "#voxels_atlas" }
			}
		},
		{
			"__comment": "Voxels",
			"from": [ 0, 7, 14 ],
			"to": [ 3, 8, 16 ],
			"faces": {
				"down": { "uv": [ 0, 12.5, 1.5, 13.5 ], "texture": "#voxels_atlas" },
				"up": { "uv": [ 1.5, 13.5, 3, 12.5 ], "texture": "#voxels_atlas" },
				"north": { "uv": [ 7.5, 8.5, 6, 9 ], "texture": "#voxels_atlas" },
				"south": { "uv": [ 6, 8, 7.5, 8.5 ], "texture": "#voxels_atlas" },
				"west": { "uv": [ 7, 14, 8, 14.5 ], "texture": "#voxels_atlas" },
				"east": { "uv": [ 8, 13.5, 7, 14 ], "texture": "#voxels_atlas" }
			}
		},
		{
			"__comment": "Voxels",
			"from": [ 2, 7, 6 ],
			"to": [ 4, 8, 8 ],
			"faces": {
				"down": { "uv": [ 2.5, 8, 3.5, 9 ], "texture": "#voxels_atlas" },
				"up": { "uv": [ 6, 14.5, 7, 13.5 ], "texture": "#voxels_atlas" },
				"north": { "uv": [ 10.5, 15, 9.5, 15.5 ], "texture": "#voxels_atlas" },
				"south": { "uv": [ 10.5, 15, 11.5, 15.5 ], "texture": "#voxels_atlas" },
				"west": { "uv": [ 11.5, 15, 12.5, 15.5 ], "texture": "#voxels_atlas" },
				"east": { "uv": [ 13.5, 15, 12.5, 15.5 ], "texture": "#voxels_atlas" }
			}
		},
		{
			"__comment": "Voxels",
			"from": [ 2, 7, 12 ],
			"to": [ 5, 8, 13 ],
			"faces": {
				"down": { "uv": [ 8, 15.5, 9.5, 16 ], "texture": "#voxels_atlas" },
				"up": { "uv": [ 9.5, 16, 11, 15.5 ], "texture": "#voxels_atlas" },
				"north": { "uv": [ 7.5, 9.5, 6, 10 ], "texture": "#voxels_atlas" },
				"south": { "uv": [ 6, 9, 7.5, 9.5 ], "texture": "#voxels_atlas" },
				"west": { "uv": [ 7.5, 9.5, 8, 10 ], "texture": "#voxels_atlas" },
				"east": { "uv": [ 8, 9, 7.5, 9.5 ], "texture": "#voxels_atlas" }
			}
		},
		{
			"__comment": "Voxels",
			"from": [ 3, 7, 8 ],
			"to": [ 10, 8, 9 ],
			"faces": {
				"down": { "uv": [ 0, 15.5, 3.5, 16 ], "texture": "#voxels_atlas" },
				"up": { "uv": [ 0, 14.5, 3.5, 14 ], "texture": "#voxels_atlas" },
				"north": { "uv": [ 3.5, 15, 0, 15.5 ], "texture": "#voxels_atlas" },
				"south": { "uv": [ 0, 14.5, 3.5, 15 ], "texture": "#voxels_atlas" },
				"west": { "uv": [ 5.5, 10, 6, 10.5 ], "texture": "#voxels_atlas" },
				"east": { "uv": [ 6, 10.5, 5.5, 11 ], "texture": "#voxels_atlas" }
			}
		},
		{
			"__comment": "Voxels",
			"from": [ 3, 7, 9 ],
			"to": [ 9, 8, 10 ],
			"faces": {
				"down": { "uv": [ 0, 13.5, 3, 14 ], "texture": "#voxels_atlas" },
				"up": { "uv": [ 0, 12.5, 3, 12 ], "texture": "#voxels_atlas" },
				"north": { "uv": [ 3, 11.5, 0, 12 ], "texture": "#voxels_atlas" },
				"south": { "uv": [ 0, 11, 3, 11.5 ], "texture": "#voxels_atlas" },
				"west": { "uv": [ 3, 9, 3.5, 9.5 ], "texture": "#voxels_atlas" },
				"east": { "uv": [ 3.5, 9.5, 3, 10 ], "texture": "#voxels_atlas" }
			}
		},
		{
			"__comment": "Voxels",
			"from": [ 3, 7, 11 ],
			"to": [ 9, 8, 12 ],
			"faces": {
				"down": { "uv": [ 0, 10.5, 3, 11 ], "texture": "#voxels_atlas" },
				"up": { "uv": [ 0, 10.5, 3, 10 ], "texture": "#voxels_atlas" },
				"north": { "uv": [ 3, 9.5, 0, 10 ], "texture": "#voxels_atlas" },
				"south": { "uv": [ 0, 9, 3, 9.5 ], "texture": "#voxels_atlas" },
				"west": { "uv": [ 3, 11, 3.5, 11.5 ], "texture": "#voxels_atlas" },
				"east": { "uv": [ 3.5, 11.5, 3, 12 ], "texture": "#voxels_atlas" }
			}
		},
		{
			"__comment": "Voxels",
			"from": [ 4, 7, 7 ],
			"to": [ 5, 8, 8 ],
			"faces": {
				"down": { "uv": [ 3, 12, 3.5, 12.5 ], "texture": "#voxels_atlas" },
				"up": { "uv": [ 3, 13, 3.5, 12.5 ], "texture": "#voxels_atlas" },
				"north": { "uv": [ 16, 15, 15.5, 15.5 ], "texture": "#voxels_atlas" },
				"south": { "uv": [ 15.5, 15.5, 16, 16 ], "texture": "#voxels_atlas" },
				"west": { "uv": [ 8.5, 12, 9, 12.5 ], "texture": "#voxels_atlas" },
				"east": { "uv": [ 8.5, 12, 8, 12.5 ], "texture": "#voxels_atlas" }
			}
		},
		{
			"__comment": "Voxels",
			"from": [ 4, 7, 10 ],
			"to": [ 8, 8, 11 ],
			"faces": {
				"down": { "uv": [ 6, 15.5, 8, 16 ], "texture": "#voxels_atlas" },
				"up": { "uv": [ 6, 15.5, 8, 15 ], "texture": "#voxels_atlas" },
				"north": { "uv": [ 8, 13, 6, 13.5 ], "texture": "#voxels_atlas" },
				"south": { "uv": [ 6, 12.5, 8, 13 ], "texture": "#voxels_atlas" },
				"west": { "uv": [ 8, 12.5, 8.5, 13 ], "texture": "#voxels_atlas" },
				"east": { "uv": [ 9, 12.5, 8.5, 13 ], "texture": "#voxels_atlas" }
			}
		},
		{
			"__comment": "Voxels",
			"from": [ 6, 7, 7 ],
			"to": [ 11, 8, 8 ],
			"faces": {
				"down": { "uv": [ 3.5, 11, 6, 11.5 ], "texture": "#voxels_atlas" },
				"up": { "uv": [ 3.5, 12, 6, 11.5 ], "texture": "#voxels_atlas" },
				"north": { "uv": [ 6, 12, 3.5, 12.5 ], "texture": "#voxels_atlas" },
				"south": { "uv": [ 3.5, 12.5, 6, 13 ], "texture": "#voxels_atlas" },
				"west": { "uv": [ 8, 13.5, 8.5, 14 ], "texture": "#voxels_atlas" },
				"east": { "uv": [ 9, 13.5, 8.5, 14 ], "texture": "#voxels_atlas" }
			}
		},
		{
			"__comment": "Voxels",
			"from": [ 6, 7, 12 ],
			"to": [ 10, 8, 13 ],
			"faces": {
				"down": { "uv": [ 6, 12, 8, 12.5 ], "texture": "#voxels_atlas" },
				"up": { "uv": [ 6, 12, 8, 11.5 ], "texture": "#voxels_atlas" },
				"north": { "uv": [ 8, 11, 6, 11.5 ], "texture": "#voxels_atlas" },
				"south": { "uv": [ 6, 10.5, 8, 11 ], "texture": "#voxels_atlas" },
				"west": { "uv": [ 3, 13.5, 3.5, 14 ], "texture": "#voxels_atlas" },
				"east": { "uv": [ 3.5, 13, 3, 13.5 ], "texture": "#voxels_atlas" }
			}
		},
		{
			"__comment": "Voxels",
			"from": [ 7, 7, 6 ],
			"to": [ 12, 8, 7 ],
			"faces": {
				"down": { "uv": [ 3.5, 13, 6, 13.5 ], "texture": "#voxels_atlas" },
				"up": { "uv": [ 3.5, 14, 6, 13.5 ], "texture": "#voxels_atlas" },
				"north": { "uv": [ 6, 14, 3.5, 14.5 ], "texture": "#voxels_atlas" },
				"south": { "uv": [ 3.5, 14.5, 6, 15 ], "texture": "#voxels_atlas" },
				"west": { "uv": [ 3, 10.5, 3.5, 11 ], "texture": "#voxels_atlas" },
				"east": { "uv": [ 3.5, 10, 3, 10.5 ], "texture": "#voxels_atlas" }
			}
		},
		{
			"__comment": "Voxels",
			"from": [ 8, 7, 5 ],
			"to": [ 13, 8, 6 ],
			"faces": {
				"down": { "uv": [ 3.5, 15, 6, 15.5 ], "texture": "#voxels_atlas" },
				"up": { "uv": [ 3.5, 16, 6, 15.5 ], "texture": "#voxels_atlas" },
				"north": { "uv": [ 2.5, 8, 0, 8.5 ], "texture": "#voxels_atlas" },
				"south": { "uv": [ 0, 8.5, 2.5, 9 ], "texture": "#voxels_atlas" },
				"west": { "uv": [ 5.5, 9.5, 6, 10 ], "texture": "#voxels_atlas" },
				"east": { "uv": [ 6, 9, 5.5, 9.5 ], "texture": "#voxels_atlas" }
			}
		},
		{
			"__comment": "Voxels",
			"from": [ 8, 7, 13 ],
			"to": [ 10, 8, 14 ],
			"faces": {
				"down": { "uv": [ 13.5, 15, 14.5, 15.5 ], "texture": "#voxels_atlas" },
				"up": { "uv": [ 14.5, 15.5, 15.5, 15 ], "texture": "#voxels_atlas" },
				"north": { "uv": [ 9, 14.5, 8, 15 ], "texture": "#voxels_atlas" },
				"south": { "uv": [ 8, 14, 9, 14.5 ], "texture": "#voxels_atlas" },
				"west": { "uv": [ 7.5, 8.5, 8, 9 ], "texture": "#voxels_atlas" },
				"east": { "uv": [ 8, 8, 7.5, 8.5 ], "texture": "#voxels_atlas" }
			}
		},
		{
			"__comment": "Voxels",
			"from": [ 9, 7, 4 ],
			"to": [ 13, 8, 5 ],
			"faces": {
				"down": { "uv": [ 6, 10, 8, 10.5 ], "texture": "#voxels_atlas" },
				"up": { "uv": [ 3.5, 9.5, 5.5, 9 ], "texture": "#voxels_atlas" },
				"north": { "uv": [ 5.5, 8.5, 3.5, 9 ], "texture": "#voxels_atlas" },
				"south": { "uv": [ 3.5, 8, 5.5, 8.5 ], "texture": "#voxels_atlas" },
				"west": { "uv": [ 8, 13, 8.5, 13.5 ], "texture": "#voxels_atlas" },
				"east": { "uv": [ 9, 13, 8.5, 13.5 ], "texture": "#voxels_atlas" }
			}
		},
		{
			"__comment": "Voxels",
			"from": [ 10, 7, 3 ],
			"to": [ 13, 8, 4 ],
			"faces": {
				"down": { "uv": [ 11, 15.5, 12.5, 16 ], "texture": "#voxels_atlas" },
				"up": { "uv": [ 12.5, 16, 14, 15.5 ], "texture": "#voxels_atlas" },
				"north": { "uv": [ 15.5, 15.5, 14, 16 ], "texture": "#voxels_atlas" },
				"south": { "uv": [ 8, 15, 9.5, 15.5 ], "texture": "#voxels_atlas" },
				"west": { "uv": [ 8, 11.5, 8.5, 12 ], "texture": "#voxels_atlas" },
				"east": { "uv": [ 9, 11.5, 8.5, 12 ], "texture": "#voxels_atlas" }
			}
		}
	],
	"display": {
		"thirdperson_righthand": {
			"rotation":  [ 40, 0, 90 ],
			"translation":  [ -0.606, 3.4782, 1.3912 ],
			"scale":  [ 0.7, 0.7, 0.7 ]
		},
		"thirdperson_lefthand": {
			"rotation":  [ 140, 0, 90 ],
			"translation":  [ -0.606, 3.4782, 2.0868 ],
			"scale":  [ 0.7, 0.7, 0.7 ]
		},
		"firstperson_righthand": {
			"rotation":  [ 56, 3, 69 ],
			"translation":  [ 7.6521, 3.4782, -6.258 ]
		},
		"firstperson_lefthand": {
			"rotation":  [ 56, 3, -110 ],
			"translation":  [ 7.6521, 3.4782, -6.258 ]
		},
		"gui": {
			"rotation":  [ 90, 0, 0 ],
			"translation":  [ 2.0869, 2.0869, 0 ]
		},
		"head": {
			"rotation":  [ 90, 0, 0 ],
			"translation":  [ 2.7826, -12.5, 4.8695 ]
		},
		"ground": {
			"rotation":  [ 90, 0, 0 ],
			"translation":  [ 0, 6.9565, 0 ]
		},
		"fixed": {
			"rotation":  [ 90, 0, 0 ],
			"translation":  [ 1.3913, 2.0869, -0.695 ]
		}
	}
}