{
	"credit": "Made with Blockbench",
	"texture_size": [32, 32],
	"textures": {
		"0": "item/etc/halloween_scythe",
		"particle": "item/etc/halloween_scythe"
	},
	"gui_light": "front",
	"elements": [
		{
			"name": "막대",
			"from": [9, -15.5, 0],
			"to": [10, 10.5, 1],
			"faces": {
				"north": {"uv": [0, 0, 0.5, 13], "texture": "#0"},
				"east": {"uv": [0.5, 0, 1, 13], "texture": "#0"},
				"south": {"uv": [1, 0, 1.5, 13], "texture": "#0"},
				"west": {"uv": [1.5, 0, 2, 13], "texture": "#0"},
				"up": {"uv": [10.5, 7.5, 10, 7], "texture": "#0"},
				"down": {"uv": [8, 10, 7.5, 10.5], "texture": "#0"}
			}
		},
		{
			"from": [-3.74415, 9.46841, 0],
			"to": [-2.14415, 10.09341, 1],
			"rotation": {"angle": 45, "axis": "z", "origin": [-2.34415, 8.34341, 0.5]},
			"faces": {
				"north": {"uv": [9.5, 5.5, 10.5, 6], "texture": "#0"},
				"east": {"uv": [10.5, 3.5, 11, 4], "texture": "#0"},
				"south": {"uv": [10, 1, 11, 1.5], "texture": "#0"},
				"west": {"uv": [10.5, 4, 11, 4.5], "texture": "#0"},
				"up": {"uv": [5.5, 10.5, 4.5, 10], "texture": "#0"},
				"down": {"uv": [7.5, 10, 6.5, 10.5], "texture": "#0"}
			}
		},
		{
			"from": [8.75, 10.5, -0.25],
			"to": [10.25, 17.5, 1.25],
			"faces": {
				"north": {"uv": [3.5, 0, 4.5, 3.5], "texture": "#0"},
				"east": {"uv": [3.5, 3.5, 4.5, 7], "texture": "#0"},
				"south": {"uv": [4.5, 0, 5.5, 3.5], "texture": "#0"},
				"west": {"uv": [4.5, 3.5, 5.5, 7], "texture": "#0"},
				"up": {"uv": [9, 6, 8, 5], "texture": "#0"},
				"down": {"uv": [6.5, 8, 5.5, 9], "texture": "#0"}
			}
		},
		{
			"from": [7.25, 11.5, 0],
			"to": [9, 17.25, 1],
			"faces": {
				"north": {"uv": [2, 5, 3, 8], "texture": "#0"},
				"east": {"uv": [3, 5, 3.5, 8], "texture": "#0"},
				"south": {"uv": [5.5, 0, 6.5, 3], "texture": "#0"},
				"west": {"uv": [6.5, 5, 7, 8], "texture": "#0"},
				"up": {"uv": [10.5, 2, 9.5, 1.5], "texture": "#0"},
				"down": {"uv": [10.5, 2, 9.5, 2.5], "texture": "#0"}
			}
		},
		{
			"from": [5.5, 11.5, 0],
			"to": [7.25, 16.75, 1],
			"faces": {
				"north": {"uv": [5.5, 3, 6.5, 5.5], "texture": "#0"},
				"east": {"uv": [3.5, 7, 4, 9.5], "texture": "#0"},
				"south": {"uv": [5.5, 5.5, 6.5, 8], "texture": "#0"},
				"west": {"uv": [4, 7, 4.5, 9.5], "texture": "#0"},
				"up": {"uv": [10.5, 3, 9.5, 2.5], "texture": "#0"},
				"down": {"uv": [10.5, 3, 9.5, 3.5], "texture": "#0"}
			}
		},
		{
			"from": [3.575, 11, 0],
			"to": [6.325, 16, 1],
			"faces": {
				"north": {"uv": [2, 0, 3.5, 2.5], "texture": "#0"},
				"east": {"uv": [4.5, 7, 5, 9.5], "texture": "#0"},
				"south": {"uv": [2, 2.5, 3.5, 5], "texture": "#0"},
				"west": {"uv": [5, 7, 5.5, 9.5], "texture": "#0"},
				"up": {"uv": [10.5, 6.5, 9, 6], "texture": "#0"},
				"down": {"uv": [10.5, 6.5, 9, 7], "texture": "#0"}
			}
		},
		{
			"from": [1.325, 10.475, 0],
			"to": [3.575, 15.5, 1],
			"faces": {
				"north": {"uv": [6.5, 0, 7.5, 2.5], "texture": "#0"},
				"east": {"uv": [7, 5, 7.5, 7.5], "texture": "#0"},
				"south": {"uv": [6.5, 2.5, 7.5, 5], "texture": "#0"},
				"west": {"uv": [7.5, 0, 8, 2.5], "texture": "#0"},
				"up": {"uv": [4.5, 10, 3.5, 9.5], "texture": "#0"},
				"down": {"uv": [10.5, 3.5, 9.5, 4], "texture": "#0"}
			}
		},
		{
			"from": [0.075, 9.95, 0],
			"to": [1.325, 14.75, 1],
			"faces": {
				"north": {"uv": [7.5, 2.5, 8, 5], "texture": "#0"},
				"east": {"uv": [7.5, 5, 8, 7.5], "texture": "#0"},
				"south": {"uv": [7, 7.5, 7.5, 10], "texture": "#0"},
				"west": {"uv": [7.5, 7.5, 8, 10], "texture": "#0"},
				"up": {"uv": [10.5, 8, 10, 7.5], "texture": "#0"},
				"down": {"uv": [8.5, 10, 8, 10.5], "texture": "#0"}
			}
		},
		{
			"from": [-1.175, 9.575, 0],
			"to": [0.075, 14, 1],
			"faces": {
				"north": {"uv": [3, 8, 3.5, 10], "texture": "#0"},
				"east": {"uv": [8, 6, 8.5, 8], "texture": "#0"},
				"south": {"uv": [6.5, 8, 7, 10], "texture": "#0"},
				"west": {"uv": [8, 8, 8.5, 10], "texture": "#0"},
				"up": {"uv": [10.5, 8.5, 10, 8], "texture": "#0"},
				"down": {"uv": [9, 10, 8.5, 10.5], "texture": "#0"}
			}
		},
		{
			"from": [-1.925, 9.275, 0],
			"to": [-1.175, 13.25, 1],
			"faces": {
				"north": {"uv": [8.5, 0, 9, 2], "texture": "#0"},
				"east": {"uv": [8.5, 2, 9, 4], "texture": "#0"},
				"south": {"uv": [8.5, 6, 9, 8], "texture": "#0"},
				"west": {"uv": [8.5, 8, 9, 10], "texture": "#0"},
				"up": {"uv": [10.5, 9, 10, 8.5], "texture": "#0"},
				"down": {"uv": [9.5, 10, 9, 10.5], "texture": "#0"}
			}
		},
		{
			"from": [-2.675, 9, 0],
			"to": [-1.925, 12.5, 1],
			"faces": {
				"north": {"uv": [9, 0, 9.5, 2], "texture": "#0"},
				"east": {"uv": [9, 2, 9.5, 4], "texture": "#0"},
				"south": {"uv": [9, 4, 9.5, 6], "texture": "#0"},
				"west": {"uv": [5.5, 9, 6, 11], "texture": "#0"},
				"up": {"uv": [10.5, 9.5, 10, 9], "texture": "#0"},
				"down": {"uv": [10, 10, 9.5, 10.5], "texture": "#0"}
			}
		},
		{
			"from": [-3.175, 8.75, 0],
			"to": [-2.675, 12, 1],
			"faces": {
				"north": {"uv": [6, 9, 6.5, 10.5], "texture": "#0"},
				"east": {"uv": [9, 7, 9.5, 8.5], "texture": "#0"},
				"south": {"uv": [9, 8.5, 9.5, 10], "texture": "#0"},
				"west": {"uv": [9.5, 0, 10, 1.5], "texture": "#0"},
				"up": {"uv": [10.5, 10, 10, 9.5], "texture": "#0"},
				"down": {"uv": [10.5, 10, 10, 10.5], "texture": "#0"}
			}
		},
		{
			"from": [-3.675, 8.75, 0],
			"to": [-3.175, 10.75, 1],
			"faces": {
				"north": {"uv": [8.5, 4, 9, 5], "texture": "#0"},
				"east": {"uv": [9.5, 7, 10, 8], "texture": "#0"},
				"south": {"uv": [9.5, 8, 10, 9], "texture": "#0"},
				"west": {"uv": [9.5, 9, 10, 10], "texture": "#0"},
				"up": {"uv": [11, 2.5, 10.5, 2], "texture": "#0"},
				"down": {"uv": [3, 10.5, 2.5, 11], "texture": "#0"}
			}
		},
		{
			"from": [-3.9594, 7.25657, 0],
			"to": [-3.4594, 12.05657, 1],
			"rotation": {"angle": -22.5, "axis": "z", "origin": [-3.7094, 10.05657, 0.5]},
			"faces": {
				"north": {"uv": [8, 0, 8.5, 2.5], "texture": "#0"},
				"east": {"uv": [2, 8, 2.5, 10.5], "texture": "#0"},
				"south": {"uv": [2.5, 8, 3, 10.5], "texture": "#0"},
				"west": {"uv": [8, 2.5, 8.5, 5], "texture": "#0"},
				"up": {"uv": [11, 0.5, 10.5, 0], "texture": "#0"},
				"down": {"uv": [11, 0.5, 10.5, 1], "texture": "#0"}
			}
		},
		{
			"from": [-4.59415, 9.21841, 0],
			"to": [-2.64415, 9.59341, 1],
			"rotation": {"angle": 45, "axis": "z", "origin": [-2.34415, 8.34341, 0.5]},
			"faces": {
				"north": {"uv": [9.5, 4, 10.5, 4.5], "texture": "#0"},
				"east": {"uv": [10.5, 1.5, 11, 2], "texture": "#0"},
				"south": {"uv": [4.5, 9.5, 5.5, 10], "texture": "#0"},
				"west": {"uv": [2, 10.5, 2.5, 11], "texture": "#0"},
				"up": {"uv": [10.5, 5, 9.5, 4.5], "texture": "#0"},
				"down": {"uv": [10.5, 5, 9.5, 5.5], "texture": "#0"}
			}
		}
	],
	"display": {
		"thirdperson_righthand": {
			"rotation": [0, -90, 0],
			"translation": [-8.5, 9, -0.5]
		},
		"thirdperson_lefthand": {
			"rotation": [68, -180, -27],
			"translation": [-10.5, 0.25, 10.75],
			"scale": [0.86, 0.92, 0.98]
		},
		"firstperson_righthand": {
			"rotation": [180, -80.75, 180],
			"scale": [0.7, 0.7, 0.41]
		},
		"firstperson_lefthand": {
			"rotation": [0, 77, 0],
			"translation": [7.5, 0, 0],
			"scale": [0.7, 0.7, 0.41]
		},
		"ground": {
			"rotation": [58.24, 24.1, 5.22],
			"translation": [1.5, 0, 6.5],
			"scale": [0.7, 0.7, 0.7]
		},
		"gui": {
			"rotation": [0, 0, 39],
			"translation": [-1.5, 2.5, 0],
			"scale": [0.5, 0.5, 0.7]
		},
		"head": {
			"rotation": [9.25, 0, 90],
			"translation": [-8.5, -8.25, 0.75]
		},
		"fixed": {
			"rotation": [0, 0, 90],
			"translation": [-8.75, 5.5, 7],
			"scale": [1.2, 1.2, 1.2]
		}
	},
	"groups": [
		0,
		{
			"name": "날",
			"origin": [-2.34415, 8.34341, 0.5],
			"color": 0,
			"children": [1, 2, 3, 4, 5, 6, 7, 8, 9, 10, 11, 12, 13, 14]
		}
	]
}