{
	"__comment": "moon",
	"textures": {
		"particle": "item/fish/regalecidae",
		"regalecidae": "item/fish/regalecidae"
	},
	"elements": [ 	 
		{
			"__comment": "Voxels",
			"from": [ -15.2, 6.4, -0.8 ],
			"to": [ 18.4, 8.799999, 0.8000001 ],
			"faces": {
				"down": { "uv": [ 0, 12.75, 5.25, 13 ], "texture": "#regalecidae" },
				"up": { "uv": [ 0, 12.75, 5.25, 12.5 ], "texture": "#regalecidae" },
				"north": { "uv": [ 5.25, 15.625, 0, 16 ], "texture": "#regalecidae" },
				"south": { "uv": [ 0, 15.25, 5.25, 15.625 ], "texture": "#regalecidae" },
				"west": { "uv": [ 3.5, 8.375, 3.75, 8.75 ], "texture": "#regalecidae" },
				"east": { "uv": [ 3.75, 8, 3.5, 8.375 ], "texture": "#regalecidae" }
			}
		},
		{
			"__comment": "Voxels",
			"from": [ -15.2, 6.4, 0.8 ],
			"to": [ 8.8, 8.799999, 1.6 ],
			"faces": {
				"down": { "uv": [ 0, 10.125, 3.75, 10.25 ], "texture": "#regalecidae" },
				"up": { "uv": [ 0, 10.125, 3.75, 10 ], "texture": "#regalecidae" },
				"north": { "uv": [ 3.75, 13.375, 0, 13.75 ], "texture": "#regalecidae" },
				"south": { "uv": [ 0, 13, 3.75, 13.375 ], "texture": "#regalecidae" },
				"west": { "uv": [ 7.875, 15.5, 8, 15.875 ], "texture": "#regalecidae" },
				"east": { "uv": [ 8, 15.125, 7.875, 15.5 ], "texture": "#regalecidae" }
			}
		},
		{
			"__comment": "Voxels",
			"from": [ -15.2, 7.2, 1.6 ],
			"to": [ -5.599999, 8, 2.4 ],
			"faces": {
				"down": { "uv": [ 3.75, 13.625, 5.25, 13.75 ], "texture": "#regalecidae" },
				"up": { "uv": [ 3.75, 13.625, 5.25, 13.5 ], "texture": "#regalecidae" },
				"north": { "uv": [ 5.25, 13.375, 3.75, 13.5 ], "texture": "#regalecidae" },
				"south": { "uv": [ 3.75, 13.25, 5.25, 13.375 ], "texture": "#regalecidae" },
				"west": { "uv": [ 7.875, 10.375, 8, 10.5 ], "texture": "#regalecidae" },
				"east": { "uv": [ 8, 10.25, 7.875, 10.375 ], "texture": "#regalecidae" }
			}
		},
		{
			"__comment": "Voxels",
			"from": [ -14.4, 5.6, -1.6 ],
			"to": [ -12.8, 9.6, -0.7999999 ],
			"faces": {
				"down": { "uv": [ 5, 9.875, 5.25, 10 ], "texture": "#regalecidae" },
				"up": { "uv": [ 5, 9.875, 5.25, 9.75 ], "texture": "#regalecidae" },
				"north": { "uv": [ 3.25, 8.125, 3, 8.75 ], "texture": "#regalecidae" },
				"south": { "uv": [ 3.25, 8.125, 3.5, 8.75 ], "texture": "#regalecidae" },
				"west": { "uv": [ 6.375, 8.75, 6.5, 9.375 ], "texture": "#regalecidae" },
				"east": { "uv": [ 6.5, 8.125, 6.375, 8.75 ], "texture": "#regalecidae" }
			}
		},
		{
			"__comment": "Voxels",
			"from": [ -14.4, 5.6, -0.8 ],
			"to": [ -12.8, 6.4, 0.8000001 ],
			"faces": {
				"down": { "uv": [ 6.5, 8, 6.75, 8.25 ], "texture": "#regalecidae" },
				"up": { "uv": [ 5, 8.25, 5.25, 8 ], "texture": "#regalecidae" },
				"north": { "uv": [ 5.25, 9.625, 5, 9.75 ], "texture": "#regalecidae" },
				"south": { "uv": [ 5, 9.5, 5.25, 9.625 ], "texture": "#regalecidae" },
				"west": { "uv": [ 3, 8, 3.25, 8.125 ], "texture": "#regalecidae" },
				"east": { "uv": [ 3.5, 8, 3.25, 8.125 ], "texture": "#regalecidae" }
			}
		},
		{
			"__comment": "Voxels",
			"from": [ -14.4, 6.4, -2.4 ],
			"to": [ 10.4, 8.799999, -1.6 ],
			"faces": {
				"down": { "uv": [ 0, 10.625, 3.875, 10.75 ], "texture": "#regalecidae" },
				"up": { "uv": [ 0, 10.625, 3.875, 10.5 ], "texture": "#regalecidae" },
				"north": { "uv": [ 3.875, 14.125, 0, 14.5 ], "texture": "#regalecidae" },
				"south": { "uv": [ 0, 13.75, 3.875, 14.125 ], "texture": "#regalecidae" },
				"west": { "uv": [ 7.875, 14, 8, 14.375 ], "texture": "#regalecidae" },
				"east": { "uv": [ 8, 13.625, 7.875, 14 ], "texture": "#regalecidae" }
			}
		},
		{
			"__comment": "Voxels",
			"from": [ -14.4, 7.2, -3.2 ],
			"to": [ 11.2, 8, -2.4 ],
			"faces": {
				"down": { "uv": [ 0, 11.125, 4, 11.25 ], "texture": "#regalecidae" },
				"up": { "uv": [ 0, 11.125, 4, 11 ], "texture": "#regalecidae" },
				"north": { "uv": [ 4, 10.875, 0, 11 ], "texture": "#regalecidae" },
				"south": { "uv": [ 0, 10.75, 4, 10.875 ], "texture": "#regalecidae" },
				"west": { "uv": [ 7.875, 10.125, 8, 10.25 ], "texture": "#regalecidae" },
				"east": { "uv": [ 8, 9.25, 7.875, 9.375 ], "texture": "#regalecidae" }
			}
		},
		{
			"__comment": "Voxels",
			"from": [ -14.4, 8.8, -0.8 ],
			"to": [ -12.8, 9.6, 0.8000001 ],
			"faces": {
				"down": { "uv": [ 7.5, 8.125, 7.75, 8.375 ], "texture": "#regalecidae" },
				"up": { "uv": [ 6.75, 8.25, 7, 8 ], "texture": "#regalecidae" },
				"north": { "uv": [ 5.25, 9.125, 5, 9.25 ], "texture": "#regalecidae" },
				"south": { "uv": [ 5, 9, 5.25, 9.125 ], "texture": "#regalecidae" },
				"west": { "uv": [ 5, 8.875, 5.25, 9 ], "texture": "#regalecidae" },
				"east": { "uv": [ 5.25, 8.75, 5, 8.875 ], "texture": "#regalecidae" }
			}
		},
		{
			"__comment": "Voxels",
			"from": [ -13.6, 6.4, -3.2 ],
			"to": [ -12, 7.2, -2.4 ],
			"faces": {
				"down": { "uv": [ 5, 8.625, 5.25, 8.75 ], "texture": "#regalecidae" },
				"up": { "uv": [ 5, 8.625, 5.25, 8.5 ], "texture": "#regalecidae" },
				"north": { "uv": [ 5.25, 8.375, 5, 8.5 ], "texture": "#regalecidae" },
				"south": { "uv": [ 5, 8.25, 5.25, 8.375 ], "texture": "#regalecidae" },
				"west": { "uv": [ 7.875, 8.5, 8, 8.625 ], "texture": "#regalecidae" },
				"east": { "uv": [ 8, 8.125, 7.875, 8.25 ], "texture": "#regalecidae" }
			}
		},
		{
			"__comment": "Voxels",
			"from": [ -13.6, 7.2, -4 ],
			"to": [ 3.200002, 8, -3.2 ],
			"faces": {
				"down": { "uv": [ 0, 8.125, 2.625, 8.25 ], "texture": "#regalecidae" },
				"up": { "uv": [ 0, 8.125, 2.625, 8 ], "texture": "#regalecidae" },
				"north": { "uv": [ 7.875, 15.875, 5.25, 16 ], "texture": "#regalecidae" },
				"south": { "uv": [ 5.25, 15.75, 7.875, 15.875 ], "texture": "#regalecidae" },
				"west": { "uv": [ 8.125, 8.875, 8.25, 9 ], "texture": "#regalecidae" },
				"east": { "uv": [ 8.125, 8.625, 8, 8.75 ], "texture": "#regalecidae" }
			}
		},
		{
			"__comment": "Voxels",
			"from": [ -13.6, 8, -3.2 ],
			"to": [ -12, 8.8, -2.4 ],
			"faces": {
				"down": { "uv": [ 7.625, 10.75, 7.875, 10.875 ], "texture": "#regalecidae" },
				"up": { "uv": [ 7.625, 10.75, 7.875, 10.625 ], "texture": "#regalecidae" },
				"north": { "uv": [ 7.875, 10.5, 7.625, 10.625 ], "texture": "#regalecidae" },
				"south": { "uv": [ 7.625, 10.375, 7.875, 10.5 ], "texture": "#regalecidae" },
				"west": { "uv": [ 8.125, 8.625, 8.25, 8.75 ], "texture": "#regalecidae" },
				"east": { "uv": [ 8.125, 8.5, 8, 8.625 ], "texture": "#regalecidae" }
			}
		},
		{
			"__comment": "Voxels",
			"from": [ -12.8, 6.4, -4 ],
			"to": [ -11.2, 7.2, -3.2 ],
			"faces": {
				"down": { "uv": [ 7.625, 10, 7.875, 10.125 ], "texture": "#regalecidae" },
				"up": { "uv": [ 7.625, 10, 7.875, 9.875 ], "texture": "#regalecidae" },
				"north": { "uv": [ 7.875, 9.75, 7.625, 9.875 ], "texture": "#regalecidae" },
				"south": { "uv": [ 14.75, 15.75, 15, 15.875 ], "texture": "#regalecidae" },
				"west": { "uv": [ 7.75, 11.25, 7.875, 11.375 ], "texture": "#regalecidae" },
				"east": { "uv": [ 12.5, 15.625, 12.375, 15.75 ], "texture": "#regalecidae" }
			}
		},
		{
			"__comment": "Voxels",
			"from": [ -12.8, 6.4, -1.6 ],
			"to": [ 14.4, 8.799999, -0.7999999 ],
			"faces": {
				"down": { "uv": [ 0, 11.375, 4.25, 11.5 ], "texture": "#regalecidae" },
				"up": { "uv": [ 0, 11.375, 4.25, 11.25 ], "texture": "#regalecidae" },
				"north": { "uv": [ 4.25, 14.5, 0, 14.875 ], "texture": "#regalecidae" },
				"south": { "uv": [ 0, 14.875, 4.25, 15.25 ], "texture": "#regalecidae" },
				"west": { "uv": [ 7.875, 13.25, 8, 13.625 ], "texture": "#regalecidae" },
				"east": { "uv": [ 8, 12.875, 7.875, 13.25 ], "texture": "#regalecidae" }
			}
		},
		{
			"__comment": "Voxels",
			"from": [ -12.8, 7.2, -4.8 ],
			"to": [ -9.599999, 8, -4 ],
			"faces": {
				"down": { "uv": [ 7.875, 15.875, 8.375, 16 ], "texture": "#regalecidae" },
				"up": { "uv": [ 7, 8.125, 7.5, 8 ], "texture": "#regalecidae" },
				"north": { "uv": [ 7.5, 8.375, 7, 8.5 ], "texture": "#regalecidae" },
				"south": { "uv": [ 7, 8.5, 7.5, 8.625 ], "texture": "#regalecidae" },
				"west": { "uv": [ 12.25, 15.625, 12.375, 15.75 ], "texture": "#regalecidae" },
				"east": { "uv": [ 11, 15.625, 10.875, 15.75 ], "texture": "#regalecidae" }
			}
		},
		{
			"__comment": "Voxels",
			"from": [ -12.8, 8, -4 ],
			"to": [ -11.2, 8.8, -3.2 ],
			"faces": {
				"down": { "uv": [ 8, 11.75, 8.25, 11.875 ], "texture": "#regalecidae" },
				"up": { "uv": [ 8, 12, 8.25, 11.875 ], "texture": "#regalecidae" },
				"north": { "uv": [ 8.25, 12, 8, 12.125 ], "texture": "#regalecidae" },
				"south": { "uv": [ 8, 12.625, 8.25, 12.75 ], "texture": "#regalecidae" },
				"west": { "uv": [ 9.25, 15.625, 9.375, 15.75 ], "texture": "#regalecidae" },
				"east": { "uv": [ 9.25, 15.625, 9.125, 15.75 ], "texture": "#regalecidae" }
			}
		},
		{
			"__comment": "Voxels",
			"from": [ -12, 5.6, -0.8 ],
			"to": [ 16.8, 6.4, 0.00000006 ],
			"faces": {
				"down": { "uv": [ 0, 12, 4.5, 12.125 ], "texture": "#regalecidae" },
				"up": { "uv": [ 0, 12, 4.5, 11.875 ], "texture": "#regalecidae" },
				"north": { "uv": [ 4.5, 12.25, 0, 12.375 ], "texture": "#regalecidae" },
				"south": { "uv": [ 0, 11.5, 4.5, 11.625 ], "texture": "#regalecidae" },
				"west": { "uv": [ 9, 15.625, 9.125, 15.75 ], "texture": "#regalecidae" },
				"east": { "uv": [ 8.25, 8.125, 8.125, 8.25 ], "texture": "#regalecidae" }
			}
		},
		{
			"__comment": "Voxels",
			"from": [ -12, 6.4, -4.8 ],
			"to": [ -10.4, 7.2, -4 ],
			"faces": {
				"down": { "uv": [ 15.75, 15.75, 16, 15.875 ], "texture": "#regalecidae" },
				"up": { "uv": [ 8, 12.875, 8.25, 12.75 ], "texture": "#regalecidae" },
				"north": { "uv": [ 8.25, 12.875, 8, 13 ], "texture": "#regalecidae" },
				"south": { "uv": [ 8, 13.875, 8.25, 14 ], "texture": "#regalecidae" },
				"west": { "uv": [ 7.875, 9.375, 8, 9.5 ], "texture": "#regalecidae" },
				"east": { "uv": [ 8, 9.5, 7.875, 9.625 ], "texture": "#regalecidae" }
			}
		},
		{
			"__comment": "Voxels",
			"from": [ -12, 7.2, -5.6 ],
			"to": [ -7.2, 8, -4.8 ],
			"faces": {
				"down": { "uv": [ 4.5, 11.75, 5.25, 11.875 ], "texture": "#regalecidae" },
				"up": { "uv": [ 4.5, 12, 5.25, 11.875 ], "texture": "#regalecidae" },
				"north": { "uv": [ 5.25, 12, 4.5, 12.125 ], "texture": "#regalecidae" },
				"south": { "uv": [ 4.5, 12.375, 5.25, 12.5 ], "texture": "#regalecidae" },
				"west": { "uv": [ 7.875, 9.625, 8, 9.75 ], "texture": "#regalecidae" },
				"east": { "uv": [ 8, 10, 7.875, 10.125 ], "texture": "#regalecidae" }
			}
		},
		{
			"__comment": "Voxels",
			"from": [ -12, 8, -4.8 ],
			"to": [ -10.4, 8.8, -4 ],
			"faces": {
				"down": { "uv": [ 8, 14, 8.25, 14.125 ], "texture": "#regalecidae" },
				"up": { "uv": [ 8, 14.25, 8.25, 14.125 ], "texture": "#regalecidae" },
				"north": { "uv": [ 8.25, 14.25, 8, 14.375 ], "texture": "#regalecidae" },
				"south": { "uv": [ 7.625, 13.5, 7.875, 13.625 ], "texture": "#regalecidae" },
				"west": { "uv": [ 7.875, 10.875, 8, 11 ], "texture": "#regalecidae" },
				"east": { "uv": [ 8, 11, 7.875, 11.125 ], "texture": "#regalecidae" }
			}
		},
		{
			"__comment": "Voxels",
			"from": [ -12, 8.8, -0.8 ],
			"to": [ 16.8, 9.6, 0.00000006 ],
			"faces": {
				"down": { "uv": [ 0, 11.75, 4.5, 11.875 ], "texture": "#regalecidae" },
				"up": { "uv": [ 0, 12.5, 4.5, 12.375 ], "texture": "#regalecidae" },
				"north": { "uv": [ 4.5, 12.125, 0, 12.25 ], "texture": "#regalecidae" },
				"south": { "uv": [ 0, 11.625, 4.5, 11.75 ], "texture": "#regalecidae" },
				"west": { "uv": [ 7.875, 11.125, 8, 11.25 ], "texture": "#regalecidae" },
				"east": { "uv": [ 8, 12.25, 7.875, 12.375 ], "texture": "#regalecidae" }
			}
		},
		{
			"__comment": "Voxels",
			"from": [ -11.2, 5.6, -1.6 ],
			"to": [ 12.8, 6.4, -0.7999999 ],
			"faces": {
				"down": { "uv": [ 0, 9.75, 3.75, 9.875 ], "texture": "#regalecidae" },
				"up": { "uv": [ 0, 9.75, 3.75, 9.625 ], "texture": "#regalecidae" },
				"north": { "uv": [ 3.75, 9.875, 0, 10 ], "texture": "#regalecidae" },
				"south": { "uv": [ 0, 10.25, 3.75, 10.375 ], "texture": "#regalecidae" },
				"west": { "uv": [ 7.875, 12.375, 8, 12.5 ], "texture": "#regalecidae" },
				"east": { "uv": [ 8, 12.5, 7.875, 12.625 ], "texture": "#regalecidae" }
			}
		},
		{
			"__comment": "Voxels",
			"from": [ -11.2, 5.6, 0 ],
			"to": [ 8.000001, 6.4, 0.8 ],
			"faces": {
				"down": { "uv": [ 0, 8.25, 3, 8.375 ], "texture": "#regalecidae" },
				"up": { "uv": [ 0, 8.875, 3, 8.75 ], "texture": "#regalecidae" },
				"north": { "uv": [ 3, 9, 0, 9.125 ], "texture": "#regalecidae" },
				"south": { "uv": [ 0, 8.875, 3, 9 ], "texture": "#regalecidae" },
				"west": { "uv": [ 15.875, 15.875, 16, 16 ], "texture": "#regalecidae" },
				"east": { "uv": [ 6.375, 8.125, 6.25, 8.25 ], "texture": "#regalecidae" }
			}
		},
		{
			"__comment": "Voxels",
			"from": [ -11.2, 6.4, -5.6 ],
			"to": [ -9.599999, 7.2, -4.8 ],
			"faces": {
				"down": { "uv": [ 7.625, 13.25, 7.875, 13.375 ], "texture": "#regalecidae" },
				"up": { "uv": [ 7.625, 13.5, 7.875, 13.375 ], "texture": "#regalecidae" },
				"north": { "uv": [ 7.875, 13.625, 7.625, 13.75 ], "texture": "#regalecidae" },
				"south": { "uv": [ 8, 14.875, 8.25, 15 ], "texture": "#regalecidae" },
				"west": { "uv": [ 7.75, 9.5, 7.875, 9.625 ], "texture": "#regalecidae" },
				"east": { "uv": [ 7.875, 9.625, 7.75, 9.75 ], "texture": "#regalecidae" }
			}
		},
		{
			"__comment": "Voxels",
			"from": [ -11.2, 7.2, -6.4 ],
			"to": [ -3.2, 8, -5.599999 ],
			"faces": {
				"down": { "uv": [ 4, 10.75, 5.25, 10.875 ], "texture": "#regalecidae" },
				"up": { "uv": [ 3.75, 9.125, 5, 9 ], "texture": "#regalecidae" },
				"north": { "uv": [ 5, 8, 3.75, 8.125 ], "texture": "#regalecidae" },
				"south": { "uv": [ 3.75, 8.875, 5, 9 ], "texture": "#regalecidae" },
				"west": { "uv": [ 7.75, 11.5, 7.875, 11.625 ], "texture": "#regalecidae" },
				"east": { "uv": [ 7.875, 11.625, 7.75, 11.75 ], "texture": "#regalecidae" }
			}
		},
		{
			"__comment": "Voxels",
			"from": [ -11.2, 8, -5.6 ],
			"to": [ -9.599999, 8.8, -4.8 ],
			"faces": {
				"down": { "uv": [ 5, 10.125, 5.25, 10.25 ], "texture": "#regalecidae" },
				"up": { "uv": [ 8, 14.5, 8.25, 14.375 ], "texture": "#regalecidae" },
				"north": { "uv": [ 8.25, 15, 8, 15.125 ], "texture": "#regalecidae" },
				"south": { "uv": [ 15.5, 15.75, 15.75, 15.875 ], "texture": "#regalecidae" },
				"west": { "uv": [ 7.75, 14, 7.875, 14.125 ], "texture": "#regalecidae" },
				"east": { "uv": [ 7.875, 14.125, 7.75, 14.25 ], "texture": "#regalecidae" }
			}
		},
		{
			"__comment": "Voxels",
			"from": [ -11.2, 8.8, -1.6 ],
			"to": [ 12.8, 9.6, -0.7999999 ],
			"faces": {
				"down": { "uv": [ 0, 10.375, 3.75, 10.5 ], "texture": "#regalecidae" },
				"up": { "uv": [ 0, 9.375, 3.75, 9.25 ], "texture": "#regalecidae" },
				"north": { "uv": [ 3.75, 9.375, 0, 9.5 ], "texture": "#regalecidae" },
				"south": { "uv": [ 0, 9.5, 3.75, 9.625 ], "texture": "#regalecidae" },
				"west": { "uv": [ 7.75, 14.5, 7.875, 14.625 ], "texture": "#regalecidae" },
				"east": { "uv": [ 7.875, 14.625, 7.75, 14.75 ], "texture": "#regalecidae" }
			}
		},
		{
			"__comment": "Voxels",
			"from": [ -11.2, 8.8, 0 ],
			"to": [ 8.000001, 9.6, 0.8 ],
			"faces": {
				"down": { "uv": [ 0, 8.375, 3, 8.5 ], "texture": "#regalecidae" },
				"up": { "uv": [ 0, 8.625, 3, 8.5 ], "texture": "#regalecidae" },
				"north": { "uv": [ 3, 8.625, 0, 8.75 ], "texture": "#regalecidae" },
				"south": { "uv": [ 0, 9.125, 3, 9.25 ], "texture": "#regalecidae" },
				"west": { "uv": [ 7.75, 14.75, 7.875, 14.875 ], "texture": "#regalecidae" },
				"east": { "uv": [ 7.875, 14.875, 7.75, 15 ], "texture": "#regalecidae" }
			}
		},
		{
			"__comment": "Voxels",
			"from": [ -10.4, 4.8, -0.8 ],
			"to": [ 5.6, 5.6, 0.00000006 ],
			"faces": {
				"down": { "uv": [ 5.25, 14.5, 7.75, 14.625 ], "texture": "#regalecidae" },
				"up": { "uv": [ 5.25, 14.75, 7.75, 14.625 ], "texture": "#regalecidae" },
				"north": { "uv": [ 7.75, 14.75, 5.25, 14.875 ], "texture": "#regalecidae" },
				"south": { "uv": [ 5.25, 15.375, 7.75, 15.5 ], "texture": "#regalecidae" },
				"west": { "uv": [ 7.75, 15.25, 7.875, 15.375 ], "texture": "#regalecidae" },
				"east": { "uv": [ 7.875, 15.375, 7.75, 15.5 ], "texture": "#regalecidae" }
			}
		},
		{
			"__comment": "Voxels",
			"from": [ -10.4, 5.6, 0.8 ],
			"to": [ -8.799999, 6.4, 1.6 ],
			"faces": {
				"down": { "uv": [ 8, 15.125, 8.25, 15.25 ], "texture": "#regalecidae" },
				"up": { "uv": [ 8, 15.375, 8.25, 15.25 ], "texture": "#regalecidae" },
				"north": { "uv": [ 15.25, 15.75, 15, 15.875 ], "texture": "#regalecidae" },
				"south": { "uv": [ 7.625, 10.125, 7.875, 10.25 ], "texture": "#regalecidae" },
				"west": { "uv": [ 5.125, 11.25, 5.25, 11.375 ], "texture": "#regalecidae" },
				"east": { "uv": [ 5.25, 11.375, 5.125, 11.5 ], "texture": "#regalecidae" }
			}
		},
		{
			"__comment": "Voxels",
			"from": [ -10.4, 7.2, 2.4 ],
			"to": [ -8, 8, 3.2 ],
			"faces": {
				"down": { "uv": [ 10.25, 15.75, 10.625, 15.875 ], "texture": "#regalecidae" },
				"up": { "uv": [ 10.625, 15.875, 11, 15.75 ], "texture": "#regalecidae" },
				"north": { "uv": [ 11.375, 15.75, 11, 15.875 ], "texture": "#regalecidae" },
				"south": { "uv": [ 11.375, 15.75, 11.75, 15.875 ], "texture": "#regalecidae" },
				"west": { "uv": [ 5.125, 14.75, 5.25, 14.875 ], "texture": "#regalecidae" },
				"east": { "uv": [ 8.375, 12.375, 8.25, 12.5 ], "texture": "#regalecidae" }
			}
		},
		{
			"__comment": "Voxels",
			"from": [ -10.4, 8.8, 0.8 ],
			"to": [ -8.799999, 9.6, 1.6 ],
			"faces": {
				"down": { "uv": [ 5, 9.375, 5.25, 9.5 ], "texture": "#regalecidae" },
				"up": { "uv": [ 5, 10.125, 5.25, 10 ], "texture": "#regalecidae" },
				"north": { "uv": [ 8.25, 14.5, 8, 14.625 ], "texture": "#regalecidae" },
				"south": { "uv": [ 8, 14.625, 8.25, 14.75 ], "texture": "#regalecidae" },
				"west": { "uv": [ 8.25, 12.75, 8.375, 12.875 ], "texture": "#regalecidae" },
				"east": { "uv": [ 8.375, 13.125, 8.25, 13.25 ], "texture": "#regalecidae" }
			}
		},
		{
			"__comment": "Voxels",
			"from": [ -10.4, 9.599999, -0.8 ],
			"to": [ 5.6, 10.4, 0.00000006 ],
			"faces": {
				"down": { "uv": [ 5.25, 15.5, 7.75, 15.625 ], "texture": "#regalecidae" },
				"up": { "uv": [ 5.25, 14.375, 7.75, 14.25 ], "texture": "#regalecidae" },
				"north": { "uv": [ 7.75, 14.375, 5.25, 14.5 ], "texture": "#regalecidae" },
				"south": { "uv": [ 5.25, 14.875, 7.75, 15 ], "texture": "#regalecidae" },
				"west": { "uv": [ 8.25, 14.125, 8.375, 14.25 ], "texture": "#regalecidae" },
				"east": { "uv": [ 8.375, 14.25, 8.25, 14.375 ], "texture": "#regalecidae" }
			}
		},
		{
			"__comment": "Voxels",
			"from": [ -9.599999, 4.8, 0 ],
			"to": [ 4.800001, 5.6, 0.8 ],
			"faces": {
				"down": { "uv": [ 5.25, 12.625, 7.5, 12.75 ], "texture": "#regalecidae" },
				"up": { "uv": [ 5.25, 12.875, 7.5, 12.75 ], "texture": "#regalecidae" },
				"north": { "uv": [ 7.5, 12.25, 5.25, 12.375 ], "texture": "#regalecidae" },
				"south": { "uv": [ 5.25, 13, 7.5, 13.125 ], "texture": "#regalecidae" },
				"west": { "uv": [ 13.875, 15.625, 14, 15.75 ], "texture": "#regalecidae" },
				"east": { "uv": [ 13.875, 15.625, 13.75, 15.75 ], "texture": "#regalecidae" }
			}
		},
		{
			"__comment": "Voxels",
			"from": [ -9.599999, 5.6, -2.4 ],
			"to": [ 6.400001, 6.4, -1.6 ],
			"faces": {
				"down": { "uv": [ 5.25, 15.625, 7.75, 15.75 ], "texture": "#regalecidae" },
				"up": { "uv": [ 5.25, 13.875, 7.75, 13.75 ], "texture": "#regalecidae" },
				"north": { "uv": [ 7.75, 13.875, 5.25, 14 ], "texture": "#regalecidae" },
				"south": { "uv": [ 5.25, 14, 7.75, 14.125 ], "texture": "#regalecidae" },
				"west": { "uv": [ 13.125, 15.625, 13.25, 15.75 ], "texture": "#regalecidae" },
				"east": { "uv": [ 13.125, 15.625, 13, 15.75 ], "texture": "#regalecidae" }
			}
		},
		{
			"__comment": "Voxels",
			"from": [ -9.599999, 6.4, -6.4 ],
			"to": [ -7.199999, 7.2, -5.599999 ],
			"faces": {
				"down": { "uv": [ 11.75, 15.75, 12.125, 15.875 ], "texture": "#regalecidae" },
				"up": { "uv": [ 12.125, 15.875, 12.5, 15.75 ], "texture": "#regalecidae" },
				"north": { "uv": [ 12.875, 15.75, 12.5, 15.875 ], "texture": "#regalecidae" },
				"south": { "uv": [ 12.875, 15.75, 13.25, 15.875 ], "texture": "#regalecidae" },
				"west": { "uv": [ 12.875, 15.625, 13, 15.75 ], "texture": "#regalecidae" },
				"east": { "uv": [ 12.875, 15.625, 12.75, 15.75 ], "texture": "#regalecidae" }
			}
		},
		{
			"__comment": "Voxels",
			"from": [ -9.599999, 6.4, -3.2 ],
			"to": [ 1.6, 7.2, -2.4 ],
			"faces": {
				"down": { "uv": [ 5.25, 11, 7, 11.125 ], "texture": "#regalecidae" },
				"up": { "uv": [ 5.25, 11, 7, 10.875 ], "texture": "#regalecidae" },
				"north": { "uv": [ 7, 10.75, 5.25, 10.875 ], "texture": "#regalecidae" },
				"south": { "uv": [ 5.25, 10.625, 7, 10.75 ], "texture": "#regalecidae" },
				"west": { "uv": [ 12.125, 15.625, 12.25, 15.75 ], "texture": "#regalecidae" },
				"east": { "uv": [ 11.375, 15.625, 11.25, 15.75 ], "texture": "#regalecidae" }
			}
		},
		{
			"__comment": "Voxels",
			"from": [ -9.599999, 7.2, -7.2 ],
			"to": [ 0.000000954, 8, -6.4 ],
			"faces": {
				"down": { "uv": [ 3.75, 10.25, 5.25, 10.375 ], "texture": "#regalecidae" },
				"up": { "uv": [ 3.75, 10.5, 5.25, 10.375 ], "texture": "#regalecidae" },
				"north": { "uv": [ 5.25, 13, 3.75, 13.125 ], "texture": "#regalecidae" },
				"south": { "uv": [ 3.75, 13.125, 5.25, 13.25 ], "texture": "#regalecidae" },
				"west": { "uv": [ 10.75, 15.625, 10.875, 15.75 ], "texture": "#regalecidae" },
				"east": { "uv": [ 10.75, 15.625, 10.625, 15.75 ], "texture": "#regalecidae" }
			}
		},
		{
			"__comment": "Voxels",
			"from": [ -9.599999, 8, -6.4 ],
			"to": [ -7.199999, 8.8, -5.599999 ],
			"faces": {
				"down": { "uv": [ 13.25, 15.75, 13.625, 15.875 ], "texture": "#regalecidae" },
				"up": { "uv": [ 13.625, 15.875, 14, 15.75 ], "texture": "#regalecidae" },
				"north": { "uv": [ 14.375, 15.75, 14, 15.875 ], "texture": "#regalecidae" },
				"south": { "uv": [ 14.375, 15.75, 14.75, 15.875 ], "texture": "#regalecidae" },
				"west": { "uv": [ 10, 15.625, 10.125, 15.75 ], "texture": "#regalecidae" },
				"east": { "uv": [ 10, 15.625, 9.875, 15.75 ], "texture": "#regalecidae" }
			}
		},
		{
			"__comment": "Voxels",
			"from": [ -9.599999, 8, -3.2 ],
			"to": [ 1.6, 8.8, -2.4 ],
			"faces": {
				"down": { "uv": [ 5.25, 10.5, 7, 10.625 ], "texture": "#regalecidae" },
				"up": { "uv": [ 5.25, 10.5, 7, 10.375 ], "texture": "#regalecidae" },
				"north": { "uv": [ 7, 10.25, 5.25, 10.375 ], "texture": "#regalecidae" },
				"south": { "uv": [ 5.25, 11.125, 7, 11.25 ], "texture": "#regalecidae" },
				"west": { "uv": [ 9.75, 15.625, 9.875, 15.75 ], "texture": "#regalecidae" },
				"east": { "uv": [ 9.5, 15.625, 9.375, 15.75 ], "texture": "#regalecidae" }
			}
		},
		{
			"__comment": "Voxels",
			"from": [ -9.599999, 8.8, -2.4 ],
			"to": [ 6.400001, 9.6, -1.6 ],
			"faces": {
				"down": { "uv": [ 5.25, 15.25, 7.75, 15.375 ], "texture": "#regalecidae" },
				"up": { "uv": [ 5.25, 15.25, 7.75, 15.125 ], "texture": "#regalecidae" },
				"north": { "uv": [ 7.75, 14.125, 5.25, 14.25 ], "texture": "#regalecidae" },
				"south": { "uv": [ 5.25, 15, 7.75, 15.125 ], "texture": "#regalecidae" },
				"west": { "uv": [ 8, 8.25, 8.125, 8.375 ], "texture": "#regalecidae" },
				"east": { "uv": [ 8.25, 8.5, 8.125, 8.625 ], "texture": "#regalecidae" }
			}
		},
		{
			"__comment": "Voxels",
			"from": [ -9.599999, 9.599999, 0 ],
			"to": [ 4.800001, 10.4, 0.8 ],
			"faces": {
				"down": { "uv": [ 5.25, 13.125, 7.5, 13.25 ], "texture": "#regalecidae" },
				"up": { "uv": [ 5.25, 12.5, 7.5, 12.375 ], "texture": "#regalecidae" },
				"north": { "uv": [ 7.5, 12.5, 5.25, 12.625 ], "texture": "#regalecidae" },
				"south": { "uv": [ 5.25, 12.875, 7.5, 13 ], "texture": "#regalecidae" },
				"west": { "uv": [ 8.25, 14.625, 8.375, 14.75 ], "texture": "#regalecidae" },
				"east": { "uv": [ 8.375, 14.75, 8.25, 14.875 ], "texture": "#regalecidae" }
			}
		},
		{
			"__comment": "Voxels",
			"from": [ -8.8, 4.8, -1.6 ],
			"to": [ 3.2, 5.6, -0.7999999 ],
			"faces": {
				"down": { "uv": [ 5.25, 11.625, 7.125, 11.75 ], "texture": "#regalecidae" },
				"up": { "uv": [ 5.25, 11.375, 7.125, 11.25 ], "texture": "#regalecidae" },
				"north": { "uv": [ 7.125, 12, 5.25, 12.125 ], "texture": "#regalecidae" },
				"south": { "uv": [ 5.25, 11.75, 7.125, 11.875 ], "texture": "#regalecidae" },
				"west": { "uv": [ 15.375, 15.625, 15.5, 15.75 ], "texture": "#regalecidae" },
				"east": { "uv": [ 15.375, 15.625, 15.25, 15.75 ], "texture": "#regalecidae" }
			}
		},
		{
			"__comment": "Voxels",
			"from": [ -8.8, 9.599999, -1.6 ],
			"to": [ 3.2, 10.4, -0.7999999 ],
			"faces": {
				"down": { "uv": [ 5.25, 12.125, 7.125, 12.25 ], "texture": "#regalecidae" },
				"up": { "uv": [ 5.25, 11.5, 7.125, 11.375 ], "texture": "#regalecidae" },
				"north": { "uv": [ 7.125, 11.5, 5.25, 11.625 ], "texture": "#regalecidae" },
				"south": { "uv": [ 5.25, 11.875, 7.125, 12 ], "texture": "#regalecidae" },
				"west": { "uv": [ 15.125, 15.625, 15.25, 15.75 ], "texture": "#regalecidae" },
				"east": { "uv": [ 15.125, 15.625, 15, 15.75 ], "texture": "#regalecidae" }
			}
		},
		{
			"__comment": "Voxels",
			"from": [ -8, 5.6, -3.2 ],
			"to": [ 0, 6.4, -2.4 ],
			"faces": {
				"down": { "uv": [ 3.75, 9.125, 5, 9.25 ], "texture": "#regalecidae" },
				"up": { "uv": [ 3.75, 9.625, 5, 9.5 ], "texture": "#regalecidae" },
				"north": { "uv": [ 5, 9.375, 3.75, 9.5 ], "texture": "#regalecidae" },
				"south": { "uv": [ 3.75, 9.25, 5, 9.375 ], "texture": "#regalecidae" },
				"west": { "uv": [ 11.5, 15.625, 11.625, 15.75 ], "texture": "#regalecidae" },
				"east": { "uv": [ 11.5, 15.625, 11.375, 15.75 ], "texture": "#regalecidae" }
			}
		},
		{
			"__comment": "Voxels",
			"from": [ -8, 6.4, -7.2 ],
			"to": [ -6.4, 7.2, -6.4 ],
			"faces": {
				"down": { "uv": [ 8, 11.625, 8.25, 11.75 ], "texture": "#regalecidae" },
				"up": { "uv": [ 8, 13.625, 8.25, 13.5 ], "texture": "#regalecidae" },
				"north": { "uv": [ 8.25, 13.625, 8, 13.75 ], "texture": "#regalecidae" },
				"south": { "uv": [ 8, 13.75, 8.25, 13.875 ], "texture": "#regalecidae" },
				"west": { "uv": [ 7.875, 8.625, 8, 8.75 ], "texture": "#regalecidae" },
				"east": { "uv": [ 8, 8.75, 7.875, 8.875 ], "texture": "#regalecidae" }
			}
		},
		{
			"__comment": "Voxels",
			"from": [ -8, 7.2, -8 ],
			"to": [ 0, 8, -7.2 ],
			"faces": {
				"down": { "uv": [ 3.75, 9.625, 5, 9.75 ], "texture": "#regalecidae" },
				"up": { "uv": [ 4, 11.25, 5.25, 11.125 ], "texture": "#regalecidae" },
				"north": { "uv": [ 5, 9.75, 3.75, 9.875 ], "texture": "#regalecidae" },
				"south": { "uv": [ 3.75, 9.875, 5, 10 ], "texture": "#regalecidae" },
				"west": { "uv": [ 7.875, 11.625, 8, 11.75 ], "texture": "#regalecidae" },
				"east": { "uv": [ 8, 11.75, 7.875, 11.875 ], "texture": "#regalecidae" }
			}
		},
		{
			"__comment": "Voxels",
			"from": [ -8, 7.2, 3.2 ],
			"to": [ -4.8, 8, 4 ],
			"faces": {
				"down": { "uv": [ 6.5, 8.75, 7, 8.875 ], "texture": "#regalecidae" },
				"up": { "uv": [ 6.5, 8.75, 7, 8.625 ], "texture": "#regalecidae" },
				"north": { "uv": [ 9.375, 15.875, 8.875, 16 ], "texture": "#regalecidae" },
				"south": { "uv": [ 9.375, 15.875, 9.875, 16 ], "texture": "#regalecidae" },
				"west": { "uv": [ 7.875, 11.875, 8, 12 ], "texture": "#regalecidae" },
				"east": { "uv": [ 8, 12, 7.875, 12.125 ], "texture": "#regalecidae" }
			}
		},
		{
			"__comment": "Voxels",
			"from": [ -8, 8, -7.2 ],
			"to": [ -6.4, 8.8, -6.4 ],
			"faces": {
				"down": { "uv": [ 8, 11.5, 8.25, 11.625 ], "texture": "#regalecidae" },
				"up": { "uv": [ 8, 15.75, 8.25, 15.625 ], "texture": "#regalecidae" },
				"north": { "uv": [ 8.25, 15.5, 8, 15.625 ], "texture": "#regalecidae" },
				"south": { "uv": [ 8, 15.375, 8.25, 15.5 ], "texture": "#regalecidae" },
				"west": { "uv": [ 8.25, 13.5, 8.375, 13.625 ], "texture": "#regalecidae" },
				"east": { "uv": [ 8, 12.125, 7.875, 12.25 ], "texture": "#regalecidae" }
			}
		},
		{
			"__comment": "Voxels",
			"from": [ -8, 8.8, -3.2 ],
			"to": [ 0, 9.6, -2.4 ],
			"faces": {
				"down": { "uv": [ 3.75, 10.125, 5, 10.25 ], "texture": "#regalecidae" },
				"up": { "uv": [ 4, 11, 5.25, 10.875 ], "texture": "#regalecidae" },
				"north": { "uv": [ 7.75, 9.5, 6.5, 9.625 ], "texture": "#regalecidae" },
				"south": { "uv": [ 5.25, 9.5, 6.5, 9.625 ], "texture": "#regalecidae" },
				"west": { "uv": [ 7.875, 11.5, 8, 11.625 ], "texture": "#regalecidae" },
				"east": { "uv": [ 8, 8.875, 7.875, 9 ], "texture": "#regalecidae" }
			}
		},
		{
			"__comment": "Voxels",
			"from": [ -6.4, 6.4, -8 ],
			"to": [ -3.2, 7.2, -7.2 ],
			"faces": {
				"down": { "uv": [ 8.375, 15.875, 8.875, 16 ], "texture": "#regalecidae" },
				"up": { "uv": [ 9.875, 16, 10.375, 15.875 ], "texture": "#regalecidae" },
				"north": { "uv": [ 12.375, 15.875, 11.875, 16 ], "texture": "#regalecidae" },
				"south": { "uv": [ 12.375, 15.875, 12.875, 16 ], "texture": "#regalecidae" },
				"west": { "uv": [ 7.875, 8, 8, 8.125 ], "texture": "#regalecidae" },
				"east": { "uv": [ 8.125, 8.875, 8, 9 ], "texture": "#regalecidae" }
			}
		},
		{
			"__comment": "Voxels",
			"from": [ -6.4, 7.2, 4 ],
			"to": [ -0.7999997, 8, 4.8 ],
			"faces": {
				"down": { "uv": [ 4.25, 14.625, 5.125, 14.75 ], "texture": "#regalecidae" },
				"up": { "uv": [ 4.25, 14.875, 5.125, 14.75 ], "texture": "#regalecidae" },
				"north": { "uv": [ 5.125, 14.5, 4.25, 14.625 ], "texture": "#regalecidae" },
				"south": { "uv": [ 7, 10.875, 7.875, 11 ], "texture": "#regalecidae" },
				"west": { "uv": [ 11.625, 15.625, 11.75, 15.75 ], "texture": "#regalecidae" },
				"east": { "uv": [ 12.125, 15.625, 12, 15.75 ], "texture": "#regalecidae" }
			}
		},
		{
			"__comment": "Voxels",
			"from": [ -6.4, 8, -8 ],
			"to": [ -3.2, 8.8, -7.2 ],
			"faces": {
				"down": { "uv": [ 7, 8.25, 7.5, 8.375 ], "texture": "#regalecidae" },
				"up": { "uv": [ 7, 8.25, 7.5, 8.125 ], "texture": "#regalecidae" },
				"north": { "uv": [ 10.875, 15.875, 10.375, 16 ], "texture": "#regalecidae" },
				"south": { "uv": [ 10.875, 15.875, 11.375, 16 ], "texture": "#regalecidae" },
				"west": { "uv": [ 8.25, 15, 8.375, 15.125 ], "texture": "#regalecidae" },
				"east": { "uv": [ 8.375, 14.875, 8.25, 15 ], "texture": "#regalecidae" }
			}
		},
		{
			"__comment": "Voxels",
			"from": [ -5.6, 7.2, -8.8 ],
			"to": [ -2.4, 8, -8 ],
			"faces": {
				"down": { "uv": [ 7, 8.625, 7.5, 8.75 ], "texture": "#regalecidae" },
				"up": { "uv": [ 6.5, 8.625, 7, 8.5 ], "texture": "#regalecidae" },
				"north": { "uv": [ 7, 8.375, 6.5, 8.5 ], "texture": "#regalecidae" },
				"south": { "uv": [ 6.5, 8.25, 7, 8.375 ], "texture": "#regalecidae" },
				"west": { "uv": [ 8.125, 8.25, 8.25, 8.375 ], "texture": "#regalecidae" },
				"east": { "uv": [ 8, 10.75, 7.875, 10.875 ], "texture": "#regalecidae" }
			}
		},
		{
			"__comment": "Voxels",
			"from": [ -4.8, 6.4, -4 ],
			"to": [ -0.7999997, 7.2, -3.2 ],
			"faces": {
				"down": { "uv": [ 7, 10.125, 7.625, 10.25 ], "texture": "#regalecidae" },
				"up": { "uv": [ 7, 10.5, 7.625, 10.375 ], "texture": "#regalecidae" },
				"north": { "uv": [ 7.125, 9.25, 6.5, 9.375 ], "texture": "#regalecidae" },
				"south": { "uv": [ 5.625, 8, 6.25, 8.125 ], "texture": "#regalecidae" },
				"west": { "uv": [ 10.125, 15.625, 10.25, 15.75 ], "texture": "#regalecidae" },
				"east": { "uv": [ 10.625, 15.625, 10.5, 15.75 ], "texture": "#regalecidae" }
			}
		},
		{
			"__comment": "Voxels",
			"from": [ -4.8, 8, -4 ],
			"to": [ -0.7999997, 8.8, -3.2 ],
			"faces": {
				"down": { "uv": [ 7, 9.75, 7.625, 9.875 ], "texture": "#regalecidae" },
				"up": { "uv": [ 7, 10, 7.625, 9.875 ], "texture": "#regalecidae" },
				"north": { "uv": [ 7.625, 10.25, 7, 10.375 ], "texture": "#regalecidae" },
				"south": { "uv": [ 7.125, 9.125, 7.75, 9.25 ], "texture": "#regalecidae" },
				"west": { "uv": [ 12.5, 15.625, 12.625, 15.75 ], "texture": "#regalecidae" },
				"east": { "uv": [ 12.75, 15.625, 12.625, 15.75 ], "texture": "#regalecidae" }
			}
		},
		{
			"__comment": "Voxels",
			"from": [ -4, 5.6, 0.8 ],
			"to": [ 4, 6.4, 1.6 ],
			"faces": {
				"down": { "uv": [ 6.5, 9.375, 7.75, 9.5 ], "texture": "#regalecidae" },
				"up": { "uv": [ 5.25, 9.5, 6.5, 9.375 ], "texture": "#regalecidae" },
				"north": { "uv": [ 7.75, 9.625, 6.5, 9.75 ], "texture": "#regalecidae" },
				"south": { "uv": [ 3.75, 10, 5, 10.125 ], "texture": "#regalecidae" },
				"west": { "uv": [ 13.5, 15.625, 13.625, 15.75 ], "texture": "#regalecidae" },
				"east": { "uv": [ 13.75, 15.625, 13.625, 15.75 ], "texture": "#regalecidae" }
			}
		},
		{
			"__comment": "Voxels",
			"from": [ -4, 8.8, 0.8 ],
			"to": [ 4, 9.6, 1.6 ],
			"faces": {
				"down": { "uv": [ 3.75, 8.125, 5, 8.25 ], "texture": "#regalecidae" },
				"up": { "uv": [ 3.75, 8.375, 5, 8.25 ], "texture": "#regalecidae" },
				"north": { "uv": [ 5, 8.375, 3.75, 8.5 ], "texture": "#regalecidae" },
				"south": { "uv": [ 3.75, 8.5, 5, 8.625 ], "texture": "#regalecidae" },
				"west": { "uv": [ 8.25, 14, 8.375, 14.125 ], "texture": "#regalecidae" },
				"east": { "uv": [ 8.375, 13.875, 8.25, 14 ], "texture": "#regalecidae" }
			}
		},
		{
			"__comment": "Voxels",
			"from": [ -2.4, 7.2, -9.599999 ],
			"to": [ 0.000000238, 8, -8.799999 ],
			"faces": {
				"down": { "uv": [ 7.5, 13, 7.875, 13.125 ], "texture": "#regalecidae" },
				"up": { "uv": [ 7.5, 13, 7.875, 12.875 ], "texture": "#regalecidae" },
				"north": { "uv": [ 7.875, 12.75, 7.5, 12.875 ], "texture": "#regalecidae" },
				"south": { "uv": [ 7.5, 12.625, 7.875, 12.75 ], "texture": "#regalecidae" },
				"west": { "uv": [ 8.25, 13.375, 8.375, 13.5 ], "texture": "#regalecidae" },
				"east": { "uv": [ 8.375, 13.25, 8.25, 13.375 ], "texture": "#regalecidae" }
			}
		},
		{
			"__comment": "Voxels",
			"from": [ -2.4, 7.2, 4.8 ],
			"to": [ 3.2, 8, 5.6 ],
			"faces": {
				"down": { "uv": [ 7, 11, 7.875, 11.125 ], "texture": "#regalecidae" },
				"up": { "uv": [ 7, 11.25, 7.875, 11.125 ], "texture": "#regalecidae" },
				"north": { "uv": [ 5.125, 11.25, 4.25, 11.375 ], "texture": "#regalecidae" },
				"south": { "uv": [ 4.25, 11.375, 5.125, 11.5 ], "texture": "#regalecidae" },
				"west": { "uv": [ 8.25, 12.625, 8.375, 12.75 ], "texture": "#regalecidae" },
				"east": { "uv": [ 8.375, 12.5, 8.25, 12.625 ], "texture": "#regalecidae" }
			}
		},
		{
			"__comment": "Voxels",
			"from": [ 2.4, 7.2, 5.6 ],
			"to": [ 5.6, 8, 6.4 ],
			"faces": {
				"down": { "uv": [ 7, 8.875, 7.5, 9 ], "texture": "#regalecidae" },
				"up": { "uv": [ 6.5, 9, 7, 8.875 ], "texture": "#regalecidae" },
				"north": { "uv": [ 7.5, 9, 7, 9.125 ], "texture": "#regalecidae" },
				"south": { "uv": [ 6.5, 9, 7, 9.125 ], "texture": "#regalecidae" },
				"west": { "uv": [ 5.125, 14.625, 5.25, 14.75 ], "texture": "#regalecidae" },
				"east": { "uv": [ 5.25, 14.5, 5.125, 14.625 ], "texture": "#regalecidae" }
			}
		},
		{
			"__comment": "Voxels",
			"from": [ 8.8, 7.2, 0.8 ],
			"to": [ 24, 8, 1.6 ],
			"faces": {
				"down": { "uv": [ 5.25, 13.25, 7.625, 13.375 ], "texture": "#regalecidae" },
				"up": { "uv": [ 5.25, 13.75, 7.625, 13.625 ], "texture": "#regalecidae" },
				"north": { "uv": [ 7.625, 13.375, 5.25, 13.5 ], "texture": "#regalecidae" },
				"south": { "uv": [ 5.25, 13.5, 7.625, 13.625 ], "texture": "#regalecidae" },
				"west": { "uv": [ 7.75, 15.625, 7.875, 15.75 ], "texture": "#regalecidae" },
				"east": { "uv": [ 7.875, 15.5, 7.75, 15.625 ], "texture": "#regalecidae" }
			}
		},
		{
			"__comment": "Voxels",
			"from": [ 10.4, 7.2, -2.4 ],
			"to": [ 14.4, 8, -1.6 ],
			"faces": {
				"down": { "uv": [ 7, 10.625, 7.625, 10.75 ], "texture": "#regalecidae" },
				"up": { "uv": [ 7, 10.875, 7.625, 10.75 ], "texture": "#regalecidae" },
				"north": { "uv": [ 7.75, 11.25, 7.125, 11.375 ], "texture": "#regalecidae" },
				"south": { "uv": [ 7.125, 11.375, 7.75, 11.5 ], "texture": "#regalecidae" },
				"west": { "uv": [ 7.75, 15.125, 7.875, 15.25 ], "texture": "#regalecidae" },
				"east": { "uv": [ 7.875, 15, 7.75, 15.125 ], "texture": "#regalecidae" }
			}
		},
		{
			"__comment": "Voxels",
			"from": [ 13.6, 5.6, 0 ],
			"to": [ 20.8, 6.4, 0.8 ],
			"faces": {
				"down": { "uv": [ 5.25, 8.625, 6.375, 8.75 ], "texture": "#regalecidae" },
				"up": { "uv": [ 5.25, 9.125, 6.375, 9 ], "texture": "#regalecidae" },
				"north": { "uv": [ 6.375, 9.25, 5.25, 9.375 ], "texture": "#regalecidae" },
				"south": { "uv": [ 5.25, 8.75, 6.375, 8.875 ], "texture": "#regalecidae" },
				"west": { "uv": [ 7.75, 14.375, 7.875, 14.5 ], "texture": "#regalecidae" },
				"east": { "uv": [ 7.875, 14.25, 7.75, 14.375 ], "texture": "#regalecidae" }
			}
		},
		{
			"__comment": "Voxels",
			"from": [ 13.6, 6.4, 0.8 ],
			"to": [ 22.4, 7.2, 1.6 ],
			"faces": {
				"down": { "uv": [ 3.875, 14, 5.25, 14.125 ], "texture": "#regalecidae" },
				"up": { "uv": [ 3.875, 10.625, 5.25, 10.5 ], "texture": "#regalecidae" },
				"north": { "uv": [ 5.25, 13.75, 3.875, 13.875 ], "texture": "#regalecidae" },
				"south": { "uv": [ 3.875, 13.875, 5.25, 14 ], "texture": "#regalecidae" },
				"west": { "uv": [ 7.75, 13.875, 7.875, 14 ], "texture": "#regalecidae" },
				"east": { "uv": [ 7.875, 13.75, 7.75, 13.875 ], "texture": "#regalecidae" }
			}
		},
		{
			"__comment": "Voxels",
			"from": [ 13.6, 7.2, 1.6 ],
			"to": [ 24.8, 8, 2.4 ],
			"faces": {
				"down": { "uv": [ 5.25, 10.125, 7, 10.25 ], "texture": "#regalecidae" },
				"up": { "uv": [ 5.25, 9.875, 7, 9.75 ], "texture": "#regalecidae" },
				"north": { "uv": [ 7, 9.875, 5.25, 10 ], "texture": "#regalecidae" },
				"south": { "uv": [ 5.25, 10, 7, 10.125 ], "texture": "#regalecidae" },
				"west": { "uv": [ 8, 8.125, 8.125, 8.25 ], "texture": "#regalecidae" },
				"east": { "uv": [ 7.875, 11.375, 7.75, 11.5 ], "texture": "#regalecidae" }
			}
		},
		{
			"__comment": "Voxels",
			"from": [ 13.6, 8, 0.8 ],
			"to": [ 22.4, 8.8, 1.6 ],
			"faces": {
				"down": { "uv": [ 3.875, 14.375, 5.25, 14.5 ], "texture": "#regalecidae" },
				"up": { "uv": [ 3.875, 14.375, 5.25, 14.25 ], "texture": "#regalecidae" },
				"north": { "uv": [ 5.25, 14.125, 3.875, 14.25 ], "texture": "#regalecidae" },
				"south": { "uv": [ 3.875, 10.625, 5.25, 10.75 ], "texture": "#regalecidae" },
				"west": { "uv": [ 7.75, 9.375, 7.875, 9.5 ], "texture": "#regalecidae" },
				"east": { "uv": [ 6.375, 8.25, 6.25, 8.375 ], "texture": "#regalecidae" }
			}
		},
		{
			"__comment": "Voxels",
			"from": [ 13.6, 8.8, 0 ],
			"to": [ 20.8, 9.6, 0.8 ],
			"faces": {
				"down": { "uv": [ 5.25, 8.375, 6.375, 8.5 ], "texture": "#regalecidae" },
				"up": { "uv": [ 5.25, 9, 6.375, 8.875 ], "texture": "#regalecidae" },
				"north": { "uv": [ 6.375, 8.5, 5.25, 8.625 ], "texture": "#regalecidae" },
				"south": { "uv": [ 5.25, 9.125, 6.375, 9.25 ], "texture": "#regalecidae" },
				"west": { "uv": [ 6.25, 8, 6.375, 8.125 ], "texture": "#regalecidae" },
				"east": { "uv": [ 6.5, 8, 6.375, 8.125 ], "texture": "#regalecidae" }
			}
		},
		{
			"__comment": "Voxels",
			"from": [ 14.4, 7.2, -1.6 ],
			"to": [ 16, 8, -0.7999999 ],
			"faces": {
				"down": { "uv": [ 5, 9.25, 5.25, 9.375 ], "texture": "#regalecidae" },
				"up": { "uv": [ 7.625, 10.375, 7.875, 10.25 ], "texture": "#regalecidae" },
				"north": { "uv": [ 15.5, 15.75, 15.25, 15.875 ], "texture": "#regalecidae" },
				"south": { "uv": [ 8, 14.75, 8.25, 14.875 ], "texture": "#regalecidae" },
				"west": { "uv": [ 7.75, 9.25, 7.875, 9.375 ], "texture": "#regalecidae" },
				"east": { "uv": [ 7.875, 9.125, 7.75, 9.25 ], "texture": "#regalecidae" }
			}
		},
		{
			"__comment": "Voxels",
			"from": [ 18.4, 6.4, 0 ],
			"to": [ 21.6, 8.799999, 0.8 ],
			"faces": {
				"down": { "uv": [ 7, 8.75, 7.5, 8.875 ], "texture": "#regalecidae" },
				"up": { "uv": [ 11.375, 16, 11.875, 15.875 ], "texture": "#regalecidae" },
				"north": { "uv": [ 4.75, 14.875, 4.25, 15.25 ], "texture": "#regalecidae" },
				"south": { "uv": [ 4.75, 14.875, 5.25, 15.25 ], "texture": "#regalecidae" },
				"west": { "uv": [ 7.875, 14.75, 8, 15.125 ], "texture": "#regalecidae" },
				"east": { "uv": [ 8, 14.375, 7.875, 14.75 ], "texture": "#regalecidae" }
			}
		},
		{
			"__comment": "Voxels",
			"from": [ 18.4, 7.2, -0.8 ],
			"to": [ 20.8, 8, 0.00000006 ],
			"faces": {
				"down": { "uv": [ 7.5, 12.5, 7.875, 12.625 ], "texture": "#regalecidae" },
				"up": { "uv": [ 7.5, 12.5, 7.875, 12.375 ], "texture": "#regalecidae" },
				"north": { "uv": [ 7.875, 12.25, 7.5, 12.375 ], "texture": "#regalecidae" },
				"south": { "uv": [ 5.25, 8, 5.625, 8.125 ], "texture": "#regalecidae" },
				"west": { "uv": [ 7.875, 11.375, 8, 11.5 ], "texture": "#regalecidae" },
				"east": { "uv": [ 8, 11.25, 7.875, 11.375 ], "texture": "#regalecidae" }
			}
		},
		{
			"__comment": "Voxels",
			"from": [ 18.4, 7.2, 2.4 ],
			"to": [ 26.4, 8, 3.2 ],
			"faces": {
				"down": { "uv": [ 3.75, 8.625, 5, 8.75 ], "texture": "#regalecidae" },
				"up": { "uv": [ 3.75, 8.875, 5, 8.75 ], "texture": "#regalecidae" },
				"north": { "uv": [ 6.5, 9.625, 5.25, 9.75 ], "texture": "#regalecidae" },
				"south": { "uv": [ 4, 11, 5.25, 11.125 ], "texture": "#regalecidae" },
				"west": { "uv": [ 7.875, 10.625, 8, 10.75 ], "texture": "#regalecidae" },
				"east": { "uv": [ 8, 10.5, 7.875, 10.625 ], "texture": "#regalecidae" }
			}
		},
		{
			"__comment": "Voxels",
			"from": [ 19.2, 6.4, 1.6 ],
			"to": [ 24, 7.2, 2.4 ],
			"faces": {
				"down": { "uv": [ 4.5, 11.625, 5.25, 11.75 ], "texture": "#regalecidae" },
				"up": { "uv": [ 4.5, 11.625, 5.25, 11.5 ], "texture": "#regalecidae" },
				"north": { "uv": [ 7.875, 11.875, 7.125, 12 ], "texture": "#regalecidae" },
				"south": { "uv": [ 7.125, 11.75, 7.875, 11.875 ], "texture": "#regalecidae" },
				"west": { "uv": [ 7.875, 9.875, 8, 10 ], "texture": "#regalecidae" },
				"east": { "uv": [ 8, 9.75, 7.875, 9.875 ], "texture": "#regalecidae" }
			}
		},
		{
			"__comment": "Voxels",
			"from": [ 19.2, 8, 1.6 ],
			"to": [ 24, 8.8, 2.4 ],
			"faces": {
				"down": { "uv": [ 4.5, 12.125, 5.25, 12.25 ], "texture": "#regalecidae" },
				"up": { "uv": [ 3, 9.25, 3.75, 9.125 ], "texture": "#regalecidae" },
				"north": { "uv": [ 3.75, 9, 3, 9.125 ], "texture": "#regalecidae" },
				"south": { "uv": [ 3, 8.75, 3.75, 8.875 ], "texture": "#regalecidae" },
				"west": { "uv": [ 7.875, 9.125, 8, 9.25 ], "texture": "#regalecidae" },
				"east": { "uv": [ 8, 9, 7.875, 9.125 ], "texture": "#regalecidae" }
			}
		},
		{
			"__comment": "Voxels",
			"from": [ 20, 5.6, 0.8 ],
			"to": [ 22.4, 6.4, 1.6 ],
			"faces": {
				"down": { "uv": [ 7.5, 9, 7.875, 9.125 ], "texture": "#regalecidae" },
				"up": { "uv": [ 7.5, 9, 7.875, 8.875 ], "texture": "#regalecidae" },
				"north": { "uv": [ 7.875, 8.75, 7.5, 8.875 ], "texture": "#regalecidae" },
				"south": { "uv": [ 7.5, 8.625, 7.875, 8.75 ], "texture": "#regalecidae" },
				"west": { "uv": [ 7.875, 8.375, 8, 8.5 ], "texture": "#regalecidae" },
				"east": { "uv": [ 8, 8.25, 7.875, 8.375 ], "texture": "#regalecidae" }
			}
		},
		{
			"__comment": "Voxels",
			"from": [ 20, 8.8, 0.8 ],
			"to": [ 22.4, 9.6, 1.6 ],
			"faces": {
				"down": { "uv": [ 7.5, 8.5, 7.875, 8.625 ], "texture": "#regalecidae" },
				"up": { "uv": [ 7.5, 8.5, 7.875, 8.375 ], "texture": "#regalecidae" },
				"north": { "uv": [ 7.875, 8, 7.5, 8.125 ], "texture": "#regalecidae" },
				"south": { "uv": [ 12.875, 15.875, 13.25, 16 ], "texture": "#regalecidae" },
				"west": { "uv": [ 8, 8.75, 8.125, 8.875 ], "texture": "#regalecidae" },
				"east": { "uv": [ 8.25, 8.75, 8.125, 8.875 ], "texture": "#regalecidae" }
			}
		},
		{
			"__comment": "Voxels",
			"from": [ 21.6, 5.6, 1.6 ],
			"to": [ 23.2, 6.4, 2.4 ],
			"faces": {
				"down": { "uv": [ 8, 13.375, 8.25, 13.5 ], "texture": "#regalecidae" },
				"up": { "uv": [ 8, 13.375, 8.25, 13.25 ], "texture": "#regalecidae" },
				"north": { "uv": [ 8.25, 13.125, 8, 13.25 ], "texture": "#regalecidae" },
				"south": { "uv": [ 8, 13, 8.25, 13.125 ], "texture": "#regalecidae" },
				"west": { "uv": [ 8, 8.375, 8.125, 8.5 ], "texture": "#regalecidae" },
				"east": { "uv": [ 8.25, 8.375, 8.125, 8.5 ], "texture": "#regalecidae" }
			}
		},
		{
			"__comment": "Voxels",
			"from": [ 21.6, 6.4, 2.4 ],
			"to": [ 25.6, 7.2, 3.2 ],
			"faces": {
				"down": { "uv": [ 5.625, 8.25, 6.25, 8.375 ], "texture": "#regalecidae" },
				"up": { "uv": [ 5.625, 8.25, 6.25, 8.125 ], "texture": "#regalecidae" },
				"north": { "uv": [ 7.75, 9.25, 7.125, 9.375 ], "texture": "#regalecidae" },
				"south": { "uv": [ 6.5, 9.125, 7.125, 9.25 ], "texture": "#regalecidae" },
				"west": { "uv": [ 8, 8, 8.125, 8.125 ], "texture": "#regalecidae" },
				"east": { "uv": [ 8.25, 8, 8.125, 8.125 ], "texture": "#regalecidae" }
			}
		},
		{
			"__comment": "Voxels",
			"from": [ 21.6, 7.2, 0 ],
			"to": [ 22.4, 8, 0.8 ],
			"faces": {
				"down": { "uv": [ 8.25, 15.625, 8.375, 15.75 ], "texture": "#regalecidae" },
				"up": { "uv": [ 8.375, 15.75, 8.5, 15.625 ], "texture": "#regalecidae" },
				"north": { "uv": [ 8.625, 15.625, 8.5, 15.75 ], "texture": "#regalecidae" },
				"south": { "uv": [ 8.625, 15.625, 8.75, 15.75 ], "texture": "#regalecidae" },
				"west": { "uv": [ 8.75, 15.625, 8.875, 15.75 ], "texture": "#regalecidae" },
				"east": { "uv": [ 9, 15.625, 8.875, 15.75 ], "texture": "#regalecidae" }
			}
		},
		{
			"__comment": "Voxels",
			"from": [ 21.6, 8, 2.4 ],
			"to": [ 25.6, 8.8, 3.2 ],
			"faces": {
				"down": { "uv": [ 7.125, 11.625, 7.75, 11.75 ], "texture": "#regalecidae" },
				"up": { "uv": [ 7.125, 11.625, 7.75, 11.5 ], "texture": "#regalecidae" },
				"north": { "uv": [ 7.625, 10.5, 7, 10.625 ], "texture": "#regalecidae" },
				"south": { "uv": [ 7, 10, 7.625, 10.125 ], "texture": "#regalecidae" },
				"west": { "uv": [ 9.5, 15.625, 9.625, 15.75 ], "texture": "#regalecidae" },
				"east": { "uv": [ 9.75, 15.625, 9.625, 15.75 ], "texture": "#regalecidae" }
			}
		},
		{
			"__comment": "Voxels",
			"from": [ 21.6, 8.8, 1.6 ],
			"to": [ 23.2, 9.6, 2.4 ],
			"faces": {
				"down": { "uv": [ 8, 12.5, 8.25, 12.625 ], "texture": "#regalecidae" },
				"up": { "uv": [ 8, 12.5, 8.25, 12.375 ], "texture": "#regalecidae" },
				"north": { "uv": [ 8.25, 12.25, 8, 12.375 ], "texture": "#regalecidae" },
				"south": { "uv": [ 8, 12.125, 8.25, 12.25 ], "texture": "#regalecidae" },
				"west": { "uv": [ 10.25, 15.625, 10.375, 15.75 ], "texture": "#regalecidae" },
				"east": { "uv": [ 10.5, 15.625, 10.375, 15.75 ], "texture": "#regalecidae" }
			}
		},
		{
			"__comment": "Voxels",
			"from": [ 22.4, 7.2, 3.2 ],
			"to": [ 27.2, 8, 4 ],
			"faces": {
				"down": { "uv": [ 4.5, 12.25, 5.25, 12.375 ], "texture": "#regalecidae" },
				"up": { "uv": [ 7.125, 12.125, 7.875, 12 ], "texture": "#regalecidae" },
				"north": { "uv": [ 7.875, 12.125, 7.125, 12.25 ], "texture": "#regalecidae" },
				"south": { "uv": [ 3, 8.875, 3.75, 9 ], "texture": "#regalecidae" },
				"west": { "uv": [ 11, 15.625, 11.125, 15.75 ], "texture": "#regalecidae" },
				"east": { "uv": [ 11.25, 15.625, 11.125, 15.75 ], "texture": "#regalecidae" }
			}
		},
		{
			"__comment": "Voxels",
			"from": [ 24, 6.4, 3.2 ],
			"to": [ 26.4, 7.2, 4 ],
			"faces": {
				"down": { "uv": [ 13.25, 15.875, 13.625, 16 ], "texture": "#regalecidae" },
				"up": { "uv": [ 13.625, 16, 14, 15.875 ], "texture": "#regalecidae" },
				"north": { "uv": [ 14.375, 15.875, 14, 16 ], "texture": "#regalecidae" },
				"south": { "uv": [ 14.375, 15.875, 14.75, 16 ], "texture": "#regalecidae" },
				"west": { "uv": [ 11.75, 15.625, 11.875, 15.75 ], "texture": "#regalecidae" },
				"east": { "uv": [ 12, 15.625, 11.875, 15.75 ], "texture": "#regalecidae" }
			}
		},
		{
			"__comment": "Voxels",
			"from": [ 24.8, 6.4, 4 ],
			"to": [ 27.2, 8, 4.8 ],
			"faces": {
				"down": { "uv": [ 14.75, 15.875, 15.125, 16 ], "texture": "#regalecidae" },
				"up": { "uv": [ 7.5, 13.25, 7.875, 13.125 ], "texture": "#regalecidae" },
				"north": { "uv": [ 5.625, 8.125, 5.25, 8.375 ], "texture": "#regalecidae" },
				"south": { "uv": [ 2.625, 8, 3, 8.25 ], "texture": "#regalecidae" },
				"west": { "uv": [ 7.75, 8.125, 7.875, 8.375 ], "texture": "#regalecidae" },
				"east": { "uv": [ 8, 12.625, 7.875, 12.875 ], "texture": "#regalecidae" }
			}
		},
		{
			"__comment": "Voxels",
			"from": [ 24.8, 8, 3.2 ],
			"to": [ 26.4, 8.8, 4 ],
			"faces": {
				"down": { "uv": [ 8, 11.375, 8.25, 11.5 ], "texture": "#regalecidae" },
				"up": { "uv": [ 8, 11.375, 8.25, 11.25 ], "texture": "#regalecidae" },
				"north": { "uv": [ 8.25, 11.125, 8, 11.25 ], "texture": "#regalecidae" },
				"south": { "uv": [ 8, 11, 8.25, 11.125 ], "texture": "#regalecidae" },
				"west": { "uv": [ 13.25, 15.625, 13.375, 15.75 ], "texture": "#regalecidae" },
				"east": { "uv": [ 13.5, 15.625, 13.375, 15.75 ], "texture": "#regalecidae" }
			}
		},
		{
			"__comment": "Voxels",
			"from": [ 26.4, 6.4, 4.8 ],
			"to": [ 28, 7.2, 5.6 ],
			"faces": {
				"down": { "uv": [ 8, 10.875, 8.25, 11 ], "texture": "#regalecidae" },
				"up": { "uv": [ 8, 10.875, 8.25, 10.75 ], "texture": "#regalecidae" },
				"north": { "uv": [ 8.25, 10.625, 8, 10.75 ], "texture": "#regalecidae" },
				"south": { "uv": [ 8, 10.5, 8.25, 10.625 ], "texture": "#regalecidae" },
				"west": { "uv": [ 14, 15.625, 14.125, 15.75 ], "texture": "#regalecidae" },
				"east": { "uv": [ 14.25, 15.625, 14.125, 15.75 ], "texture": "#regalecidae" }
			}
		},
		{
			"__comment": "Voxels",
			"from": [ 27.2, 7.2, 4 ],
			"to": [ 28, 8, 4.8 ],
			"faces": {
				"down": { "uv": [ 14.25, 15.625, 14.375, 15.75 ], "texture": "#regalecidae" },
				"up": { "uv": [ 14.375, 15.75, 14.5, 15.625 ], "texture": "#regalecidae" },
				"north": { "uv": [ 14.625, 15.625, 14.5, 15.75 ], "texture": "#regalecidae" },
				"south": { "uv": [ 14.625, 15.625, 14.75, 15.75 ], "texture": "#regalecidae" },
				"west": { "uv": [ 14.75, 15.625, 14.875, 15.75 ], "texture": "#regalecidae" },
				"east": { "uv": [ 15, 15.625, 14.875, 15.75 ], "texture": "#regalecidae" }
			}
		},
		{
			"__comment": "Voxels",
			"from": [ 28, 6.4, 5.6 ],
			"to": [ 30.4, 7.2, 6.4 ],
			"faces": {
				"down": { "uv": [ 15.125, 15.875, 15.5, 16 ], "texture": "#regalecidae" },
				"up": { "uv": [ 15.5, 16, 15.875, 15.875 ], "texture": "#regalecidae" },
				"north": { "uv": [ 8.375, 15.75, 8, 15.875 ], "texture": "#regalecidae" },
				"south": { "uv": [ 8.375, 15.75, 8.75, 15.875 ], "texture": "#regalecidae" },
				"west": { "uv": [ 15.5, 15.625, 15.625, 15.75 ], "texture": "#regalecidae" },
				"east": { "uv": [ 15.75, 15.625, 15.625, 15.75 ], "texture": "#regalecidae" }
			}
		},
		{
			"__comment": "Voxels",
			"from": [ 28, 7.2, 4.8 ],
			"to": [ 28.8, 8, 5.6 ],
			"faces": {
				"down": { "uv": [ 15.75, 15.625, 15.875, 15.75 ], "texture": "#regalecidae" },
				"up": { "uv": [ 15.875, 15.75, 16, 15.625 ], "texture": "#regalecidae" },
				"north": { "uv": [ 8.375, 15.5, 8.25, 15.625 ], "texture": "#regalecidae" },
				"south": { "uv": [ 8.25, 15.375, 8.375, 15.5 ], "texture": "#regalecidae" },
				"west": { "uv": [ 8.25, 15.25, 8.375, 15.375 ], "texture": "#regalecidae" },
				"east": { "uv": [ 8.375, 15.125, 8.25, 15.25 ], "texture": "#regalecidae" }
			}
		},
		{
			"__comment": "Voxels",
			"from": [ 29.6, 6.4, 6.4 ],
			"to": [ 32, 7.2, 7.2 ],
			"faces": {
				"down": { "uv": [ 8.75, 15.75, 9.125, 15.875 ], "texture": "#regalecidae" },
				"up": { "uv": [ 9.125, 15.875, 9.5, 15.75 ], "texture": "#regalecidae" },
				"north": { "uv": [ 9.875, 15.75, 9.5, 15.875 ], "texture": "#regalecidae" },
				"south": { "uv": [ 9.875, 15.75, 10.25, 15.875 ], "texture": "#regalecidae" },
				"west": { "uv": [ 8.25, 14.5, 8.375, 14.625 ], "texture": "#regalecidae" },
				"east": { "uv": [ 8.375, 14.375, 8.25, 14.5 ], "texture": "#regalecidae" }
			}
		},
		{
			"__comment": "Voxels",
			"from": [ 30.4, 5.6, 6.4 ],
			"to": [ 32, 6.4, 7.2 ],
			"faces": {
				"down": { "uv": [ 8, 10.375, 8.25, 10.5 ], "texture": "#regalecidae" },
				"up": { "uv": [ 8, 10.375, 8.25, 10.25 ], "texture": "#regalecidae" },
				"north": { "uv": [ 8.25, 10.125, 8, 10.25 ], "texture": "#regalecidae" },
				"south": { "uv": [ 8, 10, 8.25, 10.125 ], "texture": "#regalecidae" },
				"west": { "uv": [ 8.25, 13.75, 8.375, 13.875 ], "texture": "#regalecidae" },
				"east": { "uv": [ 8.375, 13.625, 8.25, 13.75 ], "texture": "#regalecidae" }
			}
		},
		{
			"__comment": "Voxels",
			"from": [ 30.4, 6.4, 7.2 ],
			"to": [ 32, 7.2, 8 ],
			"faces": {
				"down": { "uv": [ 8, 9.875, 8.25, 10 ], "texture": "#regalecidae" },
				"up": { "uv": [ 8, 9.875, 8.25, 9.75 ], "texture": "#regalecidae" },
				"north": { "uv": [ 8.25, 9.625, 8, 9.75 ], "texture": "#regalecidae" },
				"south": { "uv": [ 8, 9.5, 8.25, 9.625 ], "texture": "#regalecidae" },
				"west": { "uv": [ 8.25, 13, 8.375, 13.125 ], "texture": "#regalecidae" },
				"east": { "uv": [ 8.375, 12.875, 8.25, 13 ], "texture": "#regalecidae" }
			}
		},
		{
			"__comment": "Voxels",
			"from": [ 30.4, 7.2, 6.4 ],
			"to": [ 32, 8, 7.2 ],
			"faces": {
				"down": { "uv": [ 8, 9.375, 8.25, 9.5 ], "texture": "#regalecidae" },
				"up": { "uv": [ 8, 9.375, 8.25, 9.25 ], "texture": "#regalecidae" },
				"north": { "uv": [ 8.25, 9.125, 8, 9.25 ], "texture": "#regalecidae" },
				"south": { "uv": [ 8, 9, 8.25, 9.125 ], "texture": "#regalecidae" },
				"west": { "uv": [ 8.25, 12.25, 8.375, 12.375 ], "texture": "#regalecidae" },
				"east": { "uv": [ 8.375, 12.125, 8.25, 12.25 ], "texture": "#regalecidae" }
			}
		},
		{
			"__comment": "Voxels",
			"from": [ 31.2, 5.6, 7.2 ],
			"to": [ 32, 6.4, 8 ],
			"faces": {
				"down": { "uv": [ 8.25, 12, 8.375, 12.125 ], "texture": "#regalecidae" },
				"up": { "uv": [ 8.25, 12, 8.375, 11.875 ], "texture": "#regalecidae" },
				"north": { "uv": [ 8.375, 11.75, 8.25, 11.875 ], "texture": "#regalecidae" },
				"south": { "uv": [ 8.25, 11.625, 8.375, 11.75 ], "texture": "#regalecidae" },
				"west": { "uv": [ 8.25, 11.5, 8.375, 11.625 ], "texture": "#regalecidae" },
				"east": { "uv": [ 8.375, 11.375, 8.25, 11.5 ], "texture": "#regalecidae" }
			}
		},
		{
			"__comment": "Voxels",
			"from": [ 31.2, 7.2, 7.2 ],
			"to": [ 32, 8, 8 ],
			"faces": {
				"down": { "uv": [ 8.25, 11.25, 8.375, 11.375 ], "texture": "#regalecidae" },
				"up": { "uv": [ 8.25, 11.25, 8.375, 11.125 ], "texture": "#regalecidae" },
				"north": { "uv": [ 8.375, 11, 8.25, 11.125 ], "texture": "#regalecidae" },
				"south": { "uv": [ 8.25, 10.875, 8.375, 11 ], "texture": "#regalecidae" },
				"west": { "uv": [ 8.25, 10.75, 8.375, 10.875 ], "texture": "#regalecidae" },
				"east": { "uv": [ 8.375, 10.625, 8.25, 10.75 ], "texture": "#regalecidae" }
			}
		}
	],
	"display": {
		"thirdperson_righthand": {
			"rotation":  [ 0, -150, -122 ],
			"translation":  [ -10.43, 13.218, 1.3913 ]
		},
		"thirdperson_lefthand": {
			"rotation":  [ 180, 4, 0 ],
			"translation":  [ -6.26, 1.3913, -4.869 ]
		},
		"firstperson_righthand": {
			"rotation":  [ 92, 0, 0 ],
			"translation":  [ 11.131, -5.563, -3.473 ]
		},
		"firstperson_lefthand": {
			"rotation":  [ 90, 0, 180 ],
			"translation":  [ 11.131, -5.563, -3.473 ]
		},
		"gui": {
			"rotation":  [ 67, -22, -6 ],
			"translation":  [ -1.389, -2.782, 5.5652 ],
			"scale":  [ 0.4, 0.5, 0.5 ]
		},
		"head": {
			"rotation":  [ 84, 33, -180 ],
			"translation":  [ 2.0869, -18.77, 6.9567 ]
		},
		"ground": {
			"rotation":  [ 64, -5, 8 ],
			"translation":  [ 5.5652, 0, 0 ]
		},
		"fixed": {
			"rotation":  [ 90, 0, 180 ],
			"translation":  [ 1.3913, -18.08, -4.173 ],
			"scale":  [ 3, 3, 3 ]
		}
	}
}