{
	"credit": "Made with Blockbench",
	"texture_size": [32, 32],
	"textures": {
		"4": "item/etc/coffee",
		"particle": "item/etc/coffee"
	},
	"gui_light": "front",
	"elements": [
		{
			"name": "컵",
			"from": [6.25, 1, 4.25],
			"to": [11.75, 10, 9.75],
			"faces": {
				"north": {"uv": [0, 0, 3, 4.5], "texture": "#4"},
				"east": {"uv": [3, 0, 6, 4.5], "texture": "#4"},
				"south": {"uv": [0, 4.5, 3, 9], "texture": "#4"},
				"west": {"uv": [3, 4.5, 6, 9], "texture": "#4"},
				"up": {"uv": [9, 3, 6, 0], "texture": "#4"},
				"down": {"uv": [9, 3, 6, 6], "texture": "#4"}
			}
		},
		{
			"name": "컵",
			"from": [6.75, 0.3, 4.75],
			"to": [11.25, 1.3, 9.25],
			"faces": {
				"north": {"uv": [12, 1, 14.5, 1.5], "texture": "#4"},
				"east": {"uv": [12, 1.5, 14.5, 2], "texture": "#4"},
				"south": {"uv": [2.5, 12, 5, 12.5], "texture": "#4"},
				"west": {"uv": [12, 4.5, 14.5, 5], "texture": "#4"},
				"up": {"uv": [8.5, 8.5, 6, 6], "texture": "#4"},
				"down": {"uv": [8.5, 8.5, 6, 11], "texture": "#4"}
			}
		},
		{
			"from": [6.15, 2.5, 4.15],
			"to": [11.85, 6.5, 4.25],
			"faces": {
				"north": {"uv": [8.5, 6, 11.5, 8], "texture": "#4"},
				"east": {"uv": [5.5, 9, 6, 11], "texture": "#4"},
				"south": {"uv": [8.5, 8, 11.5, 10], "texture": "#4"},
				"west": {"uv": [5, 12, 5.5, 14], "texture": "#4"},
				"up": {"uv": [14, 11.5, 11, 11], "texture": "#4"},
				"down": {"uv": [14.5, 2, 11.5, 2.5], "texture": "#4"}
			}
		},
		{
			"from": [6.15, 2.5, 9.75],
			"to": [11.85, 6.5, 9.85],
			"faces": {
				"north": {"uv": [0, 9, 3, 11], "texture": "#4"},
				"east": {"uv": [12, 5, 12.5, 7], "texture": "#4"},
				"south": {"uv": [9, 0, 12, 2], "texture": "#4"},
				"west": {"uv": [5.5, 12, 6, 14], "texture": "#4"},
				"up": {"uv": [14.5, 3, 11.5, 2.5], "texture": "#4"},
				"down": {"uv": [14.5, 3, 11.5, 3.5], "texture": "#4"}
			}
		},
		{
			"from": [6.15, 2.5, 4.25],
			"to": [6.25, 6.5, 9.75],
			"faces": {
				"north": {"uv": [6, 12, 6.5, 14], "texture": "#4"},
				"east": {"uv": [9, 2, 11.5, 4], "texture": "#4"},
				"south": {"uv": [6.5, 12, 7, 14], "texture": "#4"},
				"west": {"uv": [3, 9, 5.5, 11], "texture": "#4"},
				"up": {"uv": [12, 7, 11.5, 4.5], "texture": "#4"},
				"down": {"uv": [12, 7, 11.5, 9.5], "texture": "#4"}
			}
		},
		{
			"from": [11.75, 2.5, 4.25],
			"to": [11.85, 6.5, 9.75],
			"faces": {
				"north": {"uv": [7, 12, 7.5, 14], "texture": "#4"},
				"east": {"uv": [9, 4, 11.5, 6], "texture": "#4"},
				"south": {"uv": [12, 7, 12.5, 9], "texture": "#4"},
				"west": {"uv": [8.5, 10, 11, 12], "texture": "#4"},
				"up": {"uv": [11.5, 14, 11, 11.5], "texture": "#4"},
				"down": {"uv": [12, 11.5, 11.5, 14], "texture": "#4"}
			}
		},
		{
			"name": "뚜껑",
			"from": [6.1, 10, 4.1],
			"to": [11, 10.5, 6.3],
			"faces": {
				"north": {"uv": [11.5, 9.5, 14, 10], "texture": "#4"},
				"east": {"uv": [0, 12.5, 1, 13], "texture": "#4"},
				"south": {"uv": [0, 12, 2.5, 12.5], "texture": "#4"},
				"west": {"uv": [1, 12.5, 2, 13], "texture": "#4"},
				"up": {"uv": [2.5, 12, 0, 11], "texture": "#4"},
				"down": {"uv": [5, 11, 2.5, 12], "texture": "#4"}
			}
		},
		{
			"name": "뚜껑",
			"from": [11, 10, 4.1],
			"to": [11.5, 10.5, 6.3],
			"faces": {
				"north": {"uv": [9.5, 12.5, 10, 13], "texture": "#4"},
				"east": {"uv": [4, 12.5, 5, 13], "texture": "#4"},
				"south": {"uv": [10, 12.5, 10.5, 13], "texture": "#4"},
				"west": {"uv": [12.5, 5, 13.5, 5.5], "texture": "#4"},
				"up": {"uv": [11, 13, 10.5, 12], "texture": "#4"},
				"down": {"uv": [13, 5.5, 12.5, 6.5], "texture": "#4"}
			}
		},
		{
			"name": "뚜껑",
			"from": [11, 10, 7.7],
			"to": [11.5, 10.5, 9.9],
			"faces": {
				"north": {"uv": [12, 12.5, 12.5, 13], "texture": "#4"},
				"east": {"uv": [12.5, 6.5, 13.5, 7], "texture": "#4"},
				"south": {"uv": [12.5, 12.5, 13, 13], "texture": "#4"},
				"west": {"uv": [12.5, 7, 13.5, 7.5], "texture": "#4"},
				"up": {"uv": [13, 8.5, 12.5, 7.5], "texture": "#4"},
				"down": {"uv": [9, 12.5, 8.5, 13.5], "texture": "#4"}
			}
		},
		{
			"name": "뚜껑",
			"from": [6.1, 10, 7.7],
			"to": [11, 10.5, 9.9],
			"faces": {
				"north": {"uv": [12, 0, 14.5, 0.5], "texture": "#4"},
				"east": {"uv": [2, 12.5, 3, 13], "texture": "#4"},
				"south": {"uv": [12, 0.5, 14.5, 1], "texture": "#4"},
				"west": {"uv": [3, 12.5, 4, 13], "texture": "#4"},
				"up": {"uv": [7.5, 12, 5, 11], "texture": "#4"},
				"down": {"uv": [13.5, 10, 11, 11], "texture": "#4"}
			}
		},
		{
			"name": "뚜껑",
			"from": [6.1, 10, 6.3],
			"to": [10.1, 10.5, 7.7],
			"faces": {
				"north": {"uv": [8.5, 12, 10.5, 12.5], "texture": "#4"},
				"east": {"uv": [0, 13, 0.5, 13.5], "texture": "#4"},
				"south": {"uv": [12, 9, 14, 9.5], "texture": "#4"},
				"west": {"uv": [0.5, 13, 1, 13.5], "texture": "#4"},
				"up": {"uv": [14, 12, 12, 11.5], "texture": "#4"},
				"down": {"uv": [14, 12, 12, 12.5], "texture": "#4"}
			}
		},
		{
			"name": "뚜껑",
			"from": [10.75, 10, 6.3],
			"to": [10.9, 10.5, 7.7],
			"faces": {
				"north": {"uv": [1, 13, 1.5, 13.5], "texture": "#4"},
				"east": {"uv": [1.5, 13, 2, 13.5], "texture": "#4"},
				"south": {"uv": [2, 13, 2.5, 13.5], "texture": "#4"},
				"west": {"uv": [2.5, 13, 3, 13.5], "texture": "#4"},
				"up": {"uv": [3.5, 13.5, 3, 13], "texture": "#4"},
				"down": {"uv": [4, 13, 3.5, 13.5], "texture": "#4"}
			}
		},
		{
			"name": "뚜껑",
			"from": [10.625, 10.55, 6.3],
			"to": [10.775, 11.25, 7.7],
			"rotation": {"angle": 22.5, "axis": "z", "origin": [10.85, 10.85, 7]},
			"faces": {
				"north": {"uv": [4, 13, 4.5, 13.5], "texture": "#4"},
				"east": {"uv": [4.5, 13, 5, 13.5], "texture": "#4"},
				"south": {"uv": [13, 5.5, 13.5, 6], "texture": "#4"},
				"west": {"uv": [13, 6, 13.5, 6.5], "texture": "#4"},
				"up": {"uv": [13.5, 8, 13, 7.5], "texture": "#4"},
				"down": {"uv": [13.5, 8, 13, 8.5], "texture": "#4"}
			}
		},
		{
			"name": "뚜껑",
			"from": [10.525, 10.75, 6.55],
			"to": [10.675, 11.05, 7.45],
			"rotation": {"angle": 22.5, "axis": "z", "origin": [10.85, 10.85, 7]},
			"faces": {
				"north": {"uv": [13, 8.5, 13.5, 9], "texture": "#4"},
				"east": {"uv": [9, 13, 9.5, 13.5], "texture": "#4"},
				"south": {"uv": [9.5, 13, 10, 13.5], "texture": "#4"},
				"west": {"uv": [10, 13, 10.5, 13.5], "texture": "#4"},
				"up": {"uv": [11, 13.5, 10.5, 13], "texture": "#4"},
				"down": {"uv": [12.5, 13, 12, 13.5], "texture": "#4"}
			}
		},
		{
			"name": "뚜껑",
			"from": [11.5, 10, 4.1],
			"to": [11.9, 10.5, 9.9],
			"faces": {
				"north": {"uv": [12.5, 8.5, 13, 9], "texture": "#4"},
				"east": {"uv": [11.5, 3.5, 14.5, 4], "texture": "#4"},
				"south": {"uv": [9, 12.5, 9.5, 13], "texture": "#4"},
				"west": {"uv": [11.5, 4, 14.5, 4.5], "texture": "#4"},
				"up": {"uv": [8, 14, 7.5, 11], "texture": "#4"},
				"down": {"uv": [8.5, 11, 8, 14], "texture": "#4"}
			}
		}
	],
	"display": {
		"thirdperson_righthand": {
			"rotation": [0, -90, 0],
			"translation": [-0.5, 0, -2],
			"scale": [0.5, 0.5, 0.5]
		},
		"thirdperson_lefthand": {
			"rotation": [0, 90, 0],
			"translation": [0.5, 0, -2],
			"scale": [0.5, 0.5, 0.5]
		},
		"firstperson_righthand": {
			"rotation": [0, -90, 0],
			"translation": [0, 2.75, 0],
			"scale": [0.5, 0.7, 0.5]
		},
		"firstperson_lefthand": {
			"rotation": [0, 90, 0],
			"translation": [0, 2.75, 0],
			"scale": [0.5, 0.7, 0.5]
		},
		"ground": {
			"translation": [0, 3.75, 0]
		},
		"gui": {
			"rotation": [15.75, -36.5, 0],
			"translation": [-2, 3, 0],
			"scale": [1.3, 1.3, 1.3]
		},
		"head": {
			"rotation": [20, -90, 0],
			"translation": [-0.75, -6.75, -9.75],
			"scale": [0.8, 0.77, 0.8]
		},
		"fixed": {
			"rotation": [0, -180, 0],
			"translation": [1.5, 3.5, 0],
			"scale": [1.5, 1.5, 1]
		}
	},
	"groups": [0, 1,
		{
			"name": "홀더",
			"origin": [0, 0, 0],
			"color": 0,
			"children": [2, 3, 4, 5]
		},
		{
			"name": "group",
			"origin": [0, 0, 0],
			"color": 0,
			"children": [6, 7, 8, 9, 10, 11, 12, 13, 14]
		}
	]
}