{
    "ambientocclusion": false,
    "textures": {
        "particle": "block/lily_pad",
        "texture": "block/lily_pad",
		"frog": "block/lily_pad_frog",
		"roots": "block/lily_pad_roots"
    },
    "elements": [
        {   "from": [ 0, -1.25, 0 ],
            "to": [ 16, -1.25, 16 ],
            "faces": {
                "down":  { "uv": [ 16, 16, 0,  0 ], "texture": "#texture", "tintindex": 0 },
                "up":    { "uv": [ 16,  0, 0, 16 ], "texture": "#texture", "tintindex": 0 }
            }
        },
        {   "from": [ 8, -1.25, 0.8 ],
            "to": [ 8, 16, 15.2 ],
            "rotation": { "origin": [ 8, 8, 8 ], "axis": "y", "angle": 45, "rescale": true },
            "shade": false,
            "faces": {
                "west": { "uv": [ 0, 0, 16, 16 ], "texture": "#frog" },
                "east": { "uv": [ 0, 0, 16, 16 ], "texture": "#frog" }
            }
        },
        {   "from": [ 0.8, -1.25, 8 ],
            "to": [ 15.2, -16, 8 ],
            "rotation": { "origin": [ 8, 8, 8 ], "axis": "y", "angle": 45, "rescale": true },
            "shade": false,
            "faces": {
                "north": { "uv": [ 0, 0, 16, 16 ], "texture": "#roots" },
                "south": { "uv": [ 0, 0, 16, 16 ], "texture": "#roots" }
            }
        },
        {   "from": [ 8, -1.25, 0.8 ],
            "to": [ 8, -16, 15.2 ],
            "rotation": { "origin": [ 8, 8, 8 ], "axis": "y", "angle": 45, "rescale": true },
            "shade": false,
            "faces": {
                "west": { "uv": [ 0, 0, 16, 16 ], "texture": "#roots" },
                "east": { "uv": [ 0, 0, 16, 16 ], "texture": "#roots" }
            }
        }
    ]
}
