{
	"__comment": "moon",
	"textures": {
		"socks": "item/etc/socks"
	},
	"gui_light": "front",
	"elements": [ 	 
		{
			"__comment": "Voxels",
			"from": [ 3, 15, 22 ],
			"to": [ 12, 19, 23 ],
			"faces": {
				"down": { "uv": [ 2.25, 9.75, 4.5, 10 ], "texture": "#socks" },
				"up": { "uv": [ 0, 10.5, 2.25, 10.25 ], "texture": "#socks" },
				"north": { "uv": [ 2.25, 15, 0, 16 ], "texture": "#socks" },
				"south": { "uv": [ 2.25, 15, 4.5, 16 ], "texture": "#socks" },
				"west": { "uv": [ 0, 4.5, 0.25, 5.5 ], "texture": "#socks" },
				"east": { "uv": [ 0.25, 3.5, 0, 4.5 ], "texture": "#socks" }
			}
		},
		{
			"__comment": "Voxels",
			"from": [ 3, 16, 21 ],
			"to": [ 12, 18, 22 ],
			"faces": {
				"down": { "uv": [ 2.25, 10.25, 4.5, 10.5 ], "texture": "#socks" },
				"up": { "uv": [ 4.5, 10.5, 6.75, 10.25 ], "texture": "#socks" },
				"north": { "uv": [ 2.25, 11.25, 0, 11.75 ], "texture": "#socks" },
				"south": { "uv": [ 0, 11.75, 2.25, 12.25 ], "texture": "#socks" },
				"west": { "uv": [ 4.25, 12.25, 4.5, 12.75 ], "texture": "#socks" },
				"east": { "uv": [ 0.25, 0, 0, 0.5 ], "texture": "#socks" }
			}
		},
		{
			"__comment": "Voxels",
			"from": [ 3, 16, 23 ],
			"to": [ 12, 18, 24 ],
			"faces": {
				"down": { "uv": [ 2.25, 10, 4.5, 10.25 ], "texture": "#socks" },
				"up": { "uv": [ 4.5, 10, 6.75, 9.75 ], "texture": "#socks" },
				"north": { "uv": [ 4.5, 11.75, 2.25, 12.25 ], "texture": "#socks" },
				"south": { "uv": [ 4.5, 11.75, 6.75, 12.25 ], "texture": "#socks" },
				"west": { "uv": [ 0.25, 6.75, 0.5, 7.25 ], "texture": "#socks" },
				"east": { "uv": [ 0.5, 6.25, 0.25, 6.75 ], "texture": "#socks" }
			}
		},
		{
			"__comment": "Voxels",
			"from": [ 4, 5, 22 ],
			"to": [ 15, 8, 23 ],
			"faces": {
				"down": { "uv": [ 4, 11.5, 6.75, 11.75 ], "texture": "#socks" },
				"up": { "uv": [ 4.5, 15.25, 7.25, 15 ], "texture": "#socks" },
				"north": { "uv": [ 2.75, 14.25, 0, 15 ], "texture": "#socks" },
				"south": { "uv": [ 4.5, 15.25, 7.25, 16 ], "texture": "#socks" },
				"west": { "uv": [ 7.75, 15.25, 8, 16 ], "texture": "#socks" },
				"east": { "uv": [ 8, 14.25, 7.75, 15 ], "texture": "#socks" }
			}
		},
		{
			"__comment": "Voxels",
			"from": [ 4, 12, 22 ],
			"to": [ 11, 15, 23 ],
			"faces": {
				"down": { "uv": [ 0, 8.25, 1.75, 8.5 ], "texture": "#socks" },
				"up": { "uv": [ 1.75, 8.5, 3.5, 8.25 ], "texture": "#socks" },
				"north": { "uv": [ 8, 12.75, 6.25, 13.5 ], "texture": "#socks" },
				"south": { "uv": [ 4.5, 12.75, 6.25, 13.5 ], "texture": "#socks" },
				"west": { "uv": [ 0, 1.25, 0.25, 2 ], "texture": "#socks" },
				"east": { "uv": [ 8, 13.5, 7.75, 14.25 ], "texture": "#socks" }
			}
		},
		{
			"__comment": "Voxels",
			"from": [ 4, 14, 21 ],
			"to": [ 11, 16, 22 ],
			"faces": {
				"down": { "uv": [ 0, 8, 1.75, 8.25 ], "texture": "#socks" },
				"up": { "uv": [ 1.75, 8.25, 3.5, 8 ], "texture": "#socks" },
				"north": { "uv": [ 4.25, 12.25, 2.5, 12.75 ], "texture": "#socks" },
				"south": { "uv": [ 4.5, 12.25, 6.25, 12.75 ], "texture": "#socks" },
				"west": { "uv": [ 0.25, 5.75, 0.5, 6.25 ], "texture": "#socks" },
				"east": { "uv": [ 0.5, 5.25, 0.25, 5.75 ], "texture": "#socks" }
			}
		},
		{
			"__comment": "Voxels",
			"from": [ 4, 14, 23 ],
			"to": [ 11, 16, 24 ],
			"faces": {
				"down": { "uv": [ 0, 8.5, 1.75, 8.75 ], "texture": "#socks" },
				"up": { "uv": [ 6.25, 10.75, 8, 10.5 ], "texture": "#socks" },
				"north": { "uv": [ 8, 12.25, 6.25, 12.75 ], "texture": "#socks" },
				"south": { "uv": [ 2.25, 11.25, 4, 11.75 ], "texture": "#socks" },
				"west": { "uv": [ 0.25, 4.75, 0.5, 5.25 ], "texture": "#socks" },
				"east": { "uv": [ 0.5, 3.75, 0.25, 4.25 ], "texture": "#socks" }
			}
		},
		{
			"__comment": "Voxels",
			"from": [ 4, 18, 21 ],
			"to": [ 11, 19, 22 ],
			"faces": {
				"down": { "uv": [ 1.75, 8.5, 3.5, 8.75 ], "texture": "#socks" },
				"up": { "uv": [ 6.25, 11, 8, 10.75 ], "texture": "#socks" },
				"north": { "uv": [ 8, 11, 6.25, 11.25 ], "texture": "#socks" },
				"south": { "uv": [ 6.25, 9.5, 8, 9.75 ], "texture": "#socks" },
				"west": { "uv": [ 7, 8.5, 7.25, 8.75 ], "texture": "#socks" },
				"east": { "uv": [ 7.75, 8.25, 7.5, 8.5 ], "texture": "#socks" }
			}
		},
		{
			"__comment": "Voxels",
			"from": [ 4, 18, 23 ],
			"to": [ 11, 19, 24 ],
			"faces": {
				"down": { "uv": [ 5.25, 8.25, 7, 8.5 ], "texture": "#socks" },
				"up": { "uv": [ 3.5, 8.5, 5.25, 8.25 ], "texture": "#socks" },
				"north": { "uv": [ 5.25, 8.5, 3.5, 8.75 ], "texture": "#socks" },
				"south": { "uv": [ 5.25, 8.5, 7, 8.75 ], "texture": "#socks" },
				"west": { "uv": [ 7.75, 8.5, 8, 8.75 ], "texture": "#socks" },
				"east": { "uv": [ 7.75, 9.75, 7.5, 10 ], "texture": "#socks" }
			}
		},
		{
			"__comment": "Voxels",
			"from": [ 5, 4, 22 ],
			"to": [ 15, 5, 23 ],
			"faces": {
				"down": { "uv": [ 4, 11.25, 6.5, 11.5 ], "texture": "#socks" },
				"up": { "uv": [ 1.25, 11.25, 3.75, 11 ], "texture": "#socks" },
				"north": { "uv": [ 3.75, 10.75, 1.25, 11 ], "texture": "#socks" },
				"south": { "uv": [ 1.25, 10.5, 3.75, 10.75 ], "texture": "#socks" },
				"west": { "uv": [ 6.5, 11.25, 6.75, 11.5 ], "texture": "#socks" },
				"east": { "uv": [ 8, 9.75, 7.75, 10 ], "texture": "#socks" }
			}
		},
		{
			"__comment": "Voxels",
			"from": [ 5, 5, 21 ],
			"to": [ 14, 8, 22 ],
			"faces": {
				"down": { "uv": [ 0, 10, 2.25, 10.25 ], "texture": "#socks" },
				"up": { "uv": [ 0, 9.75, 2.25, 9.5 ], "texture": "#socks" },
				"north": { "uv": [ 4.5, 13.5, 2.25, 14.25 ], "texture": "#socks" },
				"south": { "uv": [ 0, 13.5, 2.25, 14.25 ], "texture": "#socks" },
				"west": { "uv": [ 0, 2.75, 0.25, 3.5 ], "texture": "#socks" },
				"east": { "uv": [ 0.25, 2, 0, 2.75 ], "texture": "#socks" }
			}
		},
		{
			"__comment": "Voxels",
			"from": [ 5, 5, 23 ],
			"to": [ 14, 8, 24 ],
			"faces": {
				"down": { "uv": [ 0, 9.75, 2.25, 10 ], "texture": "#socks" },
				"up": { "uv": [ 4.5, 10.25, 6.75, 10 ], "texture": "#socks" },
				"north": { "uv": [ 5, 14.25, 2.75, 15 ], "texture": "#socks" },
				"south": { "uv": [ 5, 14.25, 7.25, 15 ], "texture": "#socks" },
				"west": { "uv": [ 0, 0.5, 0.25, 1.25 ], "texture": "#socks" },
				"east": { "uv": [ 0.5, 7.25, 0.25, 8 ], "texture": "#socks" }
			}
		},
		{
			"__comment": "Voxels",
			"from": [ 5, 8, 21 ],
			"to": [ 13, 9, 24 ],
			"faces": {
				"down": { "uv": [ 4.5, 13.5, 6.5, 14.25 ], "texture": "#socks" },
				"up": { "uv": [ 2.5, 13.5, 4.5, 12.75 ], "texture": "#socks" },
				"north": { "uv": [ 4, 9.25, 2, 9.5 ], "texture": "#socks" },
				"south": { "uv": [ 0, 9.25, 2, 9.5 ], "texture": "#socks" },
				"west": { "uv": [ 7.25, 15, 8, 15.25 ], "texture": "#socks" },
				"east": { "uv": [ 7.5, 9.75, 6.75, 10 ], "texture": "#socks" }
			}
		},
		{
			"__comment": "Voxels",
			"from": [ 5, 9, 21 ],
			"to": [ 10, 14, 22 ],
			"faces": {
				"down": { "uv": [ 3.75, 10.5, 5, 10.75 ], "texture": "#socks" },
				"up": { "uv": [ 5, 10.75, 6.25, 10.5 ], "texture": "#socks" },
				"north": { "uv": [ 1.25, 12.25, 0, 13.5 ], "texture": "#socks" },
				"south": { "uv": [ 1.25, 12.25, 2.5, 13.5 ], "texture": "#socks" },
				"west": { "uv": [ 0, 5.5, 0.25, 6.75 ], "texture": "#socks" },
				"east": { "uv": [ 0.25, 6.75, 0, 8 ], "texture": "#socks" }
			}
		},
		{
			"__comment": "Voxels",
			"from": [ 5, 9, 22 ],
			"to": [ 10, 12, 24 ],
			"faces": {
				"down": { "uv": [ 5, 10.75, 6.25, 11.25 ], "texture": "#socks" },
				"up": { "uv": [ 3.75, 11.25, 5, 10.75 ], "texture": "#socks" },
				"north": { "uv": [ 1.25, 10.5, 0, 11.25 ], "texture": "#socks" },
				"south": { "uv": [ 6.5, 13.5, 7.75, 14.25 ], "texture": "#socks" },
				"west": { "uv": [ 7.25, 15.25, 7.75, 16 ], "texture": "#socks" },
				"east": { "uv": [ 7.75, 14.25, 7.25, 15 ], "texture": "#socks" }
			}
		},
		{
			"__comment": "Voxels",
			"from": [ 5, 12, 23 ],
			"to": [ 10, 14, 24 ],
			"faces": {
				"down": { "uv": [ 6.75, 10, 8, 10.25 ], "texture": "#socks" },
				"up": { "uv": [ 6.75, 10.5, 8, 10.25 ], "texture": "#socks" },
				"north": { "uv": [ 8, 11.25, 6.75, 11.75 ], "texture": "#socks" },
				"south": { "uv": [ 6.75, 11.75, 8, 12.25 ], "texture": "#socks" },
				"west": { "uv": [ 0.25, 3.25, 0.5, 3.75 ], "texture": "#socks" },
				"east": { "uv": [ 0.5, 4.25, 0.25, 4.75 ], "texture": "#socks" }
			}
		},
		{
			"__comment": "Voxels",
			"from": [ 6, 3, 22 ],
			"to": [ 14, 4, 23 ],
			"faces": {
				"down": { "uv": [ 6, 9.25, 8, 9.5 ], "texture": "#socks" },
				"up": { "uv": [ 0, 9.25, 2, 9 ], "texture": "#socks" },
				"north": { "uv": [ 4, 9, 2, 9.25 ], "texture": "#socks" },
				"south": { "uv": [ 4, 9, 6, 9.25 ], "texture": "#socks" },
				"west": { "uv": [ 7, 8.25, 7.25, 8.5 ], "texture": "#socks" },
				"east": { "uv": [ 7.5, 8.25, 7.25, 8.5 ], "texture": "#socks" }
			}
		},
		{
			"__comment": "Voxels",
			"from": [ 6, 4, 21 ],
			"to": [ 14, 5, 22 ],
			"faces": {
				"down": { "uv": [ 6, 9, 8, 9.25 ], "texture": "#socks" },
				"up": { "uv": [ 0, 9, 2, 8.75 ], "texture": "#socks" },
				"north": { "uv": [ 6, 9.25, 4, 9.5 ], "texture": "#socks" },
				"south": { "uv": [ 2, 8.75, 4, 9 ], "texture": "#socks" },
				"west": { "uv": [ 7.25, 8.5, 7.5, 8.75 ], "texture": "#socks" },
				"east": { "uv": [ 7.75, 8.5, 7.5, 8.75 ], "texture": "#socks" }
			}
		},
		{
			"__comment": "Voxels",
			"from": [ 6, 4, 23 ],
			"to": [ 14, 5, 24 ],
			"faces": {
				"down": { "uv": [ 4, 8.75, 6, 9 ], "texture": "#socks" },
				"up": { "uv": [ 6, 9, 8, 8.75 ], "texture": "#socks" },
				"north": { "uv": [ 4.25, 9.5, 2.25, 9.75 ], "texture": "#socks" },
				"south": { "uv": [ 4.25, 9.5, 6.25, 9.75 ], "texture": "#socks" },
				"west": { "uv": [ 7.75, 8.25, 8, 8.5 ], "texture": "#socks" },
				"east": { "uv": [ 3.75, 8, 3.5, 8.25 ], "texture": "#socks" }
			}
		},
		{
			"__comment": "Voxels",
			"from": [ 13, 8, 22 ],
			"to": [ 14, 9, 23 ],
			"faces": {
				"down": { "uv": [ 3.75, 8, 4, 8.25 ], "texture": "#socks" },
				"up": { "uv": [ 4, 8.25, 4.25, 8 ], "texture": "#socks" },
				"north": { "uv": [ 4.5, 8, 4.25, 8.25 ], "texture": "#socks" },
				"south": { "uv": [ 4.5, 8, 4.75, 8.25 ], "texture": "#socks" },
				"west": { "uv": [ 4.75, 8, 5, 8.25 ], "texture": "#socks" },
				"east": { "uv": [ 5.25, 8, 5, 8.25 ], "texture": "#socks" }
			}
		}
	],
	"display": {
		"thirdperson_righthand": {
			"rotation":  [ 0, 90, 90 ],
			"translation":  [ -25, -1.59, -9.8 ],
			"scale":  [ 0.9, 0.5, 1.5 ]
		},
		"thirdperson_lefthand": {
			"rotation":  [ 0, -90, -90 ],
			"translation":  [ 18.739, -1.6, -9.8 ],
			"scale":  [ 0.98, 0.5, 1.5 ]
		},
		"firstperson_righthand": {
			"rotation":  [ -12, 180, 2 ],
			"translation":  [ 7.6514, 0.0016, 8.3547 ]
		},
		"firstperson_lefthand": {
			"rotation":  [ -7, 7, -11 ],
			"translation":  [ 5.5658, -2.781, -21.53 ]
		},
		"gui": {
			"translation":  [ -0.695, -2, 0 ],
			"scale":  [ 0.8891, 0.75, 0.75 ]
		},
		"head": {
			"rotation":  [ 0, 180, 0 ],
			"translation":  [ 1.7, 12.304, 15 ]
		},
		"ground": {
			"rotation":  [ 42, -35, 20 ],
			"translation":  [ 0, 8.3478, 0 ]
		},
		"fixed": {
			"translation":  [ -0.695, -2.782, -14.6 ]
		}
	}
}