{
	"__comment": "haru_711",
	"textures": {
		"trash_can": "item/etc/trash_can"
	},
	"elements": [ 	 
		{
			"__comment": "Voxels",
			"from": [ -1, 19, 1 ],
			"to": [ 20, 21, 10 ],
			"faces": {
				"down": { "uv": [ 0, 14.875, 2.625, 16 ], "texture": "#trash_can" },
				"up": { "uv": [ 0, 14.875, 2.625, 13.75 ], "texture": "#trash_can" },
				"north": { "uv": [ 2.625, 8, 0, 8.25 ], "texture": "#trash_can" },
				"south": { "uv": [ 7.875, 15, 10.5, 15.25 ], "texture": "#trash_can" },
				"west": { "uv": [ 14.75, 15.75, 15.875, 16 ], "texture": "#trash_can" },
				"east": { "uv": [ 15.375, 15.375, 14.25, 15.625 ], "texture": "#trash_can" }
			}
		},
		{
			"__comment": "Voxels",
			"from": [ 0, -5, 2 ],
			"to": [ 19, -4, 9 ],
			"faces": {
				"down": { "uv": [ 0, 9.875, 2.375, 10.75 ], "texture": "#trash_can" },
				"up": { "uv": [ 0, 9.875, 2.375, 9 ], "texture": "#trash_can" },
				"north": { "uv": [ 12.75, 14.125, 10.375, 14.25 ], "texture": "#trash_can" },
				"south": { "uv": [ 12.75, 14.125, 15.125, 14.25 ], "texture": "#trash_can" },
				"west": { "uv": [ 2.625, 8.625, 3.5, 8.75 ], "texture": "#trash_can" },
				"east": { "uv": [ 3.5, 9, 2.625, 9.125 ], "texture": "#trash_can" }
			}
		},
		{
			"__comment": "Voxels",
			"from": [ 0, -4, 2 ],
			"to": [ 1, 19, 9 ],
			"faces": {
				"down": { "uv": [ 2.375, 9.875, 2.5, 10.75 ], "texture": "#trash_can" },
				"up": { "uv": [ 2.5, 10.75, 2.625, 9.875 ], "texture": "#trash_can" },
				"north": { "uv": [ 8.625, 8.5, 8.5, 11.375 ], "texture": "#trash_can" },
				"south": { "uv": [ 8.625, 11.375, 8.75, 14.25 ], "texture": "#trash_can" },
				"west": { "uv": [ 3.5, 10.25, 4.375, 13.125 ], "texture": "#trash_can" },
				"east": { "uv": [ 5.25, 13.125, 4.375, 16 ], "texture": "#trash_can" }
			}
		},
		{
			"__comment": "Voxels",
			"from": [ 0, 19, -2 ],
			"to": [ 19, 21, 1 ],
			"faces": {
				"down": { "uv": [ 0, 8.625, 2.375, 9 ], "texture": "#trash_can" },
				"up": { "uv": [ 0, 8.625, 2.375, 8.25 ], "texture": "#trash_can" },
				"north": { "uv": [ 12.875, 15, 10.5, 15.25 ], "texture": "#trash_can" },
				"south": { "uv": [ 7.875, 14.75, 10.25, 15 ], "texture": "#trash_can" },
				"west": { "uv": [ 3.5, 10, 3.875, 10.25 ], "texture": "#trash_can" },
				"east": { "uv": [ 3.375, 8.125, 3, 8.375 ], "texture": "#trash_can" }
			}
		},
		{
			"__comment": "Voxels",
			"from": [ 0, 19, 10 ],
			"to": [ 19, 21, 13 ],
			"faces": {
				"down": { "uv": [ 10.25, 15.625, 12.625, 16 ], "texture": "#trash_can" },
				"up": { "uv": [ 7.875, 16, 10.25, 15.625 ], "texture": "#trash_can" },
				"north": { "uv": [ 12.625, 14.75, 10.25, 15 ], "texture": "#trash_can" },
				"south": { "uv": [ 12.875, 15, 15.25, 15.25 ], "texture": "#trash_can" },
				"west": { "uv": [ 2.625, 8.125, 3, 8.375 ], "texture": "#trash_can" },
				"east": { "uv": [ 4.25, 10, 3.875, 10.25 ], "texture": "#trash_can" }
			}
		},
		{
			"__comment": "Voxels",
			"from": [ 1, -5, -1 ],
			"to": [ 18, -4, 2 ],
			"faces": {
				"down": { "uv": [ 12.625, 15.625, 14.75, 16 ], "texture": "#trash_can" },
				"up": { "uv": [ 7.875, 15.625, 10, 15.25 ], "texture": "#trash_can" },
				"north": { "uv": [ 14.75, 14, 12.625, 14.125 ], "texture": "#trash_can" },
				"south": { "uv": [ 12.625, 13.875, 14.75, 14 ], "texture": "#trash_can" },
				"west": { "uv": [ 3.5, 9.125, 3.875, 9.25 ], "texture": "#trash_can" },
				"east": { "uv": [ 3.875, 9.875, 3.5, 10 ], "texture": "#trash_can" }
			}
		},
		{
			"__comment": "Voxels",
			"from": [ 1, -5, 9 ],
			"to": [ 18, -4, 12 ],
			"faces": {
				"down": { "uv": [ 10, 15.25, 12.125, 15.625 ], "texture": "#trash_can" },
				"up": { "uv": [ 12.125, 15.625, 14.25, 15.25 ], "texture": "#trash_can" },
				"north": { "uv": [ 12.5, 13.75, 10.375, 13.875 ], "texture": "#trash_can" },
				"south": { "uv": [ 12.5, 13.75, 14.625, 13.875 ], "texture": "#trash_can" },
				"west": { "uv": [ 3.875, 9.125, 4.25, 9.25 ], "texture": "#trash_can" },
				"east": { "uv": [ 4.125, 9, 3.75, 9.125 ], "texture": "#trash_can" }
			}
		},
		{
			"__comment": "Voxels",
			"from": [ 1, -4, -1 ],
			"to": [ 2, 19, 2 ],
			"faces": {
				"down": { "uv": [ 3.5, 8.375, 3.625, 8.75 ], "texture": "#trash_can" },
				"up": { "uv": [ 3.5, 8.375, 3.625, 8 ], "texture": "#trash_can" },
				"north": { "uv": [ 9.625, 8.5, 9.5, 11.375 ], "texture": "#trash_can" },
				"south": { "uv": [ 9.625, 11.375, 9.75, 14.25 ], "texture": "#trash_can" },
				"west": { "uv": [ 7.125, 13.125, 7.5, 16 ], "texture": "#trash_can" },
				"east": { "uv": [ 7.875, 10.25, 7.5, 13.125 ], "texture": "#trash_can" }
			}
		},
		{
			"__comment": "Voxels",
			"from": [ 1, -4, 9 ],
			"to": [ 2, 19, 12 ],
			"faces": {
				"down": { "uv": [ 3.625, 8.375, 3.75, 8.75 ], "texture": "#trash_can" },
				"up": { "uv": [ 3.625, 8.375, 3.75, 8 ], "texture": "#trash_can" },
				"north": { "uv": [ 9.875, 8.5, 9.75, 11.375 ], "texture": "#trash_can" },
				"south": { "uv": [ 9.875, 11.375, 10, 14.25 ], "texture": "#trash_can" },
				"west": { "uv": [ 7.5, 13.125, 7.875, 16 ], "texture": "#trash_can" },
				"east": { "uv": [ 7.5, 10.25, 7.125, 13.125 ], "texture": "#trash_can" }
			}
		},
		{
			"__comment": "Voxels",
			"from": [ 1, 19, -3 ],
			"to": [ 18, 21, -2 ],
			"faces": {
				"down": { "uv": [ 12.5, 13.625, 14.625, 13.75 ], "texture": "#trash_can" },
				"up": { "uv": [ 10.375, 13.625, 12.5, 13.5 ], "texture": "#trash_can" },
				"north": { "uv": [ 14.75, 14.75, 12.625, 15 ], "texture": "#trash_can" },
				"south": { "uv": [ 7.875, 14.5, 10, 14.75 ], "texture": "#trash_can" },
				"west": { "uv": [ 3.875, 8.25, 4, 8.5 ], "texture": "#trash_can" },
				"east": { "uv": [ 4.25, 8.5, 4.125, 8.75 ], "texture": "#trash_can" }
			}
		},
		{
			"__comment": "Voxels",
			"from": [ 1, 19, 13 ],
			"to": [ 18, 21, 14 ],
			"faces": {
				"down": { "uv": [ 12.5, 13.5, 14.625, 13.625 ], "texture": "#trash_can" },
				"up": { "uv": [ 10.375, 13.75, 12.5, 13.625 ], "texture": "#trash_can" },
				"north": { "uv": [ 12.125, 14.5, 10, 14.75 ], "texture": "#trash_can" },
				"south": { "uv": [ 12.125, 14.5, 14.25, 14.75 ], "texture": "#trash_can" },
				"west": { "uv": [ 4, 8.5, 4.125, 8.75 ], "texture": "#trash_can" },
				"east": { "uv": [ 4.375, 10, 4.25, 10.25 ], "texture": "#trash_can" }
			}
		},
		{
			"__comment": "Voxels",
			"from": [ 2, -5, -2 ],
			"to": [ 17, -4, -1 ],
			"faces": {
				"down": { "uv": [ 14.125, 13.125, 16, 13.25 ], "texture": "#trash_can" },
				"up": { "uv": [ 14.125, 13.375, 16, 13.25 ], "texture": "#trash_can" },
				"north": { "uv": [ 14.125, 13.25, 12.25, 13.375 ], "texture": "#trash_can" },
				"south": { "uv": [ 10.375, 13.25, 12.25, 13.375 ], "texture": "#trash_can" },
				"west": { "uv": [ 4.25, 9, 4.375, 9.125 ], "texture": "#trash_can" },
				"east": { "uv": [ 4.375, 8.125, 4.25, 8.25 ], "texture": "#trash_can" }
			}
		},
		{
			"__comment": "Voxels",
			"from": [ 2, -5, 12 ],
			"to": [ 17, -4, 13 ],
			"faces": {
				"down": { "uv": [ 14.125, 13, 16, 13.125 ], "texture": "#trash_can" },
				"up": { "uv": [ 12.25, 13.125, 14.125, 13 ], "texture": "#trash_can" },
				"north": { "uv": [ 16, 13.375, 14.125, 13.5 ], "texture": "#trash_can" },
				"south": { "uv": [ 10.375, 13, 12.25, 13.125 ], "texture": "#trash_can" },
				"west": { "uv": [ 4.25, 8.375, 4.375, 8.5 ], "texture": "#trash_can" },
				"east": { "uv": [ 4.125, 8.75, 4, 8.875 ], "texture": "#trash_can" }
			}
		},
		{
			"__comment": "Voxels",
			"from": [ 2, -4, -2 ],
			"to": [ 3, 19, -1 ],
			"faces": {
				"down": { "uv": [ 4.125, 9, 4.25, 9.125 ], "texture": "#trash_can" },
				"up": { "uv": [ 4.25, 9.25, 4.375, 9.125 ], "texture": "#trash_can" },
				"north": { "uv": [ 8.625, 11.375, 8.5, 14.25 ], "texture": "#trash_can" },
				"south": { "uv": [ 8.625, 8.5, 8.75, 11.375 ], "texture": "#trash_can" },
				"west": { "uv": [ 8.75, 11.375, 8.875, 14.25 ], "texture": "#trash_can" },
				"east": { "uv": [ 8.875, 8.5, 8.75, 11.375 ], "texture": "#trash_can" }
			}
		},
		{
			"__comment": "Voxels",
			"from": [ 2, -4, 12 ],
			"to": [ 3, 19, 13 ],
			"faces": {
				"down": { "uv": [ 4, 8, 4.125, 8.125 ], "texture": "#trash_can" },
				"up": { "uv": [ 3.75, 8.875, 3.875, 8.75 ], "texture": "#trash_can" },
				"north": { "uv": [ 9, 11.375, 8.875, 14.25 ], "texture": "#trash_can" },
				"south": { "uv": [ 8.875, 8.5, 9, 11.375 ], "texture": "#trash_can" },
				"west": { "uv": [ 9, 11.375, 9.125, 14.25 ], "texture": "#trash_can" },
				"east": { "uv": [ 9.125, 8.5, 9, 11.375 ], "texture": "#trash_can" }
			}
		},
		{
			"__comment": "Voxels",
			"from": [ 2, 19, -4 ],
			"to": [ 17, 21, -3 ],
			"faces": {
				"down": { "uv": [ 10.375, 13.125, 12.25, 13.25 ], "texture": "#trash_can" },
				"up": { "uv": [ 10.375, 13.5, 12.25, 13.375 ], "texture": "#trash_can" },
				"north": { "uv": [ 9.75, 14.25, 7.875, 14.5 ], "texture": "#trash_can" },
				"south": { "uv": [ 9.75, 14.25, 11.625, 14.5 ], "texture": "#trash_can" },
				"west": { "uv": [ 3.875, 8.5, 4, 8.75 ], "texture": "#trash_can" },
				"east": { "uv": [ 4.25, 8.75, 4.125, 9 ], "texture": "#trash_can" }
			}
		},
		{
			"__comment": "Voxels",
			"from": [ 2, 19, 14 ],
			"to": [ 17, 21, 15 ],
			"faces": {
				"down": { "uv": [ 12.25, 13.125, 14.125, 13.25 ], "texture": "#trash_can" },
				"up": { "uv": [ 12.25, 13.5, 14.125, 13.375 ], "texture": "#trash_can" },
				"north": { "uv": [ 13.5, 14.25, 11.625, 14.5 ], "texture": "#trash_can" },
				"south": { "uv": [ 13.5, 14.25, 15.375, 14.5 ], "texture": "#trash_can" },
				"west": { "uv": [ 4.25, 8.5, 4.375, 8.75 ], "texture": "#trash_can" },
				"east": { "uv": [ 4.125, 8.25, 4, 8.5 ], "texture": "#trash_can" }
			}
		},
		{
			"__comment": "Voxels",
			"from": [ 3, -5, -3 ],
			"to": [ 16, -4, -2 ],
			"faces": {
				"down": { "uv": [ 10.375, 12.75, 12, 12.875 ], "texture": "#trash_can" },
				"up": { "uv": [ 13.625, 12.875, 15.25, 12.75 ], "texture": "#trash_can" },
				"north": { "uv": [ 12, 12.875, 10.375, 13 ], "texture": "#trash_can" },
				"south": { "uv": [ 13.625, 12.875, 15.25, 13 ], "texture": "#trash_can" },
				"west": { "uv": [ 4.25, 9.5, 4.375, 9.625 ], "texture": "#trash_can" },
				"east": { "uv": [ 4.375, 9.375, 4.25, 9.5 ], "texture": "#trash_can" }
			}
		},
		{
			"__comment": "Voxels",
			"from": [ 3, -5, 13 ],
			"to": [ 16, -4, 14 ],
			"faces": {
				"down": { "uv": [ 12, 12.75, 13.625, 12.875 ], "texture": "#trash_can" },
				"up": { "uv": [ 12, 12.75, 13.625, 12.625 ], "texture": "#trash_can" },
				"north": { "uv": [ 13.625, 12.875, 12, 13 ], "texture": "#trash_can" },
				"south": { "uv": [ 10.375, 12.625, 12, 12.75 ], "texture": "#trash_can" },
				"west": { "uv": [ 4.25, 8.25, 4.375, 8.375 ], "texture": "#trash_can" },
				"east": { "uv": [ 4.125, 8.125, 4, 8.25 ], "texture": "#trash_can" }
			}
		},
		{
			"__comment": "Voxels",
			"from": [ 3, -4, -3 ],
			"to": [ 6, 19, -2 ],
			"faces": {
				"down": { "uv": [ 3.5, 9.375, 3.875, 9.5 ], "texture": "#trash_can" },
				"up": { "uv": [ 3.875, 9.5, 4.25, 9.375 ], "texture": "#trash_can" },
				"north": { "uv": [ 6.75, 13.125, 6.375, 16 ], "texture": "#trash_can" },
				"south": { "uv": [ 6, 10.25, 6.375, 13.125 ], "texture": "#trash_can" },
				"west": { "uv": [ 9.125, 8.5, 9.25, 11.375 ], "texture": "#trash_can" },
				"east": { "uv": [ 9.375, 11.375, 9.25, 14.25 ], "texture": "#trash_can" }
			}
		},
		{
			"__comment": "Voxels",
			"from": [ 3, -4, 13 ],
			"to": [ 6, 19, 14 ],
			"faces": {
				"down": { "uv": [ 3.5, 9.25, 3.875, 9.375 ], "texture": "#trash_can" },
				"up": { "uv": [ 3.75, 9, 4.125, 8.875 ], "texture": "#trash_can" },
				"north": { "uv": [ 6.375, 13.125, 6, 16 ], "texture": "#trash_can" },
				"south": { "uv": [ 5.625, 10.25, 6, 13.125 ], "texture": "#trash_can" },
				"west": { "uv": [ 9.25, 8.5, 9.375, 11.375 ], "texture": "#trash_can" },
				"east": { "uv": [ 9.5, 11.375, 9.375, 14.25 ], "texture": "#trash_can" }
			}
		},
		{
			"__comment": "Voxels",
			"from": [ 5, 19, -5 ],
			"to": [ 14, 21, -4 ],
			"faces": {
				"down": { "uv": [ 14.75, 13.875, 15.875, 14 ], "texture": "#trash_can" },
				"up": { "uv": [ 14.75, 14.125, 15.875, 14 ], "texture": "#trash_can" },
				"north": { "uv": [ 12.625, 13.875, 11.5, 14.125 ], "texture": "#trash_can" },
				"south": { "uv": [ 10.375, 13.875, 11.5, 14.125 ], "texture": "#trash_can" },
				"west": { "uv": [ 3.875, 8, 4, 8.25 ], "texture": "#trash_can" },
				"east": { "uv": [ 4.375, 8.75, 4.25, 9 ], "texture": "#trash_can" }
			}
		},
		{
			"__comment": "Voxels",
			"from": [ 5, 19, 15 ],
			"to": [ 14, 21, 16 ],
			"faces": {
				"down": { "uv": [ 14.75, 15.625, 15.875, 15.75 ], "texture": "#trash_can" },
				"up": { "uv": [ 14.25, 15.375, 15.375, 15.25 ], "texture": "#trash_can" },
				"north": { "uv": [ 15.375, 14.5, 14.25, 14.75 ], "texture": "#trash_can" },
				"south": { "uv": [ 14.75, 14.75, 15.875, 15 ], "texture": "#trash_can" },
				"west": { "uv": [ 3.375, 8.125, 3.5, 8.375 ], "texture": "#trash_can" },
				"east": { "uv": [ 4.25, 8.25, 4.125, 8.5 ], "texture": "#trash_can" }
			}
		},
		{
			"__comment": "Voxels",
			"from": [ 5, 21, 4 ],
			"to": [ 6, 22, 7 ],
			"faces": {
				"down": { "uv": [ 3.75, 8.375, 3.875, 8.75 ], "texture": "#trash_can" },
				"up": { "uv": [ 3.75, 8.375, 3.875, 8 ], "texture": "#trash_can" },
				"north": { "uv": [ 4, 8.75, 3.875, 8.875 ], "texture": "#trash_can" },
				"south": { "uv": [ 4.25, 9.25, 4.375, 9.375 ], "texture": "#trash_can" },
				"west": { "uv": [ 2.625, 8, 3, 8.125 ], "texture": "#trash_can" },
				"east": { "uv": [ 3.375, 8, 3, 8.125 ], "texture": "#trash_can" }
			}
		},
		{
			"__comment": "Voxels",
			"from": [ 6, -5, -4 ],
			"to": [ 13, 19, -3 ],
			"faces": {
				"down": { "uv": [ 2.625, 8.375, 3.5, 8.5 ], "texture": "#trash_can" },
				"up": { "uv": [ 2.625, 9.375, 3.5, 9.25 ], "texture": "#trash_can" },
				"north": { "uv": [ 1.75, 10.75, 0.875, 13.75 ], "texture": "#trash_can" },
				"south": { "uv": [ 1.75, 10.75, 2.625, 13.75 ], "texture": "#trash_can" },
				"west": { "uv": [ 8, 11.25, 8.125, 14.25 ], "texture": "#trash_can" },
				"east": { "uv": [ 8, 8.25, 7.875, 11.25 ], "texture": "#trash_can" }
			}
		},
		{
			"__comment": "Voxels",
			"from": [ 6, -5, 14 ],
			"to": [ 13, 19, 15 ],
			"faces": {
				"down": { "uv": [ 2.625, 8.5, 3.5, 8.625 ], "texture": "#trash_can" },
				"up": { "uv": [ 2.625, 9.25, 3.5, 9.125 ], "texture": "#trash_can" },
				"north": { "uv": [ 0.875, 10.75, 0, 13.75 ], "texture": "#trash_can" },
				"south": { "uv": [ 2.625, 13, 3.5, 16 ], "texture": "#trash_can" },
				"west": { "uv": [ 8, 8.25, 8.125, 11.25 ], "texture": "#trash_can" },
				"east": { "uv": [ 8, 11.25, 7.875, 14.25 ], "texture": "#trash_can" }
			}
		},
		{
			"__comment": "Voxels",
			"from": [ 6, 22, 4 ],
			"to": [ 13, 23, 7 ],
			"faces": {
				"down": { "uv": [ 2.625, 9.75, 3.5, 10.125 ], "texture": "#trash_can" },
				"up": { "uv": [ 2.625, 9.75, 3.5, 9.375 ], "texture": "#trash_can" },
				"north": { "uv": [ 3.5, 8.75, 2.625, 8.875 ], "texture": "#trash_can" },
				"south": { "uv": [ 2.625, 8.875, 3.5, 9 ], "texture": "#trash_can" },
				"west": { "uv": [ 3.875, 9.875, 4.25, 10 ], "texture": "#trash_can" },
				"east": { "uv": [ 3.875, 9.75, 3.5, 9.875 ], "texture": "#trash_can" }
			}
		},
		{
			"__comment": "Voxels",
			"from": [ 13, -4, -3 ],
			"to": [ 16, 19, -2 ],
			"faces": {
				"down": { "uv": [ 3.875, 9.75, 4.25, 9.875 ], "texture": "#trash_can" },
				"up": { "uv": [ 3.5, 9.75, 3.875, 9.625 ], "texture": "#trash_can" },
				"north": { "uv": [ 7.125, 10.25, 6.75, 13.125 ], "texture": "#trash_can" },
				"south": { "uv": [ 6.75, 13.125, 7.125, 16 ], "texture": "#trash_can" },
				"west": { "uv": [ 9.375, 8.5, 9.5, 11.375 ], "texture": "#trash_can" },
				"east": { "uv": [ 9.625, 11.375, 9.5, 14.25 ], "texture": "#trash_can" }
			}
		},
		{
			"__comment": "Voxels",
			"from": [ 13, -4, 13 ],
			"to": [ 16, 19, 14 ],
			"faces": {
				"down": { "uv": [ 3.875, 9.625, 4.25, 9.75 ], "texture": "#trash_can" },
				"up": { "uv": [ 3.5, 9.625, 3.875, 9.5 ], "texture": "#trash_can" },
				"north": { "uv": [ 6.75, 10.25, 6.375, 13.125 ], "texture": "#trash_can" },
				"south": { "uv": [ 5.625, 13.125, 6, 16 ], "texture": "#trash_can" },
				"west": { "uv": [ 9.625, 8.5, 9.75, 11.375 ], "texture": "#trash_can" },
				"east": { "uv": [ 9.875, 11.375, 9.75, 14.25 ], "texture": "#trash_can" }
			}
		},
		{
			"__comment": "Voxels",
			"from": [ 13, 21, 4 ],
			"to": [ 14, 22, 7 ],
			"faces": {
				"down": { "uv": [ 2.375, 8.625, 2.5, 9 ], "texture": "#trash_can" },
				"up": { "uv": [ 2.5, 9, 2.625, 8.625 ], "texture": "#trash_can" },
				"north": { "uv": [ 4.25, 8.125, 4.125, 8.25 ], "texture": "#trash_can" },
				"south": { "uv": [ 4.125, 8, 4.25, 8.125 ], "texture": "#trash_can" },
				"west": { "uv": [ 3.875, 9.5, 4.25, 9.625 ], "texture": "#trash_can" },
				"east": { "uv": [ 4.25, 9.25, 3.875, 9.375 ], "texture": "#trash_can" }
			}
		},
		{
			"__comment": "Voxels",
			"from": [ 16, -4, -2 ],
			"to": [ 17, 19, -1 ],
			"faces": {
				"down": { "uv": [ 3.375, 8, 3.5, 8.125 ], "texture": "#trash_can" },
				"up": { "uv": [ 4.25, 10, 4.375, 9.875 ], "texture": "#trash_can" },
				"north": { "uv": [ 10, 8.5, 9.875, 11.375 ], "texture": "#trash_can" },
				"south": { "uv": [ 9.125, 11.375, 9.25, 14.25 ], "texture": "#trash_can" },
				"west": { "uv": [ 10, 11.375, 10.125, 14.25 ], "texture": "#trash_can" },
				"east": { "uv": [ 10.125, 8.5, 10, 11.375 ], "texture": "#trash_can" }
			}
		},
		{
			"__comment": "Voxels",
			"from": [ 16, -4, 12 ],
			"to": [ 17, 19, 13 ],
			"faces": {
				"down": { "uv": [ 4.25, 9.75, 4.375, 9.875 ], "texture": "#trash_can" },
				"up": { "uv": [ 4.25, 9.75, 4.375, 9.625 ], "texture": "#trash_can" },
				"north": { "uv": [ 10.25, 11.375, 10.125, 14.25 ], "texture": "#trash_can" },
				"south": { "uv": [ 10.125, 8.5, 10.25, 11.375 ], "texture": "#trash_can" },
				"west": { "uv": [ 10.25, 11.375, 10.375, 14.25 ], "texture": "#trash_can" },
				"east": { "uv": [ 5.25, 10.25, 5.125, 13.125 ], "texture": "#trash_can" }
			}
		},
		{
			"__comment": "Voxels",
			"from": [ 17, -4, -1 ],
			"to": [ 18, 19, 2 ],
			"faces": {
				"down": { "uv": [ 2.375, 8.25, 2.5, 8.625 ], "texture": "#trash_can" },
				"up": { "uv": [ 2.5, 8.625, 2.625, 8.25 ], "texture": "#trash_can" },
				"north": { "uv": [ 8.25, 11.375, 8.125, 14.25 ], "texture": "#trash_can" },
				"south": { "uv": [ 8.125, 8.5, 8.25, 11.375 ], "texture": "#trash_can" },
				"west": { "uv": [ 5.25, 10.25, 5.625, 13.125 ], "texture": "#trash_can" },
				"east": { "uv": [ 5.625, 13.125, 5.25, 16 ], "texture": "#trash_can" }
			}
		},
		{
			"__comment": "Voxels",
			"from": [ 17, -4, 9 ],
			"to": [ 18, 19, 12 ],
			"faces": {
				"down": { "uv": [ 3.5, 8.75, 3.625, 9.125 ], "texture": "#trash_can" },
				"up": { "uv": [ 3.625, 9.125, 3.75, 8.75 ], "texture": "#trash_can" },
				"north": { "uv": [ 8.375, 11.375, 8.25, 14.25 ], "texture": "#trash_can" },
				"south": { "uv": [ 8.25, 8.5, 8.375, 11.375 ], "texture": "#trash_can" },
				"west": { "uv": [ 4.75, 10.25, 5.125, 13.125 ], "texture": "#trash_can" },
				"east": { "uv": [ 4.75, 10.25, 4.375, 13.125 ], "texture": "#trash_can" }
			}
		},
		{
			"__comment": "Voxels",
			"from": [ 18, -4, 2 ],
			"to": [ 19, 19, 9 ],
			"faces": {
				"down": { "uv": [ 2.375, 9, 2.5, 9.875 ], "texture": "#trash_can" },
				"up": { "uv": [ 2.5, 9.875, 2.625, 9 ], "texture": "#trash_can" },
				"north": { "uv": [ 8.5, 11.375, 8.375, 14.25 ], "texture": "#trash_can" },
				"south": { "uv": [ 8.375, 8.5, 8.5, 11.375 ], "texture": "#trash_can" },
				"west": { "uv": [ 2.625, 10.125, 3.5, 13 ], "texture": "#trash_can" },
				"east": { "uv": [ 4.375, 13.125, 3.5, 16 ], "texture": "#trash_can" }
			}
		}
	],
	"display": {
		"thirdperson_righthand": {
			"rotation":  [ 90, 0, 0 ],
			"translation":  [ 0, 4.086, 7 ],
			"scale":  [ 0.5, 0.5, 0.5 ]
		},
		"thirdperson_lefthand": {
			"rotation":  [ 90, 0, 0 ],
			"translation":  [ 0, 4.086, 7 ],
			"scale":  [ 0.5, 0.5, 0.5 ]
		},
		"firstperson_righthand": {
			"rotation":  [ 0, -20, 0 ],
			"translation":  [ 4, -1, -6 ],
			"scale":  [ 0.5, 0.5, 0.5 ]
		},
		"firstperson_lefthand": {
			"rotation":  [ 0, -20, 0 ],
			"translation":  [ 4, -1, -6 ],
			"scale":  [ 0.5, 0.5, 0.5 ]
		},
		"gui": {
			"translation":  [ -0.5, 0, 0 ],
			"scale":  [ 0.5, 0.5, 0.5 ]
		},
		"head": {
			"translation":  [ -1, 6, 2 ]
		},
                        "fixed": {
			"rotation":  [ -90, 0, 0 ],
			"translation":  [ -1.5, 1.5, -21 ],
			"scale":  [ 1.5, 1.5, 1.5 ]
		}
	}
}