{
	"credit": "Made with Blockbench",
	"texture_size": [256, 256],
	"textures": {
		"0": "item/etc/treasure",
		"particle": "item/etc/treasure"
	},
	"elements": [
		{
			"from": [-12, 0, 1],
			"to": [-9, 12, 4],
			"rotation": {"angle": 0, "axis": "y", "origin": [-4, 8, 9]},
			"faces": {
				"north": {"uv": [4.625, 7.3125, 4.8125, 8.0625], "texture": "#0"},
				"east": {"uv": [4.8125, 7.3125, 5, 8.0625], "texture": "#0"},
				"south": {"uv": [6.125, 7.375, 6.3125, 8.125], "texture": "#0"},
				"west": {"uv": [6.3125, 7.375, 6.5, 8.125], "texture": "#0"},
				"up": {"uv": [8.25, 0.6875, 8.0625, 0.5], "texture": "#0"},
				"down": {"uv": [8.25, 1.1875, 8.0625, 1.375], "texture": "#0"}
			}
		},
		{
			"from": [-12, 15, 1],
			"to": [-9, 21, 4],
			"rotation": {"angle": 0, "axis": "y", "origin": [-4, 23, 9]},
			"faces": {
				"north": {"uv": [1.6875, 6, 1.875, 6.375], "texture": "#0"},
				"east": {"uv": [7.8125, 4.9375, 8, 5.3125], "texture": "#0"},
				"south": {"uv": [7.8125, 5.3125, 8, 5.6875], "texture": "#0"},
				"west": {"uv": [7.8125, 5.6875, 8, 6.0625], "texture": "#0"},
				"up": {"uv": [7.4375, 8.3125, 7.25, 8.125], "texture": "#0"},
				"down": {"uv": [8.3125, 8.125, 8.125, 8.3125], "texture": "#0"}
			}
		},
		{
			"from": [-13, 0, 21],
			"to": [-8, 4, 26],
			"rotation": {"angle": 0, "axis": "y", "origin": [-4, 8, 29]},
			"faces": {
				"north": {"uv": [7.8125, 2.9375, 8.125, 3.1875], "texture": "#0"},
				"east": {"uv": [7.8125, 3.1875, 8.125, 3.4375], "texture": "#0"},
				"south": {"uv": [7.8125, 3.4375, 8.125, 3.6875], "texture": "#0"},
				"west": {"uv": [7.8125, 3.6875, 8.125, 3.9375], "texture": "#0"},
				"up": {"uv": [7.8125, 2.0625, 7.5, 1.75], "texture": "#0"},
				"down": {"uv": [7.8125, 5.5625, 7.5, 5.875], "texture": "#0"}
			}
		},
		{
			"from": [-8, 12.25, 21.5],
			"to": [-3, 14.25, 26.5],
			"rotation": {"angle": 0, "axis": "y", "origin": [1, 19.25, 29.5]},
			"faces": {
				"north": {"uv": [5.625, 5.4375, 5.9375, 5.5625], "texture": "#0"},
				"east": {"uv": [7.4375, 0.1875, 7.75, 0.3125], "texture": "#0"},
				"south": {"uv": [7.5, 2.0625, 7.8125, 2.1875], "texture": "#0"},
				"west": {"uv": [7.5625, 7, 7.875, 7.125], "texture": "#0"},
				"up": {"uv": [7.8125, 6.1875, 7.5, 5.875], "texture": "#0"},
				"down": {"uv": [7.8125, 6.1875, 7.5, 6.5], "texture": "#0"}
			}
		},
		{
			"from": [11, 12.25, 21.5],
			"to": [16, 14.25, 26.5],
			"rotation": {"angle": 0, "axis": "y", "origin": [20, 19.25, 29.5]},
			"faces": {
				"north": {"uv": [7.75, 0.1875, 8.0625, 0.3125], "texture": "#0"},
				"east": {"uv": [7.9375, 7.4375, 8.25, 7.5625], "texture": "#0"},
				"south": {"uv": [7.9375, 7.8125, 8.25, 7.9375], "texture": "#0"},
				"west": {"uv": [8.0625, 0.1875, 8.375, 0.3125], "texture": "#0"},
				"up": {"uv": [7.8125, 6.8125, 7.5, 6.5], "texture": "#0"},
				"down": {"uv": [7.875, 7.5625, 7.5625, 7.875], "texture": "#0"}
			}
		},
		{
			"from": [17, 0, 22],
			"to": [20, 12, 25],
			"rotation": {"angle": 0, "axis": "y", "origin": [25, 8, 30]},
			"faces": {
				"north": {"uv": [2, 7.5, 2.1875, 8.25], "texture": "#0"},
				"east": {"uv": [2.1875, 7.5, 2.375, 8.25], "texture": "#0"},
				"south": {"uv": [2.375, 7.5, 2.5625, 8.25], "texture": "#0"},
				"west": {"uv": [2.5625, 7.5, 2.75, 8.25], "texture": "#0"},
				"up": {"uv": [6.6875, 8.3125, 6.5, 8.125], "texture": "#0"},
				"down": {"uv": [6.875, 8.125, 6.6875, 8.3125], "texture": "#0"}
			}
		},
		{
			"from": [17, 15, 1],
			"to": [20, 21, 4],
			"rotation": {"angle": 0, "axis": "y", "origin": [25, 23, 9]},
			"faces": {
				"north": {"uv": [7.8125, 6.0625, 8, 6.4375], "texture": "#0"},
				"east": {"uv": [7.8125, 6.4375, 8, 6.8125], "texture": "#0"},
				"south": {"uv": [1, 7.875, 1.1875, 8.25], "texture": "#0"},
				"west": {"uv": [1.1875, 7.875, 1.375, 8.25], "texture": "#0"},
				"up": {"uv": [8.3125, 1, 8.125, 0.8125], "texture": "#0"},
				"down": {"uv": [8.3125, 1, 8.125, 1.1875], "texture": "#0"}
			}
		},
		{
			"from": [-12, 15, 22],
			"to": [-9, 21, 25],
			"rotation": {"angle": 0, "axis": "y", "origin": [-4, 23, 30]},
			"faces": {
				"north": {"uv": [7.5625, 7.875, 7.75, 8.25], "texture": "#0"},
				"east": {"uv": [7.75, 7.875, 7.9375, 8.25], "texture": "#0"},
				"south": {"uv": [0.75, 7.9375, 0.9375, 8.3125], "texture": "#0"},
				"west": {"uv": [7.9375, 7.9375, 8.125, 8.3125], "texture": "#0"},
				"up": {"uv": [8.3125, 4.125, 8.125, 3.9375], "texture": "#0"},
				"down": {"uv": [8.3125, 4.125, 8.125, 4.3125], "texture": "#0"}
			}
		},
		{
			"from": [17, 15, 22],
			"to": [20, 21, 25],
			"rotation": {"angle": 0, "axis": "y", "origin": [25, 23, 30]},
			"faces": {
				"north": {"uv": [5.75, 7.875, 5.9375, 8.25], "texture": "#0"},
				"east": {"uv": [5.9375, 7.875, 6.125, 8.25], "texture": "#0"},
				"south": {"uv": [6.875, 7.875, 7.0625, 8.25], "texture": "#0"},
				"west": {"uv": [7.0625, 7.875, 7.25, 8.25], "texture": "#0"},
				"up": {"uv": [8.3125, 3.375, 8.125, 3.1875], "texture": "#0"},
				"down": {"uv": [8.3125, 3.375, 8.125, 3.5625], "texture": "#0"}
			}
		},
		{
			"from": [-12, 21, 2],
			"to": [-9, 25, 5],
			"rotation": {"angle": 0, "axis": "y", "origin": [-4, 29, 10]},
			"faces": {
				"north": {"uv": [8, 5.375, 8.1875, 5.625], "texture": "#0"},
				"east": {"uv": [8, 5.625, 8.1875, 5.875], "texture": "#0"},
				"south": {"uv": [8, 5.875, 8.1875, 6.125], "texture": "#0"},
				"west": {"uv": [8, 6.125, 8.1875, 6.375], "texture": "#0"},
				"up": {"uv": [8.3125, 1.9375, 8.125, 1.75], "texture": "#0"},
				"down": {"uv": [8.3125, 1.9375, 8.125, 2.125], "texture": "#0"}
			}
		},
		{
			"from": [-12, 23, 5],
			"to": [-9, 26, 21],
			"rotation": {"angle": 0, "axis": "y", "origin": [-4, 29, 13]},
			"faces": {
				"north": {"uv": [8.125, 2.125, 8.3125, 2.3125], "texture": "#0"},
				"east": {"uv": [4.125, 3.4375, 5.125, 3.625], "texture": "#0"},
				"south": {"uv": [8.125, 2.625, 8.3125, 2.8125], "texture": "#0"},
				"west": {"uv": [0, 7, 1, 7.1875], "texture": "#0"},
				"up": {"uv": [1.1875, 7.625, 1, 6.625], "texture": "#0"},
				"down": {"uv": [1.375, 6.625, 1.1875, 7.625], "texture": "#0"}
			}
		},
		{
			"from": [-12.5, 22.75, 7],
			"to": [-8.5, 26.25, 19],
			"rotation": {"angle": 0, "axis": "y", "origin": [-3.5, 29.25, 15]},
			"faces": {
				"north": {"uv": [3.75, 5.125, 4, 5.375], "texture": "#0"},
				"east": {"uv": [5.375, 7.125, 6.125, 7.375], "texture": "#0"},
				"south": {"uv": [7.875, 2.1875, 8.125, 2.4375], "texture": "#0"},
				"west": {"uv": [6.125, 7.125, 6.875, 7.375], "texture": "#0"},
				"up": {"uv": [7.125, 7.875, 6.875, 7.125], "texture": "#0"},
				"down": {"uv": [7.375, 7.125, 7.125, 7.875], "texture": "#0"}
			}
		},
		{
			"from": [16.5, 22.75, 7],
			"to": [20.5, 26.25, 19],
			"rotation": {"angle": 0, "axis": "y", "origin": [25.5, 29.25, 15]},
			"faces": {
				"north": {"uv": [7.875, 7.5625, 8.125, 7.8125], "texture": "#0"},
				"east": {"uv": [0, 7.1875, 0.75, 7.4375], "texture": "#0"},
				"south": {"uv": [7.9375, 7, 8.1875, 7.25], "texture": "#0"},
				"west": {"uv": [2.625, 7.25, 3.375, 7.5], "texture": "#0"},
				"up": {"uv": [1, 7.9375, 0.75, 7.1875], "texture": "#0"},
				"down": {"uv": [3.625, 7.25, 3.375, 8], "texture": "#0"}
			}
		},
		{
			"from": [2.5, 25.75, 9],
			"to": [4.5, 26.75, 11],
			"rotation": {"angle": 0, "axis": "y", "origin": [9.5, 33.75, 19]},
			"faces": {
				"north": {"uv": [3, 6.875, 3.125, 6.9375], "texture": "#0"},
				"east": {"uv": [3.125, 6.875, 3.25, 6.9375], "texture": "#0"},
				"south": {"uv": [3.25, 6.875, 3.375, 6.9375], "texture": "#0"},
				"west": {"uv": [3.375, 6.875, 3.5, 6.9375], "texture": "#0"},
				"up": {"uv": [6.125, 7.75, 6, 7.625], "texture": "#0"},
				"down": {"uv": [7.8125, 2.6875, 7.6875, 2.8125], "texture": "#0"}
			}
		},
		{
			"from": [2.5, 25.75, 15],
			"to": [4.5, 26.75, 17],
			"rotation": {"angle": 0, "axis": "y", "origin": [9.5, 33.75, 25]},
			"faces": {
				"north": {"uv": [5.125, 6.8125, 5.25, 6.875], "texture": "#0"},
				"east": {"uv": [5.25, 6.8125, 5.375, 6.875], "texture": "#0"},
				"south": {"uv": [5.375, 6.8125, 5.5, 6.875], "texture": "#0"},
				"west": {"uv": [5.5, 6.8125, 5.625, 6.875], "texture": "#0"},
				"up": {"uv": [1.6875, 7.625, 1.5625, 7.5], "texture": "#0"},
				"down": {"uv": [1.6875, 7.625, 1.5625, 7.75], "texture": "#0"}
			}
		},
		{
			"from": [0.5, 22.75, 7],
			"to": [6.5, 26.25, 19],
			"rotation": {"angle": 0, "axis": "y", "origin": [10.5, 29.25, 15]},
			"faces": {
				"north": {"uv": [7.5625, 7.3125, 7.9375, 7.5625], "texture": "#0"},
				"east": {"uv": [7.3125, 0.5, 8.0625, 0.75], "texture": "#0"},
				"south": {"uv": [1, 7.625, 1.375, 7.875], "texture": "#0"},
				"west": {"uv": [5.375, 7.375, 6.125, 7.625], "texture": "#0"},
				"up": {"uv": [5.875, 3.5625, 5.5, 2.8125], "texture": "#0"},
				"down": {"uv": [3, 6.5, 2.625, 7.25], "texture": "#0"}
			}
		},
		{
			"from": [17, 23, 5],
			"to": [20, 26, 21],
			"rotation": {"angle": 0, "axis": "y", "origin": [25, 29, 13]},
			"faces": {
				"north": {"uv": [8.125, 2.8125, 8.3125, 3], "texture": "#0"},
				"east": {"uv": [3, 7.0625, 4, 7.25], "texture": "#0"},
				"south": {"uv": [8.125, 3, 8.3125, 3.1875], "texture": "#0"},
				"west": {"uv": [4, 7.125, 5, 7.3125], "texture": "#0"},
				"up": {"uv": [5.1875, 8.125, 5, 7.125], "texture": "#0"},
				"down": {"uv": [5.375, 7.125, 5.1875, 8.125], "texture": "#0"}
			}
		},
		{
			"from": [-12, 21, 21],
			"to": [-9, 25, 24],
			"rotation": {"angle": 0, "axis": "y", "origin": [-4, 29, 29]},
			"faces": {
				"north": {"uv": [3.125, 8.0625, 3.3125, 8.3125], "texture": "#0"},
				"east": {"uv": [3.5625, 8.0625, 3.75, 8.3125], "texture": "#0"},
				"south": {"uv": [3.75, 8.0625, 3.9375, 8.3125], "texture": "#0"},
				"west": {"uv": [3.9375, 8.0625, 4.125, 8.3125], "texture": "#0"},
				"up": {"uv": [8.3125, 4.5, 8.125, 4.3125], "texture": "#0"},
				"down": {"uv": [8.3125, 4.5, 8.125, 4.6875], "texture": "#0"}
			}
		},
		{
			"from": [17, 21, 2],
			"to": [20, 25, 5],
			"rotation": {"angle": 0, "axis": "y", "origin": [25, 29, 10]},
			"faces": {
				"north": {"uv": [3.9375, 1.5625, 4.125, 1.8125], "texture": "#0"},
				"east": {"uv": [3.5625, 6.5, 3.75, 6.75], "texture": "#0"},
				"south": {"uv": [3.375, 8, 3.5625, 8.25], "texture": "#0"},
				"west": {"uv": [8, 5.125, 8.1875, 5.375], "texture": "#0"},
				"up": {"uv": [8.3125, 1.5625, 8.125, 1.375], "texture": "#0"},
				"down": {"uv": [8.3125, 1.5625, 8.125, 1.75], "texture": "#0"}
			}
		},
		{
			"from": [1, 15, 1],
			"to": [6, 21, 25],
			"rotation": {"angle": 0, "axis": "y", "origin": [10, 23, 9]},
			"faces": {
				"north": {"uv": [0.5625, 6.625, 0.875, 7], "texture": "#0"},
				"east": {"uv": [6, 1.4375, 7.5, 1.8125], "texture": "#0"},
				"south": {"uv": [7.375, 2.4375, 7.6875, 2.8125], "texture": "#0"},
				"west": {"uv": [6, 1.8125, 7.5, 2.1875], "texture": "#0"},
				"up": {"uv": [1.6875, 7.5, 1.375, 6], "texture": "#0"},
				"down": {"uv": [2, 6.5, 1.6875, 8], "texture": "#0"}
			}
		},
		{
			"from": [1, 23, 5],
			"to": [6, 26, 21],
			"rotation": {"angle": 0, "axis": "y", "origin": [10, 29, 13]},
			"faces": {
				"north": {"uv": [5.125, 3.4375, 5.4375, 3.625], "texture": "#0"},
				"east": {"uv": [3.625, 7.3125, 4.625, 7.5], "texture": "#0"},
				"south": {"uv": [7.9375, 7.25, 8.25, 7.4375], "texture": "#0"},
				"west": {"uv": [7.3125, 0.3125, 8.3125, 0.5], "texture": "#0"},
				"up": {"uv": [2.3125, 7.5, 2, 6.5], "texture": "#0"},
				"down": {"uv": [2.625, 6.5, 2.3125, 7.5], "texture": "#0"}
			}
		},
		{
			"from": [1, 21, 2],
			"to": [6, 25, 5],
			"rotation": {"angle": 0, "axis": "y", "origin": [10, 29, 10]},
			"faces": {
				"north": {"uv": [7.8125, 3.9375, 8.125, 4.1875], "texture": "#0"},
				"east": {"uv": [4.125, 8.0625, 4.3125, 8.3125], "texture": "#0"},
				"south": {"uv": [7.8125, 4.1875, 8.125, 4.4375], "texture": "#0"},
				"west": {"uv": [4.3125, 8.0625, 4.5, 8.3125], "texture": "#0"},
				"up": {"uv": [1.875, 8.1875, 1.5625, 8], "texture": "#0"},
				"down": {"uv": [8.3125, 0, 8, 0.1875], "texture": "#0"}
			}
		},
		{
			"from": [17, 21, 21],
			"to": [20, 25, 24],
			"rotation": {"angle": 0, "axis": "y", "origin": [25, 29, 29]},
			"faces": {
				"north": {"uv": [8, 6.375, 8.1875, 6.625], "texture": "#0"},
				"east": {"uv": [8, 6.625, 8.1875, 6.875], "texture": "#0"},
				"south": {"uv": [2.75, 8.0625, 2.9375, 8.3125], "texture": "#0"},
				"west": {"uv": [2.9375, 8.0625, 3.125, 8.3125], "texture": "#0"},
				"up": {"uv": [8.3125, 3.75, 8.125, 3.5625], "texture": "#0"},
				"down": {"uv": [8.3125, 3.75, 8.125, 3.9375], "texture": "#0"}
			}
		},
		{
			"from": [1, 21, 21],
			"to": [6, 25, 24],
			"rotation": {"angle": 0, "axis": "y", "origin": [10, 29, 29]},
			"faces": {
				"north": {"uv": [7.8125, 4.4375, 8.125, 4.6875], "texture": "#0"},
				"east": {"uv": [4.5, 8.0625, 4.6875, 8.3125], "texture": "#0"},
				"south": {"uv": [7.8125, 4.6875, 8.125, 4.9375], "texture": "#0"},
				"west": {"uv": [4.6875, 8.0625, 4.875, 8.3125], "texture": "#0"},
				"up": {"uv": [8.3125, 2.625, 8, 2.4375], "texture": "#0"},
				"down": {"uv": [8.3125, 4.9375, 8, 5.125], "texture": "#0"}
			}
		},
		{
			"from": [16, 0, 21],
			"to": [21, 4, 26],
			"rotation": {"angle": 0, "axis": "y", "origin": [25, 8, 29]},
			"faces": {
				"north": {"uv": [7.8125, 1.4375, 8.125, 1.6875], "texture": "#0"},
				"east": {"uv": [7.8125, 1.6875, 8.125, 1.9375], "texture": "#0"},
				"south": {"uv": [7.8125, 1.9375, 8.125, 2.1875], "texture": "#0"},
				"west": {"uv": [7.8125, 2.6875, 8.125, 2.9375], "texture": "#0"},
				"up": {"uv": [4.5625, 7.8125, 4.25, 7.5], "texture": "#0"},
				"down": {"uv": [7.8125, 1.4375, 7.5, 1.75], "texture": "#0"}
			}
		},
		{
			"from": [-12, 0, 22],
			"to": [-9, 12, 25],
			"rotation": {"angle": 0, "axis": "y", "origin": [-4, 8, 30]},
			"faces": {
				"north": {"uv": [0.1875, 7.4375, 0.375, 8.1875], "texture": "#0"},
				"east": {"uv": [0.375, 7.4375, 0.5625, 8.1875], "texture": "#0"},
				"south": {"uv": [0.5625, 7.4375, 0.75, 8.1875], "texture": "#0"},
				"west": {"uv": [1.375, 7.5, 1.5625, 8.25], "texture": "#0"},
				"up": {"uv": [6.3125, 8.3125, 6.125, 8.125], "texture": "#0"},
				"down": {"uv": [6.5, 8.125, 6.3125, 8.3125], "texture": "#0"}
			}
		},
		{
			"from": [16, 0, 0],
			"to": [21, 4, 5],
			"rotation": {"angle": 0, "axis": "y", "origin": [25, 8, 8]},
			"faces": {
				"north": {"uv": [3.0625, 7.8125, 3.375, 8.0625], "texture": "#0"},
				"east": {"uv": [3.625, 7.8125, 3.9375, 8.0625], "texture": "#0"},
				"south": {"uv": [3.9375, 7.8125, 4.25, 8.0625], "texture": "#0"},
				"west": {"uv": [4.25, 7.8125, 4.5625, 8.0625], "texture": "#0"},
				"up": {"uv": [3.9375, 7.8125, 3.625, 7.5], "texture": "#0"},
				"down": {"uv": [4.25, 7.5, 3.9375, 7.8125], "texture": "#0"}
			}
		},
		{
			"from": [17, 0, 1],
			"to": [20, 12, 4],
			"rotation": {"angle": 0, "axis": "y", "origin": [25, 8, 9]},
			"faces": {
				"north": {"uv": [6.5, 7.375, 6.6875, 8.125], "texture": "#0"},
				"east": {"uv": [6.6875, 7.375, 6.875, 8.125], "texture": "#0"},
				"south": {"uv": [7.375, 7.375, 7.5625, 8.125], "texture": "#0"},
				"west": {"uv": [0, 7.4375, 0.1875, 8.1875], "texture": "#0"},
				"up": {"uv": [5.0625, 8.3125, 4.875, 8.125], "texture": "#0"},
				"down": {"uv": [5.25, 8.125, 5.0625, 8.3125], "texture": "#0"}
			}
		},
		{
			"from": [-13, 0, 0],
			"to": [-8, 4, 5],
			"rotation": {"angle": 0, "axis": "y", "origin": [-4, 8, 8]},
			"faces": {
				"north": {"uv": [5.375, 7.625, 5.6875, 7.875], "texture": "#0"},
				"east": {"uv": [5.6875, 7.625, 6, 7.875], "texture": "#0"},
				"south": {"uv": [7.6875, 2.4375, 8, 2.6875], "texture": "#0"},
				"west": {"uv": [2.75, 7.8125, 3.0625, 8.0625], "texture": "#0"},
				"up": {"uv": [3.0625, 7.8125, 2.75, 7.5], "texture": "#0"},
				"down": {"uv": [3.375, 7.5, 3.0625, 7.8125], "texture": "#0"}
			}
		},
		{
			"from": [-12, 0, 1],
			"to": [20, 2, 25],
			"rotation": {"angle": 0, "axis": "y", "origin": [1, 8, 9]},
			"faces": {
				"north": {"uv": [6.0625, 1.1875, 8.0625, 1.3125], "texture": "#0"},
				"east": {"uv": [4.5625, 7, 6.0625, 7.125], "texture": "#0"},
				"south": {"uv": [6.0625, 1.3125, 8.0625, 1.4375], "texture": "#0"},
				"west": {"uv": [6.0625, 7, 7.5625, 7.125], "texture": "#0"},
				"up": {"uv": [2, 4.625, 0, 3.125], "texture": "#0"},
				"down": {"uv": [4, 3.625, 2, 5.125], "texture": "#0"}
			}
		},
		{
			"from": [-12.5, 11, 0.5],
			"to": [20.5, 13, 25.5],
			"rotation": {"angle": 0, "axis": "y", "origin": [1, 19, 9]},
			"faces": {
				"north": {"uv": [2.0625, 1.875, 4.125, 2], "texture": "#0"},
				"east": {"uv": [3.5625, 6.8125, 5.125, 6.9375], "texture": "#0"},
				"south": {"uv": [6.0625, 0.8125, 8.125, 0.9375], "texture": "#0"},
				"west": {"uv": [5.125, 6.875, 6.6875, 7], "texture": "#0"},
				"up": {"uv": [2.0625, 1.5625, 0, 0], "texture": "#0"},
				"down": {"uv": [2.0625, 1.5625, 0, 3.125], "texture": "#0"}
			}
		},
		{
			"from": [-11.5, 13, 1.5],
			"to": [19.5, 14, 24.5],
			"rotation": {"angle": 0, "axis": "y", "origin": [0.5, 21, 9.5]},
			"faces": {
				"north": {"uv": [2.0625, 2, 4, 2.0625], "texture": "#0"},
				"east": {"uv": [5.625, 5.5625, 7.0625, 5.625], "texture": "#0"},
				"south": {"uv": [4, 3.9375, 5.9375, 4], "texture": "#0"},
				"west": {"uv": [7.3125, 0.75, 8.75, 0.8125], "texture": "#0"},
				"up": {"uv": [5.9375, 5.4375, 4, 4], "texture": "#0"},
				"down": {"uv": [6.0625, 0, 4.125, 1.4375], "texture": "#0"}
			}
		},
		{
			"from": [-12.5, 13.25, 0.5],
			"to": [20.5, 15.25, 25.5],
			"rotation": {"angle": 0, "axis": "y", "origin": [1, 21.25, 9]},
			"faces": {
				"north": {"uv": [6.0625, 0.9375, 8.125, 1.0625], "texture": "#0"},
				"east": {"uv": [6.6875, 6.875, 8.25, 7], "texture": "#0"},
				"south": {"uv": [6.0625, 1.0625, 8.125, 1.1875], "texture": "#0"},
				"west": {"uv": [3, 6.9375, 4.5625, 7.0625], "texture": "#0"},
				"up": {"uv": [4.125, 3.625, 2.0625, 2.0625], "texture": "#0"},
				"down": {"uv": [4.125, 0, 2.0625, 1.5625], "texture": "#0"}
			}
		},
		{
			"from": [-11, 2, 2],
			"to": [19, 12, 24],
			"rotation": {"angle": 0, "axis": "y", "origin": [1, 10, 10]},
			"faces": {
				"north": {"uv": [5.9375, 4.0625, 7.8125, 4.6875], "texture": "#0"},
				"east": {"uv": [4.125, 2.8125, 5.5, 3.4375], "texture": "#0"},
				"south": {"uv": [5.9375, 4.6875, 7.8125, 5.3125], "texture": "#0"},
				"west": {"uv": [0, 6, 1.375, 6.625], "texture": "#0"},
				"up": {"uv": [6, 2.8125, 4.125, 1.4375], "texture": "#0"},
				"down": {"uv": [1.875, 4.625, 0, 6], "texture": "#0"}
			}
		},
		{
			"from": [-11, 15, 2],
			"to": [19, 20, 24],
			"rotation": {"angle": 0, "axis": "y", "origin": [1, 23, 10]},
			"faces": {
				"north": {"uv": [2.0625, 1.5625, 3.9375, 1.875], "texture": "#0"},
				"east": {"uv": [6, 2.4375, 7.375, 2.75], "texture": "#0"},
				"south": {"uv": [4, 3.625, 5.875, 3.9375], "texture": "#0"},
				"west": {"uv": [6.0625, 0, 7.4375, 0.3125], "texture": "#0"},
				"up": {"uv": [3.75, 6.5, 1.875, 5.125], "texture": "#0"},
				"down": {"uv": [5.625, 5.4375, 3.75, 6.8125], "texture": "#0"}
			}
		},
		{
			"from": [-11, 20, 3],
			"to": [19, 24, 23],
			"rotation": {"angle": 0, "axis": "y", "origin": [1, 28, 10]},
			"faces": {
				"north": {"uv": [5.9375, 5.3125, 7.8125, 5.5625], "texture": "#0"},
				"east": {"uv": [6.0625, 0.3125, 7.3125, 0.5625], "texture": "#0"},
				"south": {"uv": [6, 2.1875, 7.875, 2.4375], "texture": "#0"},
				"west": {"uv": [6.0625, 0.5625, 7.3125, 0.8125], "texture": "#0"},
				"up": {"uv": [7.5, 6.875, 5.625, 5.625], "texture": "#0"},
				"down": {"uv": [7.8125, 2.8125, 5.9375, 4.0625], "texture": "#0"}
			}
		},
		{
			"from": [-1, 10.25, -1],
			"to": [8, 16.25, 2],
			"rotation": {"angle": 0, "axis": "y", "origin": [0, 20.25, 6]},
			"faces": {
				"north": {"uv": [3, 6.5, 3.5625, 6.875], "texture": "#0"},
				"east": {"uv": [5.375, 7.875, 5.5625, 8.25], "texture": "#0"},
				"south": {"uv": [0, 6.625, 0.5625, 7], "texture": "#0"},
				"west": {"uv": [5.5625, 7.875, 5.75, 8.25], "texture": "#0"},
				"up": {"uv": [7.9375, 7.3125, 7.375, 7.125], "texture": "#0"},
				"down": {"uv": [8, 0, 7.4375, 0.1875], "texture": "#0"}
			}
		},
		{
			"from": [-11.5, 25.75, 15],
			"to": [-9.5, 26.75, 17],
			"rotation": {"angle": 0, "axis": "y", "origin": [-4.5, 33.75, 25]},
			"faces": {
				"north": {"uv": [3.9375, 1.8125, 4.0625, 1.875], "texture": "#0"},
				"east": {"uv": [4, 2, 4.125, 2.0625], "texture": "#0"},
				"south": {"uv": [3.75, 5.375, 3.875, 5.4375], "texture": "#0"},
				"west": {"uv": [3.875, 5.375, 4, 5.4375], "texture": "#0"},
				"up": {"uv": [2, 4.75, 1.875, 4.625], "texture": "#0"},
				"down": {"uv": [2, 4.75, 1.875, 4.875], "texture": "#0"}
			}
		},
		{
			"from": [-11.5, 25.75, 9],
			"to": [-9.5, 26.75, 11],
			"rotation": {"angle": 0, "axis": "y", "origin": [-4.5, 33.75, 19]},
			"faces": {
				"north": {"uv": [5.4375, 3.5625, 5.5625, 3.625], "texture": "#0"},
				"east": {"uv": [5.5625, 3.5625, 5.6875, 3.625], "texture": "#0"},
				"south": {"uv": [5.6875, 3.5625, 5.8125, 3.625], "texture": "#0"},
				"west": {"uv": [5.8125, 3.5625, 5.9375, 3.625], "texture": "#0"},
				"up": {"uv": [2, 5, 1.875, 4.875], "texture": "#0"},
				"down": {"uv": [2, 5, 1.875, 5.125], "texture": "#0"}
			}
		},
		{
			"from": [17.5, 25.75, 15],
			"to": [19.5, 26.75, 17],
			"rotation": {"angle": 0, "axis": "y", "origin": [24.5, 33.75, 25]},
			"faces": {
				"north": {"uv": [6.5, 2.75, 6.625, 2.8125], "texture": "#0"},
				"east": {"uv": [6.625, 2.75, 6.75, 2.8125], "texture": "#0"},
				"south": {"uv": [3.5625, 6.75, 3.6875, 6.8125], "texture": "#0"},
				"west": {"uv": [6.75, 2.75, 6.875, 2.8125], "texture": "#0"},
				"up": {"uv": [1, 6.875, 0.875, 6.75], "texture": "#0"},
				"down": {"uv": [1, 6.875, 0.875, 7], "texture": "#0"}
			}
		},
		{
			"from": [17.5, 25.75, 9],
			"to": [19.5, 26.75, 11],
			"rotation": {"angle": 0, "axis": "y", "origin": [24.5, 33.75, 19]},
			"faces": {
				"north": {"uv": [6, 2.75, 6.125, 2.8125], "texture": "#0"},
				"east": {"uv": [6.125, 2.75, 6.25, 2.8125], "texture": "#0"},
				"south": {"uv": [6.25, 2.75, 6.375, 2.8125], "texture": "#0"},
				"west": {"uv": [6.375, 2.75, 6.5, 2.8125], "texture": "#0"},
				"up": {"uv": [1.8125, 6.5, 1.6875, 6.375], "texture": "#0"},
				"down": {"uv": [1, 6.625, 0.875, 6.75], "texture": "#0"}
			}
		},
		{
			"from": [17.5, 0.75, -0.5],
			"to": [19.5, 2.75, 1.5],
			"rotation": {"angle": 0, "axis": "y", "origin": [24.5, 9.75, 9.5]},
			"faces": {
				"north": {"uv": [1.5625, 7.75, 1.6875, 7.875], "texture": "#0"},
				"east": {"uv": [6, 7.75, 6.125, 7.875], "texture": "#0"},
				"south": {"uv": [1.5625, 7.875, 1.6875, 8], "texture": "#0"},
				"west": {"uv": [7.25, 7.875, 7.375, 8], "texture": "#0"},
				"up": {"uv": [2, 8.125, 1.875, 8], "texture": "#0"},
				"down": {"uv": [7.375, 8, 7.25, 8.125], "texture": "#0"}
			}
		},
		{
			"from": [-11.5, 0.75, 24.5],
			"to": [-9.5, 2.75, 26.5],
			"rotation": {"angle": 0, "axis": "y", "origin": [-4.5, 9.75, 34.5]},
			"faces": {
				"north": {"uv": [0.375, 8.1875, 0.5, 8.3125], "texture": "#0"},
				"east": {"uv": [0.5, 8.1875, 0.625, 8.3125], "texture": "#0"},
				"south": {"uv": [0.625, 8.1875, 0.75, 8.3125], "texture": "#0"},
				"west": {"uv": [1.5625, 8.1875, 1.6875, 8.3125], "texture": "#0"},
				"up": {"uv": [1.8125, 8.3125, 1.6875, 8.1875], "texture": "#0"},
				"down": {"uv": [8.3125, 5.125, 8.1875, 5.25], "texture": "#0"}
			}
		},
		{
			"from": [17.5, 0.75, 24.5],
			"to": [19.5, 2.75, 26.5],
			"rotation": {"angle": 0, "axis": "y", "origin": [24.5, 9.75, 34.5]},
			"faces": {
				"north": {"uv": [8.125, 7.5625, 8.25, 7.6875], "texture": "#0"},
				"east": {"uv": [8.125, 7.6875, 8.25, 7.8125], "texture": "#0"},
				"south": {"uv": [8.125, 7.9375, 8.25, 8.0625], "texture": "#0"},
				"west": {"uv": [0, 8.1875, 0.125, 8.3125], "texture": "#0"},
				"up": {"uv": [0.25, 8.3125, 0.125, 8.1875], "texture": "#0"},
				"down": {"uv": [0.375, 8.1875, 0.25, 8.3125], "texture": "#0"}
			}
		},
		{
			"from": [-11.5, 0.75, -0.5],
			"to": [-9.5, 2.75, 1.5],
			"rotation": {"angle": 0, "axis": "y", "origin": [-4.5, 9.75, 9.5]},
			"faces": {
				"north": {"uv": [1.875, 8.125, 2, 8.25], "texture": "#0"},
				"east": {"uv": [5.25, 8.125, 5.375, 8.25], "texture": "#0"},
				"south": {"uv": [7.4375, 8.125, 7.5625, 8.25], "texture": "#0"},
				"west": {"uv": [8.125, 2.3125, 8.25, 2.4375], "texture": "#0"},
				"up": {"uv": [8.25, 4.8125, 8.125, 4.6875], "texture": "#0"},
				"down": {"uv": [8.25, 4.8125, 8.125, 4.9375], "texture": "#0"}
			}
		},
		{
			"from": [-13.5, 0.75, 1.5],
			"to": [-11.5, 2.75, 3.5],
			"rotation": {"angle": 0, "axis": "y", "origin": [-6.5, 9.75, 11.5]},
			"faces": {
				"north": {"uv": [8.1875, 5.25, 8.3125, 5.375], "texture": "#0"},
				"east": {"uv": [8.1875, 5.375, 8.3125, 5.5], "texture": "#0"},
				"south": {"uv": [8.1875, 5.5, 8.3125, 5.625], "texture": "#0"},
				"west": {"uv": [8.1875, 5.625, 8.3125, 5.75], "texture": "#0"},
				"up": {"uv": [8.3125, 5.875, 8.1875, 5.75], "texture": "#0"},
				"down": {"uv": [8.3125, 5.875, 8.1875, 6], "texture": "#0"}
			}
		},
		{
			"from": [19.5, 0.75, 22.5],
			"to": [21.5, 2.75, 24.5],
			"rotation": {"angle": 0, "axis": "y", "origin": [26.5, 9.75, 32.5]},
			"faces": {
				"north": {"uv": [1.3125, 8.25, 1.4375, 8.375], "texture": "#0"},
				"east": {"uv": [1.4375, 8.25, 1.5625, 8.375], "texture": "#0"},
				"south": {"uv": [1.8125, 8.25, 1.9375, 8.375], "texture": "#0"},
				"west": {"uv": [1.9375, 8.25, 2.0625, 8.375], "texture": "#0"},
				"up": {"uv": [2.1875, 8.375, 2.0625, 8.25], "texture": "#0"},
				"down": {"uv": [2.3125, 8.25, 2.1875, 8.375], "texture": "#0"}
			}
		},
		{
			"from": [19.5, 0.75, 1.5],
			"to": [21.5, 2.75, 3.5],
			"rotation": {"angle": 0, "axis": "y", "origin": [26.5, 9.75, 11.5]},
			"faces": {
				"north": {"uv": [8.1875, 6.75, 8.3125, 6.875], "texture": "#0"},
				"east": {"uv": [8.1875, 7, 8.3125, 7.125], "texture": "#0"},
				"south": {"uv": [8.1875, 7.125, 8.3125, 7.25], "texture": "#0"},
				"west": {"uv": [0.9375, 8.25, 1.0625, 8.375], "texture": "#0"},
				"up": {"uv": [1.1875, 8.375, 1.0625, 8.25], "texture": "#0"},
				"down": {"uv": [1.3125, 8.25, 1.1875, 8.375], "texture": "#0"}
			}
		},
		{
			"from": [-13.5, 0.75, 22.5],
			"to": [-11.5, 2.75, 24.5],
			"rotation": {"angle": 0, "axis": "y", "origin": [-6.5, 9.75, 32.5]},
			"faces": {
				"north": {"uv": [8.1875, 6, 8.3125, 6.125], "texture": "#0"},
				"east": {"uv": [8.1875, 6.125, 8.3125, 6.25], "texture": "#0"},
				"south": {"uv": [8.1875, 6.25, 8.3125, 6.375], "texture": "#0"},
				"west": {"uv": [8.1875, 6.375, 8.3125, 6.5], "texture": "#0"},
				"up": {"uv": [8.3125, 6.625, 8.1875, 6.5], "texture": "#0"},
				"down": {"uv": [8.3125, 6.625, 8.1875, 6.75], "texture": "#0"}
			}
		}
	],
	"display": {
		"thirdperson_righthand": {
			"translation": [-3.75, 0, -8.25],
			"scale": [0.5, 0.5, 0.5]
		},
		"thirdperson_lefthand": {
			"translation": [-8, 0, -8],
			"scale": [0.5, 0.5, 0.5]
		},
		"firstperson_righthand": {
			"rotation": [0, -180, 0],
			"translation": [0, 2.5, 0],
			"scale": [0.3, 0.3, 0.3]
		},
		"firstperson_lefthand": {
			"rotation": [0, -180, 0],
			"translation": [0, 3.25, 0],
			"scale": [0.3, 0.3, 0.3]
		},
		"gui": {
			"rotation": [0, -180, 0],
			"translation": [-1.25, -1.25, 0],
			"scale": [0.3, 0.3, 0.3]
		},
		"head": {
                                    "rotation": [0, -180, 0],
			"translation": [3.5, -35.5, -4]
		}
	}
}