{
	"credit": "Made with Blockbench",
	"texture_size": [32, 32],
	"textures": {
		"0": "item/etc/hanzo",
		"particle": "item/etc/hanzo"
	},
	"elements": [
		{
			"from": [7, 9, 11.25],
			"to": [9, 10, 14.25],
			"rotation": {"angle": 0, "axis": "y", "origin": [16, 17, 19.25]},
			"faces": {
				"north": {"uv": [3.5, 1, 4.5, 1.5], "texture": "#0"},
				"east": {"uv": [3.5, 1, 5, 1.5], "rotation": 180, "texture": "#0"},
				"south": {"uv": [9, 0.5, 10, 1], "texture": "#0"},
				"west": {"uv": [3.5, 1, 5, 1.5], "texture": "#0"},
				"up": {"uv": [9, 0, 10, 0.5], "texture": "#0"},
				"down": {"uv": [9, 0.5, 10, 1], "texture": "#0"}
			}
		},
		{
			"from": [7, 9, 14.25],
			"to": [8, 10, 18.25],
			"rotation": {"angle": 0, "axis": "y", "origin": [16, 17, 22.25]},
			"faces": {
				"north": {"uv": [0, 0, 1, 1], "texture": "#0"},
				"east": {"uv": [5, 1, 7, 1.5], "rotation": 180, "texture": "#0"},
				"south": {"uv": [6.5, 1, 7, 1.5], "texture": "#0"},
				"west": {"uv": [5, 1, 7, 1.5], "texture": "#0"},
				"up": {"uv": [0, 0, 1, 4], "texture": "#0"},
				"down": {"uv": [5, 1, 5.5, 1.5], "rotation": 270, "texture": "#0"}
			}
		},
		{
			"from": [7.5, 9, 15.5],
			"to": [9.5, 9.5, 18.5],
			"rotation": {"angle": 0, "axis": "y", "origin": [16.5, 17, 22.5]},
			"faces": {
				"north": {"uv": [5, 1, 6, 1.5], "texture": "#0"},
				"east": {"uv": [5, 1, 5.5, 1.5], "texture": "#0"},
				"south": {"uv": [5, 1, 6, 1.5], "rotation": 180, "texture": "#0"},
				"west": {"uv": [5, 1, 5.5, 1.5], "texture": "#0"},
				"up": {"uv": [5, 1, 6, 1.5], "rotation": 180, "texture": "#0"},
				"down": {"uv": [5, 1, 5.5, 1.5], "texture": "#0"}
			}
		},
		{
			"from": [8, 8, 14.25],
			"to": [9, 9, 18.25],
			"rotation": {"angle": 0, "axis": "y", "origin": [17, 16, 22.25]},
			"faces": {
				"north": {"uv": [0, 4.5, 0.5, 5], "texture": "#0"},
				"east": {"uv": [0, 4.5, 2, 5], "texture": "#0"},
				"south": {"uv": [1.5, 4.5, 2, 5], "texture": "#0"},
				"west": {"uv": [0, 4.5, 2, 5], "texture": "#0"},
				"up": {"uv": [0, 4.5, 2, 5], "texture": "#0"},
				"down": {"uv": [0, 0, 1, 4], "texture": "#0"}
			}
		},
		{
			"from": [7.5, 8, 30],
			"to": [8.5, 9, 31],
			"rotation": {"angle": 0, "axis": "y", "origin": [16.5, 16, 35]},
			"faces": {
				"north": {"uv": [0, 8, 0.5, 8.5], "texture": "#0"},
				"east": {"uv": [1.5, 8, 2, 8.5], "texture": "#0"},
				"south": {"uv": [0, 8, 0.5, 8.5], "texture": "#0"},
				"west": {"uv": [1.5, 8, 2, 8.5], "texture": "#0"},
				"up": {"uv": [0, 8, 0.5, 8.5], "texture": "#0"},
				"down": {"uv": [0, 8, 0.5, 8.5], "texture": "#0"}
			}
		},
		{
			"from": [7.75, 8.25, 31],
			"to": [8.25, 8.75, 31.75],
			"rotation": {"angle": 0, "axis": "y", "origin": [16.5, 16, 36]},
			"faces": {
				"north": {"uv": [0, 0, 0.5, 0.5], "texture": "#0"},
				"east": {"uv": [1, 8, 1.25, 8.5], "texture": "#0"},
				"south": {"uv": [1, 8, 1.5, 8.5], "texture": "#0"},
				"west": {"uv": [1, 8, 1.25, 8.5], "texture": "#0"},
				"up": {"uv": [1, 8, 1.5, 8.25], "texture": "#0"},
				"down": {"uv": [1, 8, 1.5, 8.5], "texture": "#0"}
			}
		},
		{
			"from": [7.6, 8.5, 29.9],
			"to": [8.4, 9.75, 30.4],
			"rotation": {"angle": -45, "axis": "x", "origin": [8, 9.25, 30.15]},
			"faces": {
				"north": {"uv": [0.5, 8, 0.8, 8.25], "texture": "#0"},
				"east": {"uv": [0.5, 8, 1, 8.25], "texture": "#0"},
				"south": {"uv": [0.5, 8, 1, 8.5], "texture": "#0"},
				"west": {"uv": [0.5, 8, 1, 8.5], "texture": "#0"},
				"up": {"uv": [0.5, 8, 0.8, 8.5], "texture": "#0"},
				"down": {"uv": [0.5, 8, 0.8, 8.5], "texture": "#0"}
			}
		},
		{
			"from": [7.6, 7.25, 29.9],
			"to": [8.4, 8.5, 30.4],
			"rotation": {"angle": 45, "axis": "x", "origin": [8, 7.75, 30.15]},
			"faces": {
				"north": {"uv": [0.5, 8, 0.8, 8.25], "texture": "#0"},
				"east": {"uv": [0.5, 8, 1, 8.5], "texture": "#0"},
				"south": {"uv": [0.5, 8, 0.8, 8.25], "texture": "#0"},
				"west": {"uv": [0.5, 8, 1, 8.25], "texture": "#0"},
				"up": {"uv": [0.5, 8, 0.8, 8.5], "texture": "#0"},
				"down": {"uv": [0.5, 8, 0.8, 8.5], "texture": "#0"}
			}
		},
		{
			"from": [9, 8, 14.75],
			"to": [10, 9, 18.75],
			"rotation": {"angle": 0, "axis": "y", "origin": [18, 16, 22.75]},
			"faces": {
				"north": {"uv": [6.5, 1, 7, 1.5], "texture": "#0"},
				"east": {"uv": [5, 1, 7, 1.5], "texture": "#0"},
				"south": {"uv": [5, 1, 5.5, 1.5], "texture": "#0"},
				"west": {"uv": [5, 1, 7, 1.5], "rotation": 180, "texture": "#0"},
				"up": {"uv": [5, 1, 7, 1.5], "rotation": 270, "texture": "#0"},
				"down": {"uv": [5, 1, 7, 1.5], "rotation": 90, "texture": "#0"}
			}
		},
		{
			"from": [7, 7, 12.25],
			"to": [9, 8, 19.25],
			"rotation": {"angle": 0, "axis": "y", "origin": [16, 15, 20.25]},
			"faces": {
				"north": {"uv": [4.5, 5, 5.5, 5.5], "texture": "#0"},
				"east": {"uv": [0, 5, 3.5, 5.5], "rotation": 180, "texture": "#0"},
				"south": {"uv": [3.5, 5, 4.5, 5.5], "texture": "#0"},
				"west": {"uv": [0, 5, 3.5, 5.5], "texture": "#0"},
				"up": {"uv": [0, 6.5, 3.5, 7.5], "rotation": 90, "texture": "#0"},
				"down": {"uv": [0, 5.5, 3.5, 6.5], "rotation": 90, "texture": "#0"}
			}
		},
		{
			"from": [7, 11, 13.25],
			"to": [9, 12, 17.25],
			"rotation": {"angle": 0, "axis": "y", "origin": [16, 18, 21.25]},
			"faces": {
				"north": {"uv": [6, 0, 7, 0.5], "texture": "#0"},
				"east": {"uv": [3.5, 0, 5.5, 0.5], "rotation": 180, "texture": "#0"},
				"south": {"uv": [6, 0, 7, 0.5], "texture": "#0"},
				"west": {"uv": [3.5, 0, 5.5, 0.5], "texture": "#0"},
				"up": {"uv": [6, 0, 7, 0.5], "rotation": 180, "texture": "#0"},
				"down": {"uv": [0, 0, 2, 4], "texture": "#0"}
			}
		},
		{
			"from": [7, 5, 13.25],
			"to": [9, 7, 16.25],
			"rotation": {"angle": 0, "axis": "y", "origin": [16, 12, 21.25]},
			"faces": {
				"north": {"uv": [15, 1, 16, 2], "texture": "#0"},
				"east": {"uv": [12.5, 0, 14, 1], "texture": "#0"},
				"south": {"uv": [15, 0, 16, 1], "texture": "#0"},
				"west": {"uv": [11, 0, 12.5, 1], "texture": "#0"},
				"up": {"uv": [0, 0, 2, 3], "texture": "#0"},
				"down": {"uv": [14, 0, 15, 1], "texture": "#0"}
			}
		},
		{
			"from": [7, 10, 12.25],
			"to": [9, 11, 18.25],
			"rotation": {"angle": 0, "axis": "y", "origin": [16, 17, 21.25]},
			"faces": {
				"north": {"uv": [8, 0, 9, 0.5], "texture": "#0"},
				"east": {"uv": [3.5, 0.5, 6.5, 1], "rotation": 180, "texture": "#0"},
				"south": {"uv": [8, 0.5, 9, 1], "texture": "#0"},
				"west": {"uv": [3.5, 0.5, 6.5, 1], "texture": "#0"},
				"up": {"uv": [7, 0, 8, 1], "rotation": 180, "texture": "#0"},
				"down": {"uv": [9, 0.5, 10, 1], "texture": "#0"}
			}
		},
		{
			"from": [7.5, 4.49686, 17.7479],
			"to": [8.5, 7.49686, 19.2479],
			"rotation": {"angle": -22.5, "axis": "x", "origin": [8, 5.99686, 18.7479]},
			"faces": {
				"north": {"uv": [8.5, 1.5, 9, 3], "texture": "#0"},
				"east": {"uv": [9.5, 1.5, 10, 3], "texture": "#0"},
				"south": {"uv": [9, 1.5, 9.5, 3], "texture": "#0"},
				"west": {"uv": [9.5, 1.5, 10, 3], "texture": "#0"},
				"up": {"uv": [0, 0, 1, 1.5], "texture": "#0"},
				"down": {"uv": [0, 0, 1, 1.5], "texture": "#0"}
			}
		},
		{
			"from": [7.5, 3.80239, 18.28387],
			"to": [8.5, 4.80239, 19.78387],
			"rotation": {"angle": 0, "axis": "y", "origin": [8, 3.30239, 19.28387]},
			"faces": {
				"north": {"uv": [9.5, 2.5, 10, 3], "texture": "#0"},
				"east": {"uv": [9.5, 2.5, 10, 3], "texture": "#0"},
				"south": {"uv": [9.5, 2.5, 10, 3], "texture": "#0"},
				"west": {"uv": [9.5, 2.5, 10, 3], "texture": "#0"},
				"up": {"uv": [0, 0, 1, 1.5], "texture": "#0"},
				"down": {"uv": [0, 0, 1, 1.5], "texture": "#0"}
			}
		},
		{
			"from": [7.25, 0.80239, 18.28387],
			"to": [8.75, 3.80239, 19.78387],
			"rotation": {"angle": 0, "axis": "y", "origin": [8, 2.30239, 19.28387]},
			"faces": {
				"north": {"uv": [3.5, 7.5, 4, 9], "texture": "#0"},
				"east": {"uv": [3.5, 7.5, 4, 9], "texture": "#0"},
				"south": {"uv": [3.5, 7.5, 4, 9], "texture": "#0"},
				"west": {"uv": [3.5, 7.5, 4, 9], "texture": "#0"},
				"up": {"uv": [3.5, 7.5, 4, 8], "texture": "#0"},
				"down": {"uv": [3.5, 8.5, 4, 9], "texture": "#0"}
			}
		},
		{
			"from": [7, 3.30239, 18.03387],
			"to": [9, 4.30239, 19.03387],
			"rotation": {"angle": 0, "axis": "y", "origin": [7.75, 2.80239, 19.03387]},
			"faces": {
				"north": {"uv": [4, 7.5, 4.5, 8], "texture": "#0"},
				"east": {"uv": [4, 7.5, 4.5, 8], "texture": "#0"},
				"south": {"uv": [4, 7.5, 4.5, 8], "texture": "#0"},
				"west": {"uv": [4, 7.5, 4.5, 8], "texture": "#0"},
				"up": {"uv": [4, 7.5, 4.5, 8], "texture": "#0"},
				"down": {"uv": [4, 7.5, 4.5, 8], "texture": "#0"}
			}
		},
		{
			"from": [7.5, -0.19761, 18.53387],
			"to": [8.5, 0.80239, 19.53387],
			"rotation": {"angle": 0, "axis": "y", "origin": [8, 1.30239, 19.28387]},
			"faces": {
				"north": {"uv": [3.5, 9, 4, 9.5], "texture": "#0"},
				"east": {"uv": [3.5, 9, 4, 9.5], "texture": "#0"},
				"south": {"uv": [3.5, 9, 4, 9.5], "texture": "#0"},
				"west": {"uv": [3.5, 9, 4, 9.5], "texture": "#0"},
				"up": {"uv": [0, 0, 1, 1], "texture": "#0"},
				"down": {"uv": [3.5, 9, 4, 9.5], "texture": "#0"}
			}
		},
		{
			"from": [6.5, -1.19761, 18.78387],
			"to": [8.5, -0.19761, 19.53387],
			"rotation": {"angle": -22.5, "axis": "y", "origin": [8, 0.30239, 19.28387]},
			"faces": {
				"north": {"uv": [3, 7.5, 3.5, 8], "texture": "#0"},
				"east": {"uv": [3, 7.5, 3.25, 8], "texture": "#0"},
				"south": {"uv": [2.5, 7.5, 3.5, 8], "texture": "#0"},
				"west": {"uv": [0, 0, 0.75, 1], "texture": "#0"},
				"up": {"uv": [2, 7.5, 2.5, 7.75], "texture": "#0"},
				"down": {"uv": [2, 7.5, 2.5, 7.75], "texture": "#0"}
			}
		},
		{
			"from": [6.51851, -1.19761, 13.94081],
			"to": [7.01851, -0.19761, 18.94081],
			"rotation": {"angle": 0, "axis": "y", "origin": [6.76851, 0.30239, 18.44081]},
			"faces": {
				"north": {"uv": [0, 7.5, 0.5, 8], "texture": "#0"},
				"east": {"uv": [0, 7.5, 2.5, 8], "rotation": 180, "texture": "#0"},
				"south": {"uv": [0, 0, 0.5, 1], "texture": "#0"},
				"west": {"uv": [0, 7.5, 2.5, 8], "texture": "#0"},
				"up": {"uv": [0, 7.5, 2.5, 8], "rotation": 90, "texture": "#0"},
				"down": {"uv": [0, 7.5, 2.5, 8], "rotation": 90, "texture": "#0"}
			}
		},
		{
			"from": [7.26851, -1.44761, 9.44081],
			"to": [8.76851, 0.05239, 13.44081],
			"rotation": {"angle": 0, "axis": "y", "origin": [6.76851, 0.30239, 13.44081]},
			"faces": {
				"north": {"uv": [0, 8.5, 0.5, 9], "texture": "#0"},
				"east": {"uv": [0, 8.5, 2, 9], "rotation": 180, "texture": "#0"},
				"south": {"uv": [0, 0, 1.5, 1.5], "texture": "#0"},
				"west": {"uv": [0, 8.5, 2, 9], "texture": "#0"},
				"up": {"uv": [0, 8.5, 2, 9], "rotation": 90, "texture": "#0"},
				"down": {"uv": [0, 8.5, 2, 9], "rotation": 270, "texture": "#0"}
			}
		},
		{
			"from": [7.01851, -1.44761, 13.44081],
			"to": [8.76851, 0.05239, 14.44081],
			"rotation": {"angle": 0, "axis": "y", "origin": [6.76851, 0.30239, 13.94081]},
			"faces": {
				"north": {"uv": [2.5, 8.5, 2.75, 9], "texture": "#0"},
				"east": {"uv": [2, 9, 2.5, 9.5], "texture": "#0"},
				"south": {"uv": [2.5, 8.5, 2.75, 9], "texture": "#0"},
				"west": {"uv": [2, 9, 2.5, 9.5], "texture": "#0"},
				"up": {"uv": [2, 8.5, 2.5, 8.75], "rotation": 90, "texture": "#0"},
				"down": {"uv": [2, 8.5, 2.5, 8.75], "rotation": 270, "texture": "#0"}
			}
		},
		{
			"from": [7, 12, 14.25],
			"to": [9, 15, 17.25],
			"rotation": {"angle": 0, "axis": "y", "origin": [16, 19, 21.25]},
			"faces": {
				"north": {"uv": [2.5, 0, 3.5, 1.5], "texture": "#0"},
				"east": {"uv": [0, 0, 1.5, 1.5], "texture": "#0"},
				"south": {"uv": [1.5, 0, 2.5, 1.5], "texture": "#0"},
				"west": {"uv": [0, 0, 1.5, 1.5], "texture": "#0"},
				"up": {"uv": [7.5, 1, 8.5, 2.5], "texture": "#0"},
				"down": {"uv": [0, 0, 2, 3], "texture": "#0"}
			}
		},
		{
			"from": [7, 2, 14.25],
			"to": [9, 5, 17.25],
			"rotation": {"angle": 0, "axis": "y", "origin": [16, -2, 21.25]},
			"faces": {
				"north": {"uv": [2.5, 1.5, 3.5, 0], "texture": "#0"},
				"east": {"uv": [0, 1.5, 1.5, 0], "texture": "#0"},
				"south": {"uv": [1.5, 1.5, 2.5, 0], "texture": "#0"},
				"west": {"uv": [0, 1.5, 1.5, 0], "texture": "#0"},
				"up": {"uv": [8.5, 2.5, 9.5, 1], "texture": "#0"},
				"down": {"uv": [7.5, 2.5, 8.5, 1], "texture": "#0"}
			}
		},
		{
			"from": [7, 15, 15.25],
			"to": [9, 17, 17.25],
			"rotation": {"angle": 0, "axis": "y", "origin": [16, 21, 22.25]},
			"faces": {
				"north": {"uv": [10, 0, 11, 1], "texture": "#0"},
				"east": {"uv": [2, 1.5, 3, 2.5], "texture": "#0"},
				"south": {"uv": [1, 1.5, 2, 2.5], "texture": "#0"},
				"west": {"uv": [0, 1.5, 1, 2.5], "texture": "#0"},
				"up": {"uv": [10, 0, 11, 1], "texture": "#0"},
				"down": {"uv": [0, 0, 2, 2], "texture": "#0"}
			}
		},
		{
			"from": [7, 0, 15.25],
			"to": [9, 2, 17.25],
			"rotation": {"angle": 0, "axis": "y", "origin": [16, -4, 22.25]},
			"faces": {
				"north": {"uv": [10, 1, 11, 0], "texture": "#0"},
				"east": {"uv": [2, 2.5, 3, 1.5], "texture": "#0"},
				"south": {"uv": [1, 2.5, 2, 1.5], "texture": "#0"},
				"west": {"uv": [0, 2.5, 1, 1.5], "texture": "#0"},
				"up": {"uv": [0, 2, 2, 0], "texture": "#0"},
				"down": {"uv": [10, 1, 11, 0], "texture": "#0"}
			}
		},
		{
			"from": [7.25, 17, 16.25],
			"to": [8.75, 21, 18.25],
			"rotation": {"angle": 0, "axis": "y", "origin": [16, 23, 23.25]},
			"faces": {
				"north": {"uv": [0, 2.5, 0.5, 4.5], "rotation": 180, "texture": "#0"},
				"east": {"uv": [0, 2.5, 1, 4.5], "rotation": 180, "texture": "#0"},
				"south": {"uv": [0.5, 2.5, 1, 4.5], "rotation": 180, "texture": "#0"},
				"west": {"uv": [7.5, 2.5, 8.5, 4.5], "rotation": 180, "texture": "#0"},
				"up": {"uv": [0, 2.5, 1, 3], "rotation": 90, "texture": "#0"},
				"down": {"uv": [0, 2.5, 1, 3], "rotation": 270, "texture": "#0"}
			}
		},
		{
			"from": [7.25, -4, 16.25],
			"to": [8.75, 0, 18.25],
			"rotation": {"angle": 0, "axis": "y", "origin": [16, -6, 23.25]},
			"faces": {
				"north": {"uv": [0, 4.5, 0.5, 2.5], "rotation": 180, "texture": "#0"},
				"east": {"uv": [0, 4.5, 1, 2.5], "rotation": 180, "texture": "#0"},
				"south": {"uv": [0.5, 4.5, 1, 2.5], "rotation": 180, "texture": "#0"},
				"west": {"uv": [7.5, 4.5, 8.5, 2.5], "rotation": 180, "texture": "#0"},
				"up": {"uv": [1, 4, 0, 4.5], "rotation": 270, "texture": "#0"},
				"down": {"uv": [1, 2.5, 0, 3], "rotation": 90, "texture": "#0"}
			}
		},
		{
			"from": [7.5, 21, 17.25],
			"to": [8.5, 24, 18.25],
			"rotation": {"angle": 0, "axis": "y", "origin": [15.5, 27, 23.25]},
			"faces": {
				"north": {"uv": [1, 2.5, 1.5, 4], "texture": "#0"},
				"east": {"uv": [1, 2.5, 1.5, 4], "texture": "#0"},
				"south": {"uv": [1.5, 2.5, 2, 4], "texture": "#0"},
				"west": {"uv": [1, 2.5, 1.5, 4], "texture": "#0"},
				"up": {"uv": [1, 2.5, 1.5, 3], "texture": "#0"},
				"down": {"uv": [0, 0, 1, 1], "texture": "#0"}
			}
		},
		{
			"from": [7.5, -7, 17.25],
			"to": [8.5, -4, 18.25],
			"rotation": {"angle": 0, "axis": "y", "origin": [15.5, -10, 23.25]},
			"faces": {
				"north": {"uv": [1, 4, 1.5, 2.5], "texture": "#0"},
				"east": {"uv": [1, 4, 1.5, 2.5], "texture": "#0"},
				"south": {"uv": [1.5, 4, 2, 2.5], "texture": "#0"},
				"west": {"uv": [1, 4, 1.5, 2.5], "texture": "#0"},
				"up": {"uv": [0, 1, 1, 0], "texture": "#0"},
				"down": {"uv": [1, 3, 1.5, 2.5], "texture": "#0"}
			}
		},
		{
			"from": [7.5, 24, 17.25],
			"to": [8.5, 26, 18.25],
			"rotation": {"angle": 0, "axis": "y", "origin": [15.5, 30, 23.25]},
			"faces": {
				"north": {"uv": [2, 2.5, 2.5, 3.5], "texture": "#0"},
				"east": {"uv": [2.5, 2.5, 3, 3.5], "texture": "#0"},
				"south": {"uv": [3, 2.5, 3.5, 3.5], "texture": "#0"},
				"west": {"uv": [2.5, 2.5, 3, 3.5], "texture": "#0"},
				"up": {"uv": [2, 2.5, 2.5, 3], "texture": "#0"},
				"down": {"uv": [2.5, 3, 3, 3.5], "texture": "#0"}
			}
		},
		{
			"from": [7.5, -9, 17.25],
			"to": [8.5, -7, 18.25],
			"rotation": {"angle": 0, "axis": "y", "origin": [15.5, -13, 23.25]},
			"faces": {
				"north": {"uv": [2, 3.5, 2.5, 2.5], "texture": "#0"},
				"east": {"uv": [2.5, 3.5, 3, 2.5], "texture": "#0"},
				"south": {"uv": [3, 3.5, 3.5, 2.5], "texture": "#0"},
				"west": {"uv": [2.5, 3.5, 3, 2.5], "texture": "#0"},
				"up": {"uv": [2.5, 3.5, 3, 3], "texture": "#0"},
				"down": {"uv": [2, 3, 2.5, 2.5], "texture": "#0"}
			}
		},
		{
			"from": [7.5, 26, 18.25],
			"to": [8.5, 28, 19.25],
			"rotation": {"angle": 0, "axis": "y", "origin": [15.5, 30, 24.25]},
			"faces": {
				"north": {"uv": [3.5, 2.5, 4, 3.5], "texture": "#0"},
				"east": {"uv": [4, 2.5, 4.5, 3.5], "texture": "#0"},
				"south": {"uv": [4.5, 2.5, 5, 3.5], "texture": "#0"},
				"west": {"uv": [4, 2.5, 4.5, 3.5], "texture": "#0"},
				"up": {"uv": [3.5, 2.5, 4, 3], "texture": "#0"},
				"down": {"uv": [4.5, 3, 5, 3.5], "texture": "#0"}
			}
		},
		{
			"from": [7.5, -11, 18.25],
			"to": [8.5, -9, 19.25],
			"rotation": {"angle": 0, "axis": "y", "origin": [15.5, -13, 24.25]},
			"faces": {
				"north": {"uv": [3.5, 3.5, 4, 2.5], "texture": "#0"},
				"east": {"uv": [4, 3.5, 4.5, 2.5], "texture": "#0"},
				"south": {"uv": [4.5, 3.5, 5, 2.5], "texture": "#0"},
				"west": {"uv": [4, 3.5, 4.5, 2.5], "texture": "#0"},
				"up": {"uv": [4.5, 3.5, 5, 3], "texture": "#0"},
				"down": {"uv": [3.5, 3, 4, 2.5], "texture": "#0"}
			}
		},
		{
			"from": [7.5, 28, 19.25],
			"to": [8.5, 29, 20.25],
			"rotation": {"angle": 0, "axis": "y", "origin": [15.5, 33, 25.25]},
			"faces": {
				"north": {"uv": [5, 2.5, 5.5, 3], "texture": "#0"},
				"east": {"uv": [5.5, 2.5, 6, 3], "texture": "#0"},
				"south": {"uv": [5.5, 3, 6, 3.5], "texture": "#0"},
				"west": {"uv": [5.5, 2.5, 6, 3], "texture": "#0"},
				"up": {"uv": [5, 2.5, 5.5, 3], "texture": "#0"},
				"down": {"uv": [5, 3, 5.5, 3.5], "texture": "#0"}
			}
		},
		{
			"from": [7.5, -12, 19.25],
			"to": [8.5, -11, 20.25],
			"rotation": {"angle": 0, "axis": "y", "origin": [15.5, -16, 25.25]},
			"faces": {
				"north": {"uv": [5, 3, 5.5, 2.5], "texture": "#0"},
				"east": {"uv": [5.5, 3, 6, 2.5], "texture": "#0"},
				"south": {"uv": [5.5, 3.5, 6, 3], "texture": "#0"},
				"west": {"uv": [5.5, 3, 6, 2.5], "texture": "#0"},
				"up": {"uv": [5, 3.5, 5.5, 3], "texture": "#0"},
				"down": {"uv": [5, 3, 5.5, 2.5], "texture": "#0"}
			}
		},
		{
			"from": [7.5, 29, 20.25],
			"to": [8.5, 30, 21.25],
			"rotation": {"angle": 0, "axis": "y", "origin": [15.5, 34, 26.25]},
			"faces": {
				"north": {"uv": [5, 2.5, 5.5, 3], "texture": "#0"},
				"east": {"uv": [5.5, 2.5, 6, 3], "texture": "#0"},
				"south": {"uv": [5.5, 3, 6, 3.5], "texture": "#0"},
				"west": {"uv": [5.5, 2.5, 6, 3], "texture": "#0"},
				"up": {"uv": [5, 2.5, 5.5, 3], "texture": "#0"},
				"down": {"uv": [5, 3, 5.5, 3.5], "texture": "#0"}
			}
		},
		{
			"from": [7.5, -13, 20.25],
			"to": [8.5, -12, 21.25],
			"rotation": {"angle": 0, "axis": "y", "origin": [15.5, -17, 26.25]},
			"faces": {
				"north": {"uv": [5, 3, 5.5, 2.5], "texture": "#0"},
				"east": {"uv": [5.5, 3, 6, 2.5], "texture": "#0"},
				"south": {"uv": [5.5, 3.5, 6, 3], "texture": "#0"},
				"west": {"uv": [5.5, 3, 6, 2.5], "texture": "#0"},
				"up": {"uv": [5, 3.5, 5.5, 3], "texture": "#0"},
				"down": {"uv": [5, 3, 5.5, 2.5], "texture": "#0"}
			}
		},
		{
			"from": [7.5, 30, 21.25],
			"to": [8.5, 32, 22.25],
			"rotation": {"angle": 0, "axis": "y", "origin": [15.5, 36, 27.25]},
			"faces": {
				"north": {"uv": [6, 2.5, 6.5, 3.5], "texture": "#0"},
				"east": {"uv": [6.5, 2.5, 7, 3.5], "texture": "#0"},
				"south": {"uv": [7, 2.5, 7.5, 3.5], "texture": "#0"},
				"west": {"uv": [6.5, 2.5, 7, 3.5], "texture": "#0"},
				"up": {"uv": [7, 2.5, 7.5, 3], "texture": "#0"},
				"down": {"uv": [7, 3, 7.5, 3.5], "texture": "#0"}
			}
		},
		{
			"from": [7.5, -15, 21.25],
			"to": [8.5, -13, 22.25],
			"rotation": {"angle": 0, "axis": "y", "origin": [15.5, -19, 27.25]},
			"faces": {
				"north": {"uv": [6, 3.5, 6.5, 2.5], "texture": "#0"},
				"east": {"uv": [6.5, 3.5, 7, 2.5], "texture": "#0"},
				"south": {"uv": [7, 3.5, 7.5, 2.5], "texture": "#0"},
				"west": {"uv": [6.5, 3.5, 7, 2.5], "texture": "#0"},
				"up": {"uv": [7, 3.5, 7.5, 3], "texture": "#0"},
				"down": {"uv": [7, 3, 7.5, 2.5], "texture": "#0"}
			}
		},
		{
			"from": [7.75, -13, 21.5],
			"to": [8.25, 10.5, 22],
			"rotation": {"angle": 22.5, "axis": "x", "origin": [8, -13, 21.5]},
			"faces": {
				"north": {"uv": [0, 13.5, 0.5, 16], "texture": "#0"},
				"east": {"uv": [0, 13.5, 0.5, 16], "texture": "#0"},
				"south": {"uv": [0, 13.5, 0.5, 16], "texture": "#0"},
				"west": {"uv": [0, 13.5, 0.5, 16], "texture": "#0"},
				"up": {"uv": [0, 0, 0.5, 0.5], "texture": "#0"},
				"down": {"uv": [0, 0, 0.5, 0.5], "texture": "#0"}
			}
		},
		{
			"from": [7.75, 6.5, 21.5],
			"to": [8.25, 30, 22],
			"rotation": {"angle": -22.5, "axis": "x", "origin": [8, 30, 21.5]},
			"faces": {
				"north": {"uv": [0, 13.5, 0.5, 16], "texture": "#0"},
				"east": {"uv": [0, 13.5, 0.5, 16], "texture": "#0"},
				"south": {"uv": [0, 13.5, 0.5, 16], "texture": "#0"},
				"west": {"uv": [0, 13.5, 0.5, 16], "texture": "#0"},
				"up": {"uv": [0, 0, 0.5, 0.5], "texture": "#0"},
				"down": {"uv": [0, 0, 0.5, 0.5], "texture": "#0"}
			}
		},
		{
			"from": [7.85, 8.35, -1.85],
			"to": [8.15, 8.65, -1],
			"rotation": {"angle": 0, "axis": "y", "origin": [16.5, 16, 3]},
			"faces": {
				"north": {"uv": [0, 12.5, 0.15, 12.65], "texture": "#0"},
				"east": {"uv": [0, 12.5, 0.425, 12.65], "texture": "#0"},
				"south": {"uv": [0, 12.5, 0.15, 12.65], "texture": "#0"},
				"west": {"uv": [0, 12.5, 0.425, 12.65], "texture": "#0"},
				"up": {"uv": [0, 12.5, 0.15, 12.925], "texture": "#0"},
				"down": {"uv": [0, 12.5, 0.15, 12.925], "texture": "#0"}
			}
		},
		{
			"from": [7.65, 8.15, -1.5],
			"to": [8.35, 8.85, -1],
			"rotation": {"angle": 0, "axis": "y", "origin": [16.5, 16, 3]},
			"faces": {
				"north": {"uv": [0, 12.5, 0.35, 12.85], "texture": "#0"},
				"east": {"uv": [0, 12.5, 0.25, 12.85], "texture": "#0"},
				"south": {"uv": [0, 12.5, 0.35, 12.85], "texture": "#0"},
				"west": {"uv": [0, 12.5, 0.25, 12.85], "texture": "#0"},
				"up": {"uv": [0, 12.5, 0.35, 12.75], "texture": "#0"},
				"down": {"uv": [0, 12.5, 0.35, 12.75], "texture": "#0"}
			}
		},
		{
			"from": [7.5, 8, -1],
			"to": [8.5, 9, 0],
			"rotation": {"angle": 0, "axis": "y", "origin": [16.5, 16, 4]},
			"faces": {
				"north": {"uv": [0, 12.5, 0.5, 13], "texture": "#0"},
				"east": {"uv": [0, 12.5, 0.5, 13], "texture": "#0"},
				"south": {"uv": [0, 12.5, 0.5, 13], "texture": "#0"},
				"west": {"uv": [0, 12.5, 0.5, 13], "texture": "#0"},
				"up": {"uv": [0, 12.5, 0.5, 13], "texture": "#0"},
				"down": {"uv": [0, 12.5, 0.5, 13], "texture": "#0"}
			}
		},
		{
			"from": [7.75, 8.25, 0],
			"to": [8.25, 8.75, 30],
			"rotation": {"angle": 0, "axis": "y", "origin": [16.5, 16, 34]},
			"faces": {
				"north": {"uv": [15.5, 15.5, 16, 16], "texture": "#0"},
				"east": {"uv": [1, 15.5, 16, 16], "rotation": 180, "texture": "#0"},
				"south": {"uv": [15.5, 15.5, 16, 16], "texture": "#0"},
				"west": {"uv": [1, 15.5, 16, 16], "texture": "#0"},
				"up": {"uv": [1, 15.5, 16, 16], "rotation": 90, "texture": "#0"},
				"down": {"uv": [1, 15.5, 16, 16], "rotation": 270, "texture": "#0"}
			}
		},
		{
			"from": [6.75, 8.5, 25.5],
			"to": [7.75, 8.5, 29.5],
			"rotation": {"angle": 0, "axis": "y", "origin": [16.75, 16, 33.5]},
			"faces": {
				"north": {"uv": [0, 0, 1, 0], "texture": "#0"},
				"east": {"uv": [0, 0, 4, 0], "texture": "#0"},
				"south": {"uv": [0, 0, 1, 0], "texture": "#0"},
				"west": {"uv": [0, 0, 4, 0], "texture": "#0"},
				"up": {"uv": [15.5, 13.5, 16, 15.5], "texture": "#0"},
				"down": {"uv": [15.5, 13.5, 16, 15.5], "rotation": 180, "texture": "#0"}
			}
		},
		{
			"from": [8.25, 8.75, 25.5],
			"to": [8.25, 9.75, 29.5],
			"rotation": {"angle": -22.5, "axis": "z", "origin": [8.25, 8.75, 27.5]},
			"faces": {
				"north": {"uv": [0, 0, 1, 0], "rotation": 90, "texture": "#0"},
				"east": {"uv": [15.5, 13.5, 16, 15.5], "rotation": 90, "texture": "#0"},
				"south": {"uv": [0, 0, 1, 0], "rotation": 270, "texture": "#0"},
				"west": {"uv": [15.5, 13.5, 16, 15.5], "rotation": 270, "texture": "#0"},
				"up": {"uv": [0, 0, 4, 0], "rotation": 270, "texture": "#0"},
				"down": {"uv": [0, 0, 4, 0], "rotation": 270, "texture": "#0"}
			}
		},
		{
			"from": [8.25, 7.25, 25.5],
			"to": [8.25, 8.25, 29.5],
			"rotation": {"angle": 22.5, "axis": "z", "origin": [8.25, 8.25, 27.5]},
			"faces": {
				"north": {"uv": [0, 0, 1, 0], "rotation": 270, "texture": "#0"},
				"east": {"uv": [15.5, 13.5, 16, 15.5], "rotation": 90, "texture": "#0"},
				"south": {"uv": [0, 0, 1, 0], "rotation": 90, "texture": "#0"},
				"west": {"uv": [15.5, 13.5, 16, 15.5], "rotation": 90, "texture": "#0"},
				"up": {"uv": [0, 0, 4, 0], "rotation": 90, "texture": "#0"},
				"down": {"uv": [0, 0, 4, 0], "rotation": 90, "texture": "#0"}
			}
		}
	],
	"display": {
		"thirdperson_righthand": {
			"translation": [-2, 0.75, -5.5],
			"scale": [0.6, 0.6, 0.6]
		},
		"thirdperson_lefthand": {
			"translation": [-2, 0.75, -5.5],
			"scale": [0.6, 0.6, 0.6]
		},
		"firstperson_righthand": {
			"rotation": [25, 0, 0],
			"translation": [2.75, 5.75, -5],
			"scale": [0.5, 0.5, 0.5]
		},
		"firstperson_lefthand": {
			"rotation": [25, 0, 0],
			"translation": [2.75, 5.75, -5],
			"scale": [0.5, 0.5, 0.5]
		},
		"gui": {
			"rotation": [43, 30, -47],
			"translation": [-2.5, 3.25, 0],
			"scale": [0.4, 0.4, 0.4]
		}
	},
	"groups": [0, 1, 2, 3, 4, 5, 6, 7, 8, 9, 10, 11, 12, 13, 14, 15, 16, 17, 18, 19, 20, 21, 22, 23, 24, 25, 26, 27, 28, 29, 30, 31, 32, 33, 34, 35, 36, 37, 38, 39, 40, 41,
		{
			"name": "group",
			"origin": [8.25, 8.25, 19.5],
			"children": [42, 43, 44, 45, 46, 47, 48]
		}
	]
}