{
	"credit": "Made with Blockbench",
	"textures": {
		"0": "item/etc/hookhand",
		"1": "item/etc/hookhand1",
		"particle": "item/etc/hookhand"
	},
	"elements": [
		{
			"from": [5.75, 3.01099, 5.21184],
			"to": [10.25, 4.07349, 9.71184],
			"rotation": {"angle": 0, "axis": "y", "origin": [2.5, -6.98901, -5.53816]},
			"faces": {
				"north": {"uv": [6, 11, 10.5, 12.063], "rotation": 180, "texture": "#1"},
				"east": {"uv": [8, 11, 9.063, 15.5], "rotation": 270, "texture": "#1"},
				"south": {"uv": [6, 11, 10.5, 12.063], "texture": "#1"},
				"west": {"uv": [8, 11, 9.063, 15.5], "rotation": 90, "texture": "#1"},
				"up": {"uv": [6, 11, 10.5, 15.5], "rotation": 180, "texture": "#1"},
				"down": {"uv": [10, 11, 11.063, 15.5], "texture": "#1"}
			}
		},
		{
			"from": [5.25, 1.01099, 4.71184],
			"to": [10.75, 3.07349, 10.21184],
			"rotation": {"angle": 0, "axis": "y", "origin": [2.5, -6.98901, -5.53816]},
			"faces": {
				"north": {"uv": [3, 10, 8.5, 12.063], "rotation": 180, "texture": "#1"},
				"east": {"uv": [5, 10, 7.063, 15.5], "rotation": 270, "texture": "#1"},
				"south": {"uv": [3, 10, 8.5, 12.063], "texture": "#1"},
				"west": {"uv": [5, 10, 7.063, 15.5], "rotation": 90, "texture": "#1"},
				"up": {"uv": [2, 10, 7.5, 15.5], "rotation": 180, "texture": "#1"},
				"down": {"uv": [10, 11, 11.063, 15.5], "texture": "#1"}
			}
		},
		{
			"from": [5, 0.01099, 4.46184],
			"to": [11, 1.01099, 10.46184],
			"rotation": {"angle": 0, "axis": "y", "origin": [2.5, -6.98901, -5.53816]},
			"faces": {
				"north": {"uv": [0, 10, 6, 11], "rotation": 180, "texture": "#0"},
				"east": {"uv": [2, 10, 3, 16], "rotation": 270, "texture": "#0"},
				"south": {"uv": [0, 10, 6, 11], "texture": "#0"},
				"west": {"uv": [2, 10, 3, 16], "rotation": 90, "texture": "#0"},
				"up": {"uv": [0, 10, 6, 16], "rotation": 180, "texture": "#0"},
				"down": {"uv": [0, 10, 6, 16], "texture": "#0"}
			}
		},
		{
			"from": [7.1, 4.09306, 6.60362],
			"to": [8.9, 5.29306, 8.40362],
			"rotation": {"angle": 0, "axis": "y", "origin": [1.4, -9.18194, -8.09638]},
			"faces": {
				"north": {"uv": [2, 1, 4, 2], "rotation": 90, "texture": "#0"},
				"east": {"uv": [2, 1, 4, 2], "rotation": 90, "texture": "#0"},
				"south": {"uv": [2, 1, 4, 2], "rotation": 90, "texture": "#0"},
				"west": {"uv": [2, 1, 4, 2], "rotation": 90, "texture": "#0"},
				"up": {"uv": [2, 2, 4, 3], "rotation": 180, "texture": "#0"},
				"down": {"uv": [2, 1, 4, 2], "texture": "#0"}
			}
		},
		{
			"from": [7.4, 5.29306, 6.90362],
			"to": [8.6, 7.69306, 8.10362],
			"rotation": {"angle": 0, "axis": "y", "origin": [1.4, -9.18194, -8.09638]},
			"faces": {
				"north": {"uv": [8, 1, 10, 2], "rotation": 180, "texture": "#0"},
				"east": {"uv": [8, 1, 10, 2], "rotation": 270, "texture": "#0"},
				"south": {"uv": [8, 1, 10, 2], "texture": "#0"},
				"west": {"uv": [8, 1, 10, 2], "rotation": 90, "texture": "#0"},
				"up": {"uv": [8, 1, 10, 2], "rotation": 180, "texture": "#0"},
				"down": {"uv": [8, 1, 10, 2], "texture": "#0"}
			}
		},
		{
			"from": [7.4, 6.99796, 7.04188],
			"to": [8.6, 8.19796, 9.44188],
			"rotation": {"angle": -22.5, "axis": "x", "origin": [8, 7.59796, 8.24188]},
			"faces": {
				"north": {"uv": [8, 1, 10, 2], "rotation": 270, "texture": "#0"},
				"east": {"uv": [8, 1, 10, 2], "texture": "#0"},
				"south": {"uv": [8, 1, 10, 2], "rotation": 90, "texture": "#0"},
				"west": {"uv": [8, 1, 10, 2], "rotation": 180, "texture": "#0"},
				"up": {"uv": [8, 1, 10, 2], "rotation": 270, "texture": "#0"},
				"down": {"uv": [8, 1, 10, 2], "rotation": 90, "texture": "#0"}
			}
		},
		{
			"from": [7.475, 11.32343, 7.18015],
			"to": [8.525, 12.37343, 9.58015],
			"rotation": {"angle": 0, "axis": "x", "origin": [8, 11.84843, 8.38015]},
			"faces": {
				"north": {"uv": [4, 1, 6, 1.875], "rotation": 270, "texture": "#0"},
				"east": {"uv": [4, 1, 6, 1.875], "texture": "#0"},
				"south": {"uv": [4, 1, 6, 1.875], "rotation": 90, "texture": "#0"},
				"west": {"uv": [4, 1, 6, 1.875], "rotation": 180, "texture": "#0"},
				"up": {"uv": [4, 1, 6, 1.875], "rotation": 270, "texture": "#0"},
				"down": {"uv": [4, 1, 6, 1.875], "rotation": 90, "texture": "#0"}
			}
		},
		{
			"from": [7.41875, 7.57564, 9.40441],
			"to": [8.58125, 9.37564, 10.60441],
			"rotation": {"angle": 45, "axis": "x", "origin": [8, 8.77564, 10.00441]},
			"faces": {
				"north": {"uv": [6, 1, 8, 2], "rotation": 90, "texture": "#0"},
				"east": {"uv": [6, 1, 8, 2], "rotation": 90, "texture": "#0"},
				"south": {"uv": [6, 1, 8, 2], "rotation": 90, "texture": "#0"},
				"west": {"uv": [6, 1, 8, 2], "rotation": 90, "texture": "#0"},
				"up": {"uv": [6, 1, 8, 2], "rotation": 180, "texture": "#0"},
				"down": {"uv": [6, 1, 8, 2], "texture": "#0"}
			}
		},
		{
			"from": [7.55, 10.9999, 6.73015],
			"to": [8.45, 12.1999, 7.63015],
			"rotation": {"angle": 45, "axis": "x", "origin": [8, 11.5999, 7.18015]},
			"faces": {
				"north": {"uv": [3, 1, 4, 2], "rotation": 180, "texture": "#0"},
				"east": {"uv": [3, 1, 4, 2], "rotation": 270, "texture": "#0"},
				"south": {"uv": [3, 1, 4, 2], "texture": "#0"},
				"west": {"uv": [3, 1, 4, 2], "rotation": 90, "texture": "#0"},
				"up": {"uv": [3, 1, 4, 2], "rotation": 180, "texture": "#0"},
				"down": {"uv": [3, 1, 4, 2], "texture": "#0"}
			}
		},
		{
			"from": [7.7, 10.3999, 6.88015],
			"to": [8.3, 10.9999, 7.48015],
			"rotation": {"angle": 45, "axis": "x", "origin": [8, 11.5999, 7.18015]},
			"faces": {
				"north": {"uv": [2, 1, 3, 2], "rotation": 180, "texture": "#0"},
				"east": {"uv": [2, 1, 3, 2], "rotation": 270, "texture": "#0"},
				"south": {"uv": [2, 1, 3, 2], "texture": "#0"},
				"west": {"uv": [2, 1, 3, 2], "rotation": 90, "texture": "#0"},
				"up": {"uv": [2, 1, 3, 2], "rotation": 180, "texture": "#0"},
				"down": {"uv": [2, 1, 3, 2], "texture": "#0"}
			}
		},
		{
			"from": [7.85, 9.7999, 7.03015],
			"to": [8.15, 10.3999, 7.33015],
			"rotation": {"angle": 45, "axis": "x", "origin": [8, 11.5999, 7.18015]},
			"faces": {
				"north": {"uv": [1, 1, 2, 2], "rotation": 180, "texture": "#0"},
				"east": {"uv": [1, 1, 2, 2], "rotation": 270, "texture": "#0"},
				"south": {"uv": [1, 1, 2, 2], "texture": "#0"},
				"west": {"uv": [1, 1, 2, 2], "rotation": 90, "texture": "#0"},
				"up": {"uv": [1, 1, 2, 2], "rotation": 180, "texture": "#0"},
				"down": {"uv": [1, 1, 2, 2], "texture": "#0"}
			}
		},
		{
			"from": [7.4, 10.57564, 9.40441],
			"to": [8.6, 12.37564, 10.60441],
			"rotation": {"angle": -45, "axis": "x", "origin": [8, 11.17564, 10.00441]},
			"faces": {
				"north": {"uv": [5, 1, 7, 2], "rotation": 90, "texture": "#0"},
				"east": {"uv": [5, 1, 7, 2], "rotation": 90, "texture": "#0"},
				"south": {"uv": [5, 1, 7, 2], "rotation": 90, "texture": "#0"},
				"west": {"uv": [5, 1, 7, 2], "rotation": 90, "texture": "#0"},
				"up": {"uv": [5, 1, 7, 2], "rotation": 180, "texture": "#0"},
				"down": {"uv": [5, 1, 7, 2], "texture": "#0"}
			}
		},
		{
			"from": [7.4, 8.77564, 9.65294],
			"to": [8.6, 11.17564, 10.85294],
			"rotation": {"angle": 0, "axis": "x", "origin": [8, 9.97564, 10.25294]},
			"faces": {
				"north": {"uv": [6, 1, 8, 2], "rotation": 90, "texture": "#0"},
				"east": {"uv": [6, 1, 8, 2], "rotation": 90, "texture": "#0"},
				"south": {"uv": [6, 1, 8, 2], "rotation": 90, "texture": "#0"},
				"west": {"uv": [6, 1, 8, 2], "rotation": 90, "texture": "#0"},
				"up": {"uv": [6, 1, 8, 2], "rotation": 180, "texture": "#0"},
				"down": {"uv": [6, 1, 8, 2], "texture": "#0"}
			}
		}
	],
	"display": {
		"thirdperson_righthand": {
			"rotation": [-89.75, 0, 0],
			"translation": [0, -1.5, -4.5],
			"scale": [0.83789, 0.83789, 0.83789]
		},
		"thirdperson_lefthand": {
			"rotation": [-89.75, 0, 0],
			"translation": [0, -1.5, -4.5],
			"scale": [0.83789, 0.83789, 0.83789]
		},
		"firstperson_righthand": {
			"rotation": [-49.25, 4.5, 11.25],
			"translation": [0.25, 5.25, 0],
			"scale": [0.8125, 0.8125, 0.8125]
		},
		"firstperson_lefthand": {
			"rotation": [-49.25, 4.5, 11.25],
			"translation": [0.25, 5.25, 0],
			"scale": [0.8125, 0.8125, 0.8125]
		},
		"ground": {
			"translation": [0, 2.75, 0],
			"scale": [0.83008, 0.83008, 0.83008]
		},
		"gui": {
			"rotation": [30, -123, 0],
			"translation": [-0.25, 2.5, 0],
			"scale": [1.04297, 1.04297, 1.04297]
		},
		"head": {
			"translation": [0, 20, 1],
			"scale": [1.6, 1.6, 1.6]
		},
		"fixed": {
			"rotation": [-90, 0, 0],
			"translation": [0, 0, -15],
			"scale": [2, 2, 2]
		}
	},
	"groups": [
		{
			"name": "Hook",
			"origin": [13.5, 23.2911, -7.96465],
			"children": [
				{
					"name": "group",
					"origin": [2.5, -6.98901, -5.53816],
					"children": [0, 1, 2]
				},
				{
					"name": "Hook",
					"origin": [8, 8.97564, 9.75294],
					"children": [3, 4, 5, 6, 7, 8, 9, 10, 11, 12]
				}
			]
		}
	]
}