{
	"credit": "Made with Blockbench and TazerLinx",
	"parent": "bee",
	"texture_size": [64, 64],
	"textures": {
		"0": "item/etc/bee",
		"particle": "item/etc/bee"
	},
	"gui_light": "front",
	"elements": [
		{
			"from": [6, 5, 0],
			"to": [13, 12, 10],
			"rotation": {"angle": 0, "axis": "y", "origin": [14, 13, 8]},
			"faces": {
				"north": {"uv": [2.5, 2.5, 4.25, 4.25], "texture": "#0"},
				"east": {"uv": [0, 2.5, 2.5, 4.25], "texture": "#0"},
				"south": {"uv": [6.75, 2.5, 8.5, 4.25], "texture": "#0"},
				"west": {"uv": [4.25, 2.5, 6.75, 4.25], "texture": "#0"},
				"up": {"uv": [2.5, 0, 4.25, 2.5], "rotation": 180, "texture": "#0"},
				"down": {"uv": [4.25, 0, 6, 2.5], "texture": "#0"}
			}
		},
		{
			"from": [9.5, 8, 10],
			"to": [9.5, 9, 12],
			"rotation": {"angle": 0, "axis": "y", "origin": [17.5, 16, 18]},
			"faces": {
				"north": {"uv": [6.5, 2.25, 7, 2.5], "texture": "#0"},
				"east": {"uv": [6.5, 2.25, 7, 2.5], "texture": "#0"},
				"south": {"uv": [6.5, 2.25, 7, 2.5], "texture": "#0"},
				"west": {"uv": [6.5, 2.25, 7, 2.5], "texture": "#0"},
				"up": {"uv": [6.5, 2.25, 7, 2.5], "texture": "#0"},
				"down": {"uv": [6.5, 2.25, 7, 2.5], "texture": "#0"}
			}
		},
		{
			"from": [8, 10, -3],
			"to": [8, 12, 0],
			"rotation": {"angle": 0, "axis": "y", "origin": [16, 18, 5]},
			"faces": {
				"north": {"uv": [0.5, 0.75, 1.25, 1.25], "texture": "#0"},
				"east": {"uv": [0.5, 0.75, 1.25, 1.25], "texture": "#0"},
				"south": {"uv": [0.5, 0.75, 1.25, 1.25], "texture": "#0"},
				"west": {"uv": [1.5, 1.5, 2.25, 2], "texture": "#0"},
				"up": {"uv": [0.5, 0.75, 1.25, 1.25], "texture": "#0"},
				"down": {"uv": [0.5, 0.75, 1.25, 1.25], "texture": "#0"}
			}
		},
		{
			"from": [11, 10, -3],
			"to": [11, 12, 0],
			"rotation": {"angle": 0, "axis": "y", "origin": [19, 18, 5]},
			"faces": {
				"north": {"uv": [0.5, 0.75, 1.25, 1.25], "texture": "#0"},
				"east": {"uv": [0.5, 0.75, 1.25, 1.25], "texture": "#0"},
				"south": {"uv": [0.5, 0.75, 1.25, 1.25], "texture": "#0"},
				"west": {"uv": [1.5, 1.5, 2.25, 2], "texture": "#0"},
				"up": {"uv": [0.5, 0.75, 1.25, 1.25], "texture": "#0"},
				"down": {"uv": [0.5, 0.75, 1.25, 1.25], "texture": "#0"}
			}
		},
		{
			"from": [8, 5.75, 0],
			"to": [9, 7.75, 0],
			"rotation": {"angle": -22.5, "axis": "x", "origin": [16, 13.75, 8]},
			"faces": {
				"north": {"uv": [7.5, 0.25, 7.75, 0.75], "texture": "#0"},
				"east": {"uv": [7.5, 0.25, 7.75, 0.75], "texture": "#0"},
				"south": {"uv": [7.5, 0.25, 7.75, 0.75], "texture": "#0"},
				"west": {"uv": [7.5, 0.25, 7.75, 0.75], "texture": "#0"},
				"up": {"uv": [7.5, 0.25, 7.75, 0.75], "texture": "#0"},
				"down": {"uv": [7.5, 0.25, 7.75, 0.75], "texture": "#0"}
			}
		},
		{
			"from": [10, 5.75, 0],
			"to": [11, 7.75, 0],
			"rotation": {"angle": -22.5, "axis": "x", "origin": [16, 13.75, 8]},
			"faces": {
				"north": {"uv": [7.5, 0.25, 7.75, 0.75], "texture": "#0"},
				"east": {"uv": [7.5, 0.25, 7.75, 0.75], "texture": "#0"},
				"south": {"uv": [7.5, 0.25, 7.75, 0.75], "texture": "#0"},
				"west": {"uv": [7.5, 0.25, 7.75, 0.75], "texture": "#0"},
				"up": {"uv": [7.5, 0.25, 7.75, 0.75], "texture": "#0"},
				"down": {"uv": [7.5, 0.25, 7.75, 0.75], "texture": "#0"}
			}
		},
		{
			"from": [11, 5.75, 3],
			"to": [12, 7.75, 3],
			"rotation": {"angle": -22.5, "axis": "x", "origin": [15, 13.75, 11]},
			"faces": {
				"north": {"uv": [7.75, 0.75, 8, 1.25], "texture": "#0"},
				"east": {"uv": [7.5, 0.25, 7.75, 0.75], "texture": "#0"},
				"south": {"uv": [7.5, 0.25, 7.75, 0.75], "texture": "#0"},
				"west": {"uv": [7.5, 0.25, 7.75, 0.75], "texture": "#0"},
				"up": {"uv": [7.5, 0.25, 7.75, 0.75], "texture": "#0"},
				"down": {"uv": [7.5, 0.25, 7.75, 0.75], "texture": "#0"}
			}
		},
		{
			"from": [7, 5.75, 3],
			"to": [8, 7.75, 3],
			"rotation": {"angle": -22.5, "axis": "x", "origin": [15, 13.75, 11]},
			"faces": {
				"north": {"uv": [7.75, 0.75, 8, 1.25], "texture": "#0"},
				"east": {"uv": [7.5, 0.25, 7.75, 0.75], "texture": "#0"},
				"south": {"uv": [7.5, 0.25, 7.75, 0.75], "texture": "#0"},
				"west": {"uv": [7.5, 0.25, 7.75, 0.75], "texture": "#0"},
				"up": {"uv": [7.5, 0.25, 7.75, 0.75], "texture": "#0"},
				"down": {"uv": [7.5, 0.25, 7.75, 0.75], "texture": "#0"}
			}
		},
		{
			"from": [7, 5.75, 5],
			"to": [8, 7.75, 5],
			"rotation": {"angle": -22.5, "axis": "x", "origin": [15, 13.75, 13]},
			"faces": {
				"north": {"uv": [7.75, 0.75, 8, 1.25], "texture": "#0"},
				"east": {"uv": [7.5, 0.25, 7.75, 0.75], "texture": "#0"},
				"south": {"uv": [7.5, 0.25, 7.75, 0.75], "texture": "#0"},
				"west": {"uv": [7.5, 0.25, 7.75, 0.75], "texture": "#0"},
				"up": {"uv": [7.5, 0.25, 7.75, 0.75], "texture": "#0"},
				"down": {"uv": [7.5, 0.25, 7.75, 0.75], "texture": "#0"}
			}
		},
		{
			"from": [11, 5.75, 5],
			"to": [12, 7.75, 5],
			"rotation": {"angle": -22.5, "axis": "x", "origin": [15, 13.75, 13]},
			"faces": {
				"north": {"uv": [7.75, 0.75, 8, 1.25], "texture": "#0"},
				"east": {"uv": [7.5, 0.25, 7.75, 0.75], "texture": "#0"},
				"south": {"uv": [7.5, 0.25, 7.75, 0.75], "texture": "#0"},
				"west": {"uv": [7.5, 0.25, 7.75, 0.75], "texture": "#0"},
				"up": {"uv": [7.5, 0.25, 7.75, 0.75], "texture": "#0"},
				"down": {"uv": [7.5, 0.25, 7.75, 0.75], "texture": "#0"}
			}
		},
		{
			"from": [-2.25, 11.75, 2],
			"to": [4.75, 11.75, 8],
			"rotation": {"angle": 22.5, "axis": "z", "origin": [5.75, 19.75, 10]},
			"faces": {
				"north": {"uv": [3.75, 6, 5.5, 7.5], "rotation": 180, "texture": "#0"},
				"east": {"uv": [3.75, 6, 5.5, 7.5], "rotation": 180, "texture": "#0"},
				"south": {"uv": [3.75, 6, 5.5, 7.5], "rotation": 180, "texture": "#0"},
				"west": {"uv": [3.75, 6, 5.5, 7.5], "rotation": 180, "texture": "#0"},
				"up": {"uv": [3.75, 6, 5.5, 7.5], "rotation": 180, "texture": "#0"},
				"down": {"uv": [2, 4.5, 3.75, 6], "texture": "#0"}
			}
		},
		{
			"from": [13.5, 8.25, 2],
			"to": [20.5, 8.25, 8],
			"rotation": {"angle": -22.5, "axis": "z", "origin": [21.5, 16.25, 10]},
			"faces": {
				"north": {"uv": [2, 4.5, 3.75, 6], "rotation": 180, "texture": "#0"},
				"east": {"uv": [2, 4.5, 3.75, 6], "rotation": 180, "texture": "#0"},
				"south": {"uv": [2, 4.5, 3.75, 6], "rotation": 180, "texture": "#0"},
				"west": {"uv": [2, 4.5, 3.75, 6], "rotation": 180, "texture": "#0"},
				"up": {"uv": [2, 4.5, 3.75, 6], "rotation": 180, "texture": "#0"},
				"down": {"uv": [3.75, 6, 5.5, 7.5], "texture": "#0"}
			}
		}
	],
	"display": {
		"thirdperson_righthand": {
			"rotation": [90, 0, 0],
			"translation": [-1.5, 0, 0.75],
			"scale": [0.5, 0.5, 0.5]
		},
		"thirdperson_lefthand": {
			"rotation": [90, 0, 0],
			"scale": [0.5, 0.5, 0.5]
		},
		"firstperson_righthand": {
			"translation": [2, 0, 0]
		},
		"firstperson_lefthand": {
			"translation": [8.25, 0, 0]
		},
		"ground": {
			"translation": [0, 2, 0],
			"scale": [0.5, 0.5, 0.5]
		},
		"gui": {
			"rotation": [45, 140, -5],
			"translation": [3, 0.5, 0]
		},
		"head": {
			"translation": [-12.5, 5.5, -1.5]
		},
		"fixed": {
			"translation": [-1.5, 0, 0]
		}
	}
}