{
	"credit": "Made with Blockbench",
	"texture_size": [32, 32],
	"textures": {
		"4": "item/etc/delluna_bagpack",
		"particle": "item/etc/delluna_bagpack"
	},
	"elements": [
		{
			"from": [4.9, 3, 3.1],
			"to": [11.1, 5, 6.1],
			"rotation": {"angle": 0, "axis": "y", "origin": [0, 0, 0.1]},
			"faces": {
				"north": {"uv": [3, 8.5, 6, 9.5], "texture": "#4"},
				"east": {"uv": [9.5, 4, 11, 5], "texture": "#4"},
				"south": {"uv": [6, 8.5, 9, 9.5], "texture": "#4"},
				"west": {"uv": [4.5, 9.5, 6, 10.5], "texture": "#4"},
				"up": {"uv": [11, 8.5, 8, 7], "texture": "#4"},
				"down": {"uv": [3, 8.5, 0, 10], "texture": "#4"}
			}
		},
		{
			"from": [4.34462, 3.06746, 3.1],
			"to": [5.34462, 5.26746, 6.1],
			"rotation": {"angle": 22.5, "axis": "z", "origin": [4.84462, 4.26746, 4.6]},
			"faces": {
				"north": {"uv": [2, 10, 2.5, 11], "texture": "#4"},
				"east": {"uv": [9.5, 5, 11, 6], "texture": "#4"},
				"south": {"uv": [2.5, 10, 3, 11], "texture": "#4"},
				"west": {"uv": [6, 9.5, 7.5, 10.5], "texture": "#4"},
				"up": {"uv": [0.5, 11.5, 0, 10], "texture": "#4"},
				"down": {"uv": [1, 10, 0.5, 11.5], "texture": "#4"}
			}
		},
		{
			"from": [10.65538, 3.06746, 3.1],
			"to": [11.65538, 5.26746, 6.1],
			"rotation": {"angle": -22.5, "axis": "z", "origin": [11.15538, 4.26746, 4.6]},
			"faces": {
				"north": {"uv": [2, 11, 2.5, 12], "texture": "#4"},
				"east": {"uv": [9.5, 6, 11, 7], "texture": "#4"},
				"south": {"uv": [11, 2, 11.5, 3], "texture": "#4"},
				"west": {"uv": [7.5, 9.5, 9, 10.5], "texture": "#4"},
				"up": {"uv": [1.5, 11.5, 1, 10], "texture": "#4"},
				"down": {"uv": [2, 10, 1.5, 11.5], "texture": "#4"}
			}
		},
		{
			"from": [4, 5, 3.1],
			"to": [12, 12, 6.1],
			"rotation": {"angle": 0, "axis": "y", "origin": [0, 0, 0.1]},
			"faces": {
				"north": {"uv": [0, 0, 4, 3.5], "texture": "#4"},
				"east": {"uv": [8, 0, 9.5, 3.5], "texture": "#4"},
				"south": {"uv": [0, 3.5, 4, 7], "texture": "#4"},
				"west": {"uv": [8, 3.5, 9.5, 7], "texture": "#4"},
				"up": {"uv": [4, 8.5, 0, 7], "texture": "#4"},
				"down": {"uv": [8, 7, 4, 8.5], "texture": "#4"}
			}
		},
		{
			"from": [4, 9.26027, 2.09427],
			"to": [12, 12.16027, 2.69427],
			"rotation": {"angle": 22.5, "axis": "x", "origin": [8, 11.06027, 2.49427]},
			"faces": {
				"north": {"uv": [4, 4, 8, 5.5], "texture": "#4"},
				"east": {"uv": [4.5, 11, 4.75, 12.5], "texture": "#4"},
				"south": {"uv": [4, 5.5, 8, 7], "texture": "#4"},
				"west": {"uv": [11, 4.5, 11.25, 6], "texture": "#4"},
				"up": {"uv": [13, 10.25, 9, 10], "texture": "#4"},
				"down": {"uv": [8.5, 10.5, 4.5, 10.75], "texture": "#4"}
			}
		},
		{
			"from": [4, 11.92961, 2.54567],
			"to": [12, 12.22961, 6.14567],
			"rotation": {"angle": 0, "axis": "y", "origin": [8, 11.12961, 2.34567]},
			"faces": {
				"north": {"uv": [8.5, 10.5, 12.5, 10.75], "texture": "#4"},
				"east": {"uv": [2.5, 11, 4.25, 11.25], "texture": "#4"},
				"south": {"uv": [10.5, 8.5, 14.5, 8.75], "texture": "#4"},
				"west": {"uv": [11, 4, 12.75, 4.25], "texture": "#4"},
				"up": {"uv": [8, 1.75, 4, 0], "texture": "#4"},
				"down": {"uv": [8, 2, 4, 3.75], "texture": "#4"}
			}
		},
		{
			"from": [4, 8.65036, 1.43589],
			"to": [12, 9.55036, 2.03589],
			"rotation": {"angle": 0, "axis": "y", "origin": [8, 11.45036, 1.83589]},
			"faces": {
				"north": {"uv": [9.5, 3, 13.5, 3.5], "texture": "#4"},
				"east": {"uv": [0, 12, 0.25, 12.5], "texture": "#4"},
				"south": {"uv": [9.5, 3.5, 13.5, 4], "texture": "#4"},
				"west": {"uv": [0.5, 12, 0.75, 12.5], "texture": "#4"},
				"up": {"uv": [14.5, 9.25, 10.5, 9], "texture": "#4"},
				"down": {"uv": [14.5, 9.5, 10.5, 9.75], "texture": "#4"}
			}
		},
		{
			"from": [7.5, 8.15036, 1.23589],
			"to": [8.5, 9.05036, 1.43589],
			"rotation": {"angle": 0, "axis": "y", "origin": [4.5, 10.95036, 1.63589]},
			"faces": {
				"north": {"uv": [3, 11.5, 3.5, 12], "texture": "#4"},
				"east": {"uv": [12, 4.5, 12.25, 5], "texture": "#4"},
				"south": {"uv": [3.5, 11.5, 4, 12], "texture": "#4"},
				"west": {"uv": [12, 11, 12.25, 11.5], "texture": "#4"},
				"up": {"uv": [12, 12.25, 11.5, 12], "texture": "#4"},
				"down": {"uv": [12.5, 11.5, 12, 11.75], "texture": "#4"}
			}
		},
		{
			"from": [7.5, 7.32288, 1.40049],
			"to": [8.5, 8.22288, 1.60049],
			"rotation": {"angle": -22.5, "axis": "x", "origin": [8, 7.77288, 1.50049]},
			"faces": {
				"north": {"uv": [4, 11.5, 4.5, 12], "texture": "#4"},
				"east": {"uv": [12, 12, 12.25, 12.5], "texture": "#4"},
				"south": {"uv": [11.5, 4.5, 12, 5], "texture": "#4"},
				"west": {"uv": [0, 12.5, 0.25, 13], "texture": "#4"},
				"up": {"uv": [13, 0.25, 12.5, 0], "texture": "#4"},
				"down": {"uv": [1, 12.5, 0.5, 12.75], "texture": "#4"}
			}
		},
		{
			"from": [7.5, 7.13905, 1.58432],
			"to": [8.5, 7.33905, 2.08432],
			"rotation": {"angle": 22.5, "axis": "x", "origin": [8, 7.23905, 2.03432]},
			"faces": {
				"north": {"uv": [12.5, 0.5, 13, 0.75], "texture": "#4"},
				"east": {"uv": [13, 0, 13.25, 0.25], "texture": "#4"},
				"south": {"uv": [1, 12.5, 1.5, 12.75], "texture": "#4"},
				"west": {"uv": [0.5, 13, 0.75, 13.25], "texture": "#4"},
				"up": {"uv": [13, 1.25, 12.5, 1], "texture": "#4"},
				"down": {"uv": [2, 12.5, 1.5, 12.75], "texture": "#4"}
			}
		},
		{
			"from": [7.5, 7.13905, 1.98432],
			"to": [8.5, 7.33905, 2.58432],
			"rotation": {"angle": 0, "axis": "y", "origin": [8, 7.23905, 2.43432]},
			"faces": {
				"north": {"uv": [12.5, 1.5, 13, 1.75], "texture": "#4"},
				"east": {"uv": [13, 0.5, 13.25, 0.75], "texture": "#4"},
				"south": {"uv": [2, 12.5, 2.5, 12.75], "texture": "#4"},
				"west": {"uv": [1, 13, 1.25, 13.25], "texture": "#4"},
				"up": {"uv": [13, 2.25, 12.5, 2], "texture": "#4"},
				"down": {"uv": [3, 12.5, 2.5, 12.75], "texture": "#4"}
			}
		},
		{
			"from": [9, 4, 2.5],
			"to": [12, 7, 3.1],
			"rotation": {"angle": 0, "axis": "y", "origin": [0, 0, 0.1]},
			"faces": {
				"north": {"uv": [9, 8.5, 10.5, 10], "texture": "#4"},
				"east": {"uv": [5, 11, 5.25, 12.5], "texture": "#4"},
				"south": {"uv": [9.5, 0, 11, 1.5], "texture": "#4"},
				"west": {"uv": [5.5, 11, 5.75, 12.5], "texture": "#4"},
				"up": {"uv": [7.5, 11.25, 6, 11], "texture": "#4"},
				"down": {"uv": [12.5, 6, 11, 6.25], "texture": "#4"}
			}
		},
		{
			"from": [9, 5.98066, 2.29724],
			"to": [12, 6.98066, 2.59724],
			"rotation": {"angle": 22.5, "axis": "x", "origin": [10.5, 6.48066, 2.44724]},
			"faces": {
				"north": {"uv": [11, 0, 12.5, 0.5], "texture": "#4"},
				"east": {"uv": [1, 12, 1.25, 12.5], "texture": "#4"},
				"south": {"uv": [11, 0.5, 12.5, 1], "texture": "#4"},
				"west": {"uv": [1.5, 12, 1.75, 12.5], "texture": "#4"},
				"up": {"uv": [12.5, 6.75, 11, 6.5], "texture": "#4"},
				"down": {"uv": [12.5, 7, 11, 7.25], "texture": "#4"}
			}
		},
		{
			"from": [10.4, 5.3573, 2.18806],
			"to": [10.7, 5.8573, 2.28806],
			"rotation": {"angle": -22.5, "axis": "x", "origin": [10.55, 5.6073, 2.28806]},
			"faces": {
				"north": {"uv": [4.5, 12.5, 4.75, 12.75], "texture": "#4"},
				"east": {"uv": [12.5, 4.5, 12.75, 4.75], "texture": "#4"},
				"south": {"uv": [5, 12.5, 5.25, 12.75], "texture": "#4"},
				"west": {"uv": [12.5, 5, 12.75, 5.25], "texture": "#4"},
				"up": {"uv": [5.75, 12.75, 5.5, 12.5], "texture": "#4"},
				"down": {"uv": [12.75, 5.5, 12.5, 5.75], "texture": "#4"}
			}
		},
		{
			"from": [10.4, 5.8, 2.1],
			"to": [10.7, 6.3, 2.2],
			"rotation": {"angle": 0, "axis": "y", "origin": [10.55, 6.05, 2.2]},
			"faces": {
				"north": {"uv": [6, 12.5, 6.25, 12.75], "texture": "#4"},
				"east": {"uv": [12.5, 6, 12.75, 6.25], "texture": "#4"},
				"south": {"uv": [6.5, 12.5, 6.75, 12.75], "texture": "#4"},
				"west": {"uv": [12.5, 6.5, 12.75, 6.75], "texture": "#4"},
				"up": {"uv": [7.25, 12.75, 7, 12.5], "texture": "#4"},
				"down": {"uv": [12.75, 7, 12.5, 7.25], "texture": "#4"}
			}
		},
		{
			"from": [4, 4, 2.5],
			"to": [7, 7, 3.1],
			"rotation": {"angle": 0, "axis": "y", "origin": [-5, 0, 0.1]},
			"faces": {
				"north": {"uv": [9.5, 1.5, 11, 3], "texture": "#4"},
				"east": {"uv": [7.5, 11, 7.75, 12.5], "texture": "#4"},
				"south": {"uv": [3, 9.5, 4.5, 11], "texture": "#4"},
				"west": {"uv": [8, 11, 8.25, 12.5], "texture": "#4"},
				"up": {"uv": [12.5, 7.75, 11, 7.5], "texture": "#4"},
				"down": {"uv": [12.5, 8, 11, 8.25], "texture": "#4"}
			}
		},
		{
			"from": [4, 5.98066, 2.29724],
			"to": [7, 6.98066, 2.59724],
			"rotation": {"angle": 22.5, "axis": "x", "origin": [5.5, 6.48066, 2.44724]},
			"faces": {
				"north": {"uv": [11, 1, 12.5, 1.5], "texture": "#4"},
				"east": {"uv": [2, 12, 2.25, 12.5], "texture": "#4"},
				"south": {"uv": [11, 1.5, 12.5, 2], "texture": "#4"},
				"west": {"uv": [12, 2, 12.25, 2.5], "texture": "#4"},
				"up": {"uv": [10, 11.25, 8.5, 11], "texture": "#4"},
				"down": {"uv": [11.5, 11, 10, 11.25], "texture": "#4"}
			}
		},
		{
			"from": [5.4, 5.3573, 2.18806],
			"to": [5.7, 5.8573, 2.28806],
			"rotation": {"angle": -22.5, "axis": "x", "origin": [5.55, 5.6073, 2.28806]},
			"faces": {
				"north": {"uv": [7.5, 12.5, 7.75, 12.75], "texture": "#4"},
				"east": {"uv": [12.5, 7.5, 12.75, 7.75], "texture": "#4"},
				"south": {"uv": [8, 12.5, 8.25, 12.75], "texture": "#4"},
				"west": {"uv": [12.5, 8, 12.75, 8.25], "texture": "#4"},
				"up": {"uv": [8.75, 12.75, 8.5, 12.5], "texture": "#4"},
				"down": {"uv": [9.25, 12.5, 9, 12.75], "texture": "#4"}
			}
		},
		{
			"from": [5.4, 5.8, 2.1],
			"to": [5.7, 6.3, 2.2],
			"rotation": {"angle": 0, "axis": "y", "origin": [5.55, 6.05, 2.2]},
			"faces": {
				"north": {"uv": [9.5, 12.5, 9.75, 12.75], "texture": "#4"},
				"east": {"uv": [10, 12.5, 10.25, 12.75], "texture": "#4"},
				"south": {"uv": [10.5, 12.5, 10.75, 12.75], "texture": "#4"},
				"west": {"uv": [12.5, 10.5, 12.75, 10.75], "texture": "#4"},
				"up": {"uv": [11.25, 12.75, 11, 12.5], "texture": "#4"},
				"down": {"uv": [12.75, 11, 12.5, 11.25], "texture": "#4"}
			}
		},
		{
			"from": [10, 11.22961, 5.64567],
			"to": [10.7, 12.92961, 6.14567],
			"rotation": {"angle": 0, "axis": "y", "origin": [10, 11.22961, 6.64567]},
			"faces": {
				"north": {"uv": [7, 11.5, 7.25, 12.25], "texture": "#4"},
				"east": {"uv": [8.5, 11.5, 8.75, 12.25], "texture": "#4"},
				"south": {"uv": [9, 11.5, 9.25, 12.25], "texture": "#4"},
				"west": {"uv": [9.5, 11.5, 9.75, 12.25], "texture": "#4"},
				"up": {"uv": [11.75, 12.75, 11.5, 12.5], "texture": "#4"},
				"down": {"uv": [12.75, 11.5, 12.5, 11.75], "texture": "#4"}
			}
		},
		{
			"from": [10, 12.54693, 5.56955],
			"to": [10.7, 13.44693, 6.06955],
			"rotation": {"angle": 22.5, "axis": "x", "origin": [10, 12.54693, 6.56955]},
			"faces": {
				"north": {"uv": [12, 2.5, 12.25, 3], "texture": "#4"},
				"east": {"uv": [3, 12, 3.25, 12.5], "texture": "#4"},
				"south": {"uv": [3.5, 12, 3.75, 12.5], "texture": "#4"},
				"west": {"uv": [4, 12, 4.25, 12.5], "texture": "#4"},
				"up": {"uv": [12.25, 12.75, 12, 12.5], "texture": "#4"},
				"down": {"uv": [12.75, 12, 12.5, 12.25], "texture": "#4"}
			}
		},
		{
			"from": [10, 13.2611, 5.99009],
			"to": [10.7, 13.7611, 7.89009],
			"rotation": {"angle": 0, "axis": "y", "origin": [10, 12.7611, 5.99009]},
			"faces": {
				"north": {"uv": [12.5, 12.5, 12.75, 12.75], "texture": "#4"},
				"east": {"uv": [0, 11.5, 1, 11.75], "texture": "#4"},
				"south": {"uv": [0, 13, 0.25, 13.25], "texture": "#4"},
				"west": {"uv": [1, 11.5, 2, 11.75], "texture": "#4"},
				"up": {"uv": [11.75, 3, 11.5, 2], "texture": "#4"},
				"down": {"uv": [2.75, 11.5, 2.5, 12.5], "texture": "#4"}
			}
		},
		{
			"from": [5.3, 11.22961, 5.64567],
			"to": [6, 12.92961, 6.14567],
			"rotation": {"angle": 0, "axis": "y", "origin": [6, 11.22961, 6.64567]},
			"faces": {
				"north": {"uv": [10, 11.5, 10.25, 12.25], "texture": "#4"},
				"east": {"uv": [10.5, 11.5, 10.75, 12.25], "texture": "#4"},
				"south": {"uv": [11, 11.5, 11.25, 12.25], "texture": "#4"},
				"west": {"uv": [11.5, 11, 11.75, 11.75], "texture": "#4"},
				"up": {"uv": [13.25, 2.25, 13, 2], "texture": "#4"},
				"down": {"uv": [2.75, 13, 2.5, 13.25], "texture": "#4"}
			}
		},
		{
			"from": [5.3, 12.54693, 5.56955],
			"to": [6, 13.44693, 6.06955],
			"rotation": {"angle": 22.5, "axis": "x", "origin": [6, 12.54693, 6.56955]},
			"faces": {
				"north": {"uv": [12.5, 2.5, 12.75, 3], "texture": "#4"},
				"east": {"uv": [3, 12.5, 3.25, 13], "texture": "#4"},
				"south": {"uv": [3.5, 12.5, 3.75, 13], "texture": "#4"},
				"west": {"uv": [4, 12.5, 4.25, 13], "texture": "#4"},
				"up": {"uv": [13.25, 1.75, 13, 1.5], "texture": "#4"},
				"down": {"uv": [2.25, 13, 2, 13.25], "texture": "#4"}
			}
		},
		{
			"from": [5.3, 13.2611, 5.99009],
			"to": [6, 13.7611, 7.89009],
			"rotation": {"angle": 0, "axis": "y", "origin": [6, 12.7611, 5.99009]},
			"faces": {
				"north": {"uv": [13, 1, 13.25, 1.25], "texture": "#4"},
				"east": {"uv": [11.5, 5, 12.5, 5.25], "texture": "#4"},
				"south": {"uv": [1.5, 13, 1.75, 13.25], "texture": "#4"},
				"west": {"uv": [11.5, 5.5, 12.5, 5.75], "texture": "#4"},
				"up": {"uv": [6.25, 12.5, 6, 11.5], "texture": "#4"},
				"down": {"uv": [6.75, 11.5, 6.5, 12.5], "texture": "#4"}
			}
		}
	],
	"display": {
		"thirdperson_lefthand": {
			"rotation": [69, -180, 0],
			"translation": [-6, -3.75, 7.25]
		},
		"thirdperson_righthand": {
			"rotation": [69, -180, 0],
			"translation": [-6, -3.75, 7.25]
		},
		"firstperson_righthand": {
			"translation": [6, 0, 0]
		},
		"firstperson_lefthand": {
			"translation": [9.75, 0, 0],
			"scale": [0, 0, 0]
		},
		"gui": {
			"rotation": [0, -180, 0],
			"scale": [1.4, 1.4, 1.4]
		},
		"head": {
			"rotation": [0, -180, 0],
			"translation": [0, -15, 0.75],
			"scale": [1.8, 1.8, 1.8]
		},
		"fixed": {
			"translation": [0, 0.25, 1.25],
			"scale": [1.8, 1.8, 1.8]
		}
	},
	"groups": [0, 1, 2, 3,
		{
			"name": "group",
			"origin": [10.92074, 11.88478, 2.5],
			"color": 0,
			"children": []
		},
		{
			"name": "group",
			"origin": [10.92074, 11.88478, 2.5],
			"color": 0,
			"children": []
		},
		{
			"name": "group",
			"origin": [0, 0, 0],
			"color": 0,
			"children": [4, 5, 6, 7, 8, 9, 10]
		},
		{
			"name": "pocket",
			"origin": [10.55, 6.05, 2.1],
			"color": 0,
			"children": [11, 12, 13, 14]
		},
		{
			"name": "pocket",
			"origin": [10.55, 6.05, 2.1],
			"color": 0,
			"children": [15, 16, 17, 18]
		},
		{
			"name": "group",
			"origin": [10, 11.22961, 6.04567],
			"color": 0,
			"children": [19, 20, 21, 22, 23, 24,
				{
					"name": "group",
					"origin": [10, 11.22961, 6.04567],
					"color": 0,
					"children": []
				}
			]
		},
		{
			"name": "group",
			"origin": [10, 11.22961, 6.04567],
			"color": 0,
			"children": [
				{
					"name": "group",
					"origin": [10, 11.22961, 6.04567],
					"color": 0,
					"children": []
				}
			]
		}
	]
}