{
	"__comment": "haru_711",
	"textures": {
		"particle": "item/fish/gajea",
		"gajea": "item/fish/gajea"
	},
	"gui_light": "front",
	"elements": [ 	 
		{
			"__comment": "Voxels",
			"from": [ 2.75, 13.75, -5 ],
			"to": [ 5.5, 16.25, -4.5 ],
			"faces": {
				"down": { "uv": [ 3.25, 12.75, 4.625, 13 ], "texture": "#gajea" },
				"up": { "uv": [ 3.25, 13.75, 4.625, 13.5 ], "texture": "#gajea" },
				"north": { "uv": [ 1.375, 14.75, 0, 16 ], "texture": "#gajea" },
				"south": { "uv": [ 0, 13.5, 1.375, 14.75 ], "texture": "#gajea" },
				"west": { "uv": [ 7.375, 13.25, 7.625, 14.5 ], "texture": "#gajea" },
				"east": { "uv": [ 7.625, 12, 7.375, 13.25 ], "texture": "#gajea" }
			}
		},
		{
			"__comment": "Voxels",
			"from": [ 3, 12.75, -5 ],
			"to": [ 5, 13.75, -4.5 ],
			"faces": {
				"down": { "uv": [ 3.75, 14.5, 4.75, 14.75 ], "texture": "#gajea" },
				"up": { "uv": [ 3.75, 15, 4.75, 14.75 ], "texture": "#gajea" },
				"north": { "uv": [ 1, 10, 0, 10.5 ], "texture": "#gajea" },
				"south": { "uv": [ 0, 10.5, 1, 11 ], "texture": "#gajea" },
				"west": { "uv": [ 9.125, 9.25, 9.375, 9.75 ], "texture": "#gajea" },
				"east": { "uv": [ 9.125, 9.25, 8.875, 9.75 ], "texture": "#gajea" }
			}
		},
		{
			"__comment": "Voxels",
			"from": [ 3, 16.25, -5 ],
			"to": [ 5.25, 16.75, -4.5 ],
			"faces": {
				"down": { "uv": [ 7.625, 13, 8.75, 13.25 ], "texture": "#gajea" },
				"up": { "uv": [ 7.625, 13, 8.75, 12.75 ], "texture": "#gajea" },
				"north": { "uv": [ 8.75, 12.5, 7.625, 12.75 ], "texture": "#gajea" },
				"south": { "uv": [ 7.625, 12.25, 8.75, 12.5 ], "texture": "#gajea" },
				"west": { "uv": [ 9.5, 12.5, 9.75, 12.75 ], "texture": "#gajea" },
				"east": { "uv": [ 9.75, 12.25, 9.5, 12.5 ], "texture": "#gajea" }
			}
		},
		{
			"__comment": "Voxels",
			"from": [ 3.25, 12.5, -5 ],
			"to": [ 5, 12.75, -4.5 ],
			"faces": {
				"down": { "uv": [ 8.875, 14, 9.75, 14.25 ], "texture": "#gajea" },
				"up": { "uv": [ 7.875, 8.5, 8.75, 8.25 ], "texture": "#gajea" },
				"north": { "uv": [ 9.75, 8.75, 8.875, 8.875 ], "texture": "#gajea" },
				"south": { "uv": [ 8.875, 8.875, 9.75, 9 ], "texture": "#gajea" },
				"west": { "uv": [ 9.75, 8.75, 10, 8.875 ], "texture": "#gajea" },
				"east": { "uv": [ 10, 8.625, 9.75, 8.75 ], "texture": "#gajea" }
			}
		},
		{
			"__comment": "Voxels",
			"from": [ 3.25, 16.75, -5 ],
			"to": [ 5.25, 17, -4.5 ],
			"faces": {
				"down": { "uv": [ 3.75, 13.875, 4.75, 14.125 ], "texture": "#gajea" },
				"up": { "uv": [ 3.75, 14.375, 4.75, 14.125 ], "texture": "#gajea" },
				"north": { "uv": [ 12.75, 14, 11.75, 14.125 ], "texture": "#gajea" },
				"south": { "uv": [ 10.75, 14, 11.75, 14.125 ], "texture": "#gajea" },
				"west": { "uv": [ 9.75, 8, 10, 8.125 ], "texture": "#gajea" },
				"east": { "uv": [ 15.5, 13.625, 15.25, 13.75 ], "texture": "#gajea" }
			}
		},
		{
			"__comment": "Voxels",
			"from": [ 3.25, 17, -5 ],
			"to": [ 4.5, 17.25, -4.5 ],
			"faces": {
				"down": { "uv": [ 6.625, 9.75, 7.25, 10 ], "texture": "#gajea" },
				"up": { "uv": [ 6.625, 9.75, 7.25, 9.5 ], "texture": "#gajea" },
				"north": { "uv": [ 15.875, 14, 15.25, 14.125 ], "texture": "#gajea" },
				"south": { "uv": [ 14.625, 14, 15.25, 14.125 ], "texture": "#gajea" },
				"west": { "uv": [ 15.5, 13.625, 15.75, 13.75 ], "texture": "#gajea" },
				"east": { "uv": [ 16, 13.625, 15.75, 13.75 ], "texture": "#gajea" }
			}
		},
		{
			"__comment": "Voxels",
			"from": [ 3.5, 12, -5 ],
			"to": [ 5.5, 12.25, -4.5 ],
			"faces": {
				"down": { "uv": [ 3.75, 11.75, 4.75, 12 ], "texture": "#gajea" },
				"up": { "uv": [ 3.75, 12.25, 4.75, 12 ], "texture": "#gajea" },
				"north": { "uv": [ 4.75, 13.75, 3.75, 13.875 ], "texture": "#gajea" },
				"south": { "uv": [ 3.75, 14.375, 4.75, 14.5 ], "texture": "#gajea" },
				"west": { "uv": [ 10, 13.25, 10.25, 13.375 ], "texture": "#gajea" },
				"east": { "uv": [ 10.25, 13.125, 10, 13.25 ], "texture": "#gajea" }
			}
		},
		{
			"__comment": "Voxels",
			"from": [ 3.5, 12.25, -5 ],
			"to": [ 5.25, 12.5, -4.5 ],
			"faces": {
				"down": { "uv": [ 15.125, 15.75, 16, 16 ], "texture": "#gajea" },
				"up": { "uv": [ 7.875, 8.75, 8.75, 8.5 ], "texture": "#gajea" },
				"north": { "uv": [ 9.75, 9, 8.875, 9.125 ], "texture": "#gajea" },
				"south": { "uv": [ 8.875, 9.125, 9.75, 9.25 ], "texture": "#gajea" },
				"west": { "uv": [ 10, 13, 10.25, 13.125 ], "texture": "#gajea" },
				"east": { "uv": [ 10.25, 12.875, 10, 13 ], "texture": "#gajea" }
			}
		},
		{
			"__comment": "Voxels",
			"from": [ 3.5, 17.25, -5 ],
			"to": [ 4.25, 17.5, -4.5 ],
			"faces": {
				"down": { "uv": [ 14.125, 13.75, 14.5, 14 ], "texture": "#gajea" },
				"up": { "uv": [ 13.75, 14, 14.125, 13.75 ], "texture": "#gajea" },
				"north": { "uv": [ 9.75, 13.25, 9.375, 13.375 ], "texture": "#gajea" },
				"south": { "uv": [ 7, 14.375, 7.375, 14.5 ], "texture": "#gajea" },
				"west": { "uv": [ 10, 12.75, 10.25, 12.875 ], "texture": "#gajea" },
				"east": { "uv": [ 10.25, 12.625, 10, 12.75 ], "texture": "#gajea" }
			}
		},
		{
			"__comment": "Voxels",
			"from": [ 3.75, 11.75, -5 ],
			"to": [ 11.25, 12, -4.5 ],
			"faces": {
				"down": { "uv": [ 8.5, 15.75, 12.25, 16 ], "texture": "#gajea" },
				"up": { "uv": [ 4.75, 16, 8.5, 15.75 ], "texture": "#gajea" },
				"north": { "uv": [ 11.125, 15.625, 7.375, 15.75 ], "texture": "#gajea" },
				"south": { "uv": [ 11.125, 15.625, 14.875, 15.75 ], "texture": "#gajea" },
				"west": { "uv": [ 10, 12.5, 10.25, 12.625 ], "texture": "#gajea" },
				"east": { "uv": [ 10, 9.125, 9.75, 9.25 ], "texture": "#gajea" }
			}
		},
		{
			"__comment": "Voxels",
			"from": [ 4, 8.75, -5 ],
			"to": [ 4.25, 9, -4.5 ],
			"faces": {
				"down": { "uv": [ 7.25, 9.25, 7.375, 9.5 ], "texture": "#gajea" },
				"up": { "uv": [ 7.25, 9.25, 7.375, 9 ], "texture": "#gajea" },
				"north": { "uv": [ 9.75, 9.5, 9.625, 9.625 ], "texture": "#gajea" },
				"south": { "uv": [ 9.625, 9.625, 9.75, 9.75 ], "texture": "#gajea" },
				"west": { "uv": [ 10, 12.375, 10.25, 12.5 ], "texture": "#gajea" },
				"east": { "uv": [ 10.25, 11.75, 10, 11.875 ], "texture": "#gajea" }
			}
		},
		{
			"__comment": "Voxels",
			"from": [ 4.25, 2.5, -5 ],
			"to": [ 11, 3.5, -4.5 ],
			"faces": {
				"down": { "uv": [ 1.375, 10, 4.75, 10.25 ], "texture": "#gajea" },
				"up": { "uv": [ 1.375, 10, 4.75, 9.75 ], "texture": "#gajea" },
				"north": { "uv": [ 4.75, 15.5, 1.375, 16 ], "texture": "#gajea" },
				"south": { "uv": [ 1.375, 15, 4.75, 15.5 ], "texture": "#gajea" },
				"west": { "uv": [ 4.375, 8, 4.625, 8.5 ], "texture": "#gajea" },
				"east": { "uv": [ 9.375, 9.875, 9.125, 10.375 ], "texture": "#gajea" }
			}
		},
		{
			"__comment": "Voxels",
			"from": [ 4.25, 8.5, -5 ],
			"to": [ 11, 8.75, -4.5 ],
			"faces": {
				"down": { "uv": [ 1.375, 11, 4.75, 11.25 ], "texture": "#gajea" },
				"up": { "uv": [ 1.375, 11, 4.75, 10.75 ], "texture": "#gajea" },
				"north": { "uv": [ 10.75, 15.5, 7.375, 15.625 ], "texture": "#gajea" },
				"south": { "uv": [ 10.75, 15.5, 14.125, 15.625 ], "texture": "#gajea" },
				"west": { "uv": [ 10, 11.625, 10.25, 11.75 ], "texture": "#gajea" },
				"east": { "uv": [ 10.25, 11.5, 10, 11.625 ], "texture": "#gajea" }
			}
		},
		{
			"__comment": "Voxels",
			"from": [ 4.25, 11.5, -5 ],
			"to": [ 11, 11.75, -4.5 ],
			"faces": {
				"down": { "uv": [ 1.375, 10.5, 4.75, 10.75 ], "texture": "#gajea" },
				"up": { "uv": [ 1.375, 10.5, 4.75, 10.25 ], "texture": "#gajea" },
				"north": { "uv": [ 10.75, 15.375, 7.375, 15.5 ], "texture": "#gajea" },
				"south": { "uv": [ 10.75, 15.375, 14.125, 15.5 ], "texture": "#gajea" },
				"west": { "uv": [ 10, 11.375, 10.25, 11.5 ], "texture": "#gajea" },
				"east": { "uv": [ 10.25, 11.25, 10, 11.375 ], "texture": "#gajea" }
			}
		},
		{
			"__comment": "Voxels",
			"from": [ 4.5, 2.25, -5 ],
			"to": [ 10.75, 2.5, -4.5 ],
			"faces": {
				"down": { "uv": [ 1.375, 8.75, 4.5, 9 ], "texture": "#gajea" },
				"up": { "uv": [ 1.375, 9.75, 4.5, 9.5 ], "texture": "#gajea" },
				"north": { "uv": [ 10.5, 14.875, 7.375, 15 ], "texture": "#gajea" },
				"south": { "uv": [ 10.5, 14.875, 13.625, 15 ], "texture": "#gajea" },
				"west": { "uv": [ 10, 11.125, 10.25, 11.25 ], "texture": "#gajea" },
				"east": { "uv": [ 10.25, 11, 10, 11.125 ], "texture": "#gajea" }
			}
		},
		{
			"__comment": "Voxels",
			"from": [ 4.5, 6.5, -5 ],
			"to": [ 4.75, 6.75, -4.5 ],
			"faces": {
				"down": { "uv": [ 7.25, 8.75, 7.375, 9 ], "texture": "#gajea" },
				"up": { "uv": [ 8.75, 14.25, 8.875, 14 ], "texture": "#gajea" },
				"north": { "uv": [ 16, 14, 15.875, 14.125 ], "texture": "#gajea" },
				"south": { "uv": [ 9.625, 8.125, 9.75, 8.25 ], "texture": "#gajea" },
				"west": { "uv": [ 10, 10.875, 10.25, 11 ], "texture": "#gajea" },
				"east": { "uv": [ 10.25, 10.75, 10, 10.875 ], "texture": "#gajea" }
			}
		},
		{
			"__comment": "Voxels",
			"from": [ 4.5, 10.25, -5 ],
			"to": [ 4.75, 10.5, -4.5 ],
			"faces": {
				"down": { "uv": [ 8.75, 13.75, 8.875, 14 ], "texture": "#gajea" },
				"up": { "uv": [ 8.75, 13.75, 8.875, 13.5 ], "texture": "#gajea" },
				"north": { "uv": [ 9.75, 9.25, 9.625, 9.375 ], "texture": "#gajea" },
				"south": { "uv": [ 9.625, 9.375, 9.75, 9.5 ], "texture": "#gajea" },
				"west": { "uv": [ 10, 10.625, 10.25, 10.75 ], "texture": "#gajea" },
				"east": { "uv": [ 10.25, 10.5, 10, 10.625 ], "texture": "#gajea" }
			}
		},
		{
			"__comment": "Voxels",
			"from": [ 4.5, 11.25, -5 ],
			"to": [ 10.75, 11.5, -4.5 ],
			"faces": {
				"down": { "uv": [ 1.375, 9, 4.5, 9.25 ], "texture": "#gajea" },
				"up": { "uv": [ 1.375, 9.5, 4.5, 9.25 ], "texture": "#gajea" },
				"north": { "uv": [ 10.5, 15, 7.375, 15.125 ], "texture": "#gajea" },
				"south": { "uv": [ 10.5, 15, 13.625, 15.125 ], "texture": "#gajea" },
				"west": { "uv": [ 10, 10.375, 10.25, 10.5 ], "texture": "#gajea" },
				"east": { "uv": [ 10.25, 9.25, 10, 9.375 ], "texture": "#gajea" }
			}
		},
		{
			"__comment": "Voxels",
			"from": [ 4.75, 2, -5 ],
			"to": [ 7.25, 2.25, -4.5 ],
			"faces": {
				"down": { "uv": [ 3.25, 12.5, 4.5, 12.75 ], "texture": "#gajea" },
				"up": { "uv": [ 3.25, 12.5, 4.5, 12.25 ], "texture": "#gajea" },
				"north": { "uv": [ 16, 14.5, 14.75, 14.625 ], "texture": "#gajea" },
				"south": { "uv": [ 14.75, 14.25, 16, 14.375 ], "texture": "#gajea" },
				"west": { "uv": [ 10, 9.125, 10.25, 9.25 ], "texture": "#gajea" },
				"east": { "uv": [ 10.25, 9, 10, 9.125 ], "texture": "#gajea" }
			}
		},
		{
			"__comment": "Voxels",
			"from": [ 4.75, 3.5, -5 ],
			"to": [ 10.75, 3.75, -4.5 ],
			"faces": {
				"down": { "uv": [ 1.375, 8.25, 4.375, 8.5 ], "texture": "#gajea" },
				"up": { "uv": [ 1.375, 8.75, 4.375, 8.5 ], "texture": "#gajea" },
				"north": { "uv": [ 13.375, 14.75, 10.375, 14.875 ], "texture": "#gajea" },
				"south": { "uv": [ 7.375, 14.75, 10.375, 14.875 ], "texture": "#gajea" },
				"west": { "uv": [ 10, 8.875, 10.25, 9 ], "texture": "#gajea" },
				"east": { "uv": [ 10.25, 8, 10, 8.125 ], "texture": "#gajea" }
			}
		},
		{
			"__comment": "Voxels",
			"from": [ 4.75, 6.75, -5 ],
			"to": [ 5.25, 7, -4.5 ],
			"faces": {
				"down": { "uv": [ 9.75, 10.5, 10, 10.75 ], "texture": "#gajea" },
				"up": { "uv": [ 9.75, 11, 10, 10.75 ], "texture": "#gajea" },
				"north": { "uv": [ 10.5, 13.5, 10.25, 13.625 ], "texture": "#gajea" },
				"south": { "uv": [ 10.5, 13.5, 10.75, 13.625 ], "texture": "#gajea" },
				"west": { "uv": [ 10.75, 13.5, 11, 13.625 ], "texture": "#gajea" },
				"east": { "uv": [ 14.25, 13.5, 14, 13.625 ], "texture": "#gajea" }
			}
		},
		{
			"__comment": "Voxels",
			"from": [ 4.75, 10, -5 ],
			"to": [ 10.5, 10.25, -4.5 ],
			"faces": {
				"down": { "uv": [ 1.375, 8, 4.25, 8.25 ], "texture": "#gajea" },
				"up": { "uv": [ 12.25, 16, 15.125, 15.75 ], "texture": "#gajea" },
				"north": { "uv": [ 13.125, 14.625, 10.25, 14.75 ], "texture": "#gajea" },
				"south": { "uv": [ 7.375, 14.625, 10.25, 14.75 ], "texture": "#gajea" },
				"west": { "uv": [ 14.25, 13.5, 14.5, 13.625 ], "texture": "#gajea" },
				"east": { "uv": [ 14.75, 13.5, 14.5, 13.625 ], "texture": "#gajea" }
			}
		},
		{
			"__comment": "Voxels",
			"from": [ 5, 1.75, -5 ],
			"to": [ 7.25, 2, -4.5 ],
			"faces": {
				"down": { "uv": [ 7.625, 10, 8.75, 10.25 ], "texture": "#gajea" },
				"up": { "uv": [ 7.625, 10, 8.75, 9.75 ], "texture": "#gajea" },
				"north": { "uv": [ 12.5, 14.125, 11.375, 14.25 ], "texture": "#gajea" },
				"south": { "uv": [ 14.875, 15.625, 16, 15.75 ], "texture": "#gajea" },
				"west": { "uv": [ 14.75, 13.5, 15, 13.625 ], "texture": "#gajea" },
				"east": { "uv": [ 15.75, 13.5, 15.5, 13.625 ], "texture": "#gajea" }
			}
		},
		{
			"__comment": "Voxels",
			"from": [ 5, 3.75, -5 ],
			"to": [ 10.25, 4, -4.5 ],
			"faces": {
				"down": { "uv": [ 4.75, 15, 7.375, 15.25 ], "texture": "#gajea" },
				"up": { "uv": [ 4.75, 15.5, 7.375, 15.25 ], "texture": "#gajea" },
				"north": { "uv": [ 12.625, 14.5, 10, 14.625 ], "texture": "#gajea" },
				"south": { "uv": [ 7.375, 14.5, 10, 14.625 ], "texture": "#gajea" },
				"west": { "uv": [ 15.75, 13.5, 16, 13.625 ], "texture": "#gajea" },
				"east": { "uv": [ 10.5, 13.375, 10.25, 13.5 ], "texture": "#gajea" }
			}
		},
		{
			"__comment": "Voxels",
			"from": [ 5, 11, -5 ],
			"to": [ 10.25, 11.25, -4.5 ],
			"faces": {
				"down": { "uv": [ 4.75, 15.5, 7.375, 15.75 ], "texture": "#gajea" },
				"up": { "uv": [ 4.75, 15, 7.375, 14.75 ], "texture": "#gajea" },
				"north": { "uv": [ 16, 14.75, 13.375, 14.875 ], "texture": "#gajea" },
				"south": { "uv": [ 13.125, 14.625, 15.75, 14.75 ], "texture": "#gajea" },
				"west": { "uv": [ 10.25, 13.25, 10.5, 13.375 ], "texture": "#gajea" },
				"east": { "uv": [ 10.5, 12.875, 10.25, 13 ], "texture": "#gajea" }
			}
		},
		{
			"__comment": "Voxels",
			"from": [ 5, 13, -5 ],
			"to": [ 5.25, 13.75, -4.5 ],
			"faces": {
				"down": { "uv": [ 8.75, 11.25, 8.875, 11.5 ], "texture": "#gajea" },
				"up": { "uv": [ 8.75, 10.25, 8.875, 10 ], "texture": "#gajea" },
				"north": { "uv": [ 7.375, 14, 7.25, 14.375 ], "texture": "#gajea" },
				"south": { "uv": [ 4.625, 8.125, 4.75, 8.5 ], "texture": "#gajea" },
				"west": { "uv": [ 9.75, 13.25, 10, 13.625 ], "texture": "#gajea" },
				"east": { "uv": [ 1.375, 9.625, 1.125, 10 ], "texture": "#gajea" }
			}
		},
		{
			"__comment": "Voxels",
			"from": [ 5.25, 7, -5 ],
			"to": [ 10, 7.25, -4.5 ],
			"faces": {
				"down": { "uv": [ 4.75, 11.75, 7.125, 12 ], "texture": "#gajea" },
				"up": { "uv": [ 4.75, 13, 7.125, 12.75 ], "texture": "#gajea" },
				"north": { "uv": [ 16, 15, 13.625, 15.125 ], "texture": "#gajea" },
				"south": { "uv": [ 13.625, 14.875, 16, 15 ], "texture": "#gajea" },
				"west": { "uv": [ 10.25, 11.75, 10.5, 11.875 ], "texture": "#gajea" },
				"east": { "uv": [ 10.5, 11.625, 10.25, 11.75 ], "texture": "#gajea" }
			}
		},
		{
			"__comment": "Voxels",
			"from": [ 5.25, 7.5, -5 ],
			"to": [ 10, 8.5, -4.5 ],
			"faces": {
				"down": { "uv": [ 4.75, 13.5, 7.125, 13.75 ], "texture": "#gajea" },
				"up": { "uv": [ 4.75, 13.5, 7.125, 13.25 ], "texture": "#gajea" },
				"north": { "uv": [ 3.75, 11.75, 1.375, 12.25 ], "texture": "#gajea" },
				"south": { "uv": [ 1.375, 11.25, 3.75, 11.75 ], "texture": "#gajea" },
				"west": { "uv": [ 9.375, 9.875, 9.625, 10.375 ], "texture": "#gajea" },
				"east": { "uv": [ 1.25, 10, 1, 10.5 ], "texture": "#gajea" }
			}
		},
		{
			"__comment": "Voxels",
			"from": [ 5.25, 8.75, -5 ],
			"to": [ 10, 10, -4.5 ],
			"faces": {
				"down": { "uv": [ 4.75, 12.25, 7.125, 12.5 ], "texture": "#gajea" },
				"up": { "uv": [ 4.75, 12.25, 7.125, 12 ], "texture": "#gajea" },
				"north": { "uv": [ 3.75, 13.75, 1.375, 14.375 ], "texture": "#gajea" },
				"south": { "uv": [ 1.375, 14.375, 3.75, 15 ], "texture": "#gajea" },
				"west": { "uv": [ 9.125, 10.375, 9.375, 11 ], "texture": "#gajea" },
				"east": { "uv": [ 9.375, 13.375, 9.125, 14 ], "texture": "#gajea" }
			}
		},
		{
			"__comment": "Voxels",
			"from": [ 5.25, 10.25, -5 ],
			"to": [ 10, 10.75, -4.5 ],
			"faces": {
				"down": { "uv": [ 4.75, 11.5, 7.125, 11.75 ], "texture": "#gajea" },
				"up": { "uv": [ 4.75, 14, 7.125, 13.75 ], "texture": "#gajea" },
				"north": { "uv": [ 7.125, 12.5, 4.75, 12.75 ], "texture": "#gajea" },
				"south": { "uv": [ 4.75, 13, 7.125, 13.25 ], "texture": "#gajea" },
				"west": { "uv": [ 4.5, 12.25, 4.75, 12.5 ], "texture": "#gajea" },
				"east": { "uv": [ 7.375, 13.25, 7.125, 13.5 ], "texture": "#gajea" }
			}
		},
		{
			"__comment": "Voxels",
			"from": [ 5.25, 13.5, -5 ],
			"to": [ 5.5, 13.75, -4.5 ],
			"faces": {
				"down": { "uv": [ 9.625, 13.375, 9.75, 13.625 ], "texture": "#gajea" },
				"up": { "uv": [ 1.25, 12.875, 1.375, 12.625 ], "texture": "#gajea" },
				"north": { "uv": [ 10.5, 11.125, 10.375, 11.25 ], "texture": "#gajea" },
				"south": { "uv": [ 10.25, 11.125, 10.375, 11.25 ], "texture": "#gajea" },
				"west": { "uv": [ 15.75, 14.625, 16, 14.75 ], "texture": "#gajea" },
				"east": { "uv": [ 8.375, 8.75, 8.125, 8.875 ], "texture": "#gajea" }
			}
		},
		{
			"__comment": "Voxels",
			"from": [ 5.5, 1.5, -5 ],
			"to": [ 6.75, 1.75, -4.5 ],
			"faces": {
				"down": { "uv": [ 6.625, 9.25, 7.25, 9.5 ], "texture": "#gajea" },
				"up": { "uv": [ 8.875, 12.25, 9.5, 12 ], "texture": "#gajea" },
				"north": { "uv": [ 15.875, 14.375, 15.25, 14.5 ], "texture": "#gajea" },
				"south": { "uv": [ 14, 14, 14.625, 14.125 ], "texture": "#gajea" },
				"west": { "uv": [ 8.375, 8.75, 8.625, 8.875 ], "texture": "#gajea" },
				"east": { "uv": [ 9.375, 13.25, 9.125, 13.375 ], "texture": "#gajea" }
			}
		},
		{
			"__comment": "Voxels",
			"from": [ 5.5, 6.75, -5 ],
			"to": [ 9.75, 7, -4.5 ],
			"faces": {
				"down": { "uv": [ 4.75, 10.25, 6.875, 10.5 ], "texture": "#gajea" },
				"up": { "uv": [ 4.75, 10.75, 6.875, 10.5 ], "texture": "#gajea" },
				"north": { "uv": [ 13.125, 14.25, 11, 14.375 ], "texture": "#gajea" },
				"south": { "uv": [ 12.625, 14.5, 14.75, 14.625 ], "texture": "#gajea" },
				"west": { "uv": [ 9.125, 9.75, 9.375, 9.875 ], "texture": "#gajea" },
				"east": { "uv": [ 9.125, 8, 8.875, 8.125 ], "texture": "#gajea" }
			}
		},
		{
			"__comment": "Voxels",
			"from": [ 5.5, 7.25, -5 ],
			"to": [ 9.75, 7.5, -4.5 ],
			"faces": {
				"down": { "uv": [ 4.75, 11, 6.875, 11.25 ], "texture": "#gajea" },
				"up": { "uv": [ 4.75, 10.25, 6.875, 10 ], "texture": "#gajea" },
				"north": { "uv": [ 11, 14.375, 8.875, 14.5 ], "texture": "#gajea" },
				"south": { "uv": [ 13.125, 14.375, 15.25, 14.5 ], "texture": "#gajea" },
				"west": { "uv": [ 9.125, 8, 9.375, 8.125 ], "texture": "#gajea" },
				"east": { "uv": [ 16, 14.125, 15.75, 14.25 ], "texture": "#gajea" }
			}
		},
		{
			"__comment": "Voxels",
			"from": [ 5.5, 10.75, -5 ],
			"to": [ 9.75, 11, -4.5 ],
			"faces": {
				"down": { "uv": [ 4.75, 11.25, 6.875, 11.5 ], "texture": "#gajea" },
				"up": { "uv": [ 4.75, 11, 6.875, 10.75 ], "texture": "#gajea" },
				"north": { "uv": [ 11, 14.25, 8.875, 14.375 ], "texture": "#gajea" },
				"south": { "uv": [ 11, 14.375, 13.125, 14.5 ], "texture": "#gajea" },
				"west": { "uv": [ 9.75, 9.625, 10, 9.75 ], "texture": "#gajea" },
				"east": { "uv": [ 10, 9.5, 9.75, 9.625 ], "texture": "#gajea" }
			}
		},
		{
			"__comment": "Voxels",
			"from": [ 5.75, 4, -5 ],
			"to": [ 9.5, 4.25, -4.5 ],
			"faces": {
				"down": { "uv": [ 4.75, 8.5, 6.625, 8.75 ], "texture": "#gajea" },
				"up": { "uv": [ 4.75, 9.5, 6.625, 9.25 ], "texture": "#gajea" },
				"north": { "uv": [ 16, 15.5, 14.125, 15.625 ], "texture": "#gajea" },
				"south": { "uv": [ 14.125, 15.375, 16, 15.5 ], "texture": "#gajea" },
				"west": { "uv": [ 9.75, 9.375, 10, 9.5 ], "texture": "#gajea" },
				"east": { "uv": [ 10, 9.25, 9.75, 9.375 ], "texture": "#gajea" }
			}
		},
		{
			"__comment": "Voxels",
			"from": [ 5.75, 6.25, -5 ],
			"to": [ 9.5, 6.75, -4.5 ],
			"faces": {
				"down": { "uv": [ 4.75, 9, 6.625, 9.25 ], "texture": "#gajea" },
				"up": { "uv": [ 4.75, 9.75, 6.625, 9.5 ], "texture": "#gajea" },
				"north": { "uv": [ 6.625, 9.75, 4.75, 10 ], "texture": "#gajea" },
				"south": { "uv": [ 4.75, 8, 6.625, 8.25 ], "texture": "#gajea" },
				"west": { "uv": [ 9.5, 12.75, 9.75, 13 ], "texture": "#gajea" },
				"east": { "uv": [ 9.75, 11.25, 9.5, 11.5 ], "texture": "#gajea" }
			}
		},
		{
			"__comment": "Voxels",
			"from": [ 5.75, 12, -5 ],
			"to": [ 9.5, 13.5, -4.5 ],
			"faces": {
				"down": { "uv": [ 4.75, 8.25, 6.625, 8.5 ], "texture": "#gajea" },
				"up": { "uv": [ 4.75, 9, 6.625, 8.75 ], "texture": "#gajea" },
				"north": { "uv": [ 3.25, 12.25, 1.375, 13 ], "texture": "#gajea" },
				"south": { "uv": [ 1.375, 13, 3.25, 13.75 ], "texture": "#gajea" },
				"west": { "uv": [ 8.625, 9, 8.875, 9.75 ], "texture": "#gajea" },
				"east": { "uv": [ 9.125, 13.25, 8.875, 14 ], "texture": "#gajea" }
			}
		},
		{
			"__comment": "Voxels",
			"from": [ 5.75, 17.25, -5 ],
			"to": [ 7, 18, -4.5 ],
			"faces": {
				"down": { "uv": [ 6.625, 9, 7.25, 9.25 ], "texture": "#gajea" },
				"up": { "uv": [ 8.875, 12.5, 9.5, 12.25 ], "texture": "#gajea" },
				"north": { "uv": [ 7, 14, 6.375, 14.375 ], "texture": "#gajea" },
				"south": { "uv": [ 6.375, 14.375, 7, 14.75 ], "texture": "#gajea" },
				"west": { "uv": [ 1.125, 9.25, 1.375, 9.625 ], "texture": "#gajea" },
				"east": { "uv": [ 10, 13.625, 9.75, 14 ], "texture": "#gajea" }
			}
		},
		{
			"__comment": "Voxels",
			"from": [ 6, 5.5, -5 ],
			"to": [ 9.25, 6.25, -4.5 ],
			"faces": {
				"down": { "uv": [ 7.375, 15.125, 9, 15.375 ], "texture": "#gajea" },
				"up": { "uv": [ 9, 15.375, 10.625, 15.125 ], "texture": "#gajea" },
				"north": { "uv": [ 6.375, 14, 4.75, 14.375 ], "texture": "#gajea" },
				"south": { "uv": [ 4.75, 14.375, 6.375, 14.75 ], "texture": "#gajea" },
				"west": { "uv": [ 7, 14, 7.25, 14.375 ], "texture": "#gajea" },
				"east": { "uv": [ 9.375, 8.125, 9.125, 8.5 ], "texture": "#gajea" }
			}
		},
		{
			"__comment": "Voxels",
			"from": [ 6, 13.5, -5 ],
			"to": [ 9.25, 13.75, -4.5 ],
			"faces": {
				"down": { "uv": [ 12.25, 15.125, 13.875, 15.375 ], "texture": "#gajea" },
				"up": { "uv": [ 10.625, 15.375, 12.25, 15.125 ], "texture": "#gajea" },
				"north": { "uv": [ 14.75, 14.25, 13.125, 14.375 ], "texture": "#gajea" },
				"south": { "uv": [ 9.75, 14.125, 11.375, 14.25 ], "texture": "#gajea" },
				"west": { "uv": [ 9.75, 9, 10, 9.125 ], "texture": "#gajea" },
				"east": { "uv": [ 10, 8.875, 9.75, 9 ], "texture": "#gajea" }
			}
		},
		{
			"__comment": "Voxels",
			"from": [ 6, 17, -5 ],
			"to": [ 7, 17.25, -4.5 ],
			"faces": {
				"down": { "uv": [ 6.875, 10.25, 7.375, 10.5 ], "texture": "#gajea" },
				"up": { "uv": [ 6.875, 11, 7.375, 10.75 ], "texture": "#gajea" },
				"north": { "uv": [ 10.5, 13.625, 10, 13.75 ], "texture": "#gajea" },
				"south": { "uv": [ 10.5, 13.625, 11, 13.75 ], "texture": "#gajea" },
				"west": { "uv": [ 9.75, 8.25, 10, 8.375 ], "texture": "#gajea" },
				"east": { "uv": [ 10, 8.125, 9.75, 8.25 ], "texture": "#gajea" }
			}
		},
		{
			"__comment": "Voxels",
			"from": [ 6, 18, -5 ],
			"to": [ 7, 18.25, -4.5 ],
			"faces": {
				"down": { "uv": [ 6.875, 11, 7.375, 11.25 ], "texture": "#gajea" },
				"up": { "uv": [ 6.875, 11.5, 7.375, 11.25 ], "texture": "#gajea" },
				"north": { "uv": [ 11.5, 13.625, 11, 13.75 ], "texture": "#gajea" },
				"south": { "uv": [ 11.5, 13.625, 12, 13.75 ], "texture": "#gajea" },
				"west": { "uv": [ 10, 13.5, 10.25, 13.625 ], "texture": "#gajea" },
				"east": { "uv": [ 10.25, 13.375, 10, 13.5 ], "texture": "#gajea" }
			}
		},
		{
			"__comment": "Voxels",
			"from": [ 6.25, 4.75, -5 ],
			"to": [ 9, 5.5, -4.5 ],
			"faces": {
				"down": { "uv": [ 3.25, 13, 4.625, 13.25 ], "texture": "#gajea" },
				"up": { "uv": [ 3.25, 13.5, 4.625, 13.25 ], "texture": "#gajea" },
				"north": { "uv": [ 1.375, 11.375, 0, 11.75 ], "texture": "#gajea" },
				"south": { "uv": [ 0, 11, 1.375, 11.375 ], "texture": "#gajea" },
				"west": { "uv": [ 9.75, 12.125, 10, 12.5 ], "texture": "#gajea" },
				"east": { "uv": [ 10, 11.75, 9.75, 12.125 ], "texture": "#gajea" }
			}
		},
		{
			"__comment": "Voxels",
			"from": [ 6.25, 16.5, -5 ],
			"to": [ 7, 17, -4.5 ],
			"faces": {
				"down": { "uv": [ 0.625, 8, 1, 8.25 ], "texture": "#gajea" },
				"up": { "uv": [ 1, 8.25, 1.375, 8 ], "texture": "#gajea" },
				"north": { "uv": [ 4.75, 8.5, 4.375, 8.75 ], "texture": "#gajea" },
				"south": { "uv": [ 7, 14.5, 7.375, 14.75 ], "texture": "#gajea" },
				"west": { "uv": [ 7.125, 13.5, 7.375, 13.75 ], "texture": "#gajea" },
				"east": { "uv": [ 4.75, 12.5, 4.5, 12.75 ], "texture": "#gajea" }
			}
		},
		{
			"__comment": "Voxels",
			"from": [ 6.5, 4.25, -5 ],
			"to": [ 8.75, 4.75, -4.5 ],
			"faces": {
				"down": { "uv": [ 7.625, 12, 8.75, 12.25 ], "texture": "#gajea" },
				"up": { "uv": [ 7.625, 11.5, 8.75, 11.25 ], "texture": "#gajea" },
				"north": { "uv": [ 8.75, 11.75, 7.625, 12 ], "texture": "#gajea" },
				"south": { "uv": [ 7.625, 11.5, 8.75, 11.75 ], "texture": "#gajea" },
				"west": { "uv": [ 4.5, 9.5, 4.75, 9.75 ], "texture": "#gajea" },
				"east": { "uv": [ 4.75, 9.25, 4.5, 9.5 ], "texture": "#gajea" }
			}
		},
		{
			"__comment": "Voxels",
			"from": [ 6.5, 15.75, -5 ],
			"to": [ 7.25, 16.25, -4.5 ],
			"faces": {
				"down": { "uv": [ 10, 13.75, 10.375, 14 ], "texture": "#gajea" },
				"up": { "uv": [ 10.375, 14, 10.75, 13.75 ], "texture": "#gajea" },
				"north": { "uv": [ 11.125, 13.75, 10.75, 14 ], "texture": "#gajea" },
				"south": { "uv": [ 11.125, 13.75, 11.5, 14 ], "texture": "#gajea" },
				"west": { "uv": [ 4.5, 9, 4.75, 9.25 ], "texture": "#gajea" },
				"east": { "uv": [ 4.75, 8.75, 4.5, 9 ], "texture": "#gajea" }
			}
		},
		{
			"__comment": "Voxels",
			"from": [ 6.5, 16.25, -5 ],
			"to": [ 7, 16.5, -4.5 ],
			"faces": {
				"down": { "uv": [ 7.125, 13.75, 7.375, 14 ], "texture": "#gajea" },
				"up": { "uv": [ 7.125, 12, 7.375, 11.75 ], "texture": "#gajea" },
				"north": { "uv": [ 10.25, 10, 10, 10.125 ], "texture": "#gajea" },
				"south": { "uv": [ 10, 9.875, 10.25, 10 ], "texture": "#gajea" },
				"west": { "uv": [ 10, 9.75, 10.25, 9.875 ], "texture": "#gajea" },
				"east": { "uv": [ 10.25, 9.625, 10, 9.75 ], "texture": "#gajea" }
			}
		},
		{
			"__comment": "Voxels",
			"from": [ 6.75, 13.75, -5 ],
			"to": [ 8.5, 14, -4.5 ],
			"faces": {
				"down": { "uv": [ 7.875, 8, 8.75, 8.25 ], "texture": "#gajea" },
				"up": { "uv": [ 15.125, 15.375, 16, 15.125 ], "texture": "#gajea" },
				"north": { "uv": [ 9.75, 8.625, 8.875, 8.75 ], "texture": "#gajea" },
				"south": { "uv": [ 8.875, 8.5, 9.75, 8.625 ], "texture": "#gajea" },
				"west": { "uv": [ 10, 8.25, 10.25, 8.375 ], "texture": "#gajea" },
				"east": { "uv": [ 10.25, 8.125, 10, 8.25 ], "texture": "#gajea" }
			}
		},
		{
			"__comment": "Voxels",
			"from": [ 6.75, 14, -5 ],
			"to": [ 7.5, 14.25, -4.5 ],
			"faces": {
				"down": { "uv": [ 12.25, 13.75, 12.625, 14 ], "texture": "#gajea" },
				"up": { "uv": [ 12.625, 14, 13, 13.75 ], "texture": "#gajea" },
				"north": { "uv": [ 9.75, 9.75, 9.375, 9.875 ], "texture": "#gajea" },
				"south": { "uv": [ 9.375, 8, 9.75, 8.125 ], "texture": "#gajea" },
				"west": { "uv": [ 11, 13.5, 11.25, 13.625 ], "texture": "#gajea" },
				"east": { "uv": [ 11.5, 13.5, 11.25, 13.625 ], "texture": "#gajea" }
			}
		},
		{
			"__comment": "Voxels",
			"from": [ 6.75, 14.25, -5 ],
			"to": [ 7.25, 15.75, -4.5 ],
			"faces": {
				"down": { "uv": [ 7.125, 12.5, 7.375, 12.75 ], "texture": "#gajea" },
				"up": { "uv": [ 7.125, 13.25, 7.375, 13 ], "texture": "#gajea" },
				"north": { "uv": [ 7.375, 8, 7.125, 8.75 ], "texture": "#gajea" },
				"south": { "uv": [ 6.625, 8, 6.875, 8.75 ], "texture": "#gajea" },
				"west": { "uv": [ 7.625, 8, 7.875, 8.75 ], "texture": "#gajea" },
				"east": { "uv": [ 7.125, 8, 6.875, 8.75 ], "texture": "#gajea" }
			}
		},
		{
			"__comment": "Voxels",
			"from": [ 7.75, 14, -5 ],
			"to": [ 8.5, 14.25, -4.5 ],
			"faces": {
				"down": { "uv": [ 14.5, 13.75, 14.875, 14 ], "texture": "#gajea" },
				"up": { "uv": [ 14.875, 14, 15.25, 13.75 ], "texture": "#gajea" },
				"north": { "uv": [ 14.125, 13.625, 13.75, 13.75 ], "texture": "#gajea" },
				"south": { "uv": [ 14.125, 13.625, 14.5, 13.75 ], "texture": "#gajea" },
				"west": { "uv": [ 10.25, 12, 10.5, 12.125 ], "texture": "#gajea" },
				"east": { "uv": [ 10.5, 11.875, 10.25, 12 ], "texture": "#gajea" }
			}
		},
		{
			"__comment": "Voxels",
			"from": [ 8, 1.75, -5 ],
			"to": [ 10.25, 2.25, -4.5 ],
			"faces": {
				"down": { "uv": [ 7.625, 11, 8.75, 11.25 ], "texture": "#gajea" },
				"up": { "uv": [ 7.625, 10.75, 8.75, 10.5 ], "texture": "#gajea" },
				"north": { "uv": [ 8.75, 10.25, 7.625, 10.5 ], "texture": "#gajea" },
				"south": { "uv": [ 7.625, 10.75, 8.75, 11 ], "texture": "#gajea" },
				"west": { "uv": [ 9.5, 11, 9.75, 11.25 ], "texture": "#gajea" },
				"east": { "uv": [ 9.75, 11.5, 9.5, 11.75 ], "texture": "#gajea" }
			}
		},
		{
			"__comment": "Voxels",
			"from": [ 8, 14.25, -5 ],
			"to": [ 8.5, 16.25, -4.5 ],
			"faces": {
				"down": { "uv": [ 9.5, 11.75, 9.75, 12 ], "texture": "#gajea" },
				"up": { "uv": [ 9.5, 12.25, 9.75, 12 ], "texture": "#gajea" },
				"north": { "uv": [ 7.875, 8.75, 7.625, 9.75 ], "texture": "#gajea" },
				"south": { "uv": [ 7.875, 8.75, 8.125, 9.75 ], "texture": "#gajea" },
				"west": { "uv": [ 7.375, 9, 7.625, 10 ], "texture": "#gajea" },
				"east": { "uv": [ 7.625, 8, 7.375, 9 ], "texture": "#gajea" }
			}
		},
		{
			"__comment": "Voxels",
			"from": [ 8.25, 16.25, -5 ],
			"to": [ 9, 18.25, -4.5 ],
			"faces": {
				"down": { "uv": [ 15.25, 13.75, 15.625, 14 ], "texture": "#gajea" },
				"up": { "uv": [ 15.625, 14, 16, 13.75 ], "texture": "#gajea" },
				"north": { "uv": [ 1.375, 8.25, 1, 9.25 ], "texture": "#gajea" },
				"south": { "uv": [ 0.625, 8.25, 1, 9.25 ], "texture": "#gajea" },
				"west": { "uv": [ 7.375, 10, 7.625, 11 ], "texture": "#gajea" },
				"east": { "uv": [ 7.625, 11, 7.375, 12 ], "texture": "#gajea" }
			}
		},
		{
			"__comment": "Voxels",
			"from": [ 8.5, 1.5, -5 ],
			"to": [ 9.75, 1.75, -4.5 ],
			"faces": {
				"down": { "uv": [ 8.875, 11.75, 9.5, 12 ], "texture": "#gajea" },
				"up": { "uv": [ 8.875, 11.75, 9.5, 11.5 ], "texture": "#gajea" },
				"north": { "uv": [ 13.375, 14, 12.75, 14.125 ], "texture": "#gajea" },
				"south": { "uv": [ 13.375, 14, 14, 14.125 ], "texture": "#gajea" },
				"west": { "uv": [ 9.75, 8.5, 10, 8.625 ], "texture": "#gajea" },
				"east": { "uv": [ 10, 8.375, 9.75, 8.5 ], "texture": "#gajea" }
			}
		},
		{
			"__comment": "Voxels",
			"from": [ 8.5, 15.75, -5 ],
			"to": [ 8.75, 16.25, -4.5 ],
			"faces": {
				"down": { "uv": [ 1.25, 11.75, 1.375, 12 ], "texture": "#gajea" },
				"up": { "uv": [ 4.625, 13.75, 4.75, 13.5 ], "texture": "#gajea" },
				"north": { "uv": [ 4.75, 13.25, 4.625, 13.5 ], "texture": "#gajea" },
				"south": { "uv": [ 4.625, 13, 4.75, 13.25 ], "texture": "#gajea" },
				"west": { "uv": [ 7.125, 11.5, 7.375, 11.75 ], "texture": "#gajea" },
				"east": { "uv": [ 10, 11.5, 9.75, 11.75 ], "texture": "#gajea" }
			}
		},
		{
			"__comment": "Voxels",
			"from": [ 9, 17, -5 ],
			"to": [ 9.25, 18.25, -4.5 ],
			"faces": {
				"down": { "uv": [ 4.625, 12.75, 4.75, 13 ], "texture": "#gajea" },
				"up": { "uv": [ 4.25, 8.25, 4.375, 8 ], "texture": "#gajea" },
				"north": { "uv": [ 1.375, 12, 1.25, 12.625 ], "texture": "#gajea" },
				"south": { "uv": [ 1.25, 12.875, 1.375, 13.5 ], "texture": "#gajea" },
				"west": { "uv": [ 9.375, 13.375, 9.625, 14 ], "texture": "#gajea" },
				"east": { "uv": [ 9.125, 10.375, 8.875, 11 ], "texture": "#gajea" }
			}
		},
		{
			"__comment": "Voxels",
			"from": [ 9.25, 17.25, -5 ],
			"to": [ 9.5, 18, -4.5 ],
			"faces": {
				"down": { "uv": [ 7.25, 9.75, 7.375, 10 ], "texture": "#gajea" },
				"up": { "uv": [ 7.25, 9.75, 7.375, 9.5 ], "texture": "#gajea" },
				"north": { "uv": [ 9.75, 10.625, 9.625, 11 ], "texture": "#gajea" },
				"south": { "uv": [ 9.625, 13.625, 9.75, 14 ], "texture": "#gajea" },
				"west": { "uv": [ 8.875, 8.125, 9.125, 8.5 ], "texture": "#gajea" },
				"east": { "uv": [ 9.625, 8.125, 9.375, 8.5 ], "texture": "#gajea" }
			}
		},
		{
			"__comment": "Voxels",
			"from": [ 9.75, 14.5, -5 ],
			"to": [ 12.25, 16.25, -4.5 ],
			"faces": {
				"down": { "uv": [ 7.625, 14.25, 8.875, 14.5 ], "texture": "#gajea" },
				"up": { "uv": [ 13.875, 15.375, 15.125, 15.125 ], "texture": "#gajea" },
				"north": { "uv": [ 1.25, 12.625, 0, 13.5 ], "texture": "#gajea" },
				"south": { "uv": [ 0, 11.75, 1.25, 12.625 ], "texture": "#gajea" },
				"west": { "uv": [ 8.125, 8.875, 8.375, 9.75 ], "texture": "#gajea" },
				"east": { "uv": [ 8.625, 8.875, 8.375, 9.75 ], "texture": "#gajea" }
			}
		},
		{
			"__comment": "Voxels",
			"from": [ 10, 6.75, -5 ],
			"to": [ 10.5, 7, -4.5 ],
			"faces": {
				"down": { "uv": [ 7.125, 12.25, 7.375, 12.5 ], "texture": "#gajea" },
				"up": { "uv": [ 7.125, 12.25, 7.375, 12 ], "texture": "#gajea" },
				"north": { "uv": [ 10.25, 12.25, 10, 12.375 ], "texture": "#gajea" },
				"south": { "uv": [ 10, 12.125, 10.25, 12.25 ], "texture": "#gajea" },
				"west": { "uv": [ 10, 12, 10.25, 12.125 ], "texture": "#gajea" },
				"east": { "uv": [ 10.25, 11.875, 10, 12 ], "texture": "#gajea" }
			}
		},
		{
			"__comment": "Voxels",
			"from": [ 10, 12, -5 ],
			"to": [ 11.25, 12.5, -4.5 ],
			"faces": {
				"down": { "uv": [ 6.625, 8.75, 7.25, 9 ], "texture": "#gajea" },
				"up": { "uv": [ 8.875, 13.25, 9.5, 13 ], "texture": "#gajea" },
				"north": { "uv": [ 9.5, 12.75, 8.875, 13 ], "texture": "#gajea" },
				"south": { "uv": [ 8.875, 12.5, 9.5, 12.75 ], "texture": "#gajea" },
				"west": { "uv": [ 8.625, 8.75, 8.875, 9 ], "texture": "#gajea" },
				"east": { "uv": [ 9.75, 13, 9.5, 13.25 ], "texture": "#gajea" }
			}
		},
		{
			"__comment": "Voxels",
			"from": [ 10, 13.75, -5 ],
			"to": [ 12.25, 14.5, -4.5 ],
			"faces": {
				"down": { "uv": [ 7.625, 14, 8.75, 14.25 ], "texture": "#gajea" },
				"up": { "uv": [ 7.625, 14, 8.75, 13.75 ], "texture": "#gajea" },
				"north": { "uv": [ 1.125, 9.625, 0, 10 ], "texture": "#gajea" },
				"south": { "uv": [ 0, 9.25, 1.125, 9.625 ], "texture": "#gajea" },
				"west": { "uv": [ 9.75, 12.875, 10, 13.25 ], "texture": "#gajea" },
				"east": { "uv": [ 10, 12.5, 9.75, 12.875 ], "texture": "#gajea" }
			}
		},
		{
			"__comment": "Voxels",
			"from": [ 10, 16.25, -5 ],
			"to": [ 12.25, 16.5, -4.5 ],
			"faces": {
				"down": { "uv": [ 7.625, 13.5, 8.75, 13.75 ], "texture": "#gajea" },
				"up": { "uv": [ 7.625, 13.5, 8.75, 13.25 ], "texture": "#gajea" },
				"north": { "uv": [ 14.75, 14.125, 13.625, 14.25 ], "texture": "#gajea" },
				"south": { "uv": [ 12.5, 14.125, 13.625, 14.25 ], "texture": "#gajea" },
				"west": { "uv": [ 10, 10.25, 10.25, 10.375 ], "texture": "#gajea" },
				"east": { "uv": [ 10.25, 10.125, 10, 10.25 ], "texture": "#gajea" }
			}
		},
		{
			"__comment": "Voxels",
			"from": [ 10, 16.5, -5 ],
			"to": [ 12, 16.75, -4.5 ],
			"faces": {
				"down": { "uv": [ 3.75, 11.5, 4.75, 11.75 ], "texture": "#gajea" },
				"up": { "uv": [ 3.75, 11.5, 4.75, 11.25 ], "texture": "#gajea" },
				"north": { "uv": [ 10.75, 14, 9.75, 14.125 ], "texture": "#gajea" },
				"south": { "uv": [ 14.75, 14.125, 15.75, 14.25 ], "texture": "#gajea" },
				"west": { "uv": [ 10, 9.5, 10.25, 9.625 ], "texture": "#gajea" },
				"east": { "uv": [ 10.25, 9.375, 10, 9.5 ], "texture": "#gajea" }
			}
		},
		{
			"__comment": "Voxels",
			"from": [ 10, 16.75, -5 ],
			"to": [ 10.75, 17, -4.5 ],
			"faces": {
				"down": { "uv": [ 11.5, 13.75, 11.875, 14 ], "texture": "#gajea" },
				"up": { "uv": [ 11.875, 14, 12.25, 13.75 ], "texture": "#gajea" },
				"north": { "uv": [ 14.875, 13.625, 14.5, 13.75 ], "texture": "#gajea" },
				"south": { "uv": [ 13.375, 13.625, 13.75, 13.75 ], "texture": "#gajea" },
				"west": { "uv": [ 10, 8.75, 10.25, 8.875 ], "texture": "#gajea" },
				"east": { "uv": [ 10.25, 8.625, 10, 8.75 ], "texture": "#gajea" }
			}
		},
		{
			"__comment": "Voxels",
			"from": [ 10.25, 2, -5 ],
			"to": [ 10.5, 2.25, -4.5 ],
			"faces": {
				"down": { "uv": [ 8.75, 13.25, 8.875, 13.5 ], "texture": "#gajea" },
				"up": { "uv": [ 8.75, 13.25, 8.875, 13 ], "texture": "#gajea" },
				"north": { "uv": [ 4.75, 8, 4.625, 8.125 ], "texture": "#gajea" },
				"south": { "uv": [ 15.875, 14.375, 16, 14.5 ], "texture": "#gajea" },
				"west": { "uv": [ 10, 8.5, 10.25, 8.625 ], "texture": "#gajea" },
				"east": { "uv": [ 10.25, 8.375, 10, 8.5 ], "texture": "#gajea" }
			}
		},
		{
			"__comment": "Voxels",
			"from": [ 10.25, 12.5, -5 ],
			"to": [ 11.5, 13.75, -4.5 ],
			"faces": {
				"down": { "uv": [ 8.875, 11.25, 9.5, 11.5 ], "texture": "#gajea" },
				"up": { "uv": [ 8.875, 11.25, 9.5, 11 ], "texture": "#gajea" },
				"north": { "uv": [ 0.625, 8.625, 0, 9.25 ], "texture": "#gajea" },
				"south": { "uv": [ 0, 8, 0.625, 8.625 ], "texture": "#gajea" },
				"west": { "uv": [ 9.375, 10.375, 9.625, 11 ], "texture": "#gajea" },
				"east": { "uv": [ 9.125, 9.75, 8.875, 10.375 ], "texture": "#gajea" }
			}
		},
		{
			"__comment": "Voxels",
			"from": [ 10.25, 17, -5 ],
			"to": [ 10.75, 17.25, -4.5 ],
			"faces": {
				"down": { "uv": [ 9.75, 11.25, 10, 11.5 ], "texture": "#gajea" },
				"up": { "uv": [ 9.75, 11.25, 10, 11 ], "texture": "#gajea" },
				"north": { "uv": [ 11.75, 13.5, 11.5, 13.625 ], "texture": "#gajea" },
				"south": { "uv": [ 11.75, 13.5, 12, 13.625 ], "texture": "#gajea" },
				"west": { "uv": [ 12, 13.5, 12.25, 13.625 ], "texture": "#gajea" },
				"east": { "uv": [ 12.5, 13.5, 12.25, 13.625 ], "texture": "#gajea" }
			}
		},
		{
			"__comment": "Voxels",
			"from": [ 10.5, 6.5, -5 ],
			"to": [ 10.75, 6.75, -4.5 ],
			"faces": {
				"down": { "uv": [ 8.75, 12.75, 8.875, 13 ], "texture": "#gajea" },
				"up": { "uv": [ 8.75, 12.75, 8.875, 12.5 ], "texture": "#gajea" },
				"north": { "uv": [ 10.375, 11.25, 10.25, 11.375 ], "texture": "#gajea" },
				"south": { "uv": [ 10.375, 11.25, 10.5, 11.375 ], "texture": "#gajea" },
				"west": { "uv": [ 12.5, 13.5, 12.75, 13.625 ], "texture": "#gajea" },
				"east": { "uv": [ 13, 13.5, 12.75, 13.625 ], "texture": "#gajea" }
			}
		},
		{
			"__comment": "Voxels",
			"from": [ 10.5, 10.25, -5 ],
			"to": [ 10.75, 10.5, -4.5 ],
			"faces": {
				"down": { "uv": [ 8.75, 12.25, 8.875, 12.5 ], "texture": "#gajea" },
				"up": { "uv": [ 8.75, 12.25, 8.875, 12 ], "texture": "#gajea" },
				"north": { "uv": [ 9.75, 10, 9.625, 10.125 ], "texture": "#gajea" },
				"south": { "uv": [ 9.625, 9.875, 9.75, 10 ], "texture": "#gajea" },
				"west": { "uv": [ 13, 13.5, 13.25, 13.625 ], "texture": "#gajea" },
				"east": { "uv": [ 13.5, 13.5, 13.25, 13.625 ], "texture": "#gajea" }
			}
		},
		{
			"__comment": "Voxels",
			"from": [ 11, 8.75, -5 ],
			"to": [ 11.25, 9, -4.5 ],
			"faces": {
				"down": { "uv": [ 8.75, 11.75, 8.875, 12 ], "texture": "#gajea" },
				"up": { "uv": [ 8.75, 11.75, 8.875, 11.5 ], "texture": "#gajea" },
				"north": { "uv": [ 9.75, 8.375, 9.625, 8.5 ], "texture": "#gajea" },
				"south": { "uv": [ 9.625, 8.25, 9.75, 8.375 ], "texture": "#gajea" },
				"west": { "uv": [ 13.5, 13.5, 13.75, 13.625 ], "texture": "#gajea" },
				"east": { "uv": [ 14, 13.5, 13.75, 13.625 ], "texture": "#gajea" }
			}
		},
		{
			"__comment": "Voxels",
			"from": [ 11, 16.75, -5 ],
			"to": [ 12, 17, -4.5 ],
			"faces": {
				"down": { "uv": [ 6.875, 10, 7.375, 10.25 ], "texture": "#gajea" },
				"up": { "uv": [ 6.875, 10.75, 7.375, 10.5 ], "texture": "#gajea" },
				"north": { "uv": [ 12.5, 13.625, 12, 13.75 ], "texture": "#gajea" },
				"south": { "uv": [ 12.5, 13.625, 13, 13.75 ], "texture": "#gajea" },
				"west": { "uv": [ 15, 13.5, 15.25, 13.625 ], "texture": "#gajea" },
				"east": { "uv": [ 15.5, 13.5, 15.25, 13.625 ], "texture": "#gajea" }
			}
		},
		{
			"__comment": "Voxels",
			"from": [ 11, 17, -5 ],
			"to": [ 11.75, 17.25, -4.5 ],
			"faces": {
				"down": { "uv": [ 13, 13.75, 13.375, 14 ], "texture": "#gajea" },
				"up": { "uv": [ 13.375, 14, 13.75, 13.75 ], "texture": "#gajea" },
				"north": { "uv": [ 13.375, 13.625, 13, 13.75 ], "texture": "#gajea" },
				"south": { "uv": [ 14.875, 13.625, 15.25, 13.75 ], "texture": "#gajea" },
				"west": { "uv": [ 10.25, 13.125, 10.5, 13.25 ], "texture": "#gajea" },
				"east": { "uv": [ 10.5, 13, 10.25, 13.125 ], "texture": "#gajea" }
			}
		},
		{
			"__comment": "Voxels",
			"from": [ 11, 17.25, -5 ],
			"to": [ 11.5, 17.5, -4.5 ],
			"faces": {
				"down": { "uv": [ 9.75, 10, 10, 10.25 ], "texture": "#gajea" },
				"up": { "uv": [ 9.75, 10, 10, 9.75 ], "texture": "#gajea" },
				"north": { "uv": [ 10.5, 12.75, 10.25, 12.875 ], "texture": "#gajea" },
				"south": { "uv": [ 10.25, 12.625, 10.5, 12.75 ], "texture": "#gajea" },
				"west": { "uv": [ 10.25, 12.5, 10.5, 12.625 ], "texture": "#gajea" },
				"east": { "uv": [ 10.5, 12.375, 10.25, 12.5 ], "texture": "#gajea" }
			}
		},
		{
			"__comment": "Voxels",
			"from": [ 11.25, 12.25, -5 ],
			"to": [ 11.5, 12.5, -4.5 ],
			"faces": {
				"down": { "uv": [ 8.75, 11, 8.875, 11.25 ], "texture": "#gajea" },
				"up": { "uv": [ 8.75, 11, 8.875, 10.75 ], "texture": "#gajea" },
				"north": { "uv": [ 10.375, 10.875, 10.25, 11 ], "texture": "#gajea" },
				"south": { "uv": [ 10.375, 10.875, 10.5, 11 ], "texture": "#gajea" },
				"west": { "uv": [ 10.25, 12.25, 10.5, 12.375 ], "texture": "#gajea" },
				"east": { "uv": [ 10.5, 12.125, 10.25, 12.25 ], "texture": "#gajea" }
			}
		},
		{
			"__comment": "Voxels",
			"from": [ 11.5, 12.75, -5 ],
			"to": [ 11.75, 13.75, -4.5 ],
			"faces": {
				"down": { "uv": [ 8.75, 10.5, 8.875, 10.75 ], "texture": "#gajea" },
				"up": { "uv": [ 8.75, 10.5, 8.875, 10.25 ], "texture": "#gajea" },
				"north": { "uv": [ 1.375, 10, 1.25, 10.5 ], "texture": "#gajea" },
				"south": { "uv": [ 1.25, 10.5, 1.375, 11 ], "texture": "#gajea" },
				"west": { "uv": [ 1, 10.5, 1.25, 11 ], "texture": "#gajea" },
				"east": { "uv": [ 9.625, 9.25, 9.375, 9.75 ], "texture": "#gajea" }
			}
		},
		{
			"__comment": "Voxels",
			"from": [ 11.75, 13.25, -5 ],
			"to": [ 12, 13.75, -4.5 ],
			"faces": {
				"down": { "uv": [ 8.75, 9.75, 8.875, 10 ], "texture": "#gajea" },
				"up": { "uv": [ 8.75, 8.75, 8.875, 8.5 ], "texture": "#gajea" },
				"north": { "uv": [ 8.875, 8.25, 8.75, 8.5 ], "texture": "#gajea" },
				"south": { "uv": [ 8.75, 8, 8.875, 8.25 ], "texture": "#gajea" },
				"west": { "uv": [ 7.125, 12.75, 7.375, 13 ], "texture": "#gajea" },
				"east": { "uv": [ 10, 10.25, 9.75, 10.5 ], "texture": "#gajea" }
			}
		},
		{
			"__comment": "Voxels",
			"from": [ 12, 13.5, -5 ],
			"to": [ 12.25, 13.75, -4.5 ],
			"faces": {
				"down": { "uv": [ 9.625, 10.375, 9.75, 10.625 ], "texture": "#gajea" },
				"up": { "uv": [ 9.625, 10.375, 9.75, 10.125 ], "texture": "#gajea" },
				"north": { "uv": [ 10.375, 11, 10.25, 11.125 ], "texture": "#gajea" },
				"south": { "uv": [ 10.375, 11, 10.5, 11.125 ], "texture": "#gajea" },
				"west": { "uv": [ 10.25, 11.5, 10.5, 11.625 ], "texture": "#gajea" },
				"east": { "uv": [ 10.5, 11.375, 10.25, 11.5 ], "texture": "#gajea" }
			}
		}
	],
	"display": {
		"thirdperson_righthand": {
			"rotation":  [ 31, 0, 0 ],
			"translation":  [ 0.0003, -2.086, 14.607 ]
		},
		"thirdperson_lefthand": {
			"rotation":  [ 31, 0, 0 ],
			"translation":  [ 0.0003, -2.086, 14.607 ]
		},
		"firstperson_righthand": {
			"rotation":  [ -19, 0, 0 ],
			"translation":  [ 11.13, -0.695, 0 ]
		},
		"firstperson_lefthand": {
			"rotation":  [ -19, 0, 0 ],
			"translation":  [ 11.13, -0.695, 0 ]
		},
		"gui": {
			"translation":  [ 0, -1.39, 0 ],
			"scale":  [ 0.7, 0.7, 0.7 ]
		},
		"head": {
			"rotation":  [ 0, 0, -53 ],
			"translation":  [ 0, 12.52, 15.303 ]
		},
		"ground": {
			"rotation":  [ -39, 14, 56 ],
			"translation":  [ 0, 13.913, 4.8695 ]
		},
		"fixed": {
			"translation":  [ 0.0003, -1.391, 10.434 ]
		}
	}
}