{
    "parent":"item/generated",
    "textures":{
        "layer0":"item/crossbow_standby"
    },
    "display": {
        "thirdperson_righthand": {
            "rotation": [ -90, 0, -60 ],
            "translation": [ 2, 0.1, -3 ],
            "scale": [ 1.0, 1.0, 1.0 ]
        },
        "thirdperson_lefthand": {
            "rotation": [ -90, -0, 30 ],
            "translation": [ 2, 0.1, -3 ],
            "scale": [ 1.0, 1.0, 1.0 ]
        },
        "firstperson_righthand": {
            "rotation": [ -90, 0, -55 ],
            "translation": [ 1.13, 3.2, 1.13],
            "scale": [ 1.0, 1.0, 1.0 ]
        },
        "firstperson_lefthand": {
            "rotation": [ -90, 0, 35 ],
            "translation": [ 1.13, 3.2, 1.13],
            "scale": [ 1.0, 1.0, 1.0 ]
        }
    },
"overrides": [
        {
            "predicate": {
                "pulling": 1
            },
            "model": "item/crossbow_pulling_0"
        },
        {
            "predicate": {
                "pulling": 1,
                "pull": 0.58
            },
            "model": "item/crossbow_pulling_1"
        },
        {
            "predicate": {
                "pulling": 1,
                "pull": 1.0
            },
            "model": "item/crossbow_pulling_2"
        },
        {
            "predicate": {
                "charged": 1 
            },
            "model": "item/crossbow_arrow"
     	},
		{
            "predicate": {
                "charged": 1,
                "firework": 1
            },
            "model": "item/crossbow_firework"
        },
		{
            "predicate": {
				"custom_model_data": 1000
            },
            "model": "item/etc/short_crossbow_standby"
        },
		{
            "predicate": {
				"custom_model_data": 1000,
                "pulling": 1
            },
            "model": "item/etc/short_crossbow_pulling_0"
        },
        {
            "predicate": {
				"custom_model_data": 1000,
                "pulling": 1,
                "pull": 0.58
            },
            "model": "item/etc/short_crossbow_pulling_1"
        },
        {
            "predicate": {
				"custom_model_data": 1000,
                "pulling": 1,
                "pull": 1.0
            },
            "model": "item/etc/short_crossbow_pulling_2"
        },
        {
            "predicate": {
				"custom_model_data": 1000,
                "charged": 1 
            },
            "model": "item/etc/short_crossbow_arrow"
     	},
		{
            "predicate": {
				"custom_model_data": 1000,
                "charged": 1,
                "firework": 1
            },
            "model": "item/etc/short_crossbow_firework"
        },
		{
			"predicate": {
				"custom_model_data": 1001
    	},
			"model": "item/etc/pirate/flintlock_pistol"
		},
		{
			"predicate": {
				"custom_model_data": 1001,
				"pulling": 1
    	},
			"model": "item/etc/pirate/flintlock_pistol_pulling_0"
		},
		{
			"predicate": {
				"custom_model_data": 1001,
				"pulling": 1,
				"pull": 0.90
    	},
			"model": "item/etc/pirate/flintlock_pistol_pulling_1"
		},
		{
			"predicate": {
				"custom_model_data": 1001,
				"charged": 1
		},
			"model": "item/etc/pirate/flintlock_pistol_crossbow"
		},
		{
			"predicate": {
				"custom_model_data": 1001,
				"charged": 1,
				"firework": 1
    	},
			"model": "item/etc/pirate/flintlock_pistol_crossbow_firework"
		},
		{
            "predicate": {
				"custom_model_data": 1002
            },
            "model": "item/etc/weapons/plasma_rifle"
        },
		{
            "predicate": {
				"custom_model_data": 1002,
                "pulling": 1
            },
            "model": "item/etc/weapons/plasma_rifle_pulling_0"
        },
        {
            "predicate": {
				"custom_model_data": 1002,
                "pulling": 1,
                "pull": 0.58
            },
            "model": "item/etc/weapons/plasma_rifle_pulling_1"
        },
        {
            "predicate": {
				"custom_model_data": 1002,
                "pulling": 1,
                "pull": 1.0
            },
            "model": "item/etc/weapons/plasma_rifle_pulling_2"
        },
        {
            "predicate": {
				"custom_model_data": 1002,
                "charged": 1 
            },
            "model": "item/etc/weapons/plasma_rifle_pulling_2"
     	},
		{
            "predicate": {
				"custom_model_data": 1002,
                "charged": 1,
                "firework": 1
            },
            "model": "item/etc/weapons/plasma_rifle_pulling_2"
        },
		{
            "predicate": {
				"custom_model_data": 1003
            },
            "model": "item/etc/weapons/rifle_idle"
        },
		{
            "predicate": {
				"custom_model_data": 1003,
                "pulling": 0.15
            },
            "model": "item/etc/weapons/rifle_loading_0"
        },
        {
            "predicate": {
				"custom_model_data": 1003,
                "pulling": 1,
                "pull": 0.3
            },
            "model": "item/etc/weapons/rifle_loading_1"
        },
        {
            "predicate": {
				"custom_model_data": 1003,
                "pulling": 1,
                "pull": 0.45
            },
            "model": "item/etc/weapons/rifle_loading_2"
        },
        {
            "predicate": {
				"custom_model_data": 1003,
                "pulling": 1,
                "pull": 0.6
            },
            "model": "item/etc/weapons/rifle_loading_3"
        },
        {
            "predicate": {
				"custom_model_data": 1003,
                "pulling": 1,
                "pull": 0.75
            },
            "model": "item/etc/weapons/rifle_loading_4"
        },
        {
            "predicate": {
				"custom_model_data": 1003,
                "pulling": 1,
                "pull": 0.9
            },
            "model": "item/etc/weapons/rifle_loading_5"
        },
        {
            "predicate": {
				"custom_model_data": 1003,
                "charged": 1
            },
            "model": "item/etc/weapons/rifle_primed"
        },
        {
            "predicate": {
				"custom_model_data": 1003,
                "charged": 1,
                "firework": 1
            },
            "model": "item/etc/weapons/rifle_primed"
        }
    ]
}