{
	"__comment": "moon",
	"textures": {
		"particle": "item/etc/moonsword",
		"texture": "item/etc/moonsword",
		"voxels_atlas": "item/etc/moonsword"
	},
	"elements": [ 	 
		{
			"__comment": "Voxels",
			"from": [ 0, 7, 13 ],
			"to": [ 4, 8, 14 ],
			"faces": {
				"down": { "uv": [ 14, 15, 16, 15.5 ], "texture": "#voxels_atlas" },
				"up": { "uv": [ 14, 16, 16, 15.5 ], "texture": "#voxels_atlas" },
				"north": { "uv": [ 10, 10, 8, 10.5 ], "texture": "#voxels_atlas" },
				"south": { "uv": [ 14, 14.5, 16, 15 ], "texture": "#voxels_atlas" },
				"west": { "uv": [ 10, 9.5, 10.5, 10 ], "texture": "#voxels_atlas" },
				"east": { "uv": [ 10.5, 9, 10, 9.5 ], "texture": "#voxels_atlas" }
			}
		},
		{
			"__comment": "Voxels",
			"from": [ 0, 7, 14 ],
			"to": [ 3, 8, 16 ],
			"faces": {
				"down": { "uv": [ 8, 14.5, 9.5, 15.5 ], "texture": "#voxels_atlas" },
				"up": { "uv": [ 9.5, 15.5, 11, 14.5 ], "texture": "#voxels_atlas" },
				"north": { "uv": [ 15, 12.5, 13.5, 13 ], "texture": "#voxels_atlas" },
				"south": { "uv": [ 12, 12.5, 13.5, 13 ], "texture": "#voxels_atlas" },
				"west": { "uv": [ 3.5, 11, 4.5, 11.5 ], "texture": "#voxels_atlas" },
				"east": { "uv": [ 4.5, 11.5, 3.5, 12 ], "texture": "#voxels_atlas" }
			}
		},
		{
			"__comment": "Voxels",
			"from": [ 2, 7, 8 ],
			"to": [ 11, 8, 9 ],
			"faces": {
				"down": { "uv": [ 0, 15, 4.5, 15.5 ], "texture": "#voxels_atlas" },
				"up": { "uv": [ 0, 16, 4.5, 15.5 ], "texture": "#voxels_atlas" },
				"north": { "uv": [ 4.5, 14.5, 0, 15 ], "texture": "#voxels_atlas" },
				"south": { "uv": [ 0, 14, 4.5, 14.5 ], "texture": "#voxels_atlas" },
				"west": { "uv": [ 10, 8.5, 10.5, 9 ], "texture": "#voxels_atlas" },
				"east": { "uv": [ 16, 12.5, 15.5, 13 ], "texture": "#voxels_atlas" }
			}
		},
		{
			"__comment": "Voxels",
			"from": [ 2, 7, 12 ],
			"to": [ 5, 8, 13 ],
			"faces": {
				"down": { "uv": [ 10.5, 12.5, 12, 13 ], "texture": "#voxels_atlas" },
				"up": { "uv": [ 13.5, 13.5, 15, 13 ], "texture": "#voxels_atlas" },
				"north": { "uv": [ 13.5, 13, 12, 13.5 ], "texture": "#voxels_atlas" },
				"south": { "uv": [ 10.5, 13, 12, 13.5 ], "texture": "#voxels_atlas" },
				"west": { "uv": [ 10.5, 12, 11, 12.5 ], "texture": "#voxels_atlas" },
				"east": { "uv": [ 11, 10.5, 10.5, 11 ], "texture": "#voxels_atlas" }
			}
		},
		{
			"__comment": "Voxels",
			"from": [ 3, 7, 9 ],
			"to": [ 10, 8, 10 ],
			"faces": {
				"down": { "uv": [ 4.5, 11.5, 8, 12 ], "texture": "#voxels_atlas" },
				"up": { "uv": [ 4.5, 11.5, 8, 11 ], "texture": "#voxels_atlas" },
				"north": { "uv": [ 3.5, 8, 0, 8.5 ], "texture": "#voxels_atlas" },
				"south": { "uv": [ 4.5, 10, 8, 10.5 ], "texture": "#voxels_atlas" },
				"west": { "uv": [ 10.5, 10, 11, 10.5 ], "texture": "#voxels_atlas" },
				"east": { "uv": [ 4, 10, 3.5, 10.5 ], "texture": "#voxels_atlas" }
			}
		},
		{
			"__comment": "Voxels",
			"from": [ 3, 7, 11 ],
			"to": [ 8, 8, 12 ],
			"faces": {
				"down": { "uv": [ 8, 13.5, 10.5, 14 ], "texture": "#voxels_atlas" },
				"up": { "uv": [ 13, 14.5, 15.5, 14 ], "texture": "#voxels_atlas" },
				"north": { "uv": [ 13, 14, 10.5, 14.5 ], "texture": "#voxels_atlas" },
				"south": { "uv": [ 8, 14, 10.5, 14.5 ], "texture": "#voxels_atlas" },
				"west": { "uv": [ 4, 10, 4.5, 10.5 ], "texture": "#voxels_atlas" },
				"east": { "uv": [ 4, 9.5, 3.5, 10 ], "texture": "#voxels_atlas" }
			}
		},
		{
			"__comment": "Voxels",
			"from": [ 4, 7, 10 ],
			"to": [ 9, 8, 11 ],
			"faces": {
				"down": { "uv": [ 13, 13.5, 15.5, 14 ], "texture": "#voxels_atlas" },
				"up": { "uv": [ 8, 13.5, 10.5, 13 ], "texture": "#voxels_atlas" },
				"north": { "uv": [ 10.5, 12.5, 8, 13 ], "texture": "#voxels_atlas" },
				"south": { "uv": [ 10.5, 13.5, 13, 14 ], "texture": "#voxels_atlas" },
				"west": { "uv": [ 4, 9.5, 4.5, 10 ], "texture": "#voxels_atlas" },
				"east": { "uv": [ 10.5, 10, 10, 10.5 ], "texture": "#voxels_atlas" }
			}
		},
		{
			"__comment": "Voxels",
			"from": [ 5, 7, 7 ],
			"to": [ 12, 8, 8 ],
			"faces": {
				"down": { "uv": [ 4.5, 15, 8, 15.5 ], "texture": "#voxels_atlas" },
				"up": { "uv": [ 4.5, 13, 8, 12.5 ], "texture": "#voxels_atlas" },
				"north": { "uv": [ 8, 12, 4.5, 12.5 ], "texture": "#voxels_atlas" },
				"south": { "uv": [ 4.5, 9.5, 8, 10 ], "texture": "#voxels_atlas" },
				"west": { "uv": [ 3.5, 8.5, 4, 9 ], "texture": "#voxels_atlas" },
				"east": { "uv": [ 4.5, 8.5, 4, 9 ], "texture": "#voxels_atlas" }
			}
		},
		{
			"__comment": "Voxels",
			"from": [ 6, 7, 6 ],
			"to": [ 13, 8, 7 ],
			"faces": {
				"down": { "uv": [ 0, 10, 3.5, 10.5 ], "texture": "#voxels_atlas" },
				"up": { "uv": [ 0, 12, 3.5, 11.5 ], "texture": "#voxels_atlas" },
				"north": { "uv": [ 8, 9, 4.5, 9.5 ], "texture": "#voxels_atlas" },
				"south": { "uv": [ 0, 10.5, 3.5, 11 ], "texture": "#voxels_atlas" },
				"west": { "uv": [ 3.5, 8, 4, 8.5 ], "texture": "#voxels_atlas" },
				"east": { "uv": [ 4.5, 8, 4, 8.5 ], "texture": "#voxels_atlas" }
			}
		},
		{
			"__comment": "Voxels",
			"from": [ 6, 7, 12 ],
			"to": [ 8, 8, 13 ],
			"faces": {
				"down": { "uv": [ 3.5, 12, 4.5, 12.5 ], "texture": "#voxels_atlas" },
				"up": { "uv": [ 3.5, 14, 4.5, 13.5 ], "texture": "#voxels_atlas" },
				"north": { "uv": [ 4.5, 13, 3.5, 13.5 ], "texture": "#voxels_atlas" },
				"south": { "uv": [ 3.5, 12.5, 4.5, 13 ], "texture": "#voxels_atlas" },
				"west": { "uv": [ 15.5, 13, 16, 13.5 ], "texture": "#voxels_atlas" },
				"east": { "uv": [ 15.5, 12.5, 15, 13 ], "texture": "#voxels_atlas" }
			}
		},
		{
			"__comment": "Voxels",
			"from": [ 7, 7, 5 ],
			"to": [ 14, 8, 6 ],
			"faces": {
				"down": { "uv": [ 0, 11, 3.5, 11.5 ], "texture": "#voxels_atlas" },
				"up": { "uv": [ 0, 14, 3.5, 13.5 ], "texture": "#voxels_atlas" },
				"north": { "uv": [ 8, 8, 4.5, 8.5 ], "texture": "#voxels_atlas" },
				"south": { "uv": [ 4.5, 8.5, 8, 9 ], "texture": "#voxels_atlas" },
				"west": { "uv": [ 10.5, 9.5, 11, 10 ], "texture": "#voxels_atlas" },
				"east": { "uv": [ 11, 9, 10.5, 9.5 ], "texture": "#voxels_atlas" }
			}
		},
		{
			"__comment": "Voxels",
			"from": [ 7, 7, 13 ],
			"to": [ 8, 8, 14 ],
			"faces": {
				"down": { "uv": [ 11, 12, 11.5, 12.5 ], "texture": "#voxels_atlas" },
				"up": { "uv": [ 11, 12, 11.5, 11.5 ], "texture": "#voxels_atlas" },
				"north": { "uv": [ 11.5, 11, 11, 11.5 ], "texture": "#voxels_atlas" },
				"south": { "uv": [ 11, 10.5, 11.5, 11 ], "texture": "#voxels_atlas" },
				"west": { "uv": [ 3.5, 10.5, 4, 11 ], "texture": "#voxels_atlas" },
				"east": { "uv": [ 4.5, 10.5, 4, 11 ], "texture": "#voxels_atlas" }
			}
		},
		{
			"__comment": "Voxels",
			"from": [ 8, 7, 4 ],
			"to": [ 15, 8, 5 ],
			"faces": {
				"down": { "uv": [ 4.5, 10.5, 8, 11 ], "texture": "#voxels_atlas" },
				"up": { "uv": [ 4.5, 13.5, 8, 13 ], "texture": "#voxels_atlas" },
				"north": { "uv": [ 8, 13.5, 4.5, 14 ], "texture": "#voxels_atlas" },
				"south": { "uv": [ 4.5, 14, 8, 14.5 ], "texture": "#voxels_atlas" },
				"west": { "uv": [ 3.5, 9, 4, 9.5 ], "texture": "#voxels_atlas" },
				"east": { "uv": [ 4.5, 9, 4, 9.5 ], "texture": "#voxels_atlas" }
			}
		},
		{
			"__comment": "Voxels",
			"from": [ 9, 7, 3 ],
			"to": [ 16, 8, 4 ],
			"faces": {
				"down": { "uv": [ 4.5, 14.5, 8, 15 ], "texture": "#voxels_atlas" },
				"up": { "uv": [ 4.5, 16, 8, 15.5 ], "texture": "#voxels_atlas" },
				"north": { "uv": [ 3.5, 8.5, 0, 9 ], "texture": "#voxels_atlas" },
				"south": { "uv": [ 0, 9, 3.5, 9.5 ], "texture": "#voxels_atlas" },
				"west": { "uv": [ 15.5, 14, 16, 14.5 ], "texture": "#voxels_atlas" },
				"east": { "uv": [ 16, 13.5, 15.5, 14 ], "texture": "#voxels_atlas" }
			}
		},
		{
			"__comment": "Voxels",
			"from": [ 10, 7, 2 ],
			"to": [ 17, 8, 3 ],
			"faces": {
				"down": { "uv": [ 0, 9.5, 3.5, 10 ], "texture": "#voxels_atlas" },
				"up": { "uv": [ 0, 12.5, 3.5, 12 ], "texture": "#voxels_atlas" },
				"north": { "uv": [ 3.5, 12.5, 0, 13 ], "texture": "#voxels_atlas" },
				"south": { "uv": [ 0, 13, 3.5, 13.5 ], "texture": "#voxels_atlas" },
				"west": { "uv": [ 10, 8, 10.5, 8.5 ], "texture": "#voxels_atlas" },
				"east": { "uv": [ 15.5, 13, 15, 13.5 ], "texture": "#voxels_atlas" }
			}
		},
		{
			"__comment": "Voxels",
			"from": [ 11, 7, 1 ],
			"to": [ 17, 8, 2 ],
			"faces": {
				"down": { "uv": [ 11, 15, 14, 15.5 ], "texture": "#voxels_atlas" },
				"up": { "uv": [ 11, 15, 14, 14.5 ], "texture": "#voxels_atlas" },
				"north": { "uv": [ 11, 15.5, 8, 16 ], "texture": "#voxels_atlas" },
				"south": { "uv": [ 11, 15.5, 14, 16 ], "texture": "#voxels_atlas" },
				"west": { "uv": [ 10.5, 11.5, 11, 12 ], "texture": "#voxels_atlas" },
				"east": { "uv": [ 11, 11, 10.5, 11.5 ], "texture": "#voxels_atlas" }
			}
		},
		{
			"__comment": "Voxels",
			"from": [ 12, 7, 0 ],
			"to": [ 17, 8, 1 ],
			"faces": {
				"down": { "uv": [ 8, 12, 10.5, 12.5 ], "texture": "#voxels_atlas" },
				"up": { "uv": [ 8, 12, 10.5, 11.5 ], "texture": "#voxels_atlas" },
				"north": { "uv": [ 10.5, 11, 8, 11.5 ], "texture": "#voxels_atlas" },
				"south": { "uv": [ 8, 10.5, 10.5, 11 ], "texture": "#voxels_atlas" },
				"west": { "uv": [ 10.5, 8.5, 11, 9 ], "texture": "#voxels_atlas" },
				"east": { "uv": [ 11, 8, 10.5, 8.5 ], "texture": "#voxels_atlas" }
			}
		},
		{
			"__comment": "Voxels",
			"from": [ 13, 7, -1 ],
			"to": [ 17, 8, 0 ],
			"faces": {
				"down": { "uv": [ 8, 9.5, 10, 10 ], "texture": "#voxels_atlas" },
				"up": { "uv": [ 8, 9.5, 10, 9 ], "texture": "#voxels_atlas" },
				"north": { "uv": [ 10, 8.5, 8, 9 ], "texture": "#voxels_atlas" },
				"south": { "uv": [ 8, 8, 10, 8.5 ], "texture": "#voxels_atlas" },
				"west": { "uv": [ 11, 10, 11.5, 10.5 ], "texture": "#voxels_atlas" },
				"east": { "uv": [ 11.5, 9.5, 11, 10 ], "texture": "#voxels_atlas" }
			}
		}
	],
	"display": {
		"thirdperson_righthand": {
			"rotation":  [ 139, 0, -87 ],
			"translation":  [ 0.6956, 5.5652, 2.0869 ]
		},
		"thirdperson_lefthand": {
			"rotation":  [ 0, 0, -180 ],
			"translation":  [ -6.956, -5.563, 6.9564 ]
		},
		"firstperson_righthand": {
			"rotation":  [ 70, 6, 75 ],
			"translation":  [ 8.3478, -0.695, -8.337 ]
		},
		"firstperson_lefthand": {
			"rotation":  [ 158, 1, 89 ],
			"translation":  [ 8.3478, -0.695, -8.337 ]
		},
		"gui": {
			"rotation":  [ 90, 0, 180 ],
			"scale":  [ 0.8, 0.8, 0.8 ]
		},
		"head": {
			"rotation":  [ 0, -90, -90 ],
			"translation":  [ -3.476, 10.434, 0.6956 ]
		},
		"ground": {
			"rotation":  [ 0, 0, 90 ],
			"translation":  [ 0, 6.2608, 0 ]
		},
		"fixed": {
			"rotation":  [ 90, 0, 0 ]
		}
	}
}