{
	"credit": "Made with Blockbench",
	"textures": {
		"0": "item/etc/bbangchi",
		"particle": "item/etc/bbangchi"
	},
	"gui_light": "front",
	"elements": [
		{
			"from": [7.6, 3.52, 7.6],
			"to": [8.4, 3.812, 8.4],
			"rotation": {"angle": 0, "axis": "y", "origin": [8, 3.616, 8]},
			"faces": {
				"north": {"uv": [5, 4, 6, 5], "texture": "#0"},
				"east": {"uv": [4, 6, 5, 7], "texture": "#0"},
				"south": {"uv": [6, 4, 7, 5], "texture": "#0"},
				"west": {"uv": [7, 4, 8, 5], "texture": "#0"},
				"up": {"uv": [9, 5, 8, 4], "texture": "#0"},
				"down": {"uv": [9, 7, 8, 8], "texture": "#0"}
			}
		},
		{
			"from": [7.74, 3.404, 7.74],
			"to": [8.26, 10.3, 8.26],
			"rotation": {"angle": 0, "axis": "y", "origin": [15.772, 11.636, 15.772]},
			"faces": {
				"north": {"uv": [0, 6, 1, 13], "texture": "#0"},
				"east": {"uv": [1, 6, 2, 13], "texture": "#0"},
				"south": {"uv": [2, 6, 3, 13], "texture": "#0"},
				"west": {"uv": [3, 6, 4, 13], "texture": "#0"},
				"up": {"uv": [10, 5, 9, 4], "texture": "#0"},
				"down": {"uv": [10, 7, 9, 8], "texture": "#0"}
			}
		},
		{
			"from": [7.612, 5.372, 7.612],
			"to": [8.388, 5.74, 8.388],
			"rotation": {"angle": 0, "axis": "y", "origin": [15.58, 13.44, 15.452]},
			"faces": {
				"north": {"uv": [6, 11, 7, 12], "texture": "#0"},
				"east": {"uv": [7, 11, 8, 12], "texture": "#0"},
				"south": {"uv": [11, 0, 12, 1], "texture": "#0"},
				"west": {"uv": [11, 1, 12, 2], "texture": "#0"},
				"up": {"uv": [12, 3, 11, 2], "texture": "#0"},
				"down": {"uv": [12, 3, 11, 4], "texture": "#0"}
			}
		},
		{
			"from": [7.644, 3.944, 7.644],
			"to": [8.356, 5.236, 8.356],
			"rotation": {"angle": 0, "axis": "y", "origin": [15.644, 12.044, 15.484]},
			"faces": {
				"north": {"uv": [11, 6, 12, 7], "texture": "#0"},
				"east": {"uv": [11, 7, 12, 8], "texture": "#0"},
				"south": {"uv": [11, 8, 12, 9], "texture": "#0"},
				"west": {"uv": [11, 9, 12, 10], "texture": "#0"},
				"up": {"uv": [7, 13, 6, 12], "texture": "#0"},
				"down": {"uv": [8, 12, 7, 13], "texture": "#0"}
			}
		},
		{
			"from": [7.628, 6.956, 7.628],
			"to": [8.372, 8.756, 8.372],
			"rotation": {"angle": 0, "axis": "y", "origin": [15.372, 15.756, 15.372]},
			"faces": {
				"north": {"uv": [10, 6, 11, 8], "texture": "#0"},
				"east": {"uv": [10, 8, 11, 10], "texture": "#0"},
				"south": {"uv": [4, 11, 5, 13], "texture": "#0"},
				"west": {"uv": [5, 11, 6, 13], "texture": "#0"},
				"up": {"uv": [9, 13, 8, 12], "texture": "#0"},
				"down": {"uv": [10, 12, 9, 13], "texture": "#0"}
			}
		},
		{
			"from": [5.532, 8.14, 7.196],
			"to": [10.468, 9.748, 8.804],
			"rotation": {"angle": 0, "axis": "y", "origin": [17.404, 16.396, 15.932]},
			"faces": {
				"north": {"uv": [0, 0, 5, 2], "texture": "#0"},
				"east": {"uv": [5, 0, 7, 2], "texture": "#0"},
				"south": {"uv": [0, 2, 5, 4], "texture": "#0"},
				"west": {"uv": [5, 2, 7, 4], "texture": "#0"},
				"up": {"uv": [5, 6, 0, 4], "texture": "#0"},
				"down": {"uv": [10, 5, 5, 7], "texture": "#0"}
			}
		},
		{
			"from": [8.588, 7.948, 6.988],
			"to": [10.324, 9.972, 9.012],
			"rotation": {"angle": 0, "axis": "y", "origin": [17.356, 16.876, 15.596]},
			"faces": {
				"north": {"uv": [4, 7, 6, 9], "texture": "#0"},
				"east": {"uv": [6, 7, 8, 9], "texture": "#0"},
				"south": {"uv": [7, 0, 9, 2], "texture": "#0"},
				"west": {"uv": [7, 2, 9, 4], "texture": "#0"},
				"up": {"uv": [10, 10, 8, 8], "texture": "#0"},
				"down": {"uv": [6, 9, 4, 11], "texture": "#0"}
			}
		},
		{
			"from": [7.564, 9.548, 7.564],
			"to": [8.436, 9.972, 8.436],
			"rotation": {"angle": 0, "axis": "y", "origin": [15.66, 16.972, 15.436]},
			"faces": {
				"north": {"uv": [10, 12, 11, 13], "texture": "#0"},
				"east": {"uv": [11, 12, 12, 13], "texture": "#0"},
				"south": {"uv": [12, 12, 13, 13], "texture": "#0"},
				"west": {"uv": [12, 0, 13, 1], "texture": "#0"},
				"up": {"uv": [13, 2, 12, 1], "texture": "#0"},
				"down": {"uv": [13, 2, 12, 3], "texture": "#0"}
			}
		},
		{
			"from": [5.676, 7.948, 6.988],
			"to": [7.412, 9.972, 9.012],
			"shade": false,
			"rotation": {"angle": 0, "axis": "y", "origin": [-1.356, 16.876, 15.596]},
			"faces": {
				"north": {"uv": [6, 9, 8, 11], "texture": "#0"},
				"east": {"uv": [9, 0, 11, 2], "texture": "#0"},
				"south": {"uv": [9, 2, 11, 4], "texture": "#0"},
				"west": {"uv": [8, 10, 10, 12], "texture": "#0"},
				"up": {"uv": [12, 12, 10, 10], "texture": "#0"},
				"down": {"uv": [12, 4, 10, 6], "texture": "#0"}
			}
		}
	],
	"gui_light": "front",
	"display": {
		"thirdperson_righthand": {
			"rotation": [0, -90, 0],
			"translation": [0, 4.5, 0],
			"scale": [2, 2, 2]
		},
		"thirdperson_lefthand": {
			"rotation": [0, 90, 0],
			"translation": [0, 4.5, 0],
			"scale": [2, 2, 2]
		},
		"firstperson_righthand": {
			"rotation": [-27, -93, 0],
			"translation": [0, 1.25, 0],
			"scale": [1.5, 1.5, 1.5]
		},
		"firstperson_lefthand": {
			"rotation": [-27, 93, 0],
			"translation": [0, 1.25, 0],
			"scale": [1.5, 1.5, 1.5]
		},
		"ground": {
			"rotation": [0, 0, -38]
		},
		"gui": {
			"translation": [0, 2, 0],
			"scale": [1.5, 1.5, 1.5]
		},
		"head": {
			"translation": [0, 9, 0],
			"scale": [2, 2, 2]
		},
		"fixed": {
			"translation": [0, 2.25, 0],
			"scale": [1.5, 1.5, 1.5]
		}
	}
}