{
	"__comment": "by. haru_711",
	"textures": {
		"hippocampus": "item/fish/hippocampus",
		"particle": "item/fish/hippocampus"
	},
	"gui_light": "front",
	"elements": [ 	 
		{
			"__comment": "Voxels",
			"from": [ 4.25, 12.75, -2 ],
			"to": [ 6.25, 13, -1 ],
			"faces": {
				"down": { "uv": [ 6.875, 9.625, 7.875, 10.125 ], "texture": "#hippocampus" },
				"up": { "uv": [ 4.75, 15, 5.75, 14.5 ], "texture": "#hippocampus" },
				"north": { "uv": [ 11, 11.875, 10, 12 ], "texture": "#hippocampus" },
				"south": { "uv": [ 10, 12.25, 11, 12.375 ], "texture": "#hippocampus" },
				"west": { "uv": [ 15.5, 12.75, 16, 12.875 ], "texture": "#hippocampus" },
				"east": { "uv": [ 11.5, 12.625, 11, 12.75 ], "texture": "#hippocampus" }
			}
		},
		{
			"__comment": "Voxels",
			"from": [ 4.5, 12.5, -2 ],
			"to": [ 6, 12.75, -1 ],
			"faces": {
				"down": { "uv": [ 8, 13.125, 8.75, 13.625 ], "texture": "#hippocampus" },
				"up": { "uv": [ 8, 13.125, 8.75, 12.625 ], "texture": "#hippocampus" },
				"north": { "uv": [ 16, 15.375, 15.25, 15.5 ], "texture": "#hippocampus" },
				"south": { "uv": [ 7.25, 11.125, 8, 11.25 ], "texture": "#hippocampus" },
				"west": { "uv": [ 12.5, 12.625, 13, 12.75 ], "texture": "#hippocampus" },
				"east": { "uv": [ 13.5, 12.625, 13, 12.75 ], "texture": "#hippocampus" }
			}
		},
		{
			"__comment": "Voxels",
			"from": [ 4.5, 13, -2 ],
			"to": [ 11.75, 13.25, -1 ],
			"faces": {
				"down": { "uv": [ 2.25, 15.5, 5.875, 16 ], "texture": "#hippocampus" },
				"up": { "uv": [ 2.25, 15.5, 5.875, 15 ], "texture": "#hippocampus" },
				"north": { "uv": [ 11.625, 15.375, 8, 15.5 ], "texture": "#hippocampus" },
				"south": { "uv": [ 11.625, 15.375, 15.25, 15.5 ], "texture": "#hippocampus" },
				"west": { "uv": [ 14.5, 12.625, 15, 12.75 ], "texture": "#hippocampus" },
				"east": { "uv": [ 16, 12.625, 15.5, 12.75 ], "texture": "#hippocampus" }
			}
		},
		{
			"__comment": "Voxels",
			"from": [ 4.75, 12.25, -2 ],
			"to": [ 5.75, 12.5, -1 ],
			"faces": {
				"down": { "uv": [ 9.5, 12.875, 10, 13.375 ], "texture": "#hippocampus" },
				"up": { "uv": [ 9.5, 13.875, 10, 13.375 ], "texture": "#hippocampus" },
				"north": { "uv": [ 11.5, 12.5, 11, 12.625 ], "texture": "#hippocampus" },
				"south": { "uv": [ 14, 12.5, 14.5, 12.625 ], "texture": "#hippocampus" },
				"west": { "uv": [ 14.5, 12.5, 15, 12.625 ], "texture": "#hippocampus" },
				"east": { "uv": [ 15.5, 12.5, 15, 12.625 ], "texture": "#hippocampus" }
			}
		},
		{
			"__comment": "Voxels",
			"from": [ 4.75, 13.25, -2 ],
			"to": [ 10.5, 13.5, -1.75 ],
			"faces": {
				"down": { "uv": [ 11.75, 14.875, 14.625, 15 ], "texture": "#hippocampus" },
				"up": { "uv": [ 8.875, 15.125, 11.75, 15 ], "texture": "#hippocampus" },
				"north": { "uv": [ 14.625, 15, 11.75, 15.125 ], "texture": "#hippocampus" },
				"south": { "uv": [ 8.875, 14.875, 11.75, 15 ], "texture": "#hippocampus" },
				"west": { "uv": [ 8.75, 8.875, 8.875, 9 ], "texture": "#hippocampus" },
				"east": { "uv": [ 9.5, 12.125, 9.375, 12.25 ], "texture": "#hippocampus" }
			}
		},
		{
			"__comment": "Voxels",
			"from": [ 4.75, 13.25, -1.75 ],
			"to": [ 7.5, 13.5, -1 ],
			"faces": {
				"down": { "uv": [ 4.5, 9.625, 5.875, 10 ], "texture": "#hippocampus" },
				"up": { "uv": [ 5.875, 11.5, 7.25, 11.125 ], "texture": "#hippocampus" },
				"north": { "uv": [ 12.75, 13.5, 11.375, 13.625 ], "texture": "#hippocampus" },
				"south": { "uv": [ 14.125, 13.375, 15.5, 13.5 ], "texture": "#hippocampus" },
				"west": { "uv": [ 11, 10.625, 11.375, 10.75 ], "texture": "#hippocampus" },
				"east": { "uv": [ 11.375, 10.5, 11, 10.625 ], "texture": "#hippocampus" }
			}
		},
		{
			"__comment": "Voxels",
			"from": [ 5, 12, -2 ],
			"to": [ 5.5, 12.25, -1 ],
			"faces": {
				"down": { "uv": [ 8.5, 10.625, 8.75, 11.125 ], "texture": "#hippocampus" },
				"up": { "uv": [ 8.625, 8.875, 8.875, 8.375 ], "texture": "#hippocampus" },
				"north": { "uv": [ 11.5, 10.25, 11.25, 10.375 ], "texture": "#hippocampus" },
				"south": { "uv": [ 11.25, 10.375, 11.5, 10.5 ], "texture": "#hippocampus" },
				"west": { "uv": [ 15.5, 12.5, 16, 12.625 ], "texture": "#hippocampus" },
				"east": { "uv": [ 11.5, 12.125, 11, 12.25 ], "texture": "#hippocampus" }
			}
		},
		{
			"__comment": "Voxels",
			"from": [ 5, 13.5, -2 ],
			"to": [ 10.25, 13.75, -1.75 ],
			"faces": {
				"down": { "uv": [ 11.5, 14.625, 14.125, 14.75 ], "texture": "#hippocampus" },
				"up": { "uv": [ 8.875, 14.75, 11.5, 14.625 ], "texture": "#hippocampus" },
				"north": { "uv": [ 14.125, 14.75, 11.5, 14.875 ], "texture": "#hippocampus" },
				"south": { "uv": [ 8.875, 14.75, 11.5, 14.875 ], "texture": "#hippocampus" },
				"west": { "uv": [ 8.75, 10.25, 8.875, 10.375 ], "texture": "#hippocampus" },
				"east": { "uv": [ 16, 15.875, 15.875, 16 ], "texture": "#hippocampus" }
			}
		},
		{
			"__comment": "Voxels",
			"from": [ 5, 13.5, -1.75 ],
			"to": [ 8, 13.75, -1 ],
			"faces": {
				"down": { "uv": [ 5.875, 11.5, 7.375, 11.875 ], "texture": "#hippocampus" },
				"up": { "uv": [ 5.875, 12.25, 7.375, 11.875 ], "texture": "#hippocampus" },
				"north": { "uv": [ 16, 14.375, 14.5, 14.5 ], "texture": "#hippocampus" },
				"south": { "uv": [ 13.25, 13.75, 14.75, 13.875 ], "texture": "#hippocampus" },
				"west": { "uv": [ 1.875, 8.5, 2.25, 8.625 ], "texture": "#hippocampus" },
				"east": { "uv": [ 8.875, 10.375, 8.5, 10.5 ], "texture": "#hippocampus" }
			}
		},
		{
			"__comment": "Voxels",
			"from": [ 5.25, 13.75, -2 ],
			"to": [ 10.25, 14, -1 ],
			"faces": {
				"down": { "uv": [ 2.25, 13, 4.75, 13.5 ], "texture": "#hippocampus" },
				"up": { "uv": [ 2.25, 14, 4.75, 13.5 ], "texture": "#hippocampus" },
				"north": { "uv": [ 13.875, 14.5, 11.375, 14.625 ], "texture": "#hippocampus" },
				"south": { "uv": [ 8.875, 14.5, 11.375, 14.625 ], "texture": "#hippocampus" },
				"west": { "uv": [ 11, 11.875, 11.5, 12 ], "texture": "#hippocampus" },
				"east": { "uv": [ 11.5, 11.75, 11, 11.875 ], "texture": "#hippocampus" }
			}
		},
		{
			"__comment": "Voxels",
			"from": [ 5.5, 14, -2 ],
			"to": [ 10, 14.25, -1.25 ],
			"faces": {
				"down": { "uv": [ 2.25, 9.25, 4.5, 9.625 ], "texture": "#hippocampus" },
				"up": { "uv": [ 2.25, 10, 4.5, 9.625 ], "texture": "#hippocampus" },
				"north": { "uv": [ 14, 14.125, 11.75, 14.25 ], "texture": "#hippocampus" },
				"south": { "uv": [ 9.5, 14.25, 11.75, 14.375 ], "texture": "#hippocampus" },
				"west": { "uv": [ 1.875, 8, 2.25, 8.125 ], "texture": "#hippocampus" },
				"east": { "uv": [ 8.875, 10.5, 8.5, 10.625 ], "texture": "#hippocampus" }
			}
		},
		{
			"__comment": "Voxels",
			"from": [ 5.5, 14, -1.25 ],
			"to": [ 7, 14.25, -1 ],
			"faces": {
				"down": { "uv": [ 10.25, 10.375, 11, 10.5 ], "texture": "#hippocampus" },
				"up": { "uv": [ 10.25, 10.625, 11, 10.5 ], "texture": "#hippocampus" },
				"north": { "uv": [ 11, 9.875, 10.25, 10 ], "texture": "#hippocampus" },
				"south": { "uv": [ 8, 8, 8.75, 8.125 ], "texture": "#hippocampus" },
				"west": { "uv": [ 8.75, 9.875, 8.875, 10 ], "texture": "#hippocampus" },
				"east": { "uv": [ 8.875, 9, 8.75, 9.125 ], "texture": "#hippocampus" }
			}
		},
		{
			"__comment": "Voxels",
			"from": [ 5.5, 17.25, -2 ],
			"to": [ 7, 17.5, -1 ],
			"faces": {
				"down": { "uv": [ 8, 11.625, 8.75, 12.125 ], "texture": "#hippocampus" },
				"up": { "uv": [ 8, 11.625, 8.75, 11.125 ], "texture": "#hippocampus" },
				"north": { "uv": [ 11, 11, 10.25, 11.125 ], "texture": "#hippocampus" },
				"south": { "uv": [ 10.25, 9.75, 11, 9.875 ], "texture": "#hippocampus" },
				"west": { "uv": [ 11, 11.625, 11.5, 11.75 ], "texture": "#hippocampus" },
				"east": { "uv": [ 11.5, 11.5, 11, 11.625 ], "texture": "#hippocampus" }
			}
		},
		{
			"__comment": "Voxels",
			"from": [ 5.75, 6.5, -2 ],
			"to": [ 10.5, 7, -1 ],
			"faces": {
				"down": { "uv": [ 2.25, 12, 4.625, 12.5 ], "texture": "#hippocampus" },
				"up": { "uv": [ 2.25, 13, 4.625, 12.5 ], "texture": "#hippocampus" },
				"north": { "uv": [ 10.375, 15.75, 8, 16 ], "texture": "#hippocampus" },
				"south": { "uv": [ 10.375, 15.75, 12.75, 16 ], "texture": "#hippocampus" },
				"west": { "uv": [ 6.875, 8, 7.375, 8.25 ], "texture": "#hippocampus" },
				"east": { "uv": [ 16, 15.125, 15.5, 15.375 ], "texture": "#hippocampus" }
			}
		},
		{
			"__comment": "Voxels",
			"from": [ 5.75, 7, -2 ],
			"to": [ 7.75, 7.25, -1 ],
			"faces": {
				"down": { "uv": [ 5.875, 8.125, 6.875, 8.625 ], "texture": "#hippocampus" },
				"up": { "uv": [ 5.875, 9.125, 6.875, 8.625 ], "texture": "#hippocampus" },
				"north": { "uv": [ 14.375, 13, 13.375, 13.125 ], "texture": "#hippocampus" },
				"south": { "uv": [ 14.375, 13, 15.375, 13.125 ], "texture": "#hippocampus" },
				"west": { "uv": [ 11, 11.375, 11.5, 11.5 ], "texture": "#hippocampus" },
				"east": { "uv": [ 11.5, 11.25, 11, 11.375 ], "texture": "#hippocampus" }
			}
		},
		{
			"__comment": "Voxels",
			"from": [ 5.75, 14.25, -2 ],
			"to": [ 10, 14.5, -1.25 ],
			"faces": {
				"down": { "uv": [ 5.875, 15.25, 8, 15.625 ], "texture": "#hippocampus" },
				"up": { "uv": [ 5.875, 16, 8, 15.625 ], "texture": "#hippocampus" },
				"north": { "uv": [ 12.75, 14, 10.625, 14.125 ], "texture": "#hippocampus" },
				"south": { "uv": [ 13.875, 14.5, 16, 14.625 ], "texture": "#hippocampus" },
				"west": { "uv": [ 11, 10.875, 11.375, 11 ], "texture": "#hippocampus" },
				"east": { "uv": [ 11, 9.125, 10.625, 9.25 ], "texture": "#hippocampus" }
			}
		},
		{
			"__comment": "Voxels",
			"from": [ 5.75, 14.25, -1.25 ],
			"to": [ 6.75, 15.25, -1 ],
			"faces": {
				"down": { "uv": [ 11, 11.125, 11.5, 11.25 ], "texture": "#hippocampus" },
				"up": { "uv": [ 15.5, 13.625, 16, 13.5 ], "texture": "#hippocampus" },
				"north": { "uv": [ 9.375, 10, 8.875, 10.5 ], "texture": "#hippocampus" },
				"south": { "uv": [ 8.875, 10.5, 9.375, 11 ], "texture": "#hippocampus" },
				"west": { "uv": [ 5.75, 14.5, 5.875, 15 ], "texture": "#hippocampus" },
				"east": { "uv": [ 5.875, 14, 5.75, 14.5 ], "texture": "#hippocampus" }
			}
		},
		{
			"__comment": "Voxels",
			"from": [ 5.75, 14.5, -2 ],
			"to": [ 9.75, 15.25, -1.25 ],
			"faces": {
				"down": { "uv": [ 5.875, 14.5, 7.875, 14.875 ], "texture": "#hippocampus" },
				"up": { "uv": [ 5.875, 15.25, 7.875, 14.875 ], "texture": "#hippocampus" },
				"north": { "uv": [ 7.875, 14.125, 5.875, 14.5 ], "texture": "#hippocampus" },
				"south": { "uv": [ 5.875, 12.75, 7.875, 13.125 ], "texture": "#hippocampus" },
				"west": { "uv": [ 1.875, 8.625, 2.25, 9 ], "texture": "#hippocampus" },
				"east": { "uv": [ 2.25, 8.125, 1.875, 8.5 ], "texture": "#hippocampus" }
			}
		},
		{
			"__comment": "Voxels",
			"from": [ 5.75, 16.75, -2 ],
			"to": [ 7.25, 17.25, -1 ],
			"faces": {
				"down": { "uv": [ 8, 9.375, 8.75, 9.875 ], "texture": "#hippocampus" },
				"up": { "uv": [ 8, 10.375, 8.75, 9.875 ], "texture": "#hippocampus" },
				"north": { "uv": [ 15.375, 13.875, 14.625, 14.125 ], "texture": "#hippocampus" },
				"south": { "uv": [ 7.25, 11.25, 8, 11.5 ], "texture": "#hippocampus" },
				"west": { "uv": [ 10.25, 11.25, 10.75, 11.5 ], "texture": "#hippocampus" },
				"east": { "uv": [ 10, 8.625, 9.5, 8.875 ], "texture": "#hippocampus" }
			}
		},
		{
			"__comment": "Voxels",
			"from": [ 5.75, 17.5, -2 ],
			"to": [ 7, 17.75, -1 ],
			"faces": {
				"down": { "uv": [ 3.875, 8.75, 4.5, 9.25 ], "texture": "#hippocampus" },
				"up": { "uv": [ 7.375, 14.125, 8, 13.625 ], "texture": "#hippocampus" },
				"north": { "uv": [ 10.875, 9.5, 10.25, 9.625 ], "texture": "#hippocampus" },
				"south": { "uv": [ 10, 9.125, 10.625, 9.25 ], "texture": "#hippocampus" },
				"west": { "uv": [ 15, 12.75, 15.5, 12.875 ], "texture": "#hippocampus" },
				"east": { "uv": [ 15, 12.75, 14.5, 12.875 ], "texture": "#hippocampus" }
			}
		},
		{
			"__comment": "Voxels",
			"from": [ 6, 6.25, -2 ],
			"to": [ 10.5, 6.5, -1 ],
			"faces": {
				"down": { "uv": [ 0, 12, 2.25, 12.5 ], "texture": "#hippocampus" },
				"up": { "uv": [ 0, 13, 2.25, 12.5 ], "texture": "#hippocampus" },
				"north": { "uv": [ 14, 14.25, 11.75, 14.375 ], "texture": "#hippocampus" },
				"south": { "uv": [ 9.5, 14.125, 11.75, 14.25 ], "texture": "#hippocampus" },
				"west": { "uv": [ 14, 12.75, 14.5, 12.875 ], "texture": "#hippocampus" },
				"east": { "uv": [ 13, 12.75, 12.5, 12.875 ], "texture": "#hippocampus" }
			}
		},
		{
			"__comment": "Voxels",
			"from": [ 6, 7.25, -2 ],
			"to": [ 7.5, 7.5, -1 ],
			"faces": {
				"down": { "uv": [ 8, 8.875, 8.75, 9.375 ], "texture": "#hippocampus" },
				"up": { "uv": [ 8, 12.625, 8.75, 12.125 ], "texture": "#hippocampus" },
				"north": { "uv": [ 11, 10, 10.25, 10.125 ], "texture": "#hippocampus" },
				"south": { "uv": [ 10.25, 10.25, 11, 10.375 ], "texture": "#hippocampus" },
				"west": { "uv": [ 11, 12.75, 11.5, 12.875 ], "texture": "#hippocampus" },
				"east": { "uv": [ 16, 12.875, 15.5, 13 ], "texture": "#hippocampus" }
			}
		},
		{
			"__comment": "Voxels",
			"from": [ 6, 15.25, -2 ],
			"to": [ 9.75, 15.5, -1 ],
			"faces": {
				"down": { "uv": [ 2.25, 11, 4.125, 11.5 ], "texture": "#hippocampus" },
				"up": { "uv": [ 2.25, 12, 4.125, 11.5 ], "texture": "#hippocampus" },
				"north": { "uv": [ 12.5, 13.875, 10.625, 14 ], "texture": "#hippocampus" },
				"south": { "uv": [ 12.75, 14, 14.625, 14.125 ], "texture": "#hippocampus" },
				"west": { "uv": [ 15, 12.875, 15.5, 13 ], "texture": "#hippocampus" },
				"east": { "uv": [ 15, 12.875, 14.5, 13 ], "texture": "#hippocampus" }
			}
		},
		{
			"__comment": "Voxels",
			"from": [ 6, 16.5, -2 ],
			"to": [ 7.5, 16.75, -1 ],
			"faces": {
				"down": { "uv": [ 8, 14.125, 8.75, 14.625 ], "texture": "#hippocampus" },
				"up": { "uv": [ 8, 14.125, 8.75, 13.625 ], "texture": "#hippocampus" },
				"north": { "uv": [ 11, 11.125, 10.25, 11.25 ], "texture": "#hippocampus" },
				"south": { "uv": [ 10.25, 10.125, 11, 10.25 ], "texture": "#hippocampus" },
				"west": { "uv": [ 14, 12.875, 14.5, 13 ], "texture": "#hippocampus" },
				"east": { "uv": [ 14, 12.875, 13.5, 13 ], "texture": "#hippocampus" }
			}
		},
		{
			"__comment": "Voxels",
			"from": [ 6, 17.75, -2 ],
			"to": [ 6.75, 18, -1 ],
			"faces": {
				"down": { "uv": [ 1.875, 9.5, 2.25, 10 ], "texture": "#hippocampus" },
				"up": { "uv": [ 1.875, 9.5, 2.25, 9 ], "texture": "#hippocampus" },
				"north": { "uv": [ 16, 13.125, 15.625, 13.25 ], "texture": "#hippocampus" },
				"south": { "uv": [ 11, 10.75, 11.375, 10.875 ], "texture": "#hippocampus" },
				"west": { "uv": [ 12, 12.875, 12.5, 13 ], "texture": "#hippocampus" },
				"east": { "uv": [ 10.5, 8.5, 10, 8.625 ], "texture": "#hippocampus" }
			}
		},
		{
			"__comment": "Voxels",
			"from": [ 6.25, 6, -2 ],
			"to": [ 10, 6.25, -1 ],
			"faces": {
				"down": { "uv": [ 0, 8, 1.875, 8.5 ], "texture": "#hippocampus" },
				"up": { "uv": [ 2.25, 10.5, 4.125, 10 ], "texture": "#hippocampus" },
				"north": { "uv": [ 16, 14.75, 14.125, 14.875 ], "texture": "#hippocampus" },
				"south": { "uv": [ 14.125, 14.625, 16, 14.75 ], "texture": "#hippocampus" },
				"west": { "uv": [ 11.5, 12.875, 12, 13 ], "texture": "#hippocampus" },
				"east": { "uv": [ 11.5, 12.875, 11, 13 ], "texture": "#hippocampus" }
			}
		},
		{
			"__comment": "Voxels",
			"from": [ 6.25, 7.5, -2 ],
			"to": [ 7.25, 7.75, -1 ],
			"faces": {
				"down": { "uv": [ 8.875, 8.5, 9.375, 9 ], "texture": "#hippocampus" },
				"up": { "uv": [ 9.5, 12.875, 10, 12.375 ], "texture": "#hippocampus" },
				"north": { "uv": [ 11, 8, 10.5, 8.125 ], "texture": "#hippocampus" },
				"south": { "uv": [ 10.5, 8.125, 11, 8.25 ], "texture": "#hippocampus" },
				"west": { "uv": [ 10.5, 8.25, 11, 8.375 ], "texture": "#hippocampus" },
				"east": { "uv": [ 11, 8.375, 10.5, 8.5 ], "texture": "#hippocampus" }
			}
		},
		{
			"__comment": "Voxels",
			"from": [ 6.25, 15.5, -2 ],
			"to": [ 9.75, 16, -1 ],
			"faces": {
				"down": { "uv": [ 4.125, 10.5, 5.875, 11 ], "texture": "#hippocampus" },
				"up": { "uv": [ 4.125, 10.5, 5.875, 10 ], "texture": "#hippocampus" },
				"north": { "uv": [ 15.75, 15.5, 14, 15.75 ], "texture": "#hippocampus" },
				"south": { "uv": [ 8, 15.125, 9.75, 15.375 ], "texture": "#hippocampus" },
				"west": { "uv": [ 9.5, 9.625, 10, 9.875 ], "texture": "#hippocampus" },
				"east": { "uv": [ 10, 9.375, 9.5, 9.625 ], "texture": "#hippocampus" }
			}
		},
		{
			"__comment": "Voxels",
			"from": [ 6.25, 16, -2 ],
			"to": [ 7.5, 16.5, -1 ],
			"faces": {
				"down": { "uv": [ 8.875, 13, 9.5, 13.5 ], "texture": "#hippocampus" },
				"up": { "uv": [ 8.875, 14.5, 9.5, 14 ], "texture": "#hippocampus" },
				"north": { "uv": [ 8, 8, 7.375, 8.25 ], "texture": "#hippocampus" },
				"south": { "uv": [ 15.375, 13.875, 16, 14.125 ], "texture": "#hippocampus" },
				"west": { "uv": [ 9.5, 11.875, 10, 12.125 ], "texture": "#hippocampus" },
				"east": { "uv": [ 10, 12.125, 9.5, 12.375 ], "texture": "#hippocampus" }
			}
		},
		{
			"__comment": "Voxels",
			"from": [ 6.5, 5.75, -2 ],
			"to": [ 9.5, 6, -1 ],
			"faces": {
				"down": { "uv": [ 5.875, 13.125, 7.375, 13.625 ], "texture": "#hippocampus" },
				"up": { "uv": [ 5.875, 14.125, 7.375, 13.625 ], "texture": "#hippocampus" },
				"north": { "uv": [ 13.25, 13.75, 11.75, 13.875 ], "texture": "#hippocampus" },
				"south": { "uv": [ 10, 13.625, 11.5, 13.75 ], "texture": "#hippocampus" },
				"west": { "uv": [ 10.5, 8.625, 11, 8.75 ], "texture": "#hippocampus" },
				"east": { "uv": [ 10.5, 8.625, 10, 8.75 ], "texture": "#hippocampus" }
			}
		},
		{
			"__comment": "Voxels",
			"from": [ 6.5, 7.75, -2 ],
			"to": [ 7, 8, -1 ],
			"faces": {
				"down": { "uv": [ 2, 10.5, 2.25, 11 ], "texture": "#hippocampus" },
				"up": { "uv": [ 2, 10.5, 2.25, 10 ], "texture": "#hippocampus" },
				"north": { "uv": [ 11, 11.375, 10.75, 11.5 ], "texture": "#hippocampus" },
				"south": { "uv": [ 15.75, 15.5, 16, 15.625 ], "texture": "#hippocampus" },
				"west": { "uv": [ 10.5, 8.875, 11, 9 ], "texture": "#hippocampus" },
				"east": { "uv": [ 10.5, 8.875, 10, 9 ], "texture": "#hippocampus" }
			}
		},
		{
			"__comment": "Voxels",
			"from": [ 6.75, 14.75, -1.25 ],
			"to": [ 7, 15.25, -1 ],
			"faces": {
				"down": { "uv": [ 9.375, 12.375, 9.5, 12.5 ], "texture": "#hippocampus" },
				"up": { "uv": [ 8.75, 9.875, 8.875, 9.75 ], "texture": "#hippocampus" },
				"north": { "uv": [ 8, 12.875, 7.875, 13.125 ], "texture": "#hippocampus" },
				"south": { "uv": [ 7.875, 12, 8, 12.25 ], "texture": "#hippocampus" },
				"west": { "uv": [ 7.875, 11.625, 8, 11.875 ], "texture": "#hippocampus" },
				"east": { "uv": [ 8, 14.25, 7.875, 14.5 ], "texture": "#hippocampus" }
			}
		},
		{
			"__comment": "Voxels",
			"from": [ 7, 5.5, -2 ],
			"to": [ 9, 5.75, -1 ],
			"faces": {
				"down": { "uv": [ 4.75, 14, 5.75, 14.5 ], "texture": "#hippocampus" },
				"up": { "uv": [ 4.75, 14, 5.75, 13.5 ], "texture": "#hippocampus" },
				"north": { "uv": [ 11, 12.375, 10, 12.5 ], "texture": "#hippocampus" },
				"south": { "uv": [ 10, 12.5, 11, 12.625 ], "texture": "#hippocampus" },
				"west": { "uv": [ 15.5, 13.375, 16, 13.5 ], "texture": "#hippocampus" },
				"east": { "uv": [ 11.5, 12, 11, 12.125 ], "texture": "#hippocampus" }
			}
		},
		{
			"__comment": "Voxels",
			"from": [ 7, 15, -1.25 ],
			"to": [ 9.75, 15.25, -1 ],
			"faces": {
				"down": { "uv": [ 12.75, 13.375, 14.125, 13.5 ], "texture": "#hippocampus" },
				"up": { "uv": [ 10, 13.625, 11.375, 13.5 ], "texture": "#hippocampus" },
				"north": { "uv": [ 12.75, 13.375, 11.375, 13.5 ], "texture": "#hippocampus" },
				"south": { "uv": [ 14.5, 13.625, 15.875, 13.75 ], "texture": "#hippocampus" },
				"west": { "uv": [ 7.875, 11.5, 8, 11.625 ], "texture": "#hippocampus" },
				"east": { "uv": [ 8, 11.875, 7.875, 12 ], "texture": "#hippocampus" }
			}
		},
		{
			"__comment": "Voxels",
			"from": [ 7.25, 9.5, -2 ],
			"to": [ 11.75, 11.5, -1 ],
			"faces": {
				"down": { "uv": [ 0, 13, 2.25, 13.5 ], "texture": "#hippocampus" },
				"up": { "uv": [ 0, 12, 2.25, 11.5 ], "texture": "#hippocampus" },
				"north": { "uv": [ 2.25, 15, 0, 16 ], "texture": "#hippocampus" },
				"south": { "uv": [ 0, 14, 2.25, 15 ], "texture": "#hippocampus" },
				"west": { "uv": [ 6.375, 10.125, 6.875, 11.125 ], "texture": "#hippocampus" },
				"east": { "uv": [ 6.375, 10.125, 5.875, 11.125 ], "texture": "#hippocampus" }
			}
		},
		{
			"__comment": "Voxels",
			"from": [ 7.5, 5.25, -2 ],
			"to": [ 8.75, 5.5, -1 ],
			"faces": {
				"down": { "uv": [ 8.875, 13.5, 9.5, 14 ], "texture": "#hippocampus" },
				"up": { "uv": [ 8, 8.875, 8.625, 8.375 ], "texture": "#hippocampus" },
				"north": { "uv": [ 10.875, 9.375, 10.25, 9.5 ], "texture": "#hippocampus" },
				"south": { "uv": [ 10.25, 9.25, 10.875, 9.375 ], "texture": "#hippocampus" },
				"west": { "uv": [ 10, 9, 10.5, 9.125 ], "texture": "#hippocampus" },
				"east": { "uv": [ 11, 9, 10.5, 9.125 ], "texture": "#hippocampus" }
			}
		},
		{
			"__comment": "Voxels",
			"from": [ 7.5, 9, -2 ],
			"to": [ 11.25, 9.5, -1 ],
			"faces": {
				"down": { "uv": [ 0, 8.5, 1.875, 9 ], "texture": "#hippocampus" },
				"up": { "uv": [ 0, 9.5, 1.875, 9 ], "texture": "#hippocampus" },
				"north": { "uv": [ 14, 15.5, 12.125, 15.75 ], "texture": "#hippocampus" },
				"south": { "uv": [ 10.25, 15.5, 12.125, 15.75 ], "texture": "#hippocampus" },
				"west": { "uv": [ 9.5, 10.375, 10, 10.625 ], "texture": "#hippocampus" },
				"east": { "uv": [ 10, 10.125, 9.5, 10.375 ], "texture": "#hippocampus" }
			}
		},
		{
			"__comment": "Voxels",
			"from": [ 7.5, 11.5, -2 ],
			"to": [ 12.5, 11.75, -1 ],
			"faces": {
				"down": { "uv": [ 2.25, 14, 4.75, 14.5 ], "texture": "#hippocampus" },
				"up": { "uv": [ 2.25, 15, 4.75, 14.5 ], "texture": "#hippocampus" },
				"north": { "uv": [ 14.5, 14.375, 12, 14.5 ], "texture": "#hippocampus" },
				"south": { "uv": [ 9.5, 14.375, 12, 14.5 ], "texture": "#hippocampus" },
				"west": { "uv": [ 10, 8.75, 10.5, 8.875 ], "texture": "#hippocampus" },
				"east": { "uv": [ 11, 8.75, 10.5, 8.875 ], "texture": "#hippocampus" }
			}
		},
		{
			"__comment": "Voxels",
			"from": [ 7.5, 13.25, -1.5 ],
			"to": [ 10.5, 13.5, -1 ],
			"faces": {
				"down": { "uv": [ 12.875, 15.125, 14.375, 15.375 ], "texture": "#hippocampus" },
				"up": { "uv": [ 11.375, 15.375, 12.875, 15.125 ], "texture": "#hippocampus" },
				"north": { "uv": [ 13, 13.625, 11.5, 13.75 ], "texture": "#hippocampus" },
				"south": { "uv": [ 13, 13.625, 14.5, 13.75 ], "texture": "#hippocampus" },
				"west": { "uv": [ 11, 10.125, 11.25, 10.25 ], "texture": "#hippocampus" },
				"east": { "uv": [ 11.25, 10.25, 11, 10.375 ], "texture": "#hippocampus" }
			}
		},
		{
			"__comment": "Voxels",
			"from": [ 7.5, 14, -1.25 ],
			"to": [ 10, 14.25, -1 ],
			"faces": {
				"down": { "uv": [ 14.75, 13.75, 16, 13.875 ], "texture": "#hippocampus" },
				"up": { "uv": [ 10, 13.375, 11.25, 13.25 ], "texture": "#hippocampus" },
				"north": { "uv": [ 12.5, 13.25, 11.25, 13.375 ], "texture": "#hippocampus" },
				"south": { "uv": [ 12.5, 13.25, 13.75, 13.375 ], "texture": "#hippocampus" },
				"west": { "uv": [ 8.75, 9.375, 8.875, 9.5 ], "texture": "#hippocampus" },
				"east": { "uv": [ 8.875, 10, 8.75, 10.125 ], "texture": "#hippocampus" }
			}
		},
		{
			"__comment": "Voxels",
			"from": [ 7.5, 14.75, -1.25 ],
			"to": [ 9.75, 15, -1 ],
			"faces": {
				"down": { "uv": [ 11.125, 13, 12.25, 13.125 ], "texture": "#hippocampus" },
				"up": { "uv": [ 14.875, 13.375, 16, 13.25 ], "texture": "#hippocampus" },
				"north": { "uv": [ 11.125, 13.125, 10, 13.25 ], "texture": "#hippocampus" },
				"south": { "uv": [ 11.125, 13.125, 12.25, 13.25 ], "texture": "#hippocampus" },
				"west": { "uv": [ 15.875, 15.75, 16, 15.875 ], "texture": "#hippocampus" },
				"east": { "uv": [ 8, 9.375, 7.875, 9.5 ], "texture": "#hippocampus" }
			}
		},
		{
			"__comment": "Voxels",
			"from": [ 7.75, 8.75, -2 ],
			"to": [ 11.25, 9, -1 ],
			"faces": {
				"down": { "uv": [ 4.125, 11.5, 5.875, 12 ], "texture": "#hippocampus" },
				"up": { "uv": [ 4.125, 11.5, 5.875, 11 ], "texture": "#hippocampus" },
				"north": { "uv": [ 14.5, 13.875, 12.75, 14 ], "texture": "#hippocampus" },
				"south": { "uv": [ 10, 13.75, 11.75, 13.875 ], "texture": "#hippocampus" },
				"west": { "uv": [ 10.5, 8.5, 11, 8.625 ], "texture": "#hippocampus" },
				"east": { "uv": [ 10.5, 8.375, 10, 8.5 ], "texture": "#hippocampus" }
			}
		},
		{
			"__comment": "Voxels",
			"from": [ 7.75, 11.75, -2 ],
			"to": [ 12.25, 12.25, -1 ],
			"faces": {
				"down": { "uv": [ 0, 13.5, 2.25, 14 ], "texture": "#hippocampus" },
				"up": { "uv": [ 0, 11.5, 2.25, 11 ], "texture": "#hippocampus" },
				"north": { "uv": [ 10.25, 15.5, 8, 15.75 ], "texture": "#hippocampus" },
				"south": { "uv": [ 12.75, 15.75, 15, 16 ], "texture": "#hippocampus" },
				"west": { "uv": [ 9.5, 11.625, 10, 11.875 ], "texture": "#hippocampus" },
				"east": { "uv": [ 10, 11.375, 9.5, 11.625 ], "texture": "#hippocampus" }
			}
		},
		{
			"__comment": "Voxels",
			"from": [ 7.75, 13.25, -1.75 ],
			"to": [ 10.5, 13.5, -1.5 ],
			"faces": {
				"down": { "uv": [ 14.625, 14.875, 16, 15 ], "texture": "#hippocampus" },
				"up": { "uv": [ 12.75, 13.625, 14.125, 13.5 ], "texture": "#hippocampus" },
				"north": { "uv": [ 16, 15, 14.625, 15.125 ], "texture": "#hippocampus" },
				"south": { "uv": [ 4.5, 8, 5.875, 8.125 ], "texture": "#hippocampus" },
				"west": { "uv": [ 7.875, 9.5, 8, 9.625 ], "texture": "#hippocampus" },
				"east": { "uv": [ 8, 12.75, 7.875, 12.875 ], "texture": "#hippocampus" }
			}
		},
		{
			"__comment": "Voxels",
			"from": [ 7.75, 14.25, -1.25 ],
			"to": [ 10, 14.5, -1 ],
			"faces": {
				"down": { "uv": [ 13.75, 13.25, 14.875, 13.375 ], "texture": "#hippocampus" },
				"up": { "uv": [ 14.5, 13.25, 15.625, 13.125 ], "texture": "#hippocampus" },
				"north": { "uv": [ 13.375, 13, 12.25, 13.125 ], "texture": "#hippocampus" },
				"south": { "uv": [ 12.25, 13.125, 13.375, 13.25 ], "texture": "#hippocampus" },
				"west": { "uv": [ 8.75, 9.125, 8.875, 9.25 ], "texture": "#hippocampus" },
				"east": { "uv": [ 8, 14.125, 7.875, 14.25 ], "texture": "#hippocampus" }
			}
		},
		{
			"__comment": "Voxels",
			"from": [ 7.75, 14.5, -1.25 ],
			"to": [ 9.75, 14.75, -1 ],
			"faces": {
				"down": { "uv": [ 10, 12.875, 11, 13 ], "texture": "#hippocampus" },
				"up": { "uv": [ 10, 12.125, 11, 12 ], "texture": "#hippocampus" },
				"north": { "uv": [ 11, 12.125, 10, 12.25 ], "texture": "#hippocampus" },
				"south": { "uv": [ 10, 11.625, 11, 11.75 ], "texture": "#hippocampus" },
				"west": { "uv": [ 8.75, 8, 8.875, 8.125 ], "texture": "#hippocampus" },
				"east": { "uv": [ 9.5, 12.25, 9.375, 12.375 ], "texture": "#hippocampus" }
			}
		},
		{
			"__comment": "Voxels",
			"from": [ 8, 7, -2 ],
			"to": [ 10.75, 7.25, -1 ],
			"faces": {
				"down": { "uv": [ 4.5, 9.125, 5.875, 9.625 ], "texture": "#hippocampus" },
				"up": { "uv": [ 4.5, 9.125, 5.875, 8.625 ], "texture": "#hippocampus" },
				"north": { "uv": [ 11.375, 13.375, 10, 13.5 ], "texture": "#hippocampus" },
				"south": { "uv": [ 14.125, 13.5, 15.5, 13.625 ], "texture": "#hippocampus" },
				"west": { "uv": [ 10, 8.125, 10.5, 8.25 ], "texture": "#hippocampus" },
				"east": { "uv": [ 10.5, 8, 10, 8.125 ], "texture": "#hippocampus" }
			}
		},
		{
			"__comment": "Voxels",
			"from": [ 8, 8.25, -2 ],
			"to": [ 11.25, 8.75, -1 ],
			"faces": {
				"down": { "uv": [ 2.25, 8.75, 3.875, 9.25 ], "texture": "#hippocampus" },
				"up": { "uv": [ 2.25, 8.75, 3.875, 8.25 ], "texture": "#hippocampus" },
				"north": { "uv": [ 3.875, 8, 2.25, 8.25 ], "texture": "#hippocampus" },
				"south": { "uv": [ 9.75, 15.125, 11.375, 15.375 ], "texture": "#hippocampus" },
				"west": { "uv": [ 9.5, 9.875, 10, 10.125 ], "texture": "#hippocampus" },
				"east": { "uv": [ 10, 10.625, 9.5, 10.875 ], "texture": "#hippocampus" }
			}
		},
		{
			"__comment": "Voxels",
			"from": [ 8, 12.25, -2 ],
			"to": [ 12, 12.75, -1 ],
			"faces": {
				"down": { "uv": [ 0, 10.5, 2, 11 ], "texture": "#hippocampus" },
				"up": { "uv": [ 0, 10.5, 2, 10 ], "texture": "#hippocampus" },
				"north": { "uv": [ 7.875, 9.375, 5.875, 9.625 ], "texture": "#hippocampus" },
				"south": { "uv": [ 5.875, 9.125, 7.875, 9.375 ], "texture": "#hippocampus" },
				"west": { "uv": [ 9.5, 10.875, 10, 11.125 ], "texture": "#hippocampus" },
				"east": { "uv": [ 10, 11.125, 9.5, 11.375 ], "texture": "#hippocampus" }
			}
		},
		{
			"__comment": "Voxels",
			"from": [ 8, 12.75, -2 ],
			"to": [ 11.75, 13, -1 ],
			"faces": {
				"down": { "uv": [ 0, 9.5, 1.875, 10 ], "texture": "#hippocampus" },
				"up": { "uv": [ 2.25, 11, 4.125, 10.5 ], "texture": "#hippocampus" },
				"north": { "uv": [ 15.875, 14.125, 14, 14.25 ], "texture": "#hippocampus" },
				"south": { "uv": [ 14, 14.25, 15.875, 14.375 ], "texture": "#hippocampus" },
				"west": { "uv": [ 12.5, 12.875, 13, 13 ], "texture": "#hippocampus" },
				"east": { "uv": [ 13.5, 12.875, 13, 13 ], "texture": "#hippocampus" }
			}
		},
		{
			"__comment": "Voxels",
			"from": [ 8, 13.5, -1.5 ],
			"to": [ 10.25, 13.75, -1 ],
			"faces": {
				"down": { "uv": [ 9.5, 13.875, 10.625, 14.125 ], "texture": "#hippocampus" },
				"up": { "uv": [ 14.375, 15.375, 15.5, 15.125 ], "texture": "#hippocampus" },
				"north": { "uv": [ 11.125, 13, 10, 13.125 ], "texture": "#hippocampus" },
				"south": { "uv": [ 13.375, 13.125, 14.5, 13.25 ], "texture": "#hippocampus" },
				"west": { "uv": [ 9.5, 8, 9.75, 8.125 ], "texture": "#hippocampus" },
				"east": { "uv": [ 16, 15.625, 15.75, 15.75 ], "texture": "#hippocampus" }
			}
		},
		{
			"__comment": "Voxels",
			"from": [ 8.25, 7.25, -2 ],
			"to": [ 10.75, 8.25, -1 ],
			"faces": {
				"down": { "uv": [ 4.625, 12.5, 5.875, 13 ], "texture": "#hippocampus" },
				"up": { "uv": [ 4.625, 12.5, 5.875, 12 ], "texture": "#hippocampus" },
				"north": { "uv": [ 5.75, 8.125, 4.5, 8.625 ], "texture": "#hippocampus" },
				"south": { "uv": [ 5.875, 12.25, 7.125, 12.75 ], "texture": "#hippocampus" },
				"west": { "uv": [ 8.875, 11, 9.375, 11.5 ], "texture": "#hippocampus" },
				"east": { "uv": [ 9.375, 8, 8.875, 8.5 ], "texture": "#hippocampus" }
			}
		},
		{
			"__comment": "Voxels",
			"from": [ 8.25, 13.5, -1.75 ],
			"to": [ 10.25, 13.75, -1.5 ],
			"faces": {
				"down": { "uv": [ 10, 12.625, 11, 12.75 ], "texture": "#hippocampus" },
				"up": { "uv": [ 10, 12.875, 11, 12.75 ], "texture": "#hippocampus" },
				"north": { "uv": [ 6.875, 8, 5.875, 8.125 ], "texture": "#hippocampus" },
				"south": { "uv": [ 10, 10.625, 11, 10.75 ], "texture": "#hippocampus" },
				"west": { "uv": [ 8.75, 10.125, 8.875, 10.25 ], "texture": "#hippocampus" },
				"east": { "uv": [ 8.875, 9.625, 8.75, 9.75 ], "texture": "#hippocampus" }
			}
		},
		{
			"__comment": "Voxels",
			"from": [ 8.25, 16, -2 ],
			"to": [ 10.25, 16.25, -1 ],
			"faces": {
				"down": { "uv": [ 5.875, 9.625, 6.875, 10.125 ], "texture": "#hippocampus" },
				"up": { "uv": [ 6.875, 10.625, 7.875, 10.125 ], "texture": "#hippocampus" },
				"north": { "uv": [ 11, 10.75, 10, 10.875 ], "texture": "#hippocampus" },
				"south": { "uv": [ 10, 10.875, 11, 11 ], "texture": "#hippocampus" },
				"west": { "uv": [ 11.5, 12.75, 12, 12.875 ], "texture": "#hippocampus" },
				"east": { "uv": [ 12.5, 12.75, 12, 12.875 ], "texture": "#hippocampus" }
			}
		},
		{
			"__comment": "Voxels",
			"from": [ 8.5, 16.25, -2 ],
			"to": [ 10.5, 16.5, -1 ],
			"faces": {
				"down": { "uv": [ 6.875, 10.625, 7.875, 11.125 ], "texture": "#hippocampus" },
				"up": { "uv": [ 4.75, 13.5, 5.75, 13 ], "texture": "#hippocampus" },
				"north": { "uv": [ 11, 11.5, 10, 11.625 ], "texture": "#hippocampus" },
				"south": { "uv": [ 10, 11.75, 11, 11.875 ], "texture": "#hippocampus" },
				"west": { "uv": [ 13, 12.75, 13.5, 12.875 ], "texture": "#hippocampus" },
				"east": { "uv": [ 14, 12.75, 13.5, 12.875 ], "texture": "#hippocampus" }
			}
		},
		{
			"__comment": "Voxels",
			"from": [ 8.75, 16.5, -2 ],
			"to": [ 10.5, 17, -1 ],
			"faces": {
				"down": { "uv": [ 8, 14.625, 8.875, 15.125 ], "texture": "#hippocampus" },
				"up": { "uv": [ 7.125, 12.75, 8, 12.25 ], "texture": "#hippocampus" },
				"north": { "uv": [ 15.875, 15.75, 15, 16 ], "texture": "#hippocampus" },
				"south": { "uv": [ 8, 8.125, 8.875, 8.375 ], "texture": "#hippocampus" },
				"west": { "uv": [ 9.5, 8.875, 10, 9.125 ], "texture": "#hippocampus" },
				"east": { "uv": [ 10, 9.125, 9.5, 9.375 ], "texture": "#hippocampus" }
			}
		},
		{
			"__comment": "Voxels",
			"from": [ 9, 17, -2 ],
			"to": [ 10.25, 17.25, -1 ],
			"faces": {
				"down": { "uv": [ 8.875, 12.5, 9.5, 13 ], "texture": "#hippocampus" },
				"up": { "uv": [ 7.375, 13.625, 8, 13.125 ], "texture": "#hippocampus" },
				"north": { "uv": [ 16, 13, 15.375, 13.125 ], "texture": "#hippocampus" },
				"south": { "uv": [ 10.25, 9.625, 10.875, 9.75 ], "texture": "#hippocampus" },
				"west": { "uv": [ 11.5, 12.625, 12, 12.75 ], "texture": "#hippocampus" },
				"east": { "uv": [ 12.5, 12.625, 12, 12.75 ], "texture": "#hippocampus" }
			}
		},
		{
			"__comment": "Voxels",
			"from": [ 9, 17.25, -2 ],
			"to": [ 10, 17.5, -1 ],
			"faces": {
				"down": { "uv": [ 8.875, 12, 9.375, 12.5 ], "texture": "#hippocampus" },
				"up": { "uv": [ 8.875, 9.5, 9.375, 9 ], "texture": "#hippocampus" },
				"north": { "uv": [ 14, 12.625, 13.5, 12.75 ], "texture": "#hippocampus" },
				"south": { "uv": [ 14, 12.625, 14.5, 12.75 ], "texture": "#hippocampus" },
				"west": { "uv": [ 11, 11, 11.5, 11.125 ], "texture": "#hippocampus" },
				"east": { "uv": [ 15.5, 12.625, 15, 12.75 ], "texture": "#hippocampus" }
			}
		},
		{
			"__comment": "Voxels",
			"from": [ 9.25, 17.5, -2 ],
			"to": [ 9.75, 17.75, -1 ],
			"faces": {
				"down": { "uv": [ 10, 10.125, 10.25, 10.625 ], "texture": "#hippocampus" },
				"up": { "uv": [ 9.5, 8.625, 9.75, 8.125 ], "texture": "#hippocampus" },
				"north": { "uv": [ 11, 11.25, 10.75, 11.375 ], "texture": "#hippocampus" },
				"south": { "uv": [ 11, 10.375, 11.25, 10.5 ], "texture": "#hippocampus" },
				"west": { "uv": [ 11.5, 12.5, 12, 12.625 ], "texture": "#hippocampus" },
				"east": { "uv": [ 12.5, 12.5, 12, 12.625 ], "texture": "#hippocampus" }
			}
		},
		{
			"__comment": "Voxels",
			"from": [ 9.75, 15.75, -2 ],
			"to": [ 10, 16, -1 ],
			"faces": {
				"down": { "uv": [ 5.75, 13.5, 5.875, 14 ], "texture": "#hippocampus" },
				"up": { "uv": [ 5.75, 13.5, 5.875, 13 ], "texture": "#hippocampus" },
				"north": { "uv": [ 8, 9.25, 7.875, 9.375 ], "texture": "#hippocampus" },
				"south": { "uv": [ 7.875, 9.125, 8, 9.25 ], "texture": "#hippocampus" },
				"west": { "uv": [ 12.5, 12.5, 13, 12.625 ], "texture": "#hippocampus" },
				"east": { "uv": [ 13.5, 12.5, 13, 12.625 ], "texture": "#hippocampus" }
			}
		},
		{
			"__comment": "Voxels",
			"from": [ 10.5, 6.75, -2 ],
			"to": [ 10.75, 7, -1 ],
			"faces": {
				"down": { "uv": [ 5.75, 8.125, 5.875, 8.625 ], "texture": "#hippocampus" },
				"up": { "uv": [ 7.875, 11.125, 8, 10.625 ], "texture": "#hippocampus" },
				"north": { "uv": [ 8.875, 9.25, 8.75, 9.375 ], "texture": "#hippocampus" },
				"south": { "uv": [ 8.75, 9.5, 8.875, 9.625 ], "texture": "#hippocampus" },
				"west": { "uv": [ 10, 8.25, 10.5, 8.375 ], "texture": "#hippocampus" },
				"east": { "uv": [ 14, 12.5, 13.5, 12.625 ], "texture": "#hippocampus" }
			}
		},
		{
			"__comment": "Voxels",
			"from": [ 10.75, 7.5, -2 ],
			"to": [ 11, 8.25, -1 ],
			"faces": {
				"down": { "uv": [ 7.875, 10.125, 8, 10.625 ], "texture": "#hippocampus" },
				"up": { "uv": [ 7.875, 10.125, 8, 9.625 ], "texture": "#hippocampus" },
				"north": { "uv": [ 8, 14.875, 7.875, 15.25 ], "texture": "#hippocampus" },
				"south": { "uv": [ 7.875, 14.5, 8, 14.875 ], "texture": "#hippocampus" },
				"west": { "uv": [ 7.375, 11.875, 7.875, 12.25 ], "texture": "#hippocampus" },
				"east": { "uv": [ 7.875, 11.5, 7.375, 11.875 ], "texture": "#hippocampus" }
			}
		},
		{
			"__comment": "Voxels",
			"from": [ 11, 13.25, -2 ],
			"to": [ 11.5, 13.5, -1 ],
			"faces": {
				"down": { "uv": [ 9.75, 8.125, 10, 8.625 ], "texture": "#hippocampus" },
				"up": { "uv": [ 10, 11.5, 10.25, 11 ], "texture": "#hippocampus" },
				"north": { "uv": [ 12.75, 13.875, 12.5, 14 ], "texture": "#hippocampus" },
				"south": { "uv": [ 9.75, 8, 10, 8.125 ], "texture": "#hippocampus" },
				"west": { "uv": [ 11, 12.375, 11.5, 12.5 ], "texture": "#hippocampus" },
				"east": { "uv": [ 11.5, 12.25, 11, 12.375 ], "texture": "#hippocampus" }
			}
		},
		{
			"__comment": "Voxels",
			"from": [ 11.75, 9.75, -2 ],
			"to": [ 12, 11.5, -1 ],
			"faces": {
				"down": { "uv": [ 8.75, 14.125, 8.875, 14.625 ], "texture": "#hippocampus" },
				"up": { "uv": [ 8.75, 14.125, 8.875, 13.625 ], "texture": "#hippocampus" },
				"north": { "uv": [ 8, 8.25, 7.875, 9.125 ], "texture": "#hippocampus" },
				"south": { "uv": [ 10, 9.25, 10.125, 10.125 ], "texture": "#hippocampus" },
				"west": { "uv": [ 6.875, 8.25, 7.375, 9.125 ], "texture": "#hippocampus" },
				"east": { "uv": [ 7.875, 8.25, 7.375, 9.125 ], "texture": "#hippocampus" }
			}
		},
		{
			"__comment": "Voxels",
			"from": [ 12, 10, -2 ],
			"to": [ 12.25, 11.5, -1 ],
			"faces": {
				"down": { "uv": [ 8.75, 13.125, 8.875, 13.625 ], "texture": "#hippocampus" },
				"up": { "uv": [ 8.75, 13.125, 8.875, 12.625 ], "texture": "#hippocampus" },
				"north": { "uv": [ 4.5, 8, 4.375, 8.75 ], "texture": "#hippocampus" },
				"south": { "uv": [ 10.125, 9.375, 10.25, 10.125 ], "texture": "#hippocampus" },
				"west": { "uv": [ 8, 10.375, 8.5, 11.125 ], "texture": "#hippocampus" },
				"east": { "uv": [ 4.375, 8, 3.875, 8.75 ], "texture": "#hippocampus" }
			}
		},
		{
			"__comment": "Voxels",
			"from": [ 12.25, 10.5, -2 ],
			"to": [ 12.5, 11.5, -1 ],
			"faces": {
				"down": { "uv": [ 8.75, 12.125, 8.875, 12.625 ], "texture": "#hippocampus" },
				"up": { "uv": [ 8.75, 12.125, 8.875, 11.625 ], "texture": "#hippocampus" },
				"north": { "uv": [ 8.875, 11.125, 8.75, 11.625 ], "texture": "#hippocampus" },
				"south": { "uv": [ 8.75, 10.625, 8.875, 11.125 ], "texture": "#hippocampus" },
				"west": { "uv": [ 8.875, 11.5, 9.375, 12 ], "texture": "#hippocampus" },
				"east": { "uv": [ 9.375, 9.5, 8.875, 10 ], "texture": "#hippocampus" }
			}
		}
	],
	"display": {
		"thirdperson_righthand": {
			"rotation":  [ 39, 6, -14 ],
			"translation":  [ -0.692, -2.704, 4.1738 ],
			"scale":  [ 0.5347, 0.3608, 0.4999 ]
		},
		"thirdperson_lefthand": {
			"rotation":  [ 39, 6, -14 ],
			"translation":  [ -0.692, -2.704, 4.1738 ],
			"scale":  [ 0.5347, 0.3608, 0.4999 ]
		},
		"firstperson_righthand": {
			"rotation":  [ -31, -52, -12 ],
			"translation":  [ -3.477, 2.7826, 4.1739 ],
			"scale":  [ 0.5, 0.5, 0.5 ]
		},
		"firstperson_lefthand": {
			"rotation":  [ -31, -52, -12 ],
			"translation":  [ -3.477, 2.7826, 4.1739 ],
			"scale":  [ 0.5, 0.5, 0.5 ]
		},
		"gui": {
			"translation":  [ -0.5, -4, 10.434 ]
		},
		"head": {
			"rotation":  [ 0, 0, -17 ],
			"translation":  [ -1.195, 6.7827, -0.685 ],
			"scale":  [ 0.7, 0.7, 0.7 ]
		},
		"ground": {
			"rotation":  [ -15, 0, 0 ],
			"translation":  [ 0, 3.4843, 0 ],
			"scale":  [ 1.0347, 1, 1 ]
		},
		"fixed": {
			"translation":  [ -1, -5, 12 ],
			"scale":  [ 1.3, 1.3, 1.3 ]
		}
	}
}