{
	"__comment": "Designed by Moon with Cubik Studio - https://cubik.studio",
	"textures": {
		"soju": "item/etc/soju"
	},
	"gui_light": "front",
	"elements": [ 	 
		{
			"__comment": "Voxels",
			"from": [ 2, -4, -5 ],
			"to": [ 13, 16, -4 ],
			"faces": {
				"down": { "uv": [ 1.75, 10.75, 4.5, 11 ], "texture": "#soju" },
				"up": { "uv": [ 1.75, 10.75, 4.5, 10.5 ], "texture": "#soju" },
				"north": { "uv": [ 2.75, 11, 0, 16 ], "texture": "#soju" },
				"south": { "uv": [ 2.75, 11, 5.5, 16 ], "texture": "#soju" },
				"west": { "uv": [ 0, 4.25, 0.25, 9.25 ], "texture": "#soju" },
				"east": { "uv": [ 0.5, 4.25, 0.25, 9.25 ], "texture": "#soju" }
			}
		},
		{
			"__comment": "Voxels",
			"from": [ 3, -5, -5 ],
			"to": [ 12, -4, -4 ],
			"faces": {
				"down": { "uv": [ 1.75, 10.25, 4, 10.5 ], "texture": "#soju" },
				"up": { "uv": [ 1.75, 10.25, 4, 10 ], "texture": "#soju" },
				"north": { "uv": [ 4, 9.75, 1.75, 10 ], "texture": "#soju" },
				"south": { "uv": [ 1.75, 9.5, 4, 9.75 ], "texture": "#soju" },
				"west": { "uv": [ 7.5, 11.25, 7.75, 11.5 ], "texture": "#soju" },
				"east": { "uv": [ 7.5, 11, 7.25, 11.25 ], "texture": "#soju" }
			}
		},
		{
			"__comment": "Voxels",
			"from": [ 3, 16, -5 ],
			"to": [ 12, 17, -4 ],
			"faces": {
				"down": { "uv": [ 1.75, 9.25, 4, 9.5 ], "texture": "#soju" },
				"up": { "uv": [ 4.5, 11, 6.75, 10.75 ], "texture": "#soju" },
				"north": { "uv": [ 6.75, 10.5, 4.5, 10.75 ], "texture": "#soju" },
				"south": { "uv": [ 4.5, 10.25, 6.75, 10.5 ], "texture": "#soju" },
				"west": { "uv": [ 7.25, 11.25, 7.5, 11.5 ], "texture": "#soju" },
				"east": { "uv": [ 8, 11.5, 7.75, 11.75 ], "texture": "#soju" }
			}
		},
		{
			"__comment": "Voxels",
			"from": [ 4, 17, -5 ],
			"to": [ 11, 18, -4 ],
			"faces": {
				"down": { "uv": [ 5.5, 11.25, 7.25, 11.5 ], "texture": "#soju" },
				"up": { "uv": [ 5.5, 11.25, 7.25, 11 ], "texture": "#soju" },
				"north": { "uv": [ 6.25, 10, 4.5, 10.25 ], "texture": "#soju" },
				"south": { "uv": [ 4.5, 9.75, 6.25, 10 ], "texture": "#soju" },
				"west": { "uv": [ 7.5, 11, 7.75, 11.25 ], "texture": "#soju" },
				"east": { "uv": [ 8, 11.25, 7.75, 11.5 ], "texture": "#soju" }
			}
		},
		{
			"__comment": "Voxels",
			"from": [ 5, 18, -5 ],
			"to": [ 10, 29, -4 ],
			"faces": {
				"down": { "uv": [ 6.75, 10.75, 8, 11 ], "texture": "#soju" },
				"up": { "uv": [ 6.75, 10.75, 8, 10.5 ], "texture": "#soju" },
				"north": { "uv": [ 8, 13.25, 6.75, 16 ], "texture": "#soju" },
				"south": { "uv": [ 5.5, 13.25, 6.75, 16 ], "texture": "#soju" },
				"west": { "uv": [ 0.25, 1.5, 0.5, 4.25 ], "texture": "#soju" },
				"east": { "uv": [ 0.25, 1.5, 0, 4.25 ], "texture": "#soju" }
			}
		},
		{
			"__comment": "Voxels",
			"from": [ 18, -4, -5 ],
			"to": [ 25, 3, -4 ],
			"faces": {
				"down": { "uv": [ 4.5, 9.5, 6.25, 9.75 ], "texture": "#soju" },
				"up": { "uv": [ 4.5, 9.5, 6.25, 9.25 ], "texture": "#soju" },
				"north": { "uv": [ 1.75, 9.25, 0, 11 ], "texture": "#soju" },
				"south": { "uv": [ 5.5, 11.5, 7.25, 13.25 ], "texture": "#soju" },
				"west": { "uv": [ 7.25, 11.5, 7.5, 13.25 ], "texture": "#soju" },
				"east": { "uv": [ 7.75, 11.5, 7.5, 13.25 ], "texture": "#soju" }
			}
		},
		{
			"__comment": "Voxels",
			"from": [ 19, -5, -5 ],
			"to": [ 25, -4, -4 ],
			"faces": {
				"down": { "uv": [ 0.5, 9, 2, 9.25 ], "texture": "#soju" },
				"up": { "uv": [ 2, 9.25, 3.5, 9 ], "texture": "#soju" },
				"north": { "uv": [ 5, 9, 3.5, 9.25 ], "texture": "#soju" },
				"south": { "uv": [ 5, 9, 6.5, 9.25 ], "texture": "#soju" },
				"west": { "uv": [ 7.75, 11, 8, 11.25 ], "texture": "#soju" },
				"east": { "uv": [ 4.25, 10, 4, 10.25 ], "texture": "#soju" }
			}
		},
		{
			"__comment": "Voxels",
			"from": [ 25, -3, -5 ],
			"to": [ 26, 3, -4 ],
			"faces": {
				"down": { "uv": [ 4, 10.25, 4.25, 10.5 ], "texture": "#soju" },
				"up": { "uv": [ 4.25, 10.5, 4.5, 10.25 ], "texture": "#soju" },
				"north": { "uv": [ 0.25, 0, 0, 1.5 ], "texture": "#soju" },
				"south": { "uv": [ 0.25, 0, 0.5, 1.5 ], "texture": "#soju" },
				"west": { "uv": [ 0.5, 7.5, 0.75, 9 ], "texture": "#soju" },
				"east": { "uv": [ 8, 11.75, 7.75, 13.25 ], "texture": "#soju" }
			}
		}
	],
	"display": {
		"thirdperson_righthand": {
			"translation":  [ 0.6956, 2.0872, 3.4782 ],
			"scale":  [ 0.3, 0.3, 0.3 ]
		},
		"thirdperson_lefthand": {
			"rotation":  [ 0, 180, 0 ],
			"translation":  [ 0.6956, 2.0872, -4.173 ],
			"scale":  [ 0.3, 0.3, 0.3 ]
		},
		"firstperson_righthand": {
			"rotation":  [ -14, 6, 16 ],
			"translation":  [ 9.043, -0.695, -6.242 ],
			"scale":  [ 0.5, 0.5, 0.5 ]
		},
		"firstperson_lefthand": {
			"rotation":  [ -14, 6, 16 ],
			"translation":  [ 13.913, 0.6956, -6.242 ],
			"scale":  [ 0.5, 0.5, 0.5 ]
		},
		"gui": {
			"translation":  [ -2.782, -1.391, 6.9565 ],
			"scale":  [ 0.5, 0.38, 0.5 ]
		},
		"head": {
			"rotation":  [ 0, 180, 0 ],
			"translation":  [ 2.0869, 13.912, -7.651 ],
			"scale":  [ 0.5, 0.5, 0.5 ]
		},
		"ground": {
			"translation":  [ 0, 7.6521, 0 ],
			"scale":  [ 0.5, 0.5, 0.5 ]
		},
		"fixed": {
			"rotation":  [ 0, 180, 0 ],
			"translation":  [ 3.4782, -2.086, -9.738 ],
			"scale":  [ 0.65, 0.6, 0.7 ]
		}
	}
}