{
	"providers": [
		{
			"type": "ttf",
			"note": "Many thanks to AmberW#4615",
			"file": "minecraft:negative_spaces.ttf",
			"shift": [0.0, 0.0],
			"size": 1,
			"oversample": 1.0
		},
		{
			"type": "bitmap",
			"file": "text.textures:gold.png",
			"ascent": 20,
			"height": 32,
			"chars": ["㆒"]
		},
		{
			"type": "bitmap",
			"file": "text.textures:silver.png",
			"ascent": 20,
			"height": 32,
			"chars": ["㆓"]
		},
		{
			"type": "bitmap",
			"file": "text.textures:copper.png",
			"ascent": 20,
			"height": 32,
			"chars": ["㆔"]
		}
	]
}

