{
	"__comment": "moon",
	"textures": {
		"particle": "item/fish/koi",
		"koi": "item/fish/koi"
	},
	"gui_light": "front",
	"elements": [ 	 
		{
			"__comment": "Voxels",
			"from": [ -8.32, 7.68, 6.4 ],
			"to": [ 19.2, 8.32, 7.039999 ],
			"faces": {
				"down": { "uv": [ 0, 10.5, 5.375, 10.625 ], "texture": "#koi" },
				"up": { "uv": [ 0, 11, 5.375, 10.875 ], "texture": "#koi" },
				"north": { "uv": [ 5.375, 10.75, 0, 10.875 ], "texture": "#koi" },
				"south": { "uv": [ 0, 10.625, 5.375, 10.75 ], "texture": "#koi" },
				"west": { "uv": [ 7.875, 15.875, 8, 16 ], "texture": "#koi" },
				"east": { "uv": [ 6.125, 11.25, 6, 11.375 ], "texture": "#koi" }
			}
		},
		{
			"__comment": "Voxels",
			"from": [ -8.32, 7.68, 7.04 ],
			"to": [ 18.56, 8.32, 9.6 ],
			"faces": {
				"down": { "uv": [ 0, 15.5, 5.25, 16 ], "texture": "#koi" },
				"up": { "uv": [ 0, 15.5, 5.25, 15 ], "texture": "#koi" },
				"north": { "uv": [ 5.25, 10.375, 0, 10.5 ], "texture": "#koi" },
				"south": { "uv": [ 0, 10.25, 5.25, 10.375 ], "texture": "#koi" },
				"west": { "uv": [ 7.125, 11.875, 7.625, 12 ], "texture": "#koi" },
				"east": { "uv": [ 6.5, 11.75, 6, 11.875 ], "texture": "#koi" }
			}
		},
		{
			"__comment": "Voxels",
			"from": [ -7.68, 7.68, 9.599999 ],
			"to": [ 24.32, 8.32, 10.88 ],
			"faces": {
				"down": { "uv": [ 0, 14, 6.25, 14.25 ], "texture": "#koi" },
				"up": { "uv": [ 0, 14, 6.25, 13.75 ], "texture": "#koi" },
				"north": { "uv": [ 6.25, 12.625, 0, 12.75 ], "texture": "#koi" },
				"south": { "uv": [ 0, 12.5, 6.25, 12.625 ], "texture": "#koi" },
				"west": { "uv": [ 7.75, 14.125, 8, 14.25 ], "texture": "#koi" },
				"east": { "uv": [ 8, 14, 7.75, 14.125 ], "texture": "#koi" }
			}
		},
		{
			"__comment": "Voxels",
			"from": [ -7.04, 7.68, 5.76 ],
			"to": [ 19.84, 8.32, 6.4 ],
			"faces": {
				"down": { "uv": [ 0, 10.125, 5.25, 10.25 ], "texture": "#koi" },
				"up": { "uv": [ 0, 10.125, 5.25, 10 ], "texture": "#koi" },
				"north": { "uv": [ 5.25, 9.875, 0, 10 ], "texture": "#koi" },
				"south": { "uv": [ 0, 9.75, 5.25, 9.875 ], "texture": "#koi" },
				"west": { "uv": [ 6.125, 11.25, 6.25, 11.375 ], "texture": "#koi" },
				"east": { "uv": [ 7.75, 11.25, 7.625, 11.375 ], "texture": "#koi" }
			}
		},
		{
			"__comment": "Voxels",
			"from": [ -7.04, 7.68, 10.88 ],
			"to": [ 24.32, 8.32, 11.52 ],
			"faces": {
				"down": { "uv": [ 0, 12.25, 6.125, 12.375 ], "texture": "#koi" },
				"up": { "uv": [ 0, 12.25, 6.125, 12.125 ], "texture": "#koi" },
				"north": { "uv": [ 6.125, 12.375, 0, 12.5 ], "texture": "#koi" },
				"south": { "uv": [ 0, 12, 6.125, 12.125 ], "texture": "#koi" },
				"west": { "uv": [ 7.75, 11.25, 7.875, 11.375 ], "texture": "#koi" },
				"east": { "uv": [ 8, 11.25, 7.875, 11.375 ], "texture": "#koi" }
			}
		},
		{
			"__comment": "Voxels",
			"from": [ -6.4, 7.68, 11.52 ],
			"to": [ 24.32, 8.32, 12.8 ],
			"faces": {
				"down": { "uv": [ 0, 13.5, 6, 13.75 ], "texture": "#koi" },
				"up": { "uv": [ 0, 13.5, 6, 13.25 ], "texture": "#koi" },
				"north": { "uv": [ 6, 11.875, 0, 12 ], "texture": "#koi" },
				"south": { "uv": [ 0, 11.75, 6, 11.875 ], "texture": "#koi" },
				"west": { "uv": [ 7.75, 15.375, 8, 15.5 ], "texture": "#koi" },
				"east": { "uv": [ 8, 13.25, 7.75, 13.375 ], "texture": "#koi" }
			}
		},
		{
			"__comment": "Voxels",
			"from": [ -5.76, 7.68, 12.8 ],
			"to": [ 24.32, 8.32, 14.72 ],
			"faces": {
				"down": { "uv": [ 0, 14.25, 5.875, 14.625 ], "texture": "#koi" },
				"up": { "uv": [ 0, 15, 5.875, 14.625 ], "texture": "#koi" },
				"north": { "uv": [ 5.875, 11.5, 0, 11.625 ], "texture": "#koi" },
				"south": { "uv": [ 0, 11.625, 5.875, 11.75 ], "texture": "#koi" },
				"west": { "uv": [ 5.75, 11.375, 6.125, 11.5 ], "texture": "#koi" },
				"east": { "uv": [ 8, 15.125, 7.625, 15.25 ], "texture": "#koi" }
			}
		},
		{
			"__comment": "Voxels",
			"from": [ -5.12, 7.68, 14.72 ],
			"to": [ 24.32, 8.32, 15.36 ],
			"faces": {
				"down": { "uv": [ 0, 11, 5.75, 11.125 ], "texture": "#koi" },
				"up": { "uv": [ 0, 11.25, 5.75, 11.125 ], "texture": "#koi" },
				"north": { "uv": [ 5.75, 11.25, 0, 11.375 ], "texture": "#koi" },
				"south": { "uv": [ 0, 11.375, 5.75, 11.5 ], "texture": "#koi" },
				"west": { "uv": [ 7.5, 11.25, 7.625, 11.375 ], "texture": "#koi" },
				"east": { "uv": [ 7.5, 11.25, 7.375, 11.375 ], "texture": "#koi" }
			}
		},
		{
			"__comment": "Voxels",
			"from": [ -5.12, 7.68, 15.36 ],
			"to": [ 19.2, 8.32, 16 ],
			"faces": {
				"down": { "uv": [ 0, 9, 4.75, 9.125 ], "texture": "#koi" },
				"up": { "uv": [ 0, 9, 4.75, 8.875 ], "texture": "#koi" },
				"north": { "uv": [ 4.75, 8.75, 0, 8.875 ], "texture": "#koi" },
				"south": { "uv": [ 0, 9.125, 4.75, 9.25 ], "texture": "#koi" },
				"west": { "uv": [ 7.25, 11.25, 7.375, 11.375 ], "texture": "#koi" },
				"east": { "uv": [ 5.875, 11.125, 5.75, 11.25 ], "texture": "#koi" }
			}
		},
		{
			"__comment": "Voxels",
			"from": [ -4.48, 7.68, 5.12 ],
			"to": [ 20.48, 8.32, 5.76 ],
			"faces": {
				"down": { "uv": [ 0, 9.25, 4.875, 9.375 ], "texture": "#koi" },
				"up": { "uv": [ 0, 9.5, 4.875, 9.375 ], "texture": "#koi" },
				"north": { "uv": [ 4.875, 9.5, 0, 9.625 ], "texture": "#koi" },
				"south": { "uv": [ 0, 9.625, 4.875, 9.75 ], "texture": "#koi" },
				"west": { "uv": [ 6.875, 11.25, 7, 11.375 ], "texture": "#koi" },
				"east": { "uv": [ 6.875, 11.25, 6.75, 11.375 ], "texture": "#koi" }
			}
		},
		{
			"__comment": "Voxels",
			"from": [ -3.84, 7.68, 4.48 ],
			"to": [ 20.48, 8.32, 5.12 ],
			"faces": {
				"down": { "uv": [ 0, 8.625, 4.75, 8.75 ], "texture": "#koi" },
				"up": { "uv": [ 0, 8.625, 4.75, 8.5 ], "texture": "#koi" },
				"north": { "uv": [ 4.75, 8.375, 0, 8.5 ], "texture": "#koi" },
				"south": { "uv": [ 0, 8.25, 4.75, 8.375 ], "texture": "#koi" },
				"west": { "uv": [ 6.625, 11.25, 6.75, 11.375 ], "texture": "#koi" },
				"east": { "uv": [ 6.625, 11.25, 6.5, 11.375 ], "texture": "#koi" }
			}
		},
		{
			"__comment": "Voxels",
			"from": [ -3.84, 7.68, 16 ],
			"to": [ 19.2, 8.32, 17.28 ],
			"faces": {
				"down": { "uv": [ 0, 13, 4.5, 13.25 ], "texture": "#koi" },
				"up": { "uv": [ 0, 13, 4.5, 12.75 ], "texture": "#koi" },
				"north": { "uv": [ 4.5, 7.625, 0, 7.75 ], "texture": "#koi" },
				"south": { "uv": [ 0, 7, 4.5, 7.125 ], "texture": "#koi" },
				"west": { "uv": [ 7.75, 13.375, 8, 13.5 ], "texture": "#koi" },
				"east": { "uv": [ 8, 13.75, 7.75, 13.875 ], "texture": "#koi" }
			}
		},
		{
			"__comment": "Voxels",
			"from": [ -3.2, 7.68, 3.84 ],
			"to": [ 20.48, 8.32, 4.48 ],
			"faces": {
				"down": { "uv": [ 0, 7.75, 4.625, 7.875 ], "texture": "#koi" },
				"up": { "uv": [ 0, 8, 4.625, 7.875 ], "texture": "#koi" },
				"north": { "uv": [ 4.625, 8, 0, 8.125 ], "texture": "#koi" },
				"south": { "uv": [ 0, 8.125, 4.625, 8.25 ], "texture": "#koi" },
				"west": { "uv": [ 5.875, 11.25, 6, 11.375 ], "texture": "#koi" },
				"east": { "uv": [ 5.875, 11.25, 5.75, 11.375 ], "texture": "#koi" }
			}
		},
		{
			"__comment": "Voxels",
			"from": [ -2.56, 7.68, 3.2 ],
			"to": [ 20.48, 8.32, 3.84 ],
			"faces": {
				"down": { "uv": [ 0, 7.125, 4.5, 7.25 ], "texture": "#koi" },
				"up": { "uv": [ 0, 7.625, 4.5, 7.5 ], "texture": "#koi" },
				"north": { "uv": [ 4.5, 7.375, 0, 7.5 ], "texture": "#koi" },
				"south": { "uv": [ 0, 7.25, 4.5, 7.375 ], "texture": "#koi" },
				"west": { "uv": [ 7.625, 11.375, 7.75, 11.5 ], "texture": "#koi" },
				"east": { "uv": [ 7.625, 11.375, 7.5, 11.5 ], "texture": "#koi" }
			}
		},
		{
			"__comment": "Voxels",
			"from": [ -1.92, 7.68, 2.56 ],
			"to": [ 19.84, 8.32, 3.2 ],
			"faces": {
				"down": { "uv": [ 0, 6.875, 4.25, 7 ], "texture": "#koi" },
				"up": { "uv": [ 0, 6.875, 4.25, 6.75 ], "texture": "#koi" },
				"north": { "uv": [ 4.25, 6.625, 0, 6.75 ], "texture": "#koi" },
				"south": { "uv": [ 0, 6.5, 4.25, 6.625 ], "texture": "#koi" },
				"west": { "uv": [ 7.375, 11.375, 7.5, 11.5 ], "texture": "#koi" },
				"east": { "uv": [ 7.375, 11.375, 7.25, 11.5 ], "texture": "#koi" }
			}
		},
		{
			"__comment": "Voxels",
			"from": [ -1.28, 7.68, 1.92 ],
			"to": [ 19.2, 8.32, 2.56 ],
			"faces": {
				"down": { "uv": [ 4, 6.25, 8, 6.375 ], "texture": "#koi" },
				"up": { "uv": [ 0, 6.5, 4, 6.375 ], "texture": "#koi" },
				"north": { "uv": [ 8, 6.375, 4, 6.5 ], "texture": "#koi" },
				"south": { "uv": [ 0, 6.25, 4, 6.375 ], "texture": "#koi" },
				"west": { "uv": [ 6.875, 11.375, 7, 11.5 ], "texture": "#koi" },
				"east": { "uv": [ 6.875, 11.375, 6.75, 11.5 ], "texture": "#koi" }
			}
		},
		{
			"__comment": "Voxels",
			"from": [ 0.64, 7.68, 1.28 ],
			"to": [ 17.92, 8.32, 1.92 ],
			"faces": {
				"down": { "uv": [ 4.5, 12.875, 7.875, 13 ], "texture": "#koi" },
				"up": { "uv": [ 4.5, 12.875, 7.875, 12.75 ], "texture": "#koi" },
				"north": { "uv": [ 7.875, 13.125, 4.5, 13.25 ], "texture": "#koi" },
				"south": { "uv": [ 4.5, 13, 7.875, 13.125 ], "texture": "#koi" },
				"west": { "uv": [ 6.625, 11.375, 6.75, 11.5 ], "texture": "#koi" },
				"east": { "uv": [ 6.625, 11.375, 6.5, 11.5 ], "texture": "#koi" }
			}
		},
		{
			"__comment": "Voxels",
			"from": [ 1.28, 7.68, 0.64 ],
			"to": [ 17.28, 8.32, 1.28 ],
			"faces": {
				"down": { "uv": [ 4.875, 9.375, 8, 9.5 ], "texture": "#koi" },
				"up": { "uv": [ 4.875, 9.375, 8, 9.25 ], "texture": "#koi" },
				"north": { "uv": [ 8, 9.625, 4.875, 9.75 ], "texture": "#koi" },
				"south": { "uv": [ 4.875, 9.5, 8, 9.625 ], "texture": "#koi" },
				"west": { "uv": [ 7.875, 12.75, 8, 12.875 ], "texture": "#koi" },
				"east": { "uv": [ 8, 12.875, 7.875, 13 ], "texture": "#koi" }
			}
		},
		{
			"__comment": "Voxels",
			"from": [ 1.92, 7.68, 17.28 ],
			"to": [ 12.8, 8.32, 17.92 ],
			"faces": {
				"down": { "uv": [ 5.875, 14.5, 8, 14.625 ], "texture": "#koi" },
				"up": { "uv": [ 5.875, 14.75, 8, 14.625 ], "texture": "#koi" },
				"north": { "uv": [ 8, 14.75, 5.875, 14.875 ], "texture": "#koi" },
				"south": { "uv": [ 5.875, 14.875, 8, 15 ], "texture": "#koi" },
				"west": { "uv": [ 7.875, 13, 8, 13.125 ], "texture": "#koi" },
				"east": { "uv": [ 8, 13.625, 7.875, 13.75 ], "texture": "#koi" }
			}
		},
		{
			"__comment": "Voxels",
			"from": [ 2.56, 7.68, 0 ],
			"to": [ 16, 8.32, 0.64 ],
			"faces": {
				"down": { "uv": [ 5.25, 15.5, 7.875, 15.625 ], "texture": "#koi" },
				"up": { "uv": [ 5.25, 15.75, 7.875, 15.625 ], "texture": "#koi" },
				"north": { "uv": [ 7.875, 15.75, 5.25, 15.875 ], "texture": "#koi" },
				"south": { "uv": [ 5.25, 15.875, 7.875, 16 ], "texture": "#koi" },
				"west": { "uv": [ 7.875, 15.5, 8, 15.625 ], "texture": "#koi" },
				"east": { "uv": [ 8, 15.625, 7.875, 15.75 ], "texture": "#koi" }
			}
		},
		{
			"__comment": "Voxels",
			"from": [ 8.96, 7.68, -1.28 ],
			"to": [ 15.36, 8.32, 0 ],
			"faces": {
				"down": { "uv": [ 5.25, 15, 6.5, 15.25 ], "texture": "#koi" },
				"up": { "uv": [ 5.25, 15.5, 6.5, 15.25 ], "texture": "#koi" },
				"north": { "uv": [ 7.75, 15.25, 6.5, 15.375 ], "texture": "#koi" },
				"south": { "uv": [ 6.5, 15.375, 7.75, 15.5 ], "texture": "#koi" },
				"west": { "uv": [ 7.75, 15.25, 8, 15.375 ], "texture": "#koi" },
				"east": { "uv": [ 8, 13.875, 7.75, 14 ], "texture": "#koi" }
			}
		},
		{
			"__comment": "Voxels",
			"from": [ 8.96, 7.68, 17.92 ],
			"to": [ 11.52, 8.32, 18.56 ],
			"faces": {
				"down": { "uv": [ 6.875, 11.625, 7.375, 11.75 ], "texture": "#koi" },
				"up": { "uv": [ 7.375, 11.75, 7.875, 11.625 ], "texture": "#koi" },
				"north": { "uv": [ 6.375, 11.5, 5.875, 11.625 ], "texture": "#koi" },
				"south": { "uv": [ 6.375, 11.5, 6.875, 11.625 ], "texture": "#koi" },
				"west": { "uv": [ 6.75, 11.125, 6.875, 11.25 ], "texture": "#koi" },
				"east": { "uv": [ 6.75, 11.125, 6.625, 11.25 ], "texture": "#koi" }
			}
		},
		{
			"__comment": "Voxels",
			"from": [ 9.599999, 7.68, -1.92 ],
			"to": [ 14.72, 8.32, -1.28 ],
			"faces": {
				"down": { "uv": [ 6.25, 14, 7.25, 14.125 ], "texture": "#koi" },
				"up": { "uv": [ 6.25, 14, 7.25, 13.875 ], "texture": "#koi" },
				"north": { "uv": [ 7.25, 13.75, 6.25, 13.875 ], "texture": "#koi" },
				"south": { "uv": [ 7, 14.375, 8, 14.5 ], "texture": "#koi" },
				"west": { "uv": [ 6.5, 11.125, 6.625, 11.25 ], "texture": "#koi" },
				"east": { "uv": [ 6.25, 11.125, 6.125, 11.25 ], "texture": "#koi" }
			}
		},
		{
			"__comment": "Voxels",
			"from": [ 10.24, 7.68, -2.56 ],
			"to": [ 14.08, 8.32, -1.92 ],
			"faces": {
				"down": { "uv": [ 6.25, 12.5, 7, 12.625 ], "texture": "#koi" },
				"up": { "uv": [ 6.875, 12.25, 7.625, 12.125 ], "texture": "#koi" },
				"north": { "uv": [ 7.625, 12.25, 6.875, 12.375 ], "texture": "#koi" },
				"south": { "uv": [ 6.125, 12.25, 6.875, 12.375 ], "texture": "#koi" },
				"west": { "uv": [ 5.875, 11.125, 6, 11.25 ], "texture": "#koi" },
				"east": { "uv": [ 6.125, 11.125, 6, 11.25 ], "texture": "#koi" }
			}
		},
		{
			"__comment": "Voxels",
			"from": [ 10.88, 7.68, -3.2 ],
			"to": [ 13.44, 8.32, -2.56 ],
			"faces": {
				"down": { "uv": [ 7, 11.75, 7.5, 11.875 ], "texture": "#koi" },
				"up": { "uv": [ 6.5, 11.875, 7, 11.75 ], "texture": "#koi" },
				"north": { "uv": [ 7.125, 11.875, 6.625, 12 ], "texture": "#koi" },
				"south": { "uv": [ 6.375, 11.625, 6.875, 11.75 ], "texture": "#koi" },
				"west": { "uv": [ 6.875, 11.125, 7, 11.25 ], "texture": "#koi" },
				"east": { "uv": [ 8, 15.75, 7.875, 15.875 ], "texture": "#koi" }
			}
		},
		{
			"__comment": "Voxels",
			"from": [ 14.08, 7.68, 17.28 ],
			"to": [ 19.2, 8.32, 17.92 ],
			"faces": {
				"down": { "uv": [ 6.25, 14.125, 7.25, 14.25 ], "texture": "#koi" },
				"up": { "uv": [ 6, 13.75, 7, 13.625 ], "texture": "#koi" },
				"north": { "uv": [ 7, 13.5, 6, 13.625 ], "texture": "#koi" },
				"south": { "uv": [ 7, 14.25, 8, 14.375 ], "texture": "#koi" },
				"west": { "uv": [ 7.875, 13.5, 8, 13.625 ], "texture": "#koi" },
				"east": { "uv": [ 8, 13.125, 7.875, 13.25 ], "texture": "#koi" }
			}
		},
		{
			"__comment": "Voxels",
			"from": [ 14.08, 7.68, 17.92 ],
			"to": [ 18.56, 8.32, 18.56 ],
			"faces": {
				"down": { "uv": [ 6.25, 12.625, 7.125, 12.75 ], "texture": "#koi" },
				"up": { "uv": [ 7, 13.625, 7.875, 13.5 ], "texture": "#koi" },
				"north": { "uv": [ 6.875, 13.25, 6, 13.375 ], "texture": "#koi" },
				"south": { "uv": [ 7, 13.625, 7.875, 13.75 ], "texture": "#koi" },
				"west": { "uv": [ 7.875, 11.625, 8, 11.75 ], "texture": "#koi" },
				"east": { "uv": [ 6.5, 11.375, 6.375, 11.5 ], "texture": "#koi" }
			}
		},
		{
			"__comment": "Voxels",
			"from": [ 14.72, 7.68, 18.56 ],
			"to": [ 17.92, 8.32, 19.2 ],
			"faces": {
				"down": { "uv": [ 6.125, 12, 6.75, 12.125 ], "texture": "#koi" },
				"up": { "uv": [ 6.75, 12.125, 7.375, 12 ], "texture": "#koi" },
				"north": { "uv": [ 8, 12, 7.375, 12.125 ], "texture": "#koi" },
				"south": { "uv": [ 6, 11.875, 6.625, 12 ], "texture": "#koi" },
				"west": { "uv": [ 7, 11.375, 7.125, 11.5 ], "texture": "#koi" },
				"east": { "uv": [ 7.25, 11.375, 7.125, 11.5 ], "texture": "#koi" }
			}
		},
		{
			"__comment": "Voxels",
			"from": [ 18.56, 7.68, 8.96 ],
			"to": [ 24.32, 8.32, 9.6 ],
			"faces": {
				"down": { "uv": [ 6.5, 15, 7.625, 15.125 ], "texture": "#koi" },
				"up": { "uv": [ 6.5, 15.25, 7.625, 15.125 ], "texture": "#koi" },
				"north": { "uv": [ 7, 14.25, 5.875, 14.375 ], "texture": "#koi" },
				"south": { "uv": [ 5.875, 14.375, 7, 14.5 ], "texture": "#koi" },
				"west": { "uv": [ 7.75, 11.375, 7.875, 11.5 ], "texture": "#koi" },
				"east": { "uv": [ 8, 11.375, 7.875, 11.5 ], "texture": "#koi" }
			}
		},
		{
			"__comment": "Voxels",
			"from": [ 19.84, 7.68, 15.36 ],
			"to": [ 24.32, 8.32, 16 ],
			"faces": {
				"down": { "uv": [ 7.125, 12.625, 8, 12.75 ], "texture": "#koi" },
				"up": { "uv": [ 6.875, 13.5, 7.75, 13.375 ], "texture": "#koi" },
				"north": { "uv": [ 7.75, 13.25, 6.875, 13.375 ], "texture": "#koi" },
				"south": { "uv": [ 6, 13.375, 6.875, 13.5 ], "texture": "#koi" },
				"west": { "uv": [ 6.25, 11.25, 6.375, 11.375 ], "texture": "#koi" },
				"east": { "uv": [ 6.5, 11.25, 6.375, 11.375 ], "texture": "#koi" }
			}
		},
		{
			"__comment": "Voxels",
			"from": [ 20.48, 7.68, 8.32 ],
			"to": [ 24.32, 8.32, 8.96 ],
			"faces": {
				"down": { "uv": [ 6.125, 12.125, 6.875, 12.25 ], "texture": "#koi" },
				"up": { "uv": [ 7, 12.625, 7.75, 12.5 ], "texture": "#koi" },
				"north": { "uv": [ 6.875, 12.375, 6.125, 12.5 ], "texture": "#koi" },
				"south": { "uv": [ 6.875, 12.375, 7.625, 12.5 ], "texture": "#koi" },
				"west": { "uv": [ 7, 11.25, 7.125, 11.375 ], "texture": "#koi" },
				"east": { "uv": [ 7.25, 11.25, 7.125, 11.375 ], "texture": "#koi" }
			}
		},
		{
			"__comment": "Voxels",
			"from": [ 21.76, 7.68, 7.04 ],
			"to": [ 24.32, 8.32, 8.32 ],
			"faces": {
				"down": { "uv": [ 7.25, 13.75, 7.75, 14 ], "texture": "#koi" },
				"up": { "uv": [ 7.25, 14.25, 7.75, 14 ], "texture": "#koi" },
				"north": { "uv": [ 6.375, 11.625, 5.875, 11.75 ], "texture": "#koi" },
				"south": { "uv": [ 7.5, 11.75, 8, 11.875 ], "texture": "#koi" },
				"west": { "uv": [ 7.75, 12.5, 8, 12.625 ], "texture": "#koi" },
				"east": { "uv": [ 6.375, 11.375, 6.125, 11.5 ], "texture": "#koi" }
			}
		},
		{
			"__comment": "Voxels",
			"from": [ 21.76, 7.68, 16 ],
			"to": [ 23.68, 8.32, 16.64 ],
			"faces": {
				"down": { "uv": [ 7.625, 15, 8, 15.125 ], "texture": "#koi" },
				"up": { "uv": [ 7.625, 12.5, 8, 12.375 ], "texture": "#koi" },
				"north": { "uv": [ 8, 12.25, 7.625, 12.375 ], "texture": "#koi" },
				"south": { "uv": [ 7.625, 12.125, 8, 12.25 ], "texture": "#koi" },
				"west": { "uv": [ 6.25, 11.125, 6.375, 11.25 ], "texture": "#koi" },
				"east": { "uv": [ 6.5, 11.125, 6.375, 11.25 ], "texture": "#koi" }
			}
		},
		{
			"__comment": "Voxels",
			"from": [ 22.4, 7.68, 6.4 ],
			"to": [ 24.32, 8.32, 7.039999 ],
			"faces": {
				"down": { "uv": [ 7.625, 11.875, 8, 12 ], "texture": "#koi" },
				"up": { "uv": [ 6.875, 11.625, 7.25, 11.5 ], "texture": "#koi" },
				"north": { "uv": [ 7.625, 11.5, 7.25, 11.625 ], "texture": "#koi" },
				"south": { "uv": [ 7.625, 11.5, 8, 11.625 ], "texture": "#koi" },
				"west": { "uv": [ 7, 11.125, 7.125, 11.25 ], "texture": "#koi" },
				"east": { "uv": [ 7.25, 11.125, 7.125, 11.25 ], "texture": "#koi" }
			}
		},
		{
			"__comment": "Voxels",
			"from": [ 23.04, 7.68, 5.76 ],
			"to": [ 23.68, 8.32, 6.4 ],
			"faces": {
				"down": { "uv": [ 7.25, 11.125, 7.375, 11.25 ], "texture": "#koi" },
				"up": { "uv": [ 7.375, 11.25, 7.5, 11.125 ], "texture": "#koi" },
				"north": { "uv": [ 7.625, 11.125, 7.5, 11.25 ], "texture": "#koi" },
				"south": { "uv": [ 7.625, 11.125, 7.75, 11.25 ], "texture": "#koi" },
				"west": { "uv": [ 7.75, 11.125, 7.875, 11.25 ], "texture": "#koi" },
				"east": { "uv": [ 8, 11.125, 7.875, 11.25 ], "texture": "#koi" }
			}
		}
	],
	"display": {
		"thirdperson_righthand": {
			"rotation":  [ 103, -35, 3 ],
			"translation":  [ -2.782, 3.4782, 2.7826 ],
			"scale":  [ 0.3, 0.3, 0.3 ]
		},
		"thirdperson_lefthand": {
			"rotation":  [ 100, 109, -2 ],
			"translation":  [ -2.782, 3.4782, 3.4782 ],
			"scale":  [ 0.3, 0.3, 0.3 ]
		},
		"firstperson_righthand": {
			"rotation":  [ 61, -22, 3 ],
			"translation":  [ 2.7826, 2.0869, 0 ],
			"scale":  [ 0.4, 0.4, 0.4 ]
		},
		"firstperson_lefthand": {
			"rotation":  [ 61, -18, 180 ],
			"translation":  [ 3.4782, 2.0869, -2.086 ],
			"scale":  [ 0.4, 0.4, 0.4 ]
		},
		"gui": {
			"rotation":  [ 76, 0, 0 ],
			"scale":  [ 0.4, 1, 0.4 ]
		},
		"head": {
			"rotation":  [ -90, -180, 0 ],
			"translation":  [ 0, 13.913, 4.8695 ],
			"scale":  [ 0.5, 1, 0.5 ]
		},
		"ground": {
			"rotation":  [ 73, 0, -4 ],
			"translation":  [ 0.1015, 6.9565, -1.391 ],
			"scale":  [ 0.5, 1, 0.5 ]
		},
		"fixed": {
			"rotation":  [ -90, 180, 0 ],
			"translation":  [ 0, 0, -0.694 ],
			"scale":  [ 0.5, 1, 0.5 ]
		}
	}
}