{
	"credit": "Made with Blockbench",
	"texture_size": [16, 32],
	"textures": {
		"0": "item/etc/camera",
		"particle": "item/etc/camera"
	},
	"gui_light": "front",
	"elements": [
		{
			"from": [3, 0, 8],
			"to": [13, 7, 12],
			"rotation": {"angle": 0, "axis": "y", "origin": [12, 8, 17]},
			"faces": {
				"north": {"uv": [0, 5.5, 10, 9], "texture": "#0"},
				"east": {"uv": [10, 2, 14, 5.5], "texture": "#0"},
				"south": {"uv": [0, 2, 10, 5.5], "texture": "#0"},
				"west": {"uv": [10, 5.5, 14, 9], "texture": "#0"},
				"up": {"uv": [0, 0, 10, 2], "rotation": 180, "texture": "#0"},
				"down": {"uv": [0, 0, 10, 2], "texture": "#0"}
			}
		},
		{
			"from": [4, 0, 7],
			"to": [9, 5, 8],
			"rotation": {"angle": 0, "axis": "y", "origin": [13, 8, 13]},
			"faces": {
				"north": {"uv": [0, 13.5, 5, 16], "texture": "#0"},
				"east": {"uv": [5, 13.5, 6, 16], "texture": "#0"},
				"west": {"uv": [6, 13.5, 7, 16], "texture": "#0"},
				"up": {"uv": [0, 12.5, 5, 13], "texture": "#0"},
				"down": {"uv": [0, 12.5, 5, 13], "texture": "#0"}
			}
		},
		{
			"from": [5, 7, 9],
			"to": [8, 8, 11],
			"rotation": {"angle": 0, "axis": "y", "origin": [13, 15, 18]},
			"faces": {
				"north": {"uv": [10, 9, 13, 9.5], "texture": "#0"},
				"east": {"uv": [5, 7.5, 7, 8], "texture": "#0"},
				"south": {"uv": [5, 7.5, 7, 8], "texture": "#0"},
				"west": {"uv": [5, 7.5, 7, 8], "texture": "#0"},
				"up": {"uv": [5, 7, 7, 8], "texture": "#0"},
				"down": {"uv": [0, 0, 2, 1], "texture": "#0"}
			}
		}
	],
	"display": {
		"thirdperson_righthand": {
			"rotation": [78, 0, 0],
			"translation": [-0.75, 4.5, 5.5],
			"scale": [0.8, 0.8, 0.8]
		},
		"thirdperson_lefthand": {
			"rotation": [79, 0, 0],
			"translation": [0, 4.25, 5.75],
			"scale": [0.8, 0.8, 0.8]
		},
		"firstperson_righthand": {
			"translation": [7.5, 1, -7.75]
		},
		"firstperson_lefthand": {
			"translation": [5.25, 1.5, -6.25]
		},
		"ground": {
			"translation": [0, 5.75, 0]
		},
		"gui": {
			"rotation": [-9, 157, -3],
			"translation": [-1, 4.5, 0]
		},
		"head": {
			"translation": [0, 15, -2.5]
		},
		"fixed": {
			"translation": [0, 7, -6.25],
			"scale": [1.5, 1.5, 1.5]
		}
	}
}