{
	"credit": "Made with Blockbench",
	"texture_size": [32, 32],
	"textures": {
		"0": "item/decor/modern/modern_daisy_pot",
		"particle": "item/decor/modern/modern_daisy_pot"
	},
	"elements": [
		{
			"from": [5, 0, 5],
			"to": [11, 5, 11],
			"faces": {
				"north": {"uv": [5, 6, 8, 8.5], "texture": "#0"},
				"east": {"uv": [8, 0, 11, 2.5], "texture": "#0"},
				"south": {"uv": [8, 2.5, 11, 5], "texture": "#0"},
				"west": {"uv": [8, 5, 11, 7.5], "texture": "#0"},
				"up": {"uv": [8, 3, 5, 0], "texture": "#0"},
				"down": {"uv": [8, 3, 5, 6], "texture": "#0"}
			}
		},
		{
			"from": [0, 5, 6],
			"to": [0, 15, 16],
			"rotation": {"angle": 45, "axis": "y", "origin": [0, 0, 0]},
			"faces": {
				"north": {"uv": [0, 0, 0, 5], "texture": "#0"},
				"east": {"uv": [0, 0, 5, 5], "texture": "#0"},
				"south": {"uv": [0, 0, 0, 5], "texture": "#0"},
				"west": {"uv": [0, 5, 5, 10], "texture": "#0"},
				"up": {"uv": [0, 5, 0, 0], "texture": "#0"},
				"down": {"uv": [0, 0, 0, 5], "texture": "#0"}
			}
		}
	],
	"display": {
		"thirdperson_righthand": {
			"translation": [0, 2, -2],
			"scale": [0.7, 0.7, 0.7]
		},
		"thirdperson_lefthand": {
			"translation": [0, 2, -2],
			"scale": [0.7, 0.7, 0.7]
		},
		"firstperson_righthand": {
			"translation": [0, 2.75, 0],
			"scale": [0.7, 0.7, 0.7]
		},
		"firstperson_lefthand": {
			"translation": [0, 2.75, 0],
			"scale": [0.7, 0.7, 0.7]
		},
		"ground": {
			"translation": [0, 3, 0],
			"scale": [0.8, 0.8, 0.8]
		},
		"gui": {
			"rotation": [35, 25, 0],
			"translation": [-0.25, 1, 0],
			"scale": [0.8, 0.8, 0.8]
		},
		"fixed": {
			"rotation": [-90, 0, 0],
			"translation": [0, 0, -15.5],
			"scale": [2, 2, 2]
		}
	},
	"groups": [
		{
			"name": "modern_daisy_pot",
			"origin": [8, 8, 8],
			"color": 0,
			"children": [0, 1]
		}
	]
}