{
	"credit": "Made with Blockbench",
	"texture_size": [64, 64],
	"textures": {
		"0": "item/decor/modern/modern_sofa_middle",
		"particle": "item/decor/modern/modern_sofa_middle"
	},
	"elements": [
		{
			"from": [0, 0, 1],
			"to": [16, 5, 1],
			"faces": {
				"north": {"uv": [4, 3.5, 8, 4.75], "texture": "#0"},
				"east": {"uv": [0, 0, 0, 1.25], "texture": "#0"},
				"south": {"uv": [4, 4.75, 8, 6], "texture": "#0"},
				"west": {"uv": [0, 0, 0, 1.25], "texture": "#0"},
				"up": {"uv": [4, 0, 0, 0], "texture": "#0"},
				"down": {"uv": [4, 0, 0, 0], "texture": "#0"}
			}
		},
		{
			"from": [0, 0, 15],
			"to": [16, 5, 15],
			"faces": {
				"north": {"uv": [4, 6, 8, 7.25], "texture": "#0"},
				"east": {"uv": [0, 0, 0, 1.25], "texture": "#0"},
				"south": {"uv": [4, 7.25, 8, 8.5], "texture": "#0"},
				"west": {"uv": [0, 0, 0, 1.25], "texture": "#0"},
				"up": {"uv": [4, 0, 0, 0], "texture": "#0"},
				"down": {"uv": [4, 0, 0, 0], "texture": "#0"}
			}
		},
		{
			"from": [0, 5, 0],
			"to": [16, 9, 16],
			"faces": {
				"north": {"uv": [8, 1.25, 12, 2.25], "texture": "#0"},
				"east": {"uv": [8, 2.25, 12, 3.25], "texture": "#0"},
				"south": {"uv": [8, 3.25, 12, 4.25], "texture": "#0"},
				"west": {"uv": [8, 4.25, 12, 5.25], "texture": "#0"},
				"up": {"uv": [4, 4, 0, 0], "texture": "#0"},
				"down": {"uv": [4, 4, 0, 8], "texture": "#0"}
			}
		},
		{
			"from": [11.25, 14.25, 1],
			"to": [11.25, 19.25, 15],
			"rotation": {"angle": -22.5, "axis": "z", "origin": [0, 0, 0]},
			"faces": {
				"north": {"uv": [0, 0, 0, 1.25], "texture": "#0"},
				"east": {"uv": [0, 8, 3.5, 9.25], "texture": "#0"},
				"south": {"uv": [0, 0, 0, 1.25], "texture": "#0"},
				"west": {"uv": [8, 0, 11.5, 1.25], "texture": "#0"},
				"up": {"uv": [0, 3.5, 0, 0], "texture": "#0"},
				"down": {"uv": [0, 0, 0, 3.5], "texture": "#0"}
			}
		},
		{
			"from": [10.75, 19.25, 0],
			"to": [11.75, 26.25, 16],
			"rotation": {"angle": -22.5, "axis": "z", "origin": [0, 0, 0]},
			"faces": {
				"north": {"uv": [8, 5.25, 8.25, 7], "texture": "#0"},
				"east": {"uv": [4, 0, 8, 1.75], "texture": "#0"},
				"south": {"uv": [8, 7, 8.25, 8.75], "texture": "#0"},
				"west": {"uv": [4, 1.75, 8, 3.5], "texture": "#0"},
				"up": {"uv": [3.75, 12, 3.5, 8], "texture": "#0"},
				"down": {"uv": [4, 8, 3.75, 12], "texture": "#0"}
			}
		}
	],
	"display": {
		"thirdperson_righthand": {
			"rotation": [0, -90, 0],
			"translation": [0, -0.25, -3.25],
			"scale": [0.4, 0.4, 0.4]
		},
		"thirdperson_lefthand": {
			"rotation": [0, 90, 0],
			"translation": [0, -0.25, -3.25],
			"scale": [0.4, 0.4, 0.4]
		},
		"firstperson_righthand": {
			"rotation": [0, -90, 0],
			"scale": [0.4, 0.4, 0.4]
		},
		"firstperson_lefthand": {
			"rotation": [0, 90, 0],
			"scale": [0.4, 0.4, 0.4]
		},
		"ground": {
			"translation": [0, -0.5, 0],
			"scale": [0.4, 0.4, 0.4]
		},
		"gui": {
			"rotation": [42, 116, 0],
			"translation": [0, -1, 0],
			"scale": [0.4, 0.4, 0.4]
		},
		"head": {
			"translation": [0, -30, 0],
			"scale": [1.6, 1.6, 1.6]
		},
		"fixed": {
			"rotation": [0, -90, 90],
			"translation": [0, 0, -15.5],
			"scale": [2, 2, 2]
		}
	},
	"groups": [
		{
			"name": "modern_sofa_middle",
			"origin": [0, 0, 0],
			"color": 0,
			"children": [0, 1, 2, 3, 4]
		}
	]
}