{
	"credit": "Made with Blockbench",
	"texture_size": [32, 32],
	"textures": {
		"0": "item/decor/modern/modern_table_lamp",
		"particle": "item/decor/modern/modern_table_lamp"
	},
	"elements": [
		{
			"from": [4, 0, 4],
			"to": [12, 1, 12],
			"faces": {
				"north": {"uv": [10, 3, 14, 3.5], "texture": "#0"},
				"east": {"uv": [10, 3.5, 14, 4], "texture": "#0"},
				"south": {"uv": [10, 4, 14, 4.5], "texture": "#0"},
				"west": {"uv": [10, 4.5, 14, 5], "texture": "#0"},
				"up": {"uv": [10, 4, 6, 0], "texture": "#0"},
				"down": {"uv": [10, 4, 6, 8], "texture": "#0"}
			}
		},
		{
			"from": [8, 1, 2],
			"to": [8, 8, 14],
			"faces": {
				"north": {"uv": [0, 0, 0, 3.5], "texture": "#0"},
				"east": {"uv": [0, 0, 6, 3.5], "texture": "#0"},
				"south": {"uv": [0, 0, 0, 3.5], "texture": "#0"},
				"west": {"uv": [0, 3.5, 6, 7], "texture": "#0"},
				"up": {"uv": [0, 6, 0, 0], "texture": "#0"},
				"down": {"uv": [0, 0, 0, 6], "texture": "#0"}
			}
		},
		{
			"from": [5, 8, 5],
			"to": [11, 14, 11],
			"faces": {
				"north": {"uv": [0, 7, 3, 10], "texture": "#0"},
				"east": {"uv": [3, 7, 6, 10], "texture": "#0"},
				"south": {"uv": [6, 8, 9, 11], "texture": "#0"},
				"west": {"uv": [9, 8, 12, 11], "texture": "#0"},
				"up": {"uv": [3, 13, 0, 10], "texture": "#0"},
				"down": {"uv": [13, 0, 10, 3], "texture": "#0"}
			}
		}
	],
	"display": {
		"thirdperson_righthand": {
			"translation": [0, 0, -1.25],
			"scale": [0.6, 0.6, 0.6]
		},
		"thirdperson_lefthand": {
			"translation": [0, 0, -1.25],
			"scale": [0.6, 0.6, 0.6]
		},
		"firstperson_righthand": {
			"scale": [0.7, 0.7, 0.7]
		},
		"firstperson_lefthand": {
			"scale": [0.7, 0.7, 0.7]
		},
		"ground": {
			"translation": [0, 1.75, 0],
			"scale": [0.7, 0.7, 0.7]
		},
		"gui": {
			"rotation": [28, -143, 0],
			"translation": [0.5, 0.5, 0],
			"scale": [0.8, 0.8, 0.8]
		},
		"head": {
			"translation": [0, -30.25, 0],
			"scale": [1.6, 1.6, 1.6]
		},
		"fixed": {
			"rotation": [-90, 0, 0],
			"translation": [0, 0, -15.5],
			"scale": [2, 2, 2]
		}
	},
	"groups": [
		{
			"name": "modern_table_lamp",
			"origin": [8, 8, 8],
			"color": 0,
			"children": [0, 1, 2]
		}
	]
}