{
	"credit": "Made with Blockbench",
	"texture_size": [64, 64],
	"textures": {
		"0": "item/decor/modern/modern_big_table",
		"particle": "item/decor/modern/modern_big_table"
	},
	"elements": [
		{
			"from": [0, 0, 1],
			"to": [32, 14, 1],
			"faces": {
				"north": {"uv": [8, 0, 16, 3.5], "texture": "#0"},
				"east": {"uv": [0, 0, 0, 3.5], "texture": "#0"},
				"south": {"uv": [8, 3.5, 16, 7], "texture": "#0"},
				"west": {"uv": [0, 0, 0, 3.5], "texture": "#0"},
				"up": {"uv": [8, 0, 0, 0], "texture": "#0"},
				"down": {"uv": [8, 0, 0, 0], "texture": "#0"}
			}
		},
		{
			"from": [0, 0, 31],
			"to": [32, 14, 31],
			"faces": {
				"north": {"uv": [8, 7, 16, 10.5], "texture": "#0"},
				"east": {"uv": [0, 0, 0, 3.5], "texture": "#0"},
				"south": {"uv": [8, 10.5, 16, 14], "texture": "#0"},
				"west": {"uv": [0, 0, 0, 3.5], "texture": "#0"},
				"up": {"uv": [8, 0, 0, 0], "texture": "#0"},
				"down": {"uv": [8, 0, 0, 0], "texture": "#0"}
			}
		},
		{
			"from": [0, 14, 0],
			"to": [32, 16, 32],
			"faces": {
				"north": {"uv": [8, 14, 16, 14.5], "texture": "#0"},
				"east": {"uv": [8, 14.5, 16, 15], "texture": "#0"},
				"south": {"uv": [8, 15, 16, 15.5], "texture": "#0"},
				"west": {"uv": [8, 15.5, 16, 16], "texture": "#0"},
				"up": {"uv": [8, 8, 0, 0], "texture": "#0"},
				"down": {"uv": [8, 8, 0, 16], "texture": "#0"}
			}
		}
	],
	"display": {
		"thirdperson_righthand": {
			"translation": [-1.5, -1.5, -4.25],
			"scale": [0.2, 0.2, 0.2]
		},
		"thirdperson_lefthand": {
			"translation": [1.5, -1.5, -4.25],
			"scale": [0.2, 0.2, 0.2]
		},
		"firstperson_righthand": {
			"scale": [0.3, 0.3, 0.3]
		},
		"firstperson_lefthand": {
			"scale": [0.3, 0.3, 0.3]
		},
		"ground": {
			"translation": [-0.75, -2, -1.5],
			"scale": [0.2, 0.2, 0.2]
		},
		"gui": {
			"rotation": [38, -42, 0],
			"translation": [-0.25, 1.25, 0],
			"scale": [0.3, 0.3, 0.3]
		},
		"head": {
			"translation": [-11.25, -31.25, -12],
			"scale": [1.5, 1.5, 1.5]
		},
		"fixed": {
			"rotation": [-90, 0, 0],
			"translation": [0, 0, -15.5],
			"scale": [2, 2, 2]
		}
	},
	"groups": [
		{
			"name": "modern_big_table",
			"origin": [8, 8, 8],
			"color": 0,
			"children": [0, 1, 2]
		}
	]
}