{
	"credit": "Made with Blockbench",
	"texture_size": [32, 32],
	"textures": {
		"0": "item/decor/modern/modern_ceiling_fan",
		"particle": "item/decor/modern/modern_ceiling_fan"
	},
	"elements": [
		{
			"from": [6, 9, 7],
			"to": [11, 10, 12],
			"faces": {
				"north": {"uv": [2.5, 10.5, 5, 11], "texture": "#0"},
				"east": {"uv": [5, 10.5, 7.5, 11], "texture": "#0"},
				"south": {"uv": [10.5, 5, 13, 5.5], "texture": "#0"},
				"west": {"uv": [10.5, 5.5, 13, 6], "texture": "#0"},
				"up": {"uv": [2.5, 5.5, 0, 3], "texture": "#0"},
				"down": {"uv": [5, 3, 2.5, 5.5], "texture": "#0"}
			}
		},
		{
			"from": [6, 0, 7],
			"to": [11, 3, 12],
			"faces": {
				"north": {"uv": [7.5, 3, 10, 4.5], "texture": "#0"},
				"east": {"uv": [6.5, 8, 9, 9.5], "texture": "#0"},
				"south": {"uv": [9, 8, 11.5, 9.5], "texture": "#0"},
				"west": {"uv": [0, 9.5, 2.5, 11], "texture": "#0"},
				"up": {"uv": [7.5, 2.5, 5, 0], "texture": "#0"},
				"down": {"uv": [7.5, 2.5, 5, 5], "texture": "#0"}
			}
		},
		{
			"from": [8.5, 3, 7],
			"to": [8.5, 9, 12],
			"faces": {
				"north": {"uv": [0, 0, 0, 3], "texture": "#0"},
				"east": {"uv": [0, 0, 2.5, 3], "texture": "#0"},
				"south": {"uv": [0, 0, 0, 3], "texture": "#0"},
				"west": {"uv": [2.5, 0, 5, 3], "texture": "#0"},
				"up": {"uv": [0, 2.5, 0, 0], "texture": "#0"},
				"down": {"uv": [0, 0, 0, 2.5], "texture": "#0"}
			}
		},
		{
			"from": [7, 1, -1],
			"to": [10, 2, 7],
			"faces": {
				"north": {"uv": [4.5, 9, 6, 9.5], "texture": "#0"},
				"east": {"uv": [7.5, 4.5, 11.5, 5], "texture": "#0"},
				"south": {"uv": [10.5, 6, 12, 6.5], "texture": "#0"},
				"west": {"uv": [2.5, 9.5, 6.5, 10], "texture": "#0"},
				"up": {"uv": [6.5, 9, 5, 5], "texture": "#0"},
				"down": {"uv": [1.5, 5.5, 0, 9.5], "texture": "#0"}
			}
		},
		{
			"from": [7, 1, 12],
			"to": [10, 2, 20],
			"faces": {
				"north": {"uv": [10.5, 6.5, 12, 7], "texture": "#0"},
				"east": {"uv": [6.5, 9.5, 10.5, 10], "texture": "#0"},
				"south": {"uv": [10.5, 7, 12, 7.5], "texture": "#0"},
				"west": {"uv": [2.5, 10, 6.5, 10.5], "texture": "#0"},
				"up": {"uv": [3, 9.5, 1.5, 5.5], "texture": "#0"},
				"down": {"uv": [4.5, 5.5, 3, 9.5], "texture": "#0"}
			}
		},
		{
			"from": [11, 1, 8],
			"to": [19, 2, 11],
			"faces": {
				"north": {"uv": [10, 3, 14, 3.5], "texture": "#0"},
				"east": {"uv": [7.5, 10.5, 9, 11], "texture": "#0"},
				"south": {"uv": [10, 3.5, 14, 4], "texture": "#0"},
				"west": {"uv": [10.5, 7.5, 12, 8], "texture": "#0"},
				"up": {"uv": [10.5, 6.5, 6.5, 5], "texture": "#0"},
				"down": {"uv": [10.5, 6.5, 6.5, 8], "texture": "#0"}
			}
		},
		{
			"from": [-2, 1, 8],
			"to": [6, 2, 11],
			"faces": {
				"north": {"uv": [10, 4, 14, 4.5], "texture": "#0"},
				"east": {"uv": [9, 10.5, 10.5, 11], "texture": "#0"},
				"south": {"uv": [6.5, 10, 10.5, 10.5], "texture": "#0"},
				"west": {"uv": [10.5, 9.5, 12, 10], "texture": "#0"},
				"up": {"uv": [11.5, 1.5, 7.5, 0], "texture": "#0"},
				"down": {"uv": [11.5, 1.5, 7.5, 3], "texture": "#0"}
			}
		}
	],
	"display": {
		"thirdperson_righthand": {
			"translation": [0, 4.75, 0],
			"scale": [0.6, 0.6, 0.6]
		},
		"thirdperson_lefthand": {
			"translation": [0, 4.75, 0],
			"scale": [0.6, 0.6, 0.6]
		},
		"firstperson_righthand": {
			"translation": [0, 4.75, 0],
			"scale": [0.7, 0.7, 0.7]
		},
		"firstperson_lefthand": {
			"translation": [0, 4.75, 0],
			"scale": [0.7, 0.7, 0.7]
		},
		"ground": {
			"scale": [0.5, 0.5, 0.5]
		},
		"gui": {
			"rotation": [34, 48, 0],
			"translation": [-0.75, 3, 0],
			"scale": [0.7, 0.7, 0.7]
		},
		"fixed": {
			"rotation": [90, 0, 0],
			"translation": [0, 2.25, -4.5],
			"scale": [2.5, 2.5, 2.5]
		}
	},
	"groups": [
		{
			"name": "modern_ceiling_fan",
			"origin": [8, 8, 8],
			"color": 0,
			"children": [0, 1, 2, 3, 4, 5, 6]
		}
	]
}