{
	"credit": "Made with Blockbench",
	"texture_size": [32, 32],
	"textures": {
		"0": "item/decor/modern/modern_painting",
		"particle": "item/decor/modern/modern_painting"
	},
	"elements": [
		{
			"from": [4, 0, 0],
			"to": [12, 1, 1],
			"faces": {
				"north": {"uv": [4, 6, 8, 6.5], "texture": "#0"},
				"east": {"uv": [8, 2, 8.5, 2.5], "texture": "#0"},
				"south": {"uv": [4, 6.5, 8, 7], "texture": "#0"},
				"west": {"uv": [8, 2.5, 8.5, 3], "texture": "#0"},
				"up": {"uv": [8, 7.5, 4, 7], "texture": "#0"},
				"down": {"uv": [8, 7.5, 4, 8], "texture": "#0"}
			}
		},
		{
			"from": [4, 13, 0],
			"to": [12, 14, 1],
			"faces": {
				"north": {"uv": [8, 0, 12, 0.5], "texture": "#0"},
				"east": {"uv": [8, 3, 8.5, 3.5], "texture": "#0"},
				"south": {"uv": [8, 0.5, 12, 1], "texture": "#0"},
				"west": {"uv": [8, 3.5, 8.5, 4], "texture": "#0"},
				"up": {"uv": [12, 1.5, 8, 1], "texture": "#0"},
				"down": {"uv": [12, 1.5, 8, 2], "texture": "#0"}
			}
		},
		{
			"from": [12, 0, 0],
			"to": [13, 14, 1],
			"faces": {
				"north": {"uv": [0, 6, 0.5, 13], "texture": "#0"},
				"east": {"uv": [0.5, 6, 1, 13], "texture": "#0"},
				"south": {"uv": [1, 6, 1.5, 13], "texture": "#0"},
				"west": {"uv": [1.5, 6, 2, 13], "texture": "#0"},
				"up": {"uv": [4.5, 8.5, 4, 8], "texture": "#0"},
				"down": {"uv": [8.5, 4, 8, 4.5], "texture": "#0"}
			}
		},
		{
			"from": [3, 0, 0],
			"to": [4, 14, 1],
			"faces": {
				"north": {"uv": [2, 6, 2.5, 13], "texture": "#0"},
				"east": {"uv": [2.5, 6, 3, 13], "texture": "#0"},
				"south": {"uv": [3, 6, 3.5, 13], "texture": "#0"},
				"west": {"uv": [3.5, 6, 4, 13], "texture": "#0"},
				"up": {"uv": [5, 8.5, 4.5, 8], "texture": "#0"},
				"down": {"uv": [8.5, 4.5, 8, 5], "texture": "#0"}
			}
		},
		{
			"from": [4, 1, 0.5],
			"to": [12, 13, 0.5],
			"faces": {
				"north": {"uv": [0, 0, 4, 6], "texture": "#0"},
				"east": {"uv": [0, 0, 0, 6], "texture": "#0"},
				"south": {"uv": [4, 0, 8, 6], "texture": "#0"},
				"west": {"uv": [0, 0, 0, 6], "texture": "#0"},
				"up": {"uv": [4, 0, 0, 0], "texture": "#0"},
				"down": {"uv": [4, 0, 0, 0], "texture": "#0"}
			}
		}
	],
	"display": {
		"thirdperson_righthand": {
			"translation": [0, -1.25, 3.5],
			"scale": [0.5, 0.5, 0.5]
		},
		"thirdperson_lefthand": {
			"translation": [0, -1.25, 3.5],
			"scale": [0.5, 0.5, 0.5]
		},
		"firstperson_righthand": {
			"translation": [8.5, -7.25, 0]
		},
		"firstperson_lefthand": {
			"translation": [8.5, -7.25, 0]
		},
		"ground": {
			"translation": [0, 2.25, 6],
			"scale": [0.7, 0.7, 0.7]
		},
		"gui": {
			"rotation": [0, -180, 0],
			"translation": [0, 0.5, 0],
			"scale": [0.8, 0.8, 0.8]
		},
		"fixed": {
			"translation": [0, 2, 14.25],
			"scale": [2, 2, 2]
		}
	},
	"groups": [
		{
			"name": "modern_painting",
			"origin": [0, 0, 0],
			"color": 0,
			"children": [0, 1, 2, 3, 4]
		}
	]
}