{
	"credit": "Made with Blockbench",
	"texture_size": [32, 32],
	"textures": {
		"0": "item/decor/modern/modern_shelf",
		"particle": "item/decor/modern/modern_shelf"
	},
	"elements": [
		{
			"from": [0, 0, 7],
			"to": [15, 1, 16],
			"faces": {
				"north": {"uv": [4.5, 9, 12, 9.5], "texture": "#0"},
				"east": {"uv": [4.5, 10, 9, 10.5], "texture": "#0"},
				"south": {"uv": [4.5, 9.5, 12, 10], "texture": "#0"},
				"west": {"uv": [9, 10, 13.5, 10.5], "texture": "#0"},
				"up": {"uv": [7.5, 4.5, 0, 0], "texture": "#0"},
				"down": {"uv": [7.5, 4.5, 0, 9], "texture": "#0"}
			}
		},
		{
			"from": [1, -6, 7],
			"to": [1, 0, 16],
			"faces": {
				"north": {"uv": [0, 0, 0, 3], "texture": "#0"},
				"east": {"uv": [7.5, 0, 12, 3], "texture": "#0"},
				"south": {"uv": [0, 0, 0, 3], "texture": "#0"},
				"west": {"uv": [7.5, 3, 12, 6], "texture": "#0"},
				"up": {"uv": [0, 4.5, 0, 0], "texture": "#0"},
				"down": {"uv": [0, 0, 0, 4.5], "texture": "#0"}
			}
		},
		{
			"from": [14, -6, 7],
			"to": [14, 0, 16],
			"faces": {
				"north": {"uv": [0, 0, 0, 3], "texture": "#0"},
				"east": {"uv": [7.5, 6, 12, 9], "texture": "#0"},
				"south": {"uv": [0, 0, 0, 3], "texture": "#0"},
				"west": {"uv": [0, 9, 4.5, 12], "texture": "#0"},
				"up": {"uv": [0, 4.5, 0, 0], "texture": "#0"},
				"down": {"uv": [0, 0, 0, 4.5], "texture": "#0"}
			}
		}
	],
	"display": {
		"thirdperson_righthand": {
			"translation": [0, 3.25, -3.75],
			"scale": [0.5, 0.5, 0.5]
		},
		"thirdperson_lefthand": {
			"translation": [0, 3.25, -3.75],
			"scale": [0.5, 0.5, 0.5]
		},
		"firstperson_righthand": {
			"translation": [-2.5, 6.25, 0],
			"scale": [0.7, 0.7, 0.7]
		},
		"firstperson_lefthand": {
			"translation": [-2.5, 6.25, 0],
			"scale": [0.7, 0.7, 0.7]
		},
		"ground": {
			"translation": [0, 3.75, -2.25],
			"scale": [0.6, 0.6, 0.6]
		},
		"gui": {
			"rotation": [-155.5, 37, -180],
			"translation": [-2.25, 5.25, 0],
			"scale": [0.8, 0.8, 0.8]
		},
		"fixed": {
			"translation": [0.75, 30, -15],
			"scale": [2, 2, 2]
		}
	},
	"groups": [
		{
			"name": "modern_shelf",
			"origin": [8, 8, 8],
			"color": 0,
			"children": [0, 1, 2]
		}
	]
}