{
	"credit": "Made with Blockbench",
	"texture_size": [64, 64],
	"textures": {
		"0": "item/decor/modern/modern_tv",
		"particle": "item/decor/modern/modern_tv"
	},
	"elements": [
		{
			"from": [4.5, 0, -14],
			"to": [11.5, 3, -14],
			"faces": {
				"north": {"uv": [0.25, 8, 2, 8.75], "texture": "#0"},
				"east": {"uv": [0, 0, 0, 0.75], "texture": "#0"},
				"south": {"uv": [2, 8, 3.75, 8.75], "texture": "#0"},
				"west": {"uv": [0, 0, 0, 0.75], "texture": "#0"},
				"up": {"uv": [1.75, 0, 0, 0], "texture": "#0"},
				"down": {"uv": [1.75, 0, 0, 0], "texture": "#0"}
			}
		},
		{
			"from": [4.25, 0, 14],
			"to": [11.25, 3, 14],
			"faces": {
				"north": {"uv": [3.75, 8, 5.5, 8.75], "texture": "#0"},
				"east": {"uv": [0, 0, 0, 0.75], "texture": "#0"},
				"south": {"uv": [5.5, 8, 7.25, 8.75], "texture": "#0"},
				"west": {"uv": [0, 0, 0, 0.75], "texture": "#0"},
				"up": {"uv": [1.75, 0, 0, 0], "texture": "#0"},
				"down": {"uv": [1.75, 0, 0, 0], "texture": "#0"}
			}
		},
		{
			"from": [7.5, 3, -16],
			"to": [8.5, 19, 16],
			"faces": {
				"north": {"uv": [7.25, 8, 7.5, 12], "texture": "#0"},
				"east": {"uv": [0, 0, 8, 4], "texture": "#0"},
				"south": {"uv": [7.5, 8, 7.75, 12], "texture": "#0"},
				"west": {"uv": [0, 4, 8, 8], "texture": "#0"},
				"up": {"uv": [0.25, 16, 0, 8], "texture": "#0"},
				"down": {"uv": [8.25, 0, 8, 8], "texture": "#0"}
			}
		}
	],
	"display": {
		"thirdperson_righthand": {
			"translation": [0, -2.75, -2.5],
			"scale": [0.3, 0.3, 0.3]
		},
		"thirdperson_lefthand": {
			"translation": [0, -2.75, -2.5],
			"scale": [0.3, 0.3, 0.3]
		},
		"firstperson_righthand": {
			"rotation": [0, 90, 0],
			"translation": [0.75, 0, 0],
			"scale": [0.4, 0.4, 0.4]
		},
		"firstperson_lefthand": {
			"rotation": [0, -90, 0],
			"translation": [0.75, 0, 0],
			"scale": [0.4, 0.4, 0.4]
		},
		"ground": {
			"translation": [0, -2.5, 3.25],
			"scale": [0.3, 0.3, 0.3]
		},
		"gui": {
			"rotation": [29, 116, 0],
			"translation": [3, 0, 0],
			"scale": [0.4, 0.4, 0.4]
		},
		"head": {
			"rotation": [0, 90, 0],
			"scale": [1.6, 1.6, 1.6]
		},
		"fixed": {
			"rotation": [-90, -90, 0],
			"translation": [-3.75, 0, -15.5],
			"scale": [2, 2, 2]
		}
	},
	"groups": [
		{
			"name": "modern_tv",
			"origin": [8, 8, 8],
			"color": 0,
			"children": [0, 1, 2]
		}
	]
}