{
	"credit": "Made with Blockbench",
	"texture_size": [64, 64],
	"textures": {
		"0": "item/decor/modern/modern_sofa_corner",
		"particle": "item/decor/modern/modern_sofa_corner"
	},
	"elements": [
		{
			"from": [0, 0, 1],
			"to": [16, 5, 1],
			"faces": {
				"north": {"uv": [4, 7, 8, 8.25], "texture": "#0"},
				"east": {"uv": [0, 0, 0, 1.25], "texture": "#0"},
				"south": {"uv": [0, 8, 4, 9.25], "texture": "#0"},
				"west": {"uv": [0, 0, 0, 1.25], "texture": "#0"},
				"up": {"uv": [4, 0, 0, 0], "texture": "#0"},
				"down": {"uv": [4, 0, 0, 0], "texture": "#0"}
			}
		},
		{
			"from": [1, 0, 0],
			"to": [1, 5, 16],
			"faces": {
				"north": {"uv": [0, 0, 0, 1.25], "texture": "#0"},
				"east": {"uv": [8, 0, 12, 1.25], "texture": "#0"},
				"south": {"uv": [0, 0, 0, 1.25], "texture": "#0"},
				"west": {"uv": [8, 1.25, 12, 2.5], "texture": "#0"},
				"up": {"uv": [0, 4, 0, 0], "texture": "#0"},
				"down": {"uv": [0, 0, 0, 4], "texture": "#0"}
			}
		},
		{
			"from": [15, 0, 0],
			"to": [15, 5, 16],
			"faces": {
				"north": {"uv": [0, 0, 0, 1.25], "texture": "#0"},
				"east": {"uv": [8, 2.5, 12, 3.75], "texture": "#0"},
				"south": {"uv": [0, 0, 0, 1.25], "texture": "#0"},
				"west": {"uv": [8, 3.75, 12, 5], "texture": "#0"},
				"up": {"uv": [0, 4, 0, 0], "texture": "#0"},
				"down": {"uv": [0, 0, 0, 4], "texture": "#0"}
			}
		},
		{
			"from": [0, 0, 15],
			"to": [16, 5, 15],
			"faces": {
				"north": {"uv": [8, 5, 12, 6.25], "texture": "#0"},
				"east": {"uv": [0, 0, 0, 1.25], "texture": "#0"},
				"south": {"uv": [8, 6.25, 12, 7.5], "texture": "#0"},
				"west": {"uv": [0, 0, 0, 1.25], "texture": "#0"},
				"up": {"uv": [4, 0, 0, 0], "texture": "#0"},
				"down": {"uv": [4, 0, 0, 0], "texture": "#0"}
			}
		},
		{
			"from": [0, 5, 0],
			"to": [16, 9, 16],
			"faces": {
				"north": {"uv": [3.5, 9.5, 7.5, 10.5], "texture": "#0"},
				"east": {"uv": [7.5, 10, 11.5, 11], "texture": "#0"},
				"south": {"uv": [0, 10.5, 4, 11.5], "texture": "#0"},
				"west": {"uv": [4, 11, 8, 12], "texture": "#0"},
				"up": {"uv": [4, 4, 0, 0], "texture": "#0"},
				"down": {"uv": [4, 4, 0, 8], "texture": "#0"}
			}
		},
		{
			"from": [1, 14.25, 11.25],
			"to": [15, 19.25, 11.25],
			"rotation": {"angle": 22.5, "axis": "x", "origin": [0, 0, 0]},
			"faces": {
				"north": {"uv": [8, 7.5, 11.5, 8.75], "texture": "#0"},
				"east": {"uv": [0, 0, 0, 1.25], "texture": "#0"},
				"south": {"uv": [4, 8.25, 7.5, 9.5], "texture": "#0"},
				"west": {"uv": [0, 0, 0, 1.25], "texture": "#0"},
				"up": {"uv": [3.5, 0, 0, 0], "texture": "#0"},
				"down": {"uv": [3.5, 0, 0, 0], "texture": "#0"}
			}
		},
		{
			"from": [3.5, 8.25, 1],
			"to": [3.5, 13.25, 15],
			"rotation": {"angle": 22.5, "axis": "z", "origin": [0, 0, 0]},
			"faces": {
				"north": {"uv": [0, 0, 0, 1.25], "texture": "#0"},
				"east": {"uv": [7.5, 8.75, 11, 10], "texture": "#0"},
				"south": {"uv": [0, 0, 0, 1.25], "texture": "#0"},
				"west": {"uv": [0, 9.25, 3.5, 10.5], "texture": "#0"},
				"up": {"uv": [0, 3.5, 0, 0], "texture": "#0"},
				"down": {"uv": [0, 0, 0, 3.5], "texture": "#0"}
			}
		},
		{
			"from": [3, 13.25, 0],
			"to": [4, 20.25, 16],
			"rotation": {"angle": 22.5, "axis": "z", "origin": [0, 0, 0]},
			"faces": {
				"north": {"uv": [8.5, 11.25, 8.75, 13], "texture": "#0"},
				"east": {"uv": [4, 0, 8, 1.75], "texture": "#0"},
				"south": {"uv": [8.75, 11.25, 9, 13], "texture": "#0"},
				"west": {"uv": [4, 1.75, 8, 3.5], "texture": "#0"},
				"up": {"uv": [8.25, 15, 8, 11], "texture": "#0"},
				"down": {"uv": [8.5, 11, 8.25, 15], "texture": "#0"}
			}
		},
		{
			"from": [0, 19.25, 10.75],
			"to": [16, 26.25, 11.75],
			"rotation": {"angle": 22.5, "axis": "x", "origin": [0, 0, 0]},
			"faces": {
				"north": {"uv": [4, 3.5, 8, 5.25], "texture": "#0"},
				"east": {"uv": [9, 11.25, 9.25, 13], "texture": "#0"},
				"south": {"uv": [4, 5.25, 8, 7], "texture": "#0"},
				"west": {"uv": [9.25, 11.25, 9.5, 13], "texture": "#0"},
				"up": {"uv": [12.5, 11.25, 8.5, 11], "texture": "#0"},
				"down": {"uv": [15, 8.75, 11, 9], "texture": "#0"}
			}
		}
	],
	"display": {
		"thirdperson_righthand": {
			"translation": [0, -0.5, -3],
			"scale": [0.4, 0.4, 0.4]
		},
		"thirdperson_lefthand": {
			"translation": [0, -0.5, -3],
			"scale": [0.4, 0.4, 0.4]
		},
		"firstperson_righthand": {
			"scale": [0.4, 0.4, 0.4]
		},
		"firstperson_lefthand": {
			"scale": [0.4, 0.4, 0.4]
		},
		"ground": {
			"translation": [0, -1, 0],
			"scale": [0.4, 0.4, 0.4]
		},
		"gui": {
			"rotation": [31, -134, 0],
			"translation": [0.25, -0.75, 0],
			"scale": [0.4, 0.4, 0.4]
		},
		"head": {
			"translation": [0, -30, 0],
			"scale": [1.6, 1.6, 1.6]
		},
		"fixed": {
			"rotation": [-90, 0, 0],
			"translation": [0, 0, -15.5],
			"scale": [2, 2, 2]
		}
	},
	"groups": [
		{
			"name": "modern_sofa_corner",
			"origin": [8, 8, 8],
			"color": 0,
			"children": [0, 1, 2, 3, 4, 5, 6, 7, 8]
		}
	]
}