{
	"textures": {
		"etc2": "item/etc/etc2"
	},
	"elements": [
		{
			"from": [-4, 0, -4],
			"to": [20, 0, 20],
			"faces": {
				"north": {"uv": [0, 0, 6, 0], "texture": "#etc2"},
				"east": {"uv": [0, 0, 6, 0], "texture": "#etc2"},
				"south": {"uv": [0, 0, 6, 0], "texture": "#etc2"},
				"west": {"uv": [0, 0, 6, 0], "texture": "#etc2"},
				"up": {"uv": [6, 6, 0, 0], "texture": "#etc2"},
				"down": {"uv": [6, 6, 0, 12], "texture": "#etc2"}
			}
		},
		{
			"from": [3, 0, 3],
			"to": [13, 3, 13],
			"faces": {
				"north": {"uv": [6, 5, 8.5, 5.75], "texture": "#etc2"},
				"east": {"uv": [10.5, 9.75, 13, 10.5], "texture": "#etc2"},
				"south": {"uv": [8, 11, 10.5, 11.75], "texture": "#etc2"},
				"west": {"uv": [8, 11.75, 10.5, 12.5], "texture": "#etc2"},
				"up": {"uv": [13, 5.25, 10.5, 2.75], "texture": "#etc2"},
				"down": {"uv": [13, 5.25, 10.5, 7.75], "texture": "#etc2"}
			}
		},
		{
			"from": [2.5, -0.002, 2.25],
			"to": [13.5, 0.998, 13.5],
			"faces": {
				"north": {"uv": [0, 12.5, 2.75, 12.75], "texture": "#etc2"},
				"east": {"uv": [2.75, 12.5, 5.5, 12.75], "texture": "#etc2"},
				"south": {"uv": [12.5, 7.75, 15.25, 8], "texture": "#etc2"},
				"west": {"uv": [12.5, 8, 15.25, 8.25], "texture": "#etc2"},
				"up": {"uv": [13.25, 13.25, 10.5, 10.5], "texture": "#etc2"},
				"down": {"uv": [13.25, 0, 10.5, 2.75], "texture": "#etc2"}
			}
		},
		{
			"from": [4, 3, 4],
			"to": [12, 5, 12],
			"rotation": {"angle": 0, "axis": "y", "origin": [8, 11, 8]},
			"faces": {
				"north": {"uv": [8.5, 5, 10.5, 5.5], "texture": "#etc2"},
				"east": {"uv": [8.5, 5.5, 10.5, 6], "texture": "#etc2"},
				"south": {"uv": [0, 12, 2, 12.5], "texture": "#etc2"},
				"west": {"uv": [2, 12, 4, 12.5], "texture": "#etc2"},
				"up": {"uv": [12.5, 9.75, 10.5, 7.75], "texture": "#etc2"},
				"down": {"uv": [8, 11, 6, 13], "texture": "#etc2"}
			}
		},
		{
			"from": [7.5, 5, 7.5],
			"to": [8.5, 7, 8.5],
			"rotation": {"angle": 0, "axis": "y", "origin": [8, 13, 8]},
			"faces": {
				"north": {"uv": [4, 12, 4.25, 12.5], "texture": "#etc2"},
				"east": {"uv": [4.25, 12, 4.5, 12.5], "texture": "#etc2"},
				"south": {"uv": [4.5, 12, 4.75, 12.5], "texture": "#etc2"},
				"west": {"uv": [4.75, 12, 5, 12.5], "texture": "#etc2"},
				"up": {"uv": [6.25, 6, 6, 5.75], "texture": "#etc2"},
				"down": {"uv": [6.5, 5.75, 6.25, 6], "texture": "#etc2"}
			}
		},
		{
			"from": [8, -9, -10],
			"to": [8, 11, 8],
			"rotation": {"angle": 0, "axis": "y", "origin": [15, 8, 8]},
			"faces": {
				"north": {"uv": [0, 0, 0, 5], "texture": "#etc2"},
				"east": {"uv": [6, 6, 10.5, 11], "texture": "#etc2"},
				"south": {"uv": [0, 0, 0, 5], "texture": "#etc2"},
				"up": {"uv": [0, 4.5, 0, 0], "texture": "#etc2"},
				"down": {"uv": [0, 0, 0, 4.5], "texture": "#etc2"}
			}
		}
	],
	"display": {
		"thirdperson_righthand": {
			"translation": [0, 2.5, 1.25],
			"scale": [0.4, 0.4, 0.4]
		},
		"thirdperson_lefthand": {
			"translation": [0, 2.5, 1.25],
			"scale": [0.4, 0.4, 0.4]
		},
		"firstperson_righthand": {
			"rotation": [48, 0, 0],
			"translation": [2.5, 4.75, 1.75],
			"scale": [0.4, 0.4, 0.4]
		},
		"firstperson_lefthand": {
			"rotation": [48, 0, 0],
			"translation": [2.5, 4.75, 1.75],
			"scale": [0.4, 0.4, 0.4]
		},
		"ground": {
			"translation": [0, 5, 0],
			"scale": [0.5, 0.5, 0.5]
		},
		"gui": {
			"rotation": [21, 33, 0],
			"translation": [0, 2.5, 0],
			"scale": [0.5, 0.5, 0.5]
		},
		"head": {
			"rotation": [0, 90, 0],
			"translation": [0, 14.25, 0],
			"scale": [1.5, 1.5, 1.5]
		}
	}
}