{
    "parent":"item/generated",
    "textures":{
        "layer0":"item/bow"
    },
    "display": {
        "thirdperson_righthand": {
            "rotation": [ -80, 260, -40 ],
            "translation": [ -1, -2, 2.5 ],
            "scale": [ 0.9, 0.9, 0.9 ]
        },
        "thirdperson_lefthand": {
            "rotation": [ -80, -280, 40 ],
            "translation": [ -1, -2, 2.5 ],
            "scale": [ 0.9, 0.9, 0.9 ]
        },
        "firstperson_righthand": {
            "rotation": [ 0, -90, 25 ],
            "translation": [ 1.13, 3.2, 1.13],
            "scale": [ 0.68, 0.68, 0.68 ]
        },
        "firstperson_lefthand": {
            "rotation": [ 0, 90, -25 ],
            "translation": [ 1.13, 3.2, 1.13],
            "scale": [ 0.68, 0.68, 0.68 ]
        }
    },
"overrides": [
        {
            "predicate": {
                "pulling": 1
            },
            "model": "item/bow_pulling_0"
        },
        {
            "predicate": {
                "pulling": 1,
                "pull": 0.65
            },
            "model": "item/bow_pulling_1"
        },
        {
            "predicate": {
                "pulling": 1,
                "pull": 0.9
            },
            "model": "item/bow_pulling_2"
        },
        {
            "predicate": {
                "custom_model_data": 1000
            },
            "model": "item/etc/ana"
     	   },
	{
        	    "predicate": {
		"custom_model_data": 1000,
                	"pulling": 1
            	},
           	 "model": "item/etc/ana0"
	        },
        	{
        	    "predicate": {
		"custom_model_data": 1000,
        	        "pulling": 1,
        	        "pull": 0.65
        	    },
        	    "model": "item/etc/ana1"
        	},
        	{
           	 "predicate": {
		"custom_model_data": 1000,
               	 "pulling": 1,
                	"pull": 0.9
           	 },
           	 "model": "item/etc/ana2"
        	},
        {
            "predicate": {
                "custom_model_data": 1001
            },
            "model": "item/etc/dva"
     	   },
	{
        	    "predicate": {
		"custom_model_data": 1001,
                	"pulling": 1
            	},
           	 "model": "item/etc/dva0"
	        },
        	{
        	    "predicate": {
		"custom_model_data": 1001,
        	        "pulling": 1,
        	        "pull": 0.65
        	    },
        	    "model": "item/etc/dva1"
        	},
        	{
           	 "predicate": {
		"custom_model_data": 1001,
               	 "pulling": 1,
                	"pull": 0.9
           	 },
           	 "model": "item/etc/dva2"
        	},
        {
            "predicate": {
                "custom_model_data": 1002
            },
            "model": "item/etc/hanzo"
     	   },
	{
        	    "predicate": {
		"custom_model_data": 1002,
                	"pulling": 1
            	},
           	 "model": "item/etc/hanzo0"
	        },
        	{
        	    "predicate": {
		"custom_model_data": 1002,
        	        "pulling": 1,
        	        "pull": 0.65
        	    },
        	    "model": "item/etc/hanzo1"
        	},
        	{
           	 "predicate": {
		"custom_model_data": 1002,
               	 "pulling": 1,
                	"pull": 0.9
           	 },
           	 "model": "item/etc/hanzo2"
        	},
        {
            "predicate": {
                "custom_model_data": 1003
            },
            "model": "item/etc/mccree"
     	   },
	{
        	    "predicate": {
		"custom_model_data": 1003,
                	"pulling": 1
            	},
           	 "model": "item/etc/mccree0"
	        },
        	{
        	    "predicate": {
		"custom_model_data": 1003,
        	        "pulling": 1,
        	        "pull": 0.65
        	    },
        	    "model": "item/etc/mccree1"
        	},
        	{
           	 "predicate": {
		"custom_model_data": 1003,
               	 "pulling": 1,
                	"pull": 0.9
           	 },
           	 "model": "item/etc/mccree2"
        	},
        {
            "predicate": {
                "custom_model_data": 1004
            },
            "model": "item/etc/lucio"
     	   },
	{
        	    "predicate": {
		"custom_model_data": 1004,
                	"pulling": 1
            	},
           	 "model": "item/etc/lucio0"
	        },
        	{
        	    "predicate": {
		"custom_model_data": 1004,
        	        "pulling": 1,
        	        "pull": 0.65
        	    },
        	    "model": "item/etc/lucio1"
        	},
        	{
           	 "predicate": {
		"custom_model_data": 1004,
               	 "pulling": 1,
                	"pull": 0.9
           	 },
           	 "model": "item/etc/lucio2"
        	},
        {
            "predicate": {
                "custom_model_data": 1005
            },
            "model": "item/etc/tracer"
     	   },
	{
        	    "predicate": {
		"custom_model_data": 1005,
                	"pulling": 1
            	},
           	 "model": "item/etc/tracer0"
	        },
        	{
        	    "predicate": {
		"custom_model_data": 1005,
        	        "pulling": 1,
        	        "pull": 0.65
        	    },
        	    "model": "item/etc/tracer1"
        	},
        	{
           	 "predicate": {
		"custom_model_data": 1005,
               	 "pulling": 1,
                	"pull": 0.9
           	 },
           	 "model": "item/etc/tracer2"
        	},
        {
            "predicate": {
                "custom_model_data": 1006
            },
            "model": "item/etc/widow"
     	   },
	{
        	    "predicate": {
		"custom_model_data": 1006,
                	"pulling": 1
            	},
           	 "model": "item/etc/widow0"
	        },
        	{
        	    "predicate": {
		"custom_model_data": 1006,
        	        "pulling": 1,
        	        "pull": 0.65
        	    },
        	    "model": "item/etc/widow1"
        	},
        	{
           	 "predicate": {
		"custom_model_data": 1006,
               	 "pulling": 1,
                	"pull": 0.9
           	 },
           	 "model": "item/etc/widow2"
        	},
        {
            "predicate": {
                "custom_model_data": 1007
            },
            "model": "item/etc/trumpet"
     	   },
	{
        	    "predicate": {
		"custom_model_data": 1007,
                	"pulling": 1
            	},
           	 "model": "item/etc/trumpet"
	        },
        	{
        	    "predicate": {
		"custom_model_data": 1007,
        	        "pulling": 1,
        	        "pull": 0.65
        	    },
        	    "model": "item/etc/trumpet"
        	},
        	{
           	 "predicate": {
		"custom_model_data": 1007,
               	 "pulling": 1,
                	"pull": 0.9
           	 },
           	 "model": "item/etc/trumpet"
        	},
    {
    	"predicate": {
    		"custom_model_data": 1008
    	},
    	"model": "item/etc/pirate/flintlock_pistol"
    }, {
    	"predicate": {
    		"custom_model_data": 1008,
    		"pulling": 1
    	},
    	"model": "item/etc/pirate/flintlock_pistol_pulling_0"
    }, {
    	"predicate": {
    		"custom_model_data": 1008,
    		"pulling": 1,
    		"pull": 0.9
    	},
    	"model": "item/etc/pirate/flintlock_pistol_pulling_1"
    }
    ]
}