{
	"credit": "Made with Blockbench",
	"texture_size": [64, 64],
	"textures": {
		"3": "item/etc/maesil",
		"particle": "item/apple"
	},
	"gui_light": "front",
	"elements": [
		{
			"from": [9, 10, 8],
			"to": [10, 11, 9],
			"rotation": {"angle": 22.5, "axis": "y", "origin": [9.5, 10.5, 8.5], "rescale": true},
			"faces": {
				"north": {"uv": [1.4375, 0.5625, 1.5, 0.625], "texture": "#3"},
				"east": {"uv": [1.4375, 0.625, 1.5, 0.6875], "texture": "#3"},
				"south": {"uv": [1.4375, 0.6875, 1.5, 0.75], "texture": "#3"},
				"west": {"uv": [1.5, 0.5625, 1.5625, 0.625], "texture": "#3"},
				"up": {"uv": [1.5625, 0.6875, 1.5, 0.625], "texture": "#3"},
				"down": {"uv": [1.5625, 0.6875, 1.5, 0.75], "texture": "#3"}
			}
		},
		{
			"name": "ice",
			"from": [9, 9, 8],
			"to": [10, 10, 9],
			"rotation": {"angle": 22.5, "axis": "y", "origin": [9.5, 9.5, 8.5], "rescale": true},
			"faces": {
				"north": {"uv": [6.75, 1, 7, 1.25], "texture": "#3"},
				"east": {"uv": [6.75, 2, 7, 2.25], "texture": "#3"},
				"south": {"uv": [6.75, 2.25, 7, 2.5], "texture": "#3"},
				"west": {"uv": [6.75, 2.5, 7, 2.75], "texture": "#3"},
				"up": {"uv": [7, 3, 6.75, 2.75], "texture": "#3"},
				"down": {"uv": [7, 3, 6.75, 3.25], "texture": "#3"}
			}
		},
		{
			"name": "ice",
			"from": [7, 8.8, 7.4],
			"to": [8, 9.8, 8.4],
			"rotation": {"angle": 22.5, "axis": "x", "origin": [7.5, 9.3, 7.9], "rescale": true},
			"faces": {
				"north": {"uv": [6.75, 3.25, 7, 3.5], "texture": "#3"},
				"east": {"uv": [6.75, 3.5, 7, 3.75], "texture": "#3"},
				"south": {"uv": [6.75, 3.75, 7, 4], "texture": "#3"},
				"west": {"uv": [6.75, 4, 7, 4.25], "texture": "#3"},
				"up": {"uv": [7, 4.5, 6.75, 4.25], "texture": "#3"},
				"down": {"uv": [7, 4.5, 6.75, 4.75], "texture": "#3"}
			}
		},
		{
			"name": "ice",
			"from": [8.9, 8.6, 5.8],
			"to": [9.9, 9.6, 6.8],
			"rotation": {"angle": 22.5, "axis": "z", "origin": [9.4, 9.1, 6.3], "rescale": true},
			"faces": {
				"north": {"uv": [6.75, 4.75, 7, 5], "texture": "#3"},
				"east": {"uv": [6.75, 5, 7, 5.25], "texture": "#3"},
				"south": {"uv": [6.75, 5.25, 7, 5.5], "texture": "#3"},
				"west": {"uv": [6.75, 5.5, 7, 5.75], "texture": "#3"},
				"up": {"uv": [7, 6, 6.75, 5.75], "texture": "#3"},
				"down": {"uv": [7, 6, 6.75, 6.25], "texture": "#3"}
			}
		},
		{
			"name": "top",
			"from": [6, 0, 5],
			"to": [11, 1, 10],
			"faces": {
				"north": {"uv": [0.375, 1.8125, 0.6875, 1.875], "texture": "#3"},
				"east": {"uv": [0.6875, 1.8125, 1, 1.875], "texture": "#3"},
				"south": {"uv": [1.8125, 0.875, 2.125, 0.9375], "texture": "#3"},
				"west": {"uv": [1.8125, 0.9375, 2.125, 1], "texture": "#3"},
				"up": {"uv": [0.625, 1.8125, 0.3125, 1.5], "texture": "#3", "tintindex": 0},
				"down": {"uv": [0.9375, 1.5, 0.625, 1.8125], "texture": "#3"}
			}
		},
		{
			"name": "floor",
			"from": [6, 0, 5],
			"to": [11, 1.3, 10],
			"rotation": {"angle": 0, "axis": "y", "origin": [0, -1, 0]},
			"faces": {
				"north": {"uv": [1.3125, 0.75, 1.625, 1.3125], "texture": "#3"},
				"east": {"uv": [1.3125, 1.3125, 1.625, 1.875], "texture": "#3"},
				"south": {"uv": [1.4375, 0, 1.75, 0.5625], "texture": "#3"},
				"west": {"uv": [0, 1.5, 0.3125, 2.0625], "texture": "#3"},
				"up": {"uv": [1.25, 1.8125, 0.9375, 1.5], "texture": "#3"},
				"down": {"uv": [1.9375, 0.5625, 1.625, 0.875], "texture": "#3"}
			}
		},
		{
			"name": "drink",
			"from": [6, 0, 5],
			"to": [11, 9.3, 10],
			"faces": {
				"north": {"uv": [0, 5, 1.25, 7.25], "texture": "#3"},
				"east": {"uv": [1.25, 5, 2.5, 7.25], "texture": "#3"},
				"south": {"uv": [2.5, 5, 3.75, 7.25], "texture": "#3"},
				"west": {"uv": [3.75, 5, 5, 7.25], "texture": "#3"},
				"up": {"uv": [6.25, 6.25, 5, 5], "texture": "#3"},
				"down": {"uv": [6.75, 0, 5.5, 1.25], "texture": "#3"}
			}
		},
		{
			"from": [11, 0, 5],
			"to": [11.7, 10, 10],
			"faces": {
				"north": {"uv": [5.5, 1.25, 5.75, 3.75], "texture": "#3"},
				"east": {"uv": [3, 0, 4.25, 2.5], "texture": "#3"},
				"south": {"uv": [5.75, 1.25, 6, 3.75], "texture": "#3"},
				"west": {"uv": [3, 2.5, 4.25, 5], "texture": "#3"},
				"up": {"uv": [5.75, 5, 5.5, 3.75], "texture": "#3"},
				"down": {"uv": [6, 3.75, 5.75, 5], "texture": "#3"}
			}
		},
		{
			"from": [5.3, 0, 5],
			"to": [6, 10, 10],
			"rotation": {"angle": 0, "axis": "y", "origin": [16, 0, 0]},
			"faces": {
				"north": {"uv": [6, 1.25, 6.25, 3.75], "texture": "#3"},
				"east": {"uv": [4.25, 0, 5.5, 2.5], "texture": "#3"},
				"south": {"uv": [6.25, 1.25, 6.5, 3.75], "texture": "#3"},
				"west": {"uv": [4.25, 2.5, 5.5, 5], "texture": "#3"},
				"up": {"uv": [6.25, 5, 6, 3.75], "texture": "#3"},
				"down": {"uv": [6.75, 2, 6.5, 3.25], "texture": "#3"}
			}
		},
		{
			"from": [5.3, 0, 10],
			"to": [11.7, 10, 10.7],
			"rotation": {"angle": 0, "axis": "y", "origin": [8.5, 6, 10.35]},
			"faces": {
				"north": {"uv": [0, 0, 1.5, 2.5], "texture": "#3"},
				"east": {"uv": [6.25, 3.75, 6.5, 6.25], "texture": "#3"},
				"south": {"uv": [1.5, 0, 3, 2.5], "texture": "#3"},
				"west": {"uv": [5, 6.25, 5.25, 8.75], "texture": "#3"},
				"up": {"uv": [7.25, 6.5, 5.75, 6.25], "texture": "#3"},
				"down": {"uv": [8, 1.25, 6.5, 1.5], "texture": "#3"}
			}
		},
		{
			"from": [5.3, 0, 4.3],
			"to": [11.7, 10, 5],
			"rotation": {"angle": 0, "axis": "y", "origin": [8.5, 6, 4.65]},
			"faces": {
				"north": {"uv": [0, 2.5, 1.5, 5], "texture": "#3"},
				"east": {"uv": [5.25, 6.25, 5.5, 8.75], "texture": "#3"},
				"south": {"uv": [1.5, 2.5, 3, 5], "texture": "#3"},
				"west": {"uv": [5.5, 6.25, 5.75, 8.75], "texture": "#3"},
				"up": {"uv": [8, 1.75, 6.5, 1.5], "texture": "#3"},
				"down": {"uv": [8, 1.75, 6.5, 2], "texture": "#3"}
			}
		},
		{
			"from": [6.6, 8, 5.4],
			"to": [7.6, 13, 6.4],
			"rotation": {"angle": 0, "axis": "y", "origin": [6.6, 0, 5.4]},
			"faces": {
				"north": {"uv": [6.5, 3.25, 6.75, 4.5], "texture": "#3"},
				"east": {"uv": [6.5, 4.5, 6.75, 5.75], "texture": "#3"},
				"south": {"uv": [5.75, 6.5, 6, 7.75], "texture": "#3"},
				"west": {"uv": [6, 6.5, 6.25, 7.75], "texture": "#3"},
				"up": {"uv": [7, 6.75, 6.75, 6.5], "texture": "#3"},
				"down": {"uv": [7, 6.75, 6.75, 7], "texture": "#3"}
			}
		},
		{
			"from": [6.6, 12.20711, 4.48579],
			"to": [7.6, 14.20711, 5.48579],
			"rotation": {"angle": -45, "axis": "x", "origin": [7.1, 13.70711, 4.98579]},
			"faces": {
				"north": {"uv": [6.5, 5.75, 6.75, 6.25], "texture": "#3"},
				"east": {"uv": [6.25, 6.5, 6.5, 7], "texture": "#3"},
				"south": {"uv": [6.5, 6.5, 6.75, 7], "texture": "#3"},
				"west": {"uv": [6.75, 0, 7, 0.5], "texture": "#3"},
				"up": {"uv": [7, 0.75, 6.75, 0.5], "texture": "#3"},
				"down": {"uv": [7, 0.75, 6.75, 1], "texture": "#3"}
			}
		}
	],
	"gui_light": "front",
	"display": {
		"thirdperson_righthand": {
			"translation": [0, 1, -1],
			"scale": [0.4, 0.4, 0.4]
		},
		"thirdperson_lefthand": {
			"translation": [0, 1, -1],
			"scale": [0.4, 0.4, 0.4]
		},
		"firstperson_righthand": {
			"rotation": [4, 161, -5],
			"translation": [3.5, 2, 0],
			"scale": [0.5, 0.5, 0.5]
		},
		"firstperson_lefthand": {
			"rotation": [4, 112, -5],
			"translation": [3.5, 2, 0],
			"scale": [0.5, 0.5, 0.5]
		},
		"ground": {
			"translation": [0, 3, 0],
			"scale": [0.6, 0.6, 0.6]
		},
		"gui": {
			"rotation": [27, -60, 0],
			"translation": [-0.5, 1, 0]
		},
		"head": {
			"rotation": [0, 148, 0],
			"translation": [0.5, -9.75, -9],
			"scale": [0.7, 0.7, 0.7]
		},
		"fixed": {
			"rotation": [-90, 0, 0],
			"translation": [0, 0, -8.25]
		}
	},
	"groups": [0, 1, 2, 3, 4, 5, 6,
		{
			"name": "body",
			"origin": [0, 0, 0],
			"color": 0,
			"children": [7, 8, 9, 10]
		},
		{
			"name": "group",
			"origin": [11.41421, 13.70711, 8.6],
			"color": 0,
			"children": [11, 12]
		}
	]
}