{
	"credit": "Made with Blockbench",
	"texture_size": [32, 32],
	"textures": {
		"0": "item/etc/reinhard",
		"particle": "item/etc/reinhard"
	},
	"elements": [
		{
			"from": [4.5, 26, 0.5],
			"to": [11.5, 28, 1.5],
			"rotation": {"angle": 0, "axis": "y", "origin": [15.5, 34, 8.5]},
			"faces": {
				"north": {"uv": [0, 1, 3.5, 2], "texture": "#0"},
				"east": {"uv": [0, 1, 0.5, 2], "texture": "#0"},
				"south": {"uv": [0, 0, 7, 2], "texture": "#0"},
				"west": {"uv": [3, 1, 3.5, 2], "texture": "#0"},
				"up": {"uv": [0, 1, 3.5, 1.5], "texture": "#0"},
				"down": {"uv": [0, 1.5, 3.5, 2], "texture": "#0"}
			}
		},
		{
			"from": [5.5, 28, 0.5],
			"to": [10.5, 30, 1.5],
			"rotation": {"angle": 0, "axis": "y", "origin": [15.5, 36, 8.5]},
			"faces": {
				"north": {"uv": [0.5, 0, 3, 1], "texture": "#0"},
				"east": {"uv": [0.5, 0, 1, 1], "texture": "#0"},
				"south": {"uv": [0, 0, 5, 2], "texture": "#0"},
				"west": {"uv": [2.5, 0, 3, 1], "texture": "#0"},
				"up": {"uv": [0.5, 0, 3, 0.5], "rotation": 180, "texture": "#0"},
				"down": {"uv": [0, 0, 5, 1], "texture": "#0"}
			}
		},
		{
			"from": [5.5, 24, 0.5],
			"to": [10.5, 26, 1.5],
			"rotation": {"angle": 0, "axis": "y", "origin": [15.5, 33, 8.5]},
			"faces": {
				"north": {"uv": [0.5, 2, 3, 3], "texture": "#0"},
				"east": {"uv": [0.5, 2, 1, 3], "texture": "#0"},
				"south": {"uv": [0, 0, 5, 2], "texture": "#0"},
				"west": {"uv": [2.5, 2, 3, 3], "texture": "#0"},
				"up": {"uv": [0, 0, 5, 1], "texture": "#0"},
				"down": {"uv": [0.5, 2.5, 3, 3], "rotation": 180, "texture": "#0"}
			}
		},
		{
			"from": [4, 25, 1.5],
			"to": [12, 29, 4.5],
			"rotation": {"angle": 0, "axis": "y", "origin": [19, 34, 9.5]},
			"faces": {
				"north": {"uv": [0, 4, 4, 6], "texture": "#0"},
				"east": {"uv": [0, 7.5, 1.5, 9.5], "rotation": 180, "texture": "#0"},
				"south": {"uv": [0, 10.5, 4, 12.5], "texture": "#0"},
				"west": {"uv": [0, 7.5, 1.5, 9.5], "texture": "#0"},
				"up": {"uv": [0, 0, 8, 3], "texture": "#0"},
				"down": {"uv": [0, 0, 8, 3], "texture": "#0"}
			}
		},
		{
			"from": [5, 25, 4.5],
			"to": [11, 29, 5.5],
			"rotation": {"angle": 0, "axis": "y", "origin": [19, 34, 10.5]},
			"faces": {
				"north": {"uv": [0, 0, 6, 4], "texture": "#0"},
				"east": {"uv": [2.5, 14, 3, 16], "texture": "#0"},
				"south": {"uv": [3, 14, 6, 16], "texture": "#0"},
				"west": {"uv": [2.5, 14, 3, 16], "texture": "#0"},
				"up": {"uv": [3, 13.5, 6, 14], "texture": "#0"},
				"down": {"uv": [3, 13.5, 6, 14], "texture": "#0"}
			}
		},
		{
			"from": [5.5, 27, 5.5],
			"to": [10.5, 29, 8.5],
			"rotation": {"angle": 0, "axis": "y", "origin": [18.5, 34, 11.5]},
			"faces": {
				"north": {"uv": [0, 0, 2.5, 1], "texture": "#0"},
				"east": {"uv": [4.5, 7, 6, 8], "texture": "#0"},
				"south": {"uv": [3.5, 7, 6, 8], "texture": "#0"},
				"west": {"uv": [4.5, 7, 6, 8], "texture": "#0"},
				"up": {"uv": [3.5, 7, 6, 8], "texture": "#0"},
				"down": {"uv": [0, 0, 2.5, 1.5], "texture": "#0"}
			}
		},
		{
			"from": [5, 25.5, 5.5],
			"to": [11, 27.5, 10.5],
			"rotation": {"angle": 0, "axis": "y", "origin": [18.5, 34, 13.5]},
			"faces": {
				"north": {"uv": [0, 0, 6, 2], "texture": "#0"},
				"east": {"uv": [11.5, 7.5, 14, 8.5], "texture": "#0"},
				"south": {"uv": [0, 0, 6, 2], "texture": "#0"},
				"west": {"uv": [9, 7.5, 11.5, 8.5], "texture": "#0"},
				"up": {"uv": [3, 7, 6, 9.5], "texture": "#0"},
				"down": {"uv": [0, 0, 6, 5], "texture": "#0"}
			}
		},
		{
			"from": [5, 25, 5.5],
			"to": [11, 25.5, 10.5],
			"rotation": {"angle": 0, "axis": "y", "origin": [18.5, 34.5, 13.5]},
			"faces": {
				"north": {"uv": [0, 0, 6, 0.5], "texture": "#0"},
				"east": {"uv": [9.5, 7, 12, 7.5], "rotation": 180, "texture": "#0"},
				"south": {"uv": [0, 0, 6, 0.5], "texture": "#0"},
				"west": {"uv": [9.5, 7, 12, 7.5], "texture": "#0"},
				"up": {"uv": [0, 0, 6, 5], "texture": "#0"},
				"down": {"uv": [3, 7, 6, 8], "rotation": 180, "texture": "#0"}
			}
		},
		{
			"from": [10.5, 26, 4.5],
			"to": [11.5, 27, 9.5],
			"rotation": {"angle": 0, "axis": "y", "origin": [2.5, 34, 13.5]},
			"faces": {
				"north": {"uv": [1, 0, 0, 1], "texture": "#0"},
				"east": {"uv": [2.5, 15.5, 0, 16], "texture": "#0"},
				"south": {"uv": [2.5, 15, 2, 15.5], "texture": "#0"},
				"west": {"uv": [5, 0, 0, 1], "texture": "#0"},
				"up": {"uv": [0, 15.5, 2.5, 15], "rotation": 90, "texture": "#0"},
				"down": {"uv": [0, 15.5, 2.5, 15], "rotation": 270, "texture": "#0"}
			}
		},
		{
			"from": [4.5, 26, 4.5],
			"to": [5.5, 27, 9.5],
			"rotation": {"angle": 0, "axis": "y", "origin": [13.5, 34, 13.5]},
			"faces": {
				"north": {"uv": [0, 0, 1, 1], "texture": "#0"},
				"east": {"uv": [0, 0, 5, 1], "texture": "#0"},
				"south": {"uv": [2, 15, 2.5, 15.5], "texture": "#0"},
				"west": {"uv": [0, 15.5, 2.5, 16], "texture": "#0"},
				"up": {"uv": [0, 15, 2.5, 15.5], "rotation": 90, "texture": "#0"},
				"down": {"uv": [0, 15, 2.5, 15.5], "rotation": 270, "texture": "#0"}
			}
		},
		{
			"from": [4.5, 24.5, 4.5],
			"to": [5.5, 25.5, 8.5],
			"rotation": {"angle": 0, "axis": "y", "origin": [13.5, 32.5, 13.5]},
			"faces": {
				"north": {"uv": [2, 0, 3, 1], "texture": "#0"},
				"east": {"uv": [0, 15, 2, 15.5], "rotation": 180, "texture": "#0"},
				"south": {"uv": [2, 15, 2.5, 15.5], "texture": "#0"},
				"west": {"uv": [0, 15.5, 2, 16], "texture": "#0"},
				"up": {"uv": [0, 15, 2, 15.5], "rotation": 90, "texture": "#0"},
				"down": {"uv": [0, 15, 2, 15.5], "rotation": 270, "texture": "#0"}
			}
		},
		{
			"from": [10.5, 24.5, 4.5],
			"to": [11.5, 25.5, 8.5],
			"rotation": {"angle": 0, "axis": "y", "origin": [2.5, 32.5, 13.5]},
			"faces": {
				"north": {"uv": [3, 0, 2, 1], "texture": "#0"},
				"east": {"uv": [2, 15.5, 0, 16], "texture": "#0"},
				"south": {"uv": [2.5, 15, 2, 15.5], "texture": "#0"},
				"west": {"uv": [2, 15, 0, 15.5], "rotation": 180, "texture": "#0"},
				"up": {"uv": [0, 15.5, 2, 15], "rotation": 90, "texture": "#0"},
				"down": {"uv": [0, 15.5, 2, 15], "rotation": 270, "texture": "#0"}
			}
		},
		{
			"from": [4.5, 24, 8.5],
			"to": [5.5, 25, 11.5],
			"rotation": {"angle": 0, "axis": "y", "origin": [13.5, 32, 15.5]},
			"faces": {
				"north": {"uv": [1.5, 15, 2, 15.5], "texture": "#0"},
				"east": {"uv": [1, 15, 2.5, 15.5], "rotation": 180, "texture": "#0"},
				"south": {"uv": [2, 15, 2.5, 15.5], "texture": "#0"},
				"west": {"uv": [1, 15.5, 2.5, 16], "rotation": 180, "texture": "#0"},
				"up": {"uv": [1, 15.5, 2.5, 16], "rotation": 270, "texture": "#0"},
				"down": {"uv": [1, 15, 2.5, 15.5], "rotation": 90, "texture": "#0"}
			}
		},
		{
			"from": [10.5, 24, 8.5],
			"to": [11.5, 25, 11.5],
			"rotation": {"angle": 0, "axis": "y", "origin": [2.5, 32, 15.5]},
			"faces": {
				"north": {"uv": [2, 15, 1.5, 15.5], "texture": "#0"},
				"east": {"uv": [2.5, 15.5, 1, 16], "rotation": 180, "texture": "#0"},
				"south": {"uv": [2.5, 15, 2, 15.5], "texture": "#0"},
				"west": {"uv": [2.5, 15, 1, 15.5], "rotation": 180, "texture": "#0"},
				"up": {"uv": [1, 16, 2.5, 15.5], "rotation": 270, "texture": "#0"},
				"down": {"uv": [1, 15.5, 2.5, 15], "rotation": 90, "texture": "#0"}
			}
		},
		{
			"from": [5.5, 23.5, 10.5],
			"to": [7, 24.5, 11.5],
			"rotation": {"angle": 0, "axis": "y", "origin": [15, 31.5, 16.5]},
			"faces": {
				"north": {"uv": [2, 15, 2.5, 15.5], "texture": "#0"},
				"east": {"uv": [6, 0, 7, 1], "texture": "#0"},
				"south": {"uv": [2, 15, 2.5, 15.5], "texture": "#0"},
				"west": {"uv": [2, 15, 2.5, 15.5], "texture": "#0"},
				"up": {"uv": [2, 0, 3.5, 1], "texture": "#0"},
				"down": {"uv": [1.5, 15, 2, 15.5], "texture": "#0"}
			}
		},
		{
			"from": [9, 23.5, 10.5],
			"to": [10.5, 24.5, 11.5],
			"rotation": {"angle": 0, "axis": "y", "origin": [1, 31.5, 16.5]},
			"faces": {
				"north": {"uv": [2.5, 15, 2, 15.5], "texture": "#0"},
				"east": {"uv": [2.5, 15, 2, 15.5], "texture": "#0"},
				"south": {"uv": [2.5, 15, 2, 15.5], "texture": "#0"},
				"west": {"uv": [7, 0, 6, 1], "texture": "#0"},
				"up": {"uv": [3.5, 0, 2, 1], "texture": "#0"},
				"down": {"uv": [2, 15, 1.5, 15.5], "texture": "#0"}
			}
		},
		{
			"from": [6, 27.5, 8.5],
			"to": [10, 29.5, 10.5],
			"rotation": {"angle": 0, "axis": "y", "origin": [18.5, 35.5, 13.5]},
			"faces": {
				"north": {"uv": [0, 0, 4, 2], "texture": "#0"},
				"east": {"uv": [6, 9.5, 7, 10.5], "texture": "#0"},
				"south": {"uv": [4.5, 10, 5, 10.5], "texture": "#0"},
				"west": {"uv": [6, 9.5, 7, 10.5], "rotation": 270, "texture": "#0"},
				"up": {"uv": [4.5, 3, 5.5, 4], "texture": "#0"},
				"down": {"uv": [0, 0, 4, 2], "texture": "#0"}
			}
		},
		{
			"from": [6, 27.5, 10.5],
			"to": [10, 28.5, 11.5],
			"rotation": {"angle": 0, "axis": "y", "origin": [18.5, 35.5, 14.5]},
			"faces": {
				"north": {"uv": [0, 0, 4, 1], "texture": "#0"},
				"east": {"uv": [5.5, 10, 6, 10.5], "texture": "#0"},
				"south": {"uv": [5, 10, 5.5, 10.5], "texture": "#0"},
				"west": {"uv": [5.5, 10, 6, 10.5], "texture": "#0"},
				"up": {"uv": [5, 10, 5.5, 10.5], "texture": "#0"},
				"down": {"uv": [0, 0, 4, 1], "texture": "#0"}
			}
		},
		{
			"from": [6, 29, 4.5],
			"to": [10, 30, 5.5],
			"rotation": {"angle": 0, "axis": "y", "origin": [19, 35, 10.5]},
			"faces": {
				"north": {"uv": [0, 0, 4, 1], "texture": "#0"},
				"east": {"uv": [1.5, 7, 2, 7.5], "texture": "#0"},
				"south": {"uv": [1.5, 7, 2, 7.5], "texture": "#0"},
				"west": {"uv": [1.5, 7, 2, 7.5], "texture": "#0"},
				"up": {"uv": [1.5, 7, 2, 7.5], "texture": "#0"},
				"down": {"uv": [0, 0, 4, 1], "texture": "#0"}
			}
		},
		{
			"from": [6, 29, 7.5],
			"to": [10, 30, 8.5],
			"rotation": {"angle": 0, "axis": "y", "origin": [19, 35, 10.5]},
			"faces": {
				"north": {"uv": [4.5, 3, 5.5, 4], "texture": "#0"},
				"east": {"uv": [0, 0, 1, 1], "texture": "#0"},
				"south": {"uv": [4.5, 3, 5.5, 4], "texture": "#0"},
				"west": {"uv": [0, 0, 1, 1], "texture": "#0"},
				"up": {"uv": [0, 0, 4, 1], "texture": "#0"},
				"down": {"uv": [0, 0, 4, 1], "texture": "#0"}
			}
		},
		{
			"from": [6, 29, 5.5],
			"to": [10, 29.5, 7.5],
			"rotation": {"angle": 0, "axis": "y", "origin": [19, 35, 9.5]},
			"faces": {
				"north": {"uv": [0, 0, 4, 0.5], "texture": "#0"},
				"east": {"uv": [4, 8, 6, 8.5], "texture": "#0"},
				"south": {"uv": [0, 0, 4, 0.5], "texture": "#0"},
				"west": {"uv": [4, 8, 6, 8.5], "texture": "#0"},
				"up": {"uv": [3, 8, 6, 9], "texture": "#0"},
				"down": {"uv": [0, 0, 4, 2], "texture": "#0"}
			}
		},
		{
			"from": [7, 23.5, 10],
			"to": [9, 24.5, 12],
			"rotation": {"angle": 0, "axis": "y", "origin": [19, 29.5, 12]},
			"faces": {
				"north": {"uv": [0, 0, 2, 1], "texture": "#0"},
				"east": {"uv": [8, 7.5, 9, 8], "texture": "#0"},
				"south": {"uv": [8, 8, 9, 8.5], "texture": "#0"},
				"west": {"uv": [8, 7.5, 9, 8], "rotation": 180, "texture": "#0"},
				"up": {"uv": [0, 0, 2, 2], "texture": "#0"},
				"down": {"uv": [8, 8.5, 9, 9.5], "texture": "#0"}
			}
		},
		{
			"from": [6, 24, 4.5],
			"to": [10, 25, 10.5],
			"rotation": {"angle": 0, "axis": "y", "origin": [19, 30, 10.5]},
			"faces": {
				"north": {"uv": [0, 0, 4, 1], "texture": "#0"},
				"east": {"uv": [11.5, 7, 14.5, 7.5], "texture": "#0"},
				"south": {"uv": [0, 0, 4, 1], "texture": "#0"},
				"west": {"uv": [11.5, 7, 14.5, 7.5], "rotation": 180, "texture": "#0"},
				"up": {"uv": [0, 0, 4, 6], "texture": "#0"},
				"down": {"uv": [6, 6.5, 8, 9.5], "texture": "#0"}
			}
		},
		{
			"from": [6, 23, 6],
			"to": [10, 24, 10],
			"rotation": {"angle": 0, "axis": "y", "origin": [18.5, 29, 10.5]},
			"faces": {
				"north": {"uv": [12, 6.5, 14, 7], "texture": "#0"},
				"east": {"uv": [10, 6.5, 12, 7], "texture": "#0"},
				"south": {"uv": [8, 6.5, 10, 7], "texture": "#0"},
				"west": {"uv": [14, 6.5, 16, 7], "texture": "#0"},
				"up": {"uv": [0, 0, 4, 4], "texture": "#0"},
				"down": {"uv": [14, 4.5, 16, 6.5], "texture": "#0"}
			}
		},
		{
			"from": [7, 7, 7],
			"to": [9, 8, 9],
			"rotation": {"angle": 0, "axis": "y", "origin": [18.5, 24, 10.5]},
			"faces": {
				"north": {"uv": [11, 15, 12, 15.5], "texture": "#0"},
				"east": {"uv": [11, 14.5, 12, 15], "texture": "#0"},
				"south": {"uv": [11, 14, 12, 14.5], "texture": "#0"},
				"west": {"uv": [11, 15.5, 12, 16], "texture": "#0"},
				"up": {"uv": [0, 0, 2, 2], "texture": "#0"},
				"down": {"uv": [0, 0, 2, 2], "texture": "#0"}
			}
		},
		{
			"from": [7, 8, 7],
			"to": [9, 21, 9],
			"rotation": {"angle": 0, "axis": "y", "origin": [18.5, 26, 10.5]},
			"faces": {
				"north": {"uv": [14, 9.5, 15, 16], "texture": "#0"},
				"east": {"uv": [13, 9.5, 14, 16], "texture": "#0"},
				"south": {"uv": [12, 9.5, 13, 16], "texture": "#0"},
				"west": {"uv": [15, 9.5, 16, 16], "texture": "#0"},
				"up": {"uv": [0, 0, 2, 2], "texture": "#0"},
				"down": {"uv": [0, 0, 2, 2], "texture": "#0"}
			}
		},
		{
			"from": [7, -6, 7],
			"to": [9, 7, 9],
			"rotation": {"angle": 0, "axis": "y", "origin": [18.5, 12, 10.5]},
			"faces": {
				"north": {"uv": [9, 9.5, 10, 16], "texture": "#0"},
				"east": {"uv": [8, 9.5, 9, 16], "texture": "#0"},
				"south": {"uv": [7, 9.5, 8, 16], "texture": "#0"},
				"west": {"uv": [10, 9.5, 11, 16], "texture": "#0"},
				"up": {"uv": [0, 0, 2, 2], "texture": "#0"},
				"down": {"uv": [0, 0, 2, 2], "texture": "#0"}
			}
		},
		{
			"from": [6.5, 21, 6.5],
			"to": [9.5, 23, 9.5],
			"rotation": {"angle": 0, "axis": "y", "origin": [18.5, 28, 10.5]},
			"faces": {
				"north": {"uv": [13, 8.5, 14.5, 9.5], "texture": "#0"},
				"east": {"uv": [11.5, 8.5, 13, 9.5], "texture": "#0"},
				"south": {"uv": [10, 8.5, 11.5, 9.5], "texture": "#0"},
				"west": {"uv": [14.5, 8.5, 16, 9.5], "texture": "#0"},
				"up": {"uv": [0, 0, 3, 3], "texture": "#0"},
				"down": {"uv": [14.5, 7, 16, 8.5], "texture": "#0"}
			}
		},
		{
			"from": [6.5, -9, 6.5],
			"to": [9.5, -6, 9.5],
			"rotation": {"angle": 0, "axis": "y", "origin": [18.5, 0, 10.5]},
			"faces": {
				"north": {"uv": [12.5, 3.5, 14, 5], "texture": "#0"},
				"east": {"uv": [12.5, 3.5, 14, 5], "texture": "#0"},
				"south": {"uv": [12.5, 3.5, 14, 5], "texture": "#0"},
				"west": {"uv": [12.5, 3.5, 14, 5], "texture": "#0"},
				"up": {"uv": [12.5, 2, 14, 3.5], "texture": "#0"},
				"down": {"uv": [14, 2, 15.5, 3.5], "texture": "#0"}
			}
		},
		{
			"from": [6.5, -15, 6.5],
			"to": [9.5, -12, 9.5],
			"rotation": {"angle": 0, "axis": "y", "origin": [18.5, -8, 10.5]},
			"faces": {
				"north": {"uv": [11, 3.5, 12.5, 5], "texture": "#0"},
				"east": {"uv": [11, 3.5, 12.5, 5], "texture": "#0"},
				"south": {"uv": [11, 3.5, 12.5, 5], "texture": "#0"},
				"west": {"uv": [11, 3.5, 12.5, 5], "texture": "#0"},
				"up": {"uv": [12.5, 5, 14, 6.5], "texture": "#0"},
				"down": {"uv": [11, 5, 12.5, 6.5], "texture": "#0"}
			}
		},
		{
			"from": [7, -16, 7],
			"to": [9, -15, 9],
			"rotation": {"angle": 0, "axis": "y", "origin": [18.5, -10, 10.5]},
			"faces": {
				"north": {"uv": [10, 3.5, 11, 4], "texture": "#0"},
				"east": {"uv": [10, 3.5, 11, 4], "texture": "#0"},
				"south": {"uv": [10, 3.5, 11, 4], "texture": "#0"},
				"west": {"uv": [10, 3.5, 11, 4], "texture": "#0"},
				"up": {"uv": [0, 0, 1, 1], "texture": "#0"},
				"down": {"uv": [10, 4, 11, 5], "texture": "#0"}
			}
		},
		{
			"from": [4.5, 29, 1.5],
			"to": [11.5, 30, 4.5],
			"rotation": {"angle": 0, "axis": "y", "origin": [18.5, 38, 9.5]},
			"faces": {
				"north": {"uv": [0, 3.5, 3.5, 4], "texture": "#0"},
				"east": {"uv": [0, 0, 3, 1], "texture": "#0"},
				"south": {"uv": [0, 10, 3.5, 10.5], "texture": "#0"},
				"west": {"uv": [0, 0, 3, 1], "texture": "#0"},
				"up": {"uv": [0, 7, 1.5, 7.5], "rotation": 90, "texture": "#0"},
				"down": {"uv": [0, 0, 7, 3], "texture": "#0"}
			}
		},
		{
			"from": [5.5, 30, 1.5],
			"to": [10.5, 31, 4.5],
			"rotation": {"angle": 0, "axis": "y", "origin": [18.5, 39, 9.5]},
			"faces": {
				"north": {"uv": [0.5, 3, 3, 3.5], "texture": "#0"},
				"east": {"uv": [0, 7, 1.5, 7.5], "rotation": 180, "texture": "#0"},
				"south": {"uv": [0.5, 9.5, 3, 10], "texture": "#0"},
				"west": {"uv": [0, 7, 1.5, 7.5], "texture": "#0"},
				"up": {"uv": [0, 7, 1.5, 9.5], "rotation": 90, "texture": "#0"},
				"down": {"uv": [0, 0, 5, 3], "texture": "#0"}
			}
		},
		{
			"from": [5.5, 23, 1.5],
			"to": [10.5, 24, 4.5],
			"rotation": {"angle": 0, "axis": "y", "origin": [18.5, 32, 9.5]},
			"faces": {
				"north": {"uv": [0.5, 6.5, 3, 7], "texture": "#0"},
				"east": {"uv": [0, 7, 1.5, 7.5], "rotation": 180, "texture": "#0"},
				"south": {"uv": [0.5, 13, 3, 13.5], "texture": "#0"},
				"west": {"uv": [0, 7, 1.5, 7.5], "texture": "#0"},
				"up": {"uv": [0, 0, 5, 3], "texture": "#0"},
				"down": {"uv": [0, 7, 1.5, 9.5], "rotation": 270, "texture": "#0"}
			}
		},
		{
			"from": [4.5, 24, 1.5],
			"to": [11.5, 25, 4.5],
			"rotation": {"angle": 0, "axis": "y", "origin": [18.5, 33, 9.5]},
			"faces": {
				"north": {"uv": [0, 6, 3.5, 6.5], "texture": "#0"},
				"east": {"uv": [0, 0, 3, 1], "texture": "#0"},
				"south": {"uv": [0, 12.5, 3.5, 13], "texture": "#0"},
				"west": {"uv": [0, 0, 3, 1], "texture": "#0"},
				"up": {"uv": [0, 0, 7, 3], "texture": "#0"},
				"down": {"uv": [0, 7, 1.5, 7.5], "rotation": 270, "texture": "#0"}
			}
		},
		{
			"from": [7, 27, 5.5],
			"to": [9, 29, 6],
			"rotation": {"angle": -22.5, "axis": "x", "origin": [8, 31, 1]},
			"faces": {
				"north": {"uv": [0, 0, 1, 1], "texture": "#0"},
				"east": {"uv": [4.5, 1, 4.75, 2], "rotation": 180, "texture": "#0"},
				"south": {"uv": [4.5, 1, 5.5, 2], "rotation": 180, "texture": "#0"},
				"west": {"uv": [5, 1, 5.25, 2], "rotation": 180, "texture": "#0"},
				"up": {"uv": [4.5, 1.5, 5.5, 1.75], "rotation": 180, "texture": "#0"},
				"down": {"uv": [0, 0, 1, 0.25], "texture": "#0"}
			}
		},
		{
			"from": [6.5, 27.5, 3.5],
			"to": [9.5, 29.5, 5.5],
			"rotation": {"angle": -22.5, "axis": "x", "origin": [8, 31, 1]},
			"faces": {
				"north": {"uv": [0, 0, 3, 2], "texture": "#0"},
				"east": {"uv": [4.5, 1, 5.5, 2], "rotation": 180, "texture": "#0"},
				"south": {"uv": [3, 2, 4.5, 3], "texture": "#0"},
				"west": {"uv": [4.5, 1, 5.5, 2], "rotation": 270, "texture": "#0"},
				"up": {"uv": [3.5, 1, 4.5, 2], "texture": "#0"},
				"down": {"uv": [0, 0, 3, 2], "texture": "#0"}
			}
		},
		{
			"from": [7.25, 29.5, 1.5],
			"to": [8.75, 30.5, 5.5],
			"rotation": {"angle": -22.5, "axis": "x", "origin": [8, 31, 1]},
			"faces": {
				"north": {"uv": [3, 0, 3.5, 0.5], "texture": "#0"},
				"east": {"uv": [3.5, 0.5, 5.5, 1], "rotation": 180, "texture": "#0"},
				"south": {"uv": [5, 0.5, 5.5, 1], "texture": "#0"},
				"west": {"uv": [3.5, 0.5, 5.5, 1], "texture": "#0"},
				"up": {"uv": [3, 0, 5.5, 0.5], "rotation": 90, "texture": "#0"},
				"down": {"uv": [3, 0, 3.5, 0.5], "texture": "#0"}
			}
		},
		{
			"from": [7.25, 30.5, 0.5],
			"to": [8.75, 31.5, 5.5],
			"rotation": {"angle": -22.5, "axis": "x", "origin": [8, 31, 1]},
			"faces": {
				"north": {"uv": [3, 0, 3.5, 0.5], "texture": "#0"},
				"east": {"uv": [3, 0, 5.5, 0.5], "rotation": 180, "texture": "#0"},
				"south": {"uv": [5, 0, 5.5, 0.5], "texture": "#0"},
				"west": {"uv": [3, 0, 5.5, 0.5], "texture": "#0"},
				"up": {"uv": [3, 0, 5.5, 0.5], "rotation": 90, "texture": "#0"},
				"down": {"uv": [3, 0, 3.5, 0.5], "texture": "#0"}
			}
		},
		{
			"from": [4, 28.5, 1],
			"to": [5, 30, 5],
			"rotation": {"angle": -22.5, "axis": "z", "origin": [4.5, 29.5, 1.5]},
			"faces": {
				"north": {"uv": [3.5, 0, 4, 0.5], "texture": "#0"},
				"east": {"uv": [3.5, 0, 5.5, 0.5], "rotation": 180, "texture": "#0"},
				"south": {"uv": [5, 0, 5.5, 0.5], "texture": "#0"},
				"west": {"uv": [3.5, 0, 5.5, 0.5], "texture": "#0"},
				"up": {"uv": [3.5, 0, 5.5, 0.5], "rotation": 90, "texture": "#0"},
				"down": {"uv": [3.5, 0, 5.5, 0.5], "rotation": 270, "texture": "#0"}
			}
		},
		{
			"from": [11, 28.5, 1],
			"to": [12, 30, 5],
			"rotation": {"angle": 22.5, "axis": "z", "origin": [11.5, 29.5, 1.5]},
			"faces": {
				"north": {"uv": [4, 0, 3.5, 0.5], "texture": "#0"},
				"east": {"uv": [5.5, 0, 3.5, 0.5], "texture": "#0"},
				"south": {"uv": [5.5, 0, 5, 0.5], "texture": "#0"},
				"west": {"uv": [5.5, 0, 3.5, 0.5], "rotation": 180, "texture": "#0"},
				"up": {"uv": [3.5, 0.5, 5.5, 0], "rotation": 90, "texture": "#0"},
				"down": {"uv": [3.5, 0.5, 5.5, 0], "rotation": 270, "texture": "#0"}
			}
		},
		{
			"from": [4, 24, 1],
			"to": [5, 25.5, 5],
			"rotation": {"angle": 22.5, "axis": "z", "origin": [4.5, 24.5, 1.5]},
			"faces": {
				"north": {"uv": [3.5, 0, 4, 0.5], "texture": "#0"},
				"east": {"uv": [3.5, 0, 5.5, 0.5], "rotation": 180, "texture": "#0"},
				"south": {"uv": [5, 0, 5.5, 0.5], "texture": "#0"},
				"west": {"uv": [3.5, 0, 5.5, 0.5], "texture": "#0"},
				"up": {"uv": [3.5, 0, 5.5, 0.5], "rotation": 90, "texture": "#0"},
				"down": {"uv": [3.5, 0, 5.5, 0.5], "rotation": 270, "texture": "#0"}
			}
		},
		{
			"from": [11, 24, 1],
			"to": [12, 25.5, 5],
			"rotation": {"angle": -22.5, "axis": "z", "origin": [11.5, 24.5, 1.5]},
			"faces": {
				"north": {"uv": [4, 0, 3.5, 0.5], "texture": "#0"},
				"east": {"uv": [5.5, 0, 3.5, 0.5], "texture": "#0"},
				"south": {"uv": [5.5, 0, 5, 0.5], "texture": "#0"},
				"west": {"uv": [5.5, 0, 3.5, 0.5], "rotation": 180, "texture": "#0"},
				"up": {"uv": [3.5, 0.5, 5.5, 0], "rotation": 90, "texture": "#0"},
				"down": {"uv": [3.5, 0.5, 5.5, 0], "rotation": 270, "texture": "#0"}
			}
		},
		{
			"from": [7.25, 22.5, 1],
			"to": [8.75, 23.5, 5],
			"rotation": {"angle": 0, "axis": "y", "origin": [15.5, 30.5, 9]},
			"faces": {
				"north": {"uv": [3.5, 0, 4, 0.5], "texture": "#0"},
				"east": {"uv": [3.5, 0, 5.5, 0.5], "rotation": 180, "texture": "#0"},
				"south": {"uv": [5, 0, 5.5, 0.5], "texture": "#0"},
				"west": {"uv": [3.5, 0, 5.5, 0.5], "texture": "#0"},
				"up": {"uv": [3.5, 0, 5.5, 0.5], "rotation": 90, "texture": "#0"},
				"down": {"uv": [3.5, 0, 5.5, 0.5], "rotation": 270, "texture": "#0"}
			}
		},
		{
			"from": [5.76746, 29.90538, 7],
			"to": [7.76746, 30.65538, 14],
			"rotation": {"angle": 22.5, "axis": "z", "origin": [6.76746, 30.15538, 10.5]},
			"faces": {
				"north": {"uv": [7, 0, 8, 0.25], "texture": "#0"},
				"east": {"uv": [0, 0, 7, 0.75], "texture": "#0"},
				"south": {"uv": [7, 4, 8, 4.25], "texture": "#0"},
				"west": {"uv": [11, 1.5, 14.5, 1.75], "texture": "#0"},
				"up": {"uv": [7, 0.5, 8, 4], "texture": "#0"},
				"down": {"uv": [4.5, 3, 5.5, 4], "texture": "#0"}
			}
		},
		{
			"from": [8.23254, 29.90538, 7],
			"to": [10.23254, 30.65538, 14],
			"rotation": {"angle": -22.5, "axis": "z", "origin": [9.23254, 30.15538, 10.5]},
			"faces": {
				"north": {"uv": [8.5, 0, 9.5, 0.25], "texture": "#0"},
				"east": {"uv": [11, 1.5, 14.5, 1.75], "texture": "#0"},
				"south": {"uv": [8.5, 4, 9.5, 4.25], "texture": "#0"},
				"west": {"uv": [7, 0, 14, 0.75], "texture": "#0"},
				"up": {"uv": [8.5, 0.5, 9.5, 4], "texture": "#0"},
				"down": {"uv": [4.5, 3, 5.5, 4], "texture": "#0"}
			}
		},
		{
			"from": [5.2315, 27.11941, 6],
			"to": [5.9815, 30.11941, 9],
			"rotation": {"angle": -22.5, "axis": "z", "origin": [5.7315, 29.11941, 7.5]},
			"faces": {
				"north": {"uv": [11, 0.5, 12.5, 0.75], "rotation": 90, "texture": "#0"},
				"east": {"uv": [4.5, 3, 5.5, 4], "rotation": 270, "texture": "#0"},
				"south": {"uv": [11, 0.5, 12.5, 0.75], "rotation": 270, "texture": "#0"},
				"west": {"uv": [5.5, 0, 7, 1.5], "rotation": 270, "texture": "#0"},
				"up": {"uv": [11, 0, 12.5, 0.25], "rotation": 270, "texture": "#0"},
				"down": {"uv": [11, 0, 12.5, 0.25], "rotation": 270, "texture": "#0"}
			}
		},
		{
			"from": [10.0185, 27.11941, 6],
			"to": [10.7685, 30.11941, 9],
			"rotation": {"angle": 22.5, "axis": "z", "origin": [10.2685, 29.11941, 7.5]},
			"faces": {
				"north": {"uv": [11, 0.75, 12.5, 0.5], "rotation": 90, "texture": "#0"},
				"east": {"uv": [9.5, 1.5, 11, 0], "rotation": 180, "texture": "#0"},
				"south": {"uv": [11, 0.75, 12.5, 0.5], "rotation": 270, "texture": "#0"},
				"west": {"uv": [4.5, 4, 5.5, 3], "rotation": 270, "texture": "#0"},
				"up": {"uv": [11, 0.25, 12.5, 0], "rotation": 270, "texture": "#0"},
				"down": {"uv": [11, 0.25, 12.5, 0], "rotation": 270, "texture": "#0"}
			}
		},
		{
			"from": [5.2315, 29.11941, 9],
			"to": [5.9815, 30.11941, 12],
			"rotation": {"angle": -22.5, "axis": "z", "origin": [5.7315, 29.11941, 10.5]},
			"faces": {
				"north": {"uv": [0, 2, 1, 2.75], "rotation": 90, "texture": "#0"},
				"east": {"uv": [4.5, 3, 5, 3.5], "rotation": 270, "texture": "#0"},
				"south": {"uv": [10, 2, 10.5, 2.25], "rotation": 270, "texture": "#0"},
				"west": {"uv": [6.5, 1.5, 7, 3], "rotation": 270, "texture": "#0"},
				"up": {"uv": [0, 2, 3, 2.75], "rotation": 270, "texture": "#0"},
				"down": {"uv": [10.5, 2.5, 12, 2.75], "rotation": 270, "texture": "#0"}
			}
		},
		{
			"from": [10.0185, 29.11941, 9],
			"to": [10.7685, 30.11941, 12],
			"rotation": {"angle": 22.5, "axis": "z", "origin": [10.2685, 29.11941, 10.5]},
			"faces": {
				"north": {"uv": [0, 2.75, 1, 2], "rotation": 90, "texture": "#0"},
				"east": {"uv": [9.5, 3, 10, 1.5], "rotation": 270, "texture": "#0"},
				"south": {"uv": [10, 2.25, 10.5, 2], "rotation": 270, "texture": "#0"},
				"west": {"uv": [4.5, 3.5, 5, 3], "rotation": 270, "texture": "#0"},
				"up": {"uv": [0, 2.75, 3, 2], "rotation": 270, "texture": "#0"},
				"down": {"uv": [10.5, 2.75, 12, 2.5], "rotation": 270, "texture": "#0"}
			}
		},
		{
			"from": [5.2315, 28.11941, 9],
			"to": [5.9815, 29.11941, 10],
			"rotation": {"angle": -22.5, "axis": "z", "origin": [5.7315, 29.11941, 10.5]},
			"faces": {
				"north": {"uv": [0, 2, 1, 2.75], "rotation": 90, "texture": "#0"},
				"east": {"uv": [4.5, 3, 5, 3.5], "rotation": 270, "texture": "#0"},
				"south": {"uv": [6, 2, 6.5, 2.25], "rotation": 270, "texture": "#0"},
				"west": {"uv": [6, 1.5, 6.5, 2], "rotation": 270, "texture": "#0"},
				"up": {"uv": [0, 2, 1, 2.75], "rotation": 270, "texture": "#0"},
				"down": {"uv": [5.5, 1.5, 6, 1.75], "rotation": 270, "texture": "#0"}
			}
		},
		{
			"from": [10.0185, 28.11941, 9],
			"to": [10.7685, 29.11941, 10],
			"rotation": {"angle": 22.5, "axis": "z", "origin": [10.2685, 29.11941, 10.5]},
			"faces": {
				"north": {"uv": [0, 2.75, 1, 2], "rotation": 90, "texture": "#0"},
				"east": {"uv": [10, 2, 10.5, 1.5], "rotation": 270, "texture": "#0"},
				"south": {"uv": [6, 2.25, 6.5, 2], "rotation": 270, "texture": "#0"},
				"west": {"uv": [4.5, 3.5, 5, 3], "rotation": 270, "texture": "#0"},
				"up": {"uv": [0, 2.75, 1, 2], "rotation": 270, "texture": "#0"},
				"down": {"uv": [5.5, 1.75, 6, 1.5], "rotation": 270, "texture": "#0"}
			}
		},
		{
			"from": [7.5, 30.25, 7],
			"to": [8.5, 31, 14],
			"rotation": {"angle": 0, "axis": "y", "origin": [13.5, 38, 15]},
			"faces": {
				"north": {"uv": [8, 0, 8.5, 0.25], "texture": "#0"},
				"east": {"uv": [0, 0, 7, 0.75], "texture": "#0"},
				"south": {"uv": [8, 4, 8.5, 4.25], "texture": "#0"},
				"west": {"uv": [0, 0, 7, 0.75], "texture": "#0"},
				"up": {"uv": [8, 0.5, 8.5, 4], "texture": "#0"},
				"down": {"uv": [4.5, 3, 5.5, 4], "texture": "#0"}
			}
		},
		{
			"from": [8, 24.5, 10.5],
			"to": [11, 27.5, 13.5],
			"rotation": {"angle": 0, "axis": "y", "origin": [17, 32, 18.5]},
			"faces": {
				"north": {"uv": [0, 0, 3, 3], "texture": "#0"},
				"east": {"uv": [5.5, 10.5, 7, 12], "texture": "#0"},
				"south": {"uv": [0, 13.5, 1.5, 15], "texture": "#0"},
				"west": {"uv": [4, 12, 5.5, 13.5], "texture": "#0"},
				"up": {"uv": [4, 10.5, 5.5, 12], "texture": "#0"},
				"down": {"uv": [5.5, 12, 7, 13.5], "texture": "#0"}
			}
		},
		{
			"from": [5, 24.5, 10.5],
			"to": [8, 27.5, 13.5],
			"rotation": {"angle": 0, "axis": "y", "origin": [14, 32, 18.5]},
			"faces": {
				"north": {"uv": [0, 0, 3, 3], "texture": "#0"},
				"east": {"uv": [5.5, 10.5, 7, 12], "texture": "#0"},
				"south": {"uv": [0, 13.5, 1.5, 15], "texture": "#0"},
				"west": {"uv": [4, 12, 5.5, 13.5], "texture": "#0"},
				"up": {"uv": [4, 10.5, 5.5, 12], "texture": "#0"},
				"down": {"uv": [5.5, 12, 7, 13.5], "texture": "#0"}
			}
		},
		{
			"from": [6.5, 27.5, 10.5],
			"to": [9.5, 30.5, 13.5],
			"rotation": {"angle": 0, "axis": "y", "origin": [15.5, 35, 18.5]},
			"faces": {
				"north": {"uv": [0, 0, 3, 3], "texture": "#0"},
				"east": {"uv": [5.5, 10.5, 7, 12], "texture": "#0"},
				"south": {"uv": [0, 13.5, 1.5, 15], "texture": "#0"},
				"west": {"uv": [4, 12, 5.5, 13.5], "texture": "#0"},
				"up": {"uv": [4, 10.5, 5.5, 12], "texture": "#0"},
				"down": {"uv": [5.5, 12, 7, 13.5], "texture": "#0"}
			}
		},
		{
			"from": [6.5, 25, 13.5],
			"to": [6.5, 27, 15.5],
			"rotation": {"angle": 0, "axis": "y", "origin": [13.75, 32.25, 21.5]},
			"faces": {
				"north": {"uv": [0, 0, 0, 1], "texture": "#0"},
				"east": {"uv": [14, 3.5, 15, 4.5], "texture": "#0"},
				"south": {"uv": [0, 0, 0, 1], "texture": "#0"},
				"west": {"uv": [15, 3.5, 16, 4.5], "texture": "#0"},
				"up": {"uv": [0, 0, 0, 1], "texture": "#0"},
				"down": {"uv": [0, 0, 0, 1], "texture": "#0"}
			}
		},
		{
			"from": [9.5, 25, 13.5],
			"to": [9.5, 27, 15.5],
			"rotation": {"angle": 0, "axis": "y", "origin": [16.75, 32.25, 21.5]},
			"faces": {
				"north": {"uv": [0, 0, 0, 1], "texture": "#0"},
				"east": {"uv": [14, 3.5, 15, 4.5], "texture": "#0"},
				"south": {"uv": [0, 0, 0, 1], "texture": "#0"},
				"west": {"uv": [15, 3.5, 16, 4.5], "texture": "#0"},
				"up": {"uv": [0, 0, 0, 1], "texture": "#0"},
				"down": {"uv": [0, 0, 0, 1], "texture": "#0"}
			}
		},
		{
			"from": [8, 28, 13.5],
			"to": [8, 30, 15.5],
			"rotation": {"angle": 0, "axis": "y", "origin": [15.25, 35.25, 21.5]},
			"faces": {
				"north": {"uv": [0, 0, 0, 1], "texture": "#0"},
				"east": {"uv": [14, 3.5, 15, 4.5], "texture": "#0"},
				"south": {"uv": [0, 0, 0, 1], "texture": "#0"},
				"west": {"uv": [15, 3.5, 16, 4.5], "texture": "#0"},
				"up": {"uv": [0, 0, 0, 1], "texture": "#0"},
				"down": {"uv": [0, 0, 0, 1], "texture": "#0"}
			}
		},
		{
			"from": [5.25, -11, 7],
			"to": [7.25, -8, 9],
			"rotation": {"angle": 0, "axis": "y", "origin": [13.25, -5, 15]},
			"faces": {
				"north": {"uv": [4, 4, 5, 5.5], "texture": "#0"},
				"east": {"uv": [4, 4, 5, 5.5], "texture": "#0"},
				"south": {"uv": [4, 4, 5, 5.5], "texture": "#0"},
				"west": {"uv": [4, 4, 5, 5.5], "texture": "#0"},
				"up": {"uv": [5, 4, 6, 5], "texture": "#0"},
				"down": {"uv": [6, 4, 7, 4.5], "texture": "#0"}
			}
		},
		{
			"from": [8.25, -11, 5.5],
			"to": [10.25, -8, 7.5],
			"rotation": {"angle": 0, "axis": "y", "origin": [16.25, -5, 13.5]},
			"faces": {
				"north": {"uv": [4, 4, 5, 5.5], "texture": "#0"},
				"east": {"uv": [4, 4, 5, 5.5], "texture": "#0"},
				"south": {"uv": [4, 4, 5, 5.5], "texture": "#0"},
				"west": {"uv": [4, 4, 5, 5.5], "texture": "#0"},
				"up": {"uv": [5, 4, 6, 5], "texture": "#0"},
				"down": {"uv": [6, 4, 7, 4.5], "texture": "#0"}
			}
		},
		{
			"from": [8.25, -11, 8.5],
			"to": [10.25, -8, 10.5],
			"rotation": {"angle": 0, "axis": "y", "origin": [16.25, -5, 16.5]},
			"faces": {
				"north": {"uv": [4, 4, 5, 5.5], "texture": "#0"},
				"east": {"uv": [4, 4, 5, 5.5], "texture": "#0"},
				"south": {"uv": [4, 4, 5, 5.5], "texture": "#0"},
				"west": {"uv": [4, 4, 5, 5.5], "texture": "#0"},
				"up": {"uv": [5, 4, 6, 5], "texture": "#0"},
				"down": {"uv": [6, 4, 7, 4.5], "texture": "#0"}
			}
		},
		{
			"from": [5.5, -13, 7.25],
			"to": [7, -11, 8.75],
			"rotation": {"angle": 0, "axis": "y", "origin": [13.25, -8, 15]},
			"faces": {
				"north": {"uv": [6, 4, 6.75, 5], "texture": "#0"},
				"east": {"uv": [6, 4, 6.75, 5], "texture": "#0"},
				"south": {"uv": [6, 4, 6.75, 5], "texture": "#0"},
				"west": {"uv": [6, 4, 6.75, 5], "texture": "#0"},
				"up": {"uv": [0, 0, 0.75, 0.75], "texture": "#0"},
				"down": {"uv": [6, 4.5, 6.75, 5], "texture": "#0"}
			}
		},
		{
			"from": [8.5, -13, 5.75],
			"to": [10, -11, 7.25],
			"rotation": {"angle": 0, "axis": "y", "origin": [16.25, -8, 13.5]},
			"faces": {
				"north": {"uv": [6, 4, 6.75, 5], "texture": "#0"},
				"east": {"uv": [6, 4, 6.75, 5], "texture": "#0"},
				"south": {"uv": [6, 4, 6.75, 5], "texture": "#0"},
				"west": {"uv": [6, 4, 6.75, 5], "texture": "#0"},
				"up": {"uv": [0, 0, 0.75, 0.75], "texture": "#0"},
				"down": {"uv": [6, 4.5, 6.75, 5], "texture": "#0"}
			}
		},
		{
			"from": [8.5, -13, 8.75],
			"to": [10, -11, 10.25],
			"rotation": {"angle": 0, "axis": "y", "origin": [16.25, -8, 16.5]},
			"faces": {
				"north": {"uv": [6, 4, 6.75, 5], "texture": "#0"},
				"east": {"uv": [6, 4, 6.75, 5], "texture": "#0"},
				"south": {"uv": [6, 4, 6.75, 5], "texture": "#0"},
				"west": {"uv": [6, 4, 6.75, 5], "texture": "#0"},
				"up": {"uv": [0, 0, 0.75, 0.75], "texture": "#0"},
				"down": {"uv": [6, 4.5, 6.75, 5], "texture": "#0"}
			}
		},
		{
			"from": [7.5, -12, 7.5],
			"to": [8.5, -9, 8.5],
			"rotation": {"angle": 0, "axis": "y", "origin": [15.5, -5, 15.5]},
			"faces": {
				"north": {"uv": [15.5, 2, 16, 3.5], "texture": "#0"},
				"east": {"uv": [15.5, 2, 16, 3.5], "texture": "#0"},
				"south": {"uv": [15.5, 2, 16, 3.5], "texture": "#0"},
				"west": {"uv": [15.5, 2, 16, 3.5], "texture": "#0"},
				"up": {"uv": [0, 0, 0.5, 0.5], "texture": "#0"},
				"down": {"uv": [0, 0, 0.5, 0.5], "texture": "#0"}
			}
		}
	],
	"display": {
		"firstperson_righthand": {
			"rotation": [6, 10, -12],
			"translation": [3, -6, -0.75],
			"scale": [0.75, 0.75, 0.75]
		},
		"firstperson_lefthand": {
			"rotation": [6, 10, -12],
			"translation": [3, -6, -0.75],
			"scale": [0.75, 0.75, 0.75]
		},
		"ground": {
			"rotation": [-45, 0, 0],
			"translation": [0, 7.25, 0],
			"scale": [0.5, 0.5, 0.5]
		},
		"gui": {
			"rotation": [-29, 28, 53],
			"translation": [0.75, -0.25, 0],
			"scale": [0.4, 0.4, 0.4]
		},
		"fixed": {
			"rotation": [0, -90, 0],
			"translation": [0, -0.25, -1.75],
			"scale": [0.4, 0.4, 0.4]
		}
	}
}