{"credit":"Made with Blockbench by Fran","textures":{"0":"item/etc/knife"},"gui_light": "front","elements":[{"name":"base","from":[-0.9375,7.93281,7.5],"to":[3.0625,9.18281,8.5],"faces":{"north":{"uv":[0,9,15,14],"texture":"#0"},"east":{"uv":[12,11,16,16],"texture":"#0"},"south":{"uv":[0,9,15,14],"texture":"#0"},"west":{"uv":[12,7,16,12],"texture":"#0"},"up":{"uv":[1,7,16,11],"texture":"#0"},"down":{"uv":[0,12,15,16],"texture":"#0"}}},{"name":"blade","from":[3.0625,7.93281,7.75],"to":[4.0625,8.93281,8.25],"faces":{"north":{"uv":[0,3,4,7],"texture":"#0"},"east":{"uv":[14,0,16,4],"texture":"#0"},"south":{"uv":[12,0,16,4],"texture":"#0"},"up":{"uv":[12,5,16,7],"texture":"#0"},"down":{"uv":[0,3,4,5],"texture":"#0"}}},{"name":"blade","from":[12.0625,7.93281,7.75],"to":[14.0625,8.93281,8.25],"faces":{"north":{"uv":[8,7,16,3],"texture":"#0"},"east":{"uv":[13,1,15,5],"texture":"#0"},"south":{"uv":[4,6,12,2],"texture":"#0"},"up":{"uv":[9,3,16,5],"texture":"#0"},"down":{"uv":[9,2,16,4],"texture":"#0"}}},{"name":"blade","from":[14.0625,7.93281,7.75],"to":[15.0625,8.68281,8.25],"faces":{"north":{"uv":[12,0,16,3],"texture":"#0"},"east":{"uv":[8,4,6,1],"texture":"#0"},"south":{"uv":[12,0,16,3],"texture":"#0"},"up":{"uv":[8,5,13,3],"texture":"#0"},"down":{"uv":[6,5,11,3],"texture":"#0"}}},{"name":"blade","from":[15.0625,7.93281,7.75],"to":[15.4375,8.30781,8.25],"faces":{"north":{"uv":[11,6,12,7],"texture":"#0"},"east":{"uv":[11,6,12,7],"texture":"#0"},"south":{"uv":[11,6,12,7],"texture":"#0"},"up":{"uv":[11,6,12,7],"texture":"#0"},"down":{"uv":[6,4,7,5],"texture":"#0"}}},{"name":"cube","from":[3.8125,7.43281,8.25],"to":[4.0625,8.18281,8.5],"faces":{"north":{"uv":[0,0,1,1],"texture":"#0"},"east":{"uv":[0,0,1,1],"texture":"#0"},"south":{"uv":[0,0,1,1],"texture":"#0"},"west":{"uv":[0,0,1,1],"texture":"#0"},"up":{"uv":[0,0,1,1],"texture":"#0"},"down":{"uv":[0,0,1,1],"texture":"#0"}}},{"name":"cube","from":[3.8125,6.68281,7.5],"to":[4.0625,8.68281,7.75],"faces":{"north":{"uv":[0,0,1,1],"texture":"#0"},"east":{"uv":[0,0,1,1],"texture":"#0"},"south":{"uv":[0,0,1,1],"texture":"#0"},"west":{"uv":[0,0,1,1],"texture":"#0"},"up":{"uv":[0,0,1,1],"texture":"#0"},"down":{"uv":[0,0,1,1],"texture":"#0"}}},{"name":"cube","from":[3.5625,7.68281,7.5],"to":[3.8125,8.43281,8.5],"faces":{"north":{"uv":[0,0,1,1],"texture":"#0"},"east":{"uv":[0,0,1,1],"texture":"#0"},"south":{"uv":[0,0,1,1],"texture":"#0"},"west":{"uv":[0,0,1,1],"texture":"#0"},"up":{"uv":[0,0,1,1],"texture":"#0"},"down":{"uv":[0,0,1,1],"texture":"#0"}}},{"name":"cube","from":[3.8125,7.18281,7.75],"to":[4.0625,7.93281,8.25],"faces":{"north":{"uv":[0,0,1,1],"texture":"#0"},"east":{"uv":[0,0,1,1],"texture":"#0"},"south":{"uv":[0,0,1,1],"texture":"#0"},"west":{"uv":[0,0,1,1],"texture":"#0"},"up":{"uv":[0,0,1,1],"texture":"#0"},"down":{"uv":[0,0,1,1],"texture":"#0"}}},{"name":"cube","from":[12.0625,7.18281,7.5],"to":[12.3125,9.18281,8.5],"faces":{"north":{"uv":[0,0,1,1],"texture":"#0"},"east":{"uv":[0,0,1,1],"texture":"#0"},"south":{"uv":[0,0,1,1],"texture":"#0"},"west":{"uv":[0,0,1,1],"texture":"#0"},"up":{"uv":[0,0,1,1],"texture":"#0"},"down":{"uv":[0,0,1,1],"texture":"#0"}}},{"name":"cube","from":[12.3125,6.93281,8],"to":[12.5625,8.68281,8.5],"faces":{"north":{"uv":[0,0,1,1],"texture":"#0"},"east":{"uv":[0,0,1,1],"texture":"#0"},"south":{"uv":[0,0,1,1],"texture":"#0"},"west":{"uv":[0,0,1,1],"texture":"#0"},"up":{"uv":[0,0,1,1],"texture":"#0"},"down":{"uv":[0,0,1,1],"texture":"#0"}}},{"name":"cube","from":[12.5625,7.43281,7.5],"to":[12.8125,8.43281,8],"faces":{"north":{"uv":[0,0,1,1],"texture":"#0"},"east":{"uv":[0,0,1,1],"texture":"#0"},"south":{"uv":[0,0,1,1],"texture":"#0"},"west":{"uv":[0,0,1,1],"texture":"#0"},"up":{"uv":[0,0,1,1],"texture":"#0"},"down":{"uv":[0,0,1,1],"texture":"#0"}}},{"name":"cube","from":[12.3125,7.43281,7.5],"to":[12.5625,8.68281,8],"faces":{"north":{"uv":[0,0,1,1],"texture":"#0"},"east":{"uv":[0,0,1,1],"texture":"#0"},"south":{"uv":[0,0,1,1],"texture":"#0"},"west":{"uv":[0,0,1,1],"texture":"#0"},"up":{"uv":[0,0,1,1],"texture":"#0"},"down":{"uv":[0,0,1,1],"texture":"#0"}}},{"name":"cube","from":[13.3125,7.68281,7.5],"to":[13.5625,8.18281,8.5],"faces":{"north":{"uv":[0,0,1,1],"texture":"#0"},"east":{"uv":[0,0,1,1],"texture":"#0"},"south":{"uv":[0,0,1,1],"texture":"#0"},"west":{"uv":[0,0,1,1],"texture":"#0"},"up":{"uv":[0,0,1,1],"texture":"#0"}}},{"name":"cube","from":[13.3125,6.93281,7.5],"to":[13.5625,7.68281,8],"faces":{"north":{"uv":[0,0,1,1],"texture":"#0"},"east":{"uv":[0,0,1,1],"texture":"#0"},"south":{"uv":[0,0,1,1],"texture":"#0"},"west":{"uv":[0,0,1,1],"texture":"#0"},"down":{"uv":[0,0,1,1],"texture":"#0"}}},{"name":"cube","from":[13.3125,7.18281,8],"to":[13.5625,7.68281,8.25],"faces":{"east":{"uv":[0,0,1,1],"texture":"#0"},"south":{"uv":[0,0,1,1],"texture":"#0"},"west":{"uv":[0,0,1,1],"texture":"#0"},"down":{"uv":[0,0,1,1],"texture":"#0"}}},{"name":"cube","from":[13.3125,7.43281,8.25],"to":[13.5625,7.68281,8.5],"faces":{"east":{"uv":[0,0,1,1],"texture":"#0"},"south":{"uv":[0,0,1,1],"texture":"#0"},"west":{"uv":[0,0,1,1],"texture":"#0"},"down":{"uv":[0,0,1,1],"texture":"#0"}}},{"name":"cube","from":[12.5625,7.68281,7.5],"to":[12.8125,8.18281,8.5],"faces":{"north":{"uv":[0,0,1,1],"texture":"#0"},"east":{"uv":[0,0,1,1],"texture":"#0"},"south":{"uv":[0,0,1,1],"texture":"#0"},"west":{"uv":[0,0,1,1],"texture":"#0"},"down":{"uv":[0,0,1,1],"texture":"#0"}}},{"name":"cube","from":[14.875,8.30781,7.875],"to":[15.1875,8.74531,8.125],"faces":{"north":{"uv":[0,0,1,1],"texture":"#0"},"east":{"uv":[0,0,1,1],"texture":"#0"},"south":{"uv":[0,0,1,1],"texture":"#0"},"up":{"uv":[0,0,1,1],"texture":"#0"}}},{"name":"cube","from":[15.1875,8.30781,7.875],"to":[15.375,8.43281,8.125],"faces":{"north":{"uv":[0,0,1,1],"texture":"#0"},"east":{"uv":[0,0,1,1],"texture":"#0"},"south":{"uv":[0,0,1,1],"texture":"#0"},"up":{"uv":[0,0,1,1],"texture":"#0"}}}],"display":{"thirdperson_righthand":{"scale":[0.5,0.5,0.5],"translation":[0,-2,1],"rotation":[0,180,0]},"thirdperson_lefthand":{"scale":[0.5,0.5,0.5],"translation":[0,-2,1]},"firstperson_righthand":{"rotation":[0,100,0],"translation":[-2,3.5,0]},"firstperson_lefthand":{"rotation":[0,-80,0],"translation":[-2,3.5,0]},"head":{"scale":[1.7,1.7,1.7]},"ground":{"scale":[0.5,0.5,0.5],"translation":[0,4,0]},"fixed":{"scale":[1.1,1.1,1.1]},"gui":{"scale":[1.3,1.3,1.3],"rotation":[45,45,0],"translation":[0,0,0]}},"groups":[{"name":"knife","isOpen":true,"export":true,"visibility":true,"children":[0,1,2,3,4]},{"name":"blood","isOpen":true,"export":true,"visibility":true,"children":[{"name":"left","isOpen":true,"export":true,"visibility":true,"children":[5,6,7,8]},{"name":"right","isOpen":true,"export":true,"visibility":true,"children":[9,10,11,12,13,14,15,16,17,18,19]}]}]}