{
	"credit": "Made with Blockbench",
	"texture_size": [128, 128],
	"textures": {
		"2": "item/decor/dreamy/dreamy_big_couch"
	},
	"elements": [
		{
			"from": [-16, 11, 2],
			"to": [-14, 13, 16],
			"rotation": {"angle": 0, "axis": "y", "origin": [16, 0, 0]},
			"faces": {
				"north": {"uv": [3.5, 6.125, 3.75, 6.375], "texture": "#2"},
				"east": {"uv": [5.5, 4.375, 7.25, 4.625], "texture": "#2"},
				"south": {"uv": [7, 6.375, 7.25, 6.625], "texture": "#2"},
				"west": {"uv": [1.75, 6.5, 3.5, 6.75], "texture": "#2"},
				"up": {"uv": [0.25, 8.5, 0, 6.75], "texture": "#2"},
				"down": {"uv": [0.5, 6.75, 0.25, 8.5], "texture": "#2"}
			}
		},
		{
			"from": [-14, 11, 14],
			"to": [30, 13, 16],
			"faces": {
				"north": {"uv": [5.25, 4.625, 10.75, 4.875], "texture": "#2"},
				"east": {"uv": [3, 7.25, 3.25, 7.5], "texture": "#2"},
				"south": {"uv": [5.25, 4.875, 10.75, 5.125], "texture": "#2"},
				"west": {"uv": [3.25, 7.25, 3.5, 7.5], "texture": "#2"},
				"up": {"uv": [10.75, 5.375, 5.25, 5.125], "texture": "#2"},
				"down": {"uv": [10.75, 5.375, 5.25, 5.625], "texture": "#2"}
			}
		},
		{
			"from": [-16, 0, 2],
			"to": [-14, 11, 4],
			"rotation": {"angle": 0, "axis": "y", "origin": [16, 0, 0]},
			"faces": {
				"north": {"uv": [1, 7.25, 1.25, 8.625], "texture": "#2"},
				"east": {"uv": [1.25, 7.25, 1.5, 8.625], "texture": "#2"},
				"south": {"uv": [1.5, 7.25, 1.75, 8.625], "texture": "#2"},
				"west": {"uv": [1.75, 7.25, 2, 8.625], "texture": "#2"},
				"up": {"uv": [3.75, 7.5, 3.5, 7.25], "texture": "#2"},
				"down": {"uv": [4, 7.25, 3.75, 7.5], "texture": "#2"}
			}
		},
		{
			"from": [-14, 0, 14],
			"to": [30, 2, 16],
			"faces": {
				"north": {"uv": [5.5, 3.375, 11, 3.625], "texture": "#2"},
				"east": {"uv": [7.25, 5.875, 7.5, 6.125], "texture": "#2"},
				"south": {"uv": [5.5, 3.625, 11, 3.875], "texture": "#2"},
				"west": {"uv": [7.25, 6.125, 7.5, 6.375], "texture": "#2"},
				"up": {"uv": [11, 4.125, 5.5, 3.875], "texture": "#2"},
				"down": {"uv": [11, 4.125, 5.5, 4.375], "texture": "#2"}
			}
		},
		{
			"from": [-16, 0, 4],
			"to": [-14, 2, 16],
			"rotation": {"angle": 0, "axis": "y", "origin": [16, 0, 0]},
			"faces": {
				"north": {"uv": [7.25, 4.375, 7.5, 4.625], "texture": "#2"},
				"east": {"uv": [3.75, 5.75, 5.25, 6], "texture": "#2"},
				"south": {"uv": [7.25, 5.625, 7.5, 5.875], "texture": "#2"},
				"west": {"uv": [6.75, 6.75, 8.25, 7], "texture": "#2"},
				"up": {"uv": [0.75, 8.5, 0.5, 7], "texture": "#2"},
				"down": {"uv": [1, 7, 0.75, 8.5], "texture": "#2"}
			}
		},
		{
			"from": [30, 0, 2],
			"to": [32, 11, 4],
			"faces": {
				"north": {"uv": [2, 7.25, 2.25, 8.625], "texture": "#2"},
				"east": {"uv": [2.25, 7.25, 2.5, 8.625], "texture": "#2"},
				"south": {"uv": [2.5, 7.25, 2.75, 8.625], "texture": "#2"},
				"west": {"uv": [2.75, 7.25, 3, 8.625], "texture": "#2"},
				"up": {"uv": [3.5, 7.75, 3.25, 7.5], "texture": "#2"},
				"down": {"uv": [3.75, 7.5, 3.5, 7.75], "texture": "#2"}
			}
		},
		{
			"from": [30, 0, 4],
			"to": [32, 2, 16],
			"faces": {
				"north": {"uv": [7.25, 7.25, 7.5, 7.5], "texture": "#2"},
				"east": {"uv": [1, 7, 2.5, 7.25], "texture": "#2"},
				"south": {"uv": [3, 7.5, 3.25, 7.75], "texture": "#2"},
				"west": {"uv": [2.5, 7, 4, 7.25], "texture": "#2"},
				"up": {"uv": [7, 8.5, 6.75, 7], "texture": "#2"},
				"down": {"uv": [7.25, 7, 7, 8.5], "texture": "#2"}
			}
		},
		{
			"from": [30, 11, 2],
			"to": [32, 13, 16],
			"faces": {
				"north": {"uv": [7.25, 6.375, 7.5, 6.625], "texture": "#2"},
				"east": {"uv": [0.5, 6.75, 2.25, 7], "texture": "#2"},
				"south": {"uv": [7.25, 7, 7.5, 7.25], "texture": "#2"},
				"west": {"uv": [2.25, 6.75, 4, 7], "texture": "#2"},
				"up": {"uv": [4.25, 8.5, 4, 6.75], "texture": "#2"},
				"down": {"uv": [4.5, 6.75, 4.25, 8.5], "texture": "#2"}
			}
		},
		{
			"from": [1, 5, 1],
			"to": [15, 8, 15],
			"faces": {
				"north": {"uv": [1.75, 5.25, 3.5, 5.625], "texture": "#2", "tintindex": 0},
				"east": {"uv": [6, 2.25, 7.75, 2.625], "texture": "#2", "tintindex": 0},
				"south": {"uv": [6, 2.625, 7.75, 3], "texture": "#2", "tintindex": 0},
				"west": {"uv": [6, 3, 7.75, 3.375], "texture": "#2", "tintindex": 0},
				"up": {"uv": [1.75, 5.25, 0, 3.5], "texture": "#2", "tintindex": 0},
				"down": {"uv": [3.5, 3.5, 1.75, 5.25], "texture": "#2", "tintindex": 0}
			}
		},
		{
			"from": [1, 8, 12],
			"to": [15, 17, 15],
			"faces": {
				"north": {"uv": [3.5, 4.625, 5.25, 5.75], "texture": "#2", "tintindex": 0},
				"east": {"uv": [4.5, 6.75, 4.875, 7.875], "texture": "#2", "tintindex": 0},
				"south": {"uv": [0, 5.25, 1.75, 6.375], "texture": "#2", "tintindex": 0},
				"west": {"uv": [4.875, 6.75, 5.25, 7.875], "texture": "#2", "tintindex": 0},
				"up": {"uv": [5.5, 6.375, 3.75, 6], "texture": "#2", "tintindex": 0},
				"down": {"uv": [7.25, 6, 5.5, 6.375], "texture": "#2", "tintindex": 0}
			}
		},
		{
			"from": [-15, 5, 1],
			"to": [1, 8, 15],
			"faces": {
				"north": {"uv": [6, 1.5, 8, 1.875], "texture": "#2", "tintindex": 0},
				"east": {"uv": [3.5, 6.375, 5.25, 6.75], "texture": "#2", "tintindex": 0},
				"south": {"uv": [6, 1.875, 8, 2.25], "texture": "#2", "tintindex": 0},
				"west": {"uv": [5.25, 6.375, 7, 6.75], "texture": "#2", "tintindex": 0},
				"up": {"uv": [4, 1.75, 2, 0], "texture": "#2", "tintindex": 0},
				"down": {"uv": [4, 1.75, 2, 3.5], "texture": "#2", "tintindex": 0}
			}
		},
		{
			"from": [-15, 8, 12],
			"to": [1, 17, 15],
			"faces": {
				"north": {"uv": [4, 1.125, 6, 2.25], "texture": "#2", "tintindex": 0},
				"east": {"uv": [6, 6.75, 6.375, 7.875], "texture": "#2", "tintindex": 0},
				"south": {"uv": [4, 2.25, 6, 3.375], "texture": "#2", "tintindex": 0},
				"west": {"uv": [6.375, 6.75, 6.75, 7.875], "texture": "#2", "tintindex": 0},
				"up": {"uv": [8, 1.125, 6, 0.75], "texture": "#2", "tintindex": 0},
				"down": {"uv": [8, 1.125, 6, 1.5], "texture": "#2", "tintindex": 0}
			}
		},
		{
			"from": [15, 5, 1],
			"to": [31, 8, 15],
			"faces": {
				"north": {"uv": [6, 0, 8, 0.375], "texture": "#2", "tintindex": 0},
				"east": {"uv": [1.75, 6.125, 3.5, 6.5], "texture": "#2", "tintindex": 0},
				"south": {"uv": [6, 0.375, 8, 0.75], "texture": "#2", "tintindex": 0},
				"west": {"uv": [0, 6.375, 1.75, 6.75], "texture": "#2", "tintindex": 0},
				"up": {"uv": [2, 1.75, 0, 0], "texture": "#2", "tintindex": 0},
				"down": {"uv": [2, 1.75, 0, 3.5], "texture": "#2", "tintindex": 0}
			}
		},
		{
			"from": [15, 8, 12],
			"to": [31, 17, 15],
			"faces": {
				"north": {"uv": [3.5, 3.5, 5.5, 4.625], "texture": "#2", "tintindex": 0},
				"east": {"uv": [5.25, 6.75, 5.625, 7.875], "texture": "#2", "tintindex": 0},
				"south": {"uv": [4, 0, 6, 1.125], "texture": "#2", "tintindex": 0},
				"west": {"uv": [5.625, 6.75, 6, 7.875], "texture": "#2", "tintindex": 0},
				"up": {"uv": [7.25, 6, 5.25, 5.625], "texture": "#2", "tintindex": 0},
				"down": {"uv": [3.75, 5.75, 1.75, 6.125], "texture": "#2", "tintindex": 0}
			}
		}
	],
	"display": {
		"thirdperson_righthand": {
			"rotation": [75, 45, 0],
			"translation": [0, 2.5, 0],
			"scale": [0.375, 0.375, 0.375]
		},
		"thirdperson_lefthand": {
			"rotation": [75, 45, 0],
			"translation": [0, 2.5, 0],
			"scale": [0.375, 0.375, 0.375]
		},
		"firstperson_righthand": {
			"rotation": [0, 45, 0],
			"scale": [0.4, 0.4, 0.4]
		},
		"firstperson_lefthand": {
			"rotation": [0, 225, 0],
			"scale": [0.4, 0.4, 0.4]
		},
		"ground": {
			"translation": [0, 3, 0],
			"scale": [0.25, 0.25, 0.25]
		},
		"gui": {
			"rotation": [30, 225, 0],
			"translation": [0.25, 0, 0],
			"scale": [0.35, 0.35, 0.35]
		},
		"head": {
			"rotation": [0, -180, 0],
			"translation": [21.25, -30.2, 0.5],
			"scale": [1.4, 1.6, 1.6]
		},
		"fixed": {
			"rotation": [-90, 0, 0],
			"translation": [0, 0, -15.5],
			"scale": [2, 2, 2]
		}
	}
}