{
    "parent":"item/handheld",
    "textures":{
        "layer0":"item/apple"
    },
    "overrides":[
        {
            "predicate":{
                "custom_model_data":1000
            },
            "model":"item/etc/cola"
        },
		{
            "predicate":{
                "custom_model_data":1001
            },
            "model":"item/etc/maesil"
        },
		{
            "predicate":{
                "custom_model_data":1002
            },
            "model":"item/etc/icecream"
        },
		{
            "predicate":{
                "custom_model_data":1003
            },
            "model":"item/etc/bubble_tea"
        },
		{
            "predicate":{
                "custom_model_data":1004
            },
            "model":"item/etc/coffee"
        },
        {
            "predicate":{
                "custom_model_data":1005
            },
            "model":"item/etc/orange_drink"
        }
    ]
}