{
    "parent":"item/handheld",
    "textures":{
        "layer0":"item/bone"
    },
    "overrides":[
        {
            "predicate":{
                "custom_model_data":1000
            },
            "model":"item/gui/train_button_0"
        },
		{
            "predicate":{
                "custom_model_data":1001
            },
            "model":"item/gui/train_button_0_1"
        },
		{
            "predicate":{
                "custom_model_data":1002
            },
            "model":"item/gui/train_button_1"
        },
		{
            "predicate":{
                "custom_model_data":1003
            },
            "model":"item/gui/train_button_1_1"
        },
		{
            "predicate":{
                "custom_model_data":1004
            },
            "model":"item/gui/train_button_1_2"
        },
		{
            "predicate":{
                "custom_model_data":1005
            },
            "model":"item/gui/train_button_2"
        },
		{
            "predicate":{
                "custom_model_data":1006
            },
            "model":"item/gui/train_button_2_1"
        },
		{
            "predicate":{
                "custom_model_data":1007
            },
            "model":"item/gui/train_button_2_2"
        },
		{
            "predicate":{
                "custom_model_data":1008
            },
            "model":"item/gui/train_button_3"
        },
		{
            "predicate":{
                "custom_model_data":1009
            },
            "model":"item/gui/train_button_3_1"
        },
		{
            "predicate":{
                "custom_model_data":1010
            },
            "model":"item/gui/train_button_3_2"
        },
		{
            "predicate":{
                "custom_model_data":1011
            },
            "model":"item/gui/train_button_4"
        },
		{
            "predicate":{
                "custom_model_data":1012
            },
            "model":"item/gui/train_button_4_1"
        },
		{
            "predicate":{
                "custom_model_data":1013
            },
            "model":"item/gui/train_button_4_2"
        },
		{
            "predicate":{
                "custom_model_data":1014
            },
            "model":"item/gui/train_sign_0"
        },
		{
            "predicate":{
                "custom_model_data":1015
            },
            "model":"item/gui/train_sign_1"
        },
		{
            "predicate":{
                "custom_model_data":1016
            },
            "model":"item/gui/train_sign_2"
        },
		{
            "predicate":{
                "custom_model_data":1017
            },
            "model":"item/gui/train_sign_3"
        },
		{
            "predicate":{
                "custom_model_data":1018
            },
            "model":"item/gui/train_sign_4"
        },
		{
            "predicate":{
                "custom_model_data":1019
            },
            "model":"item/gui/train_sign_5"
        },
		{
            "predicate":{
                "custom_model_data":1020
            },
            "model":"item/gui/train_sign_6"
        },
		{
            "predicate":{
                "custom_model_data":1021
            },
            "model":"item/gui/train_sign_7"
        },
		{
            "predicate":{
                "custom_model_data":1022
            },
            "model":"item/gui/train_sign_8"
        },
		{
            "predicate":{
                "custom_model_data":1023
            },
            "model":"item/gui/train_gui_barrier"
        },
		{
            "predicate":{
                "custom_model_data":1024
            },
            "model":"item/gui/bus_sign_1"
        },
		{
            "predicate":{
                "custom_model_data":1025
            },
            "model":"item/gui/bus_sign_2"
        },
		{
            "predicate":{
                "custom_model_data":1026
            },
            "model":"item/gui/bus_sign_3"
        },
		{
            "predicate":{
                "custom_model_data":1027
            },
            "model":"item/gui/bus_sign_4"
        },
		{
            "predicate":{
                "custom_model_data":1028
            },
            "model":"item/gui/bus_sign_5"
        },
		{
            "predicate":{
                "custom_model_data":1029
            },
            "model":"item/gui/bus_sign_6"
        },
		{
            "predicate":{
                "custom_model_data":1030
            },
            "model":"item/gui/bus_sign_7"
        },
		{
            "predicate":{
                "custom_model_data":1031
            },
            "model":"item/gui/bus_sign_8"
        },
		{
            "predicate":{
                "custom_model_data":1032
            },
            "model":"item/gui/next_button"
        },
		{
            "predicate":{
                "custom_model_data":1033
            },
            "model":"item/gui/next_button_dim"
        },
		{
            "predicate":{
                "custom_model_data":1034
            },
            "model":"item/gui/back_button"
        },
		{
            "predicate":{
                "custom_model_data":1035
            },
            "model":"item/gui/back_button_dim"
        },
		{
            "predicate":{
                "custom_model_data":1036
            },
            "model":"item/gui/home_icon"
        },
		{
            "predicate":{
                "custom_model_data":1037
            },
            "model":"item/gui/out_icon"
        },
		{
            "predicate":{
                "custom_model_data":1038
            },
            "model":"item/gui/information_icon"
        }
    ]
}