{
	"__comment": "haru_711",
	"textures": {
		"particle": "item/fish/blue",
		"blue": "item/fish/blue"
	},
	"gui_light": "front",
	"elements": [ 	 
		{
			"__comment": "Voxels",
			"from": [ -9.5, 7.5, 8.5 ],
			"to": [ 25.5, 9.5, 10.5 ],
			"faces": {
				"down": { "uv": [ 0, 15.75, 4.375, 16 ], "texture": "#blue" },
				"up": { "uv": [ 0, 15.75, 4.375, 15.5 ], "texture": "#blue" },
				"north": { "uv": [ 4.375, 15.25, 0, 15.5 ], "texture": "#blue" },
				"south": { "uv": [ 0, 15, 4.375, 15.25 ], "texture": "#blue" },
				"west": { "uv": [ 3, 8.75, 3.25, 9 ], "texture": "#blue" },
				"east": { "uv": [ 3.875, 9.125, 3.625, 9.375 ], "texture": "#blue" }
			}
		},
		{
			"__comment": "Voxels",
			"from": [ -9.5, 7.5, 10.5 ],
			"to": [ 19, 9.5, 11 ],
			"faces": {
				"down": { "uv": [ 10.8125, 15.4375, 14.375, 15.5 ], "texture": "#blue" },
				"up": { "uv": [ 7.25, 15.5, 10.8125, 15.4375 ], "texture": "#blue" },
				"north": { "uv": [ 3.5625, 14.75, 0, 15 ], "texture": "#blue" },
				"south": { "uv": [ 0, 14.5, 3.5625, 14.75 ], "texture": "#blue" },
				"west": { "uv": [ 6.875, 12.5, 6.9375, 12.75 ], "texture": "#blue" },
				"east": { "uv": [ 6.8125, 12, 6.75, 12.25 ], "texture": "#blue" }
			}
		},
		{
			"__comment": "Voxels",
			"from": [ -9.5, 7.5, 11 ],
			"to": [ 18.5, 9.5, 11.5 ],
			"faces": {
				"down": { "uv": [ 10.75, 15.375, 14.25, 15.4375 ], "texture": "#blue" },
				"up": { "uv": [ 7.25, 15.4375, 10.75, 15.375 ], "texture": "#blue" },
				"north": { "uv": [ 3.5, 14.25, 0, 14.5 ], "texture": "#blue" },
				"south": { "uv": [ 0, 14, 3.5, 14.25 ], "texture": "#blue" },
				"west": { "uv": [ 7.125, 12, 7.1875, 12.25 ], "texture": "#blue" },
				"east": { "uv": [ 6.75, 11.75, 6.6875, 12 ], "texture": "#blue" }
			}
		},
		{
			"__comment": "Voxels",
			"from": [ -9, 7.5, 7 ],
			"to": [ 18.5, 9.5, 8.5 ],
			"faces": {
				"down": { "uv": [ 10.6875, 15.8125, 14.125, 16 ], "texture": "#blue" },
				"up": { "uv": [ 7.25, 16, 10.6875, 15.8125 ], "texture": "#blue" },
				"north": { "uv": [ 3.4375, 13.75, 0, 14 ], "texture": "#blue" },
				"south": { "uv": [ 0, 13.5, 3.4375, 13.75 ], "texture": "#blue" },
				"west": { "uv": [ 4.1875, 13.75, 4.375, 14 ], "texture": "#blue" },
				"east": { "uv": [ 4.375, 13.5, 4.1875, 13.75 ], "texture": "#blue" }
			}
		},
		{
			"__comment": "Voxels",
			"from": [ -9, 7.5, 11.5 ],
			"to": [ 18.5, 9.5, 12 ],
			"faces": {
				"down": { "uv": [ 7.25, 15.3125, 10.6875, 15.375 ], "texture": "#blue" },
				"up": { "uv": [ 10.6875, 15.375, 14.125, 15.3125 ], "texture": "#blue" },
				"north": { "uv": [ 3.4375, 13.25, 0, 13.5 ], "texture": "#blue" },
				"south": { "uv": [ 0, 13, 3.4375, 13.25 ], "texture": "#blue" },
				"west": { "uv": [ 6.75, 11.75, 6.8125, 12 ], "texture": "#blue" },
				"east": { "uv": [ 6.875, 11.75, 6.8125, 12 ], "texture": "#blue" }
			}
		},
		{
			"__comment": "Voxels",
			"from": [ -8.5, 7.5, 5.5 ],
			"to": [ 18, 9.5, 7 ],
			"faces": {
				"down": { "uv": [ 10.5625, 15.625, 13.875, 15.8125 ], "texture": "#blue" },
				"up": { "uv": [ 7.25, 15.8125, 10.5625, 15.625 ], "texture": "#blue" },
				"north": { "uv": [ 3.3125, 12.25, 0, 12.5 ], "texture": "#blue" },
				"south": { "uv": [ 0, 12.5, 3.3125, 12.75 ], "texture": "#blue" },
				"west": { "uv": [ 3.25, 8.5625, 3.4375, 8.8125 ], "texture": "#blue" },
				"east": { "uv": [ 3.1875, 8, 3, 8.25 ], "texture": "#blue" }
			}
		},
		{
			"__comment": "Voxels",
			"from": [ -8, 7.5, 4.5 ],
			"to": [ 17.5, 9.5, 5.5 ],
			"faces": {
				"down": { "uv": [ 7.25, 15.5, 10.4375, 15.625 ], "texture": "#blue" },
				"up": { "uv": [ 10.4375, 15.625, 13.625, 15.5 ], "texture": "#blue" },
				"north": { "uv": [ 3.1875, 11, 0, 11.25 ], "texture": "#blue" },
				"south": { "uv": [ 0, 11.25, 3.1875, 11.5 ], "texture": "#blue" },
				"west": { "uv": [ 4.25, 9.5, 4.375, 9.75 ], "texture": "#blue" },
				"east": { "uv": [ 3, 8.25, 2.875, 8.5 ], "texture": "#blue" }
			}
		},
		{
			"__comment": "Voxels",
			"from": [ -8, 7.5, 12 ],
			"to": [ 18.5, 9.5, 12.5 ],
			"faces": {
				"down": { "uv": [ 7.25, 15.25, 10.5625, 15.3125 ], "texture": "#blue" },
				"up": { "uv": [ 10.5625, 15.3125, 13.875, 15.25 ], "texture": "#blue" },
				"north": { "uv": [ 3.3125, 12.75, 0, 13 ], "texture": "#blue" },
				"south": { "uv": [ 0, 12, 3.3125, 12.25 ], "texture": "#blue" },
				"west": { "uv": [ 6.875, 11.75, 6.9375, 12 ], "texture": "#blue" },
				"east": { "uv": [ 7.25, 11.75, 7.1875, 12 ], "texture": "#blue" }
			}
		},
		{
			"__comment": "Voxels",
			"from": [ -8, 7.5, 12.5 ],
			"to": [ 18, 9.5, 13 ],
			"faces": {
				"down": { "uv": [ 10.5, 15.1875, 13.75, 15.25 ], "texture": "#blue" },
				"up": { "uv": [ 7.25, 15.25, 10.5, 15.1875 ], "texture": "#blue" },
				"north": { "uv": [ 3.25, 11.5, 0, 11.75 ], "texture": "#blue" },
				"south": { "uv": [ 0, 11.75, 3.25, 12 ], "texture": "#blue" },
				"west": { "uv": [ 6.6875, 11.5, 6.75, 11.75 ], "texture": "#blue" },
				"east": { "uv": [ 7.0625, 11.5, 7, 11.75 ], "texture": "#blue" }
			}
		},
		{
			"__comment": "Voxels",
			"from": [ -8, 7.5, 13 ],
			"to": [ 17.5, 9.5, 13.5 ],
			"faces": {
				"down": { "uv": [ 10.4375, 15.125, 13.625, 15.1875 ], "texture": "#blue" },
				"up": { "uv": [ 7.25, 15.1875, 10.4375, 15.125 ], "texture": "#blue" },
				"north": { "uv": [ 3.1875, 10.5, 0, 10.75 ], "texture": "#blue" },
				"south": { "uv": [ 0, 10.75, 3.1875, 11 ], "texture": "#blue" },
				"west": { "uv": [ 7.0625, 11.5, 7.125, 11.75 ], "texture": "#blue" },
				"east": { "uv": [ 7.1875, 11.25, 7.125, 11.5 ], "texture": "#blue" }
			}
		},
		{
			"__comment": "Voxels",
			"from": [ -7.5, 7.5, 4 ],
			"to": [ 17, 9.5, 4.5 ],
			"faces": {
				"down": { "uv": [ 10.3125, 15.0625, 13.375, 15.125 ], "texture": "#blue" },
				"up": { "uv": [ 10.3125, 15.0625, 13.375, 15 ], "texture": "#blue" },
				"north": { "uv": [ 3.0625, 10, 0, 10.25 ], "texture": "#blue" },
				"south": { "uv": [ 0, 10.25, 3.0625, 10.5 ], "texture": "#blue" },
				"west": { "uv": [ 4.3125, 11.25, 4.375, 11.5 ], "texture": "#blue" },
				"east": { "uv": [ 4.375, 8.0625, 4.3125, 8.3125 ], "texture": "#blue" }
			}
		},
		{
			"__comment": "Voxels",
			"from": [ -7.5, 7.5, 13.5 ],
			"to": [ 17, 9.5, 14 ],
			"faces": {
				"down": { "uv": [ 7.25, 15.0625, 10.3125, 15.125 ], "texture": "#blue" },
				"up": { "uv": [ 7.25, 15.0625, 10.3125, 15 ], "texture": "#blue" },
				"north": { "uv": [ 3.0625, 9.75, 0, 10 ], "texture": "#blue" },
				"south": { "uv": [ 0, 9.5, 3.0625, 9.75 ], "texture": "#blue" },
				"west": { "uv": [ 4.3125, 11, 4.375, 11.25 ], "texture": "#blue" },
				"east": { "uv": [ 7.25, 13.25, 7.1875, 13.5 ], "texture": "#blue" }
			}
		},
		{
			"__comment": "Voxels",
			"from": [ -7, 7.5, 3.5 ],
			"to": [ 17, 9.5, 4 ],
			"faces": {
				"down": { "uv": [ 10.25, 14.875, 13.25, 14.9375 ], "texture": "#blue" },
				"up": { "uv": [ 7.25, 14.9375, 10.25, 14.875 ], "texture": "#blue" },
				"north": { "uv": [ 3, 9.25, 0, 9.5 ], "texture": "#blue" },
				"south": { "uv": [ 0, 9, 3, 9.25 ], "texture": "#blue" },
				"west": { "uv": [ 7, 12.5, 7.0625, 12.75 ], "texture": "#blue" },
				"east": { "uv": [ 7, 12.5, 6.9375, 12.75 ], "texture": "#blue" }
			}
		},
		{
			"__comment": "Voxels",
			"from": [ -7, 7.5, 14 ],
			"to": [ 17, 9.5, 14.5 ],
			"faces": {
				"down": { "uv": [ 10.25, 14.9375, 13.25, 15 ], "texture": "#blue" },
				"up": { "uv": [ 7.25, 15, 10.25, 14.9375 ], "texture": "#blue" },
				"north": { "uv": [ 3, 8.75, 0, 9 ], "texture": "#blue" },
				"south": { "uv": [ 0, 8.5, 3, 8.75 ], "texture": "#blue" },
				"west": { "uv": [ 7.125, 13, 7.1875, 13.25 ], "texture": "#blue" },
				"east": { "uv": [ 7.125, 13, 7.0625, 13.25 ], "texture": "#blue" }
			}
		},
		{
			"__comment": "Voxels",
			"from": [ -6.5, 7.5, 3 ],
			"to": [ 16.5, 9.5, 3.5 ],
			"faces": {
				"down": { "uv": [ 7.25, 14.75, 10.125, 14.8125 ], "texture": "#blue" },
				"up": { "uv": [ 7.25, 14.875, 10.125, 14.8125 ], "texture": "#blue" },
				"north": { "uv": [ 7.25, 15.5, 4.375, 15.75 ], "texture": "#blue" },
				"south": { "uv": [ 0, 8.25, 2.875, 8.5 ], "texture": "#blue" },
				"west": { "uv": [ 6.875, 13, 6.9375, 13.25 ], "texture": "#blue" },
				"east": { "uv": [ 7.25, 12.5, 7.1875, 12.75 ], "texture": "#blue" }
			}
		},
		{
			"__comment": "Voxels",
			"from": [ -6.5, 7.5, 14.5 ],
			"to": [ 16.5, 9.5, 15 ],
			"faces": {
				"down": { "uv": [ 10.125, 14.8125, 13, 14.875 ], "texture": "#blue" },
				"up": { "uv": [ 13, 14.875, 15.875, 14.8125 ], "texture": "#blue" },
				"north": { "uv": [ 7.25, 15.75, 4.375, 16 ], "texture": "#blue" },
				"south": { "uv": [ 0, 8, 2.875, 8.25 ], "texture": "#blue" },
				"west": { "uv": [ 6.875, 13.25, 6.9375, 13.5 ], "texture": "#blue" },
				"east": { "uv": [ 7.25, 13.5, 7.1875, 13.75 ], "texture": "#blue" }
			}
		},
		{
			"__comment": "Voxels",
			"from": [ -6, 7.5, 2.5 ],
			"to": [ 16, 9.5, 3 ],
			"faces": {
				"down": { "uv": [ 13.25, 14.9375, 16, 15 ], "texture": "#blue" },
				"up": { "uv": [ 13.25, 14.9375, 16, 14.875 ], "texture": "#blue" },
				"north": { "uv": [ 7.125, 14.5, 4.375, 14.75 ], "texture": "#blue" },
				"south": { "uv": [ 4.375, 15.25, 7.125, 15.5 ], "texture": "#blue" },
				"west": { "uv": [ 7.1875, 13.75, 7.25, 14 ], "texture": "#blue" },
				"east": { "uv": [ 7.1875, 13.75, 7.125, 14 ], "texture": "#blue" }
			}
		},
		{
			"__comment": "Voxels",
			"from": [ -5.5, 7.5, 2 ],
			"to": [ 16, 9.5, 2.5 ],
			"faces": {
				"down": { "uv": [ 7.25, 14.6875, 9.9375, 14.75 ], "texture": "#blue" },
				"up": { "uv": [ 9.9375, 14.75, 12.625, 14.6875 ], "texture": "#blue" },
				"north": { "uv": [ 7.0625, 14.25, 4.375, 14.5 ], "texture": "#blue" },
				"south": { "uv": [ 4.375, 14, 7.0625, 14.25 ], "texture": "#blue" },
				"west": { "uv": [ 7.1875, 14, 7.25, 14.25 ], "texture": "#blue" },
				"east": { "uv": [ 7.1875, 14, 7.125, 14.25 ], "texture": "#blue" }
			}
		},
		{
			"__comment": "Voxels",
			"from": [ -5.5, 7.5, 15 ],
			"to": [ 16.5, 9.5, 15.5 ],
			"faces": {
				"down": { "uv": [ 10.125, 14.75, 12.875, 14.8125 ], "texture": "#blue" },
				"up": { "uv": [ 12.875, 14.8125, 15.625, 14.75 ], "texture": "#blue" },
				"north": { "uv": [ 7.125, 14.75, 4.375, 15 ], "texture": "#blue" },
				"south": { "uv": [ 4.375, 15, 7.125, 15.25 ], "texture": "#blue" },
				"west": { "uv": [ 6.9375, 11.75, 7, 12 ], "texture": "#blue" },
				"east": { "uv": [ 7.0625, 11.75, 7, 12 ], "texture": "#blue" }
			}
		},
		{
			"__comment": "Voxels",
			"from": [ -5, 7.5, 1.5 ],
			"to": [ 15, 9.5, 2 ],
			"faces": {
				"down": { "uv": [ 12.625, 14.6875, 15.125, 14.75 ], "texture": "#blue" },
				"up": { "uv": [ 7.25, 14.6875, 9.75, 14.625 ], "texture": "#blue" },
				"north": { "uv": [ 6.875, 13, 4.375, 13.25 ], "texture": "#blue" },
				"south": { "uv": [ 4.375, 13.25, 6.875, 13.5 ], "texture": "#blue" },
				"west": { "uv": [ 7.1875, 11.5, 7.25, 11.75 ], "texture": "#blue" },
				"east": { "uv": [ 6.875, 11.25, 6.8125, 11.5 ], "texture": "#blue" }
			}
		},
		{
			"__comment": "Voxels",
			"from": [ -5, 7.5, 15.5 ],
			"to": [ 16, 9.5, 16 ],
			"faces": {
				"down": { "uv": [ 13.375, 15.0625, 16, 15.125 ], "texture": "#blue" },
				"up": { "uv": [ 13.375, 15.0625, 16, 15 ], "texture": "#blue" },
				"north": { "uv": [ 7, 13.75, 4.375, 14 ], "texture": "#blue" },
				"south": { "uv": [ 4.375, 13.5, 7, 13.75 ], "texture": "#blue" },
				"west": { "uv": [ 7.1875, 14.75, 7.25, 15 ], "texture": "#blue" },
				"east": { "uv": [ 7.1875, 14.75, 7.125, 15 ], "texture": "#blue" }
			}
		},
		{
			"__comment": "Voxels",
			"from": [ -4.5, 7.5, 1 ],
			"to": [ 14.5, 9.5, 1.5 ],
			"faces": {
				"down": { "uv": [ 13.625, 15.5625, 16, 15.625 ], "texture": "#blue" },
				"up": { "uv": [ 13.625, 15.5625, 16, 15.5 ], "texture": "#blue" },
				"north": { "uv": [ 6.75, 12, 4.375, 12.25 ], "texture": "#blue" },
				"south": { "uv": [ 4.375, 12.25, 6.75, 12.5 ], "texture": "#blue" },
				"west": { "uv": [ 7.1875, 15.25, 7.25, 15.5 ], "texture": "#blue" },
				"east": { "uv": [ 7.1875, 15.25, 7.125, 15.5 ], "texture": "#blue" }
			}
		},
		{
			"__comment": "Voxels",
			"from": [ -4, 7.5, 0.5 ],
			"to": [ 14, 9.5, 1 ],
			"faces": {
				"down": { "uv": [ 9.5625, 14.5625, 11.8125, 14.625 ], "texture": "#blue" },
				"up": { "uv": [ 13.75, 15.25, 16, 15.1875 ], "texture": "#blue" },
				"north": { "uv": [ 6.625, 11, 4.375, 11.25 ], "texture": "#blue" },
				"south": { "uv": [ 4.375, 11.25, 6.625, 11.5 ], "texture": "#blue" },
				"west": { "uv": [ 4.125, 8.0625, 4.1875, 8.3125 ], "texture": "#blue" },
				"east": { "uv": [ 4.125, 8.0625, 4.0625, 8.3125 ], "texture": "#blue" }
			}
		},
		{
			"__comment": "Voxels",
			"from": [ -4, 7.5, 16 ],
			"to": [ 15.5, 9.5, 16.5 ],
			"faces": {
				"down": { "uv": [ 12.1875, 14.625, 14.625, 14.6875 ], "texture": "#blue" },
				"up": { "uv": [ 9.75, 14.6875, 12.1875, 14.625 ], "texture": "#blue" },
				"north": { "uv": [ 6.8125, 12.5, 4.375, 12.75 ], "texture": "#blue" },
				"south": { "uv": [ 4.375, 12.75, 6.8125, 13 ], "texture": "#blue" },
				"west": { "uv": [ 3.375, 8.3125, 3.4375, 8.5625 ], "texture": "#blue" },
				"east": { "uv": [ 3.25, 8, 3.1875, 8.25 ], "texture": "#blue" }
			}
		},
		{
			"__comment": "Voxels",
			"from": [ -3, 7.5, 0 ],
			"to": [ 14, 9.5, 0.5 ],
			"faces": {
				"down": { "uv": [ 13.875, 15.75, 16, 15.8125 ], "texture": "#blue" },
				"up": { "uv": [ 13.875, 15.75, 16, 15.6875 ], "texture": "#blue" },
				"north": { "uv": [ 6.5, 10.5, 4.375, 10.75 ], "texture": "#blue" },
				"south": { "uv": [ 4.375, 10.75, 6.5, 11 ], "texture": "#blue" },
				"west": { "uv": [ 4.3125, 10, 4.375, 10.25 ], "texture": "#blue" },
				"east": { "uv": [ 4.375, 10.25, 4.3125, 10.5 ], "texture": "#blue" }
			}
		},
		{
			"__comment": "Voxels",
			"from": [ -3, 7.5, 16.5 ],
			"to": [ 15.5, 9.5, 17 ],
			"faces": {
				"down": { "uv": [ 13.625, 15.125, 15.9375, 15.1875 ], "texture": "#blue" },
				"up": { "uv": [ 7.25, 14.625, 9.5625, 14.5625 ], "texture": "#blue" },
				"north": { "uv": [ 6.6875, 11.75, 4.375, 12 ], "texture": "#blue" },
				"south": { "uv": [ 4.375, 11.5, 6.6875, 11.75 ], "texture": "#blue" },
				"west": { "uv": [ 6.8125, 12, 6.875, 12.25 ], "texture": "#blue" },
				"east": { "uv": [ 7.0625, 13.75, 7, 14 ], "texture": "#blue" }
			}
		},
		{
			"__comment": "Voxels",
			"from": [ -1.5, 7.5, -0.5 ],
			"to": [ 13.5, 9.5, 0 ],
			"faces": {
				"down": { "uv": [ 14.125, 15.875, 16, 15.9375 ], "texture": "#blue" },
				"up": { "uv": [ 14.125, 16, 16, 15.9375 ], "texture": "#blue" },
				"north": { "uv": [ 6.25, 9.75, 4.375, 10 ], "texture": "#blue" },
				"south": { "uv": [ 4.375, 9.5, 6.25, 9.75 ], "texture": "#blue" },
				"west": { "uv": [ 6.875, 12, 6.9375, 12.25 ], "texture": "#blue" },
				"east": { "uv": [ 7.25, 12, 7.1875, 12.25 ], "texture": "#blue" }
			}
		},
		{
			"__comment": "Voxels",
			"from": [ -1, 7.5, -1 ],
			"to": [ 12.5, 9.5, -0.5 ],
			"faces": {
				"down": { "uv": [ 4.375, 8.375, 6.0625, 8.4375 ], "texture": "#blue" },
				"up": { "uv": [ 4.375, 8.5, 6.0625, 8.4375 ], "texture": "#blue" },
				"north": { "uv": [ 6.0625, 9, 4.375, 9.25 ], "texture": "#blue" },
				"south": { "uv": [ 4.375, 9.25, 6.0625, 9.5 ], "texture": "#blue" },
				"west": { "uv": [ 3.1875, 8.5, 3.25, 8.75 ], "texture": "#blue" },
				"east": { "uv": [ 3.25, 8.25, 3.1875, 8.5 ], "texture": "#blue" }
			}
		},
		{
			"__comment": "Voxels",
			"from": [ -0.5, 7.5, 17 ],
			"to": [ 15, 9.5, 17.5 ],
			"faces": {
				"down": { "uv": [ 13.875, 15.625, 15.8125, 15.6875 ], "texture": "#blue" },
				"up": { "uv": [ 13.875, 15.3125, 15.8125, 15.25 ], "texture": "#blue" },
				"north": { "uv": [ 6.3125, 10.25, 4.375, 10.5 ], "texture": "#blue" },
				"south": { "uv": [ 4.375, 10, 6.3125, 10.25 ], "texture": "#blue" },
				"west": { "uv": [ 3.375, 8.0625, 3.4375, 8.3125 ], "texture": "#blue" },
				"east": { "uv": [ 4.0625, 8.0625, 4, 8.3125 ], "texture": "#blue" }
			}
		},
		{
			"__comment": "Voxels",
			"from": [ 0.5, 7.5, -1.5 ],
			"to": [ 12, 9.5, -1 ],
			"faces": {
				"down": { "uv": [ 4.375, 8.25, 5.8125, 8.3125 ], "texture": "#blue" },
				"up": { "uv": [ 4.375, 8.375, 5.8125, 8.3125 ], "texture": "#blue" },
				"north": { "uv": [ 5.8125, 8.5, 4.375, 8.75 ], "texture": "#blue" },
				"south": { "uv": [ 4.375, 8.75, 5.8125, 9 ], "texture": "#blue" },
				"west": { "uv": [ 4.1875, 8.0625, 4.25, 8.3125 ], "texture": "#blue" },
				"east": { "uv": [ 4.3125, 8.0625, 4.25, 8.3125 ], "texture": "#blue" }
			}
		},
		{
			"__comment": "Voxels",
			"from": [ 1, 7.5, -2 ],
			"to": [ 11, 9.5, -1.5 ],
			"faces": {
				"down": { "uv": [ 3, 9.4375, 4.25, 9.5 ], "texture": "#blue" },
				"up": { "uv": [ 3, 9.4375, 4.25, 9.375 ], "texture": "#blue" },
				"north": { "uv": [ 4.3125, 10.25, 3.0625, 10.5 ], "texture": "#blue" },
				"south": { "uv": [ 3.0625, 10, 4.3125, 10.25 ], "texture": "#blue" },
				"west": { "uv": [ 7.125, 15, 7.1875, 15.25 ], "texture": "#blue" },
				"east": { "uv": [ 7.25, 15, 7.1875, 15.25 ], "texture": "#blue" }
			}
		},
		{
			"__comment": "Voxels",
			"from": [ 1.5, 7.5, -2.5 ],
			"to": [ 10, 9.5, -2 ],
			"faces": {
				"down": { "uv": [ 3, 9.0625, 4.0625, 9.125 ], "texture": "#blue" },
				"up": { "uv": [ 3, 9.0625, 4.0625, 9 ], "texture": "#blue" },
				"north": { "uv": [ 4.375, 12.5, 3.3125, 12.75 ], "texture": "#blue" },
				"south": { "uv": [ 3.3125, 12.75, 4.375, 13 ], "texture": "#blue" },
				"west": { "uv": [ 7.125, 14.5, 7.1875, 14.75 ], "texture": "#blue" },
				"east": { "uv": [ 7.25, 14.5, 7.1875, 14.75 ], "texture": "#blue" }
			}
		},
		{
			"__comment": "Voxels",
			"from": [ 3.5, 7.5, 17.5 ],
			"to": [ 7.5, 9.5, 18 ],
			"faces": {
				"down": { "uv": [ 6.75, 12.4375, 7.25, 12.5 ], "texture": "#blue" },
				"up": { "uv": [ 3.4375, 8.125, 3.9375, 8.0625 ], "texture": "#blue" },
				"north": { "uv": [ 4.375, 11.5, 3.875, 11.75 ], "texture": "#blue" },
				"south": { "uv": [ 3.875, 11.75, 4.375, 12 ], "texture": "#blue" },
				"west": { "uv": [ 7.0625, 14.25, 7.125, 14.5 ], "texture": "#blue" },
				"east": { "uv": [ 7.1875, 14.25, 7.125, 14.5 ], "texture": "#blue" }
			}
		},
		{
			"__comment": "Voxels",
			"from": [ 4.5, 7.5, -3 ],
			"to": [ 7.5, 9.5, -2.5 ],
			"faces": {
				"down": { "uv": [ 4, 8.8125, 4.375, 8.875 ], "texture": "#blue" },
				"up": { "uv": [ 4, 8.375, 4.375, 8.3125 ], "texture": "#blue" },
				"north": { "uv": [ 4.375, 12, 4, 12.25 ], "texture": "#blue" },
				"south": { "uv": [ 4, 12.25, 4.375, 12.5 ], "texture": "#blue" },
				"west": { "uv": [ 7.0625, 11.25, 7.125, 11.5 ], "texture": "#blue" },
				"east": { "uv": [ 6.9375, 11.25, 6.875, 11.5 ], "texture": "#blue" }
			}
		},
		{
			"__comment": "Voxels",
			"from": [ 8, 7.5, 17.5 ],
			"to": [ 14.5, 9.5, 18 ],
			"faces": {
				"down": { "uv": [ 3.25, 8.875, 4.0625, 8.9375 ], "texture": "#blue" },
				"up": { "uv": [ 3.25, 9, 4.0625, 8.9375 ], "texture": "#blue" },
				"north": { "uv": [ 4.375, 14.5, 3.5625, 14.75 ], "texture": "#blue" },
				"south": { "uv": [ 3.5625, 14.75, 4.375, 15 ], "texture": "#blue" },
				"west": { "uv": [ 6.8125, 11.5, 6.875, 11.75 ], "texture": "#blue" },
				"east": { "uv": [ 6.8125, 11.5, 6.75, 11.75 ], "texture": "#blue" }
			}
		},
		{
			"__comment": "Voxels",
			"from": [ 8, 7.5, 18 ],
			"to": [ 14, 9.5, 18.5 ],
			"faces": {
				"down": { "uv": [ 3.4375, 8.6875, 4.1875, 8.75 ], "texture": "#blue" },
				"up": { "uv": [ 3.4375, 8.6875, 4.1875, 8.625 ], "texture": "#blue" },
				"north": { "uv": [ 4.1875, 13.75, 3.4375, 14 ], "texture": "#blue" },
				"south": { "uv": [ 3.4375, 13, 4.1875, 13.25 ], "texture": "#blue" },
				"west": { "uv": [ 7.0625, 12, 7.125, 12.25 ], "texture": "#blue" },
				"east": { "uv": [ 7.0625, 12, 7, 12.25 ], "texture": "#blue" }
			}
		},
		{
			"__comment": "Voxels",
			"from": [ 11, 7.5, 18.5 ],
			"to": [ 12.5, 9.5, 19 ],
			"faces": {
				"down": { "uv": [ 4.1875, 8.75, 4.375, 8.8125 ], "texture": "#blue" },
				"up": { "uv": [ 3.25, 8.0625, 3.4375, 8 ], "texture": "#blue" },
				"north": { "uv": [ 4.375, 10.5, 4.1875, 10.75 ], "texture": "#blue" },
				"south": { "uv": [ 4.1875, 13, 4.375, 13.25 ], "texture": "#blue" },
				"west": { "uv": [ 7.125, 13.5, 7.1875, 13.75 ], "texture": "#blue" },
				"east": { "uv": [ 7.125, 13.75, 7.0625, 14 ], "texture": "#blue" }
			}
		},
		{
			"__comment": "Voxels",
			"from": [ 18, 7.5, 6.5 ],
			"to": [ 18.5, 9.5, 7 ],
			"faces": {
				"down": { "uv": [ 4.25, 9.4375, 4.3125, 9.5 ], "texture": "#blue" },
				"up": { "uv": [ 4.3125, 9.5, 4.375, 9.4375 ], "texture": "#blue" },
				"north": { "uv": [ 7.125, 14, 7.0625, 14.25 ], "texture": "#blue" },
				"south": { "uv": [ 7.0625, 13.25, 7.125, 13.5 ], "texture": "#blue" },
				"west": { "uv": [ 7.125, 13.25, 7.1875, 13.5 ], "texture": "#blue" },
				"east": { "uv": [ 7.25, 14.25, 7.1875, 14.5 ], "texture": "#blue" }
			}
		},
		{
			"__comment": "Voxels",
			"from": [ 18.5, 7.5, 7.5 ],
			"to": [ 25.5, 9.5, 8.5 ],
			"faces": {
				"down": { "uv": [ 3.0625, 9.5, 3.9375, 9.625 ], "texture": "#blue" },
				"up": { "uv": [ 3.0625, 9.75, 3.9375, 9.625 ], "texture": "#blue" },
				"north": { "uv": [ 4.375, 14, 3.5, 14.25 ], "texture": "#blue" },
				"south": { "uv": [ 3.5, 14.25, 4.375, 14.5 ], "texture": "#blue" },
				"west": { "uv": [ 4.25, 9.75, 4.375, 10 ], "texture": "#blue" },
				"east": { "uv": [ 3, 8, 2.875, 8.25 ], "texture": "#blue" }
			}
		},
		{
			"__comment": "Voxels",
			"from": [ 19.5, 7.5, 7 ],
			"to": [ 25.5, 9.5, 7.5 ],
			"faces": {
				"down": { "uv": [ 3.4375, 8.75, 4.1875, 8.8125 ], "texture": "#blue" },
				"up": { "uv": [ 3.25, 8.875, 4, 8.8125 ], "texture": "#blue" },
				"north": { "uv": [ 4.1875, 13.5, 3.4375, 13.75 ], "texture": "#blue" },
				"south": { "uv": [ 3.4375, 13.25, 4.1875, 13.5 ], "texture": "#blue" },
				"west": { "uv": [ 7, 13.5, 7.0625, 13.75 ], "texture": "#blue" },
				"east": { "uv": [ 7.125, 13.5, 7.0625, 13.75 ], "texture": "#blue" }
			}
		},
		{
			"__comment": "Voxels",
			"from": [ 20, 7.5, 10.5 ],
			"to": [ 25.5, 9.5, 11 ],
			"faces": {
				"down": { "uv": [ 3.4375, 8.5, 4.125, 8.5625 ], "texture": "#blue" },
				"up": { "uv": [ 3.4375, 8.625, 4.125, 8.5625 ], "texture": "#blue" },
				"north": { "uv": [ 4, 12.25, 3.3125, 12.5 ], "texture": "#blue" },
				"south": { "uv": [ 3.3125, 12, 4, 12.25 ], "texture": "#blue" },
				"west": { "uv": [ 6.9375, 13.25, 7, 13.5 ], "texture": "#blue" },
				"east": { "uv": [ 7.0625, 13.25, 7, 13.5 ], "texture": "#blue" }
			}
		},
		{
			"__comment": "Voxels",
			"from": [ 20.5, 7.5, 6.5 ],
			"to": [ 25.5, 9.5, 7 ],
			"faces": {
				"down": { "uv": [ 3.4375, 8.375, 4.0625, 8.4375 ], "texture": "#blue" },
				"up": { "uv": [ 3.4375, 8.5, 4.0625, 8.4375 ], "texture": "#blue" },
				"north": { "uv": [ 3.875, 11.75, 3.25, 12 ], "texture": "#blue" },
				"south": { "uv": [ 3.25, 11.5, 3.875, 11.75 ], "texture": "#blue" },
				"west": { "uv": [ 6.9375, 13, 7, 13.25 ], "texture": "#blue" },
				"east": { "uv": [ 7.0625, 13, 7, 13.25 ], "texture": "#blue" }
			}
		},
		{
			"__comment": "Voxels",
			"from": [ 21, 7.5, 6 ],
			"to": [ 25.5, 9.5, 6.5 ],
			"faces": {
				"down": { "uv": [ 3.4375, 8.25, 4, 8.3125 ], "texture": "#blue" },
				"up": { "uv": [ 3.4375, 8.25, 4, 8.1875 ], "texture": "#blue" },
				"north": { "uv": [ 4.3125, 11.25, 3.75, 11.5 ], "texture": "#blue" },
				"south": { "uv": [ 3.1875, 11, 3.75, 11.25 ], "texture": "#blue" },
				"west": { "uv": [ 7.1875, 13, 7.25, 13.25 ], "texture": "#blue" },
				"east": { "uv": [ 6.875, 12.5, 6.8125, 12.75 ], "texture": "#blue" }
			}
		},
		{
			"__comment": "Voxels",
			"from": [ 21, 7.5, 11 ],
			"to": [ 25.5, 9.5, 11.5 ],
			"faces": {
				"down": { "uv": [ 3.4375, 8.3125, 4, 8.375 ], "texture": "#blue" },
				"up": { "uv": [ 3.4375, 8.1875, 4, 8.125 ], "texture": "#blue" },
				"north": { "uv": [ 3.75, 11.25, 3.1875, 11.5 ], "texture": "#blue" },
				"south": { "uv": [ 3.75, 11, 4.3125, 11.25 ], "texture": "#blue" },
				"west": { "uv": [ 7.0625, 12.5, 7.125, 12.75 ], "texture": "#blue" },
				"east": { "uv": [ 7.1875, 12.5, 7.125, 12.75 ], "texture": "#blue" }
			}
		},
		{
			"__comment": "Voxels",
			"from": [ 21.5, 7.5, 5.5 ],
			"to": [ 25.5, 9.5, 6 ],
			"faces": {
				"down": { "uv": [ 3.4375, 8, 3.9375, 8.0625 ], "texture": "#blue" },
				"up": { "uv": [ 6.75, 12.4375, 7.25, 12.375 ], "texture": "#blue" },
				"north": { "uv": [ 4.1875, 10.75, 3.6875, 11 ], "texture": "#blue" },
				"south": { "uv": [ 3.1875, 10.5, 3.6875, 10.75 ], "texture": "#blue" },
				"west": { "uv": [ 6.9375, 12, 7, 12.25 ], "texture": "#blue" },
				"east": { "uv": [ 7.1875, 11.5, 7.125, 11.75 ], "texture": "#blue" }
			}
		},
		{
			"__comment": "Voxels",
			"from": [ 21.5, 7.5, 11.5 ],
			"to": [ 25.5, 9.5, 12.5 ],
			"faces": {
				"down": { "uv": [ 3.875, 9.125, 4.375, 9.25 ], "texture": "#blue" },
				"up": { "uv": [ 3.875, 9.375, 4.375, 9.25 ], "texture": "#blue" },
				"north": { "uv": [ 3.6875, 10.75, 3.1875, 11 ], "texture": "#blue" },
				"south": { "uv": [ 3.6875, 10.5, 4.1875, 10.75 ], "texture": "#blue" },
				"west": { "uv": [ 3.25, 8.3125, 3.375, 8.5625 ], "texture": "#blue" },
				"east": { "uv": [ 3.375, 8.0625, 3.25, 8.3125 ], "texture": "#blue" }
			}
		},
		{
			"__comment": "Voxels",
			"from": [ 22, 7.5, 5 ],
			"to": [ 25.5, 9.5, 5.5 ],
			"faces": {
				"down": { "uv": [ 6.8125, 12.9375, 7.25, 13 ], "texture": "#blue" },
				"up": { "uv": [ 6.8125, 12.9375, 7.25, 12.875 ], "texture": "#blue" },
				"north": { "uv": [ 3.9375, 9.75, 3.5, 10 ], "texture": "#blue" },
				"south": { "uv": [ 3.0625, 9.75, 3.5, 10 ], "texture": "#blue" },
				"west": { "uv": [ 7.0625, 11.75, 7.125, 12 ], "texture": "#blue" },
				"east": { "uv": [ 7.1875, 11.75, 7.125, 12 ], "texture": "#blue" }
			}
		},
		{
			"__comment": "Voxels",
			"from": [ 22.5, 7.5, 4.5 ],
			"to": [ 25, 9.5, 5 ],
			"faces": {
				"down": { "uv": [ 4.0625, 9.0625, 4.375, 9.125 ], "texture": "#blue" },
				"up": { "uv": [ 4.0625, 9.0625, 4.375, 9 ], "texture": "#blue" },
				"north": { "uv": [ 4.25, 9.75, 3.9375, 10 ], "texture": "#blue" },
				"south": { "uv": [ 3.3125, 9.125, 3.625, 9.375 ], "texture": "#blue" },
				"west": { "uv": [ 6.875, 11.5, 6.9375, 11.75 ], "texture": "#blue" },
				"east": { "uv": [ 7, 11.5, 6.9375, 11.75 ], "texture": "#blue" }
			}
		},
		{
			"__comment": "Voxels",
			"from": [ 22.5, 7.5, 12.5 ],
			"to": [ 25, 9.5, 13 ],
			"faces": {
				"down": { "uv": [ 4.0625, 8.9375, 4.375, 9 ], "texture": "#blue" },
				"up": { "uv": [ 4.0625, 8.9375, 4.375, 8.875 ], "texture": "#blue" },
				"north": { "uv": [ 4.25, 9.5, 3.9375, 9.75 ], "texture": "#blue" },
				"south": { "uv": [ 3, 9.125, 3.3125, 9.375 ], "texture": "#blue" },
				"west": { "uv": [ 6.625, 11.25, 6.6875, 11.5 ], "texture": "#blue" },
				"east": { "uv": [ 6.75, 11.25, 6.6875, 11.5 ], "texture": "#blue" }
			}
		},
		{
			"__comment": "Voxels",
			"from": [ 23, 7.5, 4 ],
			"to": [ 24.5, 9.5, 4.5 ],
			"faces": {
				"down": { "uv": [ 4.1875, 8.6875, 4.375, 8.75 ], "texture": "#blue" },
				"up": { "uv": [ 4.125, 8.5625, 4.3125, 8.5 ], "texture": "#blue" },
				"north": { "uv": [ 3.1875, 8.25, 3, 8.5 ], "texture": "#blue" },
				"south": { "uv": [ 3, 8.5, 3.1875, 8.75 ], "texture": "#blue" },
				"west": { "uv": [ 6.9375, 11.25, 7, 11.5 ], "texture": "#blue" },
				"east": { "uv": [ 7.0625, 11.25, 7, 11.5 ], "texture": "#blue" }
			}
		},
		{
			"__comment": "Voxels",
			"from": [ 23, 7.5, 13 ],
			"to": [ 24.5, 9.5, 13.5 ],
			"faces": {
				"down": { "uv": [ 4.1875, 8.625, 4.375, 8.6875 ], "texture": "#blue" },
				"up": { "uv": [ 4.125, 8.625, 4.3125, 8.5625 ], "texture": "#blue" },
				"north": { "uv": [ 4.375, 10.75, 4.1875, 11 ], "texture": "#blue" },
				"south": { "uv": [ 4.1875, 13.25, 4.375, 13.5 ], "texture": "#blue" },
				"west": { "uv": [ 7.1875, 11.25, 7.25, 11.5 ], "texture": "#blue" },
				"east": { "uv": [ 6.6875, 11, 6.625, 11.25 ], "texture": "#blue" }
			}
		},
		{
			"__comment": "Voxels",
			"from": [ 23.5, 7.5, 3.5 ],
			"to": [ 24, 9.5, 4 ],
			"faces": {
				"down": { "uv": [ 4.25, 9.375, 4.3125, 9.4375 ], "texture": "#blue" },
				"up": { "uv": [ 4.3125, 9.4375, 4.375, 9.375 ], "texture": "#blue" },
				"north": { "uv": [ 6.75, 11, 6.6875, 11.25 ], "texture": "#blue" },
				"south": { "uv": [ 6.75, 11, 6.8125, 11.25 ], "texture": "#blue" },
				"west": { "uv": [ 6.8125, 11, 6.875, 11.25 ], "texture": "#blue" },
				"east": { "uv": [ 6.8125, 11.25, 6.75, 11.5 ], "texture": "#blue" }
			}
		}
	],
	"display": {
		"thirdperson_righthand": {
			"rotation":  [ 122, -3, 0 ],
			"translation":  [ 0, 2.7826, 2.7826 ],
			"scale":  [ 0.3, 0.3, 0.3 ]
		},
		"thirdperson_lefthand": {
			"rotation":  [ 122, -3, 180 ],
			"translation":  [ 0, 2.7826, 2.7826 ],
			"scale":  [ 0.3, 0.3, 0.3 ]
		},
		"firstperson_righthand": {
			"rotation":  [ 77, -17, 0 ],
			"translation":  [ 2.7826, 0.6956, -4.869 ],
			"scale":  [ 0.5, 0.5, 0.5 ]
		},
		"firstperson_lefthand": {
			"rotation":  [ 77, -17, 180 ],
			"translation":  [ 2.7826, 2.0869, -4.869 ],
			"scale":  [ 0.5, 0.5, 0.5 ]
		},
		"gui": {
			"rotation":  [ 76, -16, 0 ],
			"scale":  [ 0.4, 0.4, 0.4 ]
		},
		"head": {
			"rotation":  [ 90, 0, 180 ],
			"translation":  [ 0, 12.521, 4.8695 ],
			"scale":  [ 0.5, 0.5, 0.5 ]
		},
		"ground": {
			"rotation":  [ 74, -27, 30 ],
			"translation":  [ 1.3913, 6.9565, 0 ],
			"scale":  [ 0.5, 0.5, 0.5 ]
		},
		"fixed": {
			"rotation":  [ 90, 30, 180 ],
			"translation":  [ -0.694, 0, 0 ],
			"scale":  [ 0.5, 0.5, 0.5 ]
		}
	}
}