{
	"__comment": "Designed by Moon with Cubik Studio - https://cubik.studio",
	"textures": {
		"particle": "item/etc/film",
		"texture": "item/etc/film",
		"voxels_atlas": "item/etc/film"
	},
	"gui_light": "front",
	"elements": [ 	 
		{
			"__comment": "Voxels",
			"from": [ 24, -1, 1 ],
			"to": [ 25, 14, 9 ],
			"faces": {
				"down": { "uv": [ 10, 12, 10.5, 16 ], "texture": "#voxels_atlas" },
				"up": { "uv": [ 10.5, 16, 11, 12 ], "texture": "#voxels_atlas" },
				"north": { "uv": [ 4.5, 3.5, 4, 11 ], "texture": "#voxels_atlas" },
				"south": { "uv": [ 4.5, 3.5, 5, 11 ], "texture": "#voxels_atlas" },
				"west": { "uv": [ 0, 8.5, 4, 16 ], "texture": "#voxels_atlas" },
				"east": { "uv": [ 4, 1, 0, 8.5 ], "texture": "#voxels_atlas" }
			}
		},
		{
			"__comment": "Voxels",
			"from": [ 24, -1, 9 ],
			"to": [ 25, 13, 10 ],
			"faces": {
				"down": { "uv": [ 11.5, 11.5, 12, 12 ], "texture": "#voxels_atlas" },
				"up": { "uv": [ 10, 12, 10.5, 11.5 ], "texture": "#voxels_atlas" },
				"north": { "uv": [ 5.5, 4, 5, 11 ], "texture": "#voxels_atlas" },
				"south": { "uv": [ 5.5, 4, 6, 11 ], "texture": "#voxels_atlas" },
				"west": { "uv": [ 6, 4, 6.5, 11 ], "texture": "#voxels_atlas" },
				"east": { "uv": [ 7, 4, 6.5, 11 ], "texture": "#voxels_atlas" }
			}
		},
		{
			"__comment": "Voxels",
			"from": [ 24, 0, 0 ],
			"to": [ 25, 13, 1 ],
			"faces": {
				"down": { "uv": [ 8.5, 11, 9, 11.5 ], "texture": "#voxels_atlas" },
				"up": { "uv": [ 8, 11.5, 8.5, 11 ], "texture": "#voxels_atlas" },
				"north": { "uv": [ 7.5, 4.5, 7, 11 ], "texture": "#voxels_atlas" },
				"south": { "uv": [ 7.5, 4.5, 8, 11 ], "texture": "#voxels_atlas" },
				"west": { "uv": [ 8, 4.5, 8.5, 11 ], "texture": "#voxels_atlas" },
				"east": { "uv": [ 9, 4.5, 8.5, 11 ], "texture": "#voxels_atlas" }
			}
		},
		{
			"__comment": "Voxels",
			"from": [ 24, 0, 10 ],
			"to": [ 25, 10, 13 ],
			"faces": {
				"down": { "uv": [ 13.5, 12, 14, 13.5 ], "texture": "#voxels_atlas" },
				"up": { "uv": [ 13, 13.5, 13.5, 12 ], "texture": "#voxels_atlas" },
				"north": { "uv": [ 7.5, 11, 7, 16 ], "texture": "#voxels_atlas" },
				"south": { "uv": [ 7.5, 11, 8, 16 ], "texture": "#voxels_atlas" },
				"west": { "uv": [ 4, 11, 5.5, 16 ], "texture": "#voxels_atlas" },
				"east": { "uv": [ 7, 11, 5.5, 16 ], "texture": "#voxels_atlas" }
			}
		},
		{
			"__comment": "Voxels",
			"from": [ 24, 1, 13 ],
			"to": [ 25, 10, 14 ],
			"faces": {
				"down": { "uv": [ 10.5, 11.5, 11, 12 ], "texture": "#voxels_atlas" },
				"up": { "uv": [ 10, 11.5, 10.5, 11 ], "texture": "#voxels_atlas" },
				"north": { "uv": [ 10, 11.5, 9.5, 16 ], "texture": "#voxels_atlas" },
				"south": { "uv": [ 8, 11.5, 8.5, 16 ], "texture": "#voxels_atlas" },
				"west": { "uv": [ 9, 11.5, 9.5, 16 ], "texture": "#voxels_atlas" },
				"east": { "uv": [ 9, 11.5, 8.5, 16 ], "texture": "#voxels_atlas" }
			}
		},
		{
			"__comment": "Voxels",
			"from": [ 24, 2, 14 ],
			"to": [ 25, 10, 15 ],
			"faces": {
				"down": { "uv": [ 10.5, 11, 11, 11.5 ], "texture": "#voxels_atlas" },
				"up": { "uv": [ 11.5, 11.5, 12, 11 ], "texture": "#voxels_atlas" },
				"north": { "uv": [ 13, 12, 12.5, 16 ], "texture": "#voxels_atlas" },
				"south": { "uv": [ 12, 12, 12.5, 16 ], "texture": "#voxels_atlas" },
				"west": { "uv": [ 11.5, 12, 12, 16 ], "texture": "#voxels_atlas" },
				"east": { "uv": [ 11.5, 12, 11, 16 ], "texture": "#voxels_atlas" }
			}
		},
		{
			"__comment": "Voxels",
			"from": [ 24, 5, 15 ],
			"to": [ 25, 10, 16 ],
			"faces": {
				"down": { "uv": [ 9, 11, 9.5, 11.5 ], "texture": "#voxels_atlas" },
				"up": { "uv": [ 9.5, 11.5, 10, 11 ], "texture": "#voxels_atlas" },
				"north": { "uv": [ 13.5, 13.5, 13, 16 ], "texture": "#voxels_atlas" },
				"south": { "uv": [ 13.5, 13.5, 14, 16 ], "texture": "#voxels_atlas" },
				"west": { "uv": [ 14, 13.5, 14.5, 16 ], "texture": "#voxels_atlas" },
				"east": { "uv": [ 15, 13.5, 14.5, 16 ], "texture": "#voxels_atlas" }
			}
		},
		{
			"__comment": "Voxels",
			"from": [ 24, 8, 16 ],
			"to": [ 25, 10, 17 ],
			"faces": {
				"down": { "uv": [ 11, 11.5, 11.5, 12 ], "texture": "#voxels_atlas" },
				"up": { "uv": [ 11, 11.5, 11.5, 11 ], "texture": "#voxels_atlas" },
				"north": { "uv": [ 2.5, 0, 2, 1 ], "texture": "#voxels_atlas" },
				"south": { "uv": [ 2.5, 0, 3, 1 ], "texture": "#voxels_atlas" },
				"west": { "uv": [ 3, 0, 3.5, 1 ], "texture": "#voxels_atlas" },
				"east": { "uv": [ 4, 0, 3.5, 1 ], "texture": "#voxels_atlas" }
			}
		},
		{
			"__comment": "Voxels",
			"from": [ 24, 14, 3 ],
			"to": [ 25, 15, 7 ],
			"faces": {
				"down": { "uv": [ 15, 14, 15.5, 16 ], "texture": "#voxels_atlas" },
				"up": { "uv": [ 15.5, 16, 16, 14 ], "texture": "#voxels_atlas" },
				"north": { "uv": [ 12.5, 11.5, 12, 12 ], "texture": "#voxels_atlas" },
				"south": { "uv": [ 12, 11, 12.5, 11.5 ], "texture": "#voxels_atlas" },
				"west": { "uv": [ 0, 0, 2, 0.5 ], "texture": "#voxels_atlas" },
				"east": { "uv": [ 2, 0.5, 0, 1 ], "texture": "#voxels_atlas" }
			}
		}
	],
	"display": {
		"thirdperson_righthand": {
			"rotation":  [ 14, 72, 25 ],
			"translation":  [ -1.39, -2.781, 7.6521 ],
			"scale":  [ 0.4434, 0.2, 0.2 ]
		},
		"thirdperson_lefthand": {
			"rotation":  [ 14, 72, 25 ],
			"translation":  [ 2.0882, 6.2624, -2.781 ],
			"scale":  [ 0.4434, 0.2, 0.2 ]
		},
		"firstperson_righthand": {
			"rotation":  [ -157, -90, 28 ],
			"translation":  [ 6.2597, 1.3936, -12.5 ],
			"scale":  [ -0.425, -0.459, -0.46 ]
		},
		"firstperson_lefthand": {
			"rotation":  [ -157, -90, 28 ],
			"translation":  [ 6.9553, 2.0892, 0.7173 ],
			"scale":  [ -0.425, -0.459, -0.46 ]
		},
		"gui": {
			"rotation":  [ 0, 89, 0 ],
			"translation":  [ 0.7023, 0.6956, 16.304 ],
			"scale":  [ 1, 0.5, 0.513 ]
		},
		"head": {
			"scale":  [ 0.0001, 0.0001, 0.0001 ]
		},
		"ground": {
			"translation":  [ -18.08, 4.8695, 0.6956 ],
			"scale":  [ 1, 0.5, 0.5 ]
		},
		"fixed": {
			"rotation":  [ 0, -90, 0 ],
			"translation":  [ -0.695, 0.6956, -17.38 ],
			"scale":  [ 1, 0.5476, 0.5476 ]
		}
	}
}