{
	"__comment": "Designed by Bokprng with Cubik Studio - https://cubik.studio",
	"textures": {
		"1": "item/etc/rabbithat"
	},
	"elements": [ 	 
		{
			"__comment": "Voxels",
			"from": [ 2.6667, 12.5333, 2.6667 ],
			"to": [ 3.733366, 13.06663, 2.933367 ],
			"faces": {
				"down": { "uv": [ 5.75, 14.625, 6.25, 14.75 ], "texture": "#1" },
				"up": { "uv": [ 5.875, 8.125, 6.375, 8 ], "texture": "#1" },
				"north": { "uv": [ 2.375, 8.125, 1.875, 8.375 ], "texture": "#1" },
				"south": { "uv": [ 2.5, 13.75, 3, 14 ], "texture": "#1" },
				"west": { "uv": [ 7.25, 8.875, 7.375, 9.125 ], "texture": "#1" },
				"east": { "uv": [ 7.5, 8.875, 7.375, 9.125 ], "texture": "#1" }
			}
		},
		{
			"__comment": "Voxels",
			"from": [ 2.6667, 13.0667, 2.6667 ],
			"to": [ 3.4667, 13.8667, 2.933367 ],
			"faces": {
				"down": { "uv": [ 6.375, 10.5, 6.75, 10.625 ], "texture": "#1" },
				"up": { "uv": [ 6.375, 10.75, 6.75, 10.625 ], "texture": "#1" },
				"north": { "uv": [ 2.25, 12.875, 1.875, 13.25 ], "texture": "#1" },
				"south": { "uv": [ 1.875, 12.5, 2.25, 12.875 ], "texture": "#1" },
				"west": { "uv": [ 6.75, 10.75, 6.875, 11.125 ], "texture": "#1" },
				"east": { "uv": [ 6.75, 11.5, 6.625, 11.875 ], "texture": "#1" }
			}
		},
		{
			"__comment": "Voxels",
			"from": [ 2.6667, 13.0667, 2.9333 ],
			"to": [ 3.200033, 13.8667, 3.199967 ],
			"faces": {
				"down": { "uv": [ 2.25, 9.125, 2.5, 9.25 ], "texture": "#1" },
				"up": { "uv": [ 2.25, 8.875, 2.5, 8.75 ], "texture": "#1" },
				"north": { "uv": [ 0.875, 14.125, 0.625, 14.5 ], "texture": "#1" },
				"south": { "uv": [ 0.625, 13.625, 0.875, 14 ], "texture": "#1" },
				"west": { "uv": [ 6.75, 12.25, 6.875, 12.625 ], "texture": "#1" },
				"east": { "uv": [ 6.75, 12.25, 6.625, 12.625 ], "texture": "#1" }
			}
		},
		{
			"__comment": "Voxels",
			"from": [ 2.6667, 13.8667, 2.6667 ],
			"to": [ 3.200033, 14.40003, 2.933367 ],
			"faces": {
				"down": { "uv": [ 4.875, 12.625, 5.125, 12.75 ], "texture": "#1" },
				"up": { "uv": [ 4.875, 12.625, 5.125, 12.5 ], "texture": "#1" },
				"north": { "uv": [ 2.5, 11.125, 2.25, 11.375 ], "texture": "#1" },
				"south": { "uv": [ 2.25, 10.75, 2.5, 11 ], "texture": "#1" },
				"west": { "uv": [ 7.375, 8.125, 7.5, 8.375 ], "texture": "#1" },
				"east": { "uv": [ 7.625, 8.125, 7.5, 8.375 ], "texture": "#1" }
			}
		},
		{
			"__comment": "Voxels",
			"from": [ 2.6667, 13.8667, 2.9333 ],
			"to": [ 2.933367, 14.40003, 3.199967 ],
			"faces": {
				"down": { "uv": [ 12.875, 15.875, 13, 16 ], "texture": "#1" },
				"up": { "uv": [ 12.75, 16, 12.875, 15.875 ], "texture": "#1" },
				"north": { "uv": [ 7.75, 15.75, 7.625, 16 ], "texture": "#1" },
				"south": { "uv": [ 7.625, 15.5, 7.75, 15.75 ], "texture": "#1" },
				"west": { "uv": [ 7.625, 15.25, 7.75, 15.5 ], "texture": "#1" },
				"east": { "uv": [ 7.75, 15, 7.625, 15.25 ], "texture": "#1" }
			}
		},
		{
			"__comment": "Voxels",
			"from": [ 2.9333, 10.1333, 2.6667 ],
			"to": [ 5.066633, 10.39997, 2.933367 ],
			"faces": {
				"down": { "uv": [ 2.5, 8.25, 3.5, 8.375 ], "texture": "#1" },
				"up": { "uv": [ 2.5, 8.5, 3.5, 8.375 ], "texture": "#1" },
				"north": { "uv": [ 3.5, 8.5, 2.5, 8.625 ], "texture": "#1" },
				"south": { "uv": [ 2.5, 8.625, 3.5, 8.75 ], "texture": "#1" },
				"west": { "uv": [ 12.375, 15.875, 12.5, 16 ], "texture": "#1" },
				"east": { "uv": [ 12.375, 15.875, 12.25, 16 ], "texture": "#1" }
			}
		},
		{
			"__comment": "Voxels",
			"from": [ 2.9333, 10.4, 2.6667 ],
			"to": [ 4.799967, 10.93333, 2.933367 ],
			"faces": {
				"down": { "uv": [ 4.125, 12.875, 5, 13 ], "texture": "#1" },
				"up": { "uv": [ 4.125, 13.875, 5, 13.75 ], "texture": "#1" },
				"north": { "uv": [ 0.875, 10.25, 0, 10.5 ], "texture": "#1" },
				"south": { "uv": [ 0, 10.5, 0.875, 10.75 ], "texture": "#1" },
				"west": { "uv": [ 7.625, 14.75, 7.75, 15 ], "texture": "#1" },
				"east": { "uv": [ 7.75, 14.5, 7.625, 14.75 ], "texture": "#1" }
			}
		},
		{
			"__comment": "Voxels",
			"from": [ 2.9333, 10.6667, 2.4 ],
			"to": [ 4.266634, 10.93337, 2.666667 ],
			"faces": {
				"down": { "uv": [ 5.125, 8.125, 5.75, 8.25 ], "texture": "#1" },
				"up": { "uv": [ 5.125, 8.375, 5.75, 8.25 ], "texture": "#1" },
				"north": { "uv": [ 5.75, 8.5, 5.125, 8.625 ], "texture": "#1" },
				"south": { "uv": [ 5.125, 8.625, 5.75, 8.75 ], "texture": "#1" },
				"west": { "uv": [ 12.125, 15.875, 12.25, 16 ], "texture": "#1" },
				"east": { "uv": [ 12.125, 15.875, 12, 16 ], "texture": "#1" }
			}
		},
		{
			"__comment": "Voxels",
			"from": [ 2.9333, 10.9333, 2.4 ],
			"to": [ 3.999967, 11.46663, 2.933333 ],
			"faces": {
				"down": { "uv": [ 3, 10.5, 3.5, 10.75 ], "texture": "#1" },
				"up": { "uv": [ 2.5, 10.75, 3, 10.5 ], "texture": "#1" },
				"north": { "uv": [ 3.5, 12, 3, 12.25 ], "texture": "#1" },
				"south": { "uv": [ 2.5, 12, 3, 12.25 ], "texture": "#1" },
				"west": { "uv": [ 2.25, 10.375, 2.5, 10.625 ], "texture": "#1" },
				"east": { "uv": [ 2.5, 10, 2.25, 10.25 ], "texture": "#1" }
			}
		},
		{
			"__comment": "Voxels",
			"from": [ 2.9333, 11.4667, 2.4 ],
			"to": [ 3.7333, 12.2667, 2.933333 ],
			"faces": {
				"down": { "uv": [ 1.5, 10.875, 1.875, 11.125 ], "texture": "#1" },
				"up": { "uv": [ 1.5, 10.875, 1.875, 10.625 ], "texture": "#1" },
				"north": { "uv": [ 2.25, 9.125, 1.875, 9.5 ], "texture": "#1" },
				"south": { "uv": [ 1.875, 8.75, 2.25, 9.125 ], "texture": "#1" },
				"west": { "uv": [ 0.625, 13.125, 0.875, 13.5 ], "texture": "#1" },
				"east": { "uv": [ 0.875, 12.625, 0.625, 13 ], "texture": "#1" }
			}
		},
		{
			"__comment": "Voxels",
			"from": [ 2.9333, 11.7333, 2.9333 ],
			"to": [ 3.999967, 11.99997, 3.199967 ],
			"faces": {
				"down": { "uv": [ 6.375, 15.625, 6.875, 15.75 ], "texture": "#1" },
				"up": { "uv": [ 6.375, 15.625, 6.875, 15.5 ], "texture": "#1" },
				"north": { "uv": [ 6.875, 15.375, 6.375, 15.5 ], "texture": "#1" },
				"south": { "uv": [ 6.375, 14.75, 6.875, 14.875 ], "texture": "#1" },
				"west": { "uv": [ 11.875, 15.875, 12, 16 ], "texture": "#1" },
				"east": { "uv": [ 11.875, 15.875, 11.75, 16 ], "texture": "#1" }
			}
		},
		{
			"__comment": "Voxels",
			"from": [ 2.9333, 12, 2.9333 ],
			"to": [ 3.7333, 12.53333, 3.199967 ],
			"faces": {
				"down": { "uv": [ 6.875, 11.375, 7.25, 11.5 ], "texture": "#1" },
				"up": { "uv": [ 6.875, 11.625, 7.25, 11.5 ], "texture": "#1" },
				"north": { "uv": [ 1.875, 9.875, 1.5, 10.125 ], "texture": "#1" },
				"south": { "uv": [ 1.5, 9.625, 1.875, 9.875 ], "texture": "#1" },
				"west": { "uv": [ 7.625, 14.25, 7.75, 14.5 ], "texture": "#1" },
				"east": { "uv": [ 7.75, 14, 7.625, 14.25 ], "texture": "#1" }
			}
		},
		{
			"__comment": "Voxels",
			"from": [ 2.9333, 12.2667, 2.4 ],
			"to": [ 3.199967, 13.33337, 2.666667 ],
			"faces": {
				"down": { "uv": [ 11.625, 15.875, 11.75, 16 ], "texture": "#1" },
				"up": { "uv": [ 11.5, 16, 11.625, 15.875 ], "texture": "#1" },
				"north": { "uv": [ 6.5, 14.25, 6.375, 14.75 ], "texture": "#1" },
				"south": { "uv": [ 3.625, 11, 3.75, 11.5 ], "texture": "#1" },
				"west": { "uv": [ 3.75, 11, 3.875, 11.5 ], "texture": "#1" },
				"east": { "uv": [ 4, 11, 3.875, 11.5 ], "texture": "#1" }
			}
		},
		{
			"__comment": "Voxels",
			"from": [ 2.9333, 12.2667, 2.6667 ],
			"to": [ 3.999967, 12.53337, 2.933367 ],
			"faces": {
				"down": { "uv": [ 3.625, 9.625, 4.125, 9.75 ], "texture": "#1" },
				"up": { "uv": [ 3.625, 9.625, 4.125, 9.5 ], "texture": "#1" },
				"north": { "uv": [ 4.125, 9.375, 3.625, 9.5 ], "texture": "#1" },
				"south": { "uv": [ 3.625, 9.25, 4.125, 9.375 ], "texture": "#1" },
				"west": { "uv": [ 10.875, 15.875, 11, 16 ], "texture": "#1" },
				"east": { "uv": [ 10.875, 15.875, 10.75, 16 ], "texture": "#1" }
			}
		},
		{
			"__comment": "Voxels",
			"from": [ 2.9333, 12.5333, 2.9333 ],
			"to": [ 3.466633, 13.06663, 3.199967 ],
			"faces": {
				"down": { "uv": [ 4.875, 12.375, 5.125, 12.5 ], "texture": "#1" },
				"up": { "uv": [ 4.875, 12.375, 5.125, 12.25 ], "texture": "#1" },
				"north": { "uv": [ 1.875, 12.375, 1.625, 12.625 ], "texture": "#1" },
				"south": { "uv": [ 1.625, 12.125, 1.875, 12.375 ], "texture": "#1" },
				"west": { "uv": [ 7.625, 13.75, 7.75, 14 ], "texture": "#1" },
				"east": { "uv": [ 7.75, 13.5, 7.625, 13.75 ], "texture": "#1" }
			}
		},
		{
			"__comment": "Voxels",
			"from": [ 2.9333, 14.4, 2.6667 ],
			"to": [ 3.199967, 14.66667, 2.933367 ],
			"faces": {
				"down": { "uv": [ 10.625, 15.875, 10.75, 16 ], "texture": "#1" },
				"up": { "uv": [ 10.5, 16, 10.625, 15.875 ], "texture": "#1" },
				"north": { "uv": [ 10.25, 15.875, 10.125, 16 ], "texture": "#1" },
				"south": { "uv": [ 10, 15.875, 10.125, 16 ], "texture": "#1" },
				"west": { "uv": [ 9.875, 15.875, 10, 16 ], "texture": "#1" },
				"east": { "uv": [ 9.875, 15.875, 9.75, 16 ], "texture": "#1" }
			}
		},
		{
			"__comment": "Voxels",
			"from": [ 3.2, 9.0667, 2.6667 ],
			"to": [ 5.599999, 9.333366, 2.933367 ],
			"faces": {
				"down": { "uv": [ 2.5, 14.875, 3.625, 15 ], "texture": "#1" },
				"up": { "uv": [ 2.5, 14.875, 3.625, 14.75 ], "texture": "#1" },
				"north": { "uv": [ 3.625, 14.625, 2.5, 14.75 ], "texture": "#1" },
				"south": { "uv": [ 2.5, 14.5, 3.625, 14.625 ], "texture": "#1" },
				"west": { "uv": [ 9.375, 15.875, 9.5, 16 ], "texture": "#1" },
				"east": { "uv": [ 9.375, 15.875, 9.25, 16 ], "texture": "#1" }
			}
		},
		{
			"__comment": "Voxels",
			"from": [ 3.2, 9.3333, 2.6667 ],
			"to": [ 5.333333, 9.866633, 2.933367 ],
			"faces": {
				"down": { "uv": [ 2.5, 9, 3.5, 9.125 ], "texture": "#1" },
				"up": { "uv": [ 2.5, 8.125, 3.5, 8 ], "texture": "#1" },
				"north": { "uv": [ 1.875, 15.75, 0.875, 16 ], "texture": "#1" },
				"south": { "uv": [ 0.875, 15, 1.875, 15.25 ], "texture": "#1" },
				"west": { "uv": [ 7.625, 12.75, 7.75, 13 ], "texture": "#1" },
				"east": { "uv": [ 7.75, 12.5, 7.625, 12.75 ], "texture": "#1" }
			}
		},
		{
			"__comment": "Voxels",
			"from": [ 3.2, 9.599999, 2.4 ],
			"to": [ 4.533333, 10.66667, 2.666667 ],
			"faces": {
				"down": { "uv": [ 5.125, 12.625, 5.75, 12.75 ], "texture": "#1" },
				"up": { "uv": [ 5.125, 13.375, 5.75, 13.25 ], "texture": "#1" },
				"north": { "uv": [ 0.625, 12.5, 0, 13 ], "texture": "#1" },
				"south": { "uv": [ 0, 14, 0.625, 14.5 ], "texture": "#1" },
				"west": { "uv": [ 3.625, 8.5, 3.75, 9 ], "texture": "#1" },
				"east": { "uv": [ 3.875, 8.5, 3.75, 9 ], "texture": "#1" }
			}
		},
		{
			"__comment": "Voxels",
			"from": [ 3.2, 9.8667, 2.6667 ],
			"to": [ 5.066667, 10.13337, 2.933367 ],
			"faces": {
				"down": { "uv": [ 4.125, 14.875, 5, 15 ], "texture": "#1" },
				"up": { "uv": [ 4.125, 14.75, 5, 14.625 ], "texture": "#1" },
				"north": { "uv": [ 5, 14.5, 4.125, 14.625 ], "texture": "#1" },
				"south": { "uv": [ 4.125, 14.375, 5, 14.5 ], "texture": "#1" },
				"west": { "uv": [ 9.125, 15.875, 9.25, 16 ], "texture": "#1" },
				"east": { "uv": [ 9.125, 15.875, 9, 16 ], "texture": "#1" }
			}
		},
		{
			"__comment": "Voxels",
			"from": [ 3.2, 11.2, 2.9333 ],
			"to": [ 4.266665, 11.46667, 3.199967 ],
			"faces": {
				"down": { "uv": [ 3.625, 8.375, 4.125, 8.5 ], "texture": "#1" },
				"up": { "uv": [ 3.625, 8.375, 4.125, 8.25 ], "texture": "#1" },
				"north": { "uv": [ 4.125, 8.125, 3.625, 8.25 ], "texture": "#1" },
				"south": { "uv": [ 3.625, 8, 4.125, 8.125 ], "texture": "#1" },
				"west": { "uv": [ 8.875, 15.875, 9, 16 ], "texture": "#1" },
				"east": { "uv": [ 8.875, 15.875, 8.75, 16 ], "texture": "#1" }
			}
		},
		{
			"__comment": "Voxels",
			"from": [ 3.2, 11.4667, 2.9333 ],
			"to": [ 4, 11.73337, 3.199967 ],
			"faces": {
				"down": { "uv": [ 6.875, 15.5, 7.25, 15.625 ], "texture": "#1" },
				"up": { "uv": [ 6.875, 15.75, 7.25, 15.625 ], "texture": "#1" },
				"north": { "uv": [ 7.25, 15.75, 6.875, 15.875 ], "texture": "#1" },
				"south": { "uv": [ 6.875, 15.875, 7.25, 16 ], "texture": "#1" },
				"west": { "uv": [ 8.625, 15.875, 8.75, 16 ], "texture": "#1" },
				"east": { "uv": [ 8.625, 15.875, 8.5, 16 ], "texture": "#1" }
			}
		},
		{
			"__comment": "Voxels",
			"from": [ 3.4667, 8.533299, 2.6667 ],
			"to": [ 5.8667, 8.799966, 2.933367 ],
			"faces": {
				"down": { "uv": [ 2.5, 15.875, 3.625, 16 ], "texture": "#1" },
				"up": { "uv": [ 2.5, 15.625, 3.625, 15.5 ], "texture": "#1" },
				"north": { "uv": [ 3.625, 15.375, 2.5, 15.5 ], "texture": "#1" },
				"south": { "uv": [ 2.5, 15.25, 3.625, 15.375 ], "texture": "#1" },
				"west": { "uv": [ 7.875, 8, 8, 8.125 ], "texture": "#1" },
				"east": { "uv": [ 8, 8.125, 7.875, 8.25 ], "texture": "#1" }
			}
		},
		{
			"__comment": "Voxels",
			"from": [ 3.4667, 8.8, 2.6667 ],
			"to": [ 5.600033, 9.066667, 2.933367 ],
			"faces": {
				"down": { "uv": [ 2.5, 12.875, 3.5, 13 ], "texture": "#1" },
				"up": { "uv": [ 2.5, 9, 3.5, 8.875 ], "texture": "#1" },
				"north": { "uv": [ 3.5, 9.125, 2.5, 9.25 ], "texture": "#1" },
				"south": { "uv": [ 2.5, 8.125, 3.5, 8.25 ], "texture": "#1" },
				"west": { "uv": [ 7.875, 8.25, 8, 8.375 ], "texture": "#1" },
				"east": { "uv": [ 8, 8.375, 7.875, 8.5 ], "texture": "#1" }
			}
		},
		{
			"__comment": "Voxels",
			"from": [ 3.4667, 9.0667, 2.4 ],
			"to": [ 5.0667, 9.333366, 2.666667 ],
			"faces": {
				"down": { "uv": [ 4.125, 8.125, 4.875, 8.25 ], "texture": "#1" },
				"up": { "uv": [ 4.125, 10.5, 4.875, 10.375 ], "texture": "#1" },
				"north": { "uv": [ 4.875, 10.25, 4.125, 10.375 ], "texture": "#1" },
				"south": { "uv": [ 4.125, 10.125, 4.875, 10.25 ], "texture": "#1" },
				"west": { "uv": [ 7.875, 8.75, 8, 8.875 ], "texture": "#1" },
				"east": { "uv": [ 8, 8.875, 7.875, 9 ], "texture": "#1" }
			}
		},
		{
			"__comment": "Voxels",
			"from": [ 3.4667, 9.3333, 2.4 ],
			"to": [ 4.800033, 9.599966, 2.666667 ],
			"faces": {
				"down": { "uv": [ 5.75, 15.375, 6.375, 15.5 ], "texture": "#1" },
				"up": { "uv": [ 5.125, 10.375, 5.75, 10.25 ], "texture": "#1" },
				"north": { "uv": [ 5.75, 9.875, 5.125, 10 ], "texture": "#1" },
				"south": { "uv": [ 5.125, 10.625, 5.75, 10.75 ], "texture": "#1" },
				"west": { "uv": [ 7.875, 9, 8, 9.125 ], "texture": "#1" },
				"east": { "uv": [ 8, 9.125, 7.875, 9.25 ], "texture": "#1" }
			}
		},
		{
			"__comment": "Voxels",
			"from": [ 3.4667, 10.4, 2.9333 ],
			"to": [ 4.800033, 10.93333, 3.199967 ],
			"faces": {
				"down": { "uv": [ 5.125, 12.5, 5.75, 12.625 ], "texture": "#1" },
				"up": { "uv": [ 5.125, 15.5, 5.75, 15.375 ], "texture": "#1" },
				"north": { "uv": [ 2.5, 15.75, 1.875, 16 ], "texture": "#1" },
				"south": { "uv": [ 1.875, 15.5, 2.5, 15.75 ], "texture": "#1" },
				"west": { "uv": [ 7.625, 12.25, 7.75, 12.5 ], "texture": "#1" },
				"east": { "uv": [ 7.75, 12, 7.625, 12.25 ], "texture": "#1" }
			}
		},
		{
			"__comment": "Voxels",
			"from": [ 3.4667, 10.9333, 2.9333 ],
			"to": [ 4.533367, 11.19997, 3.199967 ],
			"faces": {
				"down": { "uv": [ 5.75, 14.5, 6.25, 14.625 ], "texture": "#1" },
				"up": { "uv": [ 5.75, 14.5, 6.25, 14.375 ], "texture": "#1" },
				"north": { "uv": [ 6.25, 14.25, 5.75, 14.375 ], "texture": "#1" },
				"south": { "uv": [ 5.75, 14.125, 6.25, 14.25 ], "texture": "#1" },
				"west": { "uv": [ 7.875, 9.5, 8, 9.625 ], "texture": "#1" },
				"east": { "uv": [ 8, 9.625, 7.875, 9.75 ], "texture": "#1" }
			}
		},
		{
			"__comment": "Voxels",
			"from": [ 3.4667, 11.4667, 3.2 ],
			"to": [ 3.733366, 12.00003, 3.466666 ],
			"faces": {
				"down": { "uv": [ 7.875, 9.75, 8, 9.875 ], "texture": "#1" },
				"up": { "uv": [ 7.875, 10, 8, 9.875 ], "texture": "#1" },
				"north": { "uv": [ 7.75, 11.75, 7.625, 12 ], "texture": "#1" },
				"south": { "uv": [ 7.625, 11.5, 7.75, 11.75 ], "texture": "#1" },
				"west": { "uv": [ 7.625, 11.25, 7.75, 11.5 ], "texture": "#1" },
				"east": { "uv": [ 7.75, 11, 7.625, 11.25 ], "texture": "#1" }
			}
		},
		{
			"__comment": "Voxels",
			"from": [ 3.7333, 8, 2.6667 ],
			"to": [ 6.1333, 8.266666, 2.933367 ],
			"faces": {
				"down": { "uv": [ 2.5, 15, 3.625, 15.125 ], "texture": "#1" },
				"up": { "uv": [ 2.5, 15.25, 3.625, 15.125 ], "texture": "#1" },
				"north": { "uv": [ 3.625, 14.25, 2.5, 14.375 ], "texture": "#1" },
				"south": { "uv": [ 2.5, 14.375, 3.625, 14.5 ], "texture": "#1" },
				"west": { "uv": [ 7.875, 10, 8, 10.125 ], "texture": "#1" },
				"east": { "uv": [ 8, 10.125, 7.875, 10.25 ], "texture": "#1" }
			}
		},
		{
			"__comment": "Voxels",
			"from": [ 3.7333, 8.2667, 2.4 ],
			"to": [ 5.3333, 8.800034, 2.666667 ],
			"faces": {
				"down": { "uv": [ 4.125, 9.375, 4.875, 9.5 ], "texture": "#1" },
				"up": { "uv": [ 4.125, 9.375, 4.875, 9.25 ], "texture": "#1" },
				"north": { "uv": [ 0.75, 8, 0, 8.25 ], "texture": "#1" },
				"south": { "uv": [ 0.875, 12.875, 1.625, 13.125 ], "texture": "#1" },
				"west": { "uv": [ 7.625, 10.75, 7.75, 11 ], "texture": "#1" },
				"east": { "uv": [ 7.75, 10.5, 7.625, 10.75 ], "texture": "#1" }
			}
		},
		{
			"__comment": "Voxels",
			"from": [ 3.7333, 8.2667, 2.6667 ],
			"to": [ 5.866633, 8.533366, 2.933367 ],
			"faces": {
				"down": { "uv": [ 2.5, 10.875, 3.5, 11 ], "texture": "#1" },
				"up": { "uv": [ 2.5, 11.375, 3.5, 11.25 ], "texture": "#1" },
				"north": { "uv": [ 3.5, 12.75, 2.5, 12.875 ], "texture": "#1" },
				"south": { "uv": [ 2.5, 12.25, 3.5, 12.375 ], "texture": "#1" },
				"west": { "uv": [ 7.875, 10.25, 8, 10.375 ], "texture": "#1" },
				"east": { "uv": [ 8, 10.375, 7.875, 10.5 ], "texture": "#1" }
			}
		},
		{
			"__comment": "Voxels",
			"from": [ 3.7333, 8.8, 2.4 ],
			"to": [ 5.066633, 9.066667, 2.666667 ],
			"faces": {
				"down": { "uv": [ 5.125, 13.75, 5.75, 13.875 ], "texture": "#1" },
				"up": { "uv": [ 5.125, 13.75, 5.75, 13.625 ], "texture": "#1" },
				"north": { "uv": [ 5.75, 13.5, 5.125, 13.625 ], "texture": "#1" },
				"south": { "uv": [ 5.125, 13.375, 5.75, 13.5 ], "texture": "#1" },
				"west": { "uv": [ 6.75, 9.125, 6.875, 9.25 ], "texture": "#1" },
				"east": { "uv": [ 6.875, 9.25, 6.75, 9.375 ], "texture": "#1" }
			}
		},
		{
			"__comment": "Voxels",
			"from": [ 3.7333, 9.3333, 2.9333 ],
			"to": [ 5.3333, 9.866633, 3.199967 ],
			"faces": {
				"down": { "uv": [ 4.125, 9.125, 4.875, 9.25 ], "texture": "#1" },
				"up": { "uv": [ 4.125, 9.125, 4.875, 9 ], "texture": "#1" },
				"north": { "uv": [ 1.625, 11.625, 0.875, 11.875 ], "texture": "#1" },
				"south": { "uv": [ 0.875, 11.875, 1.625, 12.125 ], "texture": "#1" },
				"west": { "uv": [ 7.625, 10.25, 7.75, 10.5 ], "texture": "#1" },
				"east": { "uv": [ 7.75, 10, 7.625, 10.25 ], "texture": "#1" }
			}
		},
		{
			"__comment": "Voxels",
			"from": [ 3.7333, 9.8667, 2.9333 ],
			"to": [ 5.066633, 10.40003, 3.199967 ],
			"faces": {
				"down": { "uv": [ 5.125, 11.75, 5.75, 11.875 ], "texture": "#1" },
				"up": { "uv": [ 5.125, 11.75, 5.75, 11.625 ], "texture": "#1" },
				"north": { "uv": [ 2.5, 14.25, 1.875, 14.5 ], "texture": "#1" },
				"south": { "uv": [ 0.875, 10.125, 1.5, 10.375 ], "texture": "#1" },
				"west": { "uv": [ 7.625, 9.75, 7.75, 10 ], "texture": "#1" },
				"east": { "uv": [ 7.75, 9.5, 7.625, 9.75 ], "texture": "#1" }
			}
		},
		{
			"__comment": "Voxels",
			"from": [ 3.7333, 10.6667, 3.2 ],
			"to": [ 4.266634, 10.93337, 3.466666 ],
			"faces": {
				"down": { "uv": [ 4.875, 12.125, 5.125, 12.25 ], "texture": "#1" },
				"up": { "uv": [ 4.875, 12.125, 5.125, 12 ], "texture": "#1" },
				"north": { "uv": [ 5.125, 11.875, 4.875, 12 ], "texture": "#1" },
				"south": { "uv": [ 4.875, 11.75, 5.125, 11.875 ], "texture": "#1" },
				"west": { "uv": [ 6.75, 9.375, 6.875, 9.5 ], "texture": "#1" },
				"east": { "uv": [ 6.875, 10.25, 6.75, 10.375 ], "texture": "#1" }
			}
		},
		{
			"__comment": "Voxels",
			"from": [ 3.7333, 10.9333, 3.2 ],
			"to": [ 3.999967, 11.46663, 3.466666 ],
			"faces": {
				"down": { "uv": [ 6.75, 10.625, 6.875, 10.75 ], "texture": "#1" },
				"up": { "uv": [ 6.75, 12, 6.875, 11.875 ], "texture": "#1" },
				"north": { "uv": [ 7.75, 9.25, 7.625, 9.5 ], "texture": "#1" },
				"south": { "uv": [ 7.625, 9, 7.75, 9.25 ], "texture": "#1" },
				"west": { "uv": [ 7.625, 8.25, 7.75, 8.5 ], "texture": "#1" },
				"east": { "uv": [ 7.75, 8, 7.625, 8.25 ], "texture": "#1" }
			}
		},
		{
			"__comment": "Voxels",
			"from": [ 3.7333, 11.4667, 2.6667 ],
			"to": [ 4.266634, 12.00003, 2.933367 ],
			"faces": {
				"down": { "uv": [ 4.875, 11.625, 5.125, 11.75 ], "texture": "#1" },
				"up": { "uv": [ 4.875, 11.625, 5.125, 11.5 ], "texture": "#1" },
				"north": { "uv": [ 1.875, 11.875, 1.625, 12.125 ], "texture": "#1" },
				"south": { "uv": [ 1.625, 11.625, 1.875, 11.875 ], "texture": "#1" },
				"west": { "uv": [ 7.75, 15.75, 7.875, 16 ], "texture": "#1" },
				"east": { "uv": [ 7.875, 15.5, 7.75, 15.75 ], "texture": "#1" }
			}
		},
		{
			"__comment": "Voxels",
			"from": [ 3.7333, 12, 2.6667 ],
			"to": [ 3.999967, 12.26667, 2.933367 ],
			"faces": {
				"down": { "uv": [ 6.75, 12, 6.875, 12.125 ], "texture": "#1" },
				"up": { "uv": [ 6.75, 12.25, 6.875, 12.125 ], "texture": "#1" },
				"north": { "uv": [ 6.875, 12.875, 6.75, 13 ], "texture": "#1" },
				"south": { "uv": [ 6.75, 13, 6.875, 13.125 ], "texture": "#1" },
				"west": { "uv": [ 6.75, 13.125, 6.875, 13.25 ], "texture": "#1" },
				"east": { "uv": [ 6.875, 13.25, 6.75, 13.375 ], "texture": "#1" }
			}
		},
		{
			"__comment": "Voxels",
			"from": [ 4, 7.4667, 2.6667 ],
			"to": [ 6.4, 7.733366, 2.933367 ],
			"faces": {
				"down": { "uv": [ 2.5, 15.625, 3.625, 15.75 ], "texture": "#1" },
				"up": { "uv": [ 2.5, 15.875, 3.625, 15.75 ], "texture": "#1" },
				"north": { "uv": [ 3.625, 14.125, 2.5, 14.25 ], "texture": "#1" },
				"south": { "uv": [ 2.5, 14, 3.625, 14.125 ], "texture": "#1" },
				"west": { "uv": [ 6.75, 13.375, 6.875, 13.5 ], "texture": "#1" },
				"east": { "uv": [ 6.875, 13.5, 6.75, 13.625 ], "texture": "#1" }
			}
		},
		{
			"__comment": "Voxels",
			"from": [ 4, 7.7333, 2.4 ],
			"to": [ 5.6, 8.266632, 2.666667 ],
			"faces": {
				"down": { "uv": [ 4.125, 12.125, 4.875, 12.25 ], "texture": "#1" },
				"up": { "uv": [ 4.125, 12.125, 4.875, 12 ], "texture": "#1" },
				"north": { "uv": [ 1.625, 12.625, 0.875, 12.875 ], "texture": "#1" },
				"south": { "uv": [ 0.875, 12.375, 1.625, 12.625 ], "texture": "#1" },
				"west": { "uv": [ 7.75, 15.25, 7.875, 15.5 ], "texture": "#1" },
				"east": { "uv": [ 7.875, 15, 7.75, 15.25 ], "texture": "#1" }
			}
		},
		{
			"__comment": "Voxels",
			"from": [ 4, 7.7333, 2.6667 ],
			"to": [ 6.133333, 7.999967, 2.933367 ],
			"faces": {
				"down": { "uv": [ 2.5, 12.5, 3.5, 12.625 ], "texture": "#1" },
				"up": { "uv": [ 2.5, 12.75, 3.5, 12.625 ], "texture": "#1" },
				"north": { "uv": [ 5.125, 15.875, 4.125, 16 ], "texture": "#1" },
				"south": { "uv": [ 2.5, 12.375, 3.5, 12.5 ], "texture": "#1" },
				"west": { "uv": [ 6.75, 13.625, 6.875, 13.75 ], "texture": "#1" },
				"east": { "uv": [ 6.875, 13.75, 6.75, 13.875 ], "texture": "#1" }
			}
		},
		{
			"__comment": "Voxels",
			"from": [ 4, 9.0667, 2.9333 ],
			"to": [ 5.6, 9.333366, 3.199967 ],
			"faces": {
				"down": { "uv": [ 4.125, 11.5, 4.875, 11.625 ], "texture": "#1" },
				"up": { "uv": [ 4.125, 11.5, 4.875, 11.375 ], "texture": "#1" },
				"north": { "uv": [ 4.875, 11.25, 4.125, 11.375 ], "texture": "#1" },
				"south": { "uv": [ 4.125, 11.125, 4.875, 11.25 ], "texture": "#1" },
				"west": { "uv": [ 6.25, 10.5, 6.375, 10.625 ], "texture": "#1" },
				"east": { "uv": [ 6.375, 11.125, 6.25, 11.25 ], "texture": "#1" }
			}
		},
		{
			"__comment": "Voxels",
			"from": [ 4, 9.8667, 3.2 ],
			"to": [ 4.533333, 10.40003, 3.466666 ],
			"faces": {
				"down": { "uv": [ 4.875, 11.375, 5.125, 11.5 ], "texture": "#1" },
				"up": { "uv": [ 4.875, 11.375, 5.125, 11.25 ], "texture": "#1" },
				"north": { "uv": [ 1.875, 11.375, 1.625, 11.625 ], "texture": "#1" },
				"south": { "uv": [ 1.625, 11.125, 1.875, 11.375 ], "texture": "#1" },
				"west": { "uv": [ 7.75, 14.25, 7.875, 14.5 ], "texture": "#1" },
				"east": { "uv": [ 7.875, 14, 7.75, 14.25 ], "texture": "#1" }
			}
		},
		{
			"__comment": "Voxels",
			"from": [ 4, 10.4, 3.2 ],
			"to": [ 4.266667, 10.66667, 3.466666 ],
			"faces": {
				"down": { "uv": [ 6.25, 11.25, 6.375, 11.375 ], "texture": "#1" },
				"up": { "uv": [ 6.25, 11.5, 6.375, 11.375 ], "texture": "#1" },
				"north": { "uv": [ 6.375, 13.75, 6.25, 13.875 ], "texture": "#1" },
				"south": { "uv": [ 6.25, 13.875, 6.375, 14 ], "texture": "#1" },
				"west": { "uv": [ 6.25, 14, 6.375, 14.125 ], "texture": "#1" },
				"east": { "uv": [ 6.375, 14.125, 6.25, 14.25 ], "texture": "#1" }
			}
		},
		{
			"__comment": "Voxels",
			"from": [ 4, 10.9333, 2.6667 ],
			"to": [ 4.533333, 11.46663, 2.933367 ],
			"faces": {
				"down": { "uv": [ 4.875, 11.125, 5.125, 11.25 ], "texture": "#1" },
				"up": { "uv": [ 4.875, 11.125, 5.125, 11 ], "texture": "#1" },
				"north": { "uv": [ 2.5, 13, 2.25, 13.25 ], "texture": "#1" },
				"south": { "uv": [ 2.25, 12.625, 2.5, 12.875 ], "texture": "#1" },
				"west": { "uv": [ 7.75, 13.25, 7.875, 13.5 ], "texture": "#1" },
				"east": { "uv": [ 7.875, 13, 7.75, 13.25 ], "texture": "#1" }
			}
		},
		{
			"__comment": "Voxels",
			"from": [ 4.2667, 7.2, 2.6667 ],
			"to": [ 6.400033, 7.466667, 2.933367 ],
			"faces": {
				"down": { "uv": [ 2.5, 10.75, 3.5, 10.875 ], "texture": "#1" },
				"up": { "uv": [ 2.5, 10.5, 3.5, 10.375 ], "texture": "#1" },
				"north": { "uv": [ 3.5, 11.875, 2.5, 12 ], "texture": "#1" },
				"south": { "uv": [ 2.5, 11.375, 3.5, 11.5 ], "texture": "#1" },
				"west": { "uv": [ 6.25, 14.5, 6.375, 14.625 ], "texture": "#1" },
				"east": { "uv": [ 6.375, 14.625, 6.25, 14.75 ], "texture": "#1" }
			}
		},
		{
			"__comment": "Voxels",
			"from": [ 4.2667, 8.533299, 2.9333 ],
			"to": [ 5.8667, 8.799966, 3.199967 ],
			"faces": {
				"down": { "uv": [ 4.125, 11, 4.875, 11.125 ], "texture": "#1" },
				"up": { "uv": [ 4.125, 11, 4.875, 10.875 ], "texture": "#1" },
				"north": { "uv": [ 4.875, 10.75, 4.125, 10.875 ], "texture": "#1" },
				"south": { "uv": [ 4.125, 10, 4.875, 10.125 ], "texture": "#1" },
				"west": { "uv": [ 5, 8.25, 5.125, 8.375 ], "texture": "#1" },
				"east": { "uv": [ 5, 8.25, 4.875, 8.375 ], "texture": "#1" }
			}
		},
		{
			"__comment": "Voxels",
			"from": [ 4.2667, 8.8, 2.9333 ],
			"to": [ 5.600033, 9.066667, 3.199967 ],
			"faces": {
				"down": { "uv": [ 5.125, 11.25, 5.75, 11.375 ], "texture": "#1" },
				"up": { "uv": [ 5.125, 15.625, 5.75, 15.5 ], "texture": "#1" },
				"north": { "uv": [ 5.75, 15, 5.125, 15.125 ], "texture": "#1" },
				"south": { "uv": [ 5.125, 9, 5.75, 9.125 ], "texture": "#1" },
				"west": { "uv": [ 5, 8.375, 5.125, 8.5 ], "texture": "#1" },
				"east": { "uv": [ 5, 8.375, 4.875, 8.5 ], "texture": "#1" }
			}
		},
		{
			"__comment": "Voxels",
			"from": [ 4.2667, 9.0667, 3.2 ],
			"to": [ 5.0667, 9.333366, 3.466666 ],
			"faces": {
				"down": { "uv": [ 6.375, 13.5, 6.75, 13.625 ], "texture": "#1" },
				"up": { "uv": [ 6.375, 13.5, 6.75, 13.375 ], "texture": "#1" },
				"north": { "uv": [ 7.25, 15.375, 6.875, 15.5 ], "texture": "#1" },
				"south": { "uv": [ 6.875, 15.25, 7.25, 15.375 ], "texture": "#1" },
				"west": { "uv": [ 5, 8.5, 5.125, 8.625 ], "texture": "#1" },
				"east": { "uv": [ 5, 8.5, 4.875, 8.625 ], "texture": "#1" }
			}
		},
		{
			"__comment": "Voxels",
			"from": [ 4.2667, 9.3333, 3.2 ],
			"to": [ 4.800033, 9.866633, 3.466666 ],
			"faces": {
				"down": { "uv": [ 4.875, 10.875, 5.125, 11 ], "texture": "#1" },
				"up": { "uv": [ 4.875, 10.875, 5.125, 10.75 ], "texture": "#1" },
				"north": { "uv": [ 2.5, 11.875, 2.25, 12.125 ], "texture": "#1" },
				"south": { "uv": [ 2.25, 11.5, 2.5, 11.75 ], "texture": "#1" },
				"west": { "uv": [ 7.75, 12.25, 7.875, 12.5 ], "texture": "#1" },
				"east": { "uv": [ 7.875, 12, 7.75, 12.25 ], "texture": "#1" }
			}
		},
		{
			"__comment": "Voxels",
			"from": [ 4.5333, 6.9333, 2.6667 ],
			"to": [ 6.399967, 7.199967, 2.933367 ],
			"faces": {
				"down": { "uv": [ 4.125, 13.875, 5, 14 ], "texture": "#1" },
				"up": { "uv": [ 4.125, 13.625, 5, 13.5 ], "texture": "#1" },
				"north": { "uv": [ 5, 13.125, 4.125, 13.25 ], "texture": "#1" },
				"south": { "uv": [ 4.125, 13.625, 5, 13.75 ], "texture": "#1" },
				"west": { "uv": [ 5, 8.875, 5.125, 9 ], "texture": "#1" },
				"east": { "uv": [ 5, 8.875, 4.875, 9 ], "texture": "#1" }
			}
		},
		{
			"__comment": "Voxels",
			"from": [ 4.5333, 7.2, 2.4 ],
			"to": [ 6.1333, 7.466667, 2.666667 ],
			"faces": {
				"down": { "uv": [ 4.125, 8.5, 4.875, 8.625 ], "texture": "#1" },
				"up": { "uv": [ 4.125, 8.75, 4.875, 8.625 ], "texture": "#1" },
				"north": { "uv": [ 4.875, 8.75, 4.125, 8.875 ], "texture": "#1" },
				"south": { "uv": [ 4.125, 8.875, 4.875, 9 ], "texture": "#1" },
				"west": { "uv": [ 5, 12.75, 5.125, 12.875 ], "texture": "#1" },
				"east": { "uv": [ 5.125, 12.875, 5, 13 ], "texture": "#1" }
			}
		},
		{
			"__comment": "Voxels",
			"from": [ 4.5333, 7.4667, 2.4 ],
			"to": [ 5.866633, 7.733366, 2.666667 ],
			"faces": {
				"down": { "uv": [ 5.125, 11.375, 5.75, 11.5 ], "texture": "#1" },
				"up": { "uv": [ 5.125, 12, 5.75, 11.875 ], "texture": "#1" },
				"north": { "uv": [ 5.75, 12, 5.125, 12.125 ], "texture": "#1" },
				"south": { "uv": [ 5.75, 15.5, 6.375, 15.625 ], "texture": "#1" },
				"west": { "uv": [ 5, 14, 5.125, 14.125 ], "texture": "#1" },
				"east": { "uv": [ 5.125, 14.125, 5, 14.25 ], "texture": "#1" }
			}
		},
		{
			"__comment": "Voxels",
			"from": [ 4.5333, 8.2667, 2.9333 ],
			"to": [ 5.866633, 8.533366, 3.199967 ],
			"faces": {
				"down": { "uv": [ 5.125, 10.75, 5.75, 10.875 ], "texture": "#1" },
				"up": { "uv": [ 0.875, 8.125, 1.5, 8 ], "texture": "#1" },
				"north": { "uv": [ 5.75, 15.625, 5.125, 15.75 ], "texture": "#1" },
				"south": { "uv": [ 5.125, 15.25, 5.75, 15.375 ], "texture": "#1" },
				"west": { "uv": [ 5, 14.25, 5.125, 14.375 ], "texture": "#1" },
				"east": { "uv": [ 5.125, 14.375, 5, 14.5 ], "texture": "#1" }
			}
		},
		{
			"__comment": "Voxels",
			"from": [ 4.5333, 8.533299, 3.2 ],
			"to": [ 5.599967, 8.799966, 3.466666 ],
			"faces": {
				"down": { "uv": [ 5.75, 10.25, 6.25, 10.375 ], "texture": "#1" },
				"up": { "uv": [ 5.75, 10.25, 6.25, 10.125 ], "texture": "#1" },
				"north": { "uv": [ 6.25, 9.5, 5.75, 9.625 ], "texture": "#1" },
				"south": { "uv": [ 5.75, 9.375, 6.25, 9.5 ], "texture": "#1" },
				"west": { "uv": [ 5, 14.75, 5.125, 14.875 ], "texture": "#1" },
				"east": { "uv": [ 5.125, 14.875, 5, 15 ], "texture": "#1" }
			}
		},
		{
			"__comment": "Voxels",
			"from": [ 4.5333, 8.8, 3.2 ],
			"to": [ 5.3333, 9.066667, 3.466666 ],
			"faces": {
				"down": { "uv": [ 6.875, 14.5, 7.25, 14.625 ], "texture": "#1" },
				"up": { "uv": [ 6.875, 14, 7.25, 13.875 ], "texture": "#1" },
				"north": { "uv": [ 7.25, 13.75, 6.875, 13.875 ], "texture": "#1" },
				"south": { "uv": [ 6.875, 13.625, 7.25, 13.75 ], "texture": "#1" },
				"west": { "uv": [ 5, 15, 5.125, 15.125 ], "texture": "#1" },
				"east": { "uv": [ 5.125, 15.125, 5, 15.25 ], "texture": "#1" }
			}
		},
		{
			"__comment": "Voxels",
			"from": [ 4.8, 6.4, 2.6667 ],
			"to": [ 6.666667, 6.933332, 2.933367 ],
			"faces": {
				"down": { "uv": [ 4.125, 12.75, 5, 12.875 ], "texture": "#1" },
				"up": { "uv": [ 4.125, 15.125, 5, 15 ], "texture": "#1" },
				"north": { "uv": [ 0.875, 12.25, 0, 12.5 ], "texture": "#1" },
				"south": { "uv": [ 0, 9.75, 0.875, 10 ], "texture": "#1" },
				"west": { "uv": [ 7.75, 11.75, 7.875, 12 ], "texture": "#1" },
				"east": { "uv": [ 7.875, 11.5, 7.75, 11.75 ], "texture": "#1" }
			}
		},
		{
			"__comment": "Voxels",
			"from": [ 4.8, 6.9333, 2.4 ],
			"to": [ 5.866665, 7.199967, 2.666667 ],
			"faces": {
				"down": { "uv": [ 5.75, 9.25, 6.25, 9.375 ], "texture": "#1" },
				"up": { "uv": [ 5.75, 9.25, 6.25, 9.125 ], "texture": "#1" },
				"north": { "uv": [ 6.25, 8.75, 5.75, 8.875 ], "texture": "#1" },
				"south": { "uv": [ 5.75, 8.625, 6.25, 8.75 ], "texture": "#1" },
				"west": { "uv": [ 5, 15.5, 5.125, 15.625 ], "texture": "#1" },
				"east": { "uv": [ 5.125, 15.625, 5, 15.75 ], "texture": "#1" }
			}
		},
		{
			"__comment": "Voxels",
			"from": [ 4.8, 7.7333, 2.9333 ],
			"to": [ 6.133333, 8.266632, 3.199967 ],
			"faces": {
				"down": { "uv": [ 5.75, 15.75, 6.375, 15.875 ], "texture": "#1" },
				"up": { "uv": [ 5.75, 15.75, 6.375, 15.625 ], "texture": "#1" },
				"north": { "uv": [ 1.5, 10.875, 0.875, 11.125 ], "texture": "#1" },
				"south": { "uv": [ 0.875, 10.375, 1.5, 10.625 ], "texture": "#1" },
				"west": { "uv": [ 7.75, 10.25, 7.875, 10.5 ], "texture": "#1" },
				"east": { "uv": [ 7.875, 10, 7.75, 10.25 ], "texture": "#1" }
			}
		},
		{
			"__comment": "Voxels",
			"from": [ 4.8, 8.2667, 3.2 ],
			"to": [ 5.599999, 8.533366, 3.466666 ],
			"faces": {
				"down": { "uv": [ 6.375, 13.25, 6.75, 13.375 ], "texture": "#1" },
				"up": { "uv": [ 6.375, 13.25, 6.75, 13.125 ], "texture": "#1" },
				"north": { "uv": [ 6.75, 12.75, 6.375, 12.875 ], "texture": "#1" },
				"south": { "uv": [ 6.375, 12.625, 6.75, 12.75 ], "texture": "#1" },
				"west": { "uv": [ 3.5, 8, 3.625, 8.125 ], "texture": "#1" },
				"east": { "uv": [ 3.625, 8.125, 3.5, 8.25 ], "texture": "#1" }
			}
		},
		{
			"__comment": "Voxels",
			"from": [ 5.0667, 6.1333, 2.6667 ],
			"to": [ 7.200033, 6.399967, 2.933367 ],
			"faces": {
				"down": { "uv": [ 2.5, 13, 3.5, 13.125 ], "texture": "#1" },
				"up": { "uv": [ 2.5, 13.25, 3.5, 13.125 ], "texture": "#1" },
				"north": { "uv": [ 3.5, 13.25, 2.5, 13.375 ], "texture": "#1" },
				"south": { "uv": [ 2.5, 13.375, 3.5, 13.5 ], "texture": "#1" },
				"west": { "uv": [ 3.5, 8.25, 3.625, 8.375 ], "texture": "#1" },
				"east": { "uv": [ 3.625, 8.375, 3.5, 8.5 ], "texture": "#1" }
			}
		},
		{
			"__comment": "Voxels",
			"from": [ 5.0667, 6.4, 2.4 ],
			"to": [ 6.133367, 6.933332, 2.666667 ],
			"faces": {
				"down": { "uv": [ 5.875, 8.25, 6.375, 8.375 ], "texture": "#1" },
				"up": { "uv": [ 5.875, 8.25, 6.375, 8.125 ], "texture": "#1" },
				"north": { "uv": [ 3, 13.5, 2.5, 13.75 ], "texture": "#1" },
				"south": { "uv": [ 3, 13.75, 3.5, 14 ], "texture": "#1" },
				"west": { "uv": [ 7.75, 9.75, 7.875, 10 ], "texture": "#1" },
				"east": { "uv": [ 7.875, 9.5, 7.75, 9.75 ], "texture": "#1" }
			}
		},
		{
			"__comment": "Voxels",
			"from": [ 5.0667, 7.4667, 2.9333 ],
			"to": [ 6.400033, 7.733366, 3.199967 ],
			"faces": {
				"down": { "uv": [ 5.75, 15.25, 6.375, 15.375 ], "texture": "#1" },
				"up": { "uv": [ 1.875, 8.125, 2.5, 8 ], "texture": "#1" },
				"north": { "uv": [ 5.75, 15.875, 5.125, 16 ], "texture": "#1" },
				"south": { "uv": [ 5.125, 15.75, 5.75, 15.875 ], "texture": "#1" },
				"west": { "uv": [ 3.5, 8.5, 3.625, 8.625 ], "texture": "#1" },
				"east": { "uv": [ 3.625, 8.625, 3.5, 8.75 ], "texture": "#1" }
			}
		},
		{
			"__comment": "Voxels",
			"from": [ 5.0667, 7.7333, 3.2 ],
			"to": [ 5.8667, 8.266632, 3.466666 ],
			"faces": {
				"down": { "uv": [ 6.375, 9.375, 6.75, 9.5 ], "texture": "#1" },
				"up": { "uv": [ 6.375, 9.375, 6.75, 9.25 ], "texture": "#1" },
				"north": { "uv": [ 4, 14, 3.625, 14.25 ], "texture": "#1" },
				"south": { "uv": [ 1.5, 8.875, 1.875, 9.125 ], "texture": "#1" },
				"west": { "uv": [ 7.75, 8.75, 7.875, 9 ], "texture": "#1" },
				"east": { "uv": [ 7.875, 8.5, 7.75, 8.75 ], "texture": "#1" }
			}
		},
		{
			"__comment": "Voxels",
			"from": [ 5.3333, 5.6, 2.6667 ],
			"to": [ 7.199965, 6.133333, 2.933367 ],
			"faces": {
				"down": { "uv": [ 4.125, 15.5, 5, 15.625 ], "texture": "#1" },
				"up": { "uv": [ 4.125, 15.5, 5, 15.375 ], "texture": "#1" },
				"north": { "uv": [ 0.875, 11.5, 0, 11.75 ], "texture": "#1" },
				"south": { "uv": [ 0, 10.75, 0.875, 11 ], "texture": "#1" },
				"west": { "uv": [ 7.75, 8.25, 7.875, 8.5 ], "texture": "#1" },
				"east": { "uv": [ 7.875, 8, 7.75, 8.25 ], "texture": "#1" }
			}
		},
		{
			"__comment": "Voxels",
			"from": [ 5.3333, 6.1333, 2.4 ],
			"to": [ 6.399965, 6.399967, 2.666667 ],
			"faces": {
				"down": { "uv": [ 3.625, 10.875, 4.125, 11 ], "texture": "#1" },
				"up": { "uv": [ 3.625, 10.875, 4.125, 10.75 ], "texture": "#1" },
				"north": { "uv": [ 4.125, 10.625, 3.625, 10.75 ], "texture": "#1" },
				"south": { "uv": [ 3.625, 10.5, 4.125, 10.625 ], "texture": "#1" },
				"west": { "uv": [ 3.5, 9.25, 3.625, 9.375 ], "texture": "#1" },
				"east": { "uv": [ 3.625, 10.375, 3.5, 10.5 ], "texture": "#1" }
			}
		},
		{
			"__comment": "Voxels",
			"from": [ 5.3333, 7.2, 2.9333 ],
			"to": [ 6.399965, 7.466667, 3.199967 ],
			"faces": {
				"down": { "uv": [ 3.625, 10.375, 4.125, 10.5 ], "texture": "#1" },
				"up": { "uv": [ 3.625, 10.375, 4.125, 10.25 ], "texture": "#1" },
				"north": { "uv": [ 4.125, 10.125, 3.625, 10.25 ], "texture": "#1" },
				"south": { "uv": [ 3.625, 10, 4.125, 10.125 ], "texture": "#1" },
				"west": { "uv": [ 3.5, 10.75, 3.625, 10.875 ], "texture": "#1" },
				"east": { "uv": [ 3.625, 10.875, 3.5, 11 ], "texture": "#1" }
			}
		},
		{
			"__comment": "Voxels",
			"from": [ 5.3333, 7.4667, 3.2 ],
			"to": [ 6.133299, 7.733366, 3.466666 ],
			"faces": {
				"down": { "uv": [ 6.875, 14.375, 7.25, 14.5 ], "texture": "#1" },
				"up": { "uv": [ 6.875, 14.375, 7.25, 14.25 ], "texture": "#1" },
				"north": { "uv": [ 7.25, 14.125, 6.875, 14.25 ], "texture": "#1" },
				"south": { "uv": [ 6.875, 14, 7.25, 14.125 ], "texture": "#1" },
				"west": { "uv": [ 3.5, 11.75, 3.625, 11.875 ], "texture": "#1" },
				"east": { "uv": [ 3.625, 11.875, 3.5, 12 ], "texture": "#1" }
			}
		},
		{
			"__comment": "Voxels",
			"from": [ 5.6, 5.3333, 2.6667 ],
			"to": [ 6.933333, 5.599967, 2.933367 ],
			"faces": {
				"down": { "uv": [ 5.125, 14.625, 5.75, 14.75 ], "texture": "#1" },
				"up": { "uv": [ 5.125, 14.625, 5.75, 14.5 ], "texture": "#1" },
				"north": { "uv": [ 5.75, 14.375, 5.125, 14.5 ], "texture": "#1" },
				"south": { "uv": [ 5.125, 14.25, 5.75, 14.375 ], "texture": "#1" },
				"west": { "uv": [ 3.5, 12.25, 3.625, 12.375 ], "texture": "#1" },
				"east": { "uv": [ 3.625, 12.375, 3.5, 12.5 ], "texture": "#1" }
			}
		},
		{
			"__comment": "Voxels",
			"from": [ 5.6, 5.8667, 2.4 ],
			"to": [ 6.4, 6.133367, 2.666667 ],
			"faces": {
				"down": { "uv": [ 6.875, 12.5, 7.25, 12.625 ], "texture": "#1" },
				"up": { "uv": [ 6.875, 12.5, 7.25, 12.375 ], "texture": "#1" },
				"north": { "uv": [ 7.25, 12.25, 6.875, 12.375 ], "texture": "#1" },
				"south": { "uv": [ 6.875, 11.875, 7.25, 12 ], "texture": "#1" },
				"west": { "uv": [ 3.5, 12.5, 3.625, 12.625 ], "texture": "#1" },
				"east": { "uv": [ 3.625, 12.625, 3.5, 12.75 ], "texture": "#1" }
			}
		},
		{
			"__comment": "Voxels",
			"from": [ 5.6, 6.4, 2.9333 ],
			"to": [ 6.666667, 6.933332, 3.199967 ],
			"faces": {
				"down": { "uv": [ 3.625, 9.125, 4.125, 9.25 ], "texture": "#1" },
				"up": { "uv": [ 3.625, 9.125, 4.125, 9 ], "texture": "#1" },
				"north": { "uv": [ 3.5, 9.875, 3, 10.125 ], "texture": "#1" },
				"south": { "uv": [ 2.5, 9.625, 3, 9.875 ], "texture": "#1" },
				"west": { "uv": [ 7.875, 15.25, 8, 15.5 ], "texture": "#1" },
				"east": { "uv": [ 8, 15, 7.875, 15.25 ], "texture": "#1" }
			}
		},
		{
			"__comment": "Voxels",
			"from": [ 5.6, 6.9333, 2.9333 ],
			"to": [ 6.4, 7.199967, 3.199967 ],
			"faces": {
				"down": { "uv": [ 6.875, 9.875, 7.25, 10 ], "texture": "#1" },
				"up": { "uv": [ 6.875, 9.875, 7.25, 9.75 ], "texture": "#1" },
				"north": { "uv": [ 7.25, 9.625, 6.875, 9.75 ], "texture": "#1" },
				"south": { "uv": [ 6.875, 9.5, 7.25, 9.625 ], "texture": "#1" },
				"west": { "uv": [ 3.5, 12.75, 3.625, 12.875 ], "texture": "#1" },
				"east": { "uv": [ 3.625, 12.875, 3.5, 13 ], "texture": "#1" }
			}
		},
		{
			"__comment": "Voxels",
			"from": [ 5.6, 7.2, 3.2 ],
			"to": [ 6.133333, 7.466667, 3.466666 ],
			"faces": {
				"down": { "uv": [ 4.875, 10.375, 5.125, 10.5 ], "texture": "#1" },
				"up": { "uv": [ 4.875, 10.375, 5.125, 10.25 ], "texture": "#1" },
				"north": { "uv": [ 5.125, 10.125, 4.875, 10.25 ], "texture": "#1" },
				"south": { "uv": [ 4.875, 10, 5.125, 10.125 ], "texture": "#1" },
				"west": { "uv": [ 3.5, 13, 3.625, 13.125 ], "texture": "#1" },
				"east": { "uv": [ 3.625, 13.125, 3.5, 13.25 ], "texture": "#1" }
			}
		},
		{
			"__comment": "Voxels",
			"from": [ 5.8667, 4.8, 2.6667 ],
			"to": [ 6.666699, 5.333333, 2.933367 ],
			"faces": {
				"down": { "uv": [ 7.25, 15.875, 7.625, 16 ], "texture": "#1" },
				"up": { "uv": [ 7.25, 15.875, 7.625, 15.75 ], "texture": "#1" },
				"north": { "uv": [ 1.875, 10.375, 1.5, 10.625 ], "texture": "#1" },
				"south": { "uv": [ 1.5, 10.125, 1.875, 10.375 ], "texture": "#1" },
				"west": { "uv": [ 7.875, 14.25, 8, 14.5 ], "texture": "#1" },
				"east": { "uv": [ 8, 14, 7.875, 14.25 ], "texture": "#1" }
			}
		},
		{
			"__comment": "Voxels",
			"from": [ 5.8667, 5.0667, 2.4 ],
			"to": [ 6.666699, 5.8667, 2.666667 ],
			"faces": {
				"down": { "uv": [ 6.5, 14.625, 6.875, 14.75 ], "texture": "#1" },
				"up": { "uv": [ 6.5, 14.625, 6.875, 14.5 ], "texture": "#1" },
				"north": { "uv": [ 2.25, 13.25, 1.875, 13.625 ], "texture": "#1" },
				"south": { "uv": [ 1.875, 12.125, 2.25, 12.5 ], "texture": "#1" },
				"west": { "uv": [ 6.5, 13.875, 6.625, 14.25 ], "texture": "#1" },
				"east": { "uv": [ 6.75, 13.875, 6.625, 14.25 ], "texture": "#1" }
			}
		},
		{
			"__comment": "Voxels",
			"from": [ 5.8667, 6.1333, 2.9333 ],
			"to": [ 7.200033, 6.399967, 3.199967 ],
			"faces": {
				"down": { "uv": [ 5.125, 13.125, 5.75, 13.25 ], "texture": "#1" },
				"up": { "uv": [ 5.125, 13.125, 5.75, 13 ], "texture": "#1" },
				"north": { "uv": [ 5.75, 12.875, 5.125, 13 ], "texture": "#1" },
				"south": { "uv": [ 5.125, 12.75, 5.75, 12.875 ], "texture": "#1" },
				"west": { "uv": [ 3.5, 13.25, 3.625, 13.375 ], "texture": "#1" },
				"east": { "uv": [ 3.625, 13.375, 3.5, 13.5 ], "texture": "#1" }
			}
		},
		{
			"__comment": "Voxels",
			"from": [ 5.8667, 6.9333, 3.2 ],
			"to": [ 6.133367, 7.199967, 3.466666 ],
			"faces": {
				"down": { "uv": [ 8.125, 10.625, 8.25, 10.75 ], "texture": "#1" },
				"up": { "uv": [ 8.125, 10.875, 8.25, 10.75 ], "texture": "#1" },
				"north": { "uv": [ 8.25, 10.875, 8.125, 11 ], "texture": "#1" },
				"south": { "uv": [ 8.125, 11, 8.25, 11.125 ], "texture": "#1" },
				"west": { "uv": [ 8.125, 13.875, 8.25, 14 ], "texture": "#1" },
				"east": { "uv": [ 8.25, 14, 8.125, 14.125 ], "texture": "#1" }
			}
		},
		{
			"__comment": "Voxels",
			"from": [ 6.1333, 5.3333, 2.9333 ],
			"to": [ 6.9333, 6.133299, 3.199967 ],
			"faces": {
				"down": { "uv": [ 6.5, 11.375, 6.875, 11.5 ], "texture": "#1" },
				"up": { "uv": [ 6.5, 11.375, 6.875, 11.25 ], "texture": "#1" },
				"north": { "uv": [ 2.25, 8.375, 1.875, 8.75 ], "texture": "#1" },
				"south": { "uv": [ 1.875, 11.75, 2.25, 12.125 ], "texture": "#1" },
				"west": { "uv": [ 6.5, 10.75, 6.625, 11.125 ], "texture": "#1" },
				"east": { "uv": [ 6.75, 10.75, 6.625, 11.125 ], "texture": "#1" }
			}
		},
		{
			"__comment": "Voxels",
			"from": [ 6.1333, 6.4, 3.2 ],
			"to": [ 6.399967, 6.933332, 3.466666 ],
			"faces": {
				"down": { "uv": [ 8.125, 14.875, 8.25, 15 ], "texture": "#1" },
				"up": { "uv": [ 8.125, 15.125, 8.25, 15 ], "texture": "#1" },
				"north": { "uv": [ 8, 13.75, 7.875, 14 ], "texture": "#1" },
				"south": { "uv": [ 7.875, 13.5, 8, 13.75 ], "texture": "#1" },
				"west": { "uv": [ 7.875, 13.25, 8, 13.5 ], "texture": "#1" },
				"east": { "uv": [ 8, 13, 7.875, 13.25 ], "texture": "#1" }
			}
		},
		{
			"__comment": "Voxels",
			"from": [ 6.4, 4.8, 2.9333 ],
			"to": [ 6.666667, 5.333333, 3.199967 ],
			"faces": {
				"down": { "uv": [ 8.75, 15.75, 8.875, 15.875 ], "texture": "#1" },
				"up": { "uv": [ 8.625, 15.875, 8.75, 15.75 ], "texture": "#1" },
				"north": { "uv": [ 0.875, 8.25, 0.75, 8.5 ], "texture": "#1" },
				"south": { "uv": [ 0.75, 8, 0.875, 8.25 ], "texture": "#1" },
				"west": { "uv": [ 2.375, 8.125, 2.5, 8.375 ], "texture": "#1" },
				"east": { "uv": [ 3.625, 13.75, 3.5, 14 ], "texture": "#1" }
			}
		},
		{
			"__comment": "Voxels",
			"from": [ 6.4, 6.1333, 3.2 ],
			"to": [ 6.666667, 6.399967, 3.466666 ],
			"faces": {
				"down": { "uv": [ 8.5, 15.75, 8.625, 15.875 ], "texture": "#1" },
				"up": { "uv": [ 8, 8.75, 8.125, 8.625 ], "texture": "#1" },
				"north": { "uv": [ 8.125, 8.75, 8, 8.875 ], "texture": "#1" },
				"south": { "uv": [ 8, 8.875, 8.125, 9 ], "texture": "#1" },
				"west": { "uv": [ 8, 9, 8.125, 9.125 ], "texture": "#1" },
				"east": { "uv": [ 8.125, 9.125, 8, 9.25 ], "texture": "#1" }
			}
		},
		{
			"__comment": "Voxels",
			"from": [ 6.6667, 5.0667, 2.6667 ],
			"to": [ 6.933367, 5.333367, 3.200033 ],
			"faces": {
				"down": { "uv": [ 4, 14.25, 4.125, 14.5 ], "texture": "#1" },
				"up": { "uv": [ 4, 14.25, 4.125, 14 ], "texture": "#1" },
				"north": { "uv": [ 8.125, 14.5, 8, 14.625 ], "texture": "#1" },
				"south": { "uv": [ 8, 14.625, 8.125, 14.75 ], "texture": "#1" },
				"west": { "uv": [ 0.625, 13, 0.875, 13.125 ], "texture": "#1" },
				"east": { "uv": [ 0.875, 12.5, 0.625, 12.625 ], "texture": "#1" }
			}
		},
		{
			"__comment": "Voxels",
			"from": [ 6.6667, 5.6, 3.2 ],
			"to": [ 6.933367, 6.133333, 3.466666 ],
			"faces": {
				"down": { "uv": [ 8, 14.75, 8.125, 14.875 ], "texture": "#1" },
				"up": { "uv": [ 8, 15, 8.125, 14.875 ], "texture": "#1" },
				"north": { "uv": [ 5, 8, 4.875, 8.25 ], "texture": "#1" },
				"south": { "uv": [ 5, 8, 5.125, 8.25 ], "texture": "#1" },
				"west": { "uv": [ 7.5, 15.375, 7.625, 15.625 ], "texture": "#1" },
				"east": { "uv": [ 7.375, 14.875, 7.25, 15.125 ], "texture": "#1" }
			}
		},
		{
			"__comment": "Voxels",
			"from": [ 6.9333, 5.6, 2.9333 ],
			"to": [ 7.199967, 6.133333, 3.199967 ],
			"faces": {
				"down": { "uv": [ 8, 15.875, 8.125, 16 ], "texture": "#1" },
				"up": { "uv": [ 7.875, 8.625, 8, 8.5 ], "texture": "#1" },
				"north": { "uv": [ 7.5, 14.875, 7.375, 15.125 ], "texture": "#1" },
				"south": { "uv": [ 7.5, 14.875, 7.625, 15.125 ], "texture": "#1" },
				"west": { "uv": [ 7.25, 14.625, 7.375, 14.875 ], "texture": "#1" },
				"east": { "uv": [ 7.5, 14.625, 7.375, 14.875 ], "texture": "#1" }
			}
		},
		{
			"__comment": "Voxels",
			"from": [ 9.599999, 5.6, 2.6667 ],
			"to": [ 11.46667, 6.4, 2.933367 ],
			"faces": {
				"down": { "uv": [ 4.125, 15.625, 5, 15.75 ], "texture": "#1" },
				"up": { "uv": [ 4.125, 14.875, 5, 14.75 ], "texture": "#1" },
				"north": { "uv": [ 0.875, 14.5, 0, 14.875 ], "texture": "#1" },
				"south": { "uv": [ 0, 14.875, 0.875, 15.25 ], "texture": "#1" },
				"west": { "uv": [ 6.875, 8.125, 7, 8.5 ], "texture": "#1" },
				"east": { "uv": [ 7.125, 8.125, 7, 8.5 ], "texture": "#1" }
			}
		},
		{
			"__comment": "Voxels",
			"from": [ 9.599999, 5.6, 2.9333 ],
			"to": [ 10.66667, 6.4, 3.199967 ],
			"faces": {
				"down": { "uv": [ 5.875, 13.375, 6.375, 13.5 ], "texture": "#1" },
				"up": { "uv": [ 5.75, 13.625, 6.25, 13.5 ], "texture": "#1" },
				"north": { "uv": [ 1.375, 13.125, 0.875, 13.5 ], "texture": "#1" },
				"south": { "uv": [ 1.375, 13.125, 1.875, 13.5 ], "texture": "#1" },
				"west": { "uv": [ 6.375, 10.75, 6.5, 11.125 ], "texture": "#1" },
				"east": { "uv": [ 6.5, 9.875, 6.375, 10.25 ], "texture": "#1" }
			}
		},
		{
			"__comment": "Voxels",
			"from": [ 9.8667, 5.0667, 2.6667 ],
			"to": [ 10.93337, 5.600033, 2.933367 ],
			"faces": {
				"down": { "uv": [ 5.75, 13.625, 6.25, 13.75 ], "texture": "#1" },
				"up": { "uv": [ 5.75, 14.125, 6.25, 14 ], "texture": "#1" },
				"north": { "uv": [ 3, 9.875, 2.5, 10.125 ], "texture": "#1" },
				"south": { "uv": [ 3, 13.5, 3.5, 13.75 ], "texture": "#1" },
				"west": { "uv": [ 7.25, 13.125, 7.375, 13.375 ], "texture": "#1" },
				"east": { "uv": [ 7.5, 13.125, 7.375, 13.375 ], "texture": "#1" }
			}
		},
		{
			"__comment": "Voxels",
			"from": [ 9.8667, 5.0667, 2.9333 ],
			"to": [ 10.40003, 5.600033, 3.199967 ],
			"faces": {
				"down": { "uv": [ 2.25, 9.875, 2.5, 10 ], "texture": "#1" },
				"up": { "uv": [ 2.25, 9.625, 2.5, 9.5 ], "texture": "#1" },
				"north": { "uv": [ 1.875, 12.625, 1.625, 12.875 ], "texture": "#1" },
				"south": { "uv": [ 1.625, 12.875, 1.875, 13.125 ], "texture": "#1" },
				"west": { "uv": [ 7.5, 13.125, 7.625, 13.375 ], "texture": "#1" },
				"east": { "uv": [ 7.375, 12.875, 7.25, 13.125 ], "texture": "#1" }
			}
		},
		{
			"__comment": "Voxels",
			"from": [ 9.8667, 5.6, 3.2 ],
			"to": [ 10.13337, 6.133333, 3.466666 ],
			"faces": {
				"down": { "uv": [ 10.375, 15.75, 10.5, 15.875 ], "texture": "#1" },
				"up": { "uv": [ 10.5, 15.875, 10.625, 15.75 ], "texture": "#1" },
				"north": { "uv": [ 7.5, 12.875, 7.375, 13.125 ], "texture": "#1" },
				"south": { "uv": [ 7.5, 12.875, 7.625, 13.125 ], "texture": "#1" },
				"west": { "uv": [ 7.25, 12.625, 7.375, 12.875 ], "texture": "#1" },
				"east": { "uv": [ 7.5, 12.625, 7.375, 12.875 ], "texture": "#1" }
			}
		},
		{
			"__comment": "Voxels",
			"from": [ 10.1333, 4.8, 2.6667 ],
			"to": [ 10.9333, 5.066667, 2.933367 ],
			"faces": {
				"down": { "uv": [ 6.875, 11.25, 7.25, 11.375 ], "texture": "#1" },
				"up": { "uv": [ 6.5, 14.5, 6.875, 14.375 ], "texture": "#1" },
				"north": { "uv": [ 6.875, 14.25, 6.5, 14.375 ], "texture": "#1" },
				"south": { "uv": [ 6.375, 13.75, 6.75, 13.875 ], "texture": "#1" },
				"west": { "uv": [ 13.125, 15.75, 13.25, 15.875 ], "texture": "#1" },
				"east": { "uv": [ 13.375, 15.75, 13.25, 15.875 ], "texture": "#1" }
			}
		},
		{
			"__comment": "Voxels",
			"from": [ 10.1333, 4.8, 2.9333 ],
			"to": [ 10.39997, 5.066667, 3.199967 ],
			"faces": {
				"down": { "uv": [ 13.375, 15.75, 13.5, 15.875 ], "texture": "#1" },
				"up": { "uv": [ 13.75, 15.875, 13.875, 15.75 ], "texture": "#1" },
				"north": { "uv": [ 14, 15.75, 13.875, 15.875 ], "texture": "#1" },
				"south": { "uv": [ 14, 15.75, 14.125, 15.875 ], "texture": "#1" },
				"west": { "uv": [ 14.125, 15.75, 14.25, 15.875 ], "texture": "#1" },
				"east": { "uv": [ 14.375, 15.75, 14.25, 15.875 ], "texture": "#1" }
			}
		},
		{
			"__comment": "Voxels",
			"from": [ 10.1333, 5.0667, 2.4 ],
			"to": [ 10.9333, 5.8667, 2.666667 ],
			"faces": {
				"down": { "uv": [ 6.375, 13.625, 6.75, 13.75 ], "texture": "#1" },
				"up": { "uv": [ 6.375, 12.25, 6.75, 12.125 ], "texture": "#1" },
				"north": { "uv": [ 2.25, 9.875, 1.875, 10.25 ], "texture": "#1" },
				"south": { "uv": [ 1.875, 10.25, 2.25, 10.625 ], "texture": "#1" },
				"west": { "uv": [ 6.375, 11.5, 6.5, 11.875 ], "texture": "#1" },
				"east": { "uv": [ 6.625, 11.5, 6.5, 11.875 ], "texture": "#1" }
			}
		},
		{
			"__comment": "Voxels",
			"from": [ 10.1333, 6.1333, 3.2 ],
			"to": [ 10.39997, 6.399967, 3.466666 ],
			"faces": {
				"down": { "uv": [ 15.125, 15.75, 15.25, 15.875 ], "texture": "#1" },
				"up": { "uv": [ 15.25, 15.875, 15.375, 15.75 ], "texture": "#1" },
				"north": { "uv": [ 15.5, 15.75, 15.375, 15.875 ], "texture": "#1" },
				"south": { "uv": [ 15.5, 15.75, 15.625, 15.875 ], "texture": "#1" },
				"west": { "uv": [ 15.625, 15.75, 15.75, 15.875 ], "texture": "#1" },
				"east": { "uv": [ 8.25, 15.125, 8.125, 15.25 ], "texture": "#1" }
			}
		},
		{
			"__comment": "Voxels",
			"from": [ 10.1333, 6.4, 2.6667 ],
			"to": [ 11.99997, 6.933332, 2.933367 ],
			"faces": {
				"down": { "uv": [ 4.125, 15.125, 5, 15.25 ], "texture": "#1" },
				"up": { "uv": [ 4.125, 14.125, 5, 14 ], "texture": "#1" },
				"north": { "uv": [ 0.875, 9.5, 0, 9.75 ], "texture": "#1" },
				"south": { "uv": [ 0, 10, 0.875, 10.25 ], "texture": "#1" },
				"west": { "uv": [ 7.5, 12.625, 7.625, 12.875 ], "texture": "#1" },
				"east": { "uv": [ 7.375, 12.375, 7.25, 12.625 ], "texture": "#1" }
			}
		},
		{
			"__comment": "Voxels",
			"from": [ 10.1333, 6.4, 2.9333 ],
			"to": [ 11.19997, 6.933332, 3.199967 ],
			"faces": {
				"down": { "uv": [ 5.75, 13.75, 6.25, 13.875 ], "texture": "#1" },
				"up": { "uv": [ 5.75, 14, 6.25, 13.875 ], "texture": "#1" },
				"north": { "uv": [ 3, 9.375, 2.5, 9.625 ], "texture": "#1" },
				"south": { "uv": [ 3, 9.625, 3.5, 9.875 ], "texture": "#1" },
				"west": { "uv": [ 7.375, 12.375, 7.5, 12.625 ], "texture": "#1" },
				"east": { "uv": [ 7.625, 12.375, 7.5, 12.625 ], "texture": "#1" }
			}
		},
		{
			"__comment": "Voxels",
			"from": [ 10.4, 5.3333, 2.9333 ],
			"to": [ 10.66667, 5.599967, 3.199967 ],
			"faces": {
				"down": { "uv": [ 8.125, 11.75, 8.25, 11.875 ], "texture": "#1" },
				"up": { "uv": [ 8.125, 11.75, 8.25, 11.625 ], "texture": "#1" },
				"north": { "uv": [ 8.25, 11.5, 8.125, 11.625 ], "texture": "#1" },
				"south": { "uv": [ 8.125, 11.375, 8.25, 11.5 ], "texture": "#1" },
				"west": { "uv": [ 8.125, 11.25, 8.25, 11.375 ], "texture": "#1" },
				"east": { "uv": [ 8.25, 11.125, 8.125, 11.25 ], "texture": "#1" }
			}
		},
		{
			"__comment": "Voxels",
			"from": [ 10.4, 5.8667, 2.4 ],
			"to": [ 11.2, 6.400033, 2.666667 ],
			"faces": {
				"down": { "uv": [ 6.375, 12.875, 6.75, 13 ], "texture": "#1" },
				"up": { "uv": [ 6.375, 13.125, 6.75, 13 ], "texture": "#1" },
				"north": { "uv": [ 1.875, 9.125, 1.5, 9.375 ], "texture": "#1" },
				"south": { "uv": [ 1.5, 9.375, 1.875, 9.625 ], "texture": "#1" },
				"west": { "uv": [ 7.25, 12.125, 7.375, 12.375 ], "texture": "#1" },
				"east": { "uv": [ 7.5, 12.125, 7.375, 12.375 ], "texture": "#1" }
			}
		},
		{
			"__comment": "Voxels",
			"from": [ 10.4, 6.4, 3.2 ],
			"to": [ 10.66667, 6.933332, 3.466666 ],
			"faces": {
				"down": { "uv": [ 8.125, 10.25, 8.25, 10.375 ], "texture": "#1" },
				"up": { "uv": [ 8.125, 10.25, 8.25, 10.125 ], "texture": "#1" },
				"north": { "uv": [ 7.625, 12.125, 7.5, 12.375 ], "texture": "#1" },
				"south": { "uv": [ 7.25, 11.875, 7.375, 12.125 ], "texture": "#1" },
				"west": { "uv": [ 7.375, 11.875, 7.5, 12.125 ], "texture": "#1" },
				"east": { "uv": [ 7.625, 11.875, 7.5, 12.125 ], "texture": "#1" }
			}
		},
		{
			"__comment": "Voxels",
			"from": [ 10.4, 6.9333, 2.6667 ],
			"to": [ 12.26667, 7.7333, 2.933367 ],
			"faces": {
				"down": { "uv": [ 4.125, 13.25, 5, 13.375 ], "texture": "#1" },
				"up": { "uv": [ 4.125, 13.5, 5, 13.375 ], "texture": "#1" },
				"north": { "uv": [ 0.875, 15.25, 0, 15.625 ], "texture": "#1" },
				"south": { "uv": [ 0, 15.625, 0.875, 16 ], "texture": "#1" },
				"west": { "uv": [ 7.375, 15.25, 7.5, 15.625 ], "texture": "#1" },
				"east": { "uv": [ 7.125, 10.375, 7, 10.75 ], "texture": "#1" }
			}
		},
		{
			"__comment": "Voxels",
			"from": [ 10.4, 6.9333, 2.9333 ],
			"to": [ 11.2, 7.7333, 3.199967 ],
			"faces": {
				"down": { "uv": [ 6.875, 11.625, 7.25, 11.75 ], "texture": "#1" },
				"up": { "uv": [ 6.875, 11.875, 7.25, 11.75 ], "texture": "#1" },
				"north": { "uv": [ 2.25, 13.625, 1.875, 14 ], "texture": "#1" },
				"south": { "uv": [ 1.5, 8, 1.875, 8.375 ], "texture": "#1" },
				"west": { "uv": [ 7.125, 14.625, 7.25, 15 ], "texture": "#1" },
				"east": { "uv": [ 7.125, 14.625, 7, 15 ], "texture": "#1" }
			}
		},
		{
			"__comment": "Voxels",
			"from": [ 10.6667, 6.1333, 2.9333 ],
			"to": [ 10.93337, 6.399967, 3.199967 ],
			"faces": {
				"down": { "uv": [ 3.5, 11.625, 3.625, 11.75 ], "texture": "#1" },
				"up": { "uv": [ 3.5, 11.625, 3.625, 11.5 ], "texture": "#1" },
				"north": { "uv": [ 3.625, 11.375, 3.5, 11.5 ], "texture": "#1" },
				"south": { "uv": [ 3.5, 11.25, 3.625, 11.375 ], "texture": "#1" },
				"west": { "uv": [ 3.5, 11.125, 3.625, 11.25 ], "texture": "#1" },
				"east": { "uv": [ 3.625, 11, 3.5, 11.125 ], "texture": "#1" }
			}
		},
		{
			"__comment": "Voxels",
			"from": [ 10.6667, 6.4, 2.4 ],
			"to": [ 11.73337, 6.933332, 2.666667 ],
			"faces": {
				"down": { "uv": [ 3.625, 9.75, 4.125, 9.875 ], "texture": "#1" },
				"up": { "uv": [ 3.625, 10, 4.125, 9.875 ], "texture": "#1" },
				"north": { "uv": [ 3.5, 10.125, 3, 10.375 ], "texture": "#1" },
				"south": { "uv": [ 2.5, 10.125, 3, 10.375 ], "texture": "#1" },
				"west": { "uv": [ 7.25, 11.625, 7.375, 11.875 ], "texture": "#1" },
				"east": { "uv": [ 7.5, 11.625, 7.375, 11.875 ], "texture": "#1" }
			}
		},
		{
			"__comment": "Voxels",
			"from": [ 10.6667, 6.9333, 3.2 ],
			"to": [ 10.93337, 7.7333, 3.466666 ],
			"faces": {
				"down": { "uv": [ 3.5, 8.875, 3.625, 9 ], "texture": "#1" },
				"up": { "uv": [ 3.5, 8.875, 3.625, 8.75 ], "texture": "#1" },
				"north": { "uv": [ 6.75, 9.5, 6.625, 9.875 ], "texture": "#1" },
				"south": { "uv": [ 6.5, 9.5, 6.625, 9.875 ], "texture": "#1" },
				"west": { "uv": [ 6.375, 11.125, 6.5, 11.5 ], "texture": "#1" },
				"east": { "uv": [ 6.875, 11.5, 6.75, 11.875 ], "texture": "#1" }
			}
		},
		{
			"__comment": "Voxels",
			"from": [ 10.6667, 7.2, 2.4 ],
			"to": [ 12.2667, 7.466667, 2.666667 ],
			"faces": {
				"down": { "uv": [ 4.125, 12.25, 4.875, 12.375 ], "texture": "#1" },
				"up": { "uv": [ 4.125, 12, 4.875, 11.875 ], "texture": "#1" },
				"north": { "uv": [ 4.875, 11.75, 4.125, 11.875 ], "texture": "#1" },
				"south": { "uv": [ 4.125, 11.625, 4.875, 11.75 ], "texture": "#1" },
				"west": { "uv": [ 5, 15.375, 5.125, 15.5 ], "texture": "#1" },
				"east": { "uv": [ 5.125, 15.25, 5, 15.375 ], "texture": "#1" }
			}
		},
		{
			"__comment": "Voxels",
			"from": [ 10.6667, 7.7333, 2.6667 ],
			"to": [ 12.80003, 8.266632, 2.933367 ],
			"faces": {
				"down": { "uv": [ 4.125, 15.75, 5.125, 15.875 ], "texture": "#1" },
				"up": { "uv": [ 2.5, 11.625, 3.5, 11.5 ], "texture": "#1" },
				"north": { "uv": [ 1.875, 13.5, 0.875, 13.75 ], "texture": "#1" },
				"south": { "uv": [ 0.875, 15.25, 1.875, 15.5 ], "texture": "#1" },
				"west": { "uv": [ 7.5, 11.625, 7.625, 11.875 ], "texture": "#1" },
				"east": { "uv": [ 7.375, 11.375, 7.25, 11.625 ], "texture": "#1" }
			}
		},
		{
			"__comment": "Voxels",
			"from": [ 10.6667, 7.7333, 2.9333 ],
			"to": [ 12.00003, 8.266632, 3.199967 ],
			"faces": {
				"down": { "uv": [ 5.125, 12.25, 5.75, 12.375 ], "texture": "#1" },
				"up": { "uv": [ 5.125, 15.25, 5.75, 15.125 ], "texture": "#1" },
				"north": { "uv": [ 1.5, 9.625, 0.875, 9.875 ], "texture": "#1" },
				"south": { "uv": [ 1.875, 14.75, 2.5, 15 ], "texture": "#1" },
				"west": { "uv": [ 7.375, 11.375, 7.5, 11.625 ], "texture": "#1" },
				"east": { "uv": [ 7.625, 11.375, 7.5, 11.625 ], "texture": "#1" }
			}
		},
		{
			"__comment": "Voxels",
			"from": [ 10.9333, 5.3333, 2.6667 ],
			"to": [ 11.19997, 5.599967, 2.933367 ],
			"faces": {
				"down": { "uv": [ 5, 13.625, 5.125, 13.75 ], "texture": "#1" },
				"up": { "uv": [ 5, 13.625, 5.125, 13.5 ], "texture": "#1" },
				"north": { "uv": [ 5.125, 13.375, 5, 13.5 ], "texture": "#1" },
				"south": { "uv": [ 5, 13.25, 5.125, 13.375 ], "texture": "#1" },
				"west": { "uv": [ 5, 13.125, 5.125, 13.25 ], "texture": "#1" },
				"east": { "uv": [ 5.125, 13, 5, 13.125 ], "texture": "#1" }
			}
		},
		{
			"__comment": "Voxels",
			"from": [ 10.9333, 6.9333, 2.4 ],
			"to": [ 11.99997, 7.199967, 2.666667 ],
			"faces": {
				"down": { "uv": [ 5.75, 10.375, 6.25, 10.5 ], "texture": "#1" },
				"up": { "uv": [ 5.75, 10.625, 6.25, 10.5 ], "texture": "#1" },
				"north": { "uv": [ 6.375, 13.125, 5.875, 13.25 ], "texture": "#1" },
				"south": { "uv": [ 5.875, 13.25, 6.375, 13.375 ], "texture": "#1" },
				"west": { "uv": [ 4.875, 8.75, 5, 8.875 ], "texture": "#1" },
				"east": { "uv": [ 5.125, 8.75, 5, 8.875 ], "texture": "#1" }
			}
		},
		{
			"__comment": "Voxels",
			"from": [ 10.9333, 7.2, 3.2 ],
			"to": [ 11.19997, 8.266666, 3.466666 ],
			"faces": {
				"down": { "uv": [ 4.875, 8.625, 5, 8.75 ], "texture": "#1" },
				"up": { "uv": [ 5, 8.75, 5.125, 8.625 ], "texture": "#1" },
				"north": { "uv": [ 6.25, 11.5, 6.125, 12 ], "texture": "#1" },
				"south": { "uv": [ 6, 11.5, 6.125, 12 ], "texture": "#1" },
				"west": { "uv": [ 5.875, 11.5, 6, 12 ], "texture": "#1" },
				"east": { "uv": [ 5.875, 11.5, 5.75, 12 ], "texture": "#1" }
			}
		},
		{
			"__comment": "Voxels",
			"from": [ 10.9333, 7.4667, 2.4 ],
			"to": [ 12.26663, 7.733366, 2.666667 ],
			"faces": {
				"down": { "uv": [ 5.125, 12.375, 5.75, 12.5 ], "texture": "#1" },
				"up": { "uv": [ 5.125, 11.25, 5.75, 11.125 ], "texture": "#1" },
				"north": { "uv": [ 5.75, 13.875, 5.125, 14 ], "texture": "#1" },
				"south": { "uv": [ 5.125, 8.375, 5.75, 8.5 ], "texture": "#1" },
				"west": { "uv": [ 6.25, 14.375, 6.375, 14.5 ], "texture": "#1" },
				"east": { "uv": [ 6.375, 14.25, 6.25, 14.375 ], "texture": "#1" }
			}
		},
		{
			"__comment": "Voxels",
			"from": [ 10.9333, 8.2667, 2.6667 ],
			"to": [ 13.06663, 8.800034, 2.933367 ],
			"faces": {
				"down": { "uv": [ 2.5, 11.625, 3.5, 11.75 ], "texture": "#1" },
				"up": { "uv": [ 2.5, 11.875, 3.5, 11.75 ], "texture": "#1" },
				"north": { "uv": [ 1.875, 14, 0.875, 14.25 ], "texture": "#1" },
				"south": { "uv": [ 0.875, 14.25, 1.875, 14.5 ], "texture": "#1" },
				"west": { "uv": [ 7.25, 11.125, 7.375, 11.375 ], "texture": "#1" },
				"east": { "uv": [ 7.5, 11.125, 7.375, 11.375 ], "texture": "#1" }
			}
		},
		{
			"__comment": "Voxels",
			"from": [ 10.9333, 8.2667, 2.9333 ],
			"to": [ 12.26663, 8.800034, 3.199967 ],
			"faces": {
				"down": { "uv": [ 5.125, 14.875, 5.75, 15 ], "texture": "#1" },
				"up": { "uv": [ 5.125, 14.875, 5.75, 14.75 ], "texture": "#1" },
				"north": { "uv": [ 1.5, 8.625, 0.875, 8.875 ], "texture": "#1" },
				"south": { "uv": [ 0.875, 9.125, 1.5, 9.375 ], "texture": "#1" },
				"west": { "uv": [ 7.5, 11.125, 7.625, 11.375 ], "texture": "#1" },
				"east": { "uv": [ 7.375, 10.875, 7.25, 11.125 ], "texture": "#1" }
			}
		},
		{
			"__comment": "Voxels",
			"from": [ 11.2, 6.1333, 2.4 ],
			"to": [ 11.46667, 6.399967, 2.666667 ],
			"faces": {
				"down": { "uv": [ 6.25, 10.125, 6.375, 10.25 ], "texture": "#1" },
				"up": { "uv": [ 6.25, 10.125, 6.375, 10 ], "texture": "#1" },
				"north": { "uv": [ 6.375, 9.875, 6.25, 10 ], "texture": "#1" },
				"south": { "uv": [ 6.25, 9.75, 6.375, 9.875 ], "texture": "#1" },
				"west": { "uv": [ 6.25, 9.625, 6.375, 9.75 ], "texture": "#1" },
				"east": { "uv": [ 6.375, 9.5, 6.25, 9.625 ], "texture": "#1" }
			}
		},
		{
			"__comment": "Voxels",
			"from": [ 11.2, 7.2, 2.9333 ],
			"to": [ 11.46667, 7.733333, 3.199967 ],
			"faces": {
				"down": { "uv": [ 6.25, 9.375, 6.375, 9.5 ], "texture": "#1" },
				"up": { "uv": [ 6.25, 9.375, 6.375, 9.25 ], "texture": "#1" },
				"north": { "uv": [ 7.5, 10.875, 7.375, 11.125 ], "texture": "#1" },
				"south": { "uv": [ 7.5, 10.875, 7.625, 11.125 ], "texture": "#1" },
				"west": { "uv": [ 7.25, 10.625, 7.375, 10.875 ], "texture": "#1" },
				"east": { "uv": [ 7.5, 10.625, 7.375, 10.875 ], "texture": "#1" }
			}
		},
		{
			"__comment": "Voxels",
			"from": [ 11.2, 7.4667, 3.2 ],
			"to": [ 11.46667, 8.800032, 3.466666 ],
			"faces": {
				"down": { "uv": [ 6.25, 8.625, 6.375, 8.75 ], "texture": "#1" },
				"up": { "uv": [ 8, 12, 8.125, 11.875 ], "texture": "#1" },
				"north": { "uv": [ 4, 12.75, 3.875, 13.375 ], "texture": "#1" },
				"south": { "uv": [ 4, 12.125, 4.125, 12.75 ], "texture": "#1" },
				"west": { "uv": [ 4, 11.5, 4.125, 12.125 ], "texture": "#1" },
				"east": { "uv": [ 3.875, 13.375, 3.75, 14 ], "texture": "#1" }
			}
		},
		{
			"__comment": "Voxels",
			"from": [ 11.2, 7.7333, 2.4 ],
			"to": [ 12.8, 8.266632, 2.666667 ],
			"faces": {
				"down": { "uv": [ 4.125, 8.25, 4.875, 8.375 ], "texture": "#1" },
				"up": { "uv": [ 4.125, 8.5, 4.875, 8.375 ], "texture": "#1" },
				"north": { "uv": [ 0.75, 9.25, 0, 9.5 ], "texture": "#1" },
				"south": { "uv": [ 0, 9, 0.75, 9.25 ], "texture": "#1" },
				"west": { "uv": [ 7.25, 10.375, 7.375, 10.625 ], "texture": "#1" },
				"east": { "uv": [ 7.5, 10.375, 7.375, 10.625 ], "texture": "#1" }
			}
		},
		{
			"__comment": "Voxels",
			"from": [ 11.2, 8.8, 2.6667 ],
			"to": [ 13.33333, 9.333334, 2.933367 ],
			"faces": {
				"down": { "uv": [ 2.5, 8.75, 3.5, 8.875 ], "texture": "#1" },
				"up": { "uv": [ 2.5, 9.375, 3.5, 9.25 ], "texture": "#1" },
				"north": { "uv": [ 1.875, 14.75, 0.875, 15 ], "texture": "#1" },
				"south": { "uv": [ 0.875, 14.5, 1.875, 14.75 ], "texture": "#1" },
				"west": { "uv": [ 7.5, 10.375, 7.625, 10.625 ], "texture": "#1" },
				"east": { "uv": [ 7.375, 10.125, 7.25, 10.375 ], "texture": "#1" }
			}
		},
		{
			"__comment": "Voxels",
			"from": [ 11.2, 8.8, 2.9333 ],
			"to": [ 12.53333, 9.333334, 3.199967 ],
			"faces": {
				"down": { "uv": [ 5.125, 10, 5.75, 10.125 ], "texture": "#1" },
				"up": { "uv": [ 5.125, 10.25, 5.75, 10.125 ], "texture": "#1" },
				"north": { "uv": [ 2.5, 14, 1.875, 14.25 ], "texture": "#1" },
				"south": { "uv": [ 1.875, 14.5, 2.5, 14.75 ], "texture": "#1" },
				"west": { "uv": [ 7.375, 10.125, 7.5, 10.375 ], "texture": "#1" },
				"east": { "uv": [ 7.625, 10.125, 7.5, 10.375 ], "texture": "#1" }
			}
		},
		{
			"__comment": "Voxels",
			"from": [ 11.4667, 6.1333, 2.6667 ],
			"to": [ 11.73337, 6.399967, 2.933367 ],
			"faces": {
				"down": { "uv": [ 6.375, 8, 6.5, 8.125 ], "texture": "#1" },
				"up": { "uv": [ 6.875, 8.125, 7, 8 ], "texture": "#1" },
				"north": { "uv": [ 7.125, 8, 7, 8.125 ], "texture": "#1" },
				"south": { "uv": [ 7.125, 8, 7.25, 8.125 ], "texture": "#1" },
				"west": { "uv": [ 7.5, 15.25, 7.625, 15.375 ], "texture": "#1" },
				"east": { "uv": [ 7.375, 8, 7.25, 8.125 ], "texture": "#1" }
			}
		},
		{
			"__comment": "Voxels",
			"from": [ 11.4667, 7.4667, 2.9333 ],
			"to": [ 11.73337, 7.733366, 3.199967 ],
			"faces": {
				"down": { "uv": [ 7.375, 8, 7.5, 8.125 ], "texture": "#1" },
				"up": { "uv": [ 7.5, 8.125, 7.625, 8 ], "texture": "#1" },
				"north": { "uv": [ 8, 11.125, 7.875, 11.25 ], "texture": "#1" },
				"south": { "uv": [ 7.875, 11, 8, 11.125 ], "texture": "#1" },
				"west": { "uv": [ 7.875, 10.875, 8, 11 ], "texture": "#1" },
				"east": { "uv": [ 8, 10.75, 7.875, 10.875 ], "texture": "#1" }
			}
		},
		{
			"__comment": "Voxels",
			"from": [ 11.4667, 7.7333, 3.2 ],
			"to": [ 11.73337, 9.066633, 3.466666 ],
			"faces": {
				"down": { "uv": [ 7.875, 10.625, 8, 10.75 ], "texture": "#1" },
				"up": { "uv": [ 7.875, 10.625, 8, 10.5 ], "texture": "#1" },
				"north": { "uv": [ 3.875, 12.75, 3.75, 13.375 ], "texture": "#1" },
				"south": { "uv": [ 3.625, 12.75, 3.75, 13.375 ], "texture": "#1" },
				"west": { "uv": [ 4, 13.375, 4.125, 14 ], "texture": "#1" },
				"east": { "uv": [ 4, 13.375, 3.875, 14 ], "texture": "#1" }
			}
		},
		{
			"__comment": "Voxels",
			"from": [ 11.4667, 8.2667, 2.4 ],
			"to": [ 13.0667, 8.800034, 2.666667 ],
			"faces": {
				"down": { "uv": [ 4.125, 9.5, 4.875, 9.625 ], "texture": "#1" },
				"up": { "uv": [ 4.125, 10, 4.875, 9.875 ], "texture": "#1" },
				"north": { "uv": [ 0.75, 8.25, 0, 8.5 ], "texture": "#1" },
				"south": { "uv": [ 0.875, 12.125, 1.625, 12.375 ], "texture": "#1" },
				"west": { "uv": [ 7.25, 9.875, 7.375, 10.125 ], "texture": "#1" },
				"east": { "uv": [ 7.5, 9.875, 7.375, 10.125 ], "texture": "#1" }
			}
		},
		{
			"__comment": "Voxels",
			"from": [ 11.4667, 9.3333, 2.6667 ],
			"to": [ 13.60003, 9.866633, 2.933367 ],
			"faces": {
				"down": { "uv": [ 2.5, 11, 3.5, 11.125 ], "texture": "#1" },
				"up": { "uv": [ 2.5, 11.25, 3.5, 11.125 ], "texture": "#1" },
				"north": { "uv": [ 1.875, 13.75, 0.875, 14 ], "texture": "#1" },
				"south": { "uv": [ 0.875, 15.5, 1.875, 15.75 ], "texture": "#1" },
				"west": { "uv": [ 7.5, 9.875, 7.625, 10.125 ], "texture": "#1" },
				"east": { "uv": [ 7.375, 9.625, 7.25, 9.875 ], "texture": "#1" }
			}
		},
		{
			"__comment": "Voxels",
			"from": [ 11.4667, 9.3333, 2.9333 ],
			"to": [ 13.0667, 9.866633, 3.199967 ],
			"faces": {
				"down": { "uv": [ 4.125, 10.5, 4.875, 10.625 ], "texture": "#1" },
				"up": { "uv": [ 4.125, 10.75, 4.875, 10.625 ], "texture": "#1" },
				"north": { "uv": [ 1.625, 11.125, 0.875, 11.375 ], "texture": "#1" },
				"south": { "uv": [ 0.875, 11.375, 1.625, 11.625 ], "texture": "#1" },
				"west": { "uv": [ 7.375, 9.625, 7.5, 9.875 ], "texture": "#1" },
				"east": { "uv": [ 7.625, 9.625, 7.5, 9.875 ], "texture": "#1" }
			}
		},
		{
			"__comment": "Voxels",
			"from": [ 11.7333, 8.2667, 3.2 ],
			"to": [ 11.99997, 9.333366, 3.466666 ],
			"faces": {
				"down": { "uv": [ 8.25, 15.875, 8.375, 16 ], "texture": "#1" },
				"up": { "uv": [ 8.375, 16, 8.5, 15.875 ], "texture": "#1" },
				"north": { "uv": [ 6, 14.75, 5.875, 15.25 ], "texture": "#1" },
				"south": { "uv": [ 5.75, 14.75, 5.875, 15.25 ], "texture": "#1" },
				"west": { "uv": [ 4, 8.5, 4.125, 9 ], "texture": "#1" },
				"east": { "uv": [ 4, 8.5, 3.875, 9 ], "texture": "#1" }
			}
		},
		{
			"__comment": "Voxels",
			"from": [ 11.7333, 8.8, 2.4 ],
			"to": [ 13.06663, 9.333334, 2.666667 ],
			"faces": {
				"down": { "uv": [ 5.125, 14.125, 5.75, 14.25 ], "texture": "#1" },
				"up": { "uv": [ 5.125, 14.125, 5.75, 14 ], "texture": "#1" },
				"north": { "uv": [ 1.5, 8.375, 0.875, 8.625 ], "texture": "#1" },
				"south": { "uv": [ 0.875, 9.875, 1.5, 10.125 ], "texture": "#1" },
				"west": { "uv": [ 7.25, 9.375, 7.375, 9.625 ], "texture": "#1" },
				"east": { "uv": [ 7.5, 9.375, 7.375, 9.625 ], "texture": "#1" }
			}
		},
		{
			"__comment": "Voxels",
			"from": [ 11.7333, 9.8667, 2.6667 ],
			"to": [ 13.59997, 10.40003, 2.933367 ],
			"faces": {
				"down": { "uv": [ 4.125, 13, 5, 13.125 ], "texture": "#1" },
				"up": { "uv": [ 4.125, 15.375, 5, 15.25 ], "texture": "#1" },
				"north": { "uv": [ 0.875, 11.25, 0, 11.5 ], "texture": "#1" },
				"south": { "uv": [ 0, 12, 0.875, 12.25 ], "texture": "#1" },
				"west": { "uv": [ 7.5, 9.375, 7.625, 9.625 ], "texture": "#1" },
				"east": { "uv": [ 7.375, 9.125, 7.25, 9.375 ], "texture": "#1" }
			}
		},
		{
			"__comment": "Voxels",
			"from": [ 11.7333, 9.8667, 2.9333 ],
			"to": [ 13.06663, 10.40003, 3.199967 ],
			"faces": {
				"down": { "uv": [ 5.125, 12.125, 5.75, 12.25 ], "texture": "#1" },
				"up": { "uv": [ 5.125, 11.625, 5.75, 11.5 ], "texture": "#1" },
				"north": { "uv": [ 2.5, 15.25, 1.875, 15.5 ], "texture": "#1" },
				"south": { "uv": [ 1.875, 15, 2.5, 15.25 ], "texture": "#1" },
				"west": { "uv": [ 7.375, 9.125, 7.5, 9.375 ], "texture": "#1" },
				"east": { "uv": [ 7.625, 9.125, 7.5, 9.375 ], "texture": "#1" }
			}
		},
		{
			"__comment": "Voxels",
			"from": [ 12, 8.533299, 3.2 ],
			"to": [ 12.26667, 9.866632, 3.466666 ],
			"faces": {
				"down": { "uv": [ 11.25, 15.875, 11.375, 16 ], "texture": "#1" },
				"up": { "uv": [ 11.375, 16, 11.5, 15.875 ], "texture": "#1" },
				"north": { "uv": [ 3.75, 11.5, 3.625, 12.125 ], "texture": "#1" },
				"south": { "uv": [ 3.625, 13.375, 3.75, 14 ], "texture": "#1" },
				"west": { "uv": [ 3.75, 11.5, 3.875, 12.125 ], "texture": "#1" },
				"east": { "uv": [ 4, 11.5, 3.875, 12.125 ], "texture": "#1" }
			}
		},
		{
			"__comment": "Voxels",
			"from": [ 12, 9.3333, 2.4 ],
			"to": [ 13.33333, 9.599966, 2.666667 ],
			"faces": {
				"down": { "uv": [ 5.125, 8.875, 5.75, 9 ], "texture": "#1" },
				"up": { "uv": [ 5.125, 8.875, 5.75, 8.75 ], "texture": "#1" },
				"north": { "uv": [ 5.75, 8, 5.125, 8.125 ], "texture": "#1" },
				"south": { "uv": [ 5.75, 15.875, 6.375, 16 ], "texture": "#1" },
				"west": { "uv": [ 12.5, 15.875, 12.625, 16 ], "texture": "#1" },
				"east": { "uv": [ 12.75, 15.875, 12.625, 16 ], "texture": "#1" }
			}
		},
		{
			"__comment": "Voxels",
			"from": [ 12, 10.4, 2.6667 ],
			"to": [ 13.86667, 10.93333, 2.933367 ],
			"faces": {
				"down": { "uv": [ 4.125, 14.25, 5, 14.375 ], "texture": "#1" },
				"up": { "uv": [ 4.125, 14.25, 5, 14.125 ], "texture": "#1" },
				"north": { "uv": [ 0.875, 11, 0, 11.25 ], "texture": "#1" },
				"south": { "uv": [ 0, 11.75, 0.875, 12 ], "texture": "#1" },
				"west": { "uv": [ 7.5, 8.875, 7.625, 9.125 ], "texture": "#1" },
				"east": { "uv": [ 7.375, 8.625, 7.25, 8.875 ], "texture": "#1" }
			}
		},
		{
			"__comment": "Voxels",
			"from": [ 12, 10.4, 2.9333 ],
			"to": [ 13.33333, 10.93333, 3.199967 ],
			"faces": {
				"down": { "uv": [ 5.125, 11, 5.75, 11.125 ], "texture": "#1" },
				"up": { "uv": [ 5.125, 11, 5.75, 10.875 ], "texture": "#1" },
				"north": { "uv": [ 1.5, 8.125, 0.875, 8.375 ], "texture": "#1" },
				"south": { "uv": [ 0.875, 8.875, 1.5, 9.125 ], "texture": "#1" },
				"west": { "uv": [ 7.375, 8.625, 7.5, 8.875 ], "texture": "#1" },
				"east": { "uv": [ 7.625, 8.625, 7.5, 8.875 ], "texture": "#1" }
			}
		},
		{
			"__comment": "Voxels",
			"from": [ 12.2667, 7.2, 2.6667 ],
			"to": [ 12.53337, 7.733333, 2.933367 ],
			"faces": {
				"down": { "uv": [ 14.25, 15.875, 14.375, 16 ], "texture": "#1" },
				"up": { "uv": [ 14.375, 16, 14.5, 15.875 ], "texture": "#1" },
				"north": { "uv": [ 7.375, 8.375, 7.25, 8.625 ], "texture": "#1" },
				"south": { "uv": [ 7.375, 8.375, 7.5, 8.625 ], "texture": "#1" },
				"west": { "uv": [ 7.5, 8.375, 7.625, 8.625 ], "texture": "#1" },
				"east": { "uv": [ 7.375, 8.125, 7.25, 8.375 ], "texture": "#1" }
			}
		},
		{
			"__comment": "Voxels",
			"from": [ 12.2667, 8.533299, 2.9333 ],
			"to": [ 12.53337, 8.799966, 3.199967 ],
			"faces": {
				"down": { "uv": [ 15, 15.875, 15.125, 16 ], "texture": "#1" },
				"up": { "uv": [ 15.125, 16, 15.25, 15.875 ], "texture": "#1" },
				"north": { "uv": [ 15.375, 15.875, 15.25, 16 ], "texture": "#1" },
				"south": { "uv": [ 15.375, 15.875, 15.5, 16 ], "texture": "#1" },
				"west": { "uv": [ 15.5, 15.875, 15.625, 16 ], "texture": "#1" },
				"east": { "uv": [ 15.75, 15.875, 15.625, 16 ], "texture": "#1" }
			}
		},
		{
			"__comment": "Voxels",
			"from": [ 12.2667, 9.0667, 3.2 ],
			"to": [ 12.53337, 10.40003, 3.466666 ],
			"faces": {
				"down": { "uv": [ 15.75, 15.875, 15.875, 16 ], "texture": "#1" },
				"up": { "uv": [ 15.875, 16, 16, 15.875 ], "texture": "#1" },
				"north": { "uv": [ 4.125, 12.75, 4, 13.375 ], "texture": "#1" },
				"south": { "uv": [ 3.625, 12.125, 3.75, 12.75 ], "texture": "#1" },
				"west": { "uv": [ 3.75, 12.125, 3.875, 12.75 ], "texture": "#1" },
				"east": { "uv": [ 4, 12.125, 3.875, 12.75 ], "texture": "#1" }
			}
		},
		{
			"__comment": "Voxels",
			"from": [ 12.2667, 9.599999, 2.4 ],
			"to": [ 13.60003, 10.66667, 2.666667 ],
			"faces": {
				"down": { "uv": [ 5.125, 10.5, 5.75, 10.625 ], "texture": "#1" },
				"up": { "uv": [ 5.125, 10.5, 5.75, 10.375 ], "texture": "#1" },
				"north": { "uv": [ 0.625, 13, 0, 13.5 ], "texture": "#1" },
				"south": { "uv": [ 0, 13.5, 0.625, 14 ], "texture": "#1" },
				"west": { "uv": [ 6.25, 11.5, 6.375, 12 ], "texture": "#1" },
				"east": { "uv": [ 4.125, 11, 4, 11.5 ], "texture": "#1" }
			}
		},
		{
			"__comment": "Voxels",
			"from": [ 12.2667, 10.9333, 2.6667 ],
			"to": [ 13.8667, 11.46663, 2.933367 ],
			"faces": {
				"down": { "uv": [ 4.125, 9.75, 4.875, 9.875 ], "texture": "#1" },
				"up": { "uv": [ 4.125, 9.75, 4.875, 9.625 ], "texture": "#1" },
				"north": { "uv": [ 0.75, 8.75, 0, 9 ], "texture": "#1" },
				"south": { "uv": [ 0, 8.5, 0.75, 8.75 ], "texture": "#1" },
				"west": { "uv": [ 7.625, 13.25, 7.75, 13.5 ], "texture": "#1" },
				"east": { "uv": [ 7.75, 13, 7.625, 13.25 ], "texture": "#1" }
			}
		},
		{
			"__comment": "Voxels",
			"from": [ 12.2667, 10.9333, 2.9333 ],
			"to": [ 13.33337, 11.19997, 3.199967 ],
			"faces": {
				"down": { "uv": [ 5.875, 13, 6.375, 13.125 ], "texture": "#1" },
				"up": { "uv": [ 5.75, 11.5, 6.25, 11.375 ], "texture": "#1" },
				"north": { "uv": [ 6.25, 11.25, 5.75, 11.375 ], "texture": "#1" },
				"south": { "uv": [ 5.75, 11.125, 6.25, 11.25 ], "texture": "#1" },
				"west": { "uv": [ 8, 13.25, 8.125, 13.375 ], "texture": "#1" },
				"east": { "uv": [ 8.125, 13.125, 8, 13.25 ], "texture": "#1" }
			}
		},
		{
			"__comment": "Voxels",
			"from": [ 12.5333, 7.4667, 2.6667 ],
			"to": [ 12.79997, 7.733366, 2.933367 ],
			"faces": {
				"down": { "uv": [ 8, 13, 8.125, 13.125 ], "texture": "#1" },
				"up": { "uv": [ 8, 13, 8.125, 12.875 ], "texture": "#1" },
				"north": { "uv": [ 8.125, 12.75, 8, 12.875 ], "texture": "#1" },
				"south": { "uv": [ 8, 12.625, 8.125, 12.75 ], "texture": "#1" },
				"west": { "uv": [ 8, 12.5, 8.125, 12.625 ], "texture": "#1" },
				"east": { "uv": [ 8.125, 12.375, 8, 12.5 ], "texture": "#1" }
			}
		},
		{
			"__comment": "Voxels",
			"from": [ 12.5333, 9.0667, 2.9333 ],
			"to": [ 12.79997, 9.333366, 3.199967 ],
			"faces": {
				"down": { "uv": [ 8, 12.25, 8.125, 12.375 ], "texture": "#1" },
				"up": { "uv": [ 8, 12.25, 8.125, 12.125 ], "texture": "#1" },
				"north": { "uv": [ 8.125, 12, 8, 12.125 ], "texture": "#1" },
				"south": { "uv": [ 8.125, 8.5, 8.25, 8.625 ], "texture": "#1" },
				"west": { "uv": [ 8, 11.75, 8.125, 11.875 ], "texture": "#1" },
				"east": { "uv": [ 8.125, 11.625, 8, 11.75 ], "texture": "#1" }
			}
		},
		{
			"__comment": "Voxels",
			"from": [ 12.5333, 9.8667, 3.2 ],
			"to": [ 12.79997, 10.93337, 3.466666 ],
			"faces": {
				"down": { "uv": [ 8, 11.5, 8.125, 11.625 ], "texture": "#1" },
				"up": { "uv": [ 8, 11.5, 8.125, 11.375 ], "texture": "#1" },
				"north": { "uv": [ 5.875, 10.625, 5.75, 11.125 ], "texture": "#1" },
				"south": { "uv": [ 5.875, 10.625, 6, 11.125 ], "texture": "#1" },
				"west": { "uv": [ 6, 10.625, 6.125, 11.125 ], "texture": "#1" },
				"east": { "uv": [ 6.25, 10.625, 6.125, 11.125 ], "texture": "#1" }
			}
		},
		{
			"__comment": "Voxels",
			"from": [ 12.5333, 10.6667, 2.4 ],
			"to": [ 13.86663, 10.93337, 2.666667 ],
			"faces": {
				"down": { "uv": [ 5.125, 9.75, 5.75, 9.875 ], "texture": "#1" },
				"up": { "uv": [ 5.125, 9.75, 5.75, 9.625 ], "texture": "#1" },
				"north": { "uv": [ 5.75, 9.5, 5.125, 9.625 ], "texture": "#1" },
				"south": { "uv": [ 5.125, 9.375, 5.75, 9.5 ], "texture": "#1" },
				"west": { "uv": [ 8, 10.25, 8.125, 10.375 ], "texture": "#1" },
				"east": { "uv": [ 8.125, 10.125, 8, 10.25 ], "texture": "#1" }
			}
		},
		{
			"__comment": "Voxels",
			"from": [ 12.5333, 11.2, 2.9333 ],
			"to": [ 13.59997, 11.46667, 3.199967 ],
			"faces": {
				"down": { "uv": [ 5.75, 10, 6.25, 10.125 ], "texture": "#1" },
				"up": { "uv": [ 5.75, 10, 6.25, 9.875 ], "texture": "#1" },
				"north": { "uv": [ 6.25, 9.75, 5.75, 9.875 ], "texture": "#1" },
				"south": { "uv": [ 5.75, 9.625, 6.25, 9.75 ], "texture": "#1" },
				"west": { "uv": [ 8, 9.5, 8.125, 9.625 ], "texture": "#1" },
				"east": { "uv": [ 8.125, 9.375, 8, 9.5 ], "texture": "#1" }
			}
		},
		{
			"__comment": "Voxels",
			"from": [ 12.5333, 11.4667, 2.6667 ],
			"to": [ 13.86663, 12.00003, 2.933367 ],
			"faces": {
				"down": { "uv": [ 5.125, 9.25, 5.75, 9.375 ], "texture": "#1" },
				"up": { "uv": [ 5.125, 9.25, 5.75, 9.125 ], "texture": "#1" },
				"north": { "uv": [ 1.5, 10.625, 0.875, 10.875 ], "texture": "#1" },
				"south": { "uv": [ 0.875, 9.375, 1.5, 9.625 ], "texture": "#1" },
				"west": { "uv": [ 7.625, 8.75, 7.75, 9 ], "texture": "#1" },
				"east": { "uv": [ 7.75, 8.5, 7.625, 8.75 ], "texture": "#1" }
			}
		},
		{
			"__comment": "Voxels",
			"from": [ 12.8, 8, 2.6667 ],
			"to": [ 13.06667, 8.266666, 2.933367 ],
			"faces": {
				"down": { "uv": [ 8, 8.5, 8.125, 8.625 ], "texture": "#1" },
				"up": { "uv": [ 8, 8.5, 8.125, 8.375 ], "texture": "#1" },
				"north": { "uv": [ 8.125, 8.25, 8, 8.375 ], "texture": "#1" },
				"south": { "uv": [ 8, 8.125, 8.125, 8.25 ], "texture": "#1" },
				"west": { "uv": [ 8, 8, 8.125, 8.125 ], "texture": "#1" },
				"east": { "uv": [ 8.25, 15.75, 8.125, 15.875 ], "texture": "#1" }
			}
		},
		{
			"__comment": "Voxels",
			"from": [ 12.8, 10.6667, 3.2 ],
			"to": [ 13.06667, 11.4667, 3.466666 ],
			"faces": {
				"down": { "uv": [ 8.25, 15.75, 8.375, 15.875 ], "texture": "#1" },
				"up": { "uv": [ 8.375, 15.875, 8.5, 15.75 ], "texture": "#1" },
				"north": { "uv": [ 7.125, 13.25, 7, 13.625 ], "texture": "#1" },
				"south": { "uv": [ 7.125, 13.25, 7.25, 13.625 ], "texture": "#1" },
				"west": { "uv": [ 6.875, 12.75, 7, 13.125 ], "texture": "#1" },
				"east": { "uv": [ 7.125, 12.75, 7, 13.125 ], "texture": "#1" }
			}
		},
		{
			"__comment": "Voxels",
			"from": [ 12.8, 10.9333, 2.4 ],
			"to": [ 13.86667, 11.46663, 2.666667 ],
			"faces": {
				"down": { "uv": [ 5.75, 9, 6.25, 9.125 ], "texture": "#1" },
				"up": { "uv": [ 5.75, 9, 6.25, 8.875 ], "texture": "#1" },
				"north": { "uv": [ 3.5, 9.375, 3, 9.625 ], "texture": "#1" },
				"south": { "uv": [ 3.625, 15.75, 4.125, 16 ], "texture": "#1" },
				"west": { "uv": [ 7.75, 14.75, 7.875, 15 ], "texture": "#1" },
				"east": { "uv": [ 7.875, 14.5, 7.75, 14.75 ], "texture": "#1" }
			}
		},
		{
			"__comment": "Voxels",
			"from": [ 12.8, 11.4667, 2.9333 ],
			"to": [ 13.6, 12.00003, 3.199967 ],
			"faces": {
				"down": { "uv": [ 6.875, 12.125, 7.25, 12.25 ], "texture": "#1" },
				"up": { "uv": [ 6.875, 12.125, 7.25, 12 ], "texture": "#1" },
				"north": { "uv": [ 1.875, 8.625, 1.5, 8.875 ], "texture": "#1" },
				"south": { "uv": [ 1.5, 8.375, 1.875, 8.625 ], "texture": "#1" },
				"west": { "uv": [ 7.75, 13.75, 7.875, 14 ], "texture": "#1" },
				"east": { "uv": [ 7.875, 13.5, 7.75, 13.75 ], "texture": "#1" }
			}
		},
		{
			"__comment": "Voxels",
			"from": [ 12.8, 12, 2.6667 ],
			"to": [ 13.86667, 12.53333, 2.933367 ],
			"faces": {
				"down": { "uv": [ 5.875, 8.5, 6.375, 8.625 ], "texture": "#1" },
				"up": { "uv": [ 5.875, 8.5, 6.375, 8.375 ], "texture": "#1" },
				"north": { "uv": [ 4.125, 15.5, 3.625, 15.75 ], "texture": "#1" },
				"south": { "uv": [ 3.625, 15.25, 4.125, 15.5 ], "texture": "#1" },
				"west": { "uv": [ 7.75, 12.75, 7.875, 13 ], "texture": "#1" },
				"east": { "uv": [ 7.875, 12.5, 7.75, 12.75 ], "texture": "#1" }
			}
		},
		{
			"__comment": "Voxels",
			"from": [ 13.0667, 8.533299, 2.6667 ],
			"to": [ 13.33337, 8.799966, 2.933367 ],
			"faces": {
				"down": { "uv": [ 11.25, 15.75, 11.375, 15.875 ], "texture": "#1" },
				"up": { "uv": [ 11.375, 15.875, 11.5, 15.75 ], "texture": "#1" },
				"north": { "uv": [ 11.625, 15.75, 11.5, 15.875 ], "texture": "#1" },
				"south": { "uv": [ 11.625, 15.75, 11.75, 15.875 ], "texture": "#1" },
				"west": { "uv": [ 11.75, 15.75, 11.875, 15.875 ], "texture": "#1" },
				"east": { "uv": [ 12, 15.75, 11.875, 15.875 ], "texture": "#1" }
			}
		},
		{
			"__comment": "Voxels",
			"from": [ 13.0667, 9.0667, 2.4 ],
			"to": [ 13.33337, 9.333366, 2.666667 ],
			"faces": {
				"down": { "uv": [ 12, 15.75, 12.125, 15.875 ], "texture": "#1" },
				"up": { "uv": [ 12.125, 15.875, 12.25, 15.75 ], "texture": "#1" },
				"north": { "uv": [ 12.375, 15.75, 12.25, 15.875 ], "texture": "#1" },
				"south": { "uv": [ 12.375, 15.75, 12.5, 15.875 ], "texture": "#1" },
				"west": { "uv": [ 12.5, 15.75, 12.625, 15.875 ], "texture": "#1" },
				"east": { "uv": [ 12.75, 15.75, 12.625, 15.875 ], "texture": "#1" }
			}
		},
		{
			"__comment": "Voxels",
			"from": [ 13.0667, 11.4667, 2.4 ],
			"to": [ 13.8667, 12.2667, 2.666667 ],
			"faces": {
				"down": { "uv": [ 6.875, 11.125, 7.25, 11.25 ], "texture": "#1" },
				"up": { "uv": [ 6.875, 11.125, 7.25, 11 ], "texture": "#1" },
				"north": { "uv": [ 2.25, 11.375, 1.875, 11.75 ], "texture": "#1" },
				"south": { "uv": [ 1.875, 11, 2.25, 11.375 ], "texture": "#1" },
				"west": { "uv": [ 7.125, 12.75, 7.25, 13.125 ], "texture": "#1" },
				"east": { "uv": [ 7, 10.375, 6.875, 10.75 ], "texture": "#1" }
			}
		},
		{
			"__comment": "Voxels",
			"from": [ 13.0667, 11.4667, 3.2 ],
			"to": [ 13.33337, 12.00003, 3.466666 ],
			"faces": {
				"down": { "uv": [ 13.5, 15.75, 13.625, 15.875 ], "texture": "#1" },
				"up": { "uv": [ 13.625, 15.875, 13.75, 15.75 ], "texture": "#1" },
				"north": { "uv": [ 7.875, 11.25, 7.75, 11.5 ], "texture": "#1" },
				"south": { "uv": [ 7.75, 11, 7.875, 11.25 ], "texture": "#1" },
				"west": { "uv": [ 7.75, 10.75, 7.875, 11 ], "texture": "#1" },
				"east": { "uv": [ 7.875, 10.5, 7.75, 10.75 ], "texture": "#1" }
			}
		},
		{
			"__comment": "Voxels",
			"from": [ 13.0667, 12, 2.9333 ],
			"to": [ 13.8667, 12.53333, 3.199967 ],
			"faces": {
				"down": { "uv": [ 6.875, 10.25, 7.25, 10.375 ], "texture": "#1" },
				"up": { "uv": [ 6.875, 10.25, 7.25, 10.125 ], "texture": "#1" },
				"north": { "uv": [ 4, 14.5, 3.625, 14.75 ], "texture": "#1" },
				"south": { "uv": [ 3.625, 14.25, 4, 14.5 ], "texture": "#1" },
				"west": { "uv": [ 7.75, 9.25, 7.875, 9.5 ], "texture": "#1" },
				"east": { "uv": [ 7.875, 9, 7.75, 9.25 ], "texture": "#1" }
			}
		},
		{
			"__comment": "Voxels",
			"from": [ 13.0667, 12.5333, 2.6667 ],
			"to": [ 14.13337, 13.06663, 2.933367 ],
			"faces": {
				"down": { "uv": [ 6.375, 15.875, 6.875, 16 ], "texture": "#1" },
				"up": { "uv": [ 6.375, 15.875, 6.875, 15.75 ], "texture": "#1" },
				"north": { "uv": [ 4.125, 15, 3.625, 15.25 ], "texture": "#1" },
				"south": { "uv": [ 3.625, 14.75, 4.125, 15 ], "texture": "#1" },
				"west": { "uv": [ 7.875, 15.75, 8, 16 ], "texture": "#1" },
				"east": { "uv": [ 8, 15.5, 7.875, 15.75 ], "texture": "#1" }
			}
		},
		{
			"__comment": "Voxels",
			"from": [ 13.3333, 9.0667, 2.6667 ],
			"to": [ 13.59997, 9.333366, 2.933367 ],
			"faces": {
				"down": { "uv": [ 15.75, 15.75, 15.875, 15.875 ], "texture": "#1" },
				"up": { "uv": [ 15.875, 15.875, 16, 15.75 ], "texture": "#1" },
				"north": { "uv": [ 8.25, 15.625, 8.125, 15.75 ], "texture": "#1" },
				"south": { "uv": [ 8.125, 15.5, 8.25, 15.625 ], "texture": "#1" },
				"west": { "uv": [ 8.125, 15.375, 8.25, 15.5 ], "texture": "#1" },
				"east": { "uv": [ 8.25, 15.25, 8.125, 15.375 ], "texture": "#1" }
			}
		},
		{
			"__comment": "Voxels",
			"from": [ 13.3333, 12.5333, 2.9333 ],
			"to": [ 13.86663, 13.06663, 3.199967 ],
			"faces": {
				"down": { "uv": [ 4.875, 10.625, 5.125, 10.75 ], "texture": "#1" },
				"up": { "uv": [ 4.875, 10.625, 5.125, 10.5 ], "texture": "#1" },
				"north": { "uv": [ 2.5, 9.625, 2.25, 9.875 ], "texture": "#1" },
				"south": { "uv": [ 2.25, 9.25, 2.5, 9.5 ], "texture": "#1" },
				"west": { "uv": [ 7.875, 14.75, 8, 15 ], "texture": "#1" },
				"east": { "uv": [ 8, 14.5, 7.875, 14.75 ], "texture": "#1" }
			}
		},
		{
			"__comment": "Voxels",
			"from": [ 13.3333, 13.0667, 2.6667 ],
			"to": [ 14.1333, 13.8667, 2.933367 ],
			"faces": {
				"down": { "uv": [ 6.875, 9.25, 7.25, 9.375 ], "texture": "#1" },
				"up": { "uv": [ 6.875, 9.25, 7.25, 9.125 ], "texture": "#1" },
				"north": { "uv": [ 2.25, 10.625, 1.875, 11 ], "texture": "#1" },
				"south": { "uv": [ 1.875, 9.5, 2.25, 9.875 ], "texture": "#1" },
				"west": { "uv": [ 7, 8.75, 7.125, 9.125 ], "texture": "#1" },
				"east": { "uv": [ 7.25, 8.75, 7.125, 9.125 ], "texture": "#1" }
			}
		},
		{
			"__comment": "Voxels",
			"from": [ 13.6, 10.1333, 2.6667 ],
			"to": [ 13.86667, 10.39997, 2.933367 ],
			"faces": {
				"down": { "uv": [ 8.125, 13.625, 8.25, 13.75 ], "texture": "#1" },
				"up": { "uv": [ 8.125, 13.625, 8.25, 13.5 ], "texture": "#1" },
				"north": { "uv": [ 8.25, 13.375, 8.125, 13.5 ], "texture": "#1" },
				"south": { "uv": [ 8.125, 13.25, 8.25, 13.375 ], "texture": "#1" },
				"west": { "uv": [ 8.125, 13.125, 8.25, 13.25 ], "texture": "#1" },
				"east": { "uv": [ 8.25, 13, 8.125, 13.125 ], "texture": "#1" }
			}
		},
		{
			"__comment": "Voxels",
			"from": [ 13.6, 11.7333, 2.9333 ],
			"to": [ 13.86667, 11.99997, 3.199967 ],
			"faces": {
				"down": { "uv": [ 8.125, 12.875, 8.25, 13 ], "texture": "#1" },
				"up": { "uv": [ 8.125, 12.875, 8.25, 12.75 ], "texture": "#1" },
				"north": { "uv": [ 8.25, 12.625, 8.125, 12.75 ], "texture": "#1" },
				"south": { "uv": [ 8.125, 12.5, 8.25, 12.625 ], "texture": "#1" },
				"west": { "uv": [ 8.125, 12.375, 8.25, 12.5 ], "texture": "#1" },
				"east": { "uv": [ 8.25, 12.25, 8.125, 12.375 ], "texture": "#1" }
			}
		},
		{
			"__comment": "Voxels",
			"from": [ 13.6, 12.2667, 2.4 ],
			"to": [ 13.86667, 13.33337, 2.666667 ],
			"faces": {
				"down": { "uv": [ 8.125, 12.125, 8.25, 12.25 ], "texture": "#1" },
				"up": { "uv": [ 8.125, 12.125, 8.25, 12 ], "texture": "#1" },
				"north": { "uv": [ 6.5, 14.875, 6.375, 15.375 ], "texture": "#1" },
				"south": { "uv": [ 6.5, 14.875, 6.625, 15.375 ], "texture": "#1" },
				"west": { "uv": [ 6.625, 14.875, 6.75, 15.375 ], "texture": "#1" },
				"east": { "uv": [ 6.875, 14.875, 6.75, 15.375 ], "texture": "#1" }
			}
		},
		{
			"__comment": "Voxels",
			"from": [ 13.6, 13.0667, 2.9333 ],
			"to": [ 14.13333, 13.8667, 3.199967 ],
			"faces": {
				"down": { "uv": [ 4.875, 9.875, 5.125, 10 ], "texture": "#1" },
				"up": { "uv": [ 4.875, 9.875, 5.125, 9.75 ], "texture": "#1" },
				"north": { "uv": [ 2.5, 13.625, 2.25, 14 ], "texture": "#1" },
				"south": { "uv": [ 2.25, 13.25, 2.5, 13.625 ], "texture": "#1" },
				"west": { "uv": [ 7.125, 8.125, 7.25, 8.5 ], "texture": "#1" },
				"east": { "uv": [ 7.375, 15.25, 7.25, 15.625 ], "texture": "#1" }
			}
		},
		{
			"__comment": "Voxels",
			"from": [ 13.6, 13.8667, 2.6667 ],
			"to": [ 14.13333, 14.40003, 2.933367 ],
			"faces": {
				"down": { "uv": [ 4.875, 9.125, 5.125, 9.25 ], "texture": "#1" },
				"up": { "uv": [ 4.875, 9.125, 5.125, 9 ], "texture": "#1" },
				"north": { "uv": [ 2.5, 8.875, 2.25, 9.125 ], "texture": "#1" },
				"south": { "uv": [ 2.25, 12.25, 2.5, 12.5 ], "texture": "#1" },
				"west": { "uv": [ 7.875, 12.25, 8, 12.5 ], "texture": "#1" },
				"east": { "uv": [ 8, 12, 7.875, 12.25 ], "texture": "#1" }
			}
		},
		{
			"__comment": "Voxels",
			"from": [ 13.6, 14.4, 2.6667 ],
			"to": [ 13.86667, 14.66667, 2.933367 ],
			"faces": {
				"down": { "uv": [ 8.125, 9.875, 8.25, 10 ], "texture": "#1" },
				"up": { "uv": [ 8.125, 9.875, 8.25, 9.75 ], "texture": "#1" },
				"north": { "uv": [ 8.25, 9.625, 8.125, 9.75 ], "texture": "#1" },
				"south": { "uv": [ 8.125, 9.5, 8.25, 9.625 ], "texture": "#1" },
				"west": { "uv": [ 8.125, 9.375, 8.25, 9.5 ], "texture": "#1" },
				"east": { "uv": [ 8.25, 9.25, 8.125, 9.375 ], "texture": "#1" }
			}
		},
		{
			"__comment": "Voxels",
			"from": [ 13.8667, 13.8667, 2.9333 ],
			"to": [ 14.13337, 14.40003, 3.199967 ],
			"faces": {
				"down": { "uv": [ 8.125, 9.125, 8.25, 9.25 ], "texture": "#1" },
				"up": { "uv": [ 8.125, 9.125, 8.25, 9 ], "texture": "#1" },
				"north": { "uv": [ 8, 11.75, 7.875, 12 ], "texture": "#1" },
				"south": { "uv": [ 7.875, 11.5, 8, 11.75 ], "texture": "#1" },
				"west": { "uv": [ 7.875, 11.25, 8, 11.5 ], "texture": "#1" },
				"east": { "uv": [ 7.625, 10.625, 7.5, 10.875 ], "texture": "#1" }
			}
		}
	],
	"display": {
		"thirdperson_righthand": {
			"translation":  [ 0, 2.0869, 4.8695 ]
		},
		"thirdperson_lefthand": {
			"translation":  [ 0, 2.0869, 4.8695 ]
		},
		"head": {
			"rotation":  [ 0, 180, 0 ],
			"translation":  [ 0.6956, 11.13, -11.12 ],
			"scale":  [ 2, 2, 2 ]
		},
		"ground": {
			"translation":  [ 0, 1.3913, 5.5652 ]
		}
	}
}