{
	"credit": "Made with Blockbench",
	"textures": {
		"0": "item/etc/santa",
		"particle": "item/etc/santa"
	},
	"gui_light": "front",
	"elements": [
		{
			"from": [9.68266, 10.57442, 3],
			"to": [10.68266, 11.97442, 4],
			"rotation": {"angle": 0, "axis": "y", "origin": [10.18266, 12.07442, 3.5]},
			"faces": {
				"north": {"uv": [0, 0, 1.4, 1], "rotation": 270, "texture": "#0"},
				"east": {"uv": [0, 0, 1.4, 1], "rotation": 270, "texture": "#0"},
				"south": {"uv": [0, 0, 1.4, 1], "rotation": 270, "texture": "#0"},
				"west": {"uv": [0, 0, 1.4, 1], "rotation": 270, "texture": "#0"},
				"up": {"uv": [0, 0, 1.4, 1], "rotation": 270, "texture": "#0"},
				"down": {"uv": [0, 0, 1.4, 1], "rotation": 270, "texture": "#0"}
			}
		},
		{
			"from": [6.7, 8, 3],
			"to": [8, 9, 4],
			"rotation": {"angle": 0, "axis": "y", "origin": [13, 16, 11]},
			"faces": {
				"north": {"uv": [0, 0, 1.3, 1], "texture": "#0"},
				"east": {"uv": [0, 0, 1.3, 1], "texture": "#0"},
				"south": {"uv": [0, 0, 1.3, 1], "texture": "#0"},
				"west": {"uv": [0, 0, 1.3, 1], "texture": "#0"},
				"up": {"uv": [0, 0, 1.3, 1], "texture": "#0"},
				"down": {"uv": [0, 0, 1.3, 1], "texture": "#0"}
			}
		},
		{
			"from": [7.69448, 8.53596, 3],
			"to": [8.99448, 9.53596, 4],
			"rotation": {"angle": 22.5, "axis": "z", "origin": [9.19448, 9.03596, 3.5]},
			"faces": {
				"north": {"uv": [0, 0, 1.3, 1], "texture": "#0"},
				"east": {"uv": [0, 0, 1.3, 1], "texture": "#0"},
				"south": {"uv": [0, 0, 1.3, 1], "texture": "#0"},
				"west": {"uv": [0, 0, 1.3, 1], "texture": "#0"},
				"up": {"uv": [0, 0, 1.3, 1], "texture": "#0"},
				"down": {"uv": [0, 0, 1.3, 1], "texture": "#0"}
			}
		},
		{
			"from": [9.87379, 9.63531, 3],
			"to": [10.87379, 10.73531, 4],
			"rotation": {"angle": -22.5, "axis": "z", "origin": [10.37379, 11.13531, 3.5]},
			"faces": {
				"north": {"uv": [0, 0, 1.1, 1], "rotation": 270, "texture": "#0"},
				"east": {"uv": [0, 0, 1.1, 1], "rotation": 270, "texture": "#0"},
				"south": {"uv": [0, 0, 1.1, 1], "rotation": 270, "texture": "#0"},
				"west": {"uv": [0, 0, 1.1, 1], "rotation": 270, "texture": "#0"},
				"up": {"uv": [0, 0, 1.1, 1], "rotation": 270, "texture": "#0"},
				"down": {"uv": [0, 0, 1.1, 1], "rotation": 270, "texture": "#0"}
			}
		},
		{
			"from": [8.40815, 9.4117, 3],
			"to": [9.90815, 10.4117, 4],
			"rotation": {"angle": 45, "axis": "z", "origin": [9.90815, 9.9117, 3.5]},
			"faces": {
				"north": {"uv": [0, 0, 1.5, 1], "texture": "#0"},
				"east": {"uv": [0, 0, 1.5, 1], "texture": "#0"},
				"south": {"uv": [0, 0, 1.5, 1], "texture": "#0"},
				"west": {"uv": [0, 0, 1.5, 1], "texture": "#0"},
				"up": {"uv": [0, 0, 1.5, 1], "texture": "#0"},
				"down": {"uv": [0, 0, 1.5, 1], "texture": "#0"}
			}
		},
		{
			"from": [9.68266, 10.57442, 7],
			"to": [10.68266, 11.97442, 8],
			"rotation": {"angle": 0, "axis": "y", "origin": [10.18266, 12.07442, 7.5]},
			"faces": {
				"north": {"uv": [0, 0, 1.4, 1], "rotation": 270, "texture": "#0"},
				"east": {"uv": [0, 0, 1.4, 1], "rotation": 270, "texture": "#0"},
				"south": {"uv": [0, 0, 1.4, 1], "rotation": 270, "texture": "#0"},
				"west": {"uv": [0, 0, 1.4, 1], "rotation": 270, "texture": "#0"},
				"up": {"uv": [0, 0, 1.4, 1], "rotation": 270, "texture": "#0"},
				"down": {"uv": [0, 0, 1.4, 1], "rotation": 270, "texture": "#0"}
			}
		},
		{
			"from": [9.68266, 11.17442, 3.8],
			"to": [10.68266, 11.97442, 7.2],
			"rotation": {"angle": 0, "axis": "y", "origin": [10.18266, 12.07442, 6.5]},
			"faces": {
				"north": {"uv": [0, 0, 0.8, 1], "rotation": 270, "texture": "#0"},
				"east": {"uv": [0, 0, 0.8, 1], "rotation": 270, "texture": "#0"},
				"south": {"uv": [0, 0, 0.8, 1], "rotation": 270, "texture": "#0"},
				"west": {"uv": [0, 0, 0.8, 1], "rotation": 270, "texture": "#0"},
				"up": {"uv": [0, 0, 0.8, 1], "rotation": 270, "texture": "#0"},
				"down": {"uv": [0, 0, 0.8, 1], "rotation": 270, "texture": "#0"}
			}
		},
		{
			"from": [9.87379, 9.63531, 7],
			"to": [10.87379, 10.73531, 8],
			"rotation": {"angle": -22.5, "axis": "z", "origin": [10.37379, 11.13531, 7.5]},
			"faces": {
				"north": {"uv": [0, 0, 1.1, 1], "rotation": 270, "texture": "#0"},
				"east": {"uv": [0, 0, 1.1, 1], "rotation": 270, "texture": "#0"},
				"south": {"uv": [0, 0, 1.1, 1], "rotation": 270, "texture": "#0"},
				"west": {"uv": [0, 0, 1.1, 1], "rotation": 270, "texture": "#0"},
				"up": {"uv": [0, 0, 1.1, 1], "rotation": 270, "texture": "#0"},
				"down": {"uv": [0, 0, 1.1, 1], "rotation": 270, "texture": "#0"}
			}
		},
		{
			"from": [8.40815, 9.4117, 7],
			"to": [9.90815, 10.4117, 8],
			"rotation": {"angle": 45, "axis": "z", "origin": [9.90815, 9.9117, 7.5]},
			"faces": {
				"north": {"uv": [0, 0, 1.5, 1], "texture": "#0"},
				"east": {"uv": [0, 0, 1.5, 1], "texture": "#0"},
				"south": {"uv": [0, 0, 1.5, 1], "texture": "#0"},
				"west": {"uv": [0, 0, 1.5, 1], "texture": "#0"},
				"up": {"uv": [0, 0, 1.5, 1], "texture": "#0"},
				"down": {"uv": [0, 0, 1.5, 1], "texture": "#0"}
			}
		},
		{
			"from": [7.69448, 8.53596, 7],
			"to": [8.99448, 9.53596, 8],
			"rotation": {"angle": 22.5, "axis": "z", "origin": [9.19448, 9.03596, 7.5]},
			"faces": {
				"north": {"uv": [0, 0, 1.3, 1], "texture": "#0"},
				"east": {"uv": [0, 0, 1.3, 1], "texture": "#0"},
				"south": {"uv": [0, 0, 1.3, 1], "texture": "#0"},
				"west": {"uv": [0, 0, 1.3, 1], "texture": "#0"},
				"up": {"uv": [0, 0, 1.3, 1], "texture": "#0"},
				"down": {"uv": [0, 0, 1.3, 1], "texture": "#0"}
			}
		},
		{
			"from": [6.7, 8, 7],
			"to": [8, 9, 8],
			"rotation": {"angle": 0, "axis": "y", "origin": [13, 16, 15]},
			"faces": {
				"north": {"uv": [0, 0, 1.3, 1], "texture": "#0"},
				"east": {"uv": [0, 0, 1.3, 1], "texture": "#0"},
				"south": {"uv": [0, 0, 1.3, 1], "texture": "#0"},
				"west": {"uv": [0, 0, 1.3, 1], "texture": "#0"},
				"up": {"uv": [0, 0, 1.3, 1], "texture": "#0"},
				"down": {"uv": [0, 0, 1.3, 1], "texture": "#0"}
			}
		},
		{
			"from": [6.7, 8, 3],
			"to": [7.7, 9, 8],
			"rotation": {"angle": 0, "axis": "y", "origin": [13, 16, 11]},
			"faces": {
				"north": {"uv": [0, 0, 1, 1], "texture": "#0"},
				"east": {"uv": [0, 0, 1, 1], "texture": "#0"},
				"south": {"uv": [0, 0, 1, 1], "texture": "#0"},
				"west": {"uv": [0, 0, 1, 1], "texture": "#0"},
				"up": {"uv": [0, 0, 1, 1], "texture": "#0"},
				"down": {"uv": [0, 0, 1, 1], "texture": "#0"}
			}
		},
		{
			"from": [7.7, 9.5, 3.3],
			"to": [9.8, 11.8, 3.8],
			"rotation": {"angle": 0, "axis": "y", "origin": [15.7, 17, 11]},
			"faces": {
				"north": {"uv": [13, 14, 14, 15], "texture": "#0"},
				"east": {"uv": [13, 14, 14, 15], "texture": "#0"},
				"south": {"uv": [13, 14, 14, 15], "texture": "#0"},
				"west": {"uv": [13, 14, 14, 15], "texture": "#0"},
				"up": {"uv": [13, 14, 14, 15], "texture": "#0"},
				"down": {"uv": [13, 14, 14, 15], "texture": "#0"}
			}
		},
		{
			"from": [7, 9, 3.3],
			"to": [9, 11.8, 3.8],
			"rotation": {"angle": 0, "axis": "y", "origin": [14.7, 17, 11]},
			"faces": {
				"north": {"uv": [13, 14, 14, 15], "texture": "#0"},
				"east": {"uv": [13, 14, 14, 15], "texture": "#0"},
				"south": {"uv": [13, 14, 14, 15], "texture": "#0"},
				"west": {"uv": [13, 14, 14, 15], "texture": "#0"},
				"up": {"uv": [13, 14, 14, 15], "texture": "#0"},
				"down": {"uv": [13, 14, 14, 15], "texture": "#0"}
			}
		},
		{
			"from": [7.7, 9.5, 7.2],
			"to": [9.8, 11.8, 7.7],
			"rotation": {"angle": 0, "axis": "y", "origin": [15.7, 17, 15]},
			"faces": {
				"north": {"uv": [13, 14, 14, 15], "texture": "#0"},
				"east": {"uv": [13, 14, 14, 15], "texture": "#0"},
				"south": {"uv": [13, 14, 14, 15], "texture": "#0"},
				"west": {"uv": [13, 14, 14, 15], "texture": "#0"},
				"up": {"uv": [13, 14, 14, 15], "texture": "#0"},
				"down": {"uv": [13, 14, 14, 15], "texture": "#0"}
			}
		},
		{
			"from": [7, 9, 7.2],
			"to": [9, 11.8, 7.7],
			"rotation": {"angle": 0, "axis": "y", "origin": [14.7, 17, 15]},
			"faces": {
				"north": {"uv": [13, 14, 14, 15], "texture": "#0"},
				"east": {"uv": [13, 14, 14, 15], "texture": "#0"},
				"south": {"uv": [13, 14, 14, 15], "texture": "#0"},
				"west": {"uv": [13, 14, 14, 15], "texture": "#0"},
				"up": {"uv": [13, 14, 14, 15], "texture": "#0"},
				"down": {"uv": [13, 14, 14, 15], "texture": "#0"}
			}
		},
		{
			"from": [7, 9, 3.8],
			"to": [7.5, 11.8, 7.2],
			"rotation": {"angle": 0, "axis": "y", "origin": [14.7, 17, 12]},
			"faces": {
				"north": {"uv": [13, 14, 14, 15], "texture": "#0"},
				"east": {"uv": [13, 14, 14, 15], "texture": "#0"},
				"south": {"uv": [13, 14, 14, 15], "texture": "#0"},
				"west": {"uv": [13, 14, 14, 15], "texture": "#0"},
				"up": {"uv": [13, 14, 14, 15], "texture": "#0"},
				"down": {"uv": [13, 14, 14, 15], "texture": "#0"}
			}
		},
		{
			"from": [7.4, 11.4, 3.8],
			"to": [9.7, 11.8, 7.2],
			"rotation": {"angle": 0, "axis": "y", "origin": [15.7, 17, 14]},
			"faces": {
				"north": {"uv": [13, 14, 14, 15], "texture": "#0"},
				"east": {"uv": [13, 14, 14, 15], "texture": "#0"},
				"south": {"uv": [13, 14, 14, 15], "texture": "#0"},
				"west": {"uv": [13, 14, 14, 15], "texture": "#0"},
				"up": {"uv": [13, 14, 14, 15], "texture": "#0"},
				"down": {"uv": [13, 14, 14, 15], "texture": "#0"}
			}
		},
		{
			"from": [3.0996, 13.09925, 3.1],
			"to": [4.9996, 13.59925, 3.6],
			"rotation": {"angle": 0, "axis": "y", "origin": [3.6996, 13.29925, 3.35]},
			"faces": {
				"north": {"uv": [10, 14, 11, 15], "rotation": 270, "texture": "#0"},
				"east": {"uv": [10, 14, 11, 15], "rotation": 90, "texture": "#0"},
				"south": {"uv": [10, 14, 11, 15], "rotation": 90, "texture": "#0"},
				"west": {"uv": [10, 14, 11, 15], "rotation": 90, "texture": "#0"},
				"up": {"uv": [10, 14, 11, 15], "rotation": 90, "texture": "#0"},
				"down": {"uv": [10, 14, 11, 15], "rotation": 90, "texture": "#0"}
			}
		},
		{
			"from": [4.70591, 12.22278, 3.1],
			"to": [8.35591, 12.72278, 3.6],
			"rotation": {"angle": -22.5, "axis": "z", "origin": [7.05591, 12.42278, 3.35]},
			"faces": {
				"north": {"uv": [11, 15, 12, 16], "rotation": 270, "texture": "#0"},
				"east": {"uv": [11, 15, 12, 16], "rotation": 90, "texture": "#0"},
				"south": {"uv": [11, 15, 12, 16], "rotation": 90, "texture": "#0"},
				"west": {"uv": [11, 15, 12, 16], "rotation": 90, "texture": "#0"},
				"up": {"uv": [11, 15, 12, 16], "rotation": 90, "texture": "#0"},
				"down": {"uv": [11, 15, 12, 16], "rotation": 90, "texture": "#0"}
			}
		},
		{
			"from": [4.2996, 12.19925, 3.1],
			"to": [6.1996, 12.59925, 3.6],
			"rotation": {"angle": 22.5, "axis": "z", "origin": [4.8996, 12.49925, 3.35]},
			"faces": {
				"north": {"uv": [11, 15, 12, 16], "rotation": 270, "texture": "#0"},
				"east": {"uv": [11, 15, 12, 16], "rotation": 90, "texture": "#0"},
				"south": {"uv": [11, 15, 12, 16], "rotation": 90, "texture": "#0"},
				"west": {"uv": [11, 15, 12, 16], "rotation": 90, "texture": "#0"},
				"up": {"uv": [11, 15, 12, 16], "rotation": 90, "texture": "#0"},
				"down": {"uv": [11, 15, 12, 16], "rotation": 90, "texture": "#0"}
			}
		},
		{
			"from": [8.30487, 10.98622, 3.1],
			"to": [8.90487, 12.28622, 3.6],
			"rotation": {"angle": 22.5, "axis": "z", "origin": [8.8599, 10.95684, 3.35]},
			"faces": {
				"north": {"uv": [11, 15, 12, 16], "rotation": 180, "texture": "#0"},
				"east": {"uv": [11, 15, 12, 16], "rotation": 180, "texture": "#0"},
				"south": {"uv": [11, 15, 12, 16], "rotation": 180, "texture": "#0"},
				"west": {"uv": [11, 14.7, 12, 15.7], "rotation": 180, "texture": "#0"},
				"up": {"uv": [11, 15, 12, 16], "rotation": 180, "texture": "#0"},
				"down": {"uv": [11, 15, 12, 16], "rotation": 180, "texture": "#0"}
			}
		},
		{
			"from": [5.3996, 11.69925, 3.1],
			"to": [7.2996, 12.09925, 3.6],
			"rotation": {"angle": 22.5, "axis": "z", "origin": [5.9996, 11.99925, 3.35]},
			"faces": {
				"north": {"uv": [11, 15, 12, 16], "rotation": 270, "texture": "#0"},
				"east": {"uv": [11, 15, 12, 16], "rotation": 90, "texture": "#0"},
				"south": {"uv": [11, 15, 12, 16], "rotation": 90, "texture": "#0"},
				"west": {"uv": [11, 15, 12, 16], "rotation": 90, "texture": "#0"},
				"up": {"uv": [11, 15, 12, 16], "rotation": 90, "texture": "#0"},
				"down": {"uv": [11, 15, 12, 16], "rotation": 90, "texture": "#0"}
			}
		},
		{
			"from": [8.29979, 9.48473, 3.1],
			"to": [8.89979, 11.18473, 3.6],
			"rotation": {"angle": 45, "axis": "z", "origin": [8.81655, 11.02173, 3.35]},
			"faces": {
				"north": {"uv": [11, 15, 12, 16], "rotation": 180, "texture": "#0"},
				"east": {"uv": [11, 15, 12, 16], "rotation": 180, "texture": "#0"},
				"south": {"uv": [11, 15, 12, 16], "rotation": 180, "texture": "#0"},
				"west": {"uv": [11, 14.3, 12, 15.3], "rotation": 180, "texture": "#0"},
				"up": {"uv": [11, 15, 12, 16], "rotation": 180, "texture": "#0"},
				"down": {"uv": [11, 15, 12, 16], "rotation": 180, "texture": "#0"}
			}
		},
		{
			"from": [7.3996, 12.09925, 3.1],
			"to": [7.7996, 12.99925, 3.6],
			"rotation": {"angle": 22.5, "axis": "z", "origin": [7.4996, 12.69925, 3.35]},
			"faces": {
				"north": {"uv": [11, 15, 12, 16], "texture": "#0"},
				"east": {"uv": [11, 15, 12, 16], "texture": "#0"},
				"south": {"uv": [11, 15, 12, 16], "texture": "#0"},
				"west": {"uv": [11, 15, 12, 16], "texture": "#0"},
				"up": {"uv": [11, 15, 12, 16], "texture": "#0"},
				"down": {"uv": [11, 15, 12, 16], "texture": "#0"}
			}
		},
		{
			"from": [3.0996, 13.09925, 7.4],
			"to": [4.9996, 13.59925, 7.9],
			"rotation": {"angle": 0, "axis": "y", "origin": [3.6996, 13.29925, 7.65]},
			"faces": {
				"north": {"uv": [11, 15, 12, 16], "rotation": 270, "texture": "#0"},
				"east": {"uv": [11, 15, 12, 16], "rotation": 90, "texture": "#0"},
				"south": {"uv": [11, 15, 12, 16], "rotation": 90, "texture": "#0"},
				"west": {"uv": [11, 15, 12, 16], "rotation": 90, "texture": "#0"},
				"up": {"uv": [11, 15, 12, 16], "rotation": 90, "texture": "#0"},
				"down": {"uv": [11, 15, 12, 16], "rotation": 90, "texture": "#0"}
			}
		},
		{
			"from": [4.70591, 12.22278, 7.4],
			"to": [8.35591, 12.72278, 7.9],
			"rotation": {"angle": -22.5, "axis": "z", "origin": [7.05591, 12.42278, 7.65]},
			"faces": {
				"north": {"uv": [11, 15, 12, 16], "rotation": 270, "texture": "#0"},
				"east": {"uv": [11, 15, 12, 16], "rotation": 90, "texture": "#0"},
				"south": {"uv": [11, 15, 12, 16], "rotation": 90, "texture": "#0"},
				"west": {"uv": [11, 15, 12, 16], "rotation": 90, "texture": "#0"},
				"up": {"uv": [11, 15, 12, 16], "rotation": 90, "texture": "#0"},
				"down": {"uv": [11, 15, 12, 16], "rotation": 90, "texture": "#0"}
			}
		},
		{
			"from": [4.2996, 12.19925, 7.4],
			"to": [6.1996, 12.59925, 7.9],
			"rotation": {"angle": 22.5, "axis": "z", "origin": [4.8996, 12.49925, 7.65]},
			"faces": {
				"north": {"uv": [11, 15, 12, 16], "rotation": 270, "texture": "#0"},
				"east": {"uv": [11, 15, 12, 16], "rotation": 90, "texture": "#0"},
				"south": {"uv": [11, 15, 12, 16], "rotation": 90, "texture": "#0"},
				"west": {"uv": [11, 15, 12, 16], "rotation": 90, "texture": "#0"},
				"up": {"uv": [11, 15, 12, 16], "rotation": 90, "texture": "#0"},
				"down": {"uv": [11, 15, 12, 16], "rotation": 90, "texture": "#0"}
			}
		},
		{
			"from": [8.30487, 10.98622, 7.4],
			"to": [8.90487, 12.28622, 7.9],
			"rotation": {"angle": 22.5, "axis": "z", "origin": [8.8599, 10.95684, 7.65]},
			"faces": {
				"north": {"uv": [11, 15, 12, 16], "rotation": 180, "texture": "#0"},
				"east": {"uv": [11, 15, 12, 16], "rotation": 180, "texture": "#0"},
				"south": {"uv": [11, 15, 12, 16], "rotation": 180, "texture": "#0"},
				"west": {"uv": [11, 14.7, 12, 15.7], "rotation": 180, "texture": "#0"},
				"up": {"uv": [11, 15, 12, 16], "rotation": 180, "texture": "#0"},
				"down": {"uv": [11, 15, 12, 16], "rotation": 180, "texture": "#0"}
			}
		},
		{
			"from": [5.3996, 11.69925, 7.4],
			"to": [7.2996, 12.09925, 7.9],
			"rotation": {"angle": 22.5, "axis": "z", "origin": [5.9996, 11.99925, 7.65]},
			"faces": {
				"north": {"uv": [11, 15, 12, 16], "rotation": 270, "texture": "#0"},
				"east": {"uv": [11, 15, 12, 16], "rotation": 90, "texture": "#0"},
				"south": {"uv": [11, 15, 12, 16], "rotation": 90, "texture": "#0"},
				"west": {"uv": [11, 15, 12, 16], "rotation": 90, "texture": "#0"},
				"up": {"uv": [11, 15, 12, 16], "rotation": 90, "texture": "#0"},
				"down": {"uv": [11, 15, 12, 16], "rotation": 90, "texture": "#0"}
			}
		},
		{
			"from": [8.29979, 9.48473, 7.4],
			"to": [8.89979, 11.18473, 7.9],
			"rotation": {"angle": 45, "axis": "z", "origin": [8.81655, 11.02173, 7.65]},
			"faces": {
				"north": {"uv": [11, 15, 12, 16], "rotation": 180, "texture": "#0"},
				"east": {"uv": [11, 15, 12, 16], "rotation": 180, "texture": "#0"},
				"south": {"uv": [11, 15, 12, 16], "rotation": 180, "texture": "#0"},
				"west": {"uv": [11, 14.3, 12, 15.3], "rotation": 180, "texture": "#0"},
				"up": {"uv": [11, 15, 12, 16], "rotation": 180, "texture": "#0"},
				"down": {"uv": [11, 15, 12, 16], "rotation": 180, "texture": "#0"}
			}
		},
		{
			"from": [7.3996, 12.09925, 7.4],
			"to": [7.7996, 12.99925, 7.9],
			"rotation": {"angle": 22.5, "axis": "z", "origin": [7.4996, 12.69925, 7.65]},
			"faces": {
				"north": {"uv": [11, 15, 12, 16], "texture": "#0"},
				"east": {"uv": [11, 15, 12, 16], "texture": "#0"},
				"south": {"uv": [11, 15, 12, 16], "texture": "#0"},
				"west": {"uv": [11, 15, 12, 16], "texture": "#0"},
				"up": {"uv": [11, 15, 12, 16], "texture": "#0"},
				"down": {"uv": [11, 15, 12, 16], "texture": "#0"}
			}
		},
		{
			"from": [6.42266, 10.60618, 3.3],
			"to": [7.12266, 11.00618, 7.7],
			"rotation": {"angle": 0, "axis": "y", "origin": [6.72266, 10.90618, 5.5]},
			"faces": {
				"north": {"uv": [13, 14, 14, 15], "rotation": 90, "texture": "#0"},
				"east": {"uv": [13, 14, 14, 15], "rotation": 270, "texture": "#0"},
				"south": {"uv": [13, 14, 14, 15], "rotation": 270, "texture": "#0"},
				"west": {"uv": [13, 14, 14, 15], "rotation": 270, "texture": "#0"},
				"up": {"uv": [13, 14, 14, 15], "rotation": 270, "texture": "#0"},
				"down": {"uv": [13, 14, 14, 15], "rotation": 270, "texture": "#0"}
			}
		},
		{
			"from": [6.72929, 11.14645, 3.3],
			"to": [7.22929, 11.74645, 7.7],
			"rotation": {"angle": -45, "axis": "z", "origin": [6.92929, 11.44645, 5.5]},
			"faces": {
				"north": {"uv": [13, 14, 14, 15], "rotation": 90, "texture": "#0"},
				"east": {"uv": [13, 14, 14, 15], "rotation": 270, "texture": "#0"},
				"south": {"uv": [13, 14, 14, 15], "rotation": 270, "texture": "#0"},
				"west": {"uv": [13, 14, 14, 15], "rotation": 270, "texture": "#0"},
				"up": {"uv": [13, 14, 14, 15], "rotation": 270, "texture": "#0"},
				"down": {"uv": [13, 14, 14, 15], "rotation": 270, "texture": "#0"}
			}
		},
		{
			"from": [6.51463, 10.86854, 3.3],
			"to": [7.21463, 11.26854, 7.7],
			"rotation": {"angle": -22.5, "axis": "z", "origin": [6.81463, 11.16854, 5.5]},
			"faces": {
				"north": {"uv": [13, 14, 14, 15], "rotation": 90, "texture": "#0"},
				"east": {"uv": [13, 14, 14, 15], "rotation": 270, "texture": "#0"},
				"south": {"uv": [13, 14, 14, 15], "rotation": 270, "texture": "#0"},
				"west": {"uv": [13, 14, 14, 15], "rotation": 270, "texture": "#0"},
				"up": {"uv": [13, 14, 14, 15], "rotation": 270, "texture": "#0"},
				"down": {"uv": [13, 14, 14, 15], "rotation": 270, "texture": "#0"}
			}
		},
		{
			"from": [6.42266, 6.64885, 3.0855],
			"to": [7.12266, 9.84885, 3.8855],
			"rotation": {"angle": -22.5, "axis": "x", "origin": [6.07494, 10.3667, 3.3]},
			"faces": {
				"north": {"uv": [13, 14, 14, 15], "rotation": 90, "texture": "#0"},
				"east": {"uv": [13, 14, 14, 15], "rotation": 270, "texture": "#0"},
				"south": {"uv": [13, 14, 14, 15], "rotation": 270, "texture": "#0"},
				"west": {"uv": [13, 14, 14, 15], "rotation": 270, "texture": "#0"},
				"up": {"uv": [13, 14, 14, 15], "rotation": 270, "texture": "#0"},
				"down": {"uv": [13, 14, 14, 15], "rotation": 270, "texture": "#0"}
			}
		},
		{
			"from": [6.42266, 8.54885, 3.9855],
			"to": [7.12266, 9.84885, 7.0855],
			"rotation": {"angle": 0, "axis": "y", "origin": [6.07494, 10.3667, 5.3]},
			"faces": {
				"north": {"uv": [13, 14, 14, 15], "rotation": 90, "texture": "#0"},
				"east": {"uv": [13, 14, 14, 15], "rotation": 270, "texture": "#0"},
				"south": {"uv": [13, 14, 14, 15], "rotation": 270, "texture": "#0"},
				"west": {"uv": [13, 14, 14, 15], "rotation": 270, "texture": "#0"},
				"up": {"uv": [13, 14, 14, 15], "rotation": 270, "texture": "#0"},
				"down": {"uv": [13, 14, 14, 15], "rotation": 270, "texture": "#0"}
			}
		},
		{
			"from": [6.42266, 9.80618, 3.3],
			"to": [7.12266, 10.70618, 7.7],
			"rotation": {"angle": 0, "axis": "y", "origin": [6.07494, 11.62403, 4.6145]},
			"faces": {
				"north": {"uv": [13, 14, 14, 15], "rotation": 90, "texture": "#0"},
				"east": {"uv": [13, 14, 14, 15], "rotation": 270, "texture": "#0"},
				"south": {"uv": [13, 14, 14, 15], "rotation": 270, "texture": "#0"},
				"west": {"uv": [13, 14, 14, 15], "rotation": 270, "texture": "#0"},
				"up": {"uv": [13, 14, 14, 15], "rotation": 270, "texture": "#0"},
				"down": {"uv": [13, 14, 14, 15], "rotation": 270, "texture": "#0"}
			}
		},
		{
			"from": [6.42266, 7.14885, 4.5855],
			"to": [7.12266, 8.64885, 6.4855],
			"rotation": {"angle": 0, "axis": "y", "origin": [6.07494, 9.1667, 5.3]},
			"faces": {
				"north": {"uv": [13, 14, 14, 15], "rotation": 90, "texture": "#0"},
				"east": {"uv": [13, 14, 14, 15], "rotation": 270, "texture": "#0"},
				"south": {"uv": [13, 14, 14, 15], "rotation": 270, "texture": "#0"},
				"west": {"uv": [13, 14, 14, 15], "rotation": 270, "texture": "#0"},
				"up": {"uv": [13, 14, 14, 15], "rotation": 270, "texture": "#0"},
				"down": {"uv": [13, 14, 14, 15], "rotation": 270, "texture": "#0"}
			}
		},
		{
			"from": [6.42266, 8.28999, 6.66507],
			"to": [7.12266, 11.48999, 7.36507],
			"rotation": {"angle": 22.5, "axis": "x", "origin": [6.42266, 9.80618, 3.3]},
			"faces": {
				"north": {"uv": [13, 14, 14, 15], "rotation": 90, "texture": "#0"},
				"east": {"uv": [13, 14, 14, 15], "rotation": 270, "texture": "#0"},
				"south": {"uv": [13, 14, 14, 15], "rotation": 270, "texture": "#0"},
				"west": {"uv": [13, 14, 14, 15], "rotation": 270, "texture": "#0"},
				"up": {"uv": [13, 14, 14, 15], "rotation": 270, "texture": "#0"},
				"down": {"uv": [13, 14, 14, 15], "rotation": 270, "texture": "#0"}
			}
		},
		{
			"from": [6.42266, 8.91738, 5.77541],
			"to": [7.12266, 10.21738, 6.47541],
			"rotation": {"angle": 45, "axis": "x", "origin": [6.42266, 8.53358, 2.41034]},
			"faces": {
				"north": {"uv": [13, 14, 14, 15], "rotation": 90, "texture": "#0"},
				"east": {"uv": [13, 14, 14, 15], "rotation": 270, "texture": "#0"},
				"south": {"uv": [13, 14, 14, 15], "rotation": 270, "texture": "#0"},
				"west": {"uv": [13, 14, 14, 15], "rotation": 270, "texture": "#0"},
				"up": {"uv": [13, 14, 14, 15], "rotation": 270, "texture": "#0"},
				"down": {"uv": [13, 14, 14, 15], "rotation": 270, "texture": "#0"}
			}
		},
		{
			"from": [6.42266, 6.14266, 7.59931],
			"to": [7.12266, 7.54266, 8.89931],
			"rotation": {"angle": 45, "axis": "x", "origin": [6.42266, 10.20773, 6.9155]},
			"faces": {
				"north": {"uv": [13, 14, 14, 15], "rotation": 90, "texture": "#0"},
				"east": {"uv": [13, 14, 14, 15], "rotation": 180, "texture": "#0"},
				"south": {"uv": [13, 14, 14, 15], "rotation": 270, "texture": "#0"},
				"west": {"uv": [13, 14, 14, 15], "texture": "#0"},
				"up": {"uv": [13, 14, 14, 15], "rotation": 270, "texture": "#0"},
				"down": {"uv": [13, 14, 14, 15], "rotation": 270, "texture": "#0"}
			}
		},
		{
			"name": "솜",
			"from": [6.2, 5, 5],
			"to": [7.2, 6, 6],
			"rotation": {"angle": 45, "axis": "y", "origin": [6.7, 5.5, 5.5]},
			"faces": {
				"north": {"uv": [0, 0, 1, 1], "texture": "#0"},
				"east": {"uv": [0, 0, 1, 1], "texture": "#0"},
				"south": {"uv": [0, 0, 1, 1], "texture": "#0"},
				"west": {"uv": [0, 0, 1, 1], "texture": "#0"},
				"up": {"uv": [0, 0, 1, 1], "texture": "#0"},
				"down": {"uv": [0, 0, 1, 1], "texture": "#0"}
			}
		},
		{
			"from": [9.04465, 10.82944, 3],
			"to": [9.14465, 11.32944, 3.4],
			"rotation": {"angle": 0, "axis": "y", "origin": [9.47017, 10.41018, 3.05]},
			"faces": {
				"north": {"uv": [1, 14, 2, 15], "rotation": 90, "texture": "#0"},
				"east": {"uv": [1, 14, 2, 15], "rotation": 270, "texture": "#0"},
				"south": {"uv": [1, 14, 2, 15], "texture": "#0"},
				"west": {"uv": [1, 14, 2, 15], "rotation": 270, "texture": "#0"},
				"up": {"uv": [1, 14, 2, 15], "rotation": 270, "texture": "#0"},
				"down": {"uv": [1, 14, 2, 15], "rotation": 270, "texture": "#0"}
			}
		},
		{
			"from": [9.14465, 10.72944, 3],
			"to": [9.24465, 11.22944, 3.4],
			"rotation": {"angle": 0, "axis": "y", "origin": [9.57017, 10.31018, 3.05]},
			"faces": {
				"north": {"uv": [1, 14, 2, 15], "rotation": 90, "texture": "#0"},
				"east": {"uv": [1, 14, 2, 15], "rotation": 270, "texture": "#0"},
				"south": {"uv": [1, 14, 2, 15], "texture": "#0"},
				"west": {"uv": [1, 14, 2, 15], "rotation": 270, "texture": "#0"},
				"up": {"uv": [1, 14, 2, 15], "rotation": 270, "texture": "#0"},
				"down": {"uv": [1, 14, 2, 15], "rotation": 270, "texture": "#0"}
			}
		},
		{
			"from": [9.44465, 10.22944, 3],
			"to": [9.54465, 10.72944, 3.4],
			"rotation": {"angle": 0, "axis": "y", "origin": [9.87017, 9.81018, 3.05]},
			"faces": {
				"north": {"uv": [1, 14, 2, 15], "rotation": 90, "texture": "#0"},
				"east": {"uv": [1, 14, 2, 15], "rotation": 270, "texture": "#0"},
				"south": {"uv": [1, 14, 2, 15], "texture": "#0"},
				"west": {"uv": [1, 14, 2, 15], "rotation": 270, "texture": "#0"},
				"up": {"uv": [1, 14, 2, 15], "rotation": 270, "texture": "#0"},
				"down": {"uv": [1, 14, 2, 15], "rotation": 270, "texture": "#0"}
			}
		},
		{
			"from": [9.0763, 10.5548, 3],
			"to": [9.5763, 10.6548, 3.4],
			"rotation": {"angle": -45, "axis": "z", "origin": [9.99555, 10.98031, 3.05]},
			"faces": {
				"north": {"uv": [1, 14, 2, 15], "rotation": 180, "texture": "#0"},
				"east": {"uv": [1, 14, 2, 15], "rotation": 180, "texture": "#0"},
				"south": {"uv": [1, 14, 2, 15], "texture": "#0"},
				"west": {"uv": [1, 14, 2, 15], "rotation": 180, "texture": "#0"},
				"up": {"uv": [1, 14, 2, 15], "rotation": 180, "texture": "#0"},
				"down": {"uv": [1, 14, 2, 15], "rotation": 180, "texture": "#0"}
			}
		},
		{
			"from": [9.16095, 10.57558, 3],
			"to": [9.56095, 10.97558, 3.4],
			"rotation": {"angle": 22.5, "axis": "z", "origin": [9.47017, 10.61018, 3.05]},
			"faces": {
				"north": {"uv": [1, 14, 2, 15], "rotation": 90, "texture": "#0"},
				"east": {"uv": [1, 14, 2, 15], "rotation": 270, "texture": "#0"},
				"south": {"uv": [1, 14, 2, 15], "texture": "#0"},
				"west": {"uv": [1, 14, 2, 15], "rotation": 270, "texture": "#0"},
				"up": {"uv": [1, 14, 2, 15], "rotation": 270, "texture": "#0"},
				"down": {"uv": [1, 14, 2, 15], "rotation": 270, "texture": "#0"}
			}
		},
		{
			"from": [9.10477, 10.80097, 3],
			"to": [9.40477, 11.00097, 3.4],
			"rotation": {"angle": -45, "axis": "z", "origin": [9.37017, 10.91018, 3.05]},
			"faces": {
				"north": {"uv": [1, 14, 2, 15], "rotation": 180, "texture": "#0"},
				"east": {"uv": [1, 14, 2, 15], "rotation": 180, "texture": "#0"},
				"south": {"uv": [1, 14, 2, 15], "texture": "#0"},
				"west": {"uv": [1, 14, 2, 15], "rotation": 180, "texture": "#0"},
				"up": {"uv": [1, 14, 2, 15], "rotation": 180, "texture": "#0"},
				"down": {"uv": [1, 14, 2, 15], "rotation": 180, "texture": "#0"}
			}
		},
		{
			"from": [9.20477, 10.30097, 3],
			"to": [9.50477, 10.50097, 3.4],
			"rotation": {"angle": -45, "axis": "z", "origin": [9.47017, 10.41018, 3.05]},
			"faces": {
				"north": {"uv": [1, 14, 2, 15], "rotation": 180, "texture": "#0"},
				"east": {"uv": [1, 14, 2, 15], "rotation": 180, "texture": "#0"},
				"south": {"uv": [1, 14, 2, 15], "texture": "#0"},
				"west": {"uv": [1, 14, 2, 15], "rotation": 180, "texture": "#0"},
				"up": {"uv": [1, 14, 2, 15], "rotation": 180, "texture": "#0"},
				"down": {"uv": [1, 14, 2, 15], "rotation": 180, "texture": "#0"}
			}
		},
		{
			"from": [9.30805, 10.77794, 3],
			"to": [9.60805, 11.07794, 3.4],
			"rotation": {"angle": 22.5, "axis": "z", "origin": [9.61727, 10.71254, 3.05]},
			"faces": {
				"north": {"uv": [1, 14, 2, 15], "rotation": 90, "texture": "#0"},
				"east": {"uv": [1, 14, 2, 15], "rotation": 270, "texture": "#0"},
				"south": {"uv": [1, 14, 2, 15], "texture": "#0"},
				"west": {"uv": [1, 14, 2, 15], "rotation": 270, "texture": "#0"},
				"up": {"uv": [1, 14, 2, 15], "rotation": 270, "texture": "#0"},
				"down": {"uv": [1, 14, 2, 15], "rotation": 270, "texture": "#0"}
			}
		},
		{
			"from": [9.54616, 10.47362, 3],
			"to": [9.94616, 10.57362, 3.4],
			"rotation": {"angle": -45, "axis": "z", "origin": [9.35536, 10.88735, 3.05]},
			"faces": {
				"north": {"uv": [1, 14, 2, 15], "texture": "#0"},
				"east": {"uv": [1, 14, 2, 15], "texture": "#0"},
				"south": {"uv": [1, 14, 2, 15], "texture": "#0"},
				"west": {"uv": [1, 14, 2, 15], "texture": "#0"},
				"up": {"uv": [1, 14, 2, 15], "texture": "#0"},
				"down": {"uv": [1, 14, 2, 15], "texture": "#0"}
			}
		},
		{
			"from": [9.48057, 10.17704, 3],
			"to": [9.58057, 10.77704, 3.4],
			"rotation": {"angle": 0, "axis": "y", "origin": [9.8943, 10.86784, 3.05]},
			"faces": {
				"north": {"uv": [1, 14, 2, 15], "rotation": 270, "texture": "#0"},
				"east": {"uv": [1, 14, 2, 15], "rotation": 90, "texture": "#0"},
				"south": {"uv": [1, 14, 2, 15], "texture": "#0"},
				"west": {"uv": [1, 14, 2, 15], "rotation": 90, "texture": "#0"},
				"up": {"uv": [1, 14, 2, 15], "rotation": 90, "texture": "#0"},
				"down": {"uv": [1, 14, 2, 15], "rotation": 90, "texture": "#0"}
			}
		},
		{
			"from": [7.9325, 9.49938, 3],
			"to": [8.6325, 9.59938, 3.4],
			"rotation": {"angle": 0, "axis": "y", "origin": [8.65494, 9.83672, 3.05]},
			"faces": {
				"north": {"uv": [4, 14, 5, 15], "texture": "#0"},
				"east": {"uv": [4, 14, 5, 15], "texture": "#0"},
				"south": {"uv": [4, 14, 5, 15], "texture": "#0"},
				"west": {"uv": [4, 14, 5, 15], "texture": "#0"},
				"up": {"uv": [4, 14, 5, 15], "texture": "#0"},
				"down": {"uv": [4, 14, 5, 15], "texture": "#0"}
			}
		},
		{
			"from": [7.7325, 9.39938, 3],
			"to": [8.4325, 9.49938, 3.4],
			"rotation": {"angle": 0, "axis": "y", "origin": [8.65494, 9.83672, 3.05]},
			"faces": {
				"north": {"uv": [4, 14, 5, 15], "texture": "#0"},
				"east": {"uv": [4, 14, 5, 15], "texture": "#0"},
				"south": {"uv": [4, 14, 5, 15], "texture": "#0"},
				"west": {"uv": [4, 14, 5, 15], "texture": "#0"},
				"up": {"uv": [4, 14, 5, 15], "texture": "#0"},
				"down": {"uv": [4, 14, 5, 15], "texture": "#0"}
			}
		},
		{
			"from": [8.2973, 9.44126, 3],
			"to": [8.7973, 9.84126, 3.4],
			"rotation": {"angle": 22.5, "axis": "z", "origin": [8.47017, 9.76018, 3.05]},
			"faces": {
				"north": {"uv": [4, 14, 5, 15], "texture": "#0"},
				"east": {"uv": [4, 14, 5, 15], "texture": "#0"},
				"south": {"uv": [4, 14, 5, 15], "texture": "#0"},
				"west": {"uv": [4, 14, 5, 15], "texture": "#0"},
				"up": {"uv": [4, 14, 5, 15], "texture": "#0"},
				"down": {"uv": [4, 14, 5, 15], "texture": "#0"}
			}
		},
		{
			"from": [8.57964, 9.41106, 3],
			"to": [9.27964, 9.51106, 3.4],
			"rotation": {"angle": 45, "axis": "z", "origin": [8.47017, 9.76018, 3.05]},
			"faces": {
				"north": {"uv": [4, 14, 5, 15], "texture": "#0"},
				"east": {"uv": [4, 14, 5, 15], "texture": "#0"},
				"south": {"uv": [4, 14, 5, 15], "texture": "#0"},
				"west": {"uv": [4, 14, 5, 15], "texture": "#0"},
				"up": {"uv": [4, 14, 5, 15], "texture": "#0"},
				"down": {"uv": [4, 14, 5, 15], "texture": "#0"}
			}
		},
		{
			"from": [8.65035, 9.34035, 3],
			"to": [9.35035, 9.44035, 3.4],
			"rotation": {"angle": 45, "axis": "z", "origin": [8.47017, 9.76018, 3.05]},
			"faces": {
				"north": {"uv": [4, 14, 5, 15], "texture": "#0"},
				"east": {"uv": [4, 14, 5, 15], "texture": "#0"},
				"south": {"uv": [4, 14, 5, 15], "texture": "#0"},
				"west": {"uv": [4, 14, 5, 15], "texture": "#0"},
				"up": {"uv": [4, 14, 5, 15], "texture": "#0"},
				"down": {"uv": [4, 14, 5, 15], "texture": "#0"}
			}
		},
		{
			"from": [8.68942, 9.9857, 3],
			"to": [9.18942, 10.0857, 3.4],
			"rotation": {"angle": 0, "axis": "y", "origin": [8.47017, 9.76018, 3.05]},
			"faces": {
				"north": {"uv": [4, 14, 5, 15], "texture": "#0"},
				"east": {"uv": [4, 14, 5, 15], "texture": "#0"},
				"south": {"uv": [4, 14, 5, 15], "texture": "#0"},
				"west": {"uv": [4, 14, 5, 15], "texture": "#0"},
				"up": {"uv": [4, 14, 5, 15], "texture": "#0"},
				"down": {"uv": [4, 14, 5, 15], "texture": "#0"}
			}
		},
		{
			"from": [8.68942, 10.0857, 3],
			"to": [9.38942, 10.1857, 3.4],
			"rotation": {"angle": 0, "axis": "y", "origin": [8.47017, 9.76018, 3.05]},
			"faces": {
				"north": {"uv": [4, 14, 5, 15], "texture": "#0"},
				"east": {"uv": [4, 14, 5, 15], "texture": "#0"},
				"south": {"uv": [4, 14, 5, 15], "texture": "#0"},
				"west": {"uv": [4, 14, 5, 15], "texture": "#0"},
				"up": {"uv": [4, 14, 5, 15], "texture": "#0"},
				"down": {"uv": [4, 14, 5, 15], "texture": "#0"}
			}
		},
		{
			"from": [8.6407, 9.46094, 3],
			"to": [9.0407, 9.76094, 3.4],
			"rotation": {"angle": 45, "axis": "z", "origin": [8.47017, 9.76018, 3.05]},
			"faces": {
				"north": {"uv": [4, 14, 5, 15], "texture": "#0"},
				"east": {"uv": [4, 14, 5, 15], "texture": "#0"},
				"south": {"uv": [4, 14, 5, 15], "texture": "#0"},
				"west": {"uv": [4, 14, 5, 15], "texture": "#0"},
				"up": {"uv": [4, 14, 5, 15], "texture": "#0"},
				"down": {"uv": [4, 14, 5, 15], "texture": "#0"}
			}
		},
		{
			"from": [8.04766, 9.89103, 3],
			"to": [8.44766, 10.19103, 3.4],
			"rotation": {"angle": 45, "axis": "z", "origin": [8.65494, 9.83672, 3.05]},
			"faces": {
				"north": {"uv": [4, 14, 5, 15], "texture": "#0"},
				"east": {"uv": [4, 14, 5, 15], "texture": "#0"},
				"south": {"uv": [4, 14, 5, 15], "texture": "#0"},
				"west": {"uv": [4, 14, 5, 15], "texture": "#0"},
				"up": {"uv": [4, 14, 5, 15], "texture": "#0"},
				"down": {"uv": [4, 14, 5, 15], "texture": "#0"}
			}
		},
		{
			"from": [8.33557, 9.7694, 3],
			"to": [8.83557, 10.0694, 3.4],
			"rotation": {"angle": 22.5, "axis": "z", "origin": [8.47017, 9.76018, 3.05]},
			"faces": {
				"north": {"uv": [4, 14, 5, 15], "texture": "#0"},
				"east": {"uv": [4, 14, 5, 15], "texture": "#0"},
				"south": {"uv": [4, 14, 5, 15], "texture": "#0"},
				"west": {"uv": [4, 14, 5, 15], "texture": "#0"},
				"up": {"uv": [4, 14, 5, 15], "texture": "#0"},
				"down": {"uv": [4, 14, 5, 15], "texture": "#0"}
			}
		},
		{
			"from": [8.31193, 9.01663, 3],
			"to": [8.41193, 9.71663, 3.4],
			"rotation": {"angle": -45, "axis": "z", "origin": [8.65494, 9.83672, 3.05]},
			"faces": {
				"north": {"uv": [4, 14, 5, 15], "rotation": 270, "texture": "#0"},
				"east": {"uv": [4, 14, 5, 15], "rotation": 90, "texture": "#0"},
				"south": {"uv": [4, 14, 5, 15], "rotation": 90, "texture": "#0"},
				"west": {"uv": [4, 14, 5, 15], "rotation": 90, "texture": "#0"},
				"up": {"uv": [4, 14, 5, 15], "rotation": 90, "texture": "#0"},
				"down": {"uv": [4, 14, 5, 15], "rotation": 90, "texture": "#0"}
			}
		},
		{
			"from": [8.24122, 8.94592, 3],
			"to": [8.34122, 9.64592, 3.4],
			"rotation": {"angle": -45, "axis": "z", "origin": [8.65494, 9.83672, 3.05]},
			"faces": {
				"north": {"uv": [4, 14, 5, 15], "rotation": 270, "texture": "#0"},
				"east": {"uv": [4, 14, 5, 15], "rotation": 90, "texture": "#0"},
				"south": {"uv": [4, 14, 5, 15], "rotation": 90, "texture": "#0"},
				"west": {"uv": [4, 14, 5, 15], "rotation": 90, "texture": "#0"},
				"up": {"uv": [4, 14, 5, 15], "rotation": 90, "texture": "#0"},
				"down": {"uv": [4, 14, 5, 15], "rotation": 90, "texture": "#0"}
			}
		},
		{
			"name": "징",
			"from": [9.1, 10, 2.9],
			"to": [9.5, 10.4, 3.2],
			"rotation": {"angle": 45, "axis": "z", "origin": [9.35, 10.25, 3.05]},
			"faces": {
				"north": {"uv": [7, 14, 8, 15], "texture": "#0"},
				"east": {"uv": [7, 14, 8, 15], "texture": "#0"},
				"south": {"uv": [7, 14, 8, 15], "texture": "#0"},
				"west": {"uv": [7, 14, 8, 15], "texture": "#0"},
				"up": {"uv": [7, 14, 8, 15], "texture": "#0"},
				"down": {"uv": [7, 14, 8, 15], "texture": "#0"}
			}
		},
		{
			"from": [9.04465, 10.82944, 7.6],
			"to": [9.14465, 11.32944, 8],
			"rotation": {"angle": 0, "axis": "y", "origin": [9.47017, 10.41018, 7.95]},
			"faces": {
				"north": {"uv": [1, 14, 2, 15], "rotation": 270, "texture": "#0"},
				"east": {"uv": [1, 14, 2, 15], "rotation": 270, "texture": "#0"},
				"south": {"uv": [1, 14, 2, 15], "texture": "#0"},
				"west": {"uv": [1, 14, 2, 15], "rotation": 270, "texture": "#0"},
				"up": {"uv": [1, 14, 2, 15], "rotation": 270, "texture": "#0"},
				"down": {"uv": [1, 14, 2, 15], "rotation": 270, "texture": "#0"}
			}
		},
		{
			"from": [9.14465, 10.72944, 7.6],
			"to": [9.24465, 11.22944, 8],
			"rotation": {"angle": 0, "axis": "y", "origin": [9.57017, 10.31018, 7.95]},
			"faces": {
				"north": {"uv": [1, 14, 2, 15], "rotation": 270, "texture": "#0"},
				"east": {"uv": [1, 14, 2, 15], "rotation": 270, "texture": "#0"},
				"south": {"uv": [1, 14, 2, 15], "texture": "#0"},
				"west": {"uv": [1, 14, 2, 15], "rotation": 270, "texture": "#0"},
				"up": {"uv": [1, 14, 2, 15], "rotation": 270, "texture": "#0"},
				"down": {"uv": [1, 14, 2, 15], "rotation": 270, "texture": "#0"}
			}
		},
		{
			"from": [9.44465, 10.22944, 7.6],
			"to": [9.54465, 10.72944, 8],
			"rotation": {"angle": 0, "axis": "y", "origin": [9.87017, 9.81018, 7.95]},
			"faces": {
				"north": {"uv": [1, 14, 2, 15], "rotation": 270, "texture": "#0"},
				"east": {"uv": [1, 14, 2, 15], "rotation": 270, "texture": "#0"},
				"south": {"uv": [1, 14, 2, 15], "texture": "#0"},
				"west": {"uv": [1, 14, 2, 15], "rotation": 270, "texture": "#0"},
				"up": {"uv": [1, 14, 2, 15], "rotation": 270, "texture": "#0"},
				"down": {"uv": [1, 14, 2, 15], "rotation": 270, "texture": "#0"}
			}
		},
		{
			"from": [9.0763, 10.5548, 7.6],
			"to": [9.5763, 10.6548, 8],
			"rotation": {"angle": -45, "axis": "z", "origin": [9.99555, 10.98031, 7.95]},
			"faces": {
				"north": {"uv": [1, 14, 2, 15], "rotation": 180, "texture": "#0"},
				"east": {"uv": [1, 14, 2, 15], "rotation": 180, "texture": "#0"},
				"south": {"uv": [1, 14, 2, 15], "texture": "#0"},
				"west": {"uv": [1, 14, 2, 15], "rotation": 180, "texture": "#0"},
				"up": {"uv": [1, 14, 2, 15], "rotation": 180, "texture": "#0"},
				"down": {"uv": [1, 14, 2, 15], "rotation": 180, "texture": "#0"}
			}
		},
		{
			"from": [9.16095, 10.57558, 7.6],
			"to": [9.56095, 10.97558, 8],
			"rotation": {"angle": 22.5, "axis": "z", "origin": [9.47017, 10.61018, 7.95]},
			"faces": {
				"north": {"uv": [1, 14, 2, 15], "rotation": 270, "texture": "#0"},
				"east": {"uv": [1, 14, 2, 15], "rotation": 270, "texture": "#0"},
				"south": {"uv": [1, 14, 2, 15], "texture": "#0"},
				"west": {"uv": [1, 14, 2, 15], "rotation": 270, "texture": "#0"},
				"up": {"uv": [1, 14, 2, 15], "rotation": 270, "texture": "#0"},
				"down": {"uv": [1, 14, 2, 15], "rotation": 270, "texture": "#0"}
			}
		},
		{
			"from": [9.10477, 10.80097, 7.6],
			"to": [9.40477, 11.00097, 8],
			"rotation": {"angle": -45, "axis": "z", "origin": [9.37017, 10.91018, 7.95]},
			"faces": {
				"north": {"uv": [1, 14, 2, 15], "rotation": 180, "texture": "#0"},
				"east": {"uv": [1, 14, 2, 15], "rotation": 180, "texture": "#0"},
				"south": {"uv": [1, 14, 2, 15], "texture": "#0"},
				"west": {"uv": [1, 14, 2, 15], "rotation": 180, "texture": "#0"},
				"up": {"uv": [1, 14, 2, 15], "rotation": 180, "texture": "#0"},
				"down": {"uv": [1, 14, 2, 15], "rotation": 180, "texture": "#0"}
			}
		},
		{
			"from": [9.20477, 10.30097, 7.6],
			"to": [9.50477, 10.50097, 8],
			"rotation": {"angle": -45, "axis": "z", "origin": [9.47017, 10.41018, 7.95]},
			"faces": {
				"north": {"uv": [1, 14, 2, 15], "rotation": 180, "texture": "#0"},
				"east": {"uv": [1, 14, 2, 15], "rotation": 180, "texture": "#0"},
				"south": {"uv": [1, 14, 2, 15], "texture": "#0"},
				"west": {"uv": [1, 14, 2, 15], "rotation": 180, "texture": "#0"},
				"up": {"uv": [1, 14, 2, 15], "rotation": 180, "texture": "#0"},
				"down": {"uv": [1, 14, 2, 15], "rotation": 180, "texture": "#0"}
			}
		},
		{
			"from": [9.30805, 10.77794, 7.6],
			"to": [9.60805, 11.07794, 8],
			"rotation": {"angle": 22.5, "axis": "z", "origin": [9.61727, 10.71254, 7.95]},
			"faces": {
				"north": {"uv": [1, 14, 2, 15], "rotation": 270, "texture": "#0"},
				"east": {"uv": [1, 14, 2, 15], "rotation": 270, "texture": "#0"},
				"south": {"uv": [1, 14, 2, 15], "texture": "#0"},
				"west": {"uv": [1, 14, 2, 15], "rotation": 270, "texture": "#0"},
				"up": {"uv": [1, 14, 2, 15], "rotation": 270, "texture": "#0"},
				"down": {"uv": [1, 14, 2, 15], "rotation": 270, "texture": "#0"}
			}
		},
		{
			"from": [9.54616, 10.47362, 7.6],
			"to": [9.94616, 10.57362, 8],
			"rotation": {"angle": -45, "axis": "z", "origin": [9.35536, 10.88735, 7.95]},
			"faces": {
				"north": {"uv": [1, 14, 2, 15], "texture": "#0"},
				"east": {"uv": [1, 14, 2, 15], "texture": "#0"},
				"south": {"uv": [1, 14, 2, 15], "texture": "#0"},
				"west": {"uv": [1, 14, 2, 15], "texture": "#0"},
				"up": {"uv": [1, 14, 2, 15], "texture": "#0"},
				"down": {"uv": [1, 14, 2, 15], "texture": "#0"}
			}
		},
		{
			"from": [9.48057, 10.17704, 7.6],
			"to": [9.58057, 10.77704, 8],
			"rotation": {"angle": 0, "axis": "y", "origin": [9.8943, 10.86784, 7.95]},
			"faces": {
				"north": {"uv": [1, 14, 2, 15], "rotation": 90, "texture": "#0"},
				"east": {"uv": [1, 14, 2, 15], "rotation": 90, "texture": "#0"},
				"south": {"uv": [1, 14, 2, 15], "texture": "#0"},
				"west": {"uv": [1, 14, 2, 15], "rotation": 90, "texture": "#0"},
				"up": {"uv": [1, 14, 2, 15], "rotation": 90, "texture": "#0"},
				"down": {"uv": [1, 14, 2, 15], "rotation": 90, "texture": "#0"}
			}
		},
		{
			"from": [7.9325, 9.49938, 7.6],
			"to": [8.6325, 9.59938, 8],
			"rotation": {"angle": 0, "axis": "y", "origin": [8.65494, 9.83672, 7.95]},
			"faces": {
				"north": {"uv": [4, 14, 5, 15], "texture": "#0"},
				"east": {"uv": [4, 14, 5, 15], "texture": "#0"},
				"south": {"uv": [4, 14, 5, 15], "texture": "#0"},
				"west": {"uv": [4, 14, 5, 15], "texture": "#0"},
				"up": {"uv": [4, 14, 5, 15], "texture": "#0"},
				"down": {"uv": [4, 14, 5, 15], "texture": "#0"}
			}
		},
		{
			"from": [7.7325, 9.39938, 7.6],
			"to": [8.4325, 9.49938, 8],
			"rotation": {"angle": 0, "axis": "y", "origin": [8.65494, 9.83672, 7.95]},
			"faces": {
				"north": {"uv": [4, 14, 5, 15], "texture": "#0"},
				"east": {"uv": [4, 14, 5, 15], "texture": "#0"},
				"south": {"uv": [4, 14, 5, 15], "texture": "#0"},
				"west": {"uv": [4, 14, 5, 15], "texture": "#0"},
				"up": {"uv": [4, 14, 5, 15], "texture": "#0"},
				"down": {"uv": [4, 14, 5, 15], "texture": "#0"}
			}
		},
		{
			"from": [8.2973, 9.44126, 7.6],
			"to": [8.7973, 9.84126, 8],
			"rotation": {"angle": 22.5, "axis": "z", "origin": [8.47017, 9.76018, 7.95]},
			"faces": {
				"north": {"uv": [4, 14, 5, 15], "texture": "#0"},
				"east": {"uv": [4, 14, 5, 15], "texture": "#0"},
				"south": {"uv": [4, 14, 5, 15], "texture": "#0"},
				"west": {"uv": [4, 14, 5, 15], "texture": "#0"},
				"up": {"uv": [4, 14, 5, 15], "texture": "#0"},
				"down": {"uv": [4, 14, 5, 15], "texture": "#0"}
			}
		},
		{
			"from": [8.57964, 9.41106, 7.6],
			"to": [9.27964, 9.51106, 8],
			"rotation": {"angle": 45, "axis": "z", "origin": [8.47017, 9.76018, 7.95]},
			"faces": {
				"north": {"uv": [4, 14, 5, 15], "texture": "#0"},
				"east": {"uv": [4, 14, 5, 15], "texture": "#0"},
				"south": {"uv": [4, 14, 5, 15], "texture": "#0"},
				"west": {"uv": [4, 14, 5, 15], "texture": "#0"},
				"up": {"uv": [4, 14, 5, 15], "texture": "#0"},
				"down": {"uv": [4, 14, 5, 15], "texture": "#0"}
			}
		},
		{
			"from": [8.65035, 9.34035, 7.6],
			"to": [9.35035, 9.44035, 8],
			"rotation": {"angle": 45, "axis": "z", "origin": [8.47017, 9.76018, 7.95]},
			"faces": {
				"north": {"uv": [4, 14, 5, 15], "texture": "#0"},
				"east": {"uv": [4, 14, 5, 15], "texture": "#0"},
				"south": {"uv": [4, 14, 5, 15], "texture": "#0"},
				"west": {"uv": [4, 14, 5, 15], "texture": "#0"},
				"up": {"uv": [4, 14, 5, 15], "texture": "#0"},
				"down": {"uv": [4, 14, 5, 15], "texture": "#0"}
			}
		},
		{
			"from": [8.68942, 9.9857, 7.6],
			"to": [9.18942, 10.0857, 8],
			"rotation": {"angle": 0, "axis": "y", "origin": [8.47017, 9.76018, 7.95]},
			"faces": {
				"north": {"uv": [4, 14, 5, 15], "texture": "#0"},
				"east": {"uv": [4, 14, 5, 15], "texture": "#0"},
				"south": {"uv": [4, 14, 5, 15], "texture": "#0"},
				"west": {"uv": [4, 14, 5, 15], "texture": "#0"},
				"up": {"uv": [4, 14, 5, 15], "texture": "#0"},
				"down": {"uv": [4, 14, 5, 15], "texture": "#0"}
			}
		},
		{
			"from": [8.68942, 10.0857, 7.6],
			"to": [9.38942, 10.1857, 8],
			"rotation": {"angle": 0, "axis": "y", "origin": [8.47017, 9.76018, 7.95]},
			"faces": {
				"north": {"uv": [4, 14, 5, 15], "texture": "#0"},
				"east": {"uv": [4, 14, 5, 15], "texture": "#0"},
				"south": {"uv": [4, 14, 5, 15], "texture": "#0"},
				"west": {"uv": [4, 14, 5, 15], "texture": "#0"},
				"up": {"uv": [4, 14, 5, 15], "texture": "#0"},
				"down": {"uv": [4, 14, 5, 15], "texture": "#0"}
			}
		},
		{
			"from": [8.6407, 9.46094, 7.6],
			"to": [9.0407, 9.76094, 8],
			"rotation": {"angle": 45, "axis": "z", "origin": [8.47017, 9.76018, 7.95]},
			"faces": {
				"north": {"uv": [4, 14, 5, 15], "texture": "#0"},
				"east": {"uv": [4, 14, 5, 15], "texture": "#0"},
				"south": {"uv": [4, 14, 5, 15], "texture": "#0"},
				"west": {"uv": [4, 14, 5, 15], "texture": "#0"},
				"up": {"uv": [4, 14, 5, 15], "texture": "#0"},
				"down": {"uv": [4, 14, 5, 15], "texture": "#0"}
			}
		},
		{
			"from": [8.04766, 9.89103, 7.6],
			"to": [8.44766, 10.19103, 8],
			"rotation": {"angle": 45, "axis": "z", "origin": [8.65494, 9.83672, 7.95]},
			"faces": {
				"north": {"uv": [4, 14, 5, 15], "texture": "#0"},
				"east": {"uv": [4, 14, 5, 15], "texture": "#0"},
				"south": {"uv": [4, 14, 5, 15], "texture": "#0"},
				"west": {"uv": [4, 14, 5, 15], "texture": "#0"},
				"up": {"uv": [4, 14, 5, 15], "texture": "#0"},
				"down": {"uv": [4, 14, 5, 15], "texture": "#0"}
			}
		},
		{
			"from": [8.33557, 9.7694, 7.6],
			"to": [8.83557, 10.0694, 8],
			"rotation": {"angle": 22.5, "axis": "z", "origin": [8.47017, 9.76018, 7.95]},
			"faces": {
				"north": {"uv": [4, 14, 5, 15], "texture": "#0"},
				"east": {"uv": [4, 14, 5, 15], "texture": "#0"},
				"south": {"uv": [4, 14, 5, 15], "texture": "#0"},
				"west": {"uv": [4, 14, 5, 15], "texture": "#0"},
				"up": {"uv": [4, 14, 5, 15], "texture": "#0"},
				"down": {"uv": [4, 14, 5, 15], "texture": "#0"}
			}
		},
		{
			"from": [8.31193, 9.01663, 7.6],
			"to": [8.41193, 9.71663, 8],
			"rotation": {"angle": -45, "axis": "z", "origin": [8.65494, 9.83672, 7.95]},
			"faces": {
				"north": {"uv": [4, 14, 5, 15], "rotation": 90, "texture": "#0"},
				"east": {"uv": [4, 14, 5, 15], "rotation": 90, "texture": "#0"},
				"south": {"uv": [4, 14, 5, 15], "rotation": 270, "texture": "#0"},
				"west": {"uv": [4, 14, 5, 15], "rotation": 90, "texture": "#0"},
				"up": {"uv": [4, 14, 5, 15], "rotation": 90, "texture": "#0"},
				"down": {"uv": [4, 14, 5, 15], "rotation": 90, "texture": "#0"}
			}
		},
		{
			"from": [8.24122, 8.94592, 7.6],
			"to": [8.34122, 9.64592, 8],
			"rotation": {"angle": -45, "axis": "z", "origin": [8.65494, 9.83672, 7.95]},
			"faces": {
				"north": {"uv": [4, 14, 5, 15], "rotation": 90, "texture": "#0"},
				"east": {"uv": [4, 14, 5, 15], "rotation": 90, "texture": "#0"},
				"south": {"uv": [4, 14, 5, 15], "rotation": 270, "texture": "#0"},
				"west": {"uv": [4, 14, 5, 15], "rotation": 90, "texture": "#0"},
				"up": {"uv": [4, 14, 5, 15], "rotation": 90, "texture": "#0"},
				"down": {"uv": [4, 14, 5, 15], "rotation": 90, "texture": "#0"}
			}
		},
		{
			"name": "징",
			"from": [9.1, 10, 7.8],
			"to": [9.5, 10.4, 8.1],
			"rotation": {"angle": 45, "axis": "z", "origin": [9.35, 10.25, 7.95]},
			"faces": {
				"north": {"uv": [7, 14, 8, 15], "texture": "#0"},
				"east": {"uv": [7, 14, 8, 15], "texture": "#0"},
				"south": {"uv": [7, 14, 8, 15], "texture": "#0"},
				"west": {"uv": [7, 14, 8, 15], "texture": "#0"},
				"up": {"uv": [7, 14, 8, 15], "texture": "#0"},
				"down": {"uv": [7, 14, 8, 15], "texture": "#0"}
			}
		}
	],
	"display": {
		"gui": {
			"scale": [1.53, 1.58, 1.44]
		},
		"head": {
			"rotation": [0, 90, 0],
			"translation": [9, -3, 4.75],
			"scale": [3.11, 2.82, 3.56]
		},
		"fixed": {
			"rotation": [-3, 13, -17],
			"translation": [0, -2.25, 0],
			"scale": [1.5, 1.5, 1.5]
		}
	},
	"groups": [
		{
			"name": "겉모자",
			"origin": [8, 8, 8],
			"children": [0, 1, 2, 3, 4,
				{
					"name": "겉모자2",
					"origin": [10.18266, 12.07442, 7.5],
					"children": [5, 6, 7, 8, 9, 10]
				}, 11]
		},
		{
			"name": "속모자",
			"origin": [15.7, 17, 11],
			"children": [12, 13,
				{
					"name": "속모자2",
					"origin": [10.18266, 12.07442, 7.5],
					"children": [14, 15]
				}, 16, 17]
		},
		{
			"name": "뿔",
			"origin": [8, 8, 8],
			"children": [18, 19, 20, 21, 22, 23, 24,
				{
					"name": "뿔2",
					"origin": [8, 8, 8],
					"children": [25, 26, 27, 28, 29, 30, 31]
				}
			]
		},
		{
			"name": "꼬리",
			"origin": [6.42266, 11.00773, 6.9155],
			"children": [32, 33, 34, 35, 36, 37, 38, 39, 40, 41]
		}, 42,
		{
			"name": "왼풀",
			"origin": [8.94249, 9.48775, 1.5],
			"children": [43, 44, 45, 46, 47, 48, 49, 50, 51, 52,
				{
					"name": "왼풀2",
					"origin": [8.94249, 9.48775, 1.5],
					"children": [53, 54, 55, 56, 57, 58, 59, 60, 61, 62, 63, 64]
				}, 65]
		},
		{
			"name": "오른풀",
			"origin": [8.94249, 9.48775, 1.5],
			"children": [66, 67, 68, 69, 70, 71, 72, 73, 74, 75,
				{
					"name": "오른풀2",
					"origin": [8.94249, 9.48775, 1.5],
					"children": [76, 77, 78, 79, 80, 81, 82, 83, 84, 85, 86, 87]
				}, 88]
		}
	]
}