{
	"credit": "Made with Blockbench",
	"textures": {
		"1": "item/etc/sun_mace"
	},
	"elements": [
		{
			"from": [5.5, 3.85, 6.63604],
			"to": [10.5, 8.85, 11.63604],
			"rotation": {"angle": 45, "axis": "x", "origin": [9, 9.85, 11.13604]},
			"faces": {
				"north": {"uv": [0, 10, 5, 15], "rotation": 90, "texture": "#1"},
				"east": {"uv": [10, 0, 15, 5], "rotation": 90, "texture": "#1"},
				"south": {"uv": [5, 5, 10, 10], "rotation": 90, "texture": "#1"},
				"west": {"uv": [0, 0, 5, 5], "rotation": 270, "texture": "#1"},
				"up": {"uv": [5, 0, 10, 5], "texture": "#1"},
				"down": {"uv": [0, 5, 5, 10], "rotation": 180, "texture": "#1"}
			}
		},
		{
			"from": [7.5, 10.76104, 8.72525],
			"to": [8.5, 11.76104, 10.72525],
			"rotation": {"angle": -45, "axis": "x", "origin": [8, 11.26104, 9.72525]},
			"faces": {
				"north": {"uv": [12, 14, 14, 15], "rotation": 270, "texture": "#1"},
				"east": {"uv": [11, 14, 12, 16], "rotation": 270, "texture": "#1"},
				"south": {"uv": [12, 13, 13, 14], "rotation": 270, "texture": "#1"},
				"west": {"uv": [13, 14, 14, 16], "rotation": 90, "texture": "#1"},
				"up": {"uv": [14, 14, 15, 16], "rotation": 180, "texture": "#1"},
				"down": {"uv": [12, 14, 13, 16], "texture": "#1"}
			}
		},
		{
			"from": [7.5, 5.31104, 4.27525],
			"to": [8.5, 7.31104, 5.27525],
			"rotation": {"angle": 45, "axis": "x", "origin": [8, 6.31104, 4.77525]},
			"faces": {
				"north": {"uv": [12, 14, 13, 16], "rotation": 180, "texture": "#1"},
				"east": {"uv": [11, 14, 12, 16], "rotation": 180, "texture": "#1"},
				"south": {"uv": [14, 14, 15, 16], "rotation": 180, "texture": "#1"},
				"west": {"uv": [13, 14, 14, 16], "rotation": 180, "texture": "#1"},
				"up": {"uv": [12, 14, 14, 15], "rotation": 90, "texture": "#1"},
				"down": {"uv": [12, 13, 13, 14], "rotation": 270, "texture": "#1"}
			}
		},
		{
			"from": [7.5, 10.76104, 3.77525],
			"to": [8.5, 11.76104, 5.77525],
			"rotation": {"angle": 45, "axis": "x", "origin": [8, 11.26104, 4.77525]},
			"faces": {
				"north": {"uv": [12, 13, 13, 14], "rotation": 180, "texture": "#1"},
				"east": {"uv": [14, 14, 15, 16], "rotation": 90, "texture": "#1"},
				"south": {"uv": [12, 14, 14, 15], "texture": "#1"},
				"west": {"uv": [12, 14, 13, 16], "rotation": 270, "texture": "#1"},
				"up": {"uv": [11, 14, 12, 16], "texture": "#1"},
				"down": {"uv": [13, 14, 14, 16], "rotation": 180, "texture": "#1"}
			}
		},
		{
			"from": [3.5, 8.26104, 6.77525],
			"to": [5.5, 9.26104, 7.77525],
			"rotation": {"angle": -45, "axis": "x", "origin": [4.5, 8.76104, 7.27525]},
			"faces": {
				"north": {"uv": [13, 14, 14, 16], "rotation": 90, "texture": "#1"},
				"east": {"uv": [12, 14, 14, 15], "rotation": 270, "texture": "#1"},
				"south": {"uv": [11, 14, 12, 16], "rotation": 270, "texture": "#1"},
				"west": {"uv": [12, 13, 13, 14], "rotation": 270, "texture": "#1"},
				"up": {"uv": [14, 14, 15, 16], "rotation": 270, "texture": "#1"},
				"down": {"uv": [12, 14, 13, 16], "rotation": 270, "texture": "#1"}
			}
		},
		{
			"from": [10.5, 8.26104, 6.77525],
			"to": [12.5, 9.26104, 7.77525],
			"rotation": {"angle": 45, "axis": "x", "origin": [11.5, 8.76104, 7.27525]},
			"faces": {
				"north": {"uv": [11, 14, 12, 16], "rotation": 270, "texture": "#1"},
				"east": {"uv": [12, 13, 13, 14], "rotation": 270, "texture": "#1"},
				"south": {"uv": [13, 14, 14, 16], "rotation": 90, "texture": "#1"},
				"west": {"uv": [12, 14, 14, 15], "rotation": 270, "texture": "#1"},
				"up": {"uv": [14, 14, 15, 16], "rotation": 90, "texture": "#1"},
				"down": {"uv": [12, 14, 13, 16], "rotation": 90, "texture": "#1"}
			}
		},
		{
			"from": [7.5, 0, 15],
			"to": [8.5, 2, 16],
			"rotation": {"angle": 0, "axis": "y", "origin": [15.5, 8, 23]},
			"faces": {
				"north": {"uv": [0, 0, 1, 2], "texture": "#missing"},
				"east": {"uv": [8, 14, 9, 16], "texture": "#1"},
				"south": {"uv": [8, 14, 9, 16], "texture": "#1"},
				"west": {"uv": [8, 14, 9, 16], "texture": "#1"},
				"up": {"uv": [8, 14, 9, 15], "texture": "#1"},
				"down": {"uv": [8, 15, 9, 16], "texture": "#1"}
			}
		},
		{
			"from": [7.5, 6, 8],
			"to": [8.5, 8, 9],
			"rotation": {"angle": 0, "axis": "y", "origin": [15.5, 14, 16]},
			"faces": {
				"north": {"uv": [15, 8, 16, 9], "texture": "#1"},
				"east": {"uv": [15, 8, 16, 10], "texture": "#1"},
				"south": {"uv": [0, 7.5, 0.5, 8], "texture": "#missing"},
				"west": {"uv": [15, 8, 16, 10], "texture": "#1"},
				"up": {"uv": [15, 8, 16, 9], "texture": "#1"},
				"down": {"uv": [15, 8, 16, 9], "texture": "#1"}
			}
		},
		{
			"from": [7.5, 0, 14],
			"to": [8.5, 3, 15],
			"rotation": {"angle": 0, "axis": "y", "origin": [15.5, 8, 22]},
			"faces": {
				"north": {"uv": [9, 15, 10, 16], "texture": "#1"},
				"east": {"uv": [9, 13, 10, 16], "texture": "#1"},
				"south": {"uv": [10, 12, 11, 13], "texture": "#1"},
				"west": {"uv": [9, 13, 10, 16], "texture": "#1"},
				"up": {"uv": [10, 12, 11, 13], "texture": "#1"},
				"down": {"uv": [9, 15, 10, 16], "texture": "#1"}
			}
		},
		{
			"from": [7.5, 1, 13],
			"to": [8.5, 4, 14],
			"rotation": {"angle": 0, "axis": "y", "origin": [15.5, 9, 21]},
			"faces": {
				"north": {"uv": [10, 14, 11, 15], "texture": "#1"},
				"east": {"uv": [10, 12, 11, 15], "texture": "#1"},
				"south": {"uv": [10, 12, 11, 13], "texture": "#1"},
				"west": {"uv": [10, 12, 11, 15], "texture": "#1"},
				"up": {"uv": [10, 12, 11, 13], "texture": "#1"},
				"down": {"uv": [11, 13, 12, 14], "texture": "#1"}
			}
		},
		{
			"from": [7.5, 2, 12],
			"to": [8.5, 5, 13],
			"rotation": {"angle": 0, "axis": "y", "origin": [15.5, 10, 20]},
			"faces": {
				"north": {"uv": [10, 14, 11, 15], "texture": "#1"},
				"east": {"uv": [11, 11, 12, 14], "texture": "#1"},
				"south": {"uv": [10, 12, 11, 13], "texture": "#1"},
				"west": {"uv": [11, 11, 12, 14], "texture": "#1"},
				"up": {"uv": [10, 12, 11, 13], "texture": "#1"},
				"down": {"uv": [11, 13, 12, 14], "texture": "#1"}
			}
		},
		{
			"from": [7.5, 3, 11],
			"to": [8.5, 6, 12],
			"rotation": {"angle": 0, "axis": "y", "origin": [15.5, 11, 19]},
			"faces": {
				"north": {"uv": [11, 13, 12, 14], "texture": "#1"},
				"east": {"uv": [12, 10, 13, 13], "texture": "#1"},
				"south": {"uv": [14, 8, 15, 9], "texture": "#1"},
				"west": {"uv": [12, 10, 13, 13], "texture": "#1"},
				"up": {"uv": [14, 10, 15, 11], "texture": "#1"},
				"down": {"uv": [11, 13, 12, 14], "texture": "#1"}
			}
		},
		{
			"from": [7.5, 4, 10],
			"to": [8.5, 7, 11],
			"rotation": {"angle": 0, "axis": "y", "origin": [15.5, 12, 18]},
			"faces": {
				"north": {"uv": [15, 8, 16, 9], "texture": "#1"},
				"east": {"uv": [13, 9, 14, 12], "texture": "#1"},
				"south": {"uv": [14, 8, 15, 9], "texture": "#1"},
				"west": {"uv": [13, 9, 14, 12], "texture": "#1"},
				"up": {"uv": [14, 10, 15, 11], "texture": "#1"},
				"down": {"uv": [15, 8, 16, 9], "texture": "#1"}
			}
		},
		{
			"from": [7.5, 5, 9],
			"to": [8.5, 8, 10],
			"rotation": {"angle": 0, "axis": "y", "origin": [15.5, 13, 17]},
			"faces": {
				"north": {"uv": [15, 8, 16, 9], "texture": "#1"},
				"east": {"uv": [14, 8, 15, 11], "texture": "#1"},
				"south": {"uv": [14, 8, 15, 9], "texture": "#1"},
				"west": {"uv": [14, 8, 15, 11], "texture": "#1"},
				"up": {"uv": [14, 10, 15, 11], "texture": "#1"},
				"down": {"uv": [15, 8, 16, 9], "texture": "#1"}
			}
		}
	],
	"display": {
		"thirdperson_righthand": {
			"rotation": [45, 0, 0],
			"translation": [0, 4.75, 1.5],
			"scale": [0.95, 0.95, 0.95]
		},
		"thirdperson_lefthand": {
			"rotation": [45, 0.5, 0],
			"translation": [0, 5, 1.5],
			"scale": [0.95, 0.95, 0.95]
		},
		"firstperson_righthand": {
			"rotation": [35, 0, 0],
			"translation": [2.25, 3.25, 0],
			"scale": [0.85, 0.85, 0.85]
		},
		"firstperson_lefthand": {
			"rotation": [35, 0, 0],
			"translation": [2.25, 3.25, 0],
			"scale": [0.85, 0.85, 0.85]
		},
		"ground": {
			"translation": [0, 3, 0],
			"scale": [0.6, 0.6, 0.6]
		},
		"gui": {
			"rotation": [-4, -103, 2],
			"translation": [1.5, 1.5, 0],
			"scale": [1, 1, 1]
		},
		"head": {
			"rotation": [90, 0, 0],
			"translation": [0, 3.75, -13]
		},
		"fixed": {
			"rotation": [0, 90, 0],
			"translation": [-3, 2.5, 0.5],
			"scale": [1.79, 1.79, 1.79]
		}
	}
}