{
	"credit": "Made with Blockbench",
	"textures": {
		"1": "item/etc/snowman"
	},
	"gui_light": "front",
	"elements": [
		{
			"from": [5.824, 8.52059, 7.756],
			"to": [10.176, 9.00859, 8.244],
			"rotation": {"angle": 0, "axis": "y", "origin": [7.984, 8.2, 8]},
			"faces": {
				"north": {"uv": [12, 7, 16, 8], "texture": "#1"},
				"east": {"uv": [12, 7, 13, 8], "texture": "#1"},
				"south": {"uv": [12, 7, 16, 8], "texture": "#1"},
				"west": {"uv": [12, 7, 13, 8], "texture": "#1"},
				"up": {"uv": [15, 7, 16, 10], "rotation": 270, "texture": "#1"},
				"down": {"uv": [15, 7, 16, 10], "rotation": 90, "texture": "#1"}
			}
		},
		{
			"from": [9.688, 6.28859, 7.756],
			"to": [10.176, 8.52059, 8.244],
			"rotation": {"angle": 0, "axis": "y", "origin": [8.02471, 8.11929, 8]},
			"faces": {
				"north": {"uv": [14, 9, 16, 10], "rotation": 90, "texture": "#1"},
				"east": {"uv": [12, 7, 13, 9], "texture": "#1"},
				"south": {"uv": [12, 9, 14, 10], "rotation": 270, "texture": "#1"},
				"west": {"uv": [12, 7, 13, 9], "rotation": 180, "texture": "#1"},
				"up": {"uv": [14, 9, 15, 10], "rotation": 270, "texture": "#1"},
				"down": {"uv": [12, 9, 13, 10], "rotation": 270, "texture": "#1"}
			}
		},
		{
			"from": [5.824, 6.28859, 7.756],
			"to": [6.312, 8.52059, 8.244],
			"rotation": {"angle": 0, "axis": "y", "origin": [7.97529, 8.11929, 8]},
			"faces": {
				"north": {"uv": [12, 7, 14, 8], "rotation": 90, "texture": "#1"},
				"east": {"uv": [13, 7, 14, 9], "rotation": 180, "texture": "#1"},
				"south": {"uv": [14, 9, 16, 10], "rotation": 270, "texture": "#1"},
				"west": {"uv": [14, 7, 15, 9], "texture": "#1"},
				"up": {"uv": [13, 8, 14, 9], "rotation": 270, "texture": "#1"},
				"down": {"uv": [13, 9, 14, 10], "rotation": 270, "texture": "#1"}
			}
		},
		{
			"from": [10.02583, 9.77056, 7.948],
			"to": [10.80183, 10.54656, 8.084],
			"rotation": {"angle": 22.5, "axis": "z", "origin": [10.05, 9.75726, 8.016]},
			"faces": {
				"north": {"uv": [12, 2, 14, 4], "texture": "#1"},
				"east": {"uv": [6, 0, 8, 2], "texture": "#1"},
				"south": {"uv": [12, 2, 14, 4], "texture": "#1"},
				"west": {"uv": [6, 0, 8, 2], "texture": "#1"},
				"up": {"uv": [6, 0, 8, 2], "texture": "#1"},
				"down": {"uv": [6, 0, 8, 2], "texture": "#1"}
			}
		},
		{
			"from": [10.09829, 10.43175, 7.948],
			"to": [10.55429, 10.50375, 8.084],
			"rotation": {"angle": -45, "axis": "z", "origin": [10.05, 9.75726, 8.016]},
			"faces": {
				"north": {"uv": [6, 0, 7, 1], "rotation": 90, "texture": "#1"},
				"east": {"uv": [6, 0, 8, 2], "rotation": 270, "texture": "#1"},
				"south": {"uv": [6, 0, 7, 1], "rotation": 270, "texture": "#1"},
				"west": {"uv": [6, 0, 8, 2], "rotation": 270, "texture": "#1"},
				"up": {"uv": [6, 0, 7, 2], "rotation": 270, "texture": "#1"},
				"down": {"uv": [6, 0, 8, 2], "rotation": 270, "texture": "#1"}
			}
		},
		{
			"from": [10.49144, 9.83781, 7.948],
			"to": [10.78744, 9.90981, 8.084],
			"rotation": {"angle": 0, "axis": "y", "origin": [10.05, 9.75726, 8.016]},
			"faces": {
				"north": {"uv": [6, 0, 7, 2], "rotation": 90, "texture": "#1"},
				"east": {"uv": [6, 0, 8, 2], "rotation": 270, "texture": "#1"},
				"south": {"uv": [6, 0, 7, 2], "rotation": 270, "texture": "#1"},
				"west": {"uv": [6, 0, 8, 2], "rotation": 270, "texture": "#1"},
				"up": {"uv": [6, 0, 8, 2], "rotation": 270, "texture": "#1"},
				"down": {"uv": [6, 0, 7, 2], "rotation": 270, "texture": "#1"}
			}
		},
		{
			"from": [10.76213, 9.54947, 7.948],
			"to": [10.86613, 9.65347, 8.084],
			"rotation": {"angle": 22.5, "axis": "z", "origin": [10.05, 9.75726, 8.016]},
			"faces": {
				"north": {"uv": [6, 0, 8, 2], "rotation": 90, "texture": "#1"},
				"east": {"uv": [6, 0, 8, 2], "rotation": 270, "texture": "#1"},
				"south": {"uv": [6, 0, 8, 2], "rotation": 270, "texture": "#1"},
				"west": {"uv": [6, 0, 8, 2], "rotation": 270, "texture": "#1"},
				"up": {"uv": [6, 0, 8, 2], "rotation": 270, "texture": "#1"},
				"down": {"uv": [6, 0, 7, 2], "rotation": 270, "texture": "#1"}
			}
		},
		{
			"from": [10.48245, 9.88697, 7.948],
			"to": [10.81045, 10.05497, 8.084],
			"rotation": {"angle": 0, "axis": "y", "origin": [10.05, 9.75726, 8.016]},
			"faces": {
				"north": {"uv": [6, 0, 7, 2], "rotation": 90, "texture": "#1"},
				"east": {"uv": [6, 0, 8, 2], "rotation": 270, "texture": "#1"},
				"south": {"uv": [7, 0, 8, 2], "rotation": 270, "texture": "#1"},
				"west": {"uv": [6, 0, 8, 2], "rotation": 270, "texture": "#1"},
				"up": {"uv": [6, 0, 8, 2], "rotation": 270, "texture": "#1"},
				"down": {"uv": [6, 0, 8, 2], "rotation": 270, "texture": "#1"}
			}
		},
		{
			"from": [9.54076, 10.4338, 7.948],
			"to": [9.99676, 10.5058, 8.084],
			"rotation": {"angle": 0, "axis": "y", "origin": [10.05, 9.75726, 8.016]},
			"faces": {
				"north": {"uv": [6, 0, 7, 2], "rotation": 90, "texture": "#1"},
				"east": {"uv": [6, 0, 8, 2], "rotation": 270, "texture": "#1"},
				"south": {"uv": [6, 0, 7, 2], "rotation": 270, "texture": "#1"},
				"west": {"uv": [6, 0, 7, 1], "rotation": 270, "texture": "#1"},
				"up": {"uv": [6, 0, 7, 2], "rotation": 270, "texture": "#1"},
				"down": {"uv": [6, 0, 8, 2], "rotation": 270, "texture": "#1"}
			}
		},
		{
			"from": [9.30761, 9.83576, 7.948],
			"to": [9.60361, 9.90776, 8.084],
			"rotation": {"angle": -45, "axis": "z", "origin": [10.05, 9.75726, 8.016]},
			"faces": {
				"north": {"uv": [6, 0, 7, 2], "rotation": 90, "texture": "#1"},
				"east": {"uv": [6, 0, 8, 2], "rotation": 270, "texture": "#1"},
				"south": {"uv": [6, 0, 7, 2], "rotation": 270, "texture": "#1"},
				"west": {"uv": [6, 0, 8, 2], "rotation": 270, "texture": "#1"},
				"up": {"uv": [6, 0, 8, 2], "rotation": 270, "texture": "#1"},
				"down": {"uv": [6, 0, 7, 2], "rotation": 270, "texture": "#1"}
			}
		},
		{
			"from": [9.83842, 10.47318, 7.948],
			"to": [9.94242, 10.57718, 8.084],
			"rotation": {"angle": 22.5, "axis": "z", "origin": [10.05, 9.75726, 8.016]},
			"faces": {
				"north": {"uv": [6, 0, 7, 1], "texture": "#1"},
				"east": {"uv": [6, 0, 8, 2], "texture": "#1"},
				"south": {"uv": [6, 0, 7, 1], "texture": "#1"},
				"west": {"uv": [6, 0, 7, 1], "texture": "#1"},
				"up": {"uv": [6, 0, 8, 2], "texture": "#1"},
				"down": {"uv": [6, 0, 8, 2], "texture": "#1"}
			}
		},
		{
			"from": [9.2846, 9.88492, 7.948],
			"to": [9.6126, 10.05292, 8.084],
			"rotation": {"angle": -45, "axis": "z", "origin": [10.05, 9.75726, 8.016]},
			"faces": {
				"north": {"uv": [6, 0, 7, 2], "rotation": 90, "texture": "#1"},
				"east": {"uv": [6, 0, 8, 2], "rotation": 270, "texture": "#1"},
				"south": {"uv": [6, 0, 7, 2], "rotation": 270, "texture": "#1"},
				"west": {"uv": [6, 0, 8, 2], "rotation": 270, "texture": "#1"},
				"up": {"uv": [6, 0, 8, 2], "rotation": 270, "texture": "#1"},
				"down": {"uv": [6, 0, 8, 2], "rotation": 270, "texture": "#1"}
			}
		},
		{
			"from": [9.58105, 9.30797, 7.948],
			"to": [10.51705, 10.21197, 8.084],
			"rotation": {"angle": 22.5, "axis": "z", "origin": [10.05, 9.75726, 8.016]},
			"faces": {
				"north": {"uv": [12, 3, 14, 5], "texture": "#1"},
				"east": {"uv": [6, 0, 8, 2], "texture": "#1"},
				"south": {"uv": [12, 2, 14, 4], "texture": "#1"},
				"west": {"uv": [6, 0, 8, 2], "texture": "#1"},
				"up": {"uv": [6, 0, 8, 2], "texture": "#1"},
				"down": {"uv": [6, 0, 8, 2], "texture": "#1"}
			}
		},
		{
			"from": [10.38535, 9.41515, 7.948],
			"to": [10.71335, 9.64715, 8.084],
			"rotation": {"angle": 0, "axis": "y", "origin": [10.05, 9.75726, 8.016]},
			"faces": {
				"north": {"uv": [6, 0, 8, 2], "texture": "#1"},
				"east": {"uv": [6, 0, 8, 2], "texture": "#1"},
				"south": {"uv": [6, 0, 8, 2], "texture": "#1"},
				"west": {"uv": [6, 0, 8, 2], "texture": "#1"},
				"up": {"uv": [6, 0, 8, 2], "texture": "#1"},
				"down": {"uv": [6, 0, 8, 2], "texture": "#1"}
			}
		},
		{
			"from": [10.53193, 9.18734, 7.948],
			"to": [10.66793, 9.29134, 8.084],
			"rotation": {"angle": 22.5, "axis": "z", "origin": [10.05, 9.75726, 8.016]},
			"faces": {
				"north": {"uv": [6, 0, 7, 1], "texture": "#1"},
				"east": {"uv": [6, 0, 8, 2], "texture": "#1"},
				"south": {"uv": [6, 0, 7, 1], "texture": "#1"},
				"west": {"uv": [6, 0, 8, 2], "texture": "#1"},
				"up": {"uv": [6, 0, 8, 2], "texture": "#1"},
				"down": {"uv": [6, 0, 7, 2], "texture": "#1"}
			}
		},
		{
			"from": [10.22901, 10.11006, 7.948],
			"to": [10.81301, 10.15006, 8.084],
			"rotation": {"angle": -45, "axis": "z", "origin": [10.05, 9.75726, 8.016]},
			"faces": {
				"north": {"uv": [6, 0, 7, 1], "texture": "#1"},
				"east": {"uv": [6, 0, 8, 2], "texture": "#1"},
				"south": {"uv": [6, 0, 7, 1], "texture": "#1"},
				"west": {"uv": [6, 0, 8, 2], "texture": "#1"},
				"up": {"uv": [6, 0, 8, 1], "texture": "#1"},
				"down": {"uv": [6, 0, 8, 2], "texture": "#1"}
			}
		},
		{
			"from": [10.40126, 10.04849, 7.948],
			"to": [10.69726, 10.12049, 8.084],
			"rotation": {"angle": -45, "axis": "z", "origin": [10.05, 9.75726, 8.016]},
			"faces": {
				"north": {"uv": [6, 0, 7, 1], "texture": "#1"},
				"east": {"uv": [6, 0, 8, 2], "texture": "#1"},
				"south": {"uv": [6, 0, 7, 1], "texture": "#1"},
				"west": {"uv": [6, 0, 8, 2], "texture": "#1"},
				"up": {"uv": [6, 0, 8, 2], "texture": "#1"},
				"down": {"uv": [6, 0, 8, 2], "texture": "#1"}
			}
		},
		{
			"from": [10.04564, 8.97683, 7.948],
			"to": [10.56564, 9.52883, 8.084],
			"rotation": {"angle": -22.5, "axis": "z", "origin": [10.05, 9.75726, 8.016]},
			"faces": {
				"north": {"uv": [12, 4, 13, 5], "texture": "#1"},
				"east": {"uv": [6, 0, 8, 2], "texture": "#1"},
				"south": {"uv": [15, 2, 16, 3], "texture": "#1"},
				"west": {"uv": [6, 0, 8, 2], "texture": "#1"},
				"up": {"uv": [6, 0, 8, 2], "texture": "#1"},
				"down": {"uv": [6, 0, 8, 2], "texture": "#1"}
			}
		},
		{
			"from": [10.22773, 8.8389, 7.948],
			"to": [10.55573, 9.1669, 8.084],
			"rotation": {"angle": 0, "axis": "y", "origin": [10.05, 9.75726, 8.016]},
			"faces": {
				"north": {"uv": [6, 0, 8, 2], "texture": "#1"},
				"east": {"uv": [6, 0, 8, 2], "texture": "#1"},
				"south": {"uv": [6, 0, 8, 2], "texture": "#1"},
				"west": {"uv": [6, 0, 8, 2], "texture": "#1"},
				"up": {"uv": [6, 0, 8, 2], "texture": "#1"},
				"down": {"uv": [6, 0, 8, 2], "texture": "#1"}
			}
		},
		{
			"from": [10.1658, 8.71527, 7.948],
			"to": [10.2938, 9.49127, 8.084],
			"rotation": {"angle": 22.5, "axis": "z", "origin": [10.05, 9.75726, 8.016]},
			"faces": {
				"north": {"uv": [6, 0, 8, 2], "rotation": 270, "texture": "#1"},
				"east": {"uv": [6, 0, 8, 2], "rotation": 90, "texture": "#1"},
				"south": {"uv": [6, 0, 8, 2], "rotation": 90, "texture": "#1"},
				"west": {"uv": [6, 0, 8, 2], "rotation": 90, "texture": "#1"},
				"up": {"uv": [6, 0, 8, 2], "rotation": 90, "texture": "#1"},
				"down": {"uv": [6, 0, 8, 2], "rotation": 90, "texture": "#1"}
			}
		},
		{
			"from": [10.05266, 8.95414, 7.948],
			"to": [10.18066, 9.18614, 8.084],
			"rotation": {"angle": 22.5, "axis": "z", "origin": [10.05, 9.75726, 8.016]},
			"faces": {
				"north": {"uv": [6, 0, 7, 1], "rotation": 270, "texture": "#1"},
				"east": {"uv": [6, 0, 8, 2], "rotation": 90, "texture": "#1"},
				"south": {"uv": [6, 0, 7, 1], "rotation": 90, "texture": "#1"},
				"west": {"uv": [6, 0, 8, 2], "rotation": 90, "texture": "#1"},
				"up": {"uv": [6, 0, 8, 2], "rotation": 90, "texture": "#1"},
				"down": {"uv": [6, 0, 8, 2], "rotation": 90, "texture": "#1"}
			}
		},
		{
			"from": [9.529, 8.97683, 7.948],
			"to": [10.049, 9.52883, 8.084],
			"rotation": {"angle": -22.5, "axis": "z", "origin": [10.05, 9.75726, 8.016]},
			"faces": {
				"north": {"uv": [15, 4, 16, 5], "texture": "#1"},
				"east": {"uv": [6, 0, 8, 2], "texture": "#1"},
				"south": {"uv": [12, 2, 13, 3], "texture": "#1"},
				"west": {"uv": [6, 0, 8, 2], "texture": "#1"},
				"up": {"uv": [6, 0, 8, 2], "texture": "#1"},
				"down": {"uv": [6, 0, 8, 2], "texture": "#1"}
			}
		},
		{
			"from": [9.53932, 8.83686, 7.948],
			"to": [9.86732, 9.16486, 8.084],
			"rotation": {"angle": -45, "axis": "z", "origin": [10.05, 9.75726, 8.016]},
			"faces": {
				"north": {"uv": [6, 0, 8, 2], "texture": "#1"},
				"east": {"uv": [6, 0, 8, 2], "texture": "#1"},
				"south": {"uv": [6, 0, 8, 2], "texture": "#1"},
				"west": {"uv": [6, 0, 8, 2], "texture": "#1"},
				"up": {"uv": [6, 0, 8, 2], "texture": "#1"},
				"down": {"uv": [6, 0, 8, 2], "texture": "#1"}
			}
		},
		{
			"from": [9.00422, 9.87684, 7.948],
			"to": [9.78022, 10.00484, 8.084],
			"rotation": {"angle": 22.5, "axis": "z", "origin": [10.05, 9.75726, 8.016]},
			"faces": {
				"north": {"uv": [6, 0, 8, 1], "texture": "#1"},
				"east": {"uv": [6, 0, 8, 2], "texture": "#1"},
				"south": {"uv": [6, 0, 8, 1], "texture": "#1"},
				"west": {"uv": [6, 0, 8, 2], "texture": "#1"},
				"up": {"uv": [6, 0, 8, 1], "texture": "#1"},
				"down": {"uv": [6, 0, 8, 2], "texture": "#1"}
			}
		},
		{
			"from": [9.24309, 9.76371, 7.948],
			"to": [9.47509, 9.89171, 8.084],
			"rotation": {"angle": 22.5, "axis": "z", "origin": [10.05, 9.75726, 8.016]},
			"faces": {
				"north": {"uv": [6, 0, 7, 1], "texture": "#1"},
				"east": {"uv": [6, 0, 8, 2], "texture": "#1"},
				"south": {"uv": [6, 0, 7, 1], "texture": "#1"},
				"west": {"uv": [6, 0, 8, 2], "texture": "#1"},
				"up": {"uv": [6, 0, 8, 2], "texture": "#1"},
				"down": {"uv": [6, 0, 8, 2], "texture": "#1"}
			}
		},
		{
			"from": [9.41126, 9.42534, 7.948],
			"to": [9.73926, 9.65734, 8.084],
			"rotation": {"angle": -45, "axis": "z", "origin": [10.05, 9.75726, 8.016]},
			"faces": {
				"north": {"uv": [6, 0, 8, 2], "texture": "#1"},
				"east": {"uv": [6, 0, 8, 2], "texture": "#1"},
				"south": {"uv": [6, 0, 8, 2], "texture": "#1"},
				"west": {"uv": [6, 0, 8, 2], "texture": "#1"},
				"up": {"uv": [6, 0, 8, 2], "texture": "#1"},
				"down": {"uv": [6, 0, 8, 2], "texture": "#1"}
			}
		},
		{
			"from": [9.49891, 10.22036, 7.948],
			"to": [9.60291, 10.35636, 8.084],
			"rotation": {"angle": 22.5, "axis": "z", "origin": [10.05, 9.75726, 8.016]},
			"faces": {
				"north": {"uv": [6, 0, 7, 1], "rotation": 270, "texture": "#1"},
				"east": {"uv": [6, 0, 8, 2], "rotation": 90, "texture": "#1"},
				"south": {"uv": [6, 0, 7, 1], "rotation": 90, "texture": "#1"},
				"west": {"uv": [6, 0, 7, 1], "rotation": 90, "texture": "#1"},
				"up": {"uv": [6, 0, 8, 2], "rotation": 90, "texture": "#1"},
				"down": {"uv": [6, 0, 8, 2], "rotation": 90, "texture": "#1"}
			}
		},
		{
			"from": [9.3116, 10.09986, 7.948],
			"to": [9.8956, 10.13986, 8.084],
			"rotation": {"angle": 0, "axis": "y", "origin": [10.05, 9.75726, 8.016]},
			"faces": {
				"north": {"uv": [6, 0, 8, 2], "texture": "#1"},
				"east": {"uv": [6, 0, 8, 2], "texture": "#1"},
				"south": {"uv": [6, 0, 8, 2], "texture": "#1"},
				"west": {"uv": [6, 0, 8, 2], "texture": "#1"},
				"up": {"uv": [6, 0, 8, 1], "texture": "#1"},
				"down": {"uv": [6, 0, 8, 2], "texture": "#1"}
			}
		},
		{
			"from": [9.42735, 10.0383, 7.948],
			"to": [9.72335, 10.1103, 8.084],
			"rotation": {"angle": 0, "axis": "y", "origin": [10.05, 9.75726, 8.016]},
			"faces": {
				"north": {"uv": [6, 0, 8, 2], "texture": "#1"},
				"east": {"uv": [6, 0, 8, 2], "texture": "#1"},
				"south": {"uv": [6, 0, 8, 2], "texture": "#1"},
				"west": {"uv": [6, 0, 8, 2], "texture": "#1"},
				"up": {"uv": [6, 0, 8, 2], "texture": "#1"},
				"down": {"uv": [6, 0, 8, 2], "texture": "#1"}
			}
		},
		{
			"from": [9.51532, 8.74814, 7.916],
			"to": [10.51532, 8.98014, 8.116],
			"rotation": {"angle": -22.5, "axis": "z", "origin": [10.05, 9.75726, 8.016]},
			"faces": {
				"north": {"uv": [0, 14, 3, 15], "texture": "#1"},
				"east": {"uv": [0, 14, 1, 15], "texture": "#1"},
				"south": {"uv": [0, 14, 3, 15], "texture": "#1"},
				"west": {"uv": [0, 14, 1, 15], "texture": "#1"},
				"up": {"uv": [0, 12, 3, 14], "texture": "#1"},
				"down": {"uv": [0, 12, 3, 14], "texture": "#1"}
			}
		},
		{
			"from": [5.19817, 9.77056, 7.948],
			"to": [5.97417, 10.54656, 8.084],
			"rotation": {"angle": -22.5, "axis": "z", "origin": [5.95, 9.75726, 8.016]},
			"faces": {
				"north": {"uv": [14, 2, 12, 4], "texture": "#1"},
				"east": {"uv": [8, 0, 6, 2], "texture": "#1"},
				"south": {"uv": [14, 2, 12, 4], "texture": "#1"},
				"west": {"uv": [8, 0, 6, 2], "texture": "#1"},
				"up": {"uv": [8, 0, 6, 2], "texture": "#1"},
				"down": {"uv": [8, 0, 6, 2], "texture": "#1"}
			}
		},
		{
			"from": [5.44571, 10.43175, 7.948],
			"to": [5.90171, 10.50375, 8.084],
			"rotation": {"angle": 45, "axis": "z", "origin": [5.95, 9.75726, 8.016]},
			"faces": {
				"north": {"uv": [6, 1, 7, 0], "rotation": 90, "texture": "#1"},
				"east": {"uv": [6, 2, 8, 0], "rotation": 270, "texture": "#1"},
				"south": {"uv": [6, 1, 7, 0], "rotation": 270, "texture": "#1"},
				"west": {"uv": [6, 2, 8, 0], "rotation": 270, "texture": "#1"},
				"up": {"uv": [6, 2, 7, 0], "rotation": 270, "texture": "#1"},
				"down": {"uv": [6, 2, 8, 0], "rotation": 270, "texture": "#1"}
			}
		},
		{
			"from": [5.21256, 9.83781, 7.948],
			"to": [5.50856, 9.90981, 8.084],
			"rotation": {"angle": 0, "axis": "y", "origin": [5.95, 9.75726, 8.016]},
			"faces": {
				"north": {"uv": [6, 2, 7, 0], "rotation": 90, "texture": "#1"},
				"east": {"uv": [6, 2, 8, 0], "rotation": 270, "texture": "#1"},
				"south": {"uv": [6, 2, 7, 0], "rotation": 270, "texture": "#1"},
				"west": {"uv": [6, 2, 8, 0], "rotation": 270, "texture": "#1"},
				"up": {"uv": [6, 2, 8, 0], "rotation": 270, "texture": "#1"},
				"down": {"uv": [6, 2, 7, 0], "rotation": 270, "texture": "#1"}
			}
		},
		{
			"from": [5.13387, 9.54947, 7.948],
			"to": [5.23787, 9.65347, 8.084],
			"rotation": {"angle": -22.5, "axis": "z", "origin": [5.95, 9.75726, 8.016]},
			"faces": {
				"north": {"uv": [6, 2, 8, 0], "rotation": 90, "texture": "#1"},
				"east": {"uv": [6, 2, 8, 0], "rotation": 270, "texture": "#1"},
				"south": {"uv": [6, 2, 8, 0], "rotation": 270, "texture": "#1"},
				"west": {"uv": [6, 2, 8, 0], "rotation": 270, "texture": "#1"},
				"up": {"uv": [6, 2, 8, 0], "rotation": 270, "texture": "#1"},
				"down": {"uv": [6, 2, 7, 0], "rotation": 270, "texture": "#1"}
			}
		},
		{
			"from": [5.18955, 9.88697, 7.948],
			"to": [5.51755, 10.05497, 8.084],
			"rotation": {"angle": 0, "axis": "y", "origin": [5.95, 9.75726, 8.016]},
			"faces": {
				"north": {"uv": [6, 2, 7, 0], "rotation": 90, "texture": "#1"},
				"east": {"uv": [6, 2, 8, 0], "rotation": 270, "texture": "#1"},
				"south": {"uv": [7, 2, 8, 0], "rotation": 270, "texture": "#1"},
				"west": {"uv": [6, 2, 8, 0], "rotation": 270, "texture": "#1"},
				"up": {"uv": [6, 2, 8, 0], "rotation": 270, "texture": "#1"},
				"down": {"uv": [6, 2, 8, 0], "rotation": 270, "texture": "#1"}
			}
		},
		{
			"from": [6.00324, 10.4338, 7.948],
			"to": [6.45924, 10.5058, 8.084],
			"rotation": {"angle": 0, "axis": "y", "origin": [5.95, 9.75726, 8.016]},
			"faces": {
				"north": {"uv": [6, 2, 7, 0], "rotation": 90, "texture": "#1"},
				"east": {"uv": [6, 1, 7, 0], "rotation": 270, "texture": "#1"},
				"south": {"uv": [6, 2, 7, 0], "rotation": 270, "texture": "#1"},
				"west": {"uv": [6, 2, 8, 0], "rotation": 270, "texture": "#1"},
				"up": {"uv": [6, 2, 7, 0], "rotation": 270, "texture": "#1"},
				"down": {"uv": [6, 2, 8, 0], "rotation": 270, "texture": "#1"}
			}
		},
		{
			"from": [6.39639, 9.83576, 7.948],
			"to": [6.69239, 9.90776, 8.084],
			"rotation": {"angle": 45, "axis": "z", "origin": [5.95, 9.75726, 8.016]},
			"faces": {
				"north": {"uv": [6, 2, 7, 0], "rotation": 90, "texture": "#1"},
				"east": {"uv": [6, 2, 8, 0], "rotation": 270, "texture": "#1"},
				"south": {"uv": [6, 2, 7, 0], "rotation": 270, "texture": "#1"},
				"west": {"uv": [6, 2, 8, 0], "rotation": 270, "texture": "#1"},
				"up": {"uv": [6, 2, 8, 0], "rotation": 270, "texture": "#1"},
				"down": {"uv": [6, 2, 7, 0], "rotation": 270, "texture": "#1"}
			}
		},
		{
			"from": [6.05758, 10.47318, 7.948],
			"to": [6.16158, 10.57718, 8.084],
			"rotation": {"angle": -22.5, "axis": "z", "origin": [5.95, 9.75726, 8.016]},
			"faces": {
				"north": {"uv": [7, 0, 6, 1], "texture": "#1"},
				"east": {"uv": [7, 0, 6, 1], "texture": "#1"},
				"south": {"uv": [7, 0, 6, 1], "texture": "#1"},
				"west": {"uv": [8, 0, 6, 2], "texture": "#1"},
				"up": {"uv": [8, 0, 6, 2], "texture": "#1"},
				"down": {"uv": [8, 0, 6, 2], "texture": "#1"}
			}
		},
		{
			"from": [6.3874, 9.88492, 7.948],
			"to": [6.7154, 10.05292, 8.084],
			"rotation": {"angle": 45, "axis": "z", "origin": [5.95, 9.75726, 8.016]},
			"faces": {
				"north": {"uv": [6, 2, 7, 0], "rotation": 90, "texture": "#1"},
				"east": {"uv": [6, 2, 8, 0], "rotation": 270, "texture": "#1"},
				"south": {"uv": [6, 2, 7, 0], "rotation": 270, "texture": "#1"},
				"west": {"uv": [6, 2, 8, 0], "rotation": 270, "texture": "#1"},
				"up": {"uv": [6, 2, 8, 0], "rotation": 270, "texture": "#1"},
				"down": {"uv": [6, 2, 8, 0], "rotation": 270, "texture": "#1"}
			}
		},
		{
			"from": [5.48295, 9.30797, 7.948],
			"to": [6.41895, 10.21197, 8.084],
			"rotation": {"angle": -22.5, "axis": "z", "origin": [5.95, 9.75726, 8.016]},
			"faces": {
				"north": {"uv": [14, 3, 12, 5], "texture": "#1"},
				"east": {"uv": [8, 0, 6, 2], "texture": "#1"},
				"south": {"uv": [14, 2, 12, 4], "texture": "#1"},
				"west": {"uv": [8, 0, 6, 2], "texture": "#1"},
				"up": {"uv": [8, 0, 6, 2], "texture": "#1"},
				"down": {"uv": [8, 0, 6, 2], "texture": "#1"}
			}
		},
		{
			"from": [5.28665, 9.41515, 7.948],
			"to": [5.61465, 9.64715, 8.084],
			"rotation": {"angle": 0, "axis": "y", "origin": [5.95, 9.75726, 8.016]},
			"faces": {
				"north": {"uv": [8, 0, 6, 2], "texture": "#1"},
				"east": {"uv": [8, 0, 6, 2], "texture": "#1"},
				"south": {"uv": [8, 0, 6, 2], "texture": "#1"},
				"west": {"uv": [8, 0, 6, 2], "texture": "#1"},
				"up": {"uv": [8, 0, 6, 2], "texture": "#1"},
				"down": {"uv": [8, 0, 6, 2], "texture": "#1"}
			}
		},
		{
			"from": [5.33207, 9.18734, 7.948],
			"to": [5.46807, 9.29134, 8.084],
			"rotation": {"angle": -22.5, "axis": "z", "origin": [5.95, 9.75726, 8.016]},
			"faces": {
				"north": {"uv": [7, 0, 6, 1], "texture": "#1"},
				"east": {"uv": [8, 0, 6, 2], "texture": "#1"},
				"south": {"uv": [7, 0, 6, 1], "texture": "#1"},
				"west": {"uv": [8, 0, 6, 2], "texture": "#1"},
				"up": {"uv": [8, 0, 6, 2], "texture": "#1"},
				"down": {"uv": [7, 0, 6, 2], "texture": "#1"}
			}
		},
		{
			"from": [5.18699, 10.11006, 7.948],
			"to": [5.77099, 10.15006, 8.084],
			"rotation": {"angle": 45, "axis": "z", "origin": [5.95, 9.75726, 8.016]},
			"faces": {
				"north": {"uv": [7, 0, 6, 1], "texture": "#1"},
				"east": {"uv": [8, 0, 6, 2], "texture": "#1"},
				"south": {"uv": [7, 0, 6, 1], "texture": "#1"},
				"west": {"uv": [8, 0, 6, 2], "texture": "#1"},
				"up": {"uv": [8, 0, 6, 1], "texture": "#1"},
				"down": {"uv": [8, 0, 6, 2], "texture": "#1"}
			}
		},
		{
			"from": [5.30274, 10.04849, 7.948],
			"to": [5.59874, 10.12049, 8.084],
			"rotation": {"angle": 45, "axis": "z", "origin": [5.95, 9.75726, 8.016]},
			"faces": {
				"north": {"uv": [7, 0, 6, 1], "texture": "#1"},
				"east": {"uv": [8, 0, 6, 2], "texture": "#1"},
				"south": {"uv": [7, 0, 6, 1], "texture": "#1"},
				"west": {"uv": [8, 0, 6, 2], "texture": "#1"},
				"up": {"uv": [8, 0, 6, 2], "texture": "#1"},
				"down": {"uv": [8, 0, 6, 2], "texture": "#1"}
			}
		},
		{
			"from": [5.43436, 8.97683, 7.948],
			"to": [5.95436, 9.52883, 8.084],
			"rotation": {"angle": 22.5, "axis": "z", "origin": [5.95, 9.75726, 8.016]},
			"faces": {
				"north": {"uv": [13, 4, 12, 5], "texture": "#1"},
				"east": {"uv": [8, 0, 6, 2], "texture": "#1"},
				"south": {"uv": [16, 2, 15, 3], "texture": "#1"},
				"west": {"uv": [8, 0, 6, 2], "texture": "#1"},
				"up": {"uv": [8, 0, 6, 2], "texture": "#1"},
				"down": {"uv": [8, 0, 6, 2], "texture": "#1"}
			}
		},
		{
			"from": [5.44427, 8.8389, 7.948],
			"to": [5.77227, 9.1669, 8.084],
			"rotation": {"angle": 0, "axis": "y", "origin": [5.95, 9.75726, 8.016]},
			"faces": {
				"north": {"uv": [8, 0, 6, 2], "texture": "#1"},
				"east": {"uv": [8, 0, 6, 2], "texture": "#1"},
				"south": {"uv": [8, 0, 6, 2], "texture": "#1"},
				"west": {"uv": [8, 0, 6, 2], "texture": "#1"},
				"up": {"uv": [8, 0, 6, 2], "texture": "#1"},
				"down": {"uv": [8, 0, 6, 2], "texture": "#1"}
			}
		},
		{
			"from": [5.7062, 8.71527, 7.948],
			"to": [5.8342, 9.49127, 8.084],
			"rotation": {"angle": -22.5, "axis": "z", "origin": [5.95, 9.75726, 8.016]},
			"faces": {
				"north": {"uv": [6, 2, 8, 0], "rotation": 270, "texture": "#1"},
				"east": {"uv": [6, 2, 8, 0], "rotation": 90, "texture": "#1"},
				"south": {"uv": [6, 2, 8, 0], "rotation": 90, "texture": "#1"},
				"west": {"uv": [6, 2, 8, 0], "rotation": 90, "texture": "#1"},
				"up": {"uv": [6, 2, 8, 0], "rotation": 90, "texture": "#1"},
				"down": {"uv": [6, 2, 8, 0], "rotation": 90, "texture": "#1"}
			}
		},
		{
			"from": [5.81934, 8.95414, 7.948],
			"to": [5.94734, 9.18614, 8.084],
			"rotation": {"angle": -22.5, "axis": "z", "origin": [5.95, 9.75726, 8.016]},
			"faces": {
				"north": {"uv": [6, 1, 7, 0], "rotation": 270, "texture": "#1"},
				"east": {"uv": [6, 2, 8, 0], "rotation": 90, "texture": "#1"},
				"south": {"uv": [6, 1, 7, 0], "rotation": 90, "texture": "#1"},
				"west": {"uv": [6, 2, 8, 0], "rotation": 90, "texture": "#1"},
				"up": {"uv": [6, 2, 8, 0], "rotation": 90, "texture": "#1"},
				"down": {"uv": [6, 2, 8, 0], "rotation": 90, "texture": "#1"}
			}
		},
		{
			"from": [5.951, 8.97683, 7.948],
			"to": [6.471, 9.52883, 8.084],
			"rotation": {"angle": 22.5, "axis": "z", "origin": [5.95, 9.75726, 8.016]},
			"faces": {
				"north": {"uv": [16, 4, 15, 5], "texture": "#1"},
				"east": {"uv": [8, 0, 6, 2], "texture": "#1"},
				"south": {"uv": [13, 2, 12, 3], "texture": "#1"},
				"west": {"uv": [8, 0, 6, 2], "texture": "#1"},
				"up": {"uv": [8, 0, 6, 2], "texture": "#1"},
				"down": {"uv": [8, 0, 6, 2], "texture": "#1"}
			}
		},
		{
			"from": [6.13268, 8.83686, 7.948],
			"to": [6.46068, 9.16486, 8.084],
			"rotation": {"angle": 45, "axis": "z", "origin": [5.95, 9.75726, 8.016]},
			"faces": {
				"north": {"uv": [8, 0, 6, 2], "texture": "#1"},
				"east": {"uv": [8, 0, 6, 2], "texture": "#1"},
				"south": {"uv": [8, 0, 6, 2], "texture": "#1"},
				"west": {"uv": [8, 0, 6, 2], "texture": "#1"},
				"up": {"uv": [8, 0, 6, 2], "texture": "#1"},
				"down": {"uv": [8, 0, 6, 2], "texture": "#1"}
			}
		},
		{
			"from": [6.21978, 9.87684, 7.948],
			"to": [6.99578, 10.00484, 8.084],
			"rotation": {"angle": -22.5, "axis": "z", "origin": [5.95, 9.75726, 8.016]},
			"faces": {
				"north": {"uv": [8, 0, 6, 1], "texture": "#1"},
				"east": {"uv": [8, 0, 6, 2], "texture": "#1"},
				"south": {"uv": [8, 0, 6, 1], "texture": "#1"},
				"west": {"uv": [8, 0, 6, 2], "texture": "#1"},
				"up": {"uv": [8, 0, 6, 1], "texture": "#1"},
				"down": {"uv": [8, 0, 6, 2], "texture": "#1"}
			}
		},
		{
			"from": [6.52491, 9.76371, 7.948],
			"to": [6.75691, 9.89171, 8.084],
			"rotation": {"angle": -22.5, "axis": "z", "origin": [5.95, 9.75726, 8.016]},
			"faces": {
				"north": {"uv": [7, 0, 6, 1], "texture": "#1"},
				"east": {"uv": [8, 0, 6, 2], "texture": "#1"},
				"south": {"uv": [7, 0, 6, 1], "texture": "#1"},
				"west": {"uv": [8, 0, 6, 2], "texture": "#1"},
				"up": {"uv": [8, 0, 6, 2], "texture": "#1"},
				"down": {"uv": [8, 0, 6, 2], "texture": "#1"}
			}
		},
		{
			"from": [6.26074, 9.42534, 7.948],
			"to": [6.58874, 9.65734, 8.084],
			"rotation": {"angle": 45, "axis": "z", "origin": [5.95, 9.75726, 8.016]},
			"faces": {
				"north": {"uv": [8, 0, 6, 2], "texture": "#1"},
				"east": {"uv": [8, 0, 6, 2], "texture": "#1"},
				"south": {"uv": [8, 0, 6, 2], "texture": "#1"},
				"west": {"uv": [8, 0, 6, 2], "texture": "#1"},
				"up": {"uv": [8, 0, 6, 2], "texture": "#1"},
				"down": {"uv": [8, 0, 6, 2], "texture": "#1"}
			}
		},
		{
			"from": [6.39709, 10.22036, 7.948],
			"to": [6.50109, 10.35636, 8.084],
			"rotation": {"angle": -22.5, "axis": "z", "origin": [5.95, 9.75726, 8.016]},
			"faces": {
				"north": {"uv": [6, 1, 7, 0], "rotation": 270, "texture": "#1"},
				"east": {"uv": [6, 1, 7, 0], "rotation": 90, "texture": "#1"},
				"south": {"uv": [6, 1, 7, 0], "rotation": 90, "texture": "#1"},
				"west": {"uv": [6, 2, 8, 0], "rotation": 90, "texture": "#1"},
				"up": {"uv": [6, 2, 8, 0], "rotation": 90, "texture": "#1"},
				"down": {"uv": [6, 2, 8, 0], "rotation": 90, "texture": "#1"}
			}
		},
		{
			"from": [6.1044, 10.09986, 7.948],
			"to": [6.6884, 10.13986, 8.084],
			"rotation": {"angle": 0, "axis": "y", "origin": [5.95, 9.75726, 8.016]},
			"faces": {
				"north": {"uv": [8, 0, 6, 2], "texture": "#1"},
				"east": {"uv": [8, 0, 6, 2], "texture": "#1"},
				"south": {"uv": [8, 0, 6, 2], "texture": "#1"},
				"west": {"uv": [8, 0, 6, 2], "texture": "#1"},
				"up": {"uv": [8, 0, 6, 1], "texture": "#1"},
				"down": {"uv": [8, 0, 6, 2], "texture": "#1"}
			}
		},
		{
			"from": [6.27665, 10.0383, 7.948],
			"to": [6.57265, 10.1103, 8.084],
			"rotation": {"angle": 0, "axis": "y", "origin": [5.95, 9.75726, 8.016]},
			"faces": {
				"north": {"uv": [8, 0, 6, 2], "texture": "#1"},
				"east": {"uv": [8, 0, 6, 2], "texture": "#1"},
				"south": {"uv": [8, 0, 6, 2], "texture": "#1"},
				"west": {"uv": [8, 0, 6, 2], "texture": "#1"},
				"up": {"uv": [8, 0, 6, 2], "texture": "#1"},
				"down": {"uv": [8, 0, 6, 2], "texture": "#1"}
			}
		},
		{
			"from": [5.48468, 8.74814, 7.916],
			"to": [6.48468, 8.98014, 8.116],
			"rotation": {"angle": 22.5, "axis": "z", "origin": [5.95, 9.75726, 8.016]},
			"faces": {
				"north": {"uv": [3, 14, 0, 15], "texture": "#1"},
				"east": {"uv": [1, 14, 0, 15], "texture": "#1"},
				"south": {"uv": [3, 14, 0, 15], "texture": "#1"},
				"west": {"uv": [1, 14, 0, 15], "texture": "#1"},
				"up": {"uv": [3, 12, 0, 14], "texture": "#1"},
				"down": {"uv": [3, 12, 0, 14], "texture": "#1"}
			}
		},
		{
			"from": [7.244, 9.02, 7.244],
			"to": [8.756, 9.796, 8.756],
			"rotation": {"angle": 0, "axis": "y", "origin": [15.468, 17.052, 15.724]},
			"faces": {
				"north": {"uv": [2, 12, 7, 15], "texture": "#1"},
				"east": {"uv": [7, 12, 12, 15], "texture": "#1"},
				"south": {"uv": [7, 12, 12, 15], "texture": "#1"},
				"west": {"uv": [7, 12, 12, 15], "texture": "#1"},
				"up": {"uv": [4, 9, 9, 12], "texture": "#1"},
				"down": {"uv": [4, 9, 9, 12], "texture": "#1"}
			}
		},
		{
			"from": [7.436, 9.756, 7.436],
			"to": [8.564, 10.532, 8.564],
			"rotation": {"angle": 0, "axis": "y", "origin": [15.468, 17.788, 15.724]},
			"faces": {
				"north": {"uv": [2, 12, 7, 15], "texture": "#1"},
				"east": {"uv": [7, 12, 12, 15], "texture": "#1"},
				"south": {"uv": [7, 12, 12, 15], "texture": "#1"},
				"west": {"uv": [7, 12, 12, 15], "texture": "#1"},
				"up": {"uv": [4, 9, 9, 12], "texture": "#1"},
				"down": {"uv": [4, 9, 9, 12], "texture": "#1"}
			}
		},
		{
			"from": [7.644, 10.492, 7.612],
			"to": [8.356, 11.236, 8.388],
			"rotation": {"angle": 0, "axis": "y", "origin": [15.58, 18.428, 15.804]},
			"faces": {
				"north": {"uv": [2, 2, 4, 4], "texture": "#1"},
				"east": {"uv": [4, 2, 6, 4], "texture": "#1"},
				"south": {"uv": [6, 2, 8, 4], "texture": "#1"},
				"west": {"uv": [0, 2, 2, 4], "texture": "#1"},
				"up": {"uv": [2, 0, 4, 2], "texture": "#1"},
				"down": {"uv": [4, 0, 6, 2], "texture": "#1"}
			}
		},
		{
			"from": [7.644, 11.26, 7.612],
			"to": [8.356, 12.1, 8.388],
			"rotation": {"angle": 0, "axis": "y", "origin": [15.58, 19.196, 15.804]},
			"faces": {
				"north": {"uv": [13, 12, 14, 13], "texture": "#1"},
				"east": {"uv": [13, 12, 14, 13], "texture": "#1"},
				"south": {"uv": [13, 12, 14, 13], "texture": "#1"},
				"west": {"uv": [14, 12, 15, 13], "texture": "#1"},
				"up": {"uv": [14, 14, 15, 15], "texture": "#1"},
				"down": {"uv": [14, 12, 15, 13], "texture": "#1"}
			}
		},
		{
			"from": [7.5, 11.132, 7.5],
			"to": [8.5, 11.268, 8.5],
			"rotation": {"angle": 0, "axis": "y", "origin": [15.34, 19.068, 15.916]},
			"faces": {
				"north": {"uv": [13, 14, 15, 15], "texture": "#1"},
				"east": {"uv": [13, 14, 15, 15], "texture": "#1"},
				"south": {"uv": [13, 14, 15, 15], "texture": "#1"},
				"west": {"uv": [13, 14, 15, 15], "texture": "#1"},
				"up": {"uv": [13, 14, 14, 14], "texture": "#1"},
				"down": {"uv": [13, 14, 15, 15], "texture": "#1"}
			}
		},
		{
			"from": [8.69418, 9.74582, 7.932],
			"to": [8.83018, 10.45782, 8.068],
			"rotation": {"angle": 45, "axis": "z", "origin": [8.76218, 10.10182, 8]},
			"faces": {
				"north": {"uv": [8, 2, 9, 6], "rotation": 270, "texture": "#1"},
				"east": {"uv": [8, 2, 9, 6], "rotation": 90, "texture": "#1"},
				"south": {"uv": [8, 2, 9, 6], "rotation": 90, "texture": "#1"},
				"west": {"uv": [8, 2, 9, 6], "rotation": 90, "texture": "#1"},
				"up": {"uv": [8, 2, 9, 3], "rotation": 90, "texture": "#1"},
				"down": {"uv": [8, 2, 9, 3], "rotation": 90, "texture": "#1"}
			}
		},
		{
			"from": [7.16982, 9.74582, 7.932],
			"to": [7.30582, 10.45782, 8.068],
			"rotation": {"angle": -45, "axis": "z", "origin": [7.23782, 10.10182, 8]},
			"faces": {
				"north": {"uv": [8, 2, 9, 6], "rotation": 270, "texture": "#1"},
				"east": {"uv": [8, 2, 9, 6], "rotation": 90, "texture": "#1"},
				"south": {"uv": [8, 2, 9, 6], "rotation": 90, "texture": "#1"},
				"west": {"uv": [8, 2, 9, 6], "rotation": 90, "texture": "#1"},
				"up": {"uv": [8, 2, 9, 3], "rotation": 90, "texture": "#1"},
				"down": {"uv": [8, 2, 9, 3], "rotation": 90, "texture": "#1"}
			}
		}
	],
	"display": {
		"gui": {
			"rotation": [0, -180, 0],
			"translation": [0, -2.25, 0],
			"scale": [2, 2, 2]
		},
		"head": {
			"translation": [0, 4.25, 0],
			"scale": [3.5, 3.5, 3.5]
		},
		"fixed": {
			"scale": [2, 2, 2]
		}
	},
	"groups": [
		{
			"name": "머리띠",
			"origin": [16.584, 15.756, 0.244],
			"children": [0, 1, 2]
		},
		{
			"name": "트리",
			"origin": [8, 8, 8],
			"children": [3,
				{
					"name": "group",
					"origin": [8.34726, 11.26104, 7.6],
					"children": [4, 5, 6, 7]
				},
				{
					"name": "group",
					"origin": [8.34726, 11.26104, 7.6],
					"children": [8, 9, 10, 11]
				}, 12,
				{
					"name": "group",
					"origin": [8.53926, 10.52504, 7.6],
					"children": [13, 14, 15, 16]
				},
				{
					"name": "group",
					"origin": [8.53926, 10.52504, 7.6],
					"children": [17, 18, 19, 20]
				},
				{
					"name": "group",
					"origin": [8.53926, 10.52504, 7.6],
					"children": [21, 22, 23, 24]
				},
				{
					"name": "group",
					"origin": [8.53926, 10.52504, 7.6],
					"children": [25, 26, 27, 28]
				}, 29]
		},
		{
			"name": "트리",
			"origin": [8, 8, 8],
			"children": [30,
				{
					"name": "group",
					"origin": [8.34726, 11.26104, 7.6],
					"children": [31, 32, 33, 34]
				},
				{
					"name": "group",
					"origin": [8.34726, 11.26104, 7.6],
					"children": [35, 36, 37, 38]
				}, 39,
				{
					"name": "group",
					"origin": [8.53926, 10.52504, 7.6],
					"children": [40, 41, 42, 43]
				},
				{
					"name": "group",
					"origin": [8.53926, 10.52504, 7.6],
					"children": [44, 45, 46, 47]
				},
				{
					"name": "group",
					"origin": [8.53926, 10.52504, 7.6],
					"children": [48, 49, 50, 51]
				},
				{
					"name": "group",
					"origin": [8.53926, 10.52504, 7.6],
					"children": [52, 53, 54, 55]
				}, 56]
		},
		{
			"name": "눈사람",
			"origin": [8, 8, 8],
			"children": [57, 58, 59, 60, 61, 62, 63]
		}
	]
}