{
	"credit": "Made with Blockbench",
	"texture_size": [128, 128],
	"textures": {
		"0": "item/etc/magichat",
		"particle": "item/etc/magichat"
	},
	"elements": [
		{
			"name": "rearFootLeft",
			"from": [10, 14.99691, 6.07501],
			"to": [12, 15.99691, 13.07501],
			"rotation": {"angle": 0, "axis": "y", "origin": [16, 22.99691, 14.52301]},
			"faces": {
				"north": {"uv": [6.5, 6.375, 6.75, 6.5], "texture": "#0"},
				"east": {"uv": [1.375, 1.25, 2.25, 1.375], "texture": "#0"},
				"south": {"uv": [8.375, 4.75, 8.625, 4.875], "texture": "#0"},
				"west": {"uv": [2.75, 2.625, 3.625, 2.75], "texture": "#0"},
				"up": {"uv": [5.875, 8.375, 5.625, 7.5], "texture": "#0"},
				"down": {"uv": [7.75, 0.375, 7.5, 1.25], "texture": "#0"}
			}
		},
		{
			"name": "rearFootRight",
			"from": [4, 14.99691, 6.07501],
			"to": [6, 15.99691, 13.07501],
			"rotation": {"angle": 0, "axis": "y", "origin": [16, 22.99691, 14.07501]},
			"faces": {
				"north": {"uv": [8.375, 4.875, 8.625, 5], "texture": "#0"},
				"east": {"uv": [7.75, 1, 8.625, 1.125], "texture": "#0"},
				"south": {"uv": [8.375, 5, 8.625, 5.125], "texture": "#0"},
				"west": {"uv": [7.75, 1.125, 8.625, 1.25], "texture": "#0"},
				"up": {"uv": [1.375, 8.625, 1.125, 7.75], "texture": "#0"},
				"down": {"uv": [2.375, 7.75, 2.125, 8.625], "texture": "#0"}
			}
		},
		{
			"name": "haunchLeft",
			"from": [10, 12.4647, 0.7135],
			"to": [12, 16.4647, 5.7135],
			"rotation": {"angle": 22.5, "axis": "x", "origin": [16, -4.39509, 17.53101]},
			"faces": {
				"north": {"uv": [8, 8, 8.25, 8.5], "texture": "#0"},
				"east": {"uv": [0, 7, 0.625, 7.5], "texture": "#0"},
				"south": {"uv": [8, 0.375, 8.25, 0.875], "texture": "#0"},
				"west": {"uv": [1.375, 7, 2, 7.5], "texture": "#0"},
				"up": {"uv": [7.25, 8.375, 7, 7.75], "texture": "#0"},
				"down": {"uv": [8, 0.375, 7.75, 1], "texture": "#0"}
			}
		},
		{
			"name": "haunchRight",
			"from": [4, 12.46468, 0.71345],
			"to": [6, 16.46468, 5.71345],
			"rotation": {"angle": 22.5, "axis": "x", "origin": [16, -4.39509, 17.53101]},
			"faces": {
				"north": {"uv": [8, 3.125, 8.25, 3.625], "texture": "#0"},
				"east": {"uv": [7.125, 1.75, 7.75, 2.25], "texture": "#0"},
				"south": {"uv": [8, 5.5, 8.25, 6], "texture": "#0"},
				"west": {"uv": [2.625, 7.25, 3.25, 7.75], "texture": "#0"},
				"up": {"uv": [6.625, 8.5, 6.375, 7.875], "texture": "#0"},
				"down": {"uv": [7.5, 7.875, 7.25, 8.5], "texture": "#0"}
			}
		},
		{
			"name": "body",
			"from": [5, 14.95849, -6.43444],
			"to": [11, 19.95849, 3.56556],
			"rotation": {"angle": 22.5, "axis": "x", "origin": [8, -7.89509, 12.53101]},
			"faces": {
				"north": {"uv": [4.75, 5.5, 5.5, 6.125], "texture": "#0"},
				"east": {"uv": [2.75, 2, 4, 2.625], "texture": "#0"},
				"south": {"uv": [5.5, 5.5, 6.25, 6.125], "texture": "#0"},
				"west": {"uv": [4.125, 3.25, 5.375, 3.875], "texture": "#0"},
				"up": {"uv": [4.875, 3.25, 4.125, 2], "texture": "#0"},
				"down": {"uv": [2.125, 4.375, 1.375, 5.625], "texture": "#0"}
			}
		},
		{
			"name": "frontLegLeft",
			"from": [10, 11.68723, -5.90787],
			"to": [12, 18.68723, -3.90787],
			"rotation": {"angle": 22.5, "axis": "x", "origin": [11, -8.89509, 8.53101]},
			"faces": {
				"north": {"uv": [2.625, 7.75, 2.875, 8.625], "texture": "#0"},
				"east": {"uv": [2.875, 7.75, 3.125, 8.625], "texture": "#0"},
				"south": {"uv": [3.125, 7.75, 3.375, 8.625], "texture": "#0"},
				"west": {"uv": [3.375, 7.75, 3.625, 8.625], "texture": "#0"},
				"up": {"uv": [8.375, 2, 8.125, 1.75], "texture": "#0"},
				"down": {"uv": [8.375, 2, 8.125, 2.25], "texture": "#0"}
			}
		},
		{
			"name": "frontLegRight",
			"from": [4, 11.68723, -5.90787],
			"to": [6, 18.68723, -3.90787],
			"rotation": {"angle": 22.5, "axis": "x", "origin": [5, -8.89509, 8.53101]},
			"faces": {
				"north": {"uv": [3.625, 7.75, 3.875, 8.625], "texture": "#0"},
				"east": {"uv": [5.875, 7.75, 6.125, 8.625], "texture": "#0"},
				"south": {"uv": [6.125, 7.75, 6.375, 8.625], "texture": "#0"},
				"west": {"uv": [6.75, 7.75, 7, 8.625], "texture": "#0"},
				"up": {"uv": [8.375, 6.625, 8.125, 6.375], "texture": "#0"},
				"down": {"uv": [8.375, 6.75, 8.125, 7], "texture": "#0"}
			}
		},
		{
			"name": "head",
			"from": [5.5, 22.99691, 0.33101],
			"to": [10.5, 26.99691, 5.33101],
			"rotation": {"angle": 0, "axis": "y", "origin": [16, 22.99691, 14.33101]},
			"faces": {
				"north": {"uv": [3.25, 7.25, 3.875, 7.75], "texture": "#0"},
				"east": {"uv": [6.75, 7.25, 7.375, 7.75], "texture": "#0"},
				"south": {"uv": [7.375, 7.375, 8, 7.875], "texture": "#0"},
				"west": {"uv": [7.375, 3.125, 8, 3.625], "texture": "#0"},
				"up": {"uv": [6.125, 0.625, 5.5, 0], "texture": "#0"},
				"down": {"uv": [6.125, 0.625, 5.5, 1.25], "texture": "#0"}
			}
		},
		{
			"name": "earRight",
			"from": [5.5, 26.99691, 4.33101],
			"to": [7.5, 31.99691, 5.33101],
			"rotation": {"angle": 0, "axis": "y", "origin": [6.5, 29.49691, 4.83101]},
			"faces": {
				"north": {"uv": [7.5, 7.875, 7.75, 8.5], "texture": "#0"},
				"east": {"uv": [4, 2, 4.125, 2.625], "texture": "#0"},
				"south": {"uv": [7.75, 7.875, 8, 8.5], "texture": "#0"},
				"west": {"uv": [6.625, 7.875, 6.75, 8.5], "texture": "#0"},
				"up": {"uv": [8.625, 6.5, 8.375, 6.375], "texture": "#0"},
				"down": {"uv": [8.625, 6.5, 8.375, 6.625], "texture": "#0"}
			}
		},
		{
			"name": "earLeft",
			"from": [8.5, 26.99691, 4.33101],
			"to": [10.5, 31.99691, 5.33101],
			"rotation": {"angle": 0, "axis": "y", "origin": [9.5, 29.49691, 4.83101]},
			"faces": {
				"north": {"uv": [0.5, 8, 0.75, 8.625], "texture": "#0"},
				"east": {"uv": [1, 8, 1.125, 8.625], "texture": "#0"},
				"south": {"uv": [0.75, 8, 1, 8.625], "texture": "#0"},
				"west": {"uv": [2.375, 8.125, 2.5, 8.75], "texture": "#0"},
				"up": {"uv": [8.625, 6.875, 8.375, 6.75], "texture": "#0"},
				"down": {"uv": [8.625, 6.875, 8.375, 7], "texture": "#0"}
			}
		},
		{
			"name": "tail",
			"from": [6.5, 14.27592, 3.05539],
			"to": [9.5, 17.27592, 5.05539],
			"rotation": {"angle": 22.5, "axis": "x", "origin": [8, -8.39509, 17.53101]},
			"faces": {
				"north": {"uv": [7.625, 5.5, 8, 5.875], "texture": "#0"},
				"east": {"uv": [2.5, 4.375, 2.75, 4.75], "texture": "#0"},
				"south": {"uv": [7.75, 1.75, 8.125, 2.125], "texture": "#0"},
				"west": {"uv": [8, 7.375, 8.25, 7.75], "texture": "#0"},
				"up": {"uv": [5.875, 5.125, 5.5, 4.875], "texture": "#0"},
				"down": {"uv": [8.375, 7.75, 8, 8], "texture": "#0"}
			}
		},
		{
			"name": "nose",
			"from": [7.5, 24.49691, -0.16899],
			"to": [8.5, 25.49691, 0.83101],
			"rotation": {"angle": 0, "axis": "y", "origin": [16, 22.99691, 14.33101]},
			"faces": {
				"north": {"uv": [2.625, 1.25, 2.75, 1.375], "texture": "#0"},
				"east": {"uv": [4, 2.625, 4.125, 2.75], "texture": "#0"},
				"south": {"uv": [4, 4.75, 4.125, 4.875], "texture": "#0"},
				"west": {"uv": [4, 4.875, 4.125, 5], "texture": "#0"},
				"up": {"uv": [4.125, 5.125, 4, 5], "texture": "#0"},
				"down": {"uv": [5.375, 3.125, 5.25, 3.25], "texture": "#0"}
			}
		},
		{
			"from": [7.25, 10, 2.5],
			"to": [8.75, 10.5, 3],
			"faces": {
				"north": {"uv": [0, 0, 0.1875, 0.0625], "texture": "#0"},
				"east": {"uv": [0, 0, 0.0625, 0.0625], "texture": "#0"},
				"south": {"uv": [0, 0, 0.1875, 0.0625], "texture": "#0"},
				"west": {"uv": [0, 0, 0.0625, 0.0625], "texture": "#0"},
				"up": {"uv": [0, 0, 0.1875, 0.0625], "texture": "#0"},
				"down": {"uv": [0, 0, 0.1875, 0.0625], "texture": "#0"}
			}
		},
		{
			"from": [7.75, 10.5, 2.5],
			"to": [9.25, 11, 3],
			"faces": {
				"north": {"uv": [0, 0, 0.1875, 0.0625], "texture": "#0"},
				"east": {"uv": [0, 0, 0.0625, 0.0625], "texture": "#0"},
				"south": {"uv": [0, 0, 0.1875, 0.0625], "texture": "#0"},
				"west": {"uv": [0, 0, 0.0625, 0.0625], "texture": "#0"},
				"up": {"uv": [0, 0, 0.1875, 0.0625], "texture": "#0"},
				"down": {"uv": [0, 0, 0.1875, 0.0625], "texture": "#0"}
			}
		},
		{
			"from": [6.75, 10.5, 2.5],
			"to": [7.25, 11, 3],
			"faces": {
				"north": {"uv": [0, 0, 0.0625, 0.0625], "texture": "#0"},
				"east": {"uv": [0, 0, 0.0625, 0.0625], "texture": "#0"},
				"south": {"uv": [0, 0, 0.0625, 0.0625], "texture": "#0"},
				"west": {"uv": [0, 0, 0.0625, 0.0625], "texture": "#0"},
				"up": {"uv": [0, 0, 0.0625, 0.0625], "texture": "#0"},
				"down": {"uv": [0, 0, 0.0625, 0.0625], "texture": "#0"}
			}
		},
		{
			"from": [8.25, 11.5, 2.5],
			"to": [9.25, 12, 3],
			"faces": {
				"north": {"uv": [0, 0, 0.125, 0.0625], "texture": "#0"},
				"east": {"uv": [0, 0, 0.0625, 0.0625], "texture": "#0"},
				"south": {"uv": [0, 0, 0.125, 0.0625], "texture": "#0"},
				"west": {"uv": [0, 0, 0.0625, 0.0625], "texture": "#0"},
				"up": {"uv": [0, 0, 0.125, 0.0625], "texture": "#0"},
				"down": {"uv": [0, 0, 0.125, 0.0625], "texture": "#0"}
			}
		},
		{
			"from": [8.25, 11, 2.5],
			"to": [9.25, 11.5, 3],
			"faces": {
				"north": {"uv": [0, 0, 0.125, 0.0625], "texture": "#0"},
				"east": {"uv": [0, 0, 0.0625, 0.0625], "texture": "#0"},
				"south": {"uv": [0, 0, 0.125, 0.0625], "texture": "#0"},
				"west": {"uv": [0, 0, 0.0625, 0.0625], "texture": "#0"},
				"up": {"uv": [0, 0, 0.125, 0.0625], "texture": "#0"},
				"down": {"uv": [0, 0, 0.125, 0.0625], "texture": "#0"}
			}
		},
		{
			"from": [7.75, 12, 2.5],
			"to": [8.75, 12.5, 3],
			"faces": {
				"north": {"uv": [0, 0, 0.125, 0.0625], "texture": "#0"},
				"east": {"uv": [0, 0, 0.0625, 0.0625], "texture": "#0"},
				"south": {"uv": [0, 0, 0.125, 0.0625], "texture": "#0"},
				"west": {"uv": [0, 0, 0.0625, 0.0625], "texture": "#0"},
				"up": {"uv": [0, 0, 0.125, 0.0625], "texture": "#0"},
				"down": {"uv": [0, 0, 0.125, 0.0625], "texture": "#0"}
			}
		},
		{
			"from": [9.686, 11, 2.75],
			"to": [10.686, 11.5, 3],
			"rotation": {"angle": -22.5, "axis": "y", "origin": [9.936, 11.25, 2.875]},
			"faces": {
				"north": {"uv": [0, 0, 0.125, 0.0625], "texture": "#0"},
				"east": {"uv": [0, 0, 0.03125, 0.0625], "texture": "#0"},
				"south": {"uv": [0, 0, 0.125, 0.0625], "texture": "#0"},
				"west": {"uv": [0, 0, 0.03125, 0.0625], "texture": "#0"},
				"up": {"uv": [0, 0, 0.125, 0.03125], "texture": "#0"},
				"down": {"uv": [0, 0, 0.125, 0.03125], "texture": "#0"}
			}
		},
		{
			"from": [5.314, 11, 2.75],
			"to": [6.314, 11.5, 3],
			"rotation": {"angle": 22.5, "axis": "y", "origin": [6.064, 11.25, 2.875]},
			"faces": {
				"north": {"uv": [0.125, 0, 0.25, 0.0625], "texture": "#0"},
				"east": {"uv": [0.03125, 0, 0.0625, 0.0625], "texture": "#0"},
				"south": {"uv": [0.125, 0, 0.25, 0.0625], "texture": "#0"},
				"west": {"uv": [0.03125, 0, 0.0625, 0.0625], "texture": "#0"},
				"up": {"uv": [0.125, 0, 0.25, 0.03125], "texture": "#0"},
				"down": {"uv": [0.125, 0, 0.25, 0.03125], "texture": "#0"}
			}
		},
		{
			"name": "hexadecagon",
			"from": [6.95571, 6.86, 2.75],
			"to": [9.04429, 14.996, 13.25],
			"rotation": {"angle": -45, "axis": "y", "origin": [8, 14.496, 8]},
			"faces": {
				"north": {"uv": [5.5, 3.875, 5.75, 4.875], "texture": "#0"},
				"east": {"uv": [0, 0, 1.375, 1], "texture": "#0"},
				"south": {"uv": [5.75, 3.875, 6, 4.875], "texture": "#0"},
				"west": {"uv": [0, 1, 1.375, 2], "texture": "#0"},
				"up": {"uv": [1.375, 6.375, 1.125, 5], "texture": "#0"},
				"down": {"uv": [1.625, 5.625, 1.375, 7], "texture": "#0"}
			}
		},
		{
			"name": "hexadecagon",
			"from": [6.95571, 6.86, 2.75],
			"to": [9.04429, 14.996, 13.25],
			"rotation": {"angle": -22.5, "axis": "y", "origin": [8, 14.496, 8]},
			"faces": {
				"north": {"uv": [0.625, 7, 0.875, 8], "texture": "#0"},
				"east": {"uv": [1.375, 1.375, 2.75, 2.375], "texture": "#0"},
				"south": {"uv": [0.875, 7, 1.125, 8], "texture": "#0"},
				"west": {"uv": [1.375, 0, 2.75, 1], "texture": "#0"},
				"up": {"uv": [1.875, 7, 1.625, 5.625], "texture": "#0"},
				"down": {"uv": [2.125, 5.625, 1.875, 7], "texture": "#0"}
			}
		},
		{
			"name": "hexadecagon",
			"from": [6.95571, 6.86, 2.75],
			"to": [9.04429, 14.996, 13.25],
			"rotation": {"angle": 0, "axis": "y", "origin": [8, 14.496, 8]},
			"faces": {
				"north": {"uv": [0, 7.5, 0.25, 8.5], "texture": "#0"},
				"east": {"uv": [0, 2, 1.375, 3], "texture": "#0"},
				"south": {"uv": [0.25, 7.5, 0.5, 8.5], "texture": "#0"},
				"west": {"uv": [1.375, 2.375, 2.75, 3.375], "texture": "#0"},
				"up": {"uv": [6.25, 5.25, 6, 3.875], "texture": "#0"},
				"down": {"uv": [5, 6.125, 4.75, 7.5], "texture": "#0"}
			}
		},
		{
			"name": "hexadecagon",
			"from": [6.95571, 6.86, 2.75],
			"to": [9.04429, 14.996, 13.25],
			"rotation": {"angle": 22.5, "axis": "y", "origin": [8, 14.496, 8]},
			"faces": {
				"north": {"uv": [1.375, 7.5, 1.625, 8.5], "texture": "#0"},
				"east": {"uv": [2.75, 2.75, 4.125, 3.75], "texture": "#0"},
				"south": {"uv": [1.625, 7.5, 1.875, 8.5], "texture": "#0"},
				"west": {"uv": [2.75, 0, 4.125, 1], "texture": "#0"},
				"up": {"uv": [5.25, 7.5, 5, 6.125], "texture": "#0"},
				"down": {"uv": [5.5, 6.125, 5.25, 7.5], "texture": "#0"}
			}
		},
		{
			"name": "hexadecagon",
			"from": [6.95571, 6.86, 2.75],
			"to": [9.04429, 14.996, 13.25],
			"rotation": {"angle": 45, "axis": "y", "origin": [8, 14.496, 8]},
			"faces": {
				"north": {"uv": [1.875, 7.5, 2.125, 8.5], "texture": "#0"},
				"east": {"uv": [2.75, 1, 4.125, 2], "texture": "#0"},
				"south": {"uv": [3.875, 7.5, 4.125, 8.5], "texture": "#0"},
				"west": {"uv": [0, 3, 1.375, 4], "texture": "#0"},
				"up": {"uv": [5.75, 7.5, 5.5, 6.125], "texture": "#0"},
				"down": {"uv": [6, 6.125, 5.75, 7.5], "texture": "#0"}
			}
		},
		{
			"name": "hexadecagon",
			"from": [2.75, 6.86, 6.95571],
			"to": [13.25, 14.996, 9.04429],
			"rotation": {"angle": -22.5, "axis": "y", "origin": [8, 14.496, 8]},
			"faces": {
				"north": {"uv": [1.375, 3.375, 2.75, 4.375], "texture": "#0"},
				"east": {"uv": [4.125, 7.5, 4.375, 8.5], "texture": "#0"},
				"south": {"uv": [2.75, 3.75, 4.125, 4.75], "texture": "#0"},
				"west": {"uv": [4.375, 7.5, 4.625, 8.5], "texture": "#0"},
				"up": {"uv": [2.75, 1.25, 1.375, 1], "texture": "#0"},
				"down": {"uv": [5.5, 3.875, 4.125, 4.125], "texture": "#0"}
			}
		},
		{
			"name": "hexadecagon",
			"from": [2.75, 6.86, 6.95571],
			"to": [13.25, 14.996, 9.04429],
			"rotation": {"angle": 0, "axis": "y", "origin": [8, 14.496, 8]},
			"faces": {
				"north": {"uv": [0, 4, 1.375, 5], "texture": "#0"},
				"east": {"uv": [4.625, 7.5, 4.875, 8.5], "texture": "#0"},
				"south": {"uv": [4.125, 4.125, 5.5, 5.125], "texture": "#0"},
				"west": {"uv": [4.875, 7.5, 5.125, 8.5], "texture": "#0"},
				"up": {"uv": [6.875, 1.5, 5.5, 1.25], "texture": "#0"},
				"down": {"uv": [6.875, 1.5, 5.5, 1.75], "texture": "#0"}
			}
		},
		{
			"name": "hexadecagon",
			"from": [2.75, 6.86, 6.95571],
			"to": [13.25, 14.996, 9.04429],
			"rotation": {"angle": 22.5, "axis": "y", "origin": [8, 14.496, 8]},
			"faces": {
				"north": {"uv": [4.125, 0, 5.5, 1], "texture": "#0"},
				"east": {"uv": [5.125, 7.5, 5.375, 8.5], "texture": "#0"},
				"south": {"uv": [4.125, 1, 5.5, 2], "texture": "#0"},
				"west": {"uv": [5.375, 7.5, 5.625, 8.5], "texture": "#0"},
				"up": {"uv": [6.875, 2, 5.5, 1.75], "texture": "#0"},
				"down": {"uv": [7.375, 5.25, 6, 5.5], "texture": "#0"}
			}
		},
		{
			"name": "hexadecagon",
			"from": [6.90598, 4.812, 2.5],
			"to": [9.09402, 6.868, 13.5],
			"rotation": {"angle": -45, "axis": "y", "origin": [8, 6.368, 8]},
			"faces": {
				"north": {"uv": [8.125, 7, 8.375, 7.25], "texture": "#0"},
				"east": {"uv": [6, 6.125, 7.375, 6.375], "texture": "#0"},
				"south": {"uv": [8.25, 8.25, 8.5, 8.5], "texture": "#0"},
				"west": {"uv": [6.125, 0, 7.5, 0.25], "texture": "#0"},
				"up": {"uv": [6.5, 5.25, 6.25, 3.875], "texture": "#0"},
				"down": {"uv": [1.375, 6.375, 1.125, 7.75], "texture": "#0"}
			}
		},
		{
			"name": "hexadecagon",
			"from": [6.90598, 4.812, 2.5],
			"to": [9.09402, 6.868, 13.5],
			"rotation": {"angle": -22.5, "axis": "y", "origin": [8, 6.368, 8]},
			"faces": {
				"north": {"uv": [8.25, 0.375, 8.5, 0.625], "texture": "#0"},
				"east": {"uv": [6.125, 0.25, 7.5, 0.5], "texture": "#0"},
				"south": {"uv": [8.25, 0.625, 8.5, 0.875], "texture": "#0"},
				"west": {"uv": [6.125, 0.5, 7.5, 0.75], "texture": "#0"},
				"up": {"uv": [2.375, 7.75, 2.125, 6.375], "texture": "#0"},
				"down": {"uv": [6.25, 6.375, 6, 7.75], "texture": "#0"}
			}
		},
		{
			"name": "hexadecagon",
			"from": [6.90598, 4.812, 2.5],
			"to": [9.09402, 6.868, 13.5],
			"rotation": {"angle": 0, "axis": "y", "origin": [8, 6.368, 8]},
			"faces": {
				"north": {"uv": [8.25, 2.625, 8.5, 2.875], "texture": "#0"},
				"east": {"uv": [6.125, 0.75, 7.5, 1], "texture": "#0"},
				"south": {"uv": [8.25, 2.875, 8.5, 3.125], "texture": "#0"},
				"west": {"uv": [6.125, 1, 7.5, 1.25], "texture": "#0"},
				"up": {"uv": [6.5, 7.75, 6.25, 6.375], "texture": "#0"},
				"down": {"uv": [6.75, 6.5, 6.5, 7.875], "texture": "#0"}
			}
		},
		{
			"name": "hexadecagon",
			"from": [6.90598, 4.812, 2.5],
			"to": [9.09402, 6.868, 13.5],
			"rotation": {"angle": 22.5, "axis": "y", "origin": [8, 6.368, 8]},
			"faces": {
				"north": {"uv": [8.25, 3.125, 8.5, 3.375], "texture": "#0"},
				"east": {"uv": [6.25, 5.5, 7.625, 5.75], "texture": "#0"},
				"south": {"uv": [8.25, 3.375, 8.5, 3.625], "texture": "#0"},
				"west": {"uv": [6.25, 5.75, 7.625, 6], "texture": "#0"},
				"up": {"uv": [6.75, 5.25, 6.5, 3.875], "texture": "#0"},
				"down": {"uv": [2.625, 6.75, 2.375, 8.125], "texture": "#0"}
			}
		},
		{
			"name": "hexadecagon",
			"from": [6.90598, 4.812, 2.5],
			"to": [9.09402, 6.868, 13.5],
			"rotation": {"angle": 45, "axis": "y", "origin": [8, 6.368, 8]},
			"faces": {
				"north": {"uv": [8.25, 5.5, 8.5, 5.75], "texture": "#0"},
				"east": {"uv": [2.625, 6.75, 4, 7], "texture": "#0"},
				"south": {"uv": [8.25, 5.75, 8.5, 6], "texture": "#0"},
				"west": {"uv": [6.75, 6.75, 8.125, 7], "texture": "#0"},
				"up": {"uv": [7, 5.25, 6.75, 3.875], "texture": "#0"},
				"down": {"uv": [7.125, 1.25, 6.875, 2.625], "texture": "#0"}
			}
		},
		{
			"name": "hexadecagon",
			"from": [2.5, 4.812, 6.90598],
			"to": [13.5, 6.868, 9.09402],
			"rotation": {"angle": -22.5, "axis": "y", "origin": [8, 6.368, 8]},
			"faces": {
				"north": {"uv": [6.75, 6.375, 8.125, 6.625], "texture": "#0"},
				"east": {"uv": [8.25, 7.375, 8.5, 7.625], "texture": "#0"},
				"south": {"uv": [6.875, 2.625, 8.25, 2.875], "texture": "#0"},
				"west": {"uv": [8.25, 8, 8.5, 8.25], "texture": "#0"},
				"up": {"uv": [8.25, 3.125, 6.875, 2.875], "texture": "#0"},
				"down": {"uv": [4, 7, 2.625, 7.25], "texture": "#0"}
			}
		},
		{
			"name": "hexadecagon",
			"from": [2.5, 4.812, 6.90598],
			"to": [13.5, 6.868, 9.09402],
			"rotation": {"angle": 0, "axis": "y", "origin": [8, 6.368, 8]},
			"faces": {
				"north": {"uv": [6.75, 7, 8.125, 7.25], "texture": "#0"},
				"east": {"uv": [5.625, 8.375, 5.875, 8.625], "texture": "#0"},
				"south": {"uv": [7, 3.875, 8.375, 4.125], "texture": "#0"},
				"west": {"uv": [7, 8.375, 7.25, 8.625], "texture": "#0"},
				"up": {"uv": [8.375, 4.375, 7, 4.125], "texture": "#0"},
				"down": {"uv": [8.375, 4.375, 7, 4.625], "texture": "#0"}
			}
		},
		{
			"name": "hexadecagon",
			"from": [2.5, 4.812, 6.90598],
			"to": [13.5, 6.868, 9.09402],
			"rotation": {"angle": 22.5, "axis": "y", "origin": [8, 6.368, 8]},
			"faces": {
				"north": {"uv": [7, 4.625, 8.375, 4.875], "texture": "#0"},
				"east": {"uv": [8.375, 1.75, 8.625, 2], "texture": "#0"},
				"south": {"uv": [7, 4.875, 8.375, 5.125], "texture": "#0"},
				"west": {"uv": [8.375, 2, 8.625, 2.25], "texture": "#0"},
				"up": {"uv": [8.5, 1.5, 7.125, 1.25], "texture": "#0"},
				"down": {"uv": [8.5, 1.5, 7.125, 1.75], "texture": "#0"}
			}
		},
		{
			"name": "hexadecagon",
			"from": [6.4087, 3.852, 0],
			"to": [9.5913, 4.852, 16],
			"rotation": {"angle": -45, "axis": "y", "origin": [8, 4.352, 8]},
			"faces": {
				"north": {"uv": [2.25, 1.25, 2.625, 1.375], "texture": "#0"},
				"east": {"uv": [6.25, 6, 8.25, 6.125], "texture": "#0"},
				"south": {"uv": [3.625, 2.625, 4, 2.75], "texture": "#0"},
				"west": {"uv": [6.75, 6.625, 8.75, 6.75], "texture": "#0"},
				"up": {"uv": [2.5, 6.375, 2.125, 4.375], "texture": "#0"},
				"down": {"uv": [2.875, 4.75, 2.5, 6.75], "texture": "#0"}
			}
		},
		{
			"name": "hexadecagon",
			"from": [6.4087, 3.852, 0],
			"to": [9.5913, 4.852, 16],
			"rotation": {"angle": -22.5, "axis": "y", "origin": [8, 4.352, 8]},
			"faces": {
				"north": {"uv": [4.875, 3.125, 5.25, 3.25], "texture": "#0"},
				"east": {"uv": [7, 5.125, 9, 5.25], "texture": "#0"},
				"south": {"uv": [7.625, 5.875, 8, 6], "texture": "#0"},
				"west": {"uv": [7.125, 2.25, 9.125, 2.375], "texture": "#0"},
				"up": {"uv": [3.25, 6.75, 2.875, 4.75], "texture": "#0"},
				"down": {"uv": [3.625, 4.75, 3.25, 6.75], "texture": "#0"}
			}
		},
		{
			"name": "hexadecagon",
			"from": [6.4087, 3.852, 0],
			"to": [9.5913, 4.852, 16],
			"rotation": {"angle": 0, "axis": "y", "origin": [8, 4.352, 8]},
			"faces": {
				"north": {"uv": [8.375, 4.5, 8.75, 4.625], "texture": "#0"},
				"east": {"uv": [7.5, 0.125, 9.5, 0.25], "texture": "#0"},
				"south": {"uv": [8.375, 4.625, 8.75, 4.75], "texture": "#0"},
				"west": {"uv": [7.5, 0.25, 9.5, 0.375], "texture": "#0"},
				"up": {"uv": [4.375, 7.5, 4, 5.5], "texture": "#0"},
				"down": {"uv": [4.75, 5.5, 4.375, 7.5], "texture": "#0"}
			}
		},
		{
			"name": "hexadecagon",
			"from": [6.4087, 3.852, 0],
			"to": [9.5913, 4.852, 16],
			"rotation": {"angle": 22.5, "axis": "y", "origin": [8, 4.352, 8]},
			"faces": {
				"north": {"uv": [7.75, 2.125, 8.125, 2.25], "texture": "#0"},
				"east": {"uv": [7.125, 2.375, 9.125, 2.5], "texture": "#0"},
				"south": {"uv": [8, 0.875, 8.375, 1], "texture": "#0"},
				"west": {"uv": [7.125, 2.5, 9.125, 2.625], "texture": "#0"},
				"up": {"uv": [4, 6.75, 3.625, 4.75], "texture": "#0"},
				"down": {"uv": [0.375, 5, 0, 7], "texture": "#0"}
			}
		},
		{
			"name": "hexadecagon",
			"from": [6.4087, 3.852, 0],
			"to": [9.5913, 4.852, 16],
			"rotation": {"angle": 45, "axis": "y", "origin": [8, 4.352, 8]},
			"faces": {
				"north": {"uv": [8.25, 6, 8.625, 6.125], "texture": "#0"},
				"east": {"uv": [7.375, 3.625, 9.375, 3.75], "texture": "#0"},
				"south": {"uv": [8.25, 7.625, 8.625, 7.75], "texture": "#0"},
				"west": {"uv": [7.375, 3.75, 9.375, 3.875], "texture": "#0"},
				"up": {"uv": [0.75, 7, 0.375, 5], "texture": "#0"},
				"down": {"uv": [1.125, 5, 0.75, 7], "texture": "#0"}
			}
		},
		{
			"name": "hexadecagon",
			"from": [0, 3.852, 6.4087],
			"to": [16, 4.852, 9.5913],
			"rotation": {"angle": -22.5, "axis": "y", "origin": [8, 4.352, 8]},
			"faces": {
				"north": {"uv": [7.375, 5.25, 9.375, 5.375], "texture": "#0"},
				"east": {"uv": [8.375, 0.875, 8.75, 1], "texture": "#0"},
				"south": {"uv": [7.375, 5.375, 9.375, 5.5], "texture": "#0"},
				"west": {"uv": [8.375, 3.875, 8.75, 4], "texture": "#0"},
				"up": {"uv": [6.875, 2.375, 4.875, 2], "texture": "#0"},
				"down": {"uv": [6.875, 2.375, 4.875, 2.75], "texture": "#0"}
			}
		},
		{
			"name": "hexadecagon",
			"from": [0, 3.852, 6.4087],
			"to": [16, 4.852, 9.5913],
			"rotation": {"angle": 0, "axis": "y", "origin": [8, 4.352, 8]},
			"faces": {
				"north": {"uv": [7.375, 6.125, 9.375, 6.25], "texture": "#0"},
				"east": {"uv": [8.375, 4, 8.75, 4.125], "texture": "#0"},
				"south": {"uv": [7.375, 6.25, 9.375, 6.375], "texture": "#0"},
				"west": {"uv": [8.375, 4.125, 8.75, 4.25], "texture": "#0"},
				"up": {"uv": [6.875, 3.125, 4.875, 2.75], "texture": "#0"},
				"down": {"uv": [6, 5.125, 4, 5.5], "texture": "#0"}
			}
		},
		{
			"name": "hexadecagon",
			"from": [0, 3.852, 6.4087],
			"to": [16, 4.852, 9.5913],
			"rotation": {"angle": 22.5, "axis": "y", "origin": [8, 4.352, 8]},
			"faces": {
				"north": {"uv": [7.375, 7.25, 9.375, 7.375], "texture": "#0"},
				"east": {"uv": [8.375, 4.25, 8.75, 4.375], "texture": "#0"},
				"south": {"uv": [7.5, 0, 9.5, 0.125], "texture": "#0"},
				"west": {"uv": [8.375, 4.375, 8.75, 4.5], "texture": "#0"},
				"up": {"uv": [7.375, 3.5, 5.375, 3.125], "texture": "#0"},
				"down": {"uv": [7.375, 3.5, 5.375, 3.875], "texture": "#0"}
			}
		},
		{
			"name": "hexadecagon",
			"from": [7.70163, 27.02, 0.996],
			"to": [8.29837, 27.38, 3.996],
			"rotation": {"angle": -45, "axis": "y", "origin": [8, 27.52, 2.496]},
			"faces": {
				"north": {"uv": [0.5625, 0, 0.6875, 0.125], "texture": "#0"},
				"east": {"uv": [0.5625, 0, 0.6875, 0.125], "texture": "#0"},
				"south": {"uv": [0.5625, 0, 0.6875, 0.125], "texture": "#0"},
				"west": {"uv": [0.5625, 0, 0.6875, 0.125], "texture": "#0"},
				"up": {"uv": [0.5625, 0, 0.6875, 0.125], "texture": "#0"},
				"down": {"uv": [0.5625, 0, 0.6875, 0.125], "texture": "#0"}
			}
		},
		{
			"name": "hexadecagon",
			"from": [7.70163, 27.02, 0.996],
			"to": [8.29837, 27.38, 3.996],
			"rotation": {"angle": -22.5, "axis": "y", "origin": [8, 27.52, 2.496]},
			"faces": {
				"north": {"uv": [0.5625, 0, 0.6875, 0.125], "texture": "#0"},
				"east": {"uv": [0.5625, 0, 0.6875, 0.125], "texture": "#0"},
				"south": {"uv": [0.5625, 0, 0.6875, 0.125], "texture": "#0"},
				"west": {"uv": [0.5625, 0, 0.6875, 0.125], "texture": "#0"},
				"up": {"uv": [0.5625, 0, 0.6875, 0.125], "texture": "#0"},
				"down": {"uv": [0.5625, 0, 0.6875, 0.125], "texture": "#0"}
			}
		},
		{
			"name": "hexadecagon",
			"from": [7.70163, 27.02, 0.996],
			"to": [8.29837, 27.38, 3.996],
			"rotation": {"angle": 0, "axis": "y", "origin": [8, 27.52, 2.496]},
			"faces": {
				"north": {"uv": [0.5625, 0, 0.6875, 0.125], "texture": "#0"},
				"east": {"uv": [0.5625, 0, 0.6875, 0.125], "texture": "#0"},
				"south": {"uv": [0.5625, 0, 0.6875, 0.125], "texture": "#0"},
				"west": {"uv": [0.5625, 0, 0.6875, 0.125], "texture": "#0"},
				"up": {"uv": [0.5625, 0, 0.6875, 0.125], "texture": "#0"},
				"down": {"uv": [0.5625, 0, 0.6875, 0.125], "texture": "#0"}
			}
		},
		{
			"name": "hexadecagon",
			"from": [7.70163, 27.02, 0.996],
			"to": [8.29837, 27.38, 3.996],
			"rotation": {"angle": 22.5, "axis": "y", "origin": [8, 27.52, 2.496]},
			"faces": {
				"north": {"uv": [0.5625, 0, 0.6875, 0.125], "texture": "#0"},
				"east": {"uv": [0.5625, 0, 0.6875, 0.125], "texture": "#0"},
				"south": {"uv": [0.5625, 0, 0.6875, 0.125], "texture": "#0"},
				"west": {"uv": [0.5625, 0, 0.6875, 0.125], "texture": "#0"},
				"up": {"uv": [0.5625, 0, 0.6875, 0.125], "texture": "#0"},
				"down": {"uv": [0.5625, 0, 0.6875, 0.125], "texture": "#0"}
			}
		},
		{
			"name": "hexadecagon",
			"from": [7.70163, 27.02, 0.996],
			"to": [8.29837, 27.38, 3.996],
			"rotation": {"angle": 45, "axis": "y", "origin": [8, 27.52, 2.496]},
			"faces": {
				"north": {"uv": [0.5625, 0, 0.6875, 0.125], "texture": "#0"},
				"east": {"uv": [0.5625, 0, 0.6875, 0.125], "texture": "#0"},
				"south": {"uv": [0.5625, 0, 0.6875, 0.125], "texture": "#0"},
				"west": {"uv": [0.5625, 0, 0.6875, 0.125], "texture": "#0"},
				"up": {"uv": [0.5625, 0, 0.6875, 0.125], "texture": "#0"},
				"down": {"uv": [0.5625, 0, 0.6875, 0.125], "texture": "#0"}
			}
		},
		{
			"name": "hexadecagon",
			"from": [6.5, 27.02, 2.19763],
			"to": [9.5, 27.38, 2.79437],
			"rotation": {"angle": -22.5, "axis": "y", "origin": [8, 27.52, 2.496]},
			"faces": {
				"north": {"uv": [0.5625, 0, 0.6875, 0.125], "texture": "#0"},
				"east": {"uv": [0.5625, 0, 0.6875, 0.125], "texture": "#0"},
				"south": {"uv": [0.5625, 0, 0.6875, 0.125], "texture": "#0"},
				"west": {"uv": [0.5625, 0, 0.6875, 0.125], "texture": "#0"},
				"up": {"uv": [0.5625, 0, 0.6875, 0.125], "texture": "#0"},
				"down": {"uv": [0.5625, 0, 0.6875, 0.125], "texture": "#0"}
			}
		},
		{
			"name": "hexadecagon",
			"from": [6.5, 27.02, 2.19763],
			"to": [9.5, 27.38, 2.79437],
			"rotation": {"angle": 0, "axis": "y", "origin": [8, 27.52, 2.496]},
			"faces": {
				"north": {"uv": [0.5625, 0, 0.6875, 0.125], "texture": "#0"},
				"east": {"uv": [0.5625, 0, 0.6875, 0.125], "texture": "#0"},
				"south": {"uv": [0.5625, 0, 0.6875, 0.125], "texture": "#0"},
				"west": {"uv": [0.5625, 0, 0.6875, 0.125], "texture": "#0"},
				"up": {"uv": [0.5625, 0, 0.6875, 0.125], "texture": "#0"},
				"down": {"uv": [0.5625, 0, 0.6875, 0.125], "texture": "#0"}
			}
		},
		{
			"name": "hexadecagon",
			"from": [6.5, 27.02, 2.19763],
			"to": [9.5, 27.38, 2.79437],
			"rotation": {"angle": 22.5, "axis": "y", "origin": [8, 27.52, 2.496]},
			"faces": {
				"north": {"uv": [0.5625, 0, 0.6875, 0.125], "texture": "#0"},
				"east": {"uv": [0.5625, 0, 0.6875, 0.125], "texture": "#0"},
				"south": {"uv": [0.5625, 0, 0.6875, 0.125], "texture": "#0"},
				"west": {"uv": [0.5625, 0, 0.6875, 0.125], "texture": "#0"},
				"up": {"uv": [0.5625, 0, 0.6875, 0.125], "texture": "#0"},
				"down": {"uv": [0.5625, 0, 0.6875, 0.125], "texture": "#0"}
			}
		},
		{
			"name": "hexadecagon",
			"from": [7.80109, 27.692, 1.464],
			"to": [8.19891, 29.268, 3.464],
			"rotation": {"angle": -45, "axis": "y", "origin": [8, 28.192, 2.464]},
			"faces": {
				"north": {"uv": [3.25, 0, 3.5, 0.25], "texture": "#0"},
				"east": {"uv": [3.25, 0, 3.4375, 0.1875], "texture": "#0"},
				"south": {"uv": [2.9375, 0, 3.1875, 0.25], "texture": "#0"},
				"west": {"uv": [2.875, 0, 3.0625, 0.1875], "texture": "#0"},
				"up": {"uv": [2.6875, 0, 2.875, 0.25], "texture": "#0"},
				"down": {"uv": [2.4375, 0, 2.6875, 0.25], "texture": "#0"}
			}
		},
		{
			"name": "hexadecagon",
			"from": [7.80109, 27.692, 1.464],
			"to": [8.19891, 29.268, 3.464],
			"rotation": {"angle": -22.5, "axis": "y", "origin": [8, 28.192, 2.464]},
			"faces": {
				"north": {"uv": [3.875, 0, 3.875, 0.4375], "texture": "#0"},
				"east": {"uv": [3.375, 0, 3.625, 0.1875], "texture": "#0"},
				"south": {"uv": [3.25, 0, 3.4375, 0.25], "texture": "#0"},
				"west": {"uv": [3.4375, 0, 3.6875, 0.1875], "texture": "#0"},
				"up": {"uv": [3.875, 0, 4.0625, 0.1875], "texture": "#0"},
				"down": {"uv": [4.0625, 0, 4.3125, 0.25], "texture": "#0"}
			}
		},
		{
			"name": "hexadecagon",
			"from": [7.80109, 27.692, 1.464],
			"to": [8.19891, 29.268, 3.464],
			"rotation": {"angle": 0, "axis": "y", "origin": [8, 28.192, 2.464]},
			"faces": {
				"north": {"uv": [1.6875, 0, 2.8125, 0.25], "texture": "#0"},
				"east": {"uv": [3.125, 0, 3.25, 0.1875], "texture": "#0"},
				"south": {"uv": [2.5625, 0, 2.8125, 0.25], "texture": "#0"},
				"west": {"uv": [3.0625, 0, 3.375, 0.3125], "texture": "#0"},
				"up": {"uv": [3, 0, 3.25, 0.1875], "texture": "#0"},
				"down": {"uv": [3.875, 0, 4.125, 0.1875], "texture": "#0"}
			}
		},
		{
			"name": "hexadecagon",
			"from": [7.80109, 27.692, 1.464],
			"to": [8.19891, 29.268, 3.464],
			"rotation": {"angle": 22.5, "axis": "y", "origin": [8, 28.192, 2.464]},
			"faces": {
				"north": {"uv": [1.6875, 0, 2, 0.125], "texture": "#0"},
				"east": {"uv": [3.8125, 0, 4.1875, 0.3125], "texture": "#0"},
				"south": {"uv": [2.5, 0, 2.75, 0.125], "texture": "#0"},
				"west": {"uv": [3.375, 0, 3.625, 0.25], "texture": "#0"},
				"up": {"uv": [3.25, 0, 3.5, 0.25], "texture": "#0"},
				"down": {"uv": [3.3125, 0, 3.5, 0.1875], "texture": "#0"}
			}
		},
		{
			"name": "hexadecagon",
			"from": [7.80109, 27.692, 1.464],
			"to": [8.19891, 29.268, 3.464],
			"rotation": {"angle": 45, "axis": "y", "origin": [8, 28.192, 2.464]},
			"faces": {
				"north": {"uv": [2.6875, 0, 2.6875, 0.3125], "texture": "#0"},
				"east": {"uv": [3.375, 0, 3.625, 0.1875], "texture": "#0"},
				"south": {"uv": [3.25, 0, 3.625, 0.25], "texture": "#0"},
				"west": {"uv": [3.6875, 0, 3.875, 0.1875], "texture": "#0"},
				"up": {"uv": [3.5625, 0, 3.8125, 0.1875], "texture": "#0"},
				"down": {"uv": [3.6875, 0, 4, 0.3125], "texture": "#0"}
			}
		},
		{
			"name": "hexadecagon",
			"from": [7, 27.692, 2.26509],
			"to": [9, 29.268, 2.66291],
			"rotation": {"angle": -22.5, "axis": "y", "origin": [8, 28.192, 2.464]},
			"faces": {
				"north": {"uv": [2.8125, 0, 3.0625, 0.25], "texture": "#0"},
				"east": {"uv": [3, 0, 3.1875, 0.1875], "texture": "#0"},
				"south": {"uv": [2.3125, 0, 2.5625, 0.1875], "texture": "#0"},
				"west": {"uv": [3.1875, 0.0625, 3.625, 0.5], "texture": "#0"},
				"up": {"uv": [3.375, 0, 3.625, 0.25], "texture": "#0"},
				"down": {"uv": [3.3125, 0, 3.5625, 0.25], "texture": "#0"}
			}
		},
		{
			"name": "hexadecagon",
			"from": [7, 27.692, 2.26509],
			"to": [9, 29.268, 2.66291],
			"rotation": {"angle": 0, "axis": "y", "origin": [8, 28.192, 2.464]},
			"faces": {
				"north": {"uv": [3.875, 0, 4.0625, 0.25], "texture": "#0"},
				"east": {"uv": [2.625, 0, 2.875, 0.3125], "texture": "#0"},
				"south": {"uv": [2.8125, 0, 3.1875, 0.25], "texture": "#0"},
				"west": {"uv": [3.125, 0, 3.375, 0.1875], "texture": "#0"},
				"up": {"uv": [2.5, 0, 2.6875, 0.125], "texture": "#0"},
				"down": {"uv": [2.375, 0, 2.625, 0.3125], "texture": "#0"}
			}
		},
		{
			"name": "hexadecagon",
			"from": [7, 27.692, 2.26509],
			"to": [9, 29.268, 2.66291],
			"rotation": {"angle": 22.5, "axis": "y", "origin": [8, 28.192, 2.464]},
			"faces": {
				"north": {"uv": [2.8125, 0, 2.8125, 0], "texture": "#0"},
				"east": {"uv": [3.375, 0, 3.625, 0.25], "texture": "#0"},
				"south": {"uv": [2.4375, 0, 2.9375, 0.0625], "texture": "#0"},
				"west": {"uv": [2.25, 0, 2.9375, 0.25], "texture": "#0"},
				"up": {"uv": [2.5625, 0, 2.8125, 0.25], "texture": "#0"},
				"down": {"uv": [4.75, 0, 5, 0.375], "texture": "#0"}
			}
		},
		{
			"name": "hexadecagon",
			"from": [7.7812, 27.308, 1.332],
			"to": [8.2188, 27.732, 3.532],
			"rotation": {"angle": -45, "axis": "y", "origin": [8, 27.808, 2.432]},
			"faces": {
				"north": {"uv": [6.5625, 0, 6.8125, 0.1875], "texture": "#0"},
				"east": {"uv": [7.1875, 0, 7.375, 0.125], "texture": "#0"},
				"south": {"uv": [6.75, 0, 6.9375, 0.25], "texture": "#0"},
				"west": {"uv": [6.5, 0, 6.75, 0.25], "texture": "#0"},
				"up": {"uv": [6.5625, 0, 6.75, 0.1875], "texture": "#0"},
				"down": {"uv": [6.9375, 0, 7.125, 0.125], "texture": "#0"}
			}
		},
		{
			"name": "hexadecagon",
			"from": [7.7812, 27.308, 1.332],
			"to": [8.2188, 27.732, 3.532],
			"rotation": {"angle": -22.5, "axis": "y", "origin": [8, 27.808, 2.432]},
			"faces": {
				"north": {"uv": [6.5625, 0, 6.625, 0.0625], "texture": "#0"},
				"east": {"uv": [6.5625, 0, 6.6875, 0.125], "texture": "#0"},
				"south": {"uv": [6.5625, 0, 6.6875, 0.125], "texture": "#0"},
				"west": {"uv": [6.5625, 0, 6.6875, 0.125], "texture": "#0"},
				"up": {"uv": [6.5625, 0, 6.6875, 0.125], "texture": "#0"},
				"down": {"uv": [6.5625, 0, 6.6875, 0.125], "texture": "#0"}
			}
		},
		{
			"name": "hexadecagon",
			"from": [7.7812, 27.308, 1.332],
			"to": [8.2188, 27.732, 3.532],
			"rotation": {"angle": 0, "axis": "y", "origin": [8, 27.808, 2.432]},
			"faces": {
				"north": {"uv": [6.5625, 0, 6.6875, 0.125], "texture": "#0"},
				"east": {"uv": [6.5625, 0, 6.6875, 0.125], "texture": "#0"},
				"south": {"uv": [6.5625, 0, 6.6875, 0.125], "texture": "#0"},
				"west": {"uv": [6.5625, 0, 6.6875, 0.125], "texture": "#0"},
				"up": {"uv": [6.5625, 0, 6.6875, 0.125], "texture": "#0"},
				"down": {"uv": [6.5625, 0, 6.6875, 0.125], "texture": "#0"}
			}
		},
		{
			"name": "hexadecagon",
			"from": [7.7812, 27.308, 1.332],
			"to": [8.2188, 27.732, 3.532],
			"rotation": {"angle": 22.5, "axis": "y", "origin": [8, 27.808, 2.432]},
			"faces": {
				"north": {"uv": [6.5625, 0, 6.6875, 0.125], "texture": "#0"},
				"east": {"uv": [6.5625, 0, 6.6875, 0.125], "texture": "#0"},
				"south": {"uv": [6.5625, 0, 6.6875, 0.125], "texture": "#0"},
				"west": {"uv": [6.5625, 0, 6.6875, 0.125], "texture": "#0"},
				"up": {"uv": [6.5625, 0, 6.6875, 0.125], "texture": "#0"},
				"down": {"uv": [6.5625, 0, 6.6875, 0.125], "texture": "#0"}
			}
		},
		{
			"name": "hexadecagon",
			"from": [7.7812, 27.308, 1.332],
			"to": [8.2188, 27.732, 3.532],
			"rotation": {"angle": 45, "axis": "y", "origin": [8, 27.808, 2.432]},
			"faces": {
				"north": {"uv": [6.5625, 0, 6.6875, 0.125], "texture": "#0"},
				"east": {"uv": [6.5625, 0, 6.6875, 0.125], "texture": "#0"},
				"south": {"uv": [6.5625, 0, 6.6875, 0.125], "texture": "#0"},
				"west": {"uv": [6.5625, 0, 6.6875, 0.125], "texture": "#0"},
				"up": {"uv": [6.5625, 0, 6.6875, 0.125], "texture": "#0"},
				"down": {"uv": [6.5625, 0, 6.6875, 0.125], "texture": "#0"}
			}
		},
		{
			"name": "hexadecagon",
			"from": [6.9, 27.308, 2.2132],
			"to": [9.1, 27.732, 2.6508],
			"rotation": {"angle": -22.5, "axis": "y", "origin": [8, 27.808, 2.432]},
			"faces": {
				"north": {"uv": [6.5625, 0, 6.6875, 0.125], "texture": "#0"},
				"east": {"uv": [6.5625, 0, 6.6875, 0.125], "texture": "#0"},
				"south": {"uv": [6.5625, 0, 6.6875, 0.125], "texture": "#0"},
				"west": {"uv": [6.5625, 0, 6.6875, 0.125], "texture": "#0"},
				"up": {"uv": [6.5625, 0, 6.6875, 0.125], "texture": "#0"},
				"down": {"uv": [6.5625, 0, 6.6875, 0.125], "texture": "#0"}
			}
		},
		{
			"name": "hexadecagon",
			"from": [6.9, 27.308, 2.2132],
			"to": [9.1, 27.732, 2.6508],
			"rotation": {"angle": 0, "axis": "y", "origin": [8, 27.808, 2.432]},
			"faces": {
				"north": {"uv": [6.5625, 0, 6.6875, 0.125], "texture": "#0"},
				"east": {"uv": [6.5625, 0, 6.6875, 0.125], "texture": "#0"},
				"south": {"uv": [6.5625, 0, 6.6875, 0.125], "texture": "#0"},
				"west": {"uv": [6.5625, 0, 6.6875, 0.125], "texture": "#0"},
				"up": {"uv": [6.5625, 0, 6.6875, 0.125], "texture": "#0"},
				"down": {"uv": [6.5625, 0, 6.6875, 0.125], "texture": "#0"}
			}
		},
		{
			"name": "hexadecagon",
			"from": [6.9, 27.308, 2.2132],
			"to": [9.1, 27.732, 2.6508],
			"rotation": {"angle": 22.5, "axis": "y", "origin": [8, 27.808, 2.432]},
			"faces": {
				"north": {"uv": [6.5625, 0, 6.6875, 0.125], "texture": "#0"},
				"east": {"uv": [6.5625, 0, 6.6875, 0.125], "texture": "#0"},
				"south": {"uv": [6.5625, 0, 6.6875, 0.125], "texture": "#0"},
				"west": {"uv": [6.5625, 0, 6.6875, 0.125], "texture": "#0"},
				"up": {"uv": [6.5625, 0, 6.6875, 0.125], "texture": "#0"},
				"down": {"uv": [6.5625, 0, 6.6875, 0.125], "texture": "#0"}
			}
		}
	],
	"display": {
		"thirdperson_righthand": {
			"translation": [0, 0, -2.75],
			"scale": [0.6, 0.6, 0.6]
		},
		"thirdperson_lefthand": {
			"translation": [0, 0, -2.75],
			"scale": [0.6, 0.6, 0.6]
		},
		"firstperson_righthand": {
			"scale": [0.5, 0.5, 0.5]
		},
		"firstperson_lefthand": {
			"scale": [0.5, 0.5, 0.5]
		},
		"ground": {
			"scale": [0.7, 0.7, 0.7]
		},
		"gui": {
			"rotation": [0, -180, 0],
			"translation": [0, -5.5, 0],
			"scale": [0.55, 0.55, 0.55]
		},
		"head": {
			"translation": [0, 10.75, 0],
			"scale": [1.3, 1.3, 1.3]
		},
		"fixed": {
			"translation": [0, -7, -0.25],
			"scale": [0.7, 0.7, 0.7]
		}
	},
	"groups": [
		{
			"name": "RABBIT",
			"origin": [0, 4, 8],
			"children": [
				{
					"name": "rearFootLeft",
					"origin": [3, 6.5, 3.7],
					"shade": false,
					"children": [0]
				},
				{
					"name": "rearFootRight",
					"origin": [-3, 6.5, 3.7],
					"shade": false,
					"children": [1]
				},
				{
					"name": "haunchLeft",
					"origin": [3, 6.5, 3.7],
					"rotation": [20, 0, 0],
					"shade": false,
					"children": [2]
				},
				{
					"name": "haunchRight",
					"origin": [-3, 6.5, 3.7],
					"rotation": [20, 0, 0],
					"shade": false,
					"children": [3]
				},
				{
					"name": "body",
					"origin": [0, 5, 8],
					"rotation": [20, 0, 0],
					"shade": false,
					"children": [4]
				},
				{
					"name": "frontLegLeft",
					"origin": [3, 7, -1],
					"rotation": [10, 0, 0],
					"shade": false,
					"children": [5]
				},
				{
					"name": "frontLegRight",
					"origin": [-3, 7, -1],
					"rotation": [10, 0, 0],
					"shade": false,
					"children": [6]
				},
				{
					"name": "head",
					"origin": [0, 8, -1],
					"shade": false,
					"children": [7]
				},
				{
					"name": "earRight",
					"origin": [0, 8, -1],
					"rotation": [0, -15, 0],
					"shade": false,
					"children": [8]
				},
				{
					"name": "earLeft",
					"origin": [0, 8, -1],
					"rotation": [0, 15, 0],
					"shade": false,
					"children": [9]
				},
				{
					"name": "tail",
					"origin": [0, 4, 7],
					"rotation": [20, 0, 0],
					"shade": false,
					"children": [10]
				},
				{
					"name": "nose",
					"origin": [0, 8, -1],
					"shade": false,
					"children": [11]
				}
			]
		},
		{
			"name": "Del luna",
			"origin": [8, 8, 8],
			"children": [12, 13, 14, 15, 16, 17,
				{
					"name": "group",
					"origin": [8, 8, 8],
					"children": [18, 19]
				}
			]
		},
		{
			"name": "HAT",
			"origin": [8, 8, 8],
			"children": [
				{
					"name": "hexadecagon",
					"origin": [8, 8, 8],
					"children": [20, 21, 22, 23, 24, 25, 26, 27]
				},
				{
					"name": "hexadecagon",
					"origin": [8, 8, 8],
					"children": [28, 29, 30, 31, 32, 33, 34, 35]
				},
				{
					"name": "hexadecagon",
					"origin": [8, 8, 8],
					"children": [36, 37, 38, 39, 40, 41, 42, 43]
				}
			]
		},
		{
			"name": "RHAT",
			"origin": [8, 8, 8],
			"children": [
				{
					"name": "hexadecagon",
					"origin": [8, 8, 8],
					"children": [44, 45, 46, 47, 48, 49, 50, 51]
				},
				{
					"name": "hexadecagon",
					"origin": [8, 8, 8],
					"children": [52, 53, 54, 55, 56, 57, 58, 59]
				},
				{
					"name": "hexadecagon",
					"origin": [8, 8, 8],
					"children": [60, 61, 62, 63, 64, 65, 66, 67]
				}
			]
		}
	]
}