{
	"credit": "Made with Blockbench",
	"texture_size": [32, 32],
	"textures": {
		"0": "item/etc/orange_drink",
		"particle": "item/etc/orange_drink"
	},
	"gui_light": "front",
	"elements": [
		{
			"from": [1, 0, 0],
			"to": [6, 9, 3],
			"faces": {
				"north": {"uv": [0, 0, 2.5, 4.5], "texture": "#0"},
				"east": {"uv": [0, 4.5, 1.5, 9], "texture": "#0"},
				"south": {"uv": [2.5, 0, 5, 4.5], "texture": "#0"},
				"west": {"uv": [1.5, 4.5, 3, 9], "texture": "#0"},
				"up": {"uv": [5.5, 6, 3, 4.5], "texture": "#0"},
				"down": {"uv": [7.5, 0, 5, 1.5], "texture": "#0"}
			}
		},
		{
			"from": [3.25, 9, 2.25],
			"to": [3.75, 12, 2.75],
			"faces": {
				"north": {"uv": [5, 1.5, 5.25, 3], "texture": "#0"},
				"east": {"uv": [5, 3, 5.25, 4.5], "texture": "#0"},
				"south": {"uv": [5.5, 1.5, 5.75, 3], "texture": "#0"},
				"west": {"uv": [5.5, 3, 5.75, 4.5], "texture": "#0"},
				"up": {"uv": [6.25, 2.75, 6, 2.5], "texture": "#0"},
				"down": {"uv": [3.25, 6, 3, 6.25], "texture": "#0"}
			}
		},
		{
			"from": [3.25, 11.90171, 2.26955],
			"to": [3.75, 12.40171, 4.26955],
			"rotation": {"angle": -22.5, "axis": "x", "origin": [3.5, 12.15171, 3.26955]},
			"faces": {
				"north": {"uv": [6, 3, 6.25, 3.25], "texture": "#0"},
				"east": {"uv": [5.5, 4.5, 6.5, 4.75], "texture": "#0"},
				"south": {"uv": [3.5, 6, 3.75, 6.25], "texture": "#0"},
				"west": {"uv": [5.5, 5, 6.5, 5.25], "texture": "#0"},
				"up": {"uv": [5.75, 6.5, 5.5, 5.5], "texture": "#0"},
				"down": {"uv": [6.25, 1.5, 6, 2.5], "texture": "#0"}
			}
		}
	],
	"display": {
		"thirdperson_righthand": {
			"rotation": [0, -90, 0],
			"translation": [-3.25, 0, 1],
			"scale": [0.5, 0.5, 0.5]
		},
		"thirdperson_lefthand": {
			"rotation": [0, -90, 0],
			"translation": [-3.25, 0, -3.5],
			"scale": [0.5, 0.5, 0.5]
		},
		"firstperson_righthand": {
			"translation": [0, -20, 0]
		},
		"firstperson_lefthand": {
			"translation": [0, -17, 0]
		},
		"ground": {
			"translation": [3.75, 2.25, 5.5],
			"scale": [0.8, 0.8, 0.8]
		},
		"gui": {
			"rotation": [0, 147.25, 0],
			"translation": [-0.5, 2, 0],
			"scale": [1.2, 1.2, 1.2]
		},
		"head": {
			"translation": [3.5, -9, -3.25],
			"scale": [0.8, 0.8, 0.8]
		},
		"fixed": {
			"translation": [5.75, 2.5, 7],
			"scale": [1.3, 1.3, 1.3]
		}
	},
	"groups": [0,
		{
			"name": "straw",
			"origin": [3.5, 12.15171, 3.26955],
			"color": 0,
			"children": [1, 2]
		}
	]
}