{
	"credit": "Made with Blockbench",
	"texture_size": [64, 64],
	"textures": {
		"0": "item/etc/bat",
		"particle": "item/etc/bat"
	},
	"elements": [
		{
			"from": [0, -16, 0],
			"to": [3, -14, 3],
			"rotation": {"angle": 0, "axis": "y", "origin": [8, -8, 8]},
			"faces": {
				"north": {"uv": [6.75, 0, 7.5, 0.5], "texture": "#0"},
				"east": {"uv": [6.75, 0.5, 7.5, 1], "texture": "#0"},
				"south": {"uv": [6.75, 1, 7.5, 1.5], "texture": "#0"},
				"west": {"uv": [6.75, 3.75, 7.5, 4.25], "texture": "#0"},
				"up": {"uv": [6.75, 6, 6, 5.25], "texture": "#0"},
				"down": {"uv": [7.5, 6.75, 6.75, 7.5], "texture": "#0"}
			}
		},
		{
			"from": [0, -3, 0],
			"to": [3, 4, 3],
			"rotation": {"angle": 0, "axis": "y", "origin": [8, 5, 8]},
			"faces": {
				"north": {"uv": [1, 5.75, 1.75, 7.5], "texture": "#0"},
				"east": {"uv": [1.75, 5.75, 2.5, 7.5], "texture": "#0"},
				"south": {"uv": [6, 6, 6.75, 7.75], "texture": "#0"},
				"west": {"uv": [6, 0, 6.75, 1.75], "texture": "#0"},
				"up": {"uv": [6.75, 4.5, 6, 3.75], "texture": "#0"},
				"down": {"uv": [6.75, 4.5, 6, 5.25], "texture": "#0"}
			}
		},
		{
			"from": [-0.5, 4, -0.5],
			"to": [3.5, 14, 3.5],
			"rotation": {"angle": 0, "axis": "y", "origin": [7.5, 12, 7.5]},
			"faces": {
				"north": {"uv": [2.5, 0, 3.5, 2.5], "texture": "#0"},
				"east": {"uv": [3.5, 0, 4.5, 2.5], "texture": "#0"},
				"south": {"uv": [0, 4.5, 1, 7], "texture": "#0"},
				"west": {"uv": [4.5, 0, 5.5, 2.5], "texture": "#0"},
				"up": {"uv": [7, 2.75, 6, 1.75], "texture": "#0"},
				"down": {"uv": [7, 2.75, 6, 3.75], "texture": "#0"}
			}
		},
		{
			"from": [-1, 14, -1],
			"to": [4, 32, 4],
			"rotation": {"angle": 0, "axis": "y", "origin": [7, 22, 7]},
			"faces": {
				"north": {"uv": [0, 0, 1.25, 4.5], "texture": "#0"},
				"east": {"uv": [1.25, 1.25, 2.5, 5.75], "texture": "#0"},
				"south": {"uv": [2.5, 2.5, 3.75, 7], "texture": "#0"},
				"west": {"uv": [3.75, 3.75, 5, 8.25], "texture": "#0"},
				"up": {"uv": [2.5, 1.25, 1.25, 0], "texture": "#0"},
				"down": {"uv": [5, 2.5, 3.75, 3.75], "texture": "#0"}
			}
		},
		{
			"from": [0.5, -14, 0.5],
			"to": [2.5, -3, 2.5],
			"rotation": {"angle": 0, "axis": "y", "origin": [8.5, -6, 8.5]},
			"faces": {
				"north": {"uv": [5, 5, 5.5, 7.75], "texture": "#0"},
				"east": {"uv": [5.5, 5.5, 6, 8.25], "texture": "#0"},
				"south": {"uv": [5.5, 0, 6, 2.75], "texture": "#0"},
				"west": {"uv": [5.5, 2.75, 6, 5.5], "texture": "#0"},
				"up": {"uv": [5.5, 3, 5, 2.5], "texture": "#0"},
				"down": {"uv": [5.5, 3, 5, 3.5], "texture": "#0"}
			}
		}
	],
	"display": {
		"thirdperson_righthand": {
			"rotation": [0, 90, 0],
			"translation": [3, 6.25, -1.75],
			"scale": [0.5, 0.5, 0.5]
		},
		"thirdperson_lefthand": {
			"rotation": [0, 90, 0],
			"translation": [3, 7.25, 4.5],
			"scale": [0.5, 0.5, 0.5]
		},
		"firstperson_righthand": {
			"translation": [9, 0, 0],
			"scale": [0.5, 0.5, 0.5]
		},
		"firstperson_lefthand": {
			"translation": [5, 0, -1.5],
			"scale": [0.5, 0.5, 0.5]
		},
		"ground": {
			"rotation": [-65, 0, 0],
			"translation": [9.25, 12.75, 0],
			"scale": [0.5, 0.5, 0.5]
		},
		"gui": {
			"rotation": [0, 0, -48],
			"translation": [1.25, -2.25, 0],
			"scale": [0.4, 0.4, 0.4]
		},
		"head": {
			"rotation": [0, 0, 46],
			"translation": [1.75, -8.25, 12]
		},
		"fixed": {
			"rotation": [0, -180, 45],
			"translation": [-7, 0, -11]
		}
	}
}