{
	"__comment": "moon",
	"textures": {
		"lovepink": "item/etc/lovepink"
	},
	"gui_light": "front",
	"elements": [ 	 
		{
			"__comment": "Voxels",
			"from": [ 4, 6, -2 ],
			"to": [ 9, 11, -1 ],
			"faces": {
				"down": { "uv": [ 2.5, 8.5, 5, 9 ], "texture": "#lovepink" },
				"up": { "uv": [ 2.5, 8.5, 5, 8 ], "texture": "#lovepink" },
				"north": { "uv": [ 2.5, 13.5, 0, 16 ], "texture": "#lovepink" },
				"south": { "uv": [ 0, 11, 2.5, 13.5 ], "texture": "#lovepink" },
				"west": { "uv": [ 5, 13.5, 5.5, 16 ], "texture": "#lovepink" },
				"east": { "uv": [ 5.5, 11, 5, 13.5 ], "texture": "#lovepink" }
			}
		},
		{
			"__comment": "Voxels",
			"from": [ 4, 7, -3 ],
			"to": [ 9, 10, -2 ],
			"faces": {
				"down": { "uv": [ 5.5, 15.5, 8, 16 ], "texture": "#lovepink" },
				"up": { "uv": [ 5.5, 15.5, 8, 15 ], "texture": "#lovepink" },
				"north": { "uv": [ 2.5, 9.5, 0, 11 ], "texture": "#lovepink" },
				"south": { "uv": [ 0, 8, 2.5, 9.5 ], "texture": "#lovepink" },
				"west": { "uv": [ 5, 9.5, 5.5, 11 ], "texture": "#lovepink" },
				"east": { "uv": [ 5.5, 8, 5, 9.5 ], "texture": "#lovepink" }
			}
		},
		{
			"__comment": "Voxels",
			"from": [ 4, 7, -1 ],
			"to": [ 9, 10, 0 ],
			"faces": {
				"down": { "uv": [ 5.5, 14.5, 8, 15 ], "texture": "#lovepink" },
				"up": { "uv": [ 5.5, 14.5, 8, 14 ], "texture": "#lovepink" },
				"north": { "uv": [ 5, 14.5, 2.5, 16 ], "texture": "#lovepink" },
				"south": { "uv": [ 2.5, 13, 5, 14.5 ], "texture": "#lovepink" },
				"west": { "uv": [ 5.5, 12.5, 6, 14 ], "texture": "#lovepink" },
				"east": { "uv": [ 6.5, 12.5, 6, 14 ], "texture": "#lovepink" }
			}
		},
		{
			"__comment": "Voxels",
			"from": [ 5, 6, -3 ],
			"to": [ 8, 7, -2 ],
			"faces": {
				"down": { "uv": [ 6.5, 13.5, 8, 14 ], "texture": "#lovepink" },
				"up": { "uv": [ 6.5, 13.5, 8, 13 ], "texture": "#lovepink" },
				"north": { "uv": [ 8, 12.5, 6.5, 13 ], "texture": "#lovepink" },
				"south": { "uv": [ 5.5, 12, 7, 12.5 ], "texture": "#lovepink" },
				"west": { "uv": [ 7.5, 8, 8, 8.5 ], "texture": "#lovepink" },
				"east": { "uv": [ 8.5, 10, 8, 10.5 ], "texture": "#lovepink" }
			}
		},
		{
			"__comment": "Voxels",
			"from": [ 5, 6, -1 ],
			"to": [ 8, 7, 0 ],
			"faces": {
				"down": { "uv": [ 5.5, 10.5, 7, 11 ], "texture": "#lovepink" },
				"up": { "uv": [ 5.5, 10.5, 7, 10 ], "texture": "#lovepink" },
				"north": { "uv": [ 7, 9.5, 5.5, 10 ], "texture": "#lovepink" },
				"south": { "uv": [ 5.5, 9, 7, 9.5 ], "texture": "#lovepink" },
				"west": { "uv": [ 8, 9.5, 8.5, 10 ], "texture": "#lovepink" },
				"east": { "uv": [ 8.5, 9, 8, 9.5 ], "texture": "#lovepink" }
			}
		},
		{
			"__comment": "Voxels",
			"from": [ 5, 7, -4 ],
			"to": [ 8, 9, -3 ],
			"faces": {
				"down": { "uv": [ 8, 15.5, 9.5, 16 ], "texture": "#lovepink" },
				"up": { "uv": [ 9.5, 16, 11, 15.5 ], "texture": "#lovepink" },
				"north": { "uv": [ 4, 10, 2.5, 11 ], "texture": "#lovepink" },
				"south": { "uv": [ 2.5, 9, 4, 10 ], "texture": "#lovepink" },
				"west": { "uv": [ 4.5, 12, 5, 13 ], "texture": "#lovepink" },
				"east": { "uv": [ 4.5, 9, 4, 10 ], "texture": "#lovepink" }
			}
		},
		{
			"__comment": "Voxels",
			"from": [ 5, 7, 0 ],
			"to": [ 8, 9, 1 ],
			"faces": {
				"down": { "uv": [ 14, 15.5, 15.5, 16 ], "texture": "#lovepink" },
				"up": { "uv": [ 8, 15.5, 9.5, 15 ], "texture": "#lovepink" },
				"north": { "uv": [ 4, 12, 2.5, 13 ], "texture": "#lovepink" },
				"south": { "uv": [ 2.5, 11, 4, 12 ], "texture": "#lovepink" },
				"west": { "uv": [ 4.5, 9, 5, 10 ], "texture": "#lovepink" },
				"east": { "uv": [ 4.5, 12, 4, 13 ], "texture": "#lovepink" }
			}
		},
		{
			"__comment": "Voxels",
			"from": [ 5, 9, -4 ],
			"to": [ 7, 10, -3 ],
			"faces": {
				"down": { "uv": [ 7, 12, 8, 12.5 ], "texture": "#lovepink" },
				"up": { "uv": [ 7, 12, 8, 11.5 ], "texture": "#lovepink" },
				"north": { "uv": [ 8, 11, 7, 11.5 ], "texture": "#lovepink" },
				"south": { "uv": [ 7, 10.5, 8, 11 ], "texture": "#lovepink" },
				"west": { "uv": [ 8, 8.5, 8.5, 9 ], "texture": "#lovepink" },
				"east": { "uv": [ 7.5, 8, 7, 8.5 ], "texture": "#lovepink" }
			}
		},
		{
			"__comment": "Voxels",
			"from": [ 5, 9, 0 ],
			"to": [ 7, 10, 1 ],
			"faces": {
				"down": { "uv": [ 4, 10, 5, 10.5 ], "texture": "#lovepink" },
				"up": { "uv": [ 4, 12, 5, 11.5 ], "texture": "#lovepink" },
				"north": { "uv": [ 5, 11, 4, 11.5 ], "texture": "#lovepink" },
				"south": { "uv": [ 4, 10.5, 5, 11 ], "texture": "#lovepink" },
				"west": { "uv": [ 11.5, 14.5, 12, 15 ], "texture": "#lovepink" },
				"east": { "uv": [ 12.5, 14.5, 12, 15 ], "texture": "#lovepink" }
			}
		},
		{
			"__comment": "Voxels",
			"from": [ 5, 10, -3 ],
			"to": [ 8, 11, -2 ],
			"faces": {
				"down": { "uv": [ 9.5, 15, 11, 15.5 ], "texture": "#lovepink" },
				"up": { "uv": [ 11, 15.5, 12.5, 15 ], "texture": "#lovepink" },
				"north": { "uv": [ 14, 15, 12.5, 15.5 ], "texture": "#lovepink" },
				"south": { "uv": [ 14, 15, 15.5, 15.5 ], "texture": "#lovepink" },
				"west": { "uv": [ 12.5, 14.5, 13, 15 ], "texture": "#lovepink" },
				"east": { "uv": [ 11.5, 14.5, 11, 15 ], "texture": "#lovepink" }
			}
		},
		{
			"__comment": "Voxels",
			"from": [ 5, 10, -1 ],
			"to": [ 8, 11, 0 ],
			"faces": {
				"down": { "uv": [ 8, 14.5, 9.5, 15 ], "texture": "#lovepink" },
				"up": { "uv": [ 9.5, 15, 11, 14.5 ], "texture": "#lovepink" },
				"north": { "uv": [ 7, 11.5, 5.5, 12 ], "texture": "#lovepink" },
				"south": { "uv": [ 12.5, 15.5, 14, 16 ], "texture": "#lovepink" },
				"west": { "uv": [ 15.5, 15.5, 16, 16 ], "texture": "#lovepink" },
				"east": { "uv": [ 16, 15, 15.5, 15.5 ], "texture": "#lovepink" }
			}
		},
		{
			"__comment": "Voxels",
			"from": [ 5, 11, -2 ],
			"to": [ 8, 12, -1 ],
			"faces": {
				"down": { "uv": [ 5.5, 11, 7, 11.5 ], "texture": "#lovepink" },
				"up": { "uv": [ 5.5, 9, 7, 8.5 ], "texture": "#lovepink" },
				"north": { "uv": [ 7, 8, 5.5, 8.5 ], "texture": "#lovepink" },
				"south": { "uv": [ 11, 15.5, 12.5, 16 ], "texture": "#lovepink" },
				"west": { "uv": [ 13, 14.5, 13.5, 15 ], "texture": "#lovepink" },
				"east": { "uv": [ 14, 14.5, 13.5, 15 ], "texture": "#lovepink" }
			}
		},
		{
			"__comment": "Voxels",
			"from": [ 6, 11, -3 ],
			"to": [ 7, 12, -2 ],
			"faces": {
				"down": { "uv": [ 14, 14.5, 14.5, 15 ], "texture": "#lovepink" },
				"up": { "uv": [ 14.5, 15, 15, 14.5 ], "texture": "#lovepink" },
				"north": { "uv": [ 15.5, 14.5, 15, 15 ], "texture": "#lovepink" },
				"south": { "uv": [ 15.5, 14.5, 16, 15 ], "texture": "#lovepink" },
				"west": { "uv": [ 8, 14, 8.5, 14.5 ], "texture": "#lovepink" },
				"east": { "uv": [ 8.5, 13.5, 8, 14 ], "texture": "#lovepink" }
			}
		},
		{
			"__comment": "Voxels",
			"from": [ 6, 11, -1 ],
			"to": [ 7, 12, 0 ],
			"faces": {
				"down": { "uv": [ 8, 13, 8.5, 13.5 ], "texture": "#lovepink" },
				"up": { "uv": [ 8, 13, 8.5, 12.5 ], "texture": "#lovepink" },
				"north": { "uv": [ 8.5, 12, 8, 12.5 ], "texture": "#lovepink" },
				"south": { "uv": [ 8, 11.5, 8.5, 12 ], "texture": "#lovepink" },
				"west": { "uv": [ 8, 11, 8.5, 11.5 ], "texture": "#lovepink" },
				"east": { "uv": [ 8.5, 10.5, 8, 11 ], "texture": "#lovepink" }
			}
		},
		{
			"__comment": "Voxels",
			"from": [ 6, 12, -2 ],
			"to": [ 8, 13, -1 ],
			"faces": {
				"down": { "uv": [ 7, 10, 8, 10.5 ], "texture": "#lovepink" },
				"up": { "uv": [ 7, 10, 8, 9.5 ], "texture": "#lovepink" },
				"north": { "uv": [ 8, 9, 7, 9.5 ], "texture": "#lovepink" },
				"south": { "uv": [ 7, 8.5, 8, 9 ], "texture": "#lovepink" },
				"west": { "uv": [ 8, 8, 8.5, 8.5 ], "texture": "#lovepink" },
				"east": { "uv": [ 9, 14, 8.5, 14.5 ], "texture": "#lovepink" }
			}
		},
		{
			"__comment": "Voxels",
			"from": [ 7, 13, -2 ],
			"to": [ 8, 14, -1 ],
			"faces": {
				"down": { "uv": [ 8.5, 13.5, 9, 14 ], "texture": "#lovepink" },
				"up": { "uv": [ 8.5, 13.5, 9, 13 ], "texture": "#lovepink" },
				"north": { "uv": [ 9, 12.5, 8.5, 13 ], "texture": "#lovepink" },
				"south": { "uv": [ 8.5, 12, 9, 12.5 ], "texture": "#lovepink" },
				"west": { "uv": [ 8.5, 11.5, 9, 12 ], "texture": "#lovepink" },
				"east": { "uv": [ 9, 11, 8.5, 11.5 ], "texture": "#lovepink" }
			}
		},
		{
			"__comment": "Voxels",
			"from": [ 8, 14, -2 ],
			"to": [ 9, 15, -1 ],
			"faces": {
				"down": { "uv": [ 8.5, 10.5, 9, 11 ], "texture": "#lovepink" },
				"up": { "uv": [ 8.5, 10.5, 9, 10 ], "texture": "#lovepink" },
				"north": { "uv": [ 9, 9.5, 8.5, 10 ], "texture": "#lovepink" },
				"south": { "uv": [ 8.5, 9, 9, 9.5 ], "texture": "#lovepink" },
				"west": { "uv": [ 8.5, 8.5, 9, 9 ], "texture": "#lovepink" },
				"east": { "uv": [ 9, 8, 8.5, 8.5 ], "texture": "#lovepink" }
			}
		}
	],
	"display": {
		"thirdperson_righthand": {
			"rotation":  [ 13, 0, 0 ],
			"translation":  [ 2.0869, -0.695, 11.129 ]
		},
		"thirdperson_lefthand": {
			"rotation":  [ 13, 0, 0 ],
			"translation":  [ -2.087, -0.695, 11.129 ]
		},
		"firstperson_righthand": {
			"translation":  [ 12.521, -1.389, 4.8695 ],
			"scale":  [ 1.5, 1.5, 1.5 ]
		},
		"firstperson_lefthand": {
			"rotation":  [ 0, 3, 0 ],
			"translation":  [ 12.521, -2.782, 1.3907 ],
			"scale":  [ 1.5, 1.5, 1.5 ]
		},
		"gui": {
			"translation":  [ 2.7826, -3.477, 14.608 ],
			"scale":  [ 1.5, 1.5, 1.5 ]
		},
		"head": {
			"rotation":  [ 0, 180, 0 ],
			"translation":  [ -2.781, 10.433, -18.77 ],
			"scale":  [ 2, 2, 2 ]
		},
		"ground": {
			"rotation":  [ -16, 0, 0 ],
			"translation":  [ 0, 3.4782, 0 ],
			"scale":  [ 1.5, 1.5, 1.5 ]
		},
		"fixed": {
			"rotation":  [ -90, 180, 0 ],
			"translation":  [ -4.173, -28.41, -5.564 ],
			"scale":  [ 3, 3, 3 ]
		}
	}
}