{
	"credit": "Made with Blockbench",
	"texture_size": [128, 128],
	"textures": {
		"0": "item/etc/atm_pink",
		"particle": "item/etc/atm_pink"
	},
	"elements": [
		{
			"from": [14, 0, 0],
			"to": [16, 32, 16],
			"faces": {
				"north": {"uv": [4.5, 6, 4.75, 10], "texture": "#0"},
				"east": {"uv": [2.5, 6, 4.5, 10], "texture": "#0"},
				"south": {"uv": [6.75, 6, 7, 10], "texture": "#0"},
				"west": {"uv": [4.75, 6, 6.75, 10], "texture": "#0"},
				"up": {"uv": [4.75, 6, 4.5, 4], "texture": "#0"},
				"down": {"uv": [5, 4, 4.75, 6], "texture": "#0"}
			}
		},
		{
			"from": [0, 0, 0],
			"to": [2, 32, 16],
			"rotation": {"angle": 0, "axis": "y", "origin": [-6, 8, 8]},
			"faces": {
				"north": {"uv": [2, 2, 2.25, 6], "texture": "#0"},
				"east": {"uv": [0, 2, 2, 6], "texture": "#0"},
				"south": {"uv": [4.25, 2, 4.5, 6], "texture": "#0"},
				"west": {"uv": [2.25, 2, 4.25, 6], "texture": "#0"},
				"up": {"uv": [2.25, 2, 2, 0], "texture": "#0"},
				"down": {"uv": [2.5, 0, 2.25, 2], "texture": "#0"}
			}
		},
		{
			"from": [2, 0, 0.5],
			"to": [14, 16, 14],
			"rotation": {"angle": 0, "axis": "y", "origin": [-4, 8, 8]},
			"faces": {
				"north": {"uv": [6.125, 1.625, 7.625, 3.625], "texture": "#0"},
				"east": {"uv": [4.5, 1.625, 6.125, 3.625], "texture": "#0"},
				"south": {"uv": [9.25, 1.625, 10.75, 3.625], "texture": "#0"},
				"west": {"uv": [7.625, 1.625, 9.25, 3.625], "texture": "#0"},
				"up": {"uv": [7.625, 1.625, 6.125, 0], "texture": "#0"},
				"down": {"uv": [9.125, 0, 7.625, 1.625], "texture": "#0"}
			}
		},
		{
			"from": [10, 18, 2],
			"to": [14, 19, 15],
			"rotation": {"angle": 0, "axis": "y", "origin": [8, 18, 8]},
			"faces": {
				"north": {"uv": [11.375, 3.625, 11.875, 3.75], "texture": "#0"},
				"east": {"uv": [9.75, 3.625, 11.375, 3.75], "texture": "#0"},
				"south": {"uv": [13.5, 3.625, 14, 3.75], "texture": "#0"},
				"west": {"uv": [11.875, 3.625, 13.5, 3.75], "texture": "#0"},
				"up": {"uv": [11.875, 3.625, 11.375, 2], "texture": "#0"},
				"down": {"uv": [12.375, 2, 11.875, 3.625], "texture": "#0"}
			}
		},
		{
			"from": [10.5, 18.25, 3],
			"to": [13.5, 19.25, 8],
			"rotation": {"angle": 0, "axis": "y", "origin": [7.5, 18.25, 9]},
			"faces": {
				"north": {"uv": [0.625, 0.625, 1, 0.75], "texture": "#0"},
				"east": {"uv": [0, 0.625, 0.625, 0.75], "texture": "#0"},
				"south": {"uv": [1.625, 0.625, 2, 0.75], "texture": "#0"},
				"west": {"uv": [1, 0.625, 1.625, 0.75], "texture": "#0"},
				"up": {"uv": [1, 0.625, 0.625, 0], "texture": "#0"},
				"down": {"uv": [1.375, 0, 1, 0.625], "texture": "#0"}
			}
		},
		{
			"from": [2, 18, 2],
			"to": [3, 19, 15],
			"rotation": {"angle": 0, "axis": "y", "origin": [-2, 18, 8]},
			"faces": {
				"north": {"uv": [12.125, 12.125, 12.25, 12.25], "texture": "#0"},
				"east": {"uv": [10.5, 12.125, 12.125, 12.25], "texture": "#0"},
				"south": {"uv": [13.875, 12.125, 14, 12.25], "texture": "#0"},
				"west": {"uv": [12.25, 12.125, 13.875, 12.25], "texture": "#0"},
				"up": {"uv": [12.25, 12.125, 12.125, 10.5], "texture": "#0"},
				"down": {"uv": [12.375, 10.5, 12.25, 12.125], "texture": "#0"}
			}
		},
		{
			"from": [3, 18, 8],
			"to": [10, 19, 15],
			"rotation": {"angle": 0, "axis": "y", "origin": [4, 18, 8]},
			"faces": {
				"north": {"uv": [3.375, 0.875, 4.25, 1], "texture": "#0"},
				"east": {"uv": [2.5, 0.875, 3.375, 1], "texture": "#0"},
				"south": {"uv": [5.125, 0.875, 6, 1], "texture": "#0"},
				"west": {"uv": [4.25, 0.875, 5.125, 1], "texture": "#0"},
				"up": {"uv": [4.25, 0.875, 3.375, 0], "texture": "#0"},
				"down": {"uv": [5.125, 0, 4.25, 0.875], "texture": "#0"}
			}
		},
		{
			"from": [3, 18, 2],
			"to": [10, 19, 3],
			"rotation": {"angle": 0, "axis": "y", "origin": [4, 18, 0]},
			"faces": {
				"north": {"uv": [0.125, 1.25, 1, 1.375], "texture": "#0"},
				"east": {"uv": [0, 1.25, 0.125, 1.375], "texture": "#0"},
				"south": {"uv": [1.125, 1.25, 2, 1.375], "texture": "#0"},
				"west": {"uv": [1, 1.25, 1.125, 1.375], "texture": "#0"},
				"up": {"uv": [1, 1.25, 0.125, 1.125], "texture": "#0"},
				"down": {"uv": [1.875, 1.125, 1, 1.25], "texture": "#0"}
			}
		},
		{
			"from": [11, 17, 2],
			"to": [14, 18, 15],
			"rotation": {"angle": 0, "axis": "y", "origin": [8, 17, 8]},
			"faces": {
				"north": {"uv": [4.25, 12, 4.625, 12.125], "texture": "#0"},
				"east": {"uv": [2.625, 12, 4.25, 12.125], "texture": "#0"},
				"south": {"uv": [6.25, 12, 6.625, 12.125], "texture": "#0"},
				"west": {"uv": [4.625, 12, 6.25, 12.125], "texture": "#0"},
				"up": {"uv": [4.625, 12, 4.25, 10.375], "texture": "#0"},
				"down": {"uv": [5, 10.375, 4.625, 12], "texture": "#0"}
			}
		},
		{
			"from": [2, 17, 2],
			"to": [5, 18, 15],
			"rotation": {"angle": 0, "axis": "y", "origin": [-1, 17, 8]},
			"faces": {
				"north": {"uv": [11.5, 5.625, 11.875, 5.75], "texture": "#0"},
				"east": {"uv": [9.875, 5.625, 11.5, 5.75], "texture": "#0"},
				"south": {"uv": [13.5, 5.625, 13.875, 5.75], "texture": "#0"},
				"west": {"uv": [11.875, 5.625, 13.5, 5.75], "texture": "#0"},
				"up": {"uv": [11.875, 5.625, 11.5, 4], "texture": "#0"},
				"down": {"uv": [12.25, 4, 11.875, 5.625], "texture": "#0"}
			}
		},
		{
			"from": [2, 17, 3],
			"to": [11, 18.75, 15],
			"rotation": {"angle": 0, "axis": "y", "origin": [0, 17, 8]},
			"faces": {
				"north": {"uv": [10.625, 1.5, 11.75, 1.625], "texture": "#0"},
				"east": {"uv": [9.125, 1.5, 10.625, 1.625], "texture": "#0"},
				"south": {"uv": [13.25, 1.5, 14.375, 1.625], "texture": "#0"},
				"west": {"uv": [11.75, 1.5, 13.25, 1.625], "texture": "#0"},
				"up": {"uv": [11.75, 1.5, 10.625, 0], "texture": "#0"},
				"down": {"uv": [12.875, 0, 11.75, 1.5], "texture": "#0"}
			}
		},
		{
			"from": [2, 16, 2],
			"to": [14, 17, 15],
			"rotation": {"angle": 0, "axis": "y", "origin": [8, 16, 8]},
			"faces": {
				"north": {"uv": [8.625, 8.625, 10.125, 8.75], "texture": "#0"},
				"east": {"uv": [7, 8.625, 8.625, 8.75], "texture": "#0"},
				"south": {"uv": [11.75, 8.625, 13.25, 8.75], "texture": "#0"},
				"west": {"uv": [10.125, 8.625, 11.75, 8.75], "texture": "#0"},
				"up": {"uv": [10.125, 8.625, 8.625, 7], "texture": "#0"},
				"down": {"uv": [11.625, 7, 10.125, 8.625], "texture": "#0"}
			}
		},
		{
			"from": [5, 16.75, 2.25],
			"to": [11, 18.5, 3.25],
			"rotation": {"angle": 0, "axis": "y", "origin": [8, 16.75, 8]},
			"faces": {
				"north": {"uv": [0.125, 1.5, 0.875, 1.625], "texture": "#0"},
				"east": {"uv": [0, 1.5, 0.125, 1.625], "texture": "#0"},
				"south": {"uv": [1, 1.5, 1.75, 1.625], "texture": "#0"},
				"west": {"uv": [0.875, 1.5, 1, 1.625], "texture": "#0"},
				"up": {"uv": [0.875, 1.5, 0.125, 1.375], "texture": "#0"},
				"down": {"uv": [1.625, 1.375, 0.875, 1.5], "texture": "#0"}
			}
		},
		{
			"from": [5, 17.5, 1.75],
			"to": [11, 18.5, 2.75],
			"rotation": {"angle": 0, "axis": "y", "origin": [8, 17.5, -4.25]},
			"faces": {
				"north": {"uv": [0.125, 1.75, 0.875, 1.875], "texture": "#0"},
				"east": {"uv": [0, 1.75, 0.125, 1.875], "texture": "#0"},
				"south": {"uv": [1, 1.75, 1.75, 1.875], "texture": "#0"},
				"west": {"uv": [0.875, 1.75, 1, 1.875], "texture": "#0"},
				"up": {"uv": [0.875, 1.75, 0.125, 1.625], "texture": "#0"},
				"down": {"uv": [1.625, 1.625, 0.875, 1.75], "texture": "#0"}
			}
		},
		{
			"from": [2, 19, 9.5],
			"to": [14, 30, 15],
			"rotation": {"angle": 0, "axis": "y", "origin": [8, 21, 8]},
			"faces": {
				"north": {"uv": [0.625, 10.625, 2.125, 12], "texture": "#0"},
				"east": {"uv": [0, 10.625, 0.625, 12], "texture": "#0"},
				"south": {"uv": [2.75, 10.625, 4.25, 12], "texture": "#0"},
				"west": {"uv": [2.125, 10.625, 2.75, 12], "texture": "#0"},
				"up": {"uv": [2.125, 10.625, 0.625, 10], "texture": "#0"},
				"down": {"uv": [3.625, 10, 2.125, 10.625], "texture": "#0"}
			}
		},
		{
			"from": [3, 2, 0.25],
			"to": [13, 13, 0.75],
			"rotation": {"angle": 0, "axis": "y", "origin": [7, 4, -1.25]},
			"faces": {
				"north": {"uv": [0, 6, 1.25, 7.375], "texture": "#0"},
				"east": {"uv": [0, 6, 0, 7.375], "texture": "#0"},
				"south": {"uv": [1.25, 6, 2.5, 7.375], "texture": "#0"},
				"west": {"uv": [1.25, 6, 1.25, 7.375], "texture": "#0"},
				"up": {"uv": [1.25, 6, 0, 6], "texture": "#0"},
				"down": {"uv": [2.5, 6, 1.25, 6], "texture": "#0"}
			}
		},
		{
			"from": [13, 19, 9],
			"to": [14, 30, 10],
			"rotation": {"angle": 0, "axis": "y", "origin": [8, 21, 6]},
			"faces": {
				"north": {"uv": [5.625, 3.75, 5.75, 5.125], "texture": "#0"},
				"east": {"uv": [5.5, 3.75, 5.625, 5.125], "texture": "#0"},
				"south": {"uv": [5.875, 3.75, 6, 5.125], "texture": "#0"},
				"west": {"uv": [5.75, 3.75, 5.875, 5.125], "texture": "#0"},
				"up": {"uv": [5.75, 3.75, 5.625, 3.625], "texture": "#0"},
				"down": {"uv": [5.875, 3.625, 5.75, 3.75], "texture": "#0"}
			}
		},
		{
			"from": [2, 19, 9],
			"to": [3, 30, 10],
			"rotation": {"angle": 0, "axis": "y", "origin": [-2, 21, 6]},
			"faces": {
				"north": {"uv": [5.125, 3.75, 5.25, 5.125], "texture": "#0"},
				"east": {"uv": [5, 3.75, 5.125, 5.125], "texture": "#0"},
				"south": {"uv": [5.375, 3.75, 5.5, 5.125], "texture": "#0"},
				"west": {"uv": [5.25, 3.75, 5.375, 5.125], "texture": "#0"},
				"up": {"uv": [5.25, 3.75, 5.125, 3.625], "texture": "#0"},
				"down": {"uv": [5.375, 3.625, 5.25, 3.75], "texture": "#0"}
			}
		},
		{
			"from": [3, 19, 9],
			"to": [13, 22, 10],
			"rotation": {"angle": 0, "axis": "y", "origin": [6, 21, 6]},
			"faces": {
				"north": {"uv": [2.625, 1.125, 3.875, 1.5], "texture": "#0"},
				"east": {"uv": [2.5, 1.125, 2.625, 1.5], "texture": "#0"},
				"south": {"uv": [4, 1.125, 5.25, 1.5], "texture": "#0"},
				"west": {"uv": [3.875, 1.125, 4, 1.5], "texture": "#0"},
				"up": {"uv": [3.875, 1.125, 2.625, 1], "texture": "#0"},
				"down": {"uv": [5.125, 1, 3.875, 1.125], "texture": "#0"}
			}
		},
		{
			"from": [3, 19.75, 8.75],
			"to": [6, 20.75, 10.75],
			"rotation": {"angle": 0, "axis": "y", "origin": [1, 21.75, 6.75]},
			"faces": {
				"north": {"uv": [2.75, 1.75, 3.125, 1.875], "texture": "#0"},
				"east": {"uv": [2.5, 1.75, 2.75, 1.875], "texture": "#0"},
				"south": {"uv": [3.375, 1.75, 3.75, 1.875], "texture": "#0"},
				"west": {"uv": [3.125, 1.75, 3.375, 1.875], "texture": "#0"},
				"up": {"uv": [3.125, 1.75, 2.75, 1.5], "texture": "#0"},
				"down": {"uv": [3.5, 1.5, 3.125, 1.75], "texture": "#0"}
			}
		},
		{
			"from": [7.5, 19.75, 8.75],
			"to": [13.5, 20.75, 10.75],
			"rotation": {"angle": 0, "axis": "y", "origin": [7.5, 21.75, 6.75]},
			"faces": {
				"north": {"uv": [0.25, 1, 1, 1.125], "texture": "#0"},
				"east": {"uv": [0, 1, 0.25, 1.125], "texture": "#0"},
				"south": {"uv": [1.25, 1, 2, 1.125], "texture": "#0"},
				"west": {"uv": [1, 1, 1.25, 1.125], "texture": "#0"},
				"up": {"uv": [1, 1, 0.25, 0.75], "texture": "#0"},
				"down": {"uv": [1.75, 0.75, 1, 1], "texture": "#0"}
			}
		},
		{
			"from": [3, 29, 9],
			"to": [13, 30, 10],
			"rotation": {"angle": 0, "axis": "y", "origin": [6, 29, 6]},
			"faces": {
				"north": {"uv": [7.125, 6.75, 8.375, 6.875], "texture": "#0"},
				"east": {"uv": [7, 6.75, 7.125, 6.875], "texture": "#0"},
				"south": {"uv": [8.5, 6.75, 9.75, 6.875], "texture": "#0"},
				"west": {"uv": [8.375, 6.75, 8.5, 6.875], "texture": "#0"},
				"up": {"uv": [8.375, 6.75, 7.125, 6.625], "texture": "#0"},
				"down": {"uv": [9.625, 6.625, 8.375, 6.75], "texture": "#0"}
			}
		},
		{
			"from": [0.25, 14, -0.5],
			"to": [15.75, 16, 0.5],
			"rotation": {"angle": 0, "axis": "y", "origin": [7.75, 8, 8.5]},
			"faces": {
				"north": {"uv": [5.125, 5.75, 7, 6], "texture": "#0"},
				"east": {"uv": [5, 5.75, 5.125, 6], "texture": "#0"},
				"south": {"uv": [7.125, 5.75, 9, 6], "texture": "#0"},
				"west": {"uv": [7, 5.75, 7.125, 6], "texture": "#0"},
				"up": {"uv": [7, 5.75, 5.125, 5.625], "texture": "#0"},
				"down": {"uv": [8.875, 5.625, 7, 5.75], "texture": "#0"}
			}
		},
		{
			"from": [2, 0, 14],
			"to": [14, 32, 16],
			"rotation": {"angle": 0, "axis": "y", "origin": [8, 24, 8]},
			"faces": {
				"north": {"uv": [7.25, 9, 8.75, 13], "texture": "#0"},
				"east": {"uv": [7, 9, 7.25, 13], "texture": "#0"},
				"south": {"uv": [9, 9, 10.5, 13], "texture": "#0"},
				"west": {"uv": [8.75, 9, 9, 13], "texture": "#0"},
				"up": {"uv": [8.75, 9, 7.25, 8.75], "texture": "#0"},
				"down": {"uv": [10.25, 8.75, 8.75, 9], "texture": "#0"}
			}
		},
		{
			"from": [2, 30, 0],
			"to": [14, 32, 14],
			"rotation": {"angle": 0, "axis": "y", "origin": [8, 24, 6]},
			"faces": {
				"north": {"uv": [6.75, 5.375, 8.25, 5.625], "texture": "#0"},
				"east": {"uv": [5, 5.375, 6.75, 5.625], "texture": "#0"},
				"south": {"uv": [10, 5.375, 11.5, 5.625], "texture": "#0"},
				"west": {"uv": [8.25, 5.375, 10, 5.625], "texture": "#0"},
				"up": {"uv": [8.25, 5.375, 6.75, 3.625], "texture": "#0"},
				"down": {"uv": [9.75, 3.625, 8.25, 5.375], "texture": "#0"}
			}
		},
		{
			"from": [5, 29.75, 3],
			"to": [11, 30.75, 7],
			"rotation": {"angle": 0, "axis": "y", "origin": [5, 23.75, 4]},
			"faces": {
				"north": {"uv": [7.5, 6.5, 8.25, 6.625], "texture": "#0"},
				"east": {"uv": [7, 6.5, 7.5, 6.625], "texture": "#0"},
				"south": {"uv": [8.75, 6.5, 9.5, 6.625], "texture": "#0"},
				"west": {"uv": [8.25, 6.5, 8.75, 6.625], "texture": "#0"},
				"up": {"uv": [8.25, 6.5, 7.5, 6], "texture": "#0"},
				"down": {"uv": [9, 6, 8.25, 6.5], "texture": "#0"}
			}
		}
	]
}