{
	"__comment": "moon",
	"textures": {
		"particle": "item/etc/rabbit",
		"texture": "item/etc/rabbit",
		"voxels_atlas": "item/etc/rabbit"
	},
	"elements": [ 	 
		{
			"__comment": "Voxels",
			"from": [ -3, 21, 11 ],
			"to": [ -2, 23, 13 ],
			"faces": {
				"down": { "uv": [ 10, 10, 10.5, 11 ], "texture": "#voxels_atlas" },
				"up": { "uv": [ 1.5, 10.5, 2, 9.5 ], "texture": "#voxels_atlas" },
				"north": { "uv": [ 2, 8.5, 1.5, 9.5 ], "texture": "#voxels_atlas" },
				"south": { "uv": [ 3.5, 9.5, 4, 10.5 ], "texture": "#voxels_atlas" },
				"west": { "uv": [ 9, 12, 10, 13 ], "texture": "#voxels_atlas" },
				"east": { "uv": [ 10, 11, 9, 12 ], "texture": "#voxels_atlas" }
			}
		},
		{
			"__comment": "Voxels",
			"from": [ -2, 22, 10 ],
			"to": [ 1, 23, 14 ],
			"faces": {
				"down": { "uv": [ 0, 8.5, 1.5, 10.5 ], "texture": "#voxels_atlas" },
				"up": { "uv": [ 2, 10.5, 3.5, 8.5 ], "texture": "#voxels_atlas" },
				"north": { "uv": [ 13, 12, 11.5, 12.5 ], "texture": "#voxels_atlas" },
				"south": { "uv": [ 14.5, 13.5, 16, 14 ], "texture": "#voxels_atlas" },
				"west": { "uv": [ 10.5, 13.5, 12.5, 14 ], "texture": "#voxels_atlas" },
				"east": { "uv": [ 4, 8, 2, 8.5 ], "texture": "#voxels_atlas" }
			}
		},
		{
			"__comment": "Voxels",
			"from": [ -2, 23, 11 ],
			"to": [ 1, 24, 13 ],
			"faces": {
				"down": { "uv": [ 14, 14, 15.5, 15 ], "texture": "#voxels_atlas" },
				"up": { "uv": [ 9, 14, 10.5, 13 ], "texture": "#voxels_atlas" },
				"north": { "uv": [ 16, 12, 14.5, 12.5 ], "texture": "#voxels_atlas" },
				"south": { "uv": [ 13, 12, 14.5, 12.5 ], "texture": "#voxels_atlas" },
				"west": { "uv": [ 10.5, 8, 11.5, 8.5 ], "texture": "#voxels_atlas" },
				"east": { "uv": [ 12.5, 11.5, 11.5, 12 ], "texture": "#voxels_atlas" }
			}
		},
		{
			"__comment": "Voxels",
			"from": [ -1, 25, 5 ],
			"to": [ 0, 27, 7 ],
			"faces": {
				"down": { "uv": [ 3.5, 8.5, 4, 9.5 ], "texture": "#voxels_atlas" },
				"up": { "uv": [ 15.5, 15, 16, 14 ], "texture": "#voxels_atlas" },
				"north": { "uv": [ 10.5, 12, 10, 13 ], "texture": "#voxels_atlas" },
				"south": { "uv": [ 10, 11, 10.5, 12 ], "texture": "#voxels_atlas" },
				"west": { "uv": [ 9, 10, 10, 11 ], "texture": "#voxels_atlas" },
				"east": { "uv": [ 7, 9, 6, 10 ], "texture": "#voxels_atlas" }
			}
		},
		{
			"__comment": "Voxels",
			"from": [ 0, 21, 10 ],
			"to": [ 2, 22, 14 ],
			"faces": {
				"down": { "uv": [ 6, 10, 7, 12 ], "texture": "#voxels_atlas" },
				"up": { "uv": [ 7, 10.5, 8, 8.5 ], "texture": "#voxels_atlas" },
				"north": { "uv": [ 13.5, 11.5, 12.5, 12 ], "texture": "#voxels_atlas" },
				"south": { "uv": [ 13.5, 11.5, 14.5, 12 ], "texture": "#voxels_atlas" },
				"west": { "uv": [ 12.5, 13.5, 14.5, 14 ], "texture": "#voxels_atlas" },
				"east": { "uv": [ 2, 8, 0, 8.5 ], "texture": "#voxels_atlas" }
			}
		},
		{
			"__comment": "Voxels",
			"from": [ 0, 26, 4 ],
			"to": [ 2, 27, 5 ],
			"faces": {
				"down": { "uv": [ 14.5, 11.5, 15.5, 12 ], "texture": "#voxels_atlas" },
				"up": { "uv": [ 11.5, 11.5, 12.5, 11 ], "texture": "#voxels_atlas" },
				"north": { "uv": [ 12.5, 10.5, 11.5, 11 ], "texture": "#voxels_atlas" },
				"south": { "uv": [ 11.5, 9, 12.5, 9.5 ], "texture": "#voxels_atlas" },
				"west": { "uv": [ 15.5, 10.5, 16, 11 ], "texture": "#voxels_atlas" },
				"east": { "uv": [ 13, 8, 12.5, 8.5 ], "texture": "#voxels_atlas" }
			}
		},
		{
			"__comment": "Voxels",
			"from": [ 0, 26, 7 ],
			"to": [ 2, 27, 8 ],
			"faces": {
				"down": { "uv": [ 11.5, 8.5, 12.5, 9 ], "texture": "#voxels_atlas" },
				"up": { "uv": [ 14.5, 11, 15.5, 10.5 ], "texture": "#voxels_atlas" },
				"north": { "uv": [ 13.5, 10, 12.5, 10.5 ], "texture": "#voxels_atlas" },
				"south": { "uv": [ 12.5, 9.5, 13.5, 10 ], "texture": "#voxels_atlas" },
				"west": { "uv": [ 13.5, 9, 14, 9.5 ], "texture": "#voxels_atlas" },
				"east": { "uv": [ 13.5, 8, 13, 8.5 ], "texture": "#voxels_atlas" }
			}
		},
		{
			"__comment": "Voxels",
			"from": [ 0, 27, 5 ],
			"to": [ 2, 28, 7 ],
			"faces": {
				"down": { "uv": [ 10.5, 12.5, 11.5, 13.5 ], "texture": "#voxels_atlas" },
				"up": { "uv": [ 4, 9, 5, 8 ], "texture": "#voxels_atlas" },
				"north": { "uv": [ 13.5, 9, 12.5, 9.5 ], "texture": "#voxels_atlas" },
				"south": { "uv": [ 12.5, 8.5, 13.5, 9 ], "texture": "#voxels_atlas" },
				"west": { "uv": [ 7, 8, 8, 8.5 ], "texture": "#voxels_atlas" },
				"east": { "uv": [ 9, 8, 8, 8.5 ], "texture": "#voxels_atlas" }
			}
		},
		{
			"__comment": "Voxels",
			"from": [ 1, 15, 4 ],
			"to": [ 3, 26, 8 ],
			"faces": {
				"down": { "uv": [ 9, 14, 10, 16 ], "texture": "#voxels_atlas" },
				"up": { "uv": [ 10, 16, 11, 14 ], "texture": "#voxels_atlas" },
				"north": { "uv": [ 9, 10.5, 8, 16 ], "texture": "#voxels_atlas" },
				"south": { "uv": [ 7, 10.5, 8, 16 ], "texture": "#voxels_atlas" },
				"west": { "uv": [ 2, 10.5, 4, 16 ], "texture": "#voxels_atlas" },
				"east": { "uv": [ 2, 10.5, 0, 16 ], "texture": "#voxels_atlas" }
			}
		},
		{
			"__comment": "Voxels",
			"from": [ 1, 15, 8 ],
			"to": [ 3, 19, 14 ],
			"faces": {
				"down": { "uv": [ 4, 9, 5, 12 ], "texture": "#voxels_atlas" },
				"up": { "uv": [ 5, 12, 6, 9 ], "texture": "#voxels_atlas" },
				"north": { "uv": [ 9, 8.5, 8, 10.5 ], "texture": "#voxels_atlas" },
				"south": { "uv": [ 11, 14, 12, 16 ], "texture": "#voxels_atlas" },
				"west": { "uv": [ 4, 14, 7, 16 ], "texture": "#voxels_atlas" },
				"east": { "uv": [ 7, 12, 4, 14 ], "texture": "#voxels_atlas" }
			}
		},
		{
			"__comment": "Voxels",
			"from": [ 1, 19, 10 ],
			"to": [ 3, 21, 14 ],
			"faces": {
				"down": { "uv": [ 12, 14, 13, 16 ], "texture": "#voxels_atlas" },
				"up": { "uv": [ 13, 16, 14, 14 ], "texture": "#voxels_atlas" },
				"north": { "uv": [ 10, 9, 9, 10 ], "texture": "#voxels_atlas" },
				"south": { "uv": [ 9, 8, 10, 9 ], "texture": "#voxels_atlas" },
				"west": { "uv": [ 5, 8, 7, 9 ], "texture": "#voxels_atlas" },
				"east": { "uv": [ 16, 15, 14, 16 ], "texture": "#voxels_atlas" }
			}
		},
		{
			"__comment": "Voxels",
			"from": [ 1, 22, 11 ],
			"to": [ 2, 23, 13 ],
			"faces": {
				"down": { "uv": [ 10, 9, 10.5, 10 ], "texture": "#voxels_atlas" },
				"up": { "uv": [ 10, 9, 10.5, 8 ], "texture": "#voxels_atlas" },
				"north": { "uv": [ 16, 11.5, 15.5, 12 ], "texture": "#voxels_atlas" },
				"south": { "uv": [ 15.5, 11, 16, 11.5 ], "texture": "#voxels_atlas" },
				"west": { "uv": [ 11.5, 10, 12.5, 10.5 ], "texture": "#voxels_atlas" },
				"east": { "uv": [ 12.5, 9.5, 11.5, 10 ], "texture": "#voxels_atlas" }
			}
		},
		{
			"__comment": "Voxels",
			"from": [ 1, 26, 5 ],
			"to": [ 3, 27, 7 ],
			"faces": {
				"down": { "uv": [ 12.5, 12.5, 13.5, 13.5 ], "texture": "#voxels_atlas" },
				"up": { "uv": [ 13.5, 13.5, 14.5, 12.5 ], "texture": "#voxels_atlas" },
				"north": { "uv": [ 12.5, 8, 11.5, 8.5 ], "texture": "#voxels_atlas" },
				"south": { "uv": [ 12.5, 11, 13.5, 11.5 ], "texture": "#voxels_atlas" },
				"west": { "uv": [ 13.5, 11, 14.5, 11.5 ], "texture": "#voxels_atlas" },
				"east": { "uv": [ 15.5, 11, 14.5, 11.5 ], "texture": "#voxels_atlas" }
			}
		},
		{
			"__comment": "Voxels",
			"from": [ 2, 21, 11 ],
			"to": [ 3, 22, 13 ],
			"faces": {
				"down": { "uv": [ 13.5, 9.5, 14, 10.5 ], "texture": "#voxels_atlas" },
				"up": { "uv": [ 15.5, 13.5, 16, 12.5 ], "texture": "#voxels_atlas" },
				"north": { "uv": [ 14, 8.5, 13.5, 9 ], "texture": "#voxels_atlas" },
				"south": { "uv": [ 13.5, 8, 14, 8.5 ], "texture": "#voxels_atlas" },
				"west": { "uv": [ 12.5, 10.5, 13.5, 11 ], "texture": "#voxels_atlas" },
				"east": { "uv": [ 14.5, 10.5, 13.5, 11 ], "texture": "#voxels_atlas" }
			}
		}
	],
	"display": {
		"thirdperson_righthand": {
			"rotation":  [ 11, 20, -30 ],
			"translation":  [ 2.0869, -5.564, 0 ],
			"scale":  [ 0.7565, 0.5913, 0.513 ]
		},
		"thirdperson_lefthand": {
			"rotation":  [ 5, -180, 32 ],
			"translation":  [ 2.0869, -5.564, 0 ],
			"scale":  [ 0.7565, 0.5913, 0.513 ]
		},
		"firstperson_righthand": {
			"rotation":  [ -15, 31, -5 ],
			"translation":  [ 1.3913, -2.779, 0 ],
			"scale":  [ 0.4094, 0.4438, 0.479 ]
		},
		"firstperson_lefthand": {
			"rotation":  [ -23, -132, -5 ],
			"translation":  [ 1.3913, -2.778, -0.695 ],
			"scale":  [ 0.4094, 0.4438, 0.479 ]
		},
		"head": {
			"rotation":  [ 0, -90, 0 ],
			"translation":  [ 1.3963, -9.734, 5.5652 ],
			"scale":  [ 1.2173, 1.5562, 1.5562 ]
		},
		"gui": {
			"rotation":  [ 0, 90, 0 ],
			"translation":  [ -0.695, -12.51, 0 ]
		},
		"ground": {
			"rotation":  [ 3, -14, -17 ],
			"scale":  [ 0.6173, 0.6173, 0.652 ]
		},
		"fixed": {
			"rotation":  [ 0, -90, 0 ],
			"translation":  [ 0.0006, -13.21, 4.8695 ]
		}
	}
}