{
	"credit": "Made with Blockbench",
	"textures": {
		"0": "item/etc/hardhat",
		"particle": "item/etc/hardhat"
	},
	"elements": [
		{
			"from": [5.74244, 7.36287, 6.40588],
			"to": [6.24244, 9.16287, 9.80588],
			"rotation": {"angle": 0, "axis": "y", "origin": [8.05291, 7.5814, 8]},
			"faces": {
				"north": {"uv": [0, 0, 1, 1], "texture": "#0"},
				"east": {"uv": [0, 0, 1, 1], "texture": "#0"},
				"south": {"uv": [0, 0, 1, 1], "texture": "#0"},
				"west": {"uv": [0, 0, 1, 1], "texture": "#0"},
				"up": {"uv": [0, 0, 1, 1], "texture": "#0"},
				"down": {"uv": [0, 0, 1, 1], "texture": "#0"}
			}
		},
		{
			"from": [10.04244, 6.96287, 6.40588],
			"to": [10.54244, 9.16287, 9.80588],
			"rotation": {"angle": 0, "axis": "y", "origin": [8.05291, 7.5814, 8]},
			"faces": {
				"north": {"uv": [10, 14, 12, 16], "texture": "#0"},
				"east": {"uv": [0, 0, 1, 1], "texture": "#0"},
				"south": {"uv": [0, 0, 1, 1], "texture": "#0"},
				"west": {"uv": [0, 0, 1, 1], "texture": "#0"},
				"up": {"uv": [0, 0, 1, 1], "texture": "#0"},
				"down": {"uv": [0, 0, 1, 1], "texture": "#0"}
			}
		},
		{
			"from": [6.14244, 8.86287, 6.40588],
			"to": [10.44244, 9.16287, 9.80588],
			"rotation": {"angle": 0, "axis": "y", "origin": [8.05291, 7.5814, 8]},
			"faces": {
				"north": {"uv": [0, 0, 1, 1], "texture": "#0"},
				"east": {"uv": [0, 0, 1, 1], "texture": "#0"},
				"south": {"uv": [0, 0, 1, 1], "texture": "#0"},
				"west": {"uv": [0, 0, 1, 1], "texture": "#0"},
				"up": {"uv": [0, 0, 1, 1], "texture": "#0"},
				"down": {"uv": [0, 0, 1, 1], "texture": "#0"}
			}
		},
		{
			"from": [5.17526, 6.10224, 9.60588],
			"to": [6.07526, 6.60224, 10.60588],
			"rotation": {"angle": -22.5, "axis": "z", "origin": [7.86157, 7.61946, 8]},
			"faces": {
				"north": {"uv": [1.4, 0, 0, 1], "rotation": 180, "texture": "#0"},
				"east": {"uv": [1.4, 0, 0, 1], "texture": "#0"},
				"south": {"uv": [1.4, 0, 0, 1], "texture": "#0"},
				"west": {"uv": [0, 0, 1, 1], "texture": "#0"},
				"up": {"uv": [1.4, 0, 0, 1], "texture": "#0"},
				"down": {"uv": [1.4, 0, 0, 1], "texture": "#0"}
			}
		},
		{
			"from": [5.57526, 6.10224, 6.60588],
			"to": [6.37526, 6.60224, 9.60588],
			"rotation": {"angle": -22.5, "axis": "z", "origin": [7.86157, 7.61946, 8]},
			"faces": {
				"north": {"uv": [0.8, 0, 0, 1], "rotation": 180, "texture": "#0"},
				"east": {"uv": [0.8, 0, 0, 1], "texture": "#0"},
				"south": {"uv": [0.8, 0, 0, 1], "texture": "#0"},
				"west": {"uv": [0, 0, 1, 1], "texture": "#0"},
				"up": {"uv": [0.8, 0, 0, 1], "texture": "#0"},
				"down": {"uv": [0.8, 0, 0, 1], "texture": "#0"}
			}
		},
		{
			"from": [5.17526, 6.10224, 5.60588],
			"to": [6.07526, 6.60224, 6.60588],
			"rotation": {"angle": -22.5, "axis": "z", "origin": [7.86157, 7.61946, 8]},
			"faces": {
				"north": {"uv": [1.4, 0, 0, 1], "rotation": 180, "texture": "#0"},
				"east": {"uv": [1.4, 0, 0, 1], "texture": "#0"},
				"south": {"uv": [1.4, 0, 0, 1], "texture": "#0"},
				"west": {"uv": [0, 0, 1, 1], "texture": "#0"},
				"up": {"uv": [1.4, 0, 0, 1], "texture": "#0"},
				"down": {"uv": [1.4, 0, 0, 1], "texture": "#0"}
			}
		},
		{
			"from": [5.63062, 6.80132, 9.60588],
			"to": [10.53062, 7.40132, 10.60588],
			"rotation": {"angle": 0, "axis": "y", "origin": [8.05291, 7.5814, 8]},
			"faces": {
				"north": {"uv": [0, 0, 1.1, 1], "rotation": 180, "texture": "#0"},
				"east": {"uv": [0, 0, 1.1, 1], "texture": "#0"},
				"south": {"uv": [0, 0, 1.1, 1], "texture": "#0"},
				"west": {"uv": [0, 0, 1, 1], "texture": "#0"},
				"up": {"uv": [0, 0, 1.1, 1], "texture": "#0"},
				"down": {"uv": [0, 0, 1.1, 1], "texture": "#0"}
			}
		},
		{
			"from": [10.40069, 6.80132, 9.9527],
			"to": [11.30069, 7.40132, 10.4527],
			"rotation": {"angle": 22.5, "axis": "y", "origin": [10.85069, 7.15132, 10.2027]},
			"faces": {
				"north": {"uv": [0, 0, 1.4, 1], "rotation": 180, "texture": "#0"},
				"east": {"uv": [0, 0, 1.4, 1], "texture": "#0"},
				"south": {"uv": [0, 0, 1.4, 1], "texture": "#0"},
				"west": {"uv": [0, 0, 1, 1], "texture": "#0"},
				"up": {"uv": [0, 0, 1.4, 1], "texture": "#0"},
				"down": {"uv": [0, 0, 1.4, 1], "texture": "#0"}
			}
		},
		{
			"from": [11.18282, 6.80132, 9.24578],
			"to": [11.78282, 7.40132, 10.14578],
			"rotation": {"angle": -45, "axis": "y", "origin": [11.43282, 7.15132, 9.69578]},
			"faces": {
				"north": {"uv": [0, 0, 1.4, 1], "texture": "#0"},
				"east": {"uv": [0, 0, 1.4, 1], "texture": "#0"},
				"south": {"uv": [0, 0, 1, 1], "texture": "#0"},
				"west": {"uv": [0, 0, 1.4, 1], "rotation": 180, "texture": "#0"},
				"up": {"uv": [0, 0, 1.4, 1], "texture": "#0"},
				"down": {"uv": [0, 0, 1.4, 1], "rotation": 90, "texture": "#0"}
			}
		},
		{
			"from": [11.59736, 6.80132, 8.62539],
			"to": [12.19736, 7.40132, 9.52539],
			"rotation": {"angle": -22.5, "axis": "y", "origin": [11.84736, 7.15132, 9.07539]},
			"faces": {
				"north": {"uv": [0, 0, 1.4, 1], "texture": "#0"},
				"east": {"uv": [0, 0, 1.4, 1], "texture": "#0"},
				"south": {"uv": [0, 0, 1, 1], "texture": "#0"},
				"west": {"uv": [0, 0, 1.4, 1], "rotation": 180, "texture": "#0"},
				"up": {"uv": [0, 0, 1.4, 1], "texture": "#0"},
				"down": {"uv": [0, 0, 1.4, 1], "rotation": 90, "texture": "#0"}
			}
		},
		{
			"from": [11.74292, 6.80132, 7.89358],
			"to": [12.34292, 7.40132, 8.79358],
			"rotation": {"angle": 0, "axis": "y", "origin": [11.99292, 7.15132, 8.34358]},
			"faces": {
				"north": {"uv": [0, 0, 1.4, 1], "texture": "#0"},
				"east": {"uv": [0, 0, 1.4, 1], "texture": "#0"},
				"south": {"uv": [0, 0, 1, 1], "texture": "#0"},
				"west": {"uv": [0, 0, 1.4, 1], "rotation": 180, "texture": "#0"},
				"up": {"uv": [0, 0, 1.4, 1], "texture": "#0"},
				"down": {"uv": [0, 0, 1.4, 1], "rotation": 90, "texture": "#0"}
			}
		},
		{
			"from": [10.50652, 6.90132, 8.12998],
			"to": [11.30652, 7.20132, 10.12998],
			"rotation": {"angle": 0, "axis": "y", "origin": [11.60652, 7.15132, 8.97998]},
			"faces": {
				"north": {"uv": [8, 14, 9, 16], "texture": "#0"},
				"east": {"uv": [8, 14, 9, 16], "texture": "#0"},
				"south": {"uv": [8, 14, 9, 16], "texture": "#0"},
				"west": {"uv": [8, 14, 9, 16], "rotation": 180, "texture": "#0"},
				"up": {"uv": [8, 14, 9, 16], "texture": "#0"},
				"down": {"uv": [8, 14, 9, 16], "rotation": 90, "texture": "#0"}
			}
		},
		{
			"from": [11.30652, 6.90132, 8.12998],
			"to": [12.10652, 7.20132, 9.32998],
			"rotation": {"angle": 0, "axis": "y", "origin": [11.60652, 7.15132, 8.97998]},
			"faces": {
				"north": {"uv": [8, 14, 9, 16], "texture": "#0"},
				"east": {"uv": [8, 14, 9, 16], "texture": "#0"},
				"south": {"uv": [8, 14, 9, 16], "texture": "#0"},
				"west": {"uv": [8, 14, 9, 16], "rotation": 180, "texture": "#0"},
				"up": {"uv": [8, 14, 9, 16], "texture": "#0"},
				"down": {"uv": [8, 14, 9, 16], "rotation": 90, "texture": "#0"}
			}
		},
		{
			"from": [5.63062, 6.80132, 5.60588],
			"to": [10.53062, 7.40132, 6.60588],
			"rotation": {"angle": 0, "axis": "y", "origin": [8.18062, 7.15132, 6.10588]},
			"faces": {
				"north": {"uv": [0, 0, 1.1, 1], "rotation": 180, "texture": "#0"},
				"east": {"uv": [0, 0, 1.1, 1], "texture": "#0"},
				"south": {"uv": [0, 0, 1.1, 1], "texture": "#0"},
				"west": {"uv": [0, 0, 1, 1], "texture": "#0"},
				"up": {"uv": [0, 0, 1.1, 1], "texture": "#0"},
				"down": {"uv": [0, 0, 1.1, 1], "texture": "#0"}
			}
		},
		{
			"from": [10.40069, 6.80132, 5.75906],
			"to": [11.30069, 7.40132, 6.25906],
			"rotation": {"angle": -22.5, "axis": "y", "origin": [10.85069, 7.15132, 6.00906]},
			"faces": {
				"north": {"uv": [0, 0, 1.4, 1], "rotation": 180, "texture": "#0"},
				"east": {"uv": [0, 0, 1.4, 1], "texture": "#0"},
				"south": {"uv": [0, 0, 1.4, 1], "texture": "#0"},
				"west": {"uv": [0, 0, 1, 1], "texture": "#0"},
				"up": {"uv": [0, 0, 1.4, 1], "texture": "#0"},
				"down": {"uv": [0, 0, 1.4, 1], "texture": "#0"}
			}
		},
		{
			"from": [11.18282, 6.80132, 6.06598],
			"to": [11.78282, 7.40132, 6.96598],
			"rotation": {"angle": 45, "axis": "y", "origin": [11.43282, 7.15132, 6.51598]},
			"faces": {
				"north": {"uv": [0, 0, 1, 1], "texture": "#0"},
				"east": {"uv": [0, 0, 1.4, 1], "rotation": 180, "texture": "#0"},
				"south": {"uv": [0, 0, 1.4, 1], "texture": "#0"},
				"west": {"uv": [0, 0, 1.4, 1], "texture": "#0"},
				"up": {"uv": [0, 0, 1.4, 1], "rotation": 90, "texture": "#0"},
				"down": {"uv": [0, 0, 1.4, 1], "rotation": 270, "texture": "#0"}
			}
		},
		{
			"from": [11.74292, 6.80132, 7.41819],
			"to": [12.34292, 7.40132, 8.31819],
			"rotation": {"angle": 0, "axis": "y", "origin": [11.99292, 7.15132, 7.86819]},
			"faces": {
				"north": {"uv": [0, 0, 1, 1], "texture": "#0"},
				"east": {"uv": [0, 0, 1.4, 1], "rotation": 180, "texture": "#0"},
				"south": {"uv": [0, 0, 1.4, 1], "texture": "#0"},
				"west": {"uv": [0, 0, 1.4, 1], "texture": "#0"},
				"up": {"uv": [0, 0, 1.4, 1], "rotation": 90, "texture": "#0"},
				"down": {"uv": [0, 0, 1.4, 1], "rotation": 270, "texture": "#0"}
			}
		},
		{
			"from": [11.59736, 6.80132, 6.68638],
			"to": [12.19736, 7.40132, 7.58638],
			"rotation": {"angle": 22.5, "axis": "y", "origin": [11.84736, 7.15132, 7.13638]},
			"faces": {
				"north": {"uv": [0, 0, 1, 1], "texture": "#0"},
				"east": {"uv": [0, 0, 1.4, 1], "rotation": 180, "texture": "#0"},
				"south": {"uv": [0, 0, 1.4, 1], "texture": "#0"},
				"west": {"uv": [0, 0, 1.4, 1], "texture": "#0"},
				"up": {"uv": [0, 0, 1.4, 1], "rotation": 90, "texture": "#0"},
				"down": {"uv": [0, 0, 1.4, 1], "rotation": 270, "texture": "#0"}
			}
		},
		{
			"from": [10.50652, 6.90132, 6.08179],
			"to": [11.30652, 7.20132, 8.18179],
			"rotation": {"angle": 0, "axis": "y", "origin": [11.60652, 7.15132, 7.23179]},
			"faces": {
				"north": {"uv": [8, 14, 9, 16], "texture": "#0"},
				"east": {"uv": [8, 14, 9, 16], "rotation": 180, "texture": "#0"},
				"south": {"uv": [8, 14, 9, 16], "texture": "#0"},
				"west": {"uv": [8, 14, 9, 16], "texture": "#0"},
				"up": {"uv": [8, 14, 9, 16], "rotation": 90, "texture": "#0"},
				"down": {"uv": [8, 14, 9, 16], "rotation": 270, "texture": "#0"}
			}
		},
		{
			"from": [11.30652, 6.90132, 6.88179],
			"to": [12.10652, 7.20132, 8.18179],
			"rotation": {"angle": 0, "axis": "y", "origin": [11.60652, 7.15132, 7.23179]},
			"faces": {
				"north": {"uv": [8, 14, 9, 16], "texture": "#0"},
				"east": {"uv": [8, 14, 9, 16], "rotation": 180, "texture": "#0"},
				"south": {"uv": [8, 14, 9, 16], "texture": "#0"},
				"west": {"uv": [8, 14, 9, 16], "texture": "#0"},
				"up": {"uv": [8, 14, 9, 16], "rotation": 90, "texture": "#0"},
				"down": {"uv": [8, 14, 9, 16], "rotation": 270, "texture": "#0"}
			}
		},
		{
			"from": [5.74244, 7.36287, 5.90588],
			"to": [10.54244, 9.16287, 6.40588],
			"rotation": {"angle": 0, "axis": "y", "origin": [8.05291, 7.5814, 8]},
			"faces": {
				"north": {"uv": [0, 0, 1, 1], "texture": "#0"},
				"east": {"uv": [0, 0, 1, 1], "texture": "#0"},
				"south": {"uv": [0, 0, 1, 1], "texture": "#0"},
				"west": {"uv": [0, 0, 1, 1], "texture": "#0"},
				"up": {"uv": [0, 0, 1, 1], "texture": "#0"},
				"down": {"uv": [0, 0, 1, 1], "texture": "#0"}
			}
		},
		{
			"from": [5.74244, 7.36287, 9.80588],
			"to": [10.54244, 9.16287, 10.30588],
			"rotation": {"angle": 0, "axis": "y", "origin": [8.05291, 7.5814, 8]},
			"faces": {
				"north": {"uv": [0, 0, 1, 1], "texture": "#0"},
				"east": {"uv": [0, 0, 1, 1], "texture": "#0"},
				"south": {"uv": [0, 0, 1, 1], "texture": "#0"},
				"west": {"uv": [0, 0, 1, 1], "texture": "#0"},
				"up": {"uv": [0, 0, 1, 1], "texture": "#0"},
				"down": {"uv": [0, 0, 1, 1], "texture": "#0"}
			}
		},
		{
			"from": [10.50879, 7.6854, 9.80588],
			"to": [10.85879, 8.2354, 10.30588],
			"rotation": {"angle": 22.5, "axis": "z", "origin": [8.36926, 7.90393, 8]},
			"faces": {
				"north": {"uv": [0, 0, 1, 1], "texture": "#0"},
				"east": {"uv": [0, 0, 1, 1], "texture": "#0"},
				"south": {"uv": [0, 0, 1, 1], "texture": "#0"},
				"west": {"uv": [0, 0, 1, 1], "texture": "#0"},
				"up": {"uv": [0, 0, 1, 1], "texture": "#0"},
				"down": {"uv": [0, 0, 1, 1], "texture": "#0"}
			}
		},
		{
			"from": [10.311, 7.64264, 9.80588],
			"to": [10.661, 8.19264, 10.30588],
			"rotation": {"angle": -22.5, "axis": "z", "origin": [10.486, 7.91764, 10.05588]},
			"faces": {
				"north": {"uv": [0, 0, 1, 1], "texture": "#0"},
				"east": {"uv": [0, 0, 1, 1], "texture": "#0"},
				"south": {"uv": [0, 0, 1, 1], "texture": "#0"},
				"west": {"uv": [0, 0, 1, 1], "texture": "#0"},
				"up": {"uv": [0, 0, 1, 1], "texture": "#0"},
				"down": {"uv": [0, 0, 1, 1], "texture": "#0"}
			}
		},
		{
			"from": [10.40292, 8.10473, 9.80588],
			"to": [10.75292, 8.65473, 10.30588],
			"rotation": {"angle": 0, "axis": "y", "origin": [10.57792, 8.37973, 10.05588]},
			"faces": {
				"north": {"uv": [0, 0, 1, 1], "texture": "#0"},
				"east": {"uv": [0, 0, 1, 1], "texture": "#0"},
				"south": {"uv": [0, 0, 1, 1], "texture": "#0"},
				"west": {"uv": [0, 0, 1, 1], "texture": "#0"},
				"up": {"uv": [0, 0, 1, 1], "texture": "#0"},
				"down": {"uv": [0, 0, 1, 1], "texture": "#0"}
			}
		},
		{
			"from": [10.04244, 8.10473, 10.16636],
			"to": [10.54244, 8.65473, 10.51636],
			"rotation": {"angle": 0, "axis": "y", "origin": [10.29244, 8.37973, 10.34136]},
			"faces": {
				"north": {"uv": [0, 0, 1, 1], "texture": "#0"},
				"east": {"uv": [0, 0, 1, 1], "texture": "#0"},
				"south": {"uv": [0, 0, 1, 1], "texture": "#0"},
				"west": {"uv": [0, 0, 1, 1], "texture": "#0"},
				"up": {"uv": [0, 0, 1, 1], "rotation": 90, "texture": "#0"},
				"down": {"uv": [0, 0, 1, 1], "rotation": 270, "texture": "#0"}
			}
		},
		{
			"from": [10.04244, 7.64264, 10.07444],
			"to": [10.54244, 8.19264, 10.42444],
			"rotation": {"angle": 22.5, "axis": "x", "origin": [10.29244, 7.91764, 10.24944]},
			"faces": {
				"north": {"uv": [0, 0, 1, 1], "texture": "#0"},
				"east": {"uv": [0, 0, 1, 1], "texture": "#0"},
				"south": {"uv": [0, 0, 1, 1], "texture": "#0"},
				"west": {"uv": [0, 0, 1, 1], "texture": "#0"},
				"up": {"uv": [0, 0, 1, 1], "rotation": 90, "texture": "#0"},
				"down": {"uv": [0, 0, 1, 1], "rotation": 270, "texture": "#0"}
			}
		},
		{
			"from": [10.04244, 8.56683, 10.07444],
			"to": [10.54244, 9.11683, 10.42444],
			"rotation": {"angle": -22.5, "axis": "x", "origin": [10.29244, 8.84183, 10.24944]},
			"faces": {
				"north": {"uv": [0, 0, 1, 1], "texture": "#0"},
				"east": {"uv": [0, 0, 1, 1], "texture": "#0"},
				"south": {"uv": [0, 0, 1, 1], "texture": "#0"},
				"west": {"uv": [0, 0, 1, 1], "texture": "#0"},
				"up": {"uv": [0, 0, 1, 1], "rotation": 90, "texture": "#0"},
				"down": {"uv": [0, 0, 1, 1], "rotation": 270, "texture": "#0"}
			}
		},
		{
			"from": [10.49017, 8.44338, 7.45588],
			"to": [10.84017, 8.99338, 8.83088],
			"rotation": {"angle": 22.5, "axis": "z", "origin": [10.51664, 8.27973, 8.15588]},
			"faces": {
				"north": {"uv": [6, 14, 8, 16], "texture": "#0"},
				"east": {"uv": [6, 14, 8, 16], "texture": "#0"},
				"south": {"uv": [6, 14, 8, 16], "texture": "#0"},
				"west": {"uv": [6, 14, 8, 16], "texture": "#0"},
				"up": {"uv": [6, 14, 8, 16], "texture": "#0"},
				"down": {"uv": [6, 14, 8, 16], "texture": "#0"}
			}
		},
		{
			"from": [10.40292, 8.00473, 7.45588],
			"to": [10.75292, 8.55473, 8.83088],
			"rotation": {"angle": 0, "axis": "y", "origin": [10.51664, 8.27973, 8.15588]},
			"faces": {
				"north": {"uv": [6, 14, 8, 16], "texture": "#0"},
				"east": {"uv": [6, 14, 8, 16], "texture": "#0"},
				"south": {"uv": [6, 14, 8, 16], "texture": "#0"},
				"west": {"uv": [6, 14, 8, 16], "texture": "#0"},
				"up": {"uv": [6, 14, 8, 16], "texture": "#0"},
				"down": {"uv": [6, 14, 8, 16], "texture": "#0"}
			}
		},
		{
			"from": [10.49017, 7.56609, 7.45588],
			"to": [10.84017, 8.11609, 8.83088],
			"rotation": {"angle": -22.5, "axis": "z", "origin": [10.51664, 8.27973, 8.15588]},
			"faces": {
				"north": {"uv": [6, 14, 8, 16], "texture": "#0"},
				"east": {"uv": [6, 14, 8, 16], "texture": "#0"},
				"south": {"uv": [6, 14, 8, 16], "texture": "#0"},
				"west": {"uv": [6, 14, 8, 16], "texture": "#0"},
				"up": {"uv": [6, 14, 8, 16], "texture": "#0"},
				"down": {"uv": [6, 14, 8, 16], "texture": "#0"}
			}
		},
		{
			"from": [10.49017, 7.56609, 9.25588],
			"to": [10.84017, 8.11609, 9.65588],
			"rotation": {"angle": -22.5, "axis": "z", "origin": [10.51664, 8.27973, 8.08088]},
			"faces": {
				"north": {"uv": [2, 14, 4, 16], "texture": "#0"},
				"east": {"uv": [2, 14, 4, 16], "texture": "#0"},
				"south": {"uv": [2, 14, 4, 16], "texture": "#0"},
				"west": {"uv": [2, 14, 4, 16], "texture": "#0"},
				"up": {"uv": [2, 14, 4, 16], "texture": "#0"},
				"down": {"uv": [2, 14, 4, 16], "texture": "#0"}
			}
		},
		{
			"from": [10.40292, 8.00473, 9.25588],
			"to": [10.75292, 8.55473, 9.65588],
			"rotation": {"angle": 0, "axis": "y", "origin": [10.51664, 8.27973, 8.08088]},
			"faces": {
				"north": {"uv": [2, 14, 4, 16], "texture": "#0"},
				"east": {"uv": [2, 14, 4, 16], "texture": "#0"},
				"south": {"uv": [2, 14, 4, 16], "texture": "#0"},
				"west": {"uv": [2, 14, 4, 16], "texture": "#0"},
				"up": {"uv": [2, 14, 4, 16], "texture": "#0"},
				"down": {"uv": [2, 14, 4, 16], "texture": "#0"}
			}
		},
		{
			"from": [10.49017, 8.44338, 9.25588],
			"to": [10.84017, 8.99338, 9.65588],
			"rotation": {"angle": 22.5, "axis": "z", "origin": [10.51664, 8.27973, 8.08088]},
			"faces": {
				"north": {"uv": [2, 14, 4, 16], "texture": "#0"},
				"east": {"uv": [2, 14, 4, 16], "texture": "#0"},
				"south": {"uv": [2, 14, 4, 16], "texture": "#0"},
				"west": {"uv": [2, 14, 4, 16], "texture": "#0"},
				"up": {"uv": [2, 14, 4, 16], "texture": "#0"},
				"down": {"uv": [2, 14, 4, 16], "texture": "#0"}
			}
		},
		{
			"from": [10.49017, 7.56609, 6.50588],
			"to": [10.84017, 8.11609, 6.90588],
			"rotation": {"angle": -22.5, "axis": "z", "origin": [10.51664, 8.27973, 8.08088]},
			"faces": {
				"north": {"uv": [2, 14, 4, 16], "texture": "#0"},
				"east": {"uv": [2, 14, 4, 16], "texture": "#0"},
				"south": {"uv": [2, 14, 4, 16], "texture": "#0"},
				"west": {"uv": [2, 14, 4, 16], "texture": "#0"},
				"up": {"uv": [2, 14, 4, 16], "texture": "#0"},
				"down": {"uv": [2, 14, 4, 16], "texture": "#0"}
			}
		},
		{
			"from": [10.40292, 8.00473, 6.50588],
			"to": [10.75292, 8.55473, 6.90588],
			"rotation": {"angle": 0, "axis": "y", "origin": [10.51664, 8.27973, 8.08088]},
			"faces": {
				"north": {"uv": [2, 14, 4, 16], "texture": "#0"},
				"east": {"uv": [2, 14, 4, 16], "texture": "#0"},
				"south": {"uv": [2, 14, 4, 16], "texture": "#0"},
				"west": {"uv": [2, 14, 4, 16], "texture": "#0"},
				"up": {"uv": [2, 14, 4, 16], "texture": "#0"},
				"down": {"uv": [2, 14, 4, 16], "texture": "#0"}
			}
		},
		{
			"from": [10.49017, 8.44338, 6.50588],
			"to": [10.84017, 8.99338, 6.90588],
			"rotation": {"angle": 22.5, "axis": "z", "origin": [10.51664, 8.27973, 8.08088]},
			"faces": {
				"north": {"uv": [2, 14, 4, 16], "texture": "#0"},
				"east": {"uv": [2, 14, 4, 16], "texture": "#0"},
				"south": {"uv": [2, 14, 4, 16], "texture": "#0"},
				"west": {"uv": [2, 14, 4, 16], "texture": "#0"},
				"up": {"uv": [2, 14, 4, 16], "texture": "#0"},
				"down": {"uv": [2, 14, 4, 16], "texture": "#0"}
			}
		},
		{
			"from": [5.45983, 8.44338, 6.50588],
			"to": [5.80983, 8.99338, 6.90588],
			"rotation": {"angle": -22.5, "axis": "z", "origin": [5.78336, 8.27973, 8.08088]},
			"faces": {
				"north": {"uv": [4, 14, 2, 16], "texture": "#0"},
				"east": {"uv": [4, 14, 2, 16], "texture": "#0"},
				"south": {"uv": [4, 14, 2, 16], "texture": "#0"},
				"west": {"uv": [4, 14, 2, 16], "texture": "#0"},
				"up": {"uv": [4, 14, 2, 16], "texture": "#0"},
				"down": {"uv": [4, 14, 2, 16], "texture": "#0"}
			}
		},
		{
			"from": [5.54708, 8.00473, 6.50588],
			"to": [5.89708, 8.55473, 6.90588],
			"rotation": {"angle": 0, "axis": "y", "origin": [5.78336, 8.27973, 8.08088]},
			"faces": {
				"north": {"uv": [4, 14, 2, 16], "texture": "#0"},
				"east": {"uv": [4, 14, 2, 16], "texture": "#0"},
				"south": {"uv": [4, 14, 2, 16], "texture": "#0"},
				"west": {"uv": [4, 14, 2, 16], "texture": "#0"},
				"up": {"uv": [4, 14, 2, 16], "texture": "#0"},
				"down": {"uv": [4, 14, 2, 16], "texture": "#0"}
			}
		},
		{
			"from": [5.45983, 7.56609, 6.50588],
			"to": [5.80983, 8.11609, 6.90588],
			"rotation": {"angle": 22.5, "axis": "z", "origin": [5.78336, 8.27973, 8.08088]},
			"faces": {
				"north": {"uv": [4, 14, 2, 16], "texture": "#0"},
				"east": {"uv": [4, 14, 2, 16], "texture": "#0"},
				"south": {"uv": [4, 14, 2, 16], "texture": "#0"},
				"west": {"uv": [4, 14, 2, 16], "texture": "#0"},
				"up": {"uv": [4, 14, 2, 16], "texture": "#0"},
				"down": {"uv": [4, 14, 2, 16], "texture": "#0"}
			}
		},
		{
			"from": [5.45983, 8.44338, 9.25588],
			"to": [5.80983, 8.99338, 9.65588],
			"rotation": {"angle": -22.5, "axis": "z", "origin": [5.78336, 8.27973, 8.08088]},
			"faces": {
				"north": {"uv": [4, 14, 2, 16], "texture": "#0"},
				"east": {"uv": [4, 14, 2, 16], "texture": "#0"},
				"south": {"uv": [4, 14, 2, 16], "texture": "#0"},
				"west": {"uv": [4, 14, 2, 16], "texture": "#0"},
				"up": {"uv": [4, 14, 2, 16], "texture": "#0"},
				"down": {"uv": [4, 14, 2, 16], "texture": "#0"}
			}
		},
		{
			"from": [5.54708, 8.00473, 9.25588],
			"to": [5.89708, 8.55473, 9.65588],
			"rotation": {"angle": 0, "axis": "y", "origin": [5.78336, 8.27973, 8.08088]},
			"faces": {
				"north": {"uv": [4, 14, 2, 16], "texture": "#0"},
				"east": {"uv": [4, 14, 2, 16], "texture": "#0"},
				"south": {"uv": [4, 14, 2, 16], "texture": "#0"},
				"west": {"uv": [4, 14, 2, 16], "texture": "#0"},
				"up": {"uv": [4, 14, 2, 16], "texture": "#0"},
				"down": {"uv": [4, 14, 2, 16], "texture": "#0"}
			}
		},
		{
			"from": [5.45983, 7.56609, 9.25588],
			"to": [5.80983, 8.11609, 9.65588],
			"rotation": {"angle": 22.5, "axis": "z", "origin": [5.78336, 8.27973, 8.08088]},
			"faces": {
				"north": {"uv": [4, 14, 2, 16], "texture": "#0"},
				"east": {"uv": [4, 14, 2, 16], "texture": "#0"},
				"south": {"uv": [4, 14, 2, 16], "texture": "#0"},
				"west": {"uv": [4, 14, 2, 16], "texture": "#0"},
				"up": {"uv": [4, 14, 2, 16], "texture": "#0"},
				"down": {"uv": [4, 14, 2, 16], "texture": "#0"}
			}
		},
		{
			"from": [5.45983, 7.56609, 7.75588],
			"to": [5.80983, 8.11609, 8.40588],
			"rotation": {"angle": 22.5, "axis": "z", "origin": [5.78336, 8.27973, 8.15588]},
			"faces": {
				"north": {"uv": [8, 14, 6, 16], "texture": "#0"},
				"east": {"uv": [8, 14, 6, 16], "texture": "#0"},
				"south": {"uv": [8, 14, 6, 16], "texture": "#0"},
				"west": {"uv": [8, 14, 6, 16], "texture": "#0"},
				"up": {"uv": [8, 14, 6, 16], "texture": "#0"},
				"down": {"uv": [8, 14, 6, 16], "texture": "#0"}
			}
		},
		{
			"from": [5.54708, 8.00473, 7.75588],
			"to": [5.89708, 8.55473, 8.40588],
			"rotation": {"angle": 0, "axis": "y", "origin": [5.78336, 8.27973, 8.15588]},
			"faces": {
				"north": {"uv": [8, 14, 6, 16], "texture": "#0"},
				"east": {"uv": [8, 14, 6, 16], "texture": "#0"},
				"south": {"uv": [8, 14, 6, 16], "texture": "#0"},
				"west": {"uv": [8, 14, 6, 16], "texture": "#0"},
				"up": {"uv": [8, 14, 6, 16], "texture": "#0"},
				"down": {"uv": [8, 14, 6, 16], "texture": "#0"}
			}
		},
		{
			"from": [5.45983, 8.44338, 7.75588],
			"to": [5.80983, 8.99338, 8.40588],
			"rotation": {"angle": -22.5, "axis": "z", "origin": [5.78336, 8.27973, 8.15588]},
			"faces": {
				"north": {"uv": [8, 14, 6, 16], "texture": "#0"},
				"east": {"uv": [8, 14, 6, 16], "texture": "#0"},
				"south": {"uv": [8, 14, 6, 16], "texture": "#0"},
				"west": {"uv": [8, 14, 6, 16], "texture": "#0"},
				"up": {"uv": [8, 14, 6, 16], "texture": "#0"},
				"down": {"uv": [8, 14, 6, 16], "texture": "#0"}
			}
		},
		{
			"from": [10.49017, 8.54338, 5.90588],
			"to": [10.84017, 9.09338, 6.40588],
			"rotation": {"angle": 22.5, "axis": "z", "origin": [10.51664, 8.37973, 6.15588]},
			"faces": {
				"north": {"uv": [0, 0, 1, 1], "texture": "#0"},
				"east": {"uv": [0, 0, 1, 1], "texture": "#0"},
				"south": {"uv": [0, 0, 1, 1], "texture": "#0"},
				"west": {"uv": [0, 0, 1, 1], "texture": "#0"},
				"up": {"uv": [0, 0, 1, 1], "texture": "#0"},
				"down": {"uv": [0, 0, 1, 1], "texture": "#0"}
			}
		},
		{
			"from": [10.40292, 8.10473, 5.90588],
			"to": [10.75292, 8.65473, 6.40588],
			"rotation": {"angle": 0, "axis": "y", "origin": [10.51664, 8.37973, 6.15588]},
			"faces": {
				"north": {"uv": [0, 0, 1, 1], "texture": "#0"},
				"east": {"uv": [0, 0, 1, 1], "texture": "#0"},
				"south": {"uv": [0, 0, 1, 1], "texture": "#0"},
				"west": {"uv": [0, 0, 1, 1], "texture": "#0"},
				"up": {"uv": [0, 0, 1, 1], "texture": "#0"},
				"down": {"uv": [0, 0, 1, 1], "texture": "#0"}
			}
		},
		{
			"from": [10.49017, 7.66609, 5.90588],
			"to": [10.84017, 8.21609, 6.40588],
			"rotation": {"angle": -22.5, "axis": "z", "origin": [10.51664, 8.37973, 6.15588]},
			"faces": {
				"north": {"uv": [0, 0, 1, 1], "texture": "#0"},
				"east": {"uv": [0, 0, 1, 1], "texture": "#0"},
				"south": {"uv": [0, 0, 1, 1], "texture": "#0"},
				"west": {"uv": [0, 0, 1, 1], "texture": "#0"},
				"up": {"uv": [0, 0, 1, 1], "texture": "#0"},
				"down": {"uv": [0, 0, 1, 1], "texture": "#0"}
			}
		},
		{
			"from": [10.04244, 8.10473, 5.69541],
			"to": [10.54244, 8.65473, 6.04541],
			"rotation": {"angle": 0, "axis": "y", "origin": [10.29244, 8.37973, 5.93168]},
			"faces": {
				"north": {"uv": [0, 0, 1, 1], "texture": "#0"},
				"east": {"uv": [0, 0, 1, 1], "texture": "#0"},
				"south": {"uv": [0, 0, 1, 1], "texture": "#0"},
				"west": {"uv": [0, 0, 1, 1], "texture": "#0"},
				"up": {"uv": [0, 0, 1, 1], "rotation": 270, "texture": "#0"},
				"down": {"uv": [0, 0, 1, 1], "rotation": 90, "texture": "#0"}
			}
		},
		{
			"from": [10.04244, 7.66609, 5.60815],
			"to": [10.54244, 8.21609, 5.95815],
			"rotation": {"angle": -22.5, "axis": "x", "origin": [10.29244, 8.37973, 5.93168]},
			"faces": {
				"north": {"uv": [0, 0, 1, 1], "texture": "#0"},
				"east": {"uv": [0, 0, 1, 1], "texture": "#0"},
				"south": {"uv": [0, 0, 1, 1], "texture": "#0"},
				"west": {"uv": [0, 0, 1, 1], "texture": "#0"},
				"up": {"uv": [0, 0, 1, 1], "rotation": 270, "texture": "#0"},
				"down": {"uv": [0, 0, 1, 1], "rotation": 90, "texture": "#0"}
			}
		},
		{
			"from": [10.04244, 8.56683, 5.78732],
			"to": [10.54244, 9.11683, 6.13732],
			"rotation": {"angle": 22.5, "axis": "x", "origin": [10.29244, 8.84183, 5.96232]},
			"faces": {
				"north": {"uv": [0, 0, 1, 1], "texture": "#0"},
				"east": {"uv": [0, 0, 1, 1], "texture": "#0"},
				"south": {"uv": [0, 0, 1, 1], "texture": "#0"},
				"west": {"uv": [0, 0, 1, 1], "texture": "#0"},
				"up": {"uv": [0, 0, 1, 1], "rotation": 270, "texture": "#0"},
				"down": {"uv": [0, 0, 1, 1], "rotation": 90, "texture": "#0"}
			}
		},
		{
			"from": [10.04924, 8.95858, 9.80588],
			"to": [10.39924, 9.50858, 10.30588],
			"rotation": {"angle": 45, "axis": "z", "origin": [10.22424, 9.23358, 10.05588]},
			"faces": {
				"north": {"uv": [0, 0, 1, 1], "texture": "#0"},
				"east": {"uv": [0, 0, 1, 1], "texture": "#0"},
				"south": {"uv": [0, 0, 1, 1], "texture": "#0"},
				"west": {"uv": [0, 0, 1, 1], "texture": "#0"},
				"up": {"uv": [0, 0, 1, 1], "texture": "#0"},
				"down": {"uv": [0, 0, 1, 1], "texture": "#0"}
			}
		},
		{
			"from": [10.04924, 8.95858, 5.90588],
			"to": [10.39924, 9.50858, 6.40588],
			"rotation": {"angle": 45, "axis": "z", "origin": [10.22424, 9.23358, 6.15588]},
			"faces": {
				"north": {"uv": [0, 0, 1, 1], "texture": "#0"},
				"east": {"uv": [0, 0, 1, 1], "texture": "#0"},
				"south": {"uv": [0, 0, 1, 1], "texture": "#0"},
				"west": {"uv": [0, 0, 1, 1], "texture": "#0"},
				"up": {"uv": [0, 0, 1, 1], "texture": "#0"},
				"down": {"uv": [0, 0, 1, 1], "texture": "#0"}
			}
		},
		{
			"from": [5.42609, 7.6854, 9.80588],
			"to": [5.77609, 8.2354, 10.30588],
			"rotation": {"angle": -22.5, "axis": "z", "origin": [7.91562, 7.90393, 8]},
			"faces": {
				"north": {"uv": [1, 0, 0, 1], "texture": "#0"},
				"east": {"uv": [1, 0, 0, 1], "texture": "#0"},
				"south": {"uv": [1, 0, 0, 1], "texture": "#0"},
				"west": {"uv": [1, 0, 0, 1], "texture": "#0"},
				"up": {"uv": [1, 0, 0, 1], "texture": "#0"},
				"down": {"uv": [1, 0, 0, 1], "texture": "#0"}
			}
		},
		{
			"from": [5.62388, 7.64264, 9.80588],
			"to": [5.97388, 8.19264, 10.30588],
			"rotation": {"angle": 22.5, "axis": "z", "origin": [5.79888, 7.91764, 10.05588]},
			"faces": {
				"north": {"uv": [1, 0, 0, 1], "texture": "#0"},
				"east": {"uv": [1, 0, 0, 1], "texture": "#0"},
				"south": {"uv": [1, 0, 0, 1], "texture": "#0"},
				"west": {"uv": [1, 0, 0, 1], "texture": "#0"},
				"up": {"uv": [1, 0, 0, 1], "texture": "#0"},
				"down": {"uv": [1, 0, 0, 1], "texture": "#0"}
			}
		},
		{
			"from": [5.53196, 8.10473, 9.80588],
			"to": [5.88196, 8.65473, 10.30588],
			"rotation": {"angle": 0, "axis": "y", "origin": [5.70696, 8.37973, 10.05588]},
			"faces": {
				"north": {"uv": [1, 0, 0, 1], "texture": "#0"},
				"east": {"uv": [1, 0, 0, 1], "texture": "#0"},
				"south": {"uv": [1, 0, 0, 1], "texture": "#0"},
				"west": {"uv": [1, 0, 0, 1], "texture": "#0"},
				"up": {"uv": [1, 0, 0, 1], "texture": "#0"},
				"down": {"uv": [1, 0, 0, 1], "texture": "#0"}
			}
		},
		{
			"from": [5.74244, 8.54338, 10.25361],
			"to": [6.24244, 9.09338, 10.60361],
			"rotation": {"angle": -22.5, "axis": "x", "origin": [5.99244, 8.37973, 10.28008]},
			"faces": {
				"north": {"uv": [1, 0, 0, 1], "texture": "#0"},
				"east": {"uv": [1, 0, 0, 1], "texture": "#0"},
				"south": {"uv": [1, 0, 0, 1], "texture": "#0"},
				"west": {"uv": [1, 0, 0, 1], "texture": "#0"},
				"up": {"uv": [1, 0, 0, 1], "rotation": 270, "texture": "#0"},
				"down": {"uv": [1, 0, 0, 1], "rotation": 90, "texture": "#0"}
			}
		},
		{
			"from": [5.74244, 7.66609, 10.25361],
			"to": [6.24244, 8.21609, 10.60361],
			"rotation": {"angle": 22.5, "axis": "x", "origin": [5.99244, 8.37973, 10.28008]},
			"faces": {
				"north": {"uv": [1, 0, 0, 1], "texture": "#0"},
				"east": {"uv": [1, 0, 0, 1], "texture": "#0"},
				"south": {"uv": [1, 0, 0, 1], "texture": "#0"},
				"west": {"uv": [1, 0, 0, 1], "texture": "#0"},
				"up": {"uv": [1, 0, 0, 1], "rotation": 270, "texture": "#0"},
				"down": {"uv": [1, 0, 0, 1], "rotation": 90, "texture": "#0"}
			}
		},
		{
			"from": [5.74244, 8.10473, 10.16636],
			"to": [6.24244, 8.65473, 10.51636],
			"rotation": {"angle": 0, "axis": "y", "origin": [5.99244, 8.37973, 10.28008]},
			"faces": {
				"north": {"uv": [1, 0, 0, 1], "texture": "#0"},
				"east": {"uv": [1, 0, 0, 1], "texture": "#0"},
				"south": {"uv": [1, 0, 0, 1], "texture": "#0"},
				"west": {"uv": [1, 0, 0, 1], "texture": "#0"},
				"up": {"uv": [1, 0, 0, 1], "rotation": 270, "texture": "#0"},
				"down": {"uv": [1, 0, 0, 1], "rotation": 90, "texture": "#0"}
			}
		},
		{
			"from": [5.42609, 7.6854, 5.90588],
			"to": [5.77609, 8.2354, 6.40588],
			"rotation": {"angle": -22.5, "axis": "z", "origin": [7.91562, 7.90393, 4.1]},
			"faces": {
				"north": {"uv": [1, 0, 0, 1], "texture": "#0"},
				"east": {"uv": [1, 0, 0, 1], "texture": "#0"},
				"south": {"uv": [1, 0, 0, 1], "texture": "#0"},
				"west": {"uv": [1, 0, 0, 1], "texture": "#0"},
				"up": {"uv": [1, 0, 0, 1], "texture": "#0"},
				"down": {"uv": [1, 0, 0, 1], "texture": "#0"}
			}
		},
		{
			"from": [5.53196, 8.10473, 5.90588],
			"to": [5.88196, 8.65473, 6.40588],
			"rotation": {"angle": 0, "axis": "y", "origin": [5.70696, 8.37973, 6.15588]},
			"faces": {
				"north": {"uv": [1, 0, 0, 1], "texture": "#0"},
				"east": {"uv": [1, 0, 0, 1], "texture": "#0"},
				"south": {"uv": [1, 0, 0, 1], "texture": "#0"},
				"west": {"uv": [1, 0, 0, 1], "texture": "#0"},
				"up": {"uv": [1, 0, 0, 1], "texture": "#0"},
				"down": {"uv": [1, 0, 0, 1], "texture": "#0"}
			}
		},
		{
			"from": [5.74244, 7.64264, 5.78732],
			"to": [6.24244, 8.19264, 6.13732],
			"rotation": {"angle": -22.5, "axis": "x", "origin": [5.99244, 7.91764, 5.96232]},
			"faces": {
				"north": {"uv": [1, 0, 0, 1], "texture": "#0"},
				"east": {"uv": [1, 0, 0, 1], "texture": "#0"},
				"south": {"uv": [1, 0, 0, 1], "texture": "#0"},
				"west": {"uv": [1, 0, 0, 1], "texture": "#0"},
				"up": {"uv": [1, 0, 0, 1], "rotation": 90, "texture": "#0"},
				"down": {"uv": [1, 0, 0, 1], "rotation": 270, "texture": "#0"}
			}
		},
		{
			"from": [5.62388, 7.64264, 5.90588],
			"to": [5.97388, 8.19264, 6.40588],
			"rotation": {"angle": 22.5, "axis": "z", "origin": [5.79888, 7.91764, 6.15588]},
			"faces": {
				"north": {"uv": [1, 0, 0, 1], "texture": "#0"},
				"east": {"uv": [1, 0, 0, 1], "texture": "#0"},
				"south": {"uv": [1, 0, 0, 1], "texture": "#0"},
				"west": {"uv": [1, 0, 0, 1], "texture": "#0"},
				"up": {"uv": [1, 0, 0, 1], "texture": "#0"},
				"down": {"uv": [1, 0, 0, 1], "texture": "#0"}
			}
		},
		{
			"from": [5.74244, 8.10473, 5.69541],
			"to": [6.24244, 8.65473, 6.04541],
			"rotation": {"angle": 0, "axis": "y", "origin": [5.99244, 8.37973, 5.87041]},
			"faces": {
				"north": {"uv": [1, 0, 0, 1], "texture": "#0"},
				"east": {"uv": [1, 0, 0, 1], "texture": "#0"},
				"south": {"uv": [1, 0, 0, 1], "texture": "#0"},
				"west": {"uv": [1, 0, 0, 1], "texture": "#0"},
				"up": {"uv": [1, 0, 0, 1], "rotation": 90, "texture": "#0"},
				"down": {"uv": [1, 0, 0, 1], "rotation": 270, "texture": "#0"}
			}
		},
		{
			"from": [5.74244, 8.56683, 5.78732],
			"to": [6.24244, 9.11683, 6.13732],
			"rotation": {"angle": 22.5, "axis": "x", "origin": [5.99244, 8.84183, 5.96232]},
			"faces": {
				"north": {"uv": [1, 0, 0, 1], "texture": "#0"},
				"east": {"uv": [1, 0, 0, 1], "texture": "#0"},
				"south": {"uv": [1, 0, 0, 1], "texture": "#0"},
				"west": {"uv": [1, 0, 0, 1], "texture": "#0"},
				"up": {"uv": [1, 0, 0, 1], "rotation": 90, "texture": "#0"},
				"down": {"uv": [1, 0, 0, 1], "rotation": 270, "texture": "#0"}
			}
		},
		{
			"from": [5.78564, 9.05858, 5.90588],
			"to": [6.33564, 9.40858, 6.40588],
			"rotation": {"angle": 45, "axis": "z", "origin": [6.06064, 9.23358, 6.15588]},
			"faces": {
				"north": {"uv": [0, 0, 1, 1], "rotation": 270, "texture": "#0"},
				"east": {"uv": [0, 0, 1, 1], "rotation": 90, "texture": "#0"},
				"south": {"uv": [0, 0, 1, 1], "rotation": 90, "texture": "#0"},
				"west": {"uv": [0, 0, 1, 1], "rotation": 90, "texture": "#0"},
				"up": {"uv": [0, 0, 1, 1], "rotation": 90, "texture": "#0"},
				"down": {"uv": [0, 0, 1, 1], "rotation": 90, "texture": "#0"}
			}
		},
		{
			"from": [5.78564, 9.05858, 9.80588],
			"to": [6.33564, 9.40858, 10.30588],
			"rotation": {"angle": 45, "axis": "z", "origin": [6.06064, 9.23358, 10.05588]},
			"faces": {
				"north": {"uv": [0, 0, 1, 1], "rotation": 270, "texture": "#0"},
				"east": {"uv": [0, 0, 1, 1], "rotation": 90, "texture": "#0"},
				"south": {"uv": [0, 0, 1, 1], "rotation": 90, "texture": "#0"},
				"west": {"uv": [0, 0, 1, 1], "rotation": 90, "texture": "#0"},
				"up": {"uv": [0, 0, 1, 1], "rotation": 90, "texture": "#0"},
				"down": {"uv": [0, 0, 1, 1], "rotation": 90, "texture": "#0"}
			}
		},
		{
			"from": [6.54244, 9.16287, 6.60588],
			"to": [9.74244, 9.26287, 7.00588],
			"rotation": {"angle": 0, "axis": "y", "origin": [8.14244, 9.26287, 6.40588]},
			"faces": {
				"north": {"uv": [2, 14, 4, 16], "texture": "#0"},
				"east": {"uv": [2, 14, 4, 16], "texture": "#0"},
				"south": {"uv": [2, 14, 4, 16], "texture": "#0"},
				"west": {"uv": [2, 14, 4, 16], "texture": "#0"},
				"up": {"uv": [2, 14, 4, 16], "texture": "#0"},
				"down": {"uv": [2, 14, 4, 16], "texture": "#0"}
			}
		},
		{
			"from": [9.71189, 9.10927, 6.60588],
			"to": [10.01189, 9.20927, 7.00588],
			"rotation": {"angle": -22.5, "axis": "z", "origin": [9.86189, 9.15927, 7.90588]},
			"faces": {
				"north": {"uv": [2, 14, 0, 16], "texture": "#0"},
				"east": {"uv": [2, 14, 0, 16], "texture": "#0"},
				"south": {"uv": [2, 14, 0, 16], "texture": "#0"},
				"west": {"uv": [2, 14, 0, 16], "texture": "#0"},
				"up": {"uv": [2, 14, 0, 16], "texture": "#0"},
				"down": {"uv": [2, 14, 0, 16], "texture": "#0"}
			}
		},
		{
			"from": [6.27299, 9.10927, 6.60588],
			"to": [6.57299, 9.20927, 7.00588],
			"rotation": {"angle": 22.5, "axis": "z", "origin": [6.42299, 9.15927, 7.90588]},
			"faces": {
				"north": {"uv": [2, 14, 4, 16], "texture": "#0"},
				"east": {"uv": [2, 14, 4, 16], "texture": "#0"},
				"south": {"uv": [2, 14, 4, 16], "texture": "#0"},
				"west": {"uv": [2, 14, 4, 16], "texture": "#0"},
				"up": {"uv": [2, 14, 4, 16], "texture": "#0"},
				"down": {"uv": [2, 14, 4, 16], "texture": "#0"}
			}
		},
		{
			"from": [6.27299, 9.10927, 9.20588],
			"to": [6.57299, 9.20927, 9.60588],
			"rotation": {"angle": 22.5, "axis": "z", "origin": [6.42299, 9.15927, 8.30588]},
			"faces": {
				"north": {"uv": [2, 14, 4, 16], "texture": "#0"},
				"east": {"uv": [2, 14, 4, 16], "texture": "#0"},
				"south": {"uv": [2, 14, 4, 16], "texture": "#0"},
				"west": {"uv": [2, 14, 4, 16], "texture": "#0"},
				"up": {"uv": [2, 14, 4, 16], "texture": "#0"},
				"down": {"uv": [2, 14, 4, 16], "texture": "#0"}
			}
		},
		{
			"from": [6.54244, 9.16287, 9.20588],
			"to": [9.74244, 9.26287, 9.60588],
			"rotation": {"angle": 0, "axis": "y", "origin": [8.05291, 7.5814, 8.2]},
			"faces": {
				"north": {"uv": [2, 14, 4, 16], "texture": "#0"},
				"east": {"uv": [2, 14, 4, 16], "texture": "#0"},
				"south": {"uv": [2, 14, 4, 16], "texture": "#0"},
				"west": {"uv": [2, 14, 4, 16], "texture": "#0"},
				"up": {"uv": [2, 14, 4, 16], "texture": "#0"},
				"down": {"uv": [2, 14, 4, 16], "texture": "#0"}
			}
		},
		{
			"from": [9.71189, 9.10927, 9.20588],
			"to": [10.01189, 9.20927, 9.60588],
			"rotation": {"angle": -22.5, "axis": "z", "origin": [9.86189, 9.15927, 8.30588]},
			"faces": {
				"north": {"uv": [2, 14, 0, 16], "texture": "#0"},
				"east": {"uv": [2, 14, 0, 16], "texture": "#0"},
				"south": {"uv": [2, 14, 0, 16], "texture": "#0"},
				"west": {"uv": [2, 14, 0, 16], "texture": "#0"},
				"up": {"uv": [2, 14, 0, 16], "texture": "#0"},
				"down": {"uv": [2, 14, 0, 16], "texture": "#0"}
			}
		},
		{
			"from": [6.54244, 9.06287, 7.75588],
			"to": [9.74244, 9.46287, 8.40588],
			"rotation": {"angle": 0, "axis": "y", "origin": [8.05291, 7.4814, 7]},
			"faces": {
				"north": {"uv": [8, 14, 10, 16], "texture": "#0"},
				"east": {"uv": [8, 14, 10, 16], "texture": "#0"},
				"south": {"uv": [8, 14, 10, 16], "texture": "#0"},
				"west": {"uv": [8, 14, 10, 16], "texture": "#0"},
				"up": {"uv": [8, 14, 10, 16], "texture": "#0"},
				"down": {"uv": [8, 14, 10, 16], "texture": "#0"}
			}
		},
		{
			"from": [5.8878, 9.03211, 7.75588],
			"to": [6.6878, 9.43211, 8.40588],
			"rotation": {"angle": 22.5, "axis": "z", "origin": [6.5378, 9.08211, 7.10588]},
			"faces": {
				"north": {"uv": [8, 14, 10, 16], "texture": "#0"},
				"east": {"uv": [8, 14, 10, 16], "texture": "#0"},
				"south": {"uv": [8, 14, 10, 16], "texture": "#0"},
				"west": {"uv": [8, 14, 10, 16], "texture": "#0"},
				"up": {"uv": [8, 14, 10, 16], "texture": "#0"},
				"down": {"uv": [8, 14, 10, 16], "texture": "#0"}
			}
		},
		{
			"from": [9.59708, 9.03211, 7.75588],
			"to": [10.39708, 9.43211, 8.40588],
			"rotation": {"angle": -22.5, "axis": "z", "origin": [9.74708, 9.08211, 7.10588]},
			"faces": {
				"north": {"uv": [10, 14, 8, 16], "texture": "#0"},
				"east": {"uv": [10, 14, 8, 16], "texture": "#0"},
				"south": {"uv": [10, 14, 8, 16], "texture": "#0"},
				"west": {"uv": [10, 14, 8, 16], "texture": "#0"},
				"up": {"uv": [10, 14, 8, 16], "texture": "#0"},
				"down": {"uv": [10, 14, 8, 16], "texture": "#0"}
			}
		},
		{
			"from": [10.745, 8, 7.58],
			"to": [10.795, 8.2, 7.78],
			"rotation": {"angle": 0, "axis": "y", "origin": [12.345, 7.17, 5.5]},
			"faces": {
				"north": {"uv": [10, 14, 12, 16], "texture": "#0"},
				"east": {"uv": [10, 14, 12, 16], "texture": "#0"},
				"south": {"uv": [10, 14, 12, 16], "texture": "#0"},
				"west": {"uv": [10, 14, 12, 16], "texture": "#0"},
				"up": {"uv": [10, 14, 12, 16], "texture": "#0"},
				"down": {"uv": [10, 14, 12, 16], "texture": "#0"}
			}
		},
		{
			"from": [10.745, 7.8, 7.78],
			"to": [10.795, 8, 8.38],
			"rotation": {"angle": 0, "axis": "y", "origin": [12.345, 7.17, 5.5]},
			"faces": {
				"north": {"uv": [10, 14, 12, 16], "texture": "#0"},
				"east": {"uv": [10, 14, 12, 16], "texture": "#0"},
				"south": {"uv": [10, 14, 12, 16], "texture": "#0"},
				"west": {"uv": [10, 14, 12, 16], "texture": "#0"},
				"up": {"uv": [10, 14, 12, 16], "texture": "#0"},
				"down": {"uv": [10, 14, 12, 16], "texture": "#0"}
			}
		},
		{
			"from": [10.745, 8, 7.98],
			"to": [10.795, 8.2, 8.58],
			"rotation": {"angle": 0, "axis": "y", "origin": [12.345, 7.17, 5.5]},
			"faces": {
				"north": {"uv": [10, 14, 12, 16], "texture": "#0"},
				"east": {"uv": [10, 14, 12, 16], "texture": "#0"},
				"south": {"uv": [10, 14, 12, 16], "texture": "#0"},
				"west": {"uv": [10, 14, 12, 16], "texture": "#0"},
				"up": {"uv": [10, 14, 12, 16], "texture": "#0"},
				"down": {"uv": [10, 14, 12, 16], "texture": "#0"}
			}
		},
		{
			"from": [10.745, 8.6, 7.98],
			"to": [10.795, 8.8, 8.38],
			"rotation": {"angle": 0, "axis": "y", "origin": [12.345, 7.17, 5.5]},
			"faces": {
				"north": {"uv": [10, 14, 12, 16], "texture": "#0"},
				"east": {"uv": [10, 14, 12, 16], "texture": "#0"},
				"south": {"uv": [10, 14, 12, 16], "texture": "#0"},
				"west": {"uv": [10, 14, 12, 16], "texture": "#0"},
				"up": {"uv": [10, 14, 12, 16], "texture": "#0"},
				"down": {"uv": [10, 14, 12, 16], "texture": "#0"}
			}
		},
		{
			"from": [10.745, 8.2, 8.18],
			"to": [10.795, 8.6, 8.58],
			"rotation": {"angle": 0, "axis": "y", "origin": [12.345, 7.17, 5.5]},
			"faces": {
				"north": {"uv": [10, 14, 12, 16], "texture": "#0"},
				"east": {"uv": [10, 14, 12, 16], "texture": "#0"},
				"south": {"uv": [10, 14, 12, 16], "texture": "#0"},
				"west": {"uv": [10, 14, 12, 16], "texture": "#0"},
				"up": {"uv": [10, 14, 12, 16], "texture": "#0"},
				"down": {"uv": [10, 14, 12, 16], "texture": "#0"}
			}
		},
		{
			"from": [8, 7.7, 5.8],
			"to": [8.4, 8.9, 5.9],
			"rotation": {"angle": 0, "axis": "y", "origin": [10.6, 8.3, 4.1]},
			"faces": {
				"north": {"uv": [14, 14, 16, 16], "texture": "#0"},
				"east": {"uv": [12, 14, 14, 16], "texture": "#0"},
				"south": {"uv": [14, 14, 16, 16], "texture": "#0"},
				"west": {"uv": [12, 14, 14, 16], "texture": "#0"},
				"up": {"uv": [12, 14, 14, 16], "rotation": 270, "texture": "#0"},
				"down": {"uv": [14, 14, 16, 16], "rotation": 90, "texture": "#0"}
			}
		},
		{
			"from": [7.6, 8.1, 5.8],
			"to": [8.8, 8.5, 5.9],
			"rotation": {"angle": 0, "axis": "y", "origin": [10.6, 8.3, 4.1]},
			"faces": {
				"north": {"uv": [14, 14, 16, 16], "rotation": 270, "texture": "#0"},
				"east": {"uv": [12, 14, 14, 16], "texture": "#0"},
				"south": {"uv": [12, 14, 14, 16], "rotation": 90, "texture": "#0"},
				"west": {"uv": [12, 14, 14, 16], "rotation": 180, "texture": "#0"},
				"up": {"uv": [12, 14, 14, 16], "rotation": 90, "texture": "#0"},
				"down": {"uv": [12, 14, 14, 16], "rotation": 90, "texture": "#0"}
			}
		},
		{
			"from": [7.6, 8.1, 10.3],
			"to": [8.8, 8.5, 10.4],
			"rotation": {"angle": 0, "axis": "y", "origin": [8.2, 8.3, 11.1]},
			"faces": {
				"north": {"uv": [12, 14, 14, 16], "rotation": 90, "texture": "#0"},
				"east": {"uv": [12, 14, 14, 16], "rotation": 180, "texture": "#0"},
				"south": {"uv": [14, 14, 16, 16], "rotation": 270, "texture": "#0"},
				"west": {"uv": [12, 14, 14, 16], "texture": "#0"},
				"up": {"uv": [12, 14, 14, 16], "rotation": 270, "texture": "#0"},
				"down": {"uv": [12, 14, 14, 16], "rotation": 270, "texture": "#0"}
			}
		},
		{
			"from": [8, 7.7, 10.3],
			"to": [8.4, 8.9, 10.4],
			"rotation": {"angle": 0, "axis": "y", "origin": [8.2, 8.3, 11.1]},
			"faces": {
				"north": {"uv": [14, 14, 16, 16], "texture": "#0"},
				"east": {"uv": [12, 14, 14, 16], "texture": "#0"},
				"south": {"uv": [14, 14, 16, 16], "texture": "#0"},
				"west": {"uv": [12, 14, 14, 16], "texture": "#0"},
				"up": {"uv": [12, 14, 14, 16], "rotation": 90, "texture": "#0"},
				"down": {"uv": [14, 14, 16, 16], "rotation": 270, "texture": "#0"}
			}
		},
		{
			"from": [9.395, 7.975, 5.855],
			"to": [9.47, 8.325, 5.905],
			"rotation": {"angle": -45, "axis": "z", "origin": [9.4325, 8.4, 5.88]},
			"faces": {
				"north": {"uv": [0, 12, 2, 14], "rotation": 90, "texture": "#0"},
				"east": {"uv": [0, 12, 2, 14], "texture": "#0"},
				"south": {"uv": [0, 12, 2, 14], "rotation": 270, "texture": "#0"},
				"west": {"uv": [0, 12, 2, 14], "rotation": 180, "texture": "#0"},
				"up": {"uv": [0, 12, 2, 14], "rotation": 270, "texture": "#0"},
				"down": {"uv": [0, 12, 2, 14], "rotation": 270, "texture": "#0"}
			}
		},
		{
			"from": [9.395, 8.575, 5.855],
			"to": [9.47, 8.625, 5.905],
			"rotation": {"angle": -45, "axis": "z", "origin": [9.4325, 8.4, 5.88]},
			"faces": {
				"north": {"uv": [0, 12, 2, 14], "rotation": 90, "texture": "#0"},
				"east": {"uv": [0, 12, 2, 14], "texture": "#0"},
				"south": {"uv": [0, 12, 2, 14], "rotation": 270, "texture": "#0"},
				"west": {"uv": [0, 12, 2, 14], "rotation": 180, "texture": "#0"},
				"up": {"uv": [0, 12, 2, 14], "rotation": 270, "texture": "#0"},
				"down": {"uv": [0, 12, 2, 14], "rotation": 270, "texture": "#0"}
			}
		},
		{
			"from": [9.2075, 8.325, 5.855],
			"to": [9.6575, 8.575, 5.905],
			"rotation": {"angle": -45, "axis": "z", "origin": [9.4325, 8.4, 5.88]},
			"faces": {
				"north": {"uv": [2, 14, 4, 16], "rotation": 180, "texture": "#0"},
				"east": {"uv": [2, 14, 4, 16], "rotation": 180, "texture": "#0"},
				"south": {"uv": [2, 14, 4, 16], "rotation": 180, "texture": "#0"},
				"west": {"uv": [2, 14, 4, 16], "rotation": 180, "texture": "#0"},
				"up": {"uv": [2, 14, 4, 16], "rotation": 270, "texture": "#0"},
				"down": {"uv": [2, 14, 4, 16], "rotation": 90, "texture": "#0"}
			}
		},
		{
			"from": [9.395, 7.975, 10.305],
			"to": [9.47, 8.325, 10.355],
			"rotation": {"angle": -45, "axis": "z", "origin": [9.4325, 8.4, 5.88]},
			"faces": {
				"north": {"uv": [0, 12, 2, 14], "rotation": 90, "texture": "#0"},
				"east": {"uv": [0, 12, 2, 14], "texture": "#0"},
				"south": {"uv": [0, 12, 2, 14], "rotation": 270, "texture": "#0"},
				"west": {"uv": [0, 12, 2, 14], "rotation": 180, "texture": "#0"},
				"up": {"uv": [0, 12, 2, 14], "rotation": 270, "texture": "#0"},
				"down": {"uv": [0, 12, 2, 14], "rotation": 270, "texture": "#0"}
			}
		},
		{
			"from": [9.395, 8.575, 10.305],
			"to": [9.47, 8.625, 10.355],
			"rotation": {"angle": -45, "axis": "z", "origin": [9.4325, 8.4, 5.88]},
			"faces": {
				"north": {"uv": [0, 12, 2, 14], "rotation": 90, "texture": "#0"},
				"east": {"uv": [0, 12, 2, 14], "texture": "#0"},
				"south": {"uv": [0, 12, 2, 14], "rotation": 270, "texture": "#0"},
				"west": {"uv": [0, 12, 2, 14], "rotation": 180, "texture": "#0"},
				"up": {"uv": [0, 12, 2, 14], "rotation": 270, "texture": "#0"},
				"down": {"uv": [0, 12, 2, 14], "rotation": 270, "texture": "#0"}
			}
		},
		{
			"from": [9.2075, 8.325, 10.305],
			"to": [9.6575, 8.575, 10.355],
			"rotation": {"angle": -45, "axis": "z", "origin": [9.4325, 8.4, 5.88]},
			"faces": {
				"north": {"uv": [2, 14, 4, 16], "rotation": 180, "texture": "#0"},
				"east": {"uv": [2, 14, 4, 16], "rotation": 180, "texture": "#0"},
				"south": {"uv": [2, 14, 4, 16], "rotation": 180, "texture": "#0"},
				"west": {"uv": [2, 14, 4, 16], "rotation": 180, "texture": "#0"},
				"up": {"uv": [2, 14, 4, 16], "rotation": 270, "texture": "#0"},
				"down": {"uv": [2, 14, 4, 16], "rotation": 90, "texture": "#0"}
			}
		}
	],
	"display": {
		"thirdperson_righthand": {
			"rotation": [100, 90, 0]
		},
		"thirdperson_lefthand": {
			"rotation": [100, -90, 0]
		},
		"firstperson_righthand": {
			"rotation": [0, -150, 0],
			"translation": [2, 2, 0],
			"scale": [1.5, 1.5, 1.5]
		},
		"firstperson_lefthand": {
			"rotation": [0, 30, 0],
			"translation": [2, 2, 0],
			"scale": [1.5, 1.5, 1.5]
		},
		"ground": {
			"scale": [1.5, 1.5, 1.5]
		},
		"gui": {
			"rotation": [7.75, -80.75, 0],
			"translation": [0.25, -0.25, 0],
			"scale": [2.47, 2.47, 2.47]
		},
		"head": {
			"rotation": [0, 90, 0],
			"translation": [-0.25, 7.25, 0.25],
			"scale": [2.89844, 3.2168, 3.06836]
		},
		"fixed": {
			"rotation": [0, 90, 0],
			"scale": [2, 2, 2]
		}
	},
	"groups": [
		{
			"name": "헬멧",
			"origin": [8, 8, 8],
			"children": [0, 1, 2,
				{
					"name": "모자 챙",
					"origin": [8, 8, 8],
					"children": [3, 4, 5,
						{
							"name": "왼쪽",
							"origin": [8, 8, 8],
							"children": [6, 7, 8, 9, 10, 11, 12]
						},
						{
							"name": "오른쪽",
							"origin": [8, 8, 8],
							"children": [13, 14, 15, 16, 17, 18, 19]
						}
					]
				},
				{
					"name": "왼쪽",
					"origin": [8, 8, 8],
					"children": [20]
				},
				{
					"name": "오른쪽",
					"origin": [8, 8, 8],
					"children": [21]
				},
				{
					"name": "앞볼록",
					"origin": [8, 8, 8],
					"children": [22, 23, 24, 25, 26, 27, 28, 29, 30, 31, 32, 33, 34, 35, 36, 37, 38, 39, 40, 41, 42, 43, 44, 45, 46, 47, 48, 49, 50, 51, 52, 53]
				},
				{
					"name": "뒤볼록",
					"origin": [8, 8, 8],
					"children": [54, 55, 56, 57, 58, 59, 60, 61, 62, 63, 64, 65, 66, 67]
				},
				{
					"name": "머리",
					"origin": [8, 8, 8],
					"children": [68, 69, 70, 71, 72, 73, 74, 75, 76]
				}
			]
		},
		{
			"name": "Del Luna",
			"origin": [8, 8, 8],
			"children": [77, 78, 79, 80, 81]
		},
		{
			"name": "+",
			"origin": [8, 8, 8],
			"children": [82, 83, 84, 85]
		},
		{
			"name": "머리 망치",
			"origin": [8, 8, 8],
			"children": [86, 87, 88, 89, 90, 91]
		}
	]
}