{
	"credit": "Made with Blockbench",
	"texture_size": [32, 32],
	"textures": {
		"0": "item/etc/tracer",
		"particle": "item/etc/tracer"
	},
	"elements": [
		{
			"from": [7, 5, 5],
			"to": [9, 7, 7],
			"rotation": {"angle": 0, "axis": "y", "origin": [15, 13, 13]},
			"faces": {
				"north": {"uv": [8.5, 1.5, 9, 2.5], "texture": "#0"},
				"east": {"uv": [7.5, 1.5, 8.5, 2.5], "texture": "#0"},
				"south": {"uv": [8.5, 1.5, 9, 2.5], "texture": "#0"},
				"west": {"uv": [6.5, 1.5, 7.5, 2.5], "texture": "#0"},
				"up": {"uv": [0, 0, 1, 1], "texture": "#0"},
				"down": {"uv": [8.5, 1.5, 9, 2.5], "rotation": 180, "texture": "#0"}
			}
		},
		{
			"from": [7.25, 4.5, 4.5],
			"to": [8.75, 7, 7.5],
			"rotation": {"angle": 0, "axis": "y", "origin": [15, 13, 13]},
			"faces": {
				"north": {"uv": [0, 0, 0.75, 1.25], "texture": "#0"},
				"east": {"uv": [12.5, 0, 14, 1.25], "texture": "#0"},
				"south": {"uv": [12.5, 0, 12.75, 1.25], "texture": "#0"},
				"west": {"uv": [12.5, 0, 14, 1.25], "texture": "#0"},
				"up": {"uv": [0, 0, 0.75, 1.5], "texture": "#0"},
				"down": {"uv": [0, 0, 0.75, 1.5], "texture": "#0"}
			}
		},
		{
			"from": [7.25, 6.5, 1.5],
			"to": [8.75, 7.5, 2.5],
			"rotation": {"angle": 0, "axis": "y", "origin": [15, 13, 10]},
			"faces": {
				"north": {"uv": [0, 3.5, 0.25, 4], "texture": "#0"},
				"east": {"uv": [0, 3.5, 0.5, 4], "texture": "#0"},
				"south": {"uv": [0, 0, 0.75, 0.5], "texture": "#0"},
				"west": {"uv": [0, 3.5, 0.5, 4], "texture": "#0"},
				"up": {"uv": [0, 3.5, 0.25, 4], "texture": "#0"},
				"down": {"uv": [0, 0, 0.75, 0.5], "texture": "#0"}
			}
		},
		{
			"from": [7.25, 7, 1],
			"to": [8.75, 8, 1.5],
			"rotation": {"angle": 0, "axis": "y", "origin": [15, 13.5, 9]},
			"faces": {
				"north": {"uv": [6.5, 0.5, 7.25, 1], "texture": "#0"},
				"east": {"uv": [6.5, 0.5, 6.75, 1], "texture": "#0"},
				"south": {"uv": [0, 0, 0.75, 0.5], "texture": "#0"},
				"west": {"uv": [6.5, 0.5, 6.75, 1], "texture": "#0"},
				"up": {"uv": [6.5, 0.5, 7.25, 0.75], "texture": "#0"},
				"down": {"uv": [6.5, 0.5, 7.25, 0.75], "texture": "#0"}
			}
		},
		{
			"from": [7.5, 9, 1.5],
			"to": [8.5, 10, 2],
			"rotation": {"angle": 0, "axis": "y", "origin": [15, 15.5, 9.5]},
			"faces": {
				"north": {"uv": [4.5, 0, 5, 0.5], "texture": "#0"},
				"east": {"uv": [4.5, 0, 4.75, 0.5], "texture": "#0"},
				"south": {"uv": [8.5, 0, 10.5, 0.5], "texture": "#0"},
				"west": {"uv": [4.5, 0, 4.75, 0.5], "texture": "#0"},
				"up": {"uv": [4.5, 0, 5, 0.25], "texture": "#0"},
				"down": {"uv": [0, 0, 0.5, 0.25], "texture": "#0"}
			}
		},
		{
			"from": [7.5, 9, 2],
			"to": [8.5, 9.5, 2.5],
			"rotation": {"angle": 0, "axis": "y", "origin": [15, 15.5, 10]},
			"faces": {
				"north": {"uv": [0, 0, 0.5, 0.25], "texture": "#0"},
				"east": {"uv": [4.5, 0, 4.75, 0.25], "texture": "#0"},
				"south": {"uv": [4.5, 0, 5, 0.25], "texture": "#0"},
				"west": {"uv": [4.5, 0, 4.75, 0.25], "texture": "#0"},
				"up": {"uv": [8.5, 0, 10.5, 0.25], "texture": "#0"},
				"down": {"uv": [0, 0, 0.5, 0.25], "texture": "#0"}
			}
		},
		{
			"from": [7.5, 9, 2.5],
			"to": [8.5, 9.15, 10.5],
			"rotation": {"angle": 0, "axis": "y", "origin": [15, 15.5, 10]},
			"faces": {
				"north": {"uv": [0, 0, 0.5, 0.075], "texture": "#0"},
				"east": {"uv": [4.5, 0, 8.5, 0.075], "rotation": 180, "texture": "#0"},
				"south": {"uv": [8, 0, 8.5, 0.075], "texture": "#0"},
				"west": {"uv": [4.5, 0, 8.5, 0.075], "texture": "#0"},
				"up": {"uv": [4.5, 0, 8.5, 0.5], "rotation": 90, "texture": "#0"},
				"down": {"uv": [0, 0, 0.5, 4], "texture": "#0"}
			}
		},
		{
			"from": [7.5, 8, 10.5],
			"to": [8.5, 9, 11],
			"rotation": {"angle": 0, "axis": "y", "origin": [15, 15.5, 10.5]},
			"faces": {
				"north": {"uv": [0, 0, 0.5, 0.5], "texture": "#0"},
				"east": {"uv": [8.5, 0, 8.75, 0.5], "texture": "#0"},
				"south": {"uv": [0, 0, 0.5, 0.5], "texture": "#0"},
				"west": {"uv": [8.5, 0, 8.75, 0.5], "texture": "#0"},
				"up": {"uv": [8.5, 0, 9, 0.25], "texture": "#0"},
				"down": {"uv": [0, 0, 0.5, 0.25], "texture": "#0"}
			}
		},
		{
			"from": [7.5, 9, 11],
			"to": [8.5, 9.25, 12],
			"rotation": {"angle": 0, "axis": "y", "origin": [15, 16.5, 11]},
			"faces": {
				"north": {"uv": [10, 0, 10.5, 0.125], "texture": "#0"},
				"east": {"uv": [10, 0, 10.5, 0.125], "texture": "#0"},
				"south": {"uv": [10, 0, 10.5, 0.125], "texture": "#0"},
				"west": {"uv": [10, 0, 10.5, 0.125], "texture": "#0"},
				"up": {"uv": [10, 0, 10.5, 0.5], "texture": "#0"},
				"down": {"uv": [0, 0, 0.5, 0.5], "texture": "#0"}
			}
		},
		{
			"from": [7.25, 5.75, 0.5],
			"to": [8.75, 6.75, 1.5],
			"rotation": {"angle": 0, "axis": "y", "origin": [15, 12.25, 9]},
			"faces": {
				"north": {"uv": [6.5, 1, 7.25, 1.5], "texture": "#0"},
				"east": {"uv": [6.5, 1, 7, 1.5], "texture": "#0"},
				"south": {"uv": [0, 0, 0.75, 0.5], "texture": "#0"},
				"west": {"uv": [6.5, 1, 7, 1.5], "texture": "#0"},
				"up": {"uv": [6.5, 1, 7.25, 1.5], "texture": "#0"},
				"down": {"uv": [6.5, 1, 7.25, 1.5], "texture": "#0"}
			}
		},
		{
			"from": [7.4, 6.65, 0.25],
			"to": [8.6, 7.85, 0.5],
			"rotation": {"angle": 0, "axis": "y", "origin": [15, 13.25, 8.5]},
			"faces": {
				"north": {"uv": [7.5, 0.5, 8.1, 1.35], "texture": "#0"},
				"east": {"uv": [7.5, 0.5, 7.625, 1.35], "texture": "#0"},
				"south": {"uv": [7.5, 0.5, 8.1, 1.35], "texture": "#0"},
				"west": {"uv": [7.5, 0.5, 7.625, 1.35], "texture": "#0"},
				"up": {"uv": [7.5, 0.5, 8.1, 0.625], "texture": "#0"},
				"down": {"uv": [7.5, 0.5, 8.1, 0.625], "texture": "#0"}
			}
		},
		{
			"from": [7.65, 7.85, 0.25],
			"to": [8.35, 8.35, 0.5],
			"rotation": {"angle": 0, "axis": "y", "origin": [15, 13.75, 8.5]},
			"faces": {
				"north": {"uv": [7.5, 0.5, 8.1, 1.35], "texture": "#0"},
				"east": {"uv": [7.5, 0.5, 7.625, 1.35], "texture": "#0"},
				"south": {"uv": [7.5, 0.5, 8.1, 1.35], "texture": "#0"},
				"west": {"uv": [7.5, 0.5, 7.625, 1.35], "texture": "#0"},
				"up": {"uv": [7.5, 0.5, 8.1, 0.625], "texture": "#0"},
				"down": {"uv": [7.5, 0.5, 8.1, 0.625], "texture": "#0"}
			}
		},
		{
			"from": [7.5, 6.75, -0.25],
			"to": [8.5, 7.75, 1.5],
			"rotation": {"angle": 0, "axis": "y", "origin": [15, 13.25, 8.5]},
			"faces": {
				"north": {"uv": [9.5, 0.5, 10, 1], "texture": "#0"},
				"east": {"uv": [8.5, 0.5, 9.125, 1], "texture": "#0"},
				"south": {"uv": [0, 0, 0.5, 0.5], "texture": "#0"},
				"west": {"uv": [8.5, 0.5, 9.125, 1], "texture": "#0"},
				"up": {"uv": [8.5, 0.5, 9, 1.125], "texture": "#0"},
				"down": {"uv": [8.5, 0.5, 9, 1.125], "texture": "#0"}
			}
		},
		{
			"from": [7.5, 5, 7.5],
			"to": [8.5, 5.5, 8.5],
			"rotation": {"angle": 0, "axis": "y", "origin": [15, 13, 14]},
			"faces": {
				"north": {"uv": [0, 0, 0.5, 0.25], "texture": "#0"},
				"east": {"uv": [10, 2, 10.5, 2.25], "texture": "#0"},
				"south": {"uv": [10, 2, 10.5, 2.25], "texture": "#0"},
				"west": {"uv": [10, 2, 10.5, 2.25], "texture": "#0"},
				"up": {"uv": [0, 0, 0.5, 0.5], "texture": "#0"},
				"down": {"uv": [0, 0, 0.5, 0.5], "texture": "#0"}
			}
		},
		{
			"from": [7.25, 6, 8.5],
			"to": [8.75, 7, 11.5],
			"rotation": {"angle": 0, "axis": "y", "origin": [15, 14, 15]},
			"faces": {
				"north": {"uv": [0, 0, 0.75, 0.5], "texture": "#0"},
				"east": {"uv": [7, 2.5, 8.5, 3], "rotation": 180, "texture": "#0"},
				"south": {"uv": [0, 0, 0.75, 0.5], "texture": "#0"},
				"west": {"uv": [7, 2.5, 8.5, 3], "texture": "#0"},
				"up": {"uv": [0, 0, 0.75, 1.5], "texture": "#0"},
				"down": {"uv": [7, 2.5, 7.75, 3], "rotation": 270, "texture": "#0"}
			}
		},
		{
			"from": [7.25, 5.5, 9.5],
			"to": [8.75, 6, 10.5],
			"rotation": {"angle": 0, "axis": "y", "origin": [15, 13.5, 15]},
			"faces": {
				"north": {"uv": [7.5, 3, 7.75, 3.25], "texture": "#0"},
				"east": {"uv": [7.5, 3, 8, 3.25], "texture": "#0"},
				"south": {"uv": [0, 0, 0.75, 0.25], "texture": "#0"},
				"west": {"uv": [7.5, 3, 8, 3.25], "texture": "#0"},
				"up": {"uv": [0, 0, 0.75, 0.5], "texture": "#0"},
				"down": {"uv": [7.5, 3, 7.75, 3.5], "texture": "#0"}
			}
		},
		{
			"from": [7.25, 5, 10.5],
			"to": [8.75, 6, 13.5],
			"rotation": {"angle": 0, "axis": "y", "origin": [15, 13, 15]},
			"faces": {
				"north": {"uv": [8, 3, 8.25, 3.5], "texture": "#0"},
				"east": {"uv": [8, 3, 9.5, 3.5], "rotation": 180, "texture": "#0"},
				"south": {"uv": [8.5, 3, 9.25, 3.5], "texture": "#0"},
				"west": {"uv": [8, 3, 9.5, 3.5], "texture": "#0"},
				"up": {"uv": [0, 0, 0.75, 1.5], "texture": "#0"},
				"down": {"uv": [8, 3, 8.75, 3.5], "rotation": 270, "texture": "#0"}
			}
		},
		{
			"from": [7.25, 4.75, 12.5],
			"to": [8.75, 5, 13.5],
			"rotation": {"angle": 0, "axis": "y", "origin": [15, 13, 15]},
			"faces": {
				"north": {"uv": [0, 0, 0.75, 0.125], "texture": "#0"},
				"east": {"uv": [9, 3.5, 9.5, 3.625], "texture": "#0"},
				"south": {"uv": [8.5, 3.5, 9.25, 3.625], "texture": "#0"},
				"west": {"uv": [9, 3.5, 9.5, 3.625], "texture": "#0"},
				"up": {"uv": [0, 0, 0.75, 0.5], "texture": "#0"},
				"down": {"uv": [8.5, 3.5, 9.25, 4], "texture": "#0"}
			}
		},
		{
			"from": [7.5, 4, 10.5],
			"to": [8.5, 5, 12],
			"rotation": {"angle": 0, "axis": "y", "origin": [15, 12, 15]},
			"faces": {
				"north": {"uv": [6, 6, 6.5, 6.5], "texture": "#0"},
				"east": {"uv": [6, 6, 6.25, 6.5], "texture": "#0"},
				"south": {"uv": [0, 0, 0.5, 0.5], "texture": "#0"},
				"west": {"uv": [6, 6, 6.25, 6.5], "texture": "#0"},
				"up": {"uv": [0, 0, 0.5, 0.75], "texture": "#0"},
				"down": {"uv": [6, 6, 6.5, 6.25], "texture": "#0"}
			}
		},
		{
			"from": [7.75, 5, 9],
			"to": [8.25, 6, 10.5],
			"rotation": {"angle": 0, "axis": "y", "origin": [15, 13, 13.5]},
			"faces": {
				"north": {"uv": [10, 2, 10.25, 2.5], "texture": "#0"},
				"east": {"uv": [9.5, 2, 10.25, 2.5], "texture": "#0"},
				"south": {"uv": [0, 0, 0.25, 0.5], "texture": "#0"},
				"west": {"uv": [9.5, 2, 10.25, 2.5], "rotation": 180, "texture": "#0"},
				"up": {"uv": [0, 0, 0.25, 0.75], "texture": "#0"},
				"down": {"uv": [9.5, 2.5, 9.75, 2.75], "texture": "#0"}
			}
		},
		{
			"from": [7.75, 4, 9.5],
			"to": [8.25, 5, 10],
			"rotation": {"angle": 0, "axis": "y", "origin": [15, 12, 13.5]},
			"faces": {
				"north": {"uv": [9.5, 2.5, 9.75, 3], "texture": "#0"},
				"east": {"uv": [9.5, 2.5, 9.75, 3], "texture": "#0"},
				"south": {"uv": [9.5, 2.5, 9.75, 3], "texture": "#0"},
				"west": {"uv": [9.5, 2.5, 9.75, 3], "texture": "#0"},
				"up": {"uv": [0, 0, 0.25, 0.25], "texture": "#0"},
				"down": {"uv": [9.5, 2.5, 9.75, 2.75], "texture": "#0"}
			}
		},
		{
			"from": [7.75, 4.5, 10],
			"to": [8.25, 5, 10.5],
			"rotation": {"angle": 0, "axis": "y", "origin": [15, 12, 14]},
			"faces": {
				"north": {"uv": [0, 0, 0.25, 0.25], "texture": "#0"},
				"east": {"uv": [9.5, 2.5, 9.75, 2.75], "texture": "#0"},
				"south": {"uv": [0, 0, 0.25, 0.25], "texture": "#0"},
				"west": {"uv": [9.5, 2.5, 9.75, 2.75], "texture": "#0"},
				"up": {"uv": [0, 0, 0.25, 0.25], "texture": "#0"},
				"down": {"uv": [9.5, 2.5, 9.75, 2.75], "texture": "#0"}
			}
		},
		{
			"from": [7.5, 1, 10.75],
			"to": [8.5, 4, 11.5],
			"rotation": {"angle": -22.5, "axis": "x", "origin": [8, 4, 10.5]},
			"faces": {
				"north": {"uv": [6, 6, 6.5, 7.5], "texture": "#0"},
				"east": {"uv": [6, 6, 6.375, 7.5], "texture": "#0"},
				"south": {"uv": [6, 6, 6.5, 7.5], "texture": "#0"},
				"west": {"uv": [6, 6, 6.375, 7.5], "texture": "#0"},
				"up": {"uv": [0, 0, 0.5, 0.375], "texture": "#0"},
				"down": {"uv": [0, 0, 0.5, 0.375], "texture": "#0"}
			}
		},
		{
			"from": [7.5, 3.45, 11.5],
			"to": [8.5, 3.75, 12],
			"rotation": {"angle": -22.5, "axis": "x", "origin": [8, 4, 10.5]},
			"faces": {
				"north": {"uv": [0, 0, 0.5, 0.15], "texture": "#0"},
				"east": {"uv": [6, 6, 6.25, 6.15], "texture": "#0"},
				"south": {"uv": [0, 0, 0.5, 0.15], "texture": "#0"},
				"west": {"uv": [6, 6, 6.25, 6.15], "texture": "#0"},
				"up": {"uv": [0, 0, 0.5, 0.25], "texture": "#0"},
				"down": {"uv": [6, 6, 6.5, 6.25], "texture": "#0"}
			}
		},
		{
			"from": [7.25, 1, 11.5],
			"to": [8.75, 5, 13.25],
			"rotation": {"angle": -22.5, "axis": "x", "origin": [8, 5, 11.5]},
			"faces": {
				"north": {"uv": [8.5, 3.5, 9.25, 5.5], "texture": "#0"},
				"east": {"uv": [8.5, 3.5, 9.375, 5.5], "texture": "#0"},
				"south": {"uv": [8.5, 3.5, 9.25, 5.5], "texture": "#0"},
				"west": {"uv": [8.5, 3.5, 9.375, 5.5], "texture": "#0"},
				"up": {"uv": [0, 0, 0.75, 0.875], "texture": "#0"},
				"down": {"uv": [0, 0, 0.75, 0.875], "texture": "#0"}
			}
		},
		{
			"from": [7.5, 1.5, 9.75],
			"to": [8.5, 2.25, 10.5],
			"rotation": {"angle": -22.5, "axis": "x", "origin": [8, 5, 11.5]},
			"faces": {
				"north": {"uv": [0, 0, 0.5, 0.375], "texture": "#0"},
				"east": {"uv": [6, 7, 6.375, 7.375], "texture": "#0"},
				"south": {"uv": [0, 0, 0.5, 0.375], "texture": "#0"},
				"west": {"uv": [6, 7, 6.375, 7.375], "texture": "#0"},
				"up": {"uv": [6, 7, 6.5, 7.375], "texture": "#0"},
				"down": {"uv": [0, 0, 0.5, 0.375], "texture": "#0"}
			}
		},
		{
			"from": [7.5, 1.5, 11],
			"to": [8.5, 1.75, 11.5],
			"rotation": {"angle": -22.5, "axis": "x", "origin": [8, 5, 11.5]},
			"faces": {
				"north": {"uv": [0, 0, 0.5, 0.125], "texture": "#0"},
				"east": {"uv": [6, 7, 6.25, 7.125], "texture": "#0"},
				"south": {"uv": [0, 0, 0.5, 0.125], "texture": "#0"},
				"west": {"uv": [6, 7, 6.25, 7.125], "texture": "#0"},
				"up": {"uv": [6, 7, 6.5, 7.25], "texture": "#0"},
				"down": {"uv": [0, 0, 0.5, 0.25], "texture": "#0"}
			}
		},
		{
			"from": [7.5, 1.46038, 8.22365],
			"to": [8.5, 1.96038, 11.47365],
			"rotation": {"angle": 22.5, "axis": "x", "origin": [8, 1.71038, 10.47365]},
			"faces": {
				"north": {"uv": [0, 0, 0.5, 0.25], "texture": "#0"},
				"east": {"uv": [6.5, 7, 8.125, 7.25], "texture": "#0"},
				"south": {"uv": [0, 0, 0.5, 0.25], "texture": "#0"},
				"west": {"uv": [6.5, 7, 8.125, 7.25], "rotation": 180, "texture": "#0"},
				"up": {"uv": [6.5, 7, 8.125, 7.5], "rotation": 270, "texture": "#0"},
				"down": {"uv": [0, 0, 0.5, 1.625], "texture": "#0"}
			}
		},
		{
			"from": [7.15, 1.46038, 7.97365],
			"to": [8.85, 1.96038, 8.47365],
			"rotation": {"angle": 22.5, "axis": "x", "origin": [8, 1.71038, 10.47365]},
			"faces": {
				"north": {"uv": [2, 0, 2.85, 0.25], "texture": "#0"},
				"east": {"uv": [2, 0, 2.25, 0.25], "texture": "#0"},
				"south": {"uv": [2, 0, 2.85, 0.25], "texture": "#0"},
				"west": {"uv": [2, 0, 2.25, 0.25], "texture": "#0"},
				"up": {"uv": [2, 0, 2.85, 0.25], "texture": "#0"},
				"down": {"uv": [2, 0, 2.85, 0.25], "texture": "#0"}
			}
		},
		{
			"from": [7.5, 2.44851, 8.13541],
			"to": [8.5, 3.44851, 8.88541],
			"rotation": {"angle": -22.5, "axis": "x", "origin": [8, 2.69851, 8.51041]},
			"faces": {
				"north": {"uv": [0, 0, 0.5, 0.5], "texture": "#0"},
				"east": {"uv": [6, 6, 6.375, 6.5], "texture": "#0"},
				"south": {"uv": [6, 6, 6.5, 6.5], "texture": "#0"},
				"west": {"uv": [6, 6, 6.375, 6.5], "texture": "#0"},
				"up": {"uv": [6, 6, 6.5, 6.375], "texture": "#0"},
				"down": {"uv": [0, 0, 0.5, 0.375], "texture": "#0"}
			}
		},
		{
			"from": [7.375, 1, 9.5],
			"to": [8.625, 1.5, 11.5],
			"rotation": {"angle": -22.5, "axis": "x", "origin": [8, 5, 11.5]},
			"faces": {
				"north": {"uv": [0, 0, 0.625, 0.25], "texture": "#0"},
				"east": {"uv": [10.5, 1.5, 11.5, 1.75], "rotation": 180, "texture": "#0"},
				"south": {"uv": [0, 0, 0.625, 0.25], "texture": "#0"},
				"west": {"uv": [10.5, 1.5, 11.5, 1.75], "texture": "#0"},
				"up": {"uv": [10.5, 1.5, 11.5, 2], "rotation": 90, "texture": "#0"},
				"down": {"uv": [0, 0, 0.625, 1], "texture": "#0"}
			}
		},
		{
			"from": [7.375, 0.7499, 9.83321],
			"to": [8.625, 1.1499, 10.43321],
			"rotation": {"angle": -22.5, "axis": "x", "origin": [8, 4.7499, 11.83321]},
			"faces": {
				"north": {"uv": [0, 0, 0.625, 0.2], "texture": "#0"},
				"east": {"uv": [10.5, 1.5, 10.8, 1.7], "texture": "#0"},
				"south": {"uv": [0, 0, 0.625, 0.2], "texture": "#0"},
				"west": {"uv": [10.5, 1.5, 10.8, 1.7], "texture": "#0"},
				"up": {"uv": [0, 0, 0.625, 0.3], "texture": "#0"},
				"down": {"uv": [10.5, 1.5, 10.625, 1.8], "texture": "#0"}
			}
		},
		{
			"from": [7.375, 0.69083, 7.59611],
			"to": [8.625, 1.44083, 11.59611],
			"rotation": {"angle": 22.5, "axis": "x", "origin": [8, 0.69083, 10.54611]},
			"faces": {
				"north": {"uv": [10.5, 1.5, 10.625, 1.875], "texture": "#0"},
				"east": {"uv": [9, 1.5, 11, 1.875], "rotation": 180, "texture": "#0"},
				"south": {"uv": [0, 0, 0.625, 0.375], "texture": "#0"},
				"west": {"uv": [9, 1.5, 11, 1.875], "texture": "#0"},
				"up": {"uv": [9, 1.5, 11, 2], "rotation": 90, "texture": "#0"},
				"down": {"uv": [9, 1.5, 11, 2], "rotation": 270, "texture": "#0"}
			}
		},
		{
			"from": [7.25, 0.5, 10.25],
			"to": [8.75, 1, 13.25],
			"rotation": {"angle": -22.5, "axis": "x", "origin": [8, 5, 11.5]},
			"faces": {
				"north": {"uv": [9.5, 1, 9.75, 1.25], "texture": "#0"},
				"east": {"uv": [9.5, 1, 11, 1.25], "rotation": 180, "texture": "#0"},
				"south": {"uv": [10.5, 1, 10.75, 1.25], "texture": "#0"},
				"west": {"uv": [9.5, 1, 11, 1.25], "texture": "#0"},
				"up": {"uv": [9.5, 1, 11, 1.5], "rotation": 90, "texture": "#0"},
				"down": {"uv": [9.5, 1, 11, 1.5], "rotation": 270, "texture": "#0"}
			}
		},
		{
			"from": [7.25, 6, 12.5],
			"to": [8.75, 6.5, 13.5],
			"rotation": {"angle": 0, "axis": "y", "origin": [15, 14, 17]},
			"faces": {
				"north": {"uv": [0, 0, 0.75, 0.25], "texture": "#0"},
				"east": {"uv": [9, 2.5, 9.5, 2.75], "rotation": 180, "texture": "#0"},
				"south": {"uv": [9, 2.5, 9.25, 2.75], "texture": "#0"},
				"west": {"uv": [9, 2.5, 9.5, 2.75], "texture": "#0"},
				"up": {"uv": [0, 0, 0.75, 1], "texture": "#0"},
				"down": {"uv": [0, 0, 0.75, 1], "texture": "#0"}
			}
		},
		{
			"from": [7.5, 7.5, 12.5],
			"to": [8.5, 8.75, 13.75],
			"rotation": {"angle": 0, "axis": "y", "origin": [15, 16, 17]},
			"faces": {
				"north": {"uv": [0, 0, 0.5, 0.625], "texture": "#0"},
				"east": {"uv": [10.5, 0, 11.125, 0.625], "texture": "#0"},
				"south": {"uv": [12, 0, 12.5, 0.625], "texture": "#0"},
				"west": {"uv": [10.5, 0, 11.125, 0.625], "texture": "#0"},
				"up": {"uv": [11, 0, 11.5, 0.625], "texture": "#0"},
				"down": {"uv": [0, 0, 0.5, 0.625], "texture": "#0"}
			}
		},
		{
			"from": [7.25, 7, 12.75],
			"to": [8.75, 7.5, 14],
			"rotation": {"angle": 0, "axis": "y", "origin": [15, 15, 17.25]},
			"faces": {
				"north": {"uv": [0, 0, 0.75, 0.25], "texture": "#0"},
				"east": {"uv": [8.5, 4.5, 9.125, 4.75], "texture": "#0"},
				"south": {"uv": [8.5, 4.5, 9.25, 4.75], "texture": "#0"},
				"west": {"uv": [8.5, 4.5, 9.125, 4.75], "texture": "#0"},
				"up": {"uv": [8.5, 4.5, 9.25, 4.625], "texture": "#0"},
				"down": {"uv": [8.5, 4.5, 9.25, 4.625], "texture": "#0"}
			}
		},
		{
			"from": [7.75, 7.5, 12.75],
			"to": [8.25, 8.25, 14],
			"rotation": {"angle": 0, "axis": "y", "origin": [15, 15.5, 17.25]},
			"faces": {
				"north": {"uv": [0, 0, 0.25, 0.375], "texture": "#0"},
				"east": {"uv": [8.5, 5, 9.125, 5.375], "texture": "#0"},
				"south": {"uv": [9, 5, 9.25, 5.375], "texture": "#0"},
				"west": {"uv": [8.5, 5, 9.125, 5.375], "texture": "#0"},
				"up": {"uv": [8.5, 5, 8.75, 5.125], "texture": "#0"},
				"down": {"uv": [0, 0, 0.25, 0.625], "texture": "#0"}
			}
		},
		{
			"from": [7.5, 6, 13.5],
			"to": [8.5, 7, 13.75],
			"rotation": {"angle": 0, "axis": "y", "origin": [15, 14, 17.25]},
			"faces": {
				"north": {"uv": [0, 0, 0.75, 0.5], "texture": "#0"},
				"east": {"uv": [9, 4, 9.125, 4.5], "texture": "#0"},
				"south": {"uv": [9, 4, 9.25, 4.5], "texture": "#0"},
				"west": {"uv": [9, 4, 9.125, 4.5], "texture": "#0"},
				"up": {"uv": [0, 0, 0.75, 0.125], "texture": "#0"},
				"down": {"uv": [9, 4, 9.25, 4.125], "texture": "#0"}
			}
		},
		{
			"from": [7, 7, 4.5],
			"to": [9, 7.5, 7.5],
			"rotation": {"angle": 0, "axis": "y", "origin": [15, 13.5, 13]},
			"faces": {
				"north": {"uv": [0, 0, 1, 0.25], "texture": "#0"},
				"east": {"uv": [2.5, 3, 4, 3.25], "rotation": 180, "texture": "#0"},
				"south": {"uv": [0, 0, 1, 0.25], "texture": "#0"},
				"west": {"uv": [2.5, 3, 4, 3.25], "texture": "#0"},
				"up": {"uv": [2.5, 3, 4, 3.5], "rotation": 90, "texture": "#0"},
				"down": {"uv": [2.5, 3, 4, 3.5], "rotation": 270, "texture": "#0"}
			}
		},
		{
			"from": [7, 5.5, 7.5],
			"to": [9, 7.5, 8.5],
			"rotation": {"angle": 0, "axis": "y", "origin": [15, 13.5, 16]},
			"faces": {
				"north": {"uv": [4, 3, 4.5, 4], "texture": "#0"},
				"east": {"uv": [0, 9, 2, 11], "texture": "#0"},
				"south": {"uv": [4, 3, 4.5, 4], "texture": "#0"},
				"west": {"uv": [0, 5.5, 2, 7.5], "texture": "#0"},
				"up": {"uv": [2.25, 6.5, 4.25, 7], "rotation": 90, "texture": "#0"},
				"down": {"uv": [4, 3.5, 4.5, 4], "texture": "#0"}
			}
		},
		{
			"from": [7.25, 7.5, 4.5],
			"to": [8.75, 9, 7.5],
			"rotation": {"angle": 0, "axis": "y", "origin": [15, 15.5, 16]},
			"faces": {
				"north": {"uv": [1.5, 2.5, 1.75, 2.75], "texture": "#0"},
				"east": {"uv": [0, 2.5, 1.5, 3], "rotation": 180, "texture": "#0"},
				"south": {"uv": [0, 0, 0.75, 0.75], "texture": "#0"},
				"west": {"uv": [0, 2.5, 1.5, 3], "texture": "#0"},
				"up": {"uv": [1.5, 2.5, 3, 3], "rotation": 90, "texture": "#0"},
				"down": {"uv": [0, 0, 0.75, 5.5], "texture": "#0"}
			}
		},
		{
			"from": [7.25, 7.5, 7.5],
			"to": [8.75, 9, 10.5],
			"rotation": {"angle": 0, "axis": "y", "origin": [15, 15.5, 19]},
			"faces": {
				"north": {"uv": [0, 0, 0.75, 0.75], "texture": "#0"},
				"east": {"uv": [0, 7.5, 6, 9], "texture": "#0"},
				"south": {"uv": [5, 4, 5.75, 4.75], "texture": "#0"},
				"west": {"uv": [0, 4, 6, 5.5], "texture": "#0"},
				"up": {"uv": [0, 4, 6, 4.5], "rotation": 90, "texture": "#0"},
				"down": {"uv": [0, 0, 0.75, 5.5], "texture": "#0"}
			}
		},
		{
			"from": [7.25, 7.5, 11.5],
			"to": [8.75, 9, 12.5],
			"rotation": {"angle": 0, "axis": "y", "origin": [15, 15.5, 18]},
			"faces": {
				"north": {"uv": [0, 0, 0.75, 0.75], "texture": "#0"},
				"east": {"uv": [3.5, 2.5, 4, 3], "rotation": 180, "texture": "#0"},
				"south": {"uv": [3.5, 2.5, 3.75, 2.75], "texture": "#0"},
				"west": {"uv": [3.5, 2.5, 4, 3], "texture": "#0"},
				"up": {"uv": [3.5, 2.5, 3.75, 3], "texture": "#0"},
				"down": {"uv": [0, 0, 0.75, 5.5], "texture": "#0"}
			}
		},
		{
			"from": [7.25, 7.5, 11],
			"to": [8.75, 9, 11.5],
			"rotation": {"angle": 0, "axis": "y", "origin": [15, 15.5, 17]},
			"faces": {
				"north": {"uv": [3, 2.5, 3.25, 2.75], "texture": "#0"},
				"east": {"uv": [3, 2.5, 3.5, 3], "rotation": 180, "texture": "#0"},
				"south": {"uv": [0, 0, 0.75, 0.75], "texture": "#0"},
				"west": {"uv": [3, 2.5, 3.5, 3], "texture": "#0"},
				"up": {"uv": [3, 2.5, 3.25, 3], "texture": "#0"},
				"down": {"uv": [0, 0, 0.75, 5.5], "texture": "#0"}
			}
		},
		{
			"from": [7.25, 7.5, 10.5],
			"to": [8.75, 8, 11],
			"rotation": {"angle": 0, "axis": "y", "origin": [15, 15.5, 16.5]},
			"faces": {
				"north": {"uv": [0, 0, 0.75, 0.75], "texture": "#0"},
				"east": {"uv": [3, 2.5, 3.5, 3], "rotation": 180, "texture": "#0"},
				"south": {"uv": [0, 0, 0.75, 0.75], "texture": "#0"},
				"west": {"uv": [3, 2.5, 3.5, 3], "texture": "#0"},
				"up": {"uv": [3, 2.5, 3.25, 3], "texture": "#0"},
				"down": {"uv": [0, 0, 0.75, 5.5], "texture": "#0"}
			}
		},
		{
			"from": [7.25, 8.5, 1.5],
			"to": [8.75, 9, 4.5],
			"rotation": {"angle": 0, "axis": "y", "origin": [15, 15.5, 13]},
			"faces": {
				"north": {"uv": [0, 2.5, 0.25, 2.75], "texture": "#0"},
				"east": {"uv": [4, 2.5, 5.5, 3], "rotation": 180, "texture": "#0"},
				"south": {"uv": [0, 0, 0.75, 0.75], "texture": "#0"},
				"west": {"uv": [4, 2.5, 5.5, 3], "rotation": 180, "texture": "#0"},
				"up": {"uv": [0, 2.5, 1.5, 3], "rotation": 90, "texture": "#0"},
				"down": {"uv": [0, 2.5, 1.5, 3], "rotation": 270, "texture": "#0"}
			}
		},
		{
			"from": [7.25, 7.5, 2.5],
			"to": [8.75, 8, 4.5],
			"rotation": {"angle": 0, "axis": "y", "origin": [15, 14.5, 13]},
			"faces": {
				"north": {"uv": [0.5, 2.5, 0.75, 2.75], "texture": "#0"},
				"east": {"uv": [4, 2.5, 5, 3], "rotation": 180, "texture": "#0"},
				"south": {"uv": [0, 0, 0.75, 0.75], "texture": "#0"},
				"west": {"uv": [4, 2.5, 5, 3], "rotation": 180, "texture": "#0"},
				"up": {"uv": [0.5, 2.5, 1.5, 3], "rotation": 90, "texture": "#0"},
				"down": {"uv": [0, 0, 0.75, 5.5], "texture": "#0"}
			}
		},
		{
			"from": [7.5, 7.5, 2],
			"to": [8.5, 8.5, 4.5],
			"rotation": {"angle": 0, "axis": "y", "origin": [15, 15, 13]},
			"faces": {
				"north": {"uv": [0, 0, 0.75, 0.75], "texture": "#0"},
				"east": {"uv": [0.25, 3, 1.5, 3.5], "rotation": 180, "texture": "#0"},
				"south": {"uv": [0, 0, 0.75, 0.75], "texture": "#0"},
				"west": {"uv": [0.25, 3, 1.5, 3.5], "texture": "#0"},
				"up": {"uv": [0, 0, 0.75, 5.5], "texture": "#0"},
				"down": {"uv": [0, 0, 0.75, 5.5], "texture": "#0"}
			}
		},
		{
			"from": [7.25, 7.5, 1.5],
			"to": [8.75, 8.5, 2],
			"rotation": {"angle": 0, "axis": "y", "origin": [15, 14.5, 12]},
			"faces": {
				"north": {"uv": [0, 2.5, 0.25, 2.75], "texture": "#0"},
				"east": {"uv": [5, 2.5, 5.5, 3], "rotation": 180, "texture": "#0"},
				"south": {"uv": [0, 2.5, 0.25, 2.75], "texture": "#0"},
				"west": {"uv": [5, 2.5, 5.5, 3], "texture": "#0"},
				"up": {"uv": [0, 0, 0.75, 5.5], "texture": "#0"},
				"down": {"uv": [0, 0, 0.75, 5.5], "texture": "#0"}
			}
		},
		{
			"from": [7, 6, 3.5],
			"to": [9, 7.5, 4.5],
			"rotation": {"angle": 0, "axis": "y", "origin": [15, 13.5, 12]},
			"faces": {
				"north": {"uv": [0, 0, 1, 0.75], "texture": "#0"},
				"east": {"uv": [2, 3, 2.5, 3.75], "texture": "#0"},
				"south": {"uv": [2, 3, 2.5, 3.75], "texture": "#0"},
				"west": {"uv": [2, 3, 2.5, 3.75], "texture": "#0"},
				"up": {"uv": [2, 3, 2.5, 3.5], "texture": "#0"},
				"down": {"uv": [0, 0, 1, 0.5], "texture": "#0"}
			}
		},
		{
			"from": [7, 6.5, 2.5],
			"to": [9, 7.5, 3.5],
			"rotation": {"angle": 0, "axis": "y", "origin": [15, 13.5, 11]},
			"faces": {
				"north": {"uv": [1.5, 3, 2, 3.5], "texture": "#0"},
				"east": {"uv": [1.5, 3, 2, 3.5], "texture": "#0"},
				"south": {"uv": [0, 0, 1, 0.5], "texture": "#0"},
				"west": {"uv": [1.5, 3, 2, 3.5], "texture": "#0"},
				"up": {"uv": [1.5, 3, 2, 3.5], "texture": "#0"},
				"down": {"uv": [0, 0, 1, 0.5], "texture": "#0"}
			}
		},
		{
			"from": [7, 5.5, 2],
			"to": [9, 6.5, 3.5],
			"rotation": {"angle": 0, "axis": "y", "origin": [15, 12.5, 10]},
			"faces": {
				"north": {"uv": [3, 0, 3.5, 0.5], "texture": "#0"},
				"east": {"uv": [3.25, 0, 4, 0.5], "rotation": 180, "texture": "#0"},
				"south": {"uv": [0, 0, 1, 0.5], "texture": "#0"},
				"west": {"uv": [3.25, 0, 4, 0.5], "texture": "#0"},
				"up": {"uv": [0, 0, 1, 0.75], "texture": "#0"},
				"down": {"uv": [3, 0, 3.5, 0.25], "texture": "#0"}
			}
		},
		{
			"from": [7.5, 4.5, 1.5],
			"to": [8.5, 5.5, 2],
			"rotation": {"angle": 0, "axis": "y", "origin": [15, 11.5, 10]},
			"faces": {
				"north": {"uv": [0, 1.5, 0.5, 2], "texture": "#0"},
				"east": {"uv": [1, 1.5, 1.25, 2], "texture": "#0"},
				"south": {"uv": [0, 0, 0.5, 0.5], "texture": "#0"},
				"west": {"uv": [1.5, 1.5, 1.75, 2], "texture": "#0"},
				"up": {"uv": [0, 0, 0.5, 0.25], "texture": "#0"},
				"down": {"uv": [0, 1.5, 0.5, 1.75], "texture": "#0"}
			}
		},
		{
			"from": [7.25, 5.5, 1.5],
			"to": [8.75, 6.5, 2],
			"rotation": {"angle": 0, "axis": "y", "origin": [15, 12, 10]},
			"faces": {
				"north": {"uv": [0, 2, 0.75, 2.5], "texture": "#0"},
				"east": {"uv": [0, 2, 0.25, 2.5], "texture": "#0"},
				"south": {"uv": [0, 0, 0.75, 0.5], "texture": "#0"},
				"west": {"uv": [1, 2, 1.25, 2.5], "texture": "#0"},
				"up": {"uv": [0, 0, 0.75, 0.25], "texture": "#0"},
				"down": {"uv": [0, 2, 0.75, 2.25], "texture": "#0"}
			}
		},
		{
			"from": [7.5, 3.5, 2],
			"to": [8.5, 4.5, 2.5],
			"rotation": {"angle": 0, "axis": "y", "origin": [15, 10.5, 10]},
			"faces": {
				"north": {"uv": [0, 1.5, 0.5, 2], "texture": "#0"},
				"east": {"uv": [1, 1.5, 1.25, 2], "texture": "#0"},
				"south": {"uv": [0, 0, 0.5, 0.5], "texture": "#0"},
				"west": {"uv": [1.5, 1.5, 1.75, 2], "texture": "#0"},
				"up": {"uv": [0, 0, 0.5, 0.25], "texture": "#0"},
				"down": {"uv": [0, 1.5, 0.5, 1.75], "texture": "#0"}
			}
		},
		{
			"from": [7.25, 4.5, 2],
			"to": [8.75, 5.5, 3],
			"rotation": {"angle": 0, "axis": "y", "origin": [15, 11.5, 10]},
			"faces": {
				"north": {"uv": [0, 2, 0.75, 2.5], "texture": "#0"},
				"east": {"uv": [0, 2, 0.5, 2.5], "texture": "#0"},
				"south": {"uv": [0, 0, 0.75, 0.5], "texture": "#0"},
				"west": {"uv": [1, 2, 1.5, 2.5], "texture": "#0"},
				"up": {"uv": [0, 0, 0.75, 0.5], "texture": "#0"},
				"down": {"uv": [0, 2, 0.75, 2.5], "texture": "#0"}
			}
		},
		{
			"from": [7.5, 3, 2.5],
			"to": [8.5, 3.5, 3.5],
			"rotation": {"angle": 0, "axis": "y", "origin": [15, 10.5, 11]},
			"faces": {
				"north": {"uv": [0, 1.5, 0.5, 1.75], "texture": "#0"},
				"east": {"uv": [1, 1.5, 1.5, 1.75], "texture": "#0"},
				"south": {"uv": [0, 0, 0.5, 0.25], "texture": "#0"},
				"west": {"uv": [1.5, 1.5, 2, 1.75], "texture": "#0"},
				"up": {"uv": [0, 0, 0.5, 0.5], "texture": "#0"},
				"down": {"uv": [0, 1.5, 0.5, 2], "texture": "#0"}
			}
		},
		{
			"from": [7.25, 3.5, 2.5],
			"to": [8.75, 4.5, 3.5],
			"rotation": {"angle": 0, "axis": "y", "origin": [15, 11, 11]},
			"faces": {
				"north": {"uv": [0, 2, 0.75, 2.5], "texture": "#0"},
				"east": {"uv": [0.5, 2, 1, 2.5], "texture": "#0"},
				"south": {"uv": [0, 0, 0.75, 0.5], "texture": "#0"},
				"west": {"uv": [1.5, 2, 2, 2.5], "texture": "#0"},
				"up": {"uv": [0, 0, 0.75, 0.5], "texture": "#0"},
				"down": {"uv": [0, 2, 0.75, 2.5], "texture": "#0"}
			}
		},
		{
			"from": [7.5, 2.5, 3.5],
			"to": [8.5, 3, 5.5],
			"rotation": {"angle": 0, "axis": "y", "origin": [15, 9.5, 12]},
			"faces": {
				"north": {"uv": [0, 1.5, 0.5, 1.75], "texture": "#0"},
				"east": {"uv": [1, 1.5, 2, 1.75], "rotation": 180, "texture": "#0"},
				"south": {"uv": [0, 0, 0.5, 0.25], "texture": "#0"},
				"west": {"uv": [1, 1.5, 2, 1.75], "texture": "#0"},
				"up": {"uv": [0, 0, 0.5, 1], "texture": "#0"},
				"down": {"uv": [0, 1.5, 1, 2], "rotation": 270, "texture": "#0"}
			}
		},
		{
			"from": [7.25, 3, 3.5],
			"to": [8.75, 3.5, 5.5],
			"rotation": {"angle": 0, "axis": "y", "origin": [15, 10, 12]},
			"faces": {
				"north": {"uv": [0, 2, 0.75, 2.25], "texture": "#0"},
				"east": {"uv": [0, 2, 1, 2.25], "texture": "#0"},
				"south": {"uv": [0, 0, 0.75, 0.25], "texture": "#0"},
				"west": {"uv": [1, 2, 2, 2.25], "texture": "#0"},
				"up": {"uv": [0, 0, 0.75, 1], "texture": "#0"},
				"down": {"uv": [0, 2, 0.75, 2.5], "texture": "#0"}
			}
		},
		{
			"from": [7.15, 2.75, 6.75],
			"to": [8.85, 3.25, 7.25],
			"rotation": {"angle": 0, "axis": "y", "origin": [15, 9, 13]},
			"faces": {
				"north": {"uv": [2, 0, 2.85, 0.25], "texture": "#0"},
				"east": {"uv": [2, 0, 2.25, 0.25], "texture": "#0"},
				"south": {"uv": [2, 0, 2.85, 0.25], "texture": "#0"},
				"west": {"uv": [2, 0, 2.25, 0.25], "texture": "#0"},
				"up": {"uv": [2, 0, 2.85, 0.25], "texture": "#0"},
				"down": {"uv": [2, 0, 2.85, 0.25], "texture": "#0"}
			}
		},
		{
			"from": [7.15, 4.25, 2.25],
			"to": [8.85, 4.75, 2.75],
			"rotation": {"angle": 0, "axis": "y", "origin": [15, 11.25, 8]},
			"faces": {
				"north": {"uv": [2, 0, 2.85, 0.25], "texture": "#0"},
				"east": {"uv": [2.5, 0, 2.75, 0.25], "texture": "#0"},
				"south": {"uv": [2, 0, 2.85, 0.25], "texture": "#0"},
				"west": {"uv": [2, 0, 2.25, 0.25], "texture": "#0"},
				"up": {"uv": [2, 0, 2.85, 0.25], "texture": "#0"},
				"down": {"uv": [2, 0, 2.85, 0.25], "texture": "#0"}
			}
		},
		{
			"from": [7.5, 2, 5.5],
			"to": [8.5, 2.5, 8.5],
			"rotation": {"angle": 0, "axis": "y", "origin": [15, 9, 13]},
			"faces": {
				"north": {"uv": [0, 1.5, 0.5, 1.75], "texture": "#0"},
				"east": {"uv": [0.5, 1.5, 2, 1.75], "rotation": 180, "texture": "#0"},
				"south": {"uv": [0, 0, 0.5, 0.25], "texture": "#0"},
				"west": {"uv": [0.5, 1.5, 2, 1.75], "texture": "#0"},
				"up": {"uv": [0, 0, 0.5, 1.5], "texture": "#0"},
				"down": {"uv": [0, 1.5, 1.5, 2], "rotation": 270, "texture": "#0"}
			}
		},
		{
			"from": [7.25, 2.5, 5.5],
			"to": [8.75, 3, 8.5],
			"rotation": {"angle": 0, "axis": "y", "origin": [15, 9.5, 13]},
			"faces": {
				"north": {"uv": [0, 2, 0.75, 2.25], "texture": "#0"},
				"east": {"uv": [0, 2, 1.5, 2.25], "texture": "#0"},
				"south": {"uv": [0, 2, 0.75, 2.25], "texture": "#0"},
				"west": {"uv": [0.5, 2, 2, 2.25], "texture": "#0"},
				"up": {"uv": [0, 0, 0.75, 1.5], "texture": "#0"},
				"down": {"uv": [0, 2, 0.75, 2.5], "texture": "#0"}
			}
		},
		{
			"from": [7.25, 3, 6.5],
			"to": [8.75, 3.5, 7.5],
			"rotation": {"angle": 0, "axis": "y", "origin": [15, 10, 13]},
			"faces": {
				"north": {"uv": [0, 0, 0.75, 0.25], "texture": "#0"},
				"east": {"uv": [0, 2, 0.5, 2.25], "texture": "#0"},
				"south": {"uv": [0, 0, 0.75, 0.25], "texture": "#0"},
				"west": {"uv": [5.5, 1.5, 6, 1.75], "texture": "#0"},
				"up": {"uv": [0, 0, 0.75, 0.5], "texture": "#0"},
				"down": {"uv": [0, 0, 0.75, 0.5], "texture": "#0"}
			}
		},
		{
			"from": [7, 4, 3],
			"to": [9, 5.5, 3.5],
			"rotation": {"angle": 0, "axis": "y", "origin": [15, 12.5, 11]},
			"faces": {
				"north": {"uv": [3.5, 0.5, 4, 1.25], "texture": "#0"},
				"east": {"uv": [3.5, 0.5, 3.75, 1.25], "texture": "#0"},
				"south": {"uv": [0, 0, 1, 0.75], "texture": "#0"},
				"west": {"uv": [3.5, 0.5, 3.75, 1.25], "texture": "#0"},
				"up": {"uv": [0, 0, 1, 0.25], "texture": "#0"},
				"down": {"uv": [3.5, 1, 4, 1.25], "texture": "#0"}
			}
		},
		{
			"from": [7, 5, 2.5],
			"to": [9, 5.5, 3],
			"rotation": {"angle": 0, "axis": "y", "origin": [15, 12.5, 11]},
			"faces": {
				"north": {"uv": [3.5, 0.5, 4, 0.75], "texture": "#0"},
				"east": {"uv": [0, 0, 0.25, 0.25], "texture": "#0"},
				"south": {"uv": [0, 0, 1, 0.25], "texture": "#0"},
				"west": {"uv": [3.5, 0.5, 3.75, 0.75], "texture": "#0"},
				"up": {"uv": [0, 0, 1, 0.25], "texture": "#0"},
				"down": {"uv": [3.5, 0.5, 4, 0.75], "texture": "#0"}
			}
		},
		{
			"from": [7, 3.5, 3.5],
			"to": [9, 6, 4.5],
			"rotation": {"angle": 0, "axis": "y", "origin": [15, 12, 12]},
			"faces": {
				"north": {"uv": [4, 1, 4.5, 1.5], "texture": "#0"},
				"east": {"uv": [4, 0.25, 4.5, 1.5], "texture": "#0"},
				"south": {"uv": [0, 0, 1, 1.25], "texture": "#0"},
				"west": {"uv": [4, 0.25, 4.5, 1.5], "texture": "#0"},
				"up": {"uv": [0, 0, 1, 0.5], "texture": "#0"},
				"down": {"uv": [4, 1, 4.5, 1.5], "texture": "#0"}
			}
		},
		{
			"from": [7, 3, 5.5],
			"to": [9, 4.5, 6.5],
			"rotation": {"angle": 0, "axis": "y", "origin": [15, 11, 13]},
			"faces": {
				"north": {"uv": [5, 1.5, 5.5, 2], "texture": "#0"},
				"east": {"uv": [5, 1, 5.5, 1.75], "texture": "#0"},
				"south": {"uv": [5, 1, 5.5, 1.75], "texture": "#0"},
				"west": {"uv": [5, 1, 5.5, 1.75], "texture": "#0"},
				"up": {"uv": [0, 0, 1, 0.5], "texture": "#0"},
				"down": {"uv": [5, 1.5, 5.5, 2], "texture": "#0"}
			}
		},
		{
			"from": [7, 3.5, 4.5],
			"to": [9, 4.5, 5.5],
			"rotation": {"angle": 0, "axis": "y", "origin": [15, 11, 12]},
			"faces": {
				"north": {"uv": [0, 0, 1, 0.5], "texture": "#0"},
				"east": {"uv": [4.5, 1, 5, 1.5], "texture": "#0"},
				"south": {"uv": [0, 0, 1, 0.5], "texture": "#0"},
				"west": {"uv": [4.5, 1, 5, 1.5], "texture": "#0"},
				"up": {"uv": [0, 0, 1, 0.5], "texture": "#0"},
				"down": {"uv": [4.5, 1, 5, 1.5], "texture": "#0"}
			}
		},
		{
			"from": [7, 3.5, 6.5],
			"to": [9, 4.5, 7.5],
			"rotation": {"angle": 0, "axis": "y", "origin": [15, 11, 14]},
			"faces": {
				"north": {"uv": [0, 0, 1, 0.5], "texture": "#0"},
				"east": {"uv": [5.5, 1, 6, 1.5], "texture": "#0"},
				"south": {"uv": [0, 0, 1, 0.5], "texture": "#0"},
				"west": {"uv": [5.5, 1, 6, 1.5], "texture": "#0"},
				"up": {"uv": [0, 0, 1, 0.5], "texture": "#0"},
				"down": {"uv": [5.5, 1, 6, 1.5], "texture": "#0"}
			}
		},
		{
			"from": [7, 3, 7.5],
			"to": [9, 5, 8.5],
			"rotation": {"angle": 0, "axis": "y", "origin": [15, 11, 14]},
			"faces": {
				"north": {"uv": [6, 0.75, 6.5, 1.75], "texture": "#0"},
				"east": {"uv": [6, 0.75, 6.5, 1.75], "texture": "#0"},
				"south": {"uv": [6, 0.75, 6.5, 1.75], "texture": "#0"},
				"west": {"uv": [6, 0.75, 6.5, 1.75], "texture": "#0"},
				"up": {"uv": [6, 0.5, 6.5, 1], "texture": "#0"},
				"down": {"uv": [6, 1.5, 6.5, 2], "texture": "#0"}
			}
		},
		{
			"from": [7, 6.5, 8.5],
			"to": [9, 7.5, 9.5],
			"rotation": {"angle": 0, "axis": "y", "origin": [15, 13.5, 17]},
			"faces": {
				"north": {"uv": [0, 0, 1, 0.5], "texture": "#0"},
				"east": {"uv": [2, 9, 4, 10], "texture": "#0"},
				"south": {"uv": [4.5, 3, 5, 3.5], "texture": "#0"},
				"west": {"uv": [2, 5.5, 4, 6.5], "texture": "#0"},
				"up": {"uv": [1.75, 5, 3.75, 5.5], "rotation": 90, "texture": "#0"},
				"down": {"uv": [4.5, 3, 5, 3.5], "texture": "#0"}
			}
		},
		{
			"from": [7, 6, 11.5],
			"to": [9, 7.5, 12.5],
			"rotation": {"angle": 0, "axis": "y", "origin": [15, 13.5, 19]},
			"faces": {
				"north": {"uv": [6, 3, 6.5, 3.75], "texture": "#0"},
				"east": {"uv": [6, 3, 6.5, 3.75], "texture": "#0"},
				"south": {"uv": [6, 3, 6.5, 3.75], "texture": "#0"},
				"west": {"uv": [6, 3, 6.5, 3.75], "texture": "#0"},
				"up": {"uv": [6, 3, 6.5, 3.5], "texture": "#0"},
				"down": {"uv": [6, 3.5, 6.5, 4], "texture": "#0"}
			}
		},
		{
			"from": [7, 6.5, 12.5],
			"to": [9, 7.5, 13.5],
			"rotation": {"angle": 0, "axis": "y", "origin": [15, 13.5, 20]},
			"faces": {
				"north": {"uv": [0, 0, 1, 0.5], "texture": "#0"},
				"east": {"uv": [6.5, 3, 7, 3.5], "texture": "#0"},
				"south": {"uv": [6.5, 3, 7, 3.5], "texture": "#0"},
				"west": {"uv": [6.5, 3, 7, 3.5], "texture": "#0"},
				"up": {"uv": [6.5, 3, 7, 3.5], "texture": "#0"},
				"down": {"uv": [6.5, 3, 7, 3.5], "texture": "#0"}
			}
		},
		{
			"from": [7.25, 7.5, 12.5],
			"to": [8.75, 8.5, 13.5],
			"rotation": {"angle": 0, "axis": "y", "origin": [15, 14.5, 19]},
			"faces": {
				"north": {"uv": [0, 0, 0.75, 0.5], "texture": "#0"},
				"east": {"uv": [5.5, 2.5, 6, 3], "texture": "#0"},
				"south": {"uv": [5.5, 2.5, 5.75, 3], "texture": "#0"},
				"west": {"uv": [5.5, 2.5, 6, 3], "texture": "#0"},
				"up": {"uv": [5.5, 2.5, 5.75, 3], "texture": "#0"},
				"down": {"uv": [0, 0, 0.75, 0.5], "texture": "#0"}
			}
		},
		{
			"from": [7, 7, 9.5],
			"to": [9, 7.5, 11.5],
			"rotation": {"angle": 0, "axis": "y", "origin": [15, 13.5, 18]},
			"faces": {
				"north": {"uv": [0, 0, 1, 0.25], "texture": "#0"},
				"east": {"uv": [5, 3, 6, 3.25], "rotation": 180, "texture": "#0"},
				"south": {"uv": [0, 0, 1, 0.25], "texture": "#0"},
				"west": {"uv": [5, 3, 6, 3.25], "texture": "#0"},
				"up": {"uv": [5, 3, 6, 3.5], "rotation": 90, "texture": "#0"},
				"down": {"uv": [5, 3, 6, 3.5], "rotation": 270, "texture": "#0"}
			}
		}
	],
	"display": {
		"thirdperson_righthand": {
			"translation": [0, 1.75, -0.75],
			"scale": [0.7, 0.7, 0.7]
		},
		"thirdperson_lefthand": {
			"translation": [0, 1.75, -0.75],
			"scale": [0.7, 0.7, 0.7]
		},
		"firstperson_righthand": {
			"rotation": [0, -10, 0],
			"translation": [3, 3.75, -2.5]
		},
		"firstperson_lefthand": {
			"rotation": [0, -10, 0],
			"translation": [3, 3.75, -2.5]
		},
		"ground": {
			"rotation": [45, 0, 0],
			"translation": [0, 6, 1.75]
		},
		"gui": {
			"rotation": [23, 26, 0],
			"translation": [0, 2.25, 0]
		},
		"fixed": {
			"rotation": [0, -90, 0],
			"translation": [0, 2.75, -1.5]
		}
	},
"overrides": [
      	  {
        	    "predicate": {
                	"pulling": 1
            	},
           	 "model": "item/bow_pulling_0"
	        },
        	{
        	    "predicate": {
        	        "pulling": 1,
        	        "pull": 0.65
        	    },
        	    "model": "item/bow_pulling_1"
        	},
        	{
           	 "predicate": {
               	 "pulling": 1,
                	"pull": 0.9
           	 },
           	 "model": "item/bow_pulling_2"
        	}
	]
}