{
	"credit": "moon",
	"textures": {
		"voxels_atlas": "item/etc/bemo",
		"particle": "item/etc/bemo"
	},
	"gui_light": "front",
	"elements": [ 	 
		{
			"__comment": "Voxels",
			"from": [ -1, 10, -6 ],
			"to": [ 2, 11, -5 ],
			"faces": {
				"down": { "uv": [ 3, 8.5, 3.75, 8.75 ], "texture": "#voxels_atlas" },
				"up": { "uv": [ 6, 9.5, 6.75, 9.25 ], "texture": "#voxels_atlas" },
				"north": { "uv": [ 3, 9, 2.25, 9.25 ], "texture": "#voxels_atlas" },
				"south": { "uv": [ 3, 9, 3.75, 9.25 ], "texture": "#voxels_atlas" },
				"west": { "uv": [ 7.75, 7.75, 8, 8 ], "texture": "#voxels_atlas" },
				"east": { "uv": [ 7.25, 7.75, 7, 8 ], "texture": "#voxels_atlas" }
			}
		},
		{
			"__comment": "Voxels",
			"from": [ -1, 11, -6 ],
			"to": [ 0, 12, -5 ],
			"faces": {
				"down": { "uv": [ 7.25, 7.75, 7.5, 8 ], "texture": "#voxels_atlas" },
				"up": { "uv": [ 7.5, 8.5, 7.75, 8.25 ], "texture": "#voxels_atlas" },
				"north": { "uv": [ 8, 8.25, 7.75, 8.5 ], "texture": "#voxels_atlas" },
				"south": { "uv": [ 7.5, 8, 7.75, 8.25 ], "texture": "#voxels_atlas" },
				"west": { "uv": [ 7.75, 8, 8, 8.25 ], "texture": "#voxels_atlas" },
				"east": { "uv": [ 7.75, 7.75, 7.5, 8 ], "texture": "#voxels_atlas" }
			}
		},
		{
			"__comment": "Voxels",
			"from": [ 0, 7, -6 ],
			"to": [ 2, 8, -5 ],
			"faces": {
				"down": { "uv": [ 5.75, 8, 6.25, 8.25 ], "texture": "#voxels_atlas" },
				"up": { "uv": [ 5.75, 8.5, 6.25, 8.25 ], "texture": "#voxels_atlas" },
				"north": { "uv": [ 6.25, 8.5, 5.75, 8.75 ], "texture": "#voxels_atlas" },
				"south": { "uv": [ 5.75, 8.75, 6.25, 9 ], "texture": "#voxels_atlas" },
				"west": { "uv": [ 6.75, 7.75, 7, 8 ], "texture": "#voxels_atlas" },
				"east": { "uv": [ 8, 8.5, 7.75, 8.75 ], "texture": "#voxels_atlas" }
			}
		},
		{
			"__comment": "Voxels",
			"from": [ 0, 8, -6 ],
			"to": [ 1, 10, -5 ],
			"faces": {
				"down": { "uv": [ 7.75, 8.75, 8, 9 ], "texture": "#voxels_atlas" },
				"up": { "uv": [ 3.75, 8, 4, 7.75 ], "texture": "#voxels_atlas" },
				"north": { "uv": [ 4.75, 7.75, 4.5, 8.25 ], "texture": "#voxels_atlas" },
				"south": { "uv": [ 2.5, 7.75, 2.75, 8.25 ], "texture": "#voxels_atlas" },
				"west": { "uv": [ 2.75, 7.75, 3, 8.25 ], "texture": "#voxels_atlas" },
				"east": { "uv": [ 5.5, 8, 5.25, 8.5 ], "texture": "#voxels_atlas" }
			}
		},
		{
			"__comment": "Voxels",
			"from": [ 1, 6, -6 ],
			"to": [ 4, 7, -5 ],
			"faces": {
				"down": { "uv": [ 3, 8.25, 3.75, 8.5 ], "texture": "#voxels_atlas" },
				"up": { "uv": [ 3, 8.25, 3.75, 8 ], "texture": "#voxels_atlas" },
				"north": { "uv": [ 3.75, 7.75, 3, 8 ], "texture": "#voxels_atlas" },
				"south": { "uv": [ 3.75, 8.75, 4.5, 9 ], "texture": "#voxels_atlas" },
				"west": { "uv": [ 7.75, 11.25, 8, 11.5 ], "texture": "#voxels_atlas" },
				"east": { "uv": [ 0.25, 1.5, 0, 1.75 ], "texture": "#voxels_atlas" }
			}
		},
		{
			"__comment": "Voxels",
			"from": [ 1, 11, -6 ],
			"to": [ 2, 12, -5 ],
			"faces": {
				"down": { "uv": [ 0, 1.75, 0.25, 2 ], "texture": "#voxels_atlas" },
				"up": { "uv": [ 0, 5.5, 0.25, 5.25 ], "texture": "#voxels_atlas" },
				"north": { "uv": [ 0.25, 6.25, 0, 6.5 ], "texture": "#voxels_atlas" },
				"south": { "uv": [ 0, 6.5, 0.25, 6.75 ], "texture": "#voxels_atlas" },
				"west": { "uv": [ 0, 6.75, 0.25, 7 ], "texture": "#voxels_atlas" },
				"east": { "uv": [ 0.25, 7, 0, 7.25 ], "texture": "#voxels_atlas" }
			}
		},
		{
			"__comment": "Voxels",
			"from": [ 2, 4, -12 ],
			"to": [ 14, 5, -10 ],
			"faces": {
				"down": { "uv": [ 4, 11.75, 7, 12.25 ], "texture": "#voxels_atlas" },
				"up": { "uv": [ 4, 12.75, 7, 12.25 ], "texture": "#voxels_atlas" },
				"north": { "uv": [ 6.5, 11.25, 3.5, 11.5 ], "texture": "#voxels_atlas" },
				"south": { "uv": [ 3.5, 11.5, 6.5, 11.75 ], "texture": "#voxels_atlas" },
				"west": { "uv": [ 7.5, 9, 8, 9.25 ], "texture": "#voxels_atlas" },
				"east": { "uv": [ 5.75, 8.5, 5.25, 8.75 ], "texture": "#voxels_atlas" }
			}
		},
		{
			"__comment": "Voxels",
			"from": [ 2, 4, -10 ],
			"to": [ 4, 5, 0 ],
			"faces": {
				"down": { "uv": [ 0, 9.25, 0.5, 11.75 ], "texture": "#voxels_atlas" },
				"up": { "uv": [ 0.5, 11.75, 1, 9.25 ], "texture": "#voxels_atlas" },
				"north": { "uv": [ 7.75, 8.5, 7.25, 8.75 ], "texture": "#voxels_atlas" },
				"south": { "uv": [ 6.75, 8.5, 7.25, 8.75 ], "texture": "#voxels_atlas" },
				"west": { "uv": [ 3.5, 10.25, 6, 10.5 ], "texture": "#voxels_atlas" },
				"east": { "uv": [ 6, 10.5, 3.5, 10.75 ], "texture": "#voxels_atlas" }
			}
		},
		{
			"__comment": "Voxels",
			"from": [ 3, 5, -11 ],
			"to": [ 13, 10, -10 ],
			"faces": {
				"down": { "uv": [ 3.5, 10.75, 6, 11 ], "texture": "#voxels_atlas" },
				"up": { "uv": [ 3.5, 11.25, 6, 11 ], "texture": "#voxels_atlas" },
				"north": { "uv": [ 2.5, 12.75, 0, 14 ], "texture": "#voxels_atlas" },
				"south": { "uv": [ 4.5, 14.75, 7, 16 ], "texture": "#voxels_atlas" },
				"west": { "uv": [ 0.25, 7.75, 0.5, 9 ], "texture": "#voxels_atlas" },
				"east": { "uv": [ 0.75, 7.75, 0.5, 9 ], "texture": "#voxels_atlas" }
			}
		},
		{
			"__comment": "Voxels",
			"from": [ 3, 5, -10 ],
			"to": [ 4, 10, -6 ],
			"faces": {
				"down": { "uv": [ 7.5, 9.25, 7.75, 10.25 ], "texture": "#voxels_atlas" },
				"up": { "uv": [ 2.25, 9, 2.5, 8 ], "texture": "#voxels_atlas" },
				"north": { "uv": [ 1, 7.75, 0.75, 9 ], "texture": "#voxels_atlas" },
				"south": { "uv": [ 1, 7.75, 1.25, 9 ], "texture": "#voxels_atlas" },
				"west": { "uv": [ 7, 12.75, 8, 14 ], "texture": "#voxels_atlas" },
				"east": { "uv": [ 8, 14.75, 7, 16 ], "texture": "#voxels_atlas" }
			}
		},
		{
			"__comment": "Voxels",
			"from": [ 3, 5, -6 ],
			"to": [ 4, 6, -1 ],
			"faces": {
				"down": { "uv": [ 1.25, 7.75, 1.5, 9 ], "texture": "#voxels_atlas" },
				"up": { "uv": [ 1.5, 9, 1.75, 7.75 ], "texture": "#voxels_atlas" },
				"north": { "uv": [ 0.25, 5.5, 0, 5.75 ], "texture": "#voxels_atlas" },
				"south": { "uv": [ 0, 5, 0.25, 5.25 ], "texture": "#voxels_atlas" },
				"west": { "uv": [ 6.5, 11.5, 7.75, 11.75 ], "texture": "#voxels_atlas" },
				"east": { "uv": [ 7.75, 11.25, 6.5, 11.5 ], "texture": "#voxels_atlas" }
			}
		},
		{
			"__comment": "Voxels",
			"from": [ 3, 6, -5 ],
			"to": [ 4, 10, -1 ],
			"faces": {
				"down": { "uv": [ 1, 9.25, 1.25, 10.25 ], "texture": "#voxels_atlas" },
				"up": { "uv": [ 2, 9, 2.25, 8 ], "texture": "#voxels_atlas" },
				"north": { "uv": [ 8, 9.25, 7.75, 10.25 ], "texture": "#voxels_atlas" },
				"south": { "uv": [ 7.25, 9.25, 7.5, 10.25 ], "texture": "#voxels_atlas" },
				"west": { "uv": [ 7, 11.75, 8, 12.75 ], "texture": "#voxels_atlas" },
				"east": { "uv": [ 2, 10.25, 1, 11.25 ], "texture": "#voxels_atlas" }
			}
		},
		{
			"__comment": "Voxels",
			"from": [ 3, 7, -6 ],
			"to": [ 4, 10, -5 ],
			"faces": {
				"down": { "uv": [ 2.25, 7.75, 2.5, 8 ], "texture": "#voxels_atlas" },
				"up": { "uv": [ 2, 8, 2.25, 7.75 ], "texture": "#voxels_atlas" },
				"north": { "uv": [ 4, 8, 3.75, 8.75 ], "texture": "#voxels_atlas" },
				"south": { "uv": [ 4, 8, 4.25, 8.75 ], "texture": "#voxels_atlas" },
				"west": { "uv": [ 4.25, 8, 4.5, 8.75 ], "texture": "#voxels_atlas" },
				"east": { "uv": [ 4.75, 8.25, 4.5, 9 ], "texture": "#voxels_atlas" }
			}
		},
		{
			"__comment": "Voxels",
			"from": [ 4, 4, -2 ],
			"to": [ 14, 5, 0 ],
			"faces": {
				"down": { "uv": [ 4.5, 14.25, 7, 14.75 ], "texture": "#voxels_atlas" },
				"up": { "uv": [ 1, 11.75, 3.5, 11.25 ], "texture": "#voxels_atlas" },
				"north": { "uv": [ 7, 14, 4.5, 14.25 ], "texture": "#voxels_atlas" },
				"south": { "uv": [ 3.5, 10, 6, 10.25 ], "texture": "#voxels_atlas" },
				"west": { "uv": [ 5.25, 8.75, 5.75, 9 ], "texture": "#voxels_atlas" },
				"east": { "uv": [ 5.25, 7.75, 4.75, 8 ], "texture": "#voxels_atlas" }
			}
		},
		{
			"__comment": "Voxels",
			"from": [ 4, 5, -2 ],
			"to": [ 13, 10, -1 ],
			"faces": {
				"down": { "uv": [ 3.5, 9.75, 5.75, 10 ], "texture": "#voxels_atlas" },
				"up": { "uv": [ 0, 9.25, 2.25, 9 ], "texture": "#voxels_atlas" },
				"north": { "uv": [ 7, 12.75, 4.75, 14 ], "texture": "#voxels_atlas" },
				"south": { "uv": [ 2.5, 12.75, 4.75, 14 ], "texture": "#voxels_atlas" },
				"west": { "uv": [ 0, 7.75, 0.25, 9 ], "texture": "#voxels_atlas" },
				"east": { "uv": [ 2, 7.75, 1.75, 9 ], "texture": "#voxels_atlas" }
			}
		},
		{
			"__comment": "Voxels",
			"from": [ 4, 9, -10 ],
			"to": [ 13, 10, -2 ],
			"faces": {
				"down": { "uv": [ 0, 14, 2.25, 16 ], "texture": "#voxels_atlas" },
				"up": { "uv": [ 2.25, 16, 4.5, 14 ], "texture": "#voxels_atlas" },
				"north": { "uv": [ 5.75, 9.25, 3.5, 9.5 ], "texture": "#voxels_atlas" },
				"south": { "uv": [ 3.5, 9.5, 5.75, 9.75 ], "texture": "#voxels_atlas" },
				"west": { "uv": [ 6, 10.25, 8, 10.5 ], "texture": "#voxels_atlas" },
				"east": { "uv": [ 8, 11, 6, 11.25 ], "texture": "#voxels_atlas" }
			}
		},
		{
			"__comment": "Voxels",
			"from": [ 6, 8, -9 ],
			"to": [ 10, 9, -8 ],
			"faces": {
				"down": { "uv": [ 6, 9.75, 7, 10 ], "texture": "#voxels_atlas" },
				"up": { "uv": [ 6, 10.25, 7, 10 ], "texture": "#voxels_atlas" },
				"north": { "uv": [ 8, 14, 7, 14.25 ], "texture": "#voxels_atlas" },
				"south": { "uv": [ 7, 14.5, 8, 14.75 ], "texture": "#voxels_atlas" },
				"west": { "uv": [ 0, 4.75, 0.25, 5 ], "texture": "#voxels_atlas" },
				"east": { "uv": [ 0.25, 2, 0, 2.25 ], "texture": "#voxels_atlas" }
			}
		},
		{
			"__comment": "Voxels",
			"from": [ 6, 8, -8 ],
			"to": [ 7, 9, -4 ],
			"faces": {
				"down": { "uv": [ 1.25, 9.25, 1.5, 10.25 ], "texture": "#voxels_atlas" },
				"up": { "uv": [ 1.5, 10.25, 1.75, 9.25 ], "texture": "#voxels_atlas" },
				"north": { "uv": [ 0.25, 1.25, 0, 1.5 ], "texture": "#voxels_atlas" },
				"south": { "uv": [ 7.75, 11.5, 8, 11.75 ], "texture": "#voxels_atlas" },
				"west": { "uv": [ 7, 14.25, 8, 14.5 ], "texture": "#voxels_atlas" },
				"east": { "uv": [ 7, 9.5, 6, 9.75 ], "texture": "#voxels_atlas" }
			}
		},
		{
			"__comment": "Voxels",
			"from": [ 7, 8, -5 ],
			"to": [ 9, 9, -4 ],
			"faces": {
				"down": { "uv": [ 5.25, 7.75, 5.75, 8 ], "texture": "#voxels_atlas" },
				"up": { "uv": [ 4, 8, 4.5, 7.75 ], "texture": "#voxels_atlas" },
				"north": { "uv": [ 5.25, 8.75, 4.75, 9 ], "texture": "#voxels_atlas" },
				"south": { "uv": [ 4.75, 8.5, 5.25, 8.75 ], "texture": "#voxels_atlas" },
				"west": { "uv": [ 5.75, 9.75, 6, 10 ], "texture": "#voxels_atlas" },
				"east": { "uv": [ 6, 9.5, 5.75, 9.75 ], "texture": "#voxels_atlas" }
			}
		},
		{
			"__comment": "Voxels",
			"from": [ 9, 8, -8 ],
			"to": [ 10, 9, -5 ],
			"faces": {
				"down": { "uv": [ 2.5, 8.25, 2.75, 9 ], "texture": "#voxels_atlas" },
				"up": { "uv": [ 2.75, 9, 3, 8.25 ], "texture": "#voxels_atlas" },
				"north": { "uv": [ 6, 9.25, 5.75, 9.5 ], "texture": "#voxels_atlas" },
				"south": { "uv": [ 6.75, 9.25, 7, 9.5 ], "texture": "#voxels_atlas" },
				"west": { "uv": [ 4.5, 9, 5.25, 9.25 ], "texture": "#voxels_atlas" },
				"east": { "uv": [ 6, 9, 5.25, 9.25 ], "texture": "#voxels_atlas" }
			}
		},
		{
			"__comment": "Voxels",
			"from": [ 12, 4, -10 ],
			"to": [ 14, 5, -2 ],
			"faces": {
				"down": { "uv": [ 2.5, 9.25, 3, 11.25 ], "texture": "#voxels_atlas" },
				"up": { "uv": [ 2, 11.25, 2.5, 9.25 ], "texture": "#voxels_atlas" },
				"north": { "uv": [ 5.25, 8.25, 4.75, 8.5 ], "texture": "#voxels_atlas" },
				"south": { "uv": [ 4.75, 8, 5.25, 8.25 ], "texture": "#voxels_atlas" },
				"west": { "uv": [ 6, 10.75, 8, 11 ], "texture": "#voxels_atlas" },
				"east": { "uv": [ 8, 10.5, 6, 10.75 ], "texture": "#voxels_atlas" }
			}
		},
		{
			"__comment": "Voxels",
			"from": [ 12, 5, -10 ],
			"to": [ 13, 9, -2 ],
			"faces": {
				"down": { "uv": [ 3, 9.25, 3.25, 11.25 ], "texture": "#voxels_atlas" },
				"up": { "uv": [ 3.25, 11.25, 3.5, 9.25 ], "texture": "#voxels_atlas" },
				"north": { "uv": [ 2, 9.25, 1.75, 10.25 ], "texture": "#voxels_atlas" },
				"south": { "uv": [ 7, 9.25, 7.25, 10.25 ], "texture": "#voxels_atlas" },
				"west": { "uv": [ 2, 11.75, 4, 12.75 ], "texture": "#voxels_atlas" },
				"east": { "uv": [ 2, 11.75, 0, 12.75 ], "texture": "#voxels_atlas" }
			}
		},
		{
			"__comment": "Voxels",
			"from": [ 13, 6, -6 ],
			"to": [ 15, 7, -5 ],
			"faces": {
				"down": { "uv": [ 5.75, 7.75, 6.25, 8 ], "texture": "#voxels_atlas" },
				"up": { "uv": [ 6.25, 9, 6.75, 8.75 ], "texture": "#voxels_atlas" },
				"north": { "uv": [ 6.75, 8.5, 6.25, 8.75 ], "texture": "#voxels_atlas" },
				"south": { "uv": [ 6.25, 8.25, 6.75, 8.5 ], "texture": "#voxels_atlas" },
				"west": { "uv": [ 0, 7.5, 0.25, 7.75 ], "texture": "#voxels_atlas" },
				"east": { "uv": [ 0.25, 7.25, 0, 7.5 ], "texture": "#voxels_atlas" }
			}
		},
		{
			"__comment": "Voxels",
			"from": [ 14, 7, -6 ],
			"to": [ 16, 8, -5 ],
			"faces": {
				"down": { "uv": [ 6.25, 8, 6.75, 8.25 ], "texture": "#voxels_atlas" },
				"up": { "uv": [ 6.25, 8, 6.75, 7.75 ], "texture": "#voxels_atlas" },
				"north": { "uv": [ 7.25, 8.75, 6.75, 9 ], "texture": "#voxels_atlas" },
				"south": { "uv": [ 7.25, 8.75, 7.75, 9 ], "texture": "#voxels_atlas" },
				"west": { "uv": [ 0, 6, 0.25, 6.25 ], "texture": "#voxels_atlas" },
				"east": { "uv": [ 0.25, 5.75, 0, 6 ], "texture": "#voxels_atlas" }
			}
		},
		{
			"__comment": "Voxels",
			"from": [ 14, 10, -6 ],
			"to": [ 17, 11, -5 ],
			"faces": {
				"down": { "uv": [ 6, 9, 6.75, 9.25 ], "texture": "#voxels_atlas" },
				"up": { "uv": [ 6.75, 9.25, 7.5, 9 ], "texture": "#voxels_atlas" },
				"north": { "uv": [ 4.5, 9, 3.75, 9.25 ], "texture": "#voxels_atlas" },
				"south": { "uv": [ 3, 8.75, 3.75, 9 ], "texture": "#voxels_atlas" },
				"west": { "uv": [ 0, 4.5, 0.25, 4.75 ], "texture": "#voxels_atlas" },
				"east": { "uv": [ 0.25, 4.25, 0, 4.5 ], "texture": "#voxels_atlas" }
			}
		},
		{
			"__comment": "Voxels",
			"from": [ 14, 11, -6 ],
			"to": [ 15, 12, -5 ],
			"faces": {
				"down": { "uv": [ 0, 4, 0.25, 4.25 ], "texture": "#voxels_atlas" },
				"up": { "uv": [ 0, 4, 0.25, 3.75 ], "texture": "#voxels_atlas" },
				"north": { "uv": [ 0.25, 3.5, 0, 3.75 ], "texture": "#voxels_atlas" },
				"south": { "uv": [ 0, 3.25, 0.25, 3.5 ], "texture": "#voxels_atlas" },
				"west": { "uv": [ 0, 3, 0.25, 3.25 ], "texture": "#voxels_atlas" },
				"east": { "uv": [ 0.25, 2.75, 0, 3 ], "texture": "#voxels_atlas" }
			}
		},
		{
			"__comment": "Voxels",
			"from": [ 15, 8, -6 ],
			"to": [ 16, 10, -5 ],
			"faces": {
				"down": { "uv": [ 0, 2.5, 0.25, 2.75 ], "texture": "#voxels_atlas" },
				"up": { "uv": [ 0, 2.5, 0.25, 2.25 ], "texture": "#voxels_atlas" },
				"north": { "uv": [ 5.75, 8, 5.5, 8.5 ], "texture": "#voxels_atlas" },
				"south": { "uv": [ 6.75, 8, 7, 8.5 ], "texture": "#voxels_atlas" },
				"west": { "uv": [ 7, 8, 7.25, 8.5 ], "texture": "#voxels_atlas" },
				"east": { "uv": [ 7.5, 8, 7.25, 8.5 ], "texture": "#voxels_atlas" }
			}
		},
		{
			"__comment": "Voxels",
			"from": [ 16, 11, -6 ],
			"to": [ 17, 12, -5 ],
			"faces": {
				"down": { "uv": [ 0, 1, 0.25, 1.25 ], "texture": "#voxels_atlas" },
				"up": { "uv": [ 0, 1, 0.25, 0.75 ], "texture": "#voxels_atlas" },
				"north": { "uv": [ 0.25, 0.5, 0, 0.75 ], "texture": "#voxels_atlas" },
				"south": { "uv": [ 0, 0.25, 0.25, 0.5 ], "texture": "#voxels_atlas" },
				"west": { "uv": [ 0, 0, 0.25, 0.25 ], "texture": "#voxels_atlas" },
				"east": { "uv": [ 0.5, 7.5, 0.25, 7.75 ], "texture": "#voxels_atlas" }
			}
		}
	],
	"display": {
		"thirdperson_righthand": {
			"rotation":  [ 34, 0, 0 ],
			"translation":  [ 0.6956, 0.6963, 5.5652 ],
			"scale":  [ 0.4085, 0.4433, 0.3391 ]
		},
		"thirdperson_lefthand": {
			"rotation":  [ 34, 0, 0 ],
			"translation":  [ 0.6956, 0.6963, 5.5652 ],
			"scale":  [ 0.4085, 0.4433, 0.3391 ]
		},
		"firstperson_righthand": {
			"translation":  [ 8.3478, -0.695, -0.695 ],
			"scale":  [ 0.7564, 0.8608, 0.7565 ]
		},
		"firstperson_lefthand": {
			"translation":  [ 8.3478, -0.695, -0.695 ],
			"scale":  [ 0.7564, 0.8608, 0.7565 ]
		},
		"head": {
			"rotation":  [ 0, 180, 0 ],
			"translation":  [ 0, 6.9565, -20.85 ],
			"scale":  [ 1.5, 1.5, 1.5 ]
		},
		"fixed": {
			"rotation":  [ -90, 0, 0 ],
			"translation":  [ 0, 20.867, -6.955 ],
			"scale":  [ 1.5, 1.5, 1.5 ]
		}
	}
}