{
	"credit": "Made with Blockbench",
	"texture_size": [64, 64],
	"textures": {
		"1": "item/etc/bear"
	},
	"elements": [
		{
			"from": [-1, 8, -1],
			"to": [17, 9, 17],
			"rotation": {"angle": 0, "axis": "y", "origin": [8, 16, 8]},
			"faces": {
				"north": {"uv": [11.5, 10.5, 16, 10.75], "texture": "#1"},
				"east": {"uv": [11.5, 10.75, 16, 11], "texture": "#1"},
				"south": {"uv": [11.5, 11, 16, 11.25], "texture": "#1"},
				"west": {"uv": [11.5, 11.25, 16, 11.5], "texture": "#1"},
				"up": {"uv": [4.5, 4.5, 0, 0], "texture": "#1"},
				"down": {"uv": [4.5, 4.5, 0, 9], "texture": "#1"}
			}
		},
		{
			"from": [0, 9, 0],
			"to": [16, 14, 16],
			"rotation": {"angle": 0, "axis": "y", "origin": [8, 17, 8]},
			"faces": {
				"north": {"uv": [11.5, 0, 15.5, 1.25], "texture": "#1"},
				"east": {"uv": [11.5, 1.25, 15.5, 2.5], "texture": "#1"},
				"south": {"uv": [11.5, 2.5, 15.5, 3.75], "texture": "#1"},
				"west": {"uv": [11.5, 3.75, 15.5, 5], "texture": "#1"},
				"up": {"uv": [8.5, 8.5, 4.5, 4.5], "texture": "#1"},
				"down": {"uv": [8.5, 0, 4.5, 4], "texture": "#1"}
			}
		},
		{
			"from": [6, 10, 16],
			"to": [10, 12, 17],
			"rotation": {"angle": 0, "axis": "y", "origin": [1, 17, 9]},
			"faces": {
				"north": {"uv": [10.25, 7.5, 11.25, 8], "texture": "#1"},
				"east": {"uv": [8, 4, 8.25, 4.5], "texture": "#1"},
				"south": {"uv": [10.25, 8, 11.25, 8.5], "texture": "#1"},
				"west": {"uv": [8.25, 4, 8.5, 4.5], "texture": "#1"},
				"up": {"uv": [4.5, 11, 3.5, 10.75], "texture": "#1"},
				"down": {"uv": [4.5, 11, 3.5, 11.25], "texture": "#1"}
			}
		},
		{
			"from": [10.75, 13, 7],
			"to": [17.75, 20, 9],
			"rotation": {"angle": -22.5, "axis": "z", "origin": [15.5, 17.5, 8]},
			"faces": {
				"north": {"uv": [6, 12, 7.75, 13.75], "texture": "#1"},
				"east": {"uv": [3.5, 9, 4, 10.75], "texture": "#1"},
				"south": {"uv": [7.75, 12, 9.5, 13.75], "texture": "#1"},
				"west": {"uv": [4, 9, 4.5, 10.75], "texture": "#1"},
				"up": {"uv": [6.25, 4.5, 4.5, 4], "texture": "#1"},
				"down": {"uv": [8, 4, 6.25, 4.5], "texture": "#1"}
			}
		},
		{
			"from": [-1.75, 13, 7],
			"to": [5.25, 20, 9],
			"rotation": {"angle": 22.5, "axis": "z", "origin": [0.5, 17.5, 8]},
			"faces": {
				"north": {"uv": [9.5, 12, 11.25, 13.75], "texture": "#1"},
				"east": {"uv": [11.25, 13, 11.75, 14.75], "texture": "#1"},
				"south": {"uv": [12, 5, 13.75, 6.75], "texture": "#1"},
				"west": {"uv": [11.75, 13, 12.25, 14.75], "texture": "#1"},
				"up": {"uv": [10.25, 8, 8.5, 7.5], "texture": "#1"},
				"down": {"uv": [10.25, 8, 8.5, 8.5], "texture": "#1"}
			}
		},
		{
			"from": [1, 10, 1],
			"to": [15, 16, 15],
			"rotation": {"angle": 0, "axis": "y", "origin": [8, 18, 8]},
			"faces": {
				"north": {"uv": [8.5, 6, 12, 7.5], "texture": "#1"},
				"east": {"uv": [0, 9, 3.5, 10.5], "texture": "#1"},
				"south": {"uv": [0, 10.5, 3.5, 12], "texture": "#1"},
				"west": {"uv": [11.5, 11.5, 15, 13], "texture": "#1"},
				"up": {"uv": [8, 12, 4.5, 8.5], "texture": "#1"},
				"down": {"uv": [11.5, 8.5, 8, 12], "texture": "#1"}
			}
		},
		{
			"from": [2, 11, 2],
			"to": [14, 17, 14],
			"rotation": {"angle": 0, "axis": "y", "origin": [8, 19, 8]},
			"faces": {
				"north": {"uv": [11.5, 7.5, 14.5, 9], "texture": "#1"},
				"east": {"uv": [11.5, 9, 14.5, 10.5], "texture": "#1"},
				"south": {"uv": [0, 12, 3, 13.5], "texture": "#1"},
				"west": {"uv": [3, 12, 6, 13.5], "texture": "#1"},
				"up": {"uv": [11.5, 3, 8.5, 0], "texture": "#1"},
				"down": {"uv": [11.5, 3, 8.5, 6], "texture": "#1"}
			}
		}
	],
	"display": {
		"thirdperson_righthand": {
			"scale": [0.44, 0.44, -0.44]
		},
		"thirdperson_lefthand": {
			"scale": [0.44, 0.44, -0.44]
		},
		"firstperson_righthand": {
			"translation": [-2.25, 2.75, 0],
			"scale": [0.44, 0.44, 0.44]
		},
		"firstperson_lefthand": {
			"translation": [0, 0, -2.5],
			"scale": [0.44, 0.44, 0.44]
		},
		"gui": {
			"rotation": [24, 33, 0],
			"translation": [0, -1, 0],
			"scale": [0.47, 0.47, 0.47]
		},
		"head": {
			"rotation": [0, -180, 0],
			"translation": [0, 1.75, 0],
			"scale": [0.94, 0.94, 0.94]
		}
	},
	"groups": [
		{
			"name": "group",
			"origin": [8, 8, 8],
			"children": []
		},
		{
			"name": "group",
			"origin": [8, 8, 8],
			"children": [0, 1, 2, 3, 4, 5, 6]
		}
	]
}