{"credit":"Made with Blockbench","textures":{"0":"block/coal_block","2":"block/pink_wool","3":"block/pink_concrete","5":"block/white_wool","particle":"block/coal_block"},"elements":[{"from":[0,0,6],"to":[2,5,11],"faces":{"north":{"uv":[0,0,4.125,16],"texture":"#3"},"east":{"uv":[0,0,7.25,2.25],"texture":"#3"},"south":{"uv":[0,0,4.125,16],"texture":"#3"},"west":{"uv":[0,0,4.125,16],"texture":"#3"},"up":{"uv":[0,0,7.25,2.25],"texture":"#3"},"down":{"uv":[0,0,7.25,2.25],"texture":"#3"}}},{"from":[14,0,6],"to":[16,5,11],"faces":{"north":{"uv":[0,0,4.125,16],"texture":"#3"},"east":{"uv":[0,0,4.125,16],"texture":"#3"},"south":{"uv":[0,0,4.125,16],"texture":"#3"},"west":{"uv":[0,0,7.25,2.25],"texture":"#3"},"up":{"uv":[0,0,7.25,2.25],"texture":"#3"},"down":{"uv":[0,0,7.25,2.25],"texture":"#3"}}},{"from":[16,0,6],"to":[17,4,10],"faces":{"north":{"uv":[0,0,7.25,11.625],"texture":"#2"},"east":{"uv":[0,0,7.25,11.625],"texture":"#2"},"south":{"uv":[0,0,7.25,11.625],"texture":"#2"},"up":{"uv":[0,0,7.25,11.625],"texture":"#2"},"down":{"uv":[0,0,7.25,11.625],"texture":"#2"}}},{"from":[-1,0,6],"to":[0,4,10],"faces":{"north":{"uv":[0,0,7.25,11.625],"texture":"#2"},"south":{"uv":[0,0,7.25,11.625],"texture":"#2"},"west":{"uv":[0,0,7.25,11.625],"texture":"#2"},"up":{"uv":[0,0,7.25,11.625],"texture":"#2"},"down":{"uv":[0,0,7.25,11.625],"texture":"#2"}}},{"from":[0,0,1],"to":[1,1,6],"rotation":{"angle":0,"axis":"y","origin":[9,7,8]},"faces":{"north":{"uv":[0,0,7.25,2.25],"texture":"#2"},"east":{"uv":[0,0,7.25,2.25],"texture":"#2"},"west":{"uv":[0,0,7.25,2.25],"texture":"#2"},"up":{"uv":[0,0,7.25,2.25],"texture":"#2"},"down":{"uv":[0,0,7.25,2.25],"texture":"#2"}}},{"from":[1,0,1],"to":[3,1,2],"rotation":{"angle":0,"axis":"y","origin":[9,7,8]},"faces":{"north":{"uv":[0,0,7.25,2.25],"texture":"#2"},"south":{"uv":[0,0,7.25,2.25],"texture":"#2"},"up":{"uv":[0,0,7.25,2.25],"texture":"#2"},"down":{"uv":[0,0,7.25,2.25],"texture":"#2"}}},{"from":[3,0,1],"to":[5,1,2],"rotation":{"angle":0,"axis":"y","origin":[9,7,8]},"faces":{"north":{"uv":[0,0,7.25,2.25],"texture":"#0"},"east":{"uv":[0,0,7.25,2.25],"texture":"#0"},"south":{"uv":[0,0,7.25,2.25],"texture":"#0"},"up":{"uv":[0,0,7.25,2.25],"texture":"#0"},"down":{"uv":[0,0,7.25,2.25],"texture":"#0"}}},{"from":[0,12,7],"to":[16,14,10],"faces":{"north":{"uv":[0,0,16,4.5],"texture":"#3"},"east":{"uv":[0,0,7.25,2.25],"texture":"#3"},"south":{"uv":[0,0,16,4.5],"texture":"#3"},"west":{"uv":[0,0,7.25,2.25],"texture":"#3"},"up":{"uv":[0,0,16,4.5],"texture":"#3"},"down":{"uv":[0,0,7.25,2.25],"texture":"#3"}}},{"from":[13,14,8],"to":[14,16,9],"faces":{"north":{"uv":[0,0,16,4.5],"texture":"#3"},"east":{"uv":[0,0,7.25,2.25],"texture":"#3"},"south":{"uv":[0,0,16,4.5],"texture":"#3"},"west":{"uv":[0,0,7.25,2.25],"texture":"#3"},"up":{"uv":[0,0,16,4.5],"texture":"#3"},"down":{"uv":[0,0,7.25,2.25],"texture":"#3"}}},{"from":[6,14,8],"to":[7,16,9],"rotation":{"angle":0,"axis":"y","origin":[1,8,8]},"faces":{"north":{"uv":[0,0,16,4.5],"texture":"#3"},"east":{"uv":[0,0,7.25,2.25],"texture":"#3"},"south":{"uv":[0,0,16,4.5],"texture":"#3"},"west":{"uv":[0,0,7.25,2.25],"texture":"#3"},"up":{"uv":[0,0,16,4.5],"texture":"#3"},"down":{"uv":[0,0,7.25,2.25],"texture":"#3"}}},{"from":[9,14,8],"to":[10,16,9.2],"faces":{"north":{"uv":[0,0,16,4.5],"texture":"#3"},"east":{"uv":[0,0,7.25,2.25],"texture":"#3"},"south":{"uv":[0,0,16,4.5],"texture":"#3"},"west":{"uv":[0,0,7.25,2.25],"texture":"#3"},"up":{"uv":[0,0,16,4.5],"texture":"#3"},"down":{"uv":[0,0,7.25,2.25],"texture":"#3"}}},{"from":[2,14,8],"to":[3,16,9.2],"rotation":{"angle":0,"axis":"y","origin":[1,8,8]},"faces":{"north":{"uv":[0,0,16,4.5],"texture":"#3"},"east":{"uv":[0,0,7.25,2.25],"texture":"#3"},"south":{"uv":[0,0,16,4.5],"texture":"#3"},"west":{"uv":[0,0,7.25,2.25],"texture":"#3"},"up":{"uv":[0,0,16,4.5],"texture":"#3"},"down":{"uv":[0,0,7.25,2.25],"texture":"#3"}}},{"from":[11,18,8],"to":[12,19,9.2],"rotation":{"angle":0,"axis":"y","origin":[8,7,8]},"faces":{"north":{"uv":[0,0,16,4.5],"texture":"#3"},"east":{"uv":[0,0,7.25,2.25],"texture":"#3"},"south":{"uv":[0,0,16,4.5],"texture":"#3"},"west":{"uv":[0,0,7.25,2.25],"texture":"#3"},"up":{"uv":[0,0,16,4.5],"texture":"#3"},"down":{"uv":[0,0,7.25,2.25],"texture":"#3"}}},{"from":[4,18,8],"to":[5,19,9.2],"rotation":{"angle":0,"axis":"y","origin":[1,7,8]},"faces":{"north":{"uv":[0,0,16,4.5],"texture":"#3"},"east":{"uv":[0,0,7.25,2.25],"texture":"#3"},"south":{"uv":[0,0,16,4.5],"texture":"#3"},"west":{"uv":[0,0,7.25,2.25],"texture":"#3"},"up":{"uv":[0,0,16,4.5],"texture":"#3"},"down":{"uv":[0,0,7.25,2.25],"texture":"#3"}}},{"from":[12,16,8],"to":[13,18,9],"rotation":{"angle":0,"axis":"y","origin":[8,7,8]},"faces":{"north":{"uv":[0,0,16,4.5],"texture":"#3"},"east":{"uv":[0,0,7.25,2.25],"texture":"#3"},"south":{"uv":[0,0,16,4.5],"texture":"#3"},"west":{"uv":[0,0,7.25,2.25],"texture":"#3"},"up":{"uv":[0,0,16,4.5],"texture":"#3"},"down":{"uv":[0,0,7.25,2.25],"texture":"#3"}}},{"from":[5,16,8],"to":[6,18,9],"rotation":{"angle":0,"axis":"y","origin":[1,7,8]},"faces":{"north":{"uv":[0,0,16,4.5],"texture":"#3"},"east":{"uv":[0,0,7.25,2.25],"texture":"#3"},"south":{"uv":[0,0,16,4.5],"texture":"#3"},"west":{"uv":[0,0,7.25,2.25],"texture":"#3"},"up":{"uv":[0,0,16,4.5],"texture":"#3"},"down":{"uv":[0,0,7.25,2.25],"texture":"#3"}}},{"from":[10,16,8],"to":[11,18,9],"rotation":{"angle":0,"axis":"y","origin":[8,7,8]},"faces":{"north":{"uv":[0,0,16,4.5],"texture":"#3"},"east":{"uv":[0,0,7.25,2.25],"texture":"#3"},"south":{"uv":[0,0,16,4.5],"texture":"#3"},"west":{"uv":[0,0,7.25,2.25],"texture":"#3"},"up":{"uv":[0,0,16,4.5],"texture":"#3"},"down":{"uv":[0,0,7.25,2.25],"texture":"#3"}}},{"from":[3,16,8],"to":[4,18,9],"rotation":{"angle":0,"axis":"y","origin":[1,7,8]},"faces":{"north":{"uv":[0,0,16,4.5],"texture":"#3"},"east":{"uv":[0,0,7.25,2.25],"texture":"#3"},"south":{"uv":[0,0,16,4.5],"texture":"#3"},"west":{"uv":[0,0,7.25,2.25],"texture":"#3"},"up":{"uv":[0,0,16,4.5],"texture":"#3"},"down":{"uv":[0,0,7.25,2.25],"texture":"#3"}}},{"from":[11,16,8],"to":[12,18,9.2],"rotation":{"angle":0,"axis":"y","origin":[8,7,8]},"faces":{"north":{"uv":[0,0,6,10.5],"texture":"#5"},"east":{"uv":[0,0,7.25,2.25],"texture":"#3"},"south":{"uv":[0,0,16,4.5],"texture":"#3"},"west":{"uv":[0,0,7.25,2.25],"texture":"#3"},"up":{"uv":[0,0,16,4.5],"texture":"#3"},"down":{"uv":[0,0,7.25,2.25],"texture":"#3"}}},{"from":[4,16,8],"to":[5,18,9.2],"rotation":{"angle":0,"axis":"y","origin":[1,7,8]},"faces":{"north":{"uv":[0,0,6,10.5],"texture":"#5"},"east":{"uv":[0,0,7.25,2.25],"texture":"#3"},"south":{"uv":[0,0,16,4.5],"texture":"#3"},"west":{"uv":[0,0,7.25,2.25],"texture":"#3"},"up":{"uv":[0,0,16,4.5],"texture":"#3"},"down":{"uv":[0,0,7.25,2.25],"texture":"#3"}}},{"from":[10,14,8],"to":[13,16,9.2],"rotation":{"angle":0,"axis":"y","origin":[8,7,8]},"faces":{"north":{"uv":[0,0,16,11.5],"texture":"#5"},"east":{"uv":[0,0,7.25,2.25],"texture":"#3"},"south":{"uv":[0,0,16,4.5],"texture":"#3"},"west":{"uv":[0,0,7.25,2.25],"texture":"#3"},"up":{"uv":[0,0,16,4.5],"texture":"#3"},"down":{"uv":[0,0,7.25,2.25],"texture":"#3"}}},{"from":[3,14,8],"to":[6,16,9.2],"rotation":{"angle":0,"axis":"y","origin":[1,7,8]},"faces":{"north":{"uv":[0,0,16,11.5],"texture":"#5"},"east":{"uv":[0,0,7.25,2.25],"texture":"#3"},"south":{"uv":[0,0,16,4.5],"texture":"#3"},"west":{"uv":[0,0,7.25,2.25],"texture":"#3"},"up":{"uv":[0,0,16,4.5],"texture":"#3"},"down":{"uv":[0,0,7.25,2.25],"texture":"#3"}}},{"from":[14,5,7],"to":[16,12,10],"faces":{"north":{"uv":[0,0,4.125,16],"texture":"#3"},"east":{"uv":[0,0,4.125,16],"texture":"#3"},"south":{"uv":[0,0,4.125,16],"texture":"#3"},"west":{"uv":[0,0,7.25,2.25],"texture":"#3"}}},{"from":[0,5,7],"to":[2,12,10],"faces":{"north":{"uv":[0,0,4.125,16],"texture":"#3"},"east":{"uv":[0,0,7.25,2.25],"texture":"#3"},"south":{"uv":[0,0,4.125,16],"texture":"#3"},"west":{"uv":[0,0,4.125,16],"texture":"#3"}}}],"display":{"thirdperson_righthand":{"rotation":[75,0,0],"translation":[0,-1.25,-2.5],"scale":[0.5,0.5,0.5]},"thirdperson_lefthand":{"rotation":[75,0,0],"translation":[0,-1.25,-2.25],"scale":[0.5,0.5,0.5]},"firstperson_righthand":{"translation":[1,2.25,0],"scale":[0.5,0.5,0.5]},"firstperson_lefthand":{"translation":[1.25,3.25,0],"scale":[0.5,0.5,0.5]},"ground":{"scale":[0.4,0.4,0.4]},"gui":{"rotation":[-9,-180,0],"translation":[0,-1.5,0],"scale":[0.8,0.8,0.8]},"head":{"translation":[0,2.25,-2.25]},"fixed":{"translation":[0,-1.5,-0.75]}}}