{
	"textures": {
		"0": "item/etc/horn",
		"particle": "item/etc/horn"
	},
	"elements": [
		{
			"from": [12, 10, -1],
			"to": [16, 17, 5],
			"rotation": {"angle": 0, "axis": "y", "origin": [8, 18, -7]},
			"faces": {
				"north": {"uv": [1.5, 1.5, 2.5, 3.25], "texture": "#0"},
				"east": {"uv": [2.5, 1.5, 4, 3.25], "texture": "#0"},
				"south": {"uv": [4, 1.5, 5, 3.25], "texture": "#0"},
				"west": {"uv": [0, 1.5, 1.5, 3.25], "texture": "#0"},
				"up": {"uv": [1.5, 0, 2.5, 1.5], "rotation": 180, "texture": "#0"},
				"down": {"uv": [2.5, 0, 3.5, 1.5], "rotation": 180, "texture": "#0"}
			}
		},
		{
			"from": [0, 10, -1],
			"to": [4, 17, 5],
			"rotation": {"angle": 0, "axis": "y", "origin": [8, 18, -7]},
			"faces": {
				"north": {"uv": [1.5, 1.5, 2.5, 3.25], "texture": "#0"},
				"east": {"uv": [2.5, 1.5, 4, 3.25], "texture": "#0"},
				"south": {"uv": [4, 1.5, 5, 3.25], "texture": "#0"},
				"west": {"uv": [0, 1.5, 1.5, 3.25], "texture": "#0"},
				"up": {"uv": [1.5, 0, 2.5, 1.5], "rotation": 180, "texture": "#0"},
				"down": {"uv": [2.5, 0, 3.5, 1.5], "rotation": 180, "texture": "#0"}
			}
		},
		{
			"from": [12, 10, 5],
			"to": [16, 13, 8],
			"rotation": {"angle": 0, "axis": "y", "origin": [8, 18, -7]},
			"faces": {
				"north": {"uv": [0.5, 4, 1.5, 4.75], "texture": "#0"},
				"east": {"uv": [0, 5.5, 0.75, 6.25], "texture": "#0"},
				"south": {"uv": [0.75, 4, 1.75, 4.75], "texture": "#0"},
				"west": {"uv": [0, 4, 0.75, 4.75], "texture": "#0"},
				"up": {"uv": [2.5, 4, 3.5, 4.75], "rotation": 180, "texture": "#0"},
				"down": {"uv": [4.25, 4, 5.25, 4.75], "rotation": 180, "texture": "#0"}
			}
		},
		{
			"from": [0, 10, 5],
			"to": [4, 13, 8],
			"rotation": {"angle": 0, "axis": "y", "origin": [8, 18, -7]},
			"faces": {
				"north": {"uv": [0.5, 4, 1.5, 4.75], "texture": "#0"},
				"east": {"uv": [0, 5.5, 0.75, 6.25], "texture": "#0"},
				"south": {"uv": [0.75, 4, 1.75, 4.75], "texture": "#0"},
				"west": {"uv": [0, 4, 0.75, 4.75], "texture": "#0"},
				"up": {"uv": [2.5, 4, 3.5, 4.75], "rotation": 180, "texture": "#0"},
				"down": {"uv": [4.25, 4, 5.25, 4.75], "rotation": 180, "texture": "#0"}
			}
		}
	],
	"display": {
		"thirdperson_righthand": {
			"scale": [0.6, 0.6, 0.6]
		},
		"thirdperson_lefthand": {
			"scale": [0.6, 0.6, 0.6]
		},
		"firstperson_righthand": {
			"translation": [3, -2.75, 0],
			"scale": [0.6, 0.6, 0.6]
		},
		"firstperson_lefthand": {
			"translation": [1.75, -2, 0],
			"scale": [0.6, 0.6, 0.6]
		},
		"ground": {
			"translation": [0, 5, 0],
			"scale": [0.6, 0.6, 0.6]
		},
		"gui": {
			"rotation": [30, 120, 0],
			"translation": [4, -2.5, 0]
		},
		"fixed": {
			"translation": [0, -4, 0]
		}
	}
}