{
	"__comment": "Designed by Moon with Cubik Studio - https://cubik.studio",
	"textures": {
		"mussel": "item/etc/mussel"
	},
	"elements": [ 	 
		{
			"__comment": "Voxels",
			"from": [ -4, 5, -5 ],
			"to": [ 20, 7, -4 ],
			"faces": {
				"down": { "uv": [ 0, 13.5, 12, 14 ], "texture": "#mussel" },
				"up": { "uv": [ 0, 13.5, 12, 13 ], "texture": "#mussel" },
				"north": { "uv": [ 12, 15, 0, 16 ], "texture": "#mussel" },
				"south": { "uv": [ 0, 14, 12, 15 ], "texture": "#mussel" },
				"west": { "uv": [ 15, 15, 15.5, 16 ], "texture": "#mussel" },
				"east": { "uv": [ 16, 15, 15.5, 16 ], "texture": "#mussel" }
			}
		},
		{
			"__comment": "Voxels",
			"from": [ -2, 4, -5 ],
			"to": [ 19, 5, -4 ],
			"faces": {
				"down": { "uv": [ 0, 10.5, 10.5, 11 ], "texture": "#mussel" },
				"up": { "uv": [ 0, 10.5, 10.5, 10 ], "texture": "#mussel" },
				"north": { "uv": [ 10.5, 9.5, 0, 10 ], "texture": "#mussel" },
				"south": { "uv": [ 0, 9, 10.5, 9.5 ], "texture": "#mussel" },
				"west": { "uv": [ 15, 14.5, 15.5, 15 ], "texture": "#mussel" },
				"east": { "uv": [ 16, 14.5, 15.5, 15 ], "texture": "#mussel" }
			}
		},
		{
			"__comment": "Voxels",
			"from": [ -2, 7, -5 ],
			"to": [ 20, 8, -4 ],
			"faces": {
				"down": { "uv": [ 0, 12.5, 11, 13 ], "texture": "#mussel" },
				"up": { "uv": [ 0, 12.5, 11, 12 ], "texture": "#mussel" },
				"north": { "uv": [ 11, 11.5, 0, 12 ], "texture": "#mussel" },
				"south": { "uv": [ 0, 11, 11, 11.5 ], "texture": "#mussel" },
				"west": { "uv": [ 15, 14, 15.5, 14.5 ], "texture": "#mussel" },
				"east": { "uv": [ 13.5, 13, 13, 13.5 ], "texture": "#mussel" }
			}
		},
		{
			"__comment": "Voxels",
			"from": [ -1, 3, -5 ],
			"to": [ 18, 4, -4 ],
			"faces": {
				"down": { "uv": [ 0, 5.5, 9.5, 6 ], "texture": "#mussel" },
				"up": { "uv": [ 0, 5.5, 9.5, 5 ], "texture": "#mussel" },
				"north": { "uv": [ 9.5, 8.5, 0, 9 ], "texture": "#mussel" },
				"south": { "uv": [ 0, 8, 9.5, 8.5 ], "texture": "#mussel" },
				"west": { "uv": [ 15.5, 13.5, 16, 14 ], "texture": "#mussel" },
				"east": { "uv": [ 15.5, 13.5, 15, 14 ], "texture": "#mussel" }
			}
		},
		{
			"__comment": "Voxels",
			"from": [ 1, 8, -5 ],
			"to": [ 20, 9, -4 ],
			"faces": {
				"down": { "uv": [ 0, 6.5, 9.5, 7 ], "texture": "#mussel" },
				"up": { "uv": [ 0, 6.5, 9.5, 6 ], "texture": "#mussel" },
				"north": { "uv": [ 9.5, 7.5, 0, 8 ], "texture": "#mussel" },
				"south": { "uv": [ 0, 7, 9.5, 7.5 ], "texture": "#mussel" },
				"west": { "uv": [ 14.5, 13.5, 15, 14 ], "texture": "#mussel" },
				"east": { "uv": [ 14.5, 13.5, 14, 14 ], "texture": "#mussel" }
			}
		},
		{
			"__comment": "Voxels",
			"from": [ 3, 9, -5 ],
			"to": [ 20, 10, -4 ],
			"faces": {
				"down": { "uv": [ 0, 3.5, 8.5, 4 ], "texture": "#mussel" },
				"up": { "uv": [ 0, 3.5, 8.5, 3 ], "texture": "#mussel" },
				"north": { "uv": [ 8.5, 4.5, 0, 5 ], "texture": "#mussel" },
				"south": { "uv": [ 0, 4, 8.5, 4.5 ], "texture": "#mussel" },
				"west": { "uv": [ 12.5, 13.5, 13, 14 ], "texture": "#mussel" },
				"east": { "uv": [ 16, 14, 15.5, 14.5 ], "texture": "#mussel" }
			}
		},
		{
			"__comment": "Voxels",
			"from": [ 5, 2, -5 ],
			"to": [ 15, 3, -4 ],
			"faces": {
				"down": { "uv": [ 10.5, 10.5, 15.5, 11 ], "texture": "#mussel" },
				"up": { "uv": [ 10.5, 10.5, 15.5, 10 ], "texture": "#mussel" },
				"north": { "uv": [ 15.5, 9.5, 10.5, 10 ], "texture": "#mussel" },
				"south": { "uv": [ 10.5, 9, 15.5, 9.5 ], "texture": "#mussel" },
				"west": { "uv": [ 12, 13.5, 12.5, 14 ], "texture": "#mussel" },
				"east": { "uv": [ 15, 13, 14.5, 13.5 ], "texture": "#mussel" }
			}
		},
		{
			"__comment": "Voxels",
			"from": [ 5, 10, -5 ],
			"to": [ 19, 11, -4 ],
			"faces": {
				"down": { "uv": [ 0, 2, 7, 2.5 ], "texture": "#mussel" },
				"up": { "uv": [ 0, 2, 7, 1.5 ], "texture": "#mussel" },
				"north": { "uv": [ 7, 1, 0, 1.5 ], "texture": "#mussel" },
				"south": { "uv": [ 0, 2.5, 7, 3 ], "texture": "#mussel" },
				"west": { "uv": [ 13.5, 13, 14, 13.5 ], "texture": "#mussel" },
				"east": { "uv": [ 14.5, 13, 14, 13.5 ], "texture": "#mussel" }
			}
		},
		{
			"__comment": "Voxels",
			"from": [ 6, 11, -5 ],
			"to": [ 19, 12, -4 ],
			"faces": {
				"down": { "uv": [ 9.5, 8.5, 16, 9 ], "texture": "#mussel" },
				"up": { "uv": [ 9.5, 7.5, 16, 7 ], "texture": "#mussel" },
				"north": { "uv": [ 16, 8, 9.5, 8.5 ], "texture": "#mussel" },
				"south": { "uv": [ 9.5, 7.5, 16, 8 ], "texture": "#mussel" },
				"west": { "uv": [ 13, 13.5, 13.5, 14 ], "texture": "#mussel" },
				"east": { "uv": [ 14, 13.5, 13.5, 14 ], "texture": "#mussel" }
			}
		},
		{
			"__comment": "Voxels",
			"from": [ 8, 12, -5 ],
			"to": [ 18, 13, -4 ],
			"faces": {
				"down": { "uv": [ 11, 11, 16, 11.5 ], "texture": "#mussel" },
				"up": { "uv": [ 11, 12, 16, 11.5 ], "texture": "#mussel" },
				"north": { "uv": [ 16, 12, 11, 12.5 ], "texture": "#mussel" },
				"south": { "uv": [ 11, 12.5, 16, 13 ], "texture": "#mussel" },
				"west": { "uv": [ 12, 13, 12.5, 13.5 ], "texture": "#mussel" },
				"east": { "uv": [ 13, 13, 12.5, 13.5 ], "texture": "#mussel" }
			}
		},
		{
			"__comment": "Voxels",
			"from": [ 11, 13, -5 ],
			"to": [ 17, 14, -4 ],
			"faces": {
				"down": { "uv": [ 12, 15, 15, 15.5 ], "texture": "#mussel" },
				"up": { "uv": [ 12, 15, 15, 14.5 ], "texture": "#mussel" },
				"north": { "uv": [ 15, 14, 12, 14.5 ], "texture": "#mussel" },
				"south": { "uv": [ 12, 15.5, 15, 16 ], "texture": "#mussel" },
				"west": { "uv": [ 15, 13, 15.5, 13.5 ], "texture": "#mussel" },
				"east": { "uv": [ 16, 13, 15.5, 13.5 ], "texture": "#mussel" }
			}
		}
	],
	"display": {
		"thirdperson_righthand": {
			"rotation":  [ -8, 0, 83 ],
			"translation":  [ -1.391, 2.7826, 4.8695 ],
			"scale":  [ 0.3, 0.3, 0.3 ]
		},
		"thirdperson_lefthand": {
			"rotation":  [ -8, 0, -69 ],
			"translation":  [ 0.0003, 3.4782, 4.8695 ],
			"scale":  [ 0.3, 0.3, 0.3 ]
		},
		"firstperson_righthand": {
			"rotation":  [ 0, 146, -8 ],
			"translation":  [ 10.434, 1.3913, -7.651 ],
			"scale":  [ 0.5, 0.5, 0.5 ]
		},
		"firstperson_lefthand": {
			"translation":  [ 6.2608, 0, 1.3913 ],
			"scale":  [ 0.5, 0.5, 0.5 ]
		},
		"gui": {
			"rotation":  [ 0, 180, 0 ],
			"translation":  [ 0, 0, -5.565 ],
			"scale":  [ 0.5, 0.5, 0.5 ]
		},
		"head": {
			"translation":  [ 0, 11.13, 6.2608 ],
			"scale":  [ 0.5, 0.5, 0.5 ]
		},
		"ground": {
			"rotation":  [ -39, 0, 33 ],
			"translation":  [ 0, 6.2608, 0 ],
			"scale":  [ 0.5, 0.5, 0.5 ]
		},
		"fixed": {
			"translation":  [ 0, 0, 4.8695 ],
			"scale":  [ 0.5, 0.5, 0.5 ]
		}
	}
}