{
	"__comment": "moon",
	"textures": {
		"particle": "items/particle",
		"news": "item/etc/news"
	},
	"elements": [ 	 
		{
			"__comment": "Voxels",
			"from": [ -10, 7, -3 ],
			"to": [ 4, 8, 6 ],
			"faces": {
				"down": { "uv": [ 0, 10.75, 3.5, 13 ], "texture": "#news" },
				"up": { "uv": [ 0, 10.75, 3.5, 8.5 ], "texture": "#news" },
				"north": { "uv": [ 3.5, 4.25, 0, 4.5 ], "texture": "#news" },
				"south": { "uv": [ 0, 4.5, 3.5, 4.75 ], "texture": "#news" },
				"west": { "uv": [ 0, 2.25, 2.25, 2.5 ], "texture": "#news" },
				"east": { "uv": [ 2.25, 2, 0, 2.25 ], "texture": "#news" }
			}
		},
		{
			"__comment": "Voxels",
			"from": [ -8, 7, -5 ],
			"to": [ 1, 8, -3 ],
			"faces": {
				"down": { "uv": [ 0, 6.5, 2.25, 7 ], "texture": "#news" },
				"up": { "uv": [ 0, 6.5, 2.25, 6 ], "texture": "#news" },
				"north": { "uv": [ 2.25, 1.75, 0, 2 ], "texture": "#news" },
				"south": { "uv": [ 0, 1.5, 2.25, 1.75 ], "texture": "#news" },
				"west": { "uv": [ 2.5, 5, 3, 5.25 ], "texture": "#news" },
				"east": { "uv": [ 3, 4.75, 2.5, 5 ], "texture": "#news" }
			}
		},
		{
			"__comment": "Voxels",
			"from": [ -8, 7, 6 ],
			"to": [ 17, 8, 11 ],
			"faces": {
				"down": { "uv": [ 3.5, 11.75, 9.75, 13 ], "texture": "#news" },
				"up": { "uv": [ 9.75, 13, 16, 11.75 ], "texture": "#news" },
				"north": { "uv": [ 9.75, 8.75, 3.5, 9 ], "texture": "#news" },
				"south": { "uv": [ 9.75, 8.75, 16, 9 ], "texture": "#news" },
				"west": { "uv": [ 2.25, 1.75, 3.5, 2 ], "texture": "#news" },
				"east": { "uv": [ 3.5, 1.5, 2.25, 1.75 ], "texture": "#news" }
			}
		},
		{
			"__comment": "Voxels",
			"from": [ -8, 7, 18 ],
			"to": [ 22, 8, 23 ],
			"faces": {
				"down": { "uv": [ 0, 13, 7.5, 14.25 ], "texture": "#news" },
				"up": { "uv": [ 7.5, 14.25, 15, 13 ], "texture": "#news" },
				"north": { "uv": [ 11, 9.25, 3.5, 9.5 ], "texture": "#news" },
				"south": { "uv": [ 3.5, 9, 11, 9.25 ], "texture": "#news" },
				"west": { "uv": [ 0, 0.5, 1.25, 0.75 ], "texture": "#news" },
				"east": { "uv": [ 1.25, 0.25, 0, 0.5 ], "texture": "#news" }
			}
		},
		{
			"__comment": "Voxels",
			"from": [ -6, 7, -7 ],
			"to": [ 1, 8, -5 ],
			"faces": {
				"down": { "uv": [ 0.75, 5.5, 2.5, 6 ], "texture": "#news" },
				"up": { "uv": [ 0.75, 5.5, 2.5, 5 ], "texture": "#news" },
				"north": { "uv": [ 1.75, 1, 0, 1.25 ], "texture": "#news" },
				"south": { "uv": [ 0, 0.75, 1.75, 1 ], "texture": "#news" },
				"west": { "uv": [ 3, 5, 3.5, 5.25 ], "texture": "#news" },
				"east": { "uv": [ 3.5, 4.75, 3, 5 ], "texture": "#news" }
			}
		},
		{
			"__comment": "Voxels",
			"from": [ -6, 7, 11 ],
			"to": [ 19, 8, 18 ],
			"faces": {
				"down": { "uv": [ 0, 14.25, 6.25, 16 ], "texture": "#news" },
				"up": { "uv": [ 6.25, 16, 12.5, 14.25 ], "texture": "#news" },
				"north": { "uv": [ 9.75, 8.5, 3.5, 8.75 ], "texture": "#news" },
				"south": { "uv": [ 9.75, 8.5, 16, 8.75 ], "texture": "#news" },
				"west": { "uv": [ 0.75, 4.75, 2.5, 5 ], "texture": "#news" },
				"east": { "uv": [ 1.75, 1.25, 0, 1.5 ], "texture": "#news" }
			}
		},
		{
			"__comment": "Voxels",
			"from": [ -6, 7, 23 ],
			"to": [ -1, 8, 25 ],
			"faces": {
				"down": { "uv": [ 2.25, 6.5, 3.5, 7 ], "texture": "#news" },
				"up": { "uv": [ 0, 3, 1.25, 2.5 ], "texture": "#news" },
				"north": { "uv": [ 3, 0.75, 1.75, 1 ], "texture": "#news" },
				"south": { "uv": [ 1.75, 1, 3, 1.25 ], "texture": "#news" },
				"west": { "uv": [ 3, 1, 3.5, 1.25 ], "texture": "#news" },
				"east": { "uv": [ 3, 2.75, 2.5, 3 ], "texture": "#news" }
			}
		},
		{
			"__comment": "Voxels",
			"from": [ 1, 7, 23 ],
			"to": [ 6, 8, 25 ],
			"faces": {
				"down": { "uv": [ 2.25, 6, 3.5, 6.5 ], "texture": "#news" },
				"up": { "uv": [ 1.25, 3, 2.5, 2.5 ], "texture": "#news" },
				"north": { "uv": [ 3.5, 2.25, 2.25, 2.5 ], "texture": "#news" },
				"south": { "uv": [ 1.75, 0.25, 3, 0.5 ], "texture": "#news" },
				"west": { "uv": [ 2.5, 2.5, 3, 2.75 ], "texture": "#news" },
				"east": { "uv": [ 3.25, 3, 2.75, 3.25 ], "texture": "#news" }
			}
		},
		{
			"__comment": "Voxels",
			"from": [ 4, 7, -1 ],
			"to": [ 24, 8, 4 ],
			"faces": {
				"down": { "uv": [ 3.5, 10.5, 8.5, 11.75 ], "texture": "#news" },
				"up": { "uv": [ 8.5, 11.75, 13.5, 10.5 ], "texture": "#news" },
				"north": { "uv": [ 16, 9.25, 11, 9.5 ], "texture": "#news" },
				"south": { "uv": [ 11, 9, 16, 9.25 ], "texture": "#news" },
				"west": { "uv": [ 1.75, 1.25, 3, 1.5 ], "texture": "#news" },
				"east": { "uv": [ 1.25, 0, 0, 0.25 ], "texture": "#news" }
			}
		},
		{
			"__comment": "Voxels",
			"from": [ 4, 7, 4 ],
			"to": [ 17, 8, 6 ],
			"faces": {
				"down": { "uv": [ 12.5, 15, 15.75, 15.5 ], "texture": "#news" },
				"up": { "uv": [ 12.5, 16, 15.75, 15.5 ], "texture": "#news" },
				"north": { "uv": [ 3.25, 4, 0, 4.25 ], "texture": "#news" },
				"south": { "uv": [ 0, 3.75, 3.25, 4 ], "texture": "#news" },
				"west": { "uv": [ 2.75, 3.5, 3.25, 3.75 ], "texture": "#news" },
				"east": { "uv": [ 3.25, 3.25, 2.75, 3.5 ], "texture": "#news" }
			}
		},
		{
			"__comment": "Voxels",
			"from": [ 6, 7, -5 ],
			"to": [ 22, 8, -1 ],
			"faces": {
				"down": { "uv": [ 3.5, 9.5, 7.5, 10.5 ], "texture": "#news" },
				"up": { "uv": [ 7.5, 10.5, 11.5, 9.5 ], "texture": "#news" },
				"north": { "uv": [ 15.5, 10, 11.5, 10.25 ], "texture": "#news" },
				"south": { "uv": [ 11.5, 10.25, 15.5, 10.5 ], "texture": "#news" },
				"west": { "uv": [ 2.5, 5.5, 3.5, 5.75 ], "texture": "#news" },
				"east": { "uv": [ 3.5, 5.75, 2.5, 6 ], "texture": "#news" }
			}
		},
		{
			"__comment": "Voxels",
			"from": [ 8, 7, -7 ],
			"to": [ 19, 8, -5 ],
			"faces": {
				"down": { "uv": [ 0, 7, 2.75, 7.5 ], "texture": "#news" },
				"up": { "uv": [ 0, 8, 2.75, 7.5 ], "texture": "#news" },
				"north": { "uv": [ 2.75, 3.5, 0, 3.75 ], "texture": "#news" },
				"south": { "uv": [ 0, 3.25, 2.75, 3.5 ], "texture": "#news" },
				"west": { "uv": [ 3, 0.75, 3.5, 1 ], "texture": "#news" },
				"east": { "uv": [ 3.5, 2.75, 3, 3 ], "texture": "#news" }
			}
		},
		{
			"__comment": "Voxels",
			"from": [ 8, 7, 23 ],
			"to": [ 19, 8, 25 ],
			"faces": {
				"down": { "uv": [ 0, 8, 2.75, 8.5 ], "texture": "#news" },
				"up": { "uv": [ 12.5, 15, 15.25, 14.5 ], "texture": "#news" },
				"north": { "uv": [ 2.75, 3, 0, 3.25 ], "texture": "#news" },
				"south": { "uv": [ 12.5, 14.25, 15.25, 14.5 ], "texture": "#news" },
				"west": { "uv": [ 3, 2.5, 3.5, 2.75 ], "texture": "#news" },
				"east": { "uv": [ 1.75, 0.5, 1.25, 0.75 ], "texture": "#news" }
			}
		},
		{
			"__comment": "Voxels",
			"from": [ 17, 7, 9 ],
			"to": [ 19, 8, 11 ],
			"faces": {
				"down": { "uv": [ 15.25, 14.5, 15.75, 15 ], "texture": "#news" },
				"up": { "uv": [ 2.75, 8.5, 3.25, 8 ], "texture": "#news" },
				"north": { "uv": [ 1.75, 0.25, 1.25, 0.5 ], "texture": "#news" },
				"south": { "uv": [ 1.25, 0, 1.75, 0.25 ], "texture": "#news" },
				"west": { "uv": [ 3, 1.25, 3.5, 1.5 ], "texture": "#news" },
				"east": { "uv": [ 3.5, 0.5, 3, 0.75 ], "texture": "#news" }
			}
		},
		{
			"__comment": "Voxels",
			"from": [ 19, 7, 13 ],
			"to": [ 22, 8, 18 ],
			"faces": {
				"down": { "uv": [ 15, 13, 15.75, 14.25 ], "texture": "#news" },
				"up": { "uv": [ 0, 6, 0.75, 4.75 ], "texture": "#news" },
				"north": { "uv": [ 16, 14.25, 15.25, 14.5 ], "texture": "#news" },
				"south": { "uv": [ 2.5, 5.25, 3.25, 5.5 ], "texture": "#news" },
				"west": { "uv": [ 2.25, 2, 3.5, 2.25 ], "texture": "#news" },
				"east": { "uv": [ 3, 0.5, 1.75, 0.75 ], "texture": "#news" }
			}
		},
		{
			"__comment": "Voxels",
			"from": [ 22, 7, -3 ],
			"to": [ 24, 8, -1 ],
			"faces": {
				"down": { "uv": [ 2.75, 7.5, 3.25, 8 ], "texture": "#news" },
				"up": { "uv": [ 2.75, 7.5, 3.25, 7 ], "texture": "#news" },
				"north": { "uv": [ 2.25, 0, 1.75, 0.25 ], "texture": "#news" },
				"south": { "uv": [ 2.25, 0, 2.75, 0.25 ], "texture": "#news" },
				"west": { "uv": [ 3, 0.25, 3.5, 0.5 ], "texture": "#news" },
				"east": { "uv": [ 3.5, 0, 3, 0.25 ], "texture": "#news" }
			}
		}
	],
	"display": {
		"thirdperson_righthand": {
			"rotation":  [ 124, 0, 0 ],
			"translation":  [ -0.695, 2.7826, 2.7826 ],
			"scale":  [ 0.2, 0.2, 0.2 ]
		},
		"thirdperson_lefthand": {
			"rotation":  [ 124, 0, 0 ],
			"translation":  [ -0.695, 2.7826, 2.7826 ],
			"scale":  [ 0.2, 0.2, 0.2 ]
		},
		"firstperson_righthand": {
			"rotation":  [ 74, -5, 20 ],
			"translation":  [ 6.2608, 1.3913, -6.956 ],
			"scale":  [ 0.3, 0.3, 0.3 ]
		},
		"firstperson_lefthand": {
			"rotation":  [ 74, -5, 20 ],
			"translation":  [ 6.2608, 1.3913, -6.956 ],
			"scale":  [ 0.3, 0.3, 0.3 ]
		},
		"gui": {
			"rotation":  [ 90, 0, 0 ],
			"translation":  [ 0.5, 0.5, 0 ],
			"scale":  [ 0.4, 0.4, 0.4 ]
		},
		"head": {
			"rotation":  [ 90, 0, 0 ],
			"translation":  [ 0.1015, 10.434, 4.8695 ],
			"scale":  [ 0.3, 0.3, 0.3 ]
		},
		"ground": {
			"rotation":  [ 11, 0, 0 ],
			"translation":  [ 0, -2.695, 0 ],
			"scale":  [ 0.3, 1.5, 0.3 ]
		},
		"fixed": {
			"rotation":  [ 90, 0, 0 ],
			"translation":  [ 0.6956, 0, -0.695 ],
			"scale":  [ 0.5, 1, 0.5 ]
		}
	}
}