{
	"textures": {
		"0": "item/etc/salmon",
		"particle": "item/etc/salmon"
	},
	"elements": [
		{
			"from": [8, 0.5, -6],
			"to": [10, 4.5, -3],
			"rotation": {"angle": 0, "axis": "y", "origin": [16, 8.5, 2]},
			"faces": {
				"north": {"uv": [12.5, 1.5, 13.5, 3.5], "texture": "#0"},
				"east": {"uv": [11, 1.5, 12.5, 3.5], "texture": "#0"},
				"south": {"uv": [15, 1.5, 16, 3.5], "texture": "#0"},
				"west": {"uv": [13.5, 1.5, 15, 3.5], "texture": "#0"},
				"up": {"uv": [12.5, 0, 13.5, 1.5], "texture": "#0"},
				"down": {"uv": [13.5, 0, 14.5, 1.5], "texture": "#0"}
			}
		},
		{
			"from": [7.5, 0, -3],
			"to": [10.5, 5, 5],
			"rotation": {"angle": 0, "axis": "y", "origin": [15.5, 8, 5]},
			"faces": {
				"north": {"uv": [4, 4, 5.5, 6.5], "texture": "#0"},
				"east": {"uv": [0, 4, 4, 6.5], "texture": "#0"},
				"south": {"uv": [4, 10.5, 5.5, 13], "texture": "#0"},
				"west": {"uv": [5.5, 4, 9.5, 6.5], "texture": "#0"},
				"up": {"uv": [4, 0, 5.5, 4], "texture": "#0"},
				"down": {"uv": [5.5, 0, 7, 4], "texture": "#0"}
			}
		},
		{
			"from": [7.5, 0, 5],
			"to": [10.5, 5, 13],
			"rotation": {"angle": 0, "axis": "z", "origin": [15.5, 8, 13]},
			"faces": {
				"north": {"uv": [4, 10.5, 5.5, 13], "texture": "#0"},
				"east": {"uv": [0, 10.5, 4, 13], "texture": "#0"},
				"south": {"uv": [4, 10.5, 5.5, 13], "texture": "#0"},
				"west": {"uv": [7, 10.5, 11, 13], "texture": "#0"},
				"up": {"uv": [4, 6.5, 5.5, 10.5], "texture": "#0"},
				"down": {"uv": [5.5, 6.5, 7, 10.5], "texture": "#0"}
			}
		},
		{
			"from": [9, 0, 13],
			"to": [9, 5, 19],
			"rotation": {"angle": 0, "axis": "z", "origin": [15.5, 8, 13]},
			"faces": {
				"north": {"uv": [13, 8, 16, 10.5], "texture": "#0"},
				"east": {"uv": [13, 10.5, 16, 13], "texture": "#0"},
				"south": {"uv": [13, 8, 16, 10.5], "texture": "#0"},
				"west": {"uv": [13, 8, 16, 10.5], "texture": "#0"},
				"up": {"uv": [13, 8, 16, 10.5], "texture": "#0"},
				"down": {"uv": [13, 8, 16, 10.5], "texture": "#0"}
			}
		},
		{
			"from": [9.25, -4, -3],
			"to": [9.25, -2, -1],
			"rotation": {"angle": -22.5, "axis": "z", "origin": [17.25, 4, 5]},
			"faces": {
				"north": {"uv": [0, 0, 0, 1], "texture": "#missing"},
				"east": {"uv": [0, 0, 1, 1], "texture": "#0"},
				"south": {"uv": [0, 0, 0, 1], "texture": "#missing"},
				"west": {"uv": [2, 0, 3, 1], "texture": "#0"},
				"up": {"uv": [0, 0, 0, 1], "texture": "#missing"},
				"down": {"uv": [0, 0, 0, 1], "texture": "#missing"}
			}
		},
		{
			"from": [7.5, 2, -3],
			"to": [7.5, 4, -1],
			"rotation": {"angle": 22.5, "axis": "z", "origin": [15.5, 10, 5]},
			"faces": {
				"north": {"uv": [0, 0, 0, 1], "texture": "#missing"},
				"east": {"uv": [0, 0, 1, 1], "texture": "#0"},
				"south": {"uv": [0, 0, 0, 1], "texture": "#missing"},
				"west": {"uv": [2, 0, 3, 1], "texture": "#0"},
				"up": {"uv": [0, 0, 0, 1], "texture": "#missing"},
				"down": {"uv": [0, 0, 0, 1], "texture": "#missing"}
			}
		},
		{
			"from": [9, 5, 4],
			"to": [9, 7, 7],
			"rotation": {"angle": 0, "axis": "y", "origin": [17, 13, 12]},
			"faces": {
				"north": {"uv": [14, 8.5, 15, 9.5], "texture": "#0"},
				"east": {"uv": [13.5, 8.5, 15, 9.5], "texture": "#0"},
				"south": {"uv": [14, 8.5, 15, 9.5], "texture": "#0"},
				"west": {"uv": [13.5, 8.5, 15, 9.5], "texture": "#0"},
				"up": {"uv": [14, 8.5, 15, 9.5], "texture": "#0"},
				"down": {"uv": [14, 8.5, 15, 9.5], "texture": "#0"}
			}
		},
		{
			"from": [9, 5, 3],
			"to": [9, 6, 4],
			"rotation": {"angle": 0, "axis": "y", "origin": [17, 13, 11]},
			"faces": {
				"north": {"uv": [14, 8.5, 14.5, 9], "texture": "#0"},
				"east": {"uv": [14, 8.5, 14.5, 9], "texture": "#0"},
				"south": {"uv": [14, 8.5, 14.5, 9], "texture": "#0"},
				"west": {"uv": [14, 8.5, 14.5, 9], "texture": "#0"},
				"up": {"uv": [14, 8.5, 14.5, 9], "texture": "#0"},
				"down": {"uv": [14, 8.5, 14.5, 9], "texture": "#0"}
			}
		},
		{
			"from": [9, 6, 7],
			"to": [9, 7, 8],
			"rotation": {"angle": 0, "axis": "y", "origin": [17, 14, 15]},
			"faces": {
				"north": {"uv": [14, 8.5, 14.5, 9], "texture": "#0"},
				"east": {"uv": [14, 8.5, 14.5, 9], "texture": "#0"},
				"south": {"uv": [14, 8.5, 14.5, 9], "texture": "#0"},
				"west": {"uv": [14, 8.5, 14.5, 9], "texture": "#0"},
				"up": {"uv": [14, 8.5, 14.5, 9], "texture": "#0"},
				"down": {"uv": [14, 8.5, 14.5, 9], "texture": "#0"}
			}
		}
	],
	"display": {
		"thirdperson_righthand": {
			"rotation": [90, 0, 0],
			"translation": [-1.5, 4, 6],
			"scale": [0.8, 0.8, 0.8]
		},
		"thirdperson_lefthand": {
			"rotation": [90, 0, 0],
			"translation": [0, 4, 6],
			"scale": [0.8, 0.8, 0.8]
		},
		"firstperson_righthand": {
			"rotation": [90, 0, 0],
			"translation": [6, 0, 0]
		},
		"firstperson_lefthand": {
			"rotation": [90, 0, 0],
			"translation": [9, 0, 0]
		},
		"ground": {
			"translation": [0, 4, 0],
			"scale": [0.3, 0.3, 0.3]
		},
		"gui": {
			"rotation": [90, 45, -90],
			"translation": [4.75, 2.75, 0]
		},
		"head": {
			"rotation": [0, 31, 0],
			"translation": [1, 14.5, 2.5]
		},
		"fixed": {
			"rotation": [90, -45, 90],
			"translation": [-5, 3, -1.75]
		}
	}
}