{
	"__comment": "moon",
	"textures": {
		"phone": "item/etc/phone"
	},
	"gui_light": "front",
	"elements": [ 	 
		{
			"__comment": "Voxels",
			"from": [ 8, 8, -4 ],
			"to": [ 18, 21, -2 ],
			"faces": {
				"down": { "uv": [ 0, 8.5, 5, 9.5 ], "texture": "#phone" },
				"up": { "uv": [ 5, 9.5, 10, 8.5 ], "texture": "#phone" },
				"north": { "uv": [ 5, 9.5, 0, 16 ], "texture": "#phone" },
				"south": { "uv": [ 5, 9.5, 10, 16 ], "texture": "#phone" },
				"west": { "uv": [ 10, 9.5, 11, 16 ], "texture": "#phone" },
				"east": { "uv": [ 12, 9.5, 11, 16 ], "texture": "#phone" }
			}
		},
		{
			"__comment": "Voxels",
			"from": [ 9, 7, -4 ],
			"to": [ 17, 8, -2 ],
			"faces": {
				"down": { "uv": [ 12, 15, 16, 16 ], "texture": "#phone" },
				"up": { "uv": [ 12, 15, 16, 14 ], "texture": "#phone" },
				"north": { "uv": [ 4, 8, 0, 8.5 ], "texture": "#phone" },
				"south": { "uv": [ 5, 8, 9, 8.5 ], "texture": "#phone" },
				"west": { "uv": [ 4, 8, 5, 8.5 ], "texture": "#phone" },
				"east": { "uv": [ 10, 8, 9, 8.5 ], "texture": "#phone" }
			}
		},
		{
			"__comment": "Voxels",
			"from": [ 9, 21, -4 ],
			"to": [ 17, 22, -2 ],
			"faces": {
				"down": { "uv": [ 12, 13, 16, 14 ], "texture": "#phone" },
				"up": { "uv": [ 12, 13, 16, 12 ], "texture": "#phone" },
				"north": { "uv": [ 16, 11.5, 12, 12 ], "texture": "#phone" },
				"south": { "uv": [ 12, 11, 16, 11.5 ], "texture": "#phone" },
				"west": { "uv": [ 10, 9, 11, 9.5 ], "texture": "#phone" },
				"east": { "uv": [ 11, 8.5, 10, 9 ], "texture": "#phone" }
			}
		}
	],
	"display": {
		"thirdperson_righthand": {
			"rotation":  [ -2, 180, 6 ],
			"translation":  [ 0.6956, 0.2, -3.476 ],
			"scale":  [ 0.4, 0.4, 0.4 ]
		},
		"thirdperson_lefthand": {
			"rotation":  [ -2, 180, 6 ],
			"translation":  [ -2.782, 0.2, -3.476 ],
			"scale":  [ 0.4, 0.4, 0.4 ]
		},
		"firstperson_righthand": {
			"rotation":  [ -5, 180, -13 ],
			"translation":  [ 17.43, -4.85, -15.9 ],
			"scale":  [ 1, 1, 0.5 ]
		},
		"firstperson_lefthand": {
			"rotation":  [ -5, 180, 26 ],
			"translation":  [ 4.2, -2.77, -15.96 ],
			"scale":  [ 1, 1, 0.5 ]
		},
		"gui": {
			"translation":  [ -3.5, -4.869, 8 ],
			"scale":  [ 0.7, 0.7, 0.7 ]
		},
		"head": {
			"rotation":  [ 0, 91, 53 ],
			"translation":  [ 15.303, -7.651, -4.173 ],
			"scale":  [ 0.7, 0.7, 0.7 ]
		},
		"ground": {
			"rotation":  [ -27, 0, 0 ],
			"translation":  [ 0, 3.4782, 0 ]
		},
		"fixed": {
			"rotation":  [ 0, 180, 0 ],
			"translation":  [ 5, -6.26, -11.82 ]
		}
	}
}