{
	"__comment": "moon",
	"textures": {
		"particle": "item/etc/shortpickaxe",
		"texture": "item/etc/shortpickaxe",
		"voxels_atlas": "item/etc/shortpickaxe"
	},
	"elements": [ 	 
		{
			"__comment": "Voxels",
			"from": [ 0, 7, 14 ],
			"to": [ 3, 8, 15 ],
			"faces": {
				"down": { "uv": [ 0, 7, 3, 8 ], "texture": "#voxels_atlas" },
				"up": { "uv": [ 0, 7, 3, 6 ], "texture": "#voxels_atlas" },
				"north": { "uv": [ 3, 5, 0, 6 ], "texture": "#voxels_atlas" },
				"south": { "uv": [ 0, 4, 3, 5 ], "texture": "#voxels_atlas" },
				"west": { "uv": [ 13, 1, 14, 2 ], "texture": "#voxels_atlas" },
				"east": { "uv": [ 14, 0, 13, 1 ], "texture": "#voxels_atlas" }
			}
		},
		{
			"__comment": "Voxels",
			"from": [ 0, 7, 15 ],
			"to": [ 2, 8, 16 ],
			"faces": {
				"down": { "uv": [ 12, 4, 14, 5 ], "texture": "#voxels_atlas" },
				"up": { "uv": [ 14, 5, 16, 4 ], "texture": "#voxels_atlas" },
				"north": { "uv": [ 12, 3, 10, 4 ], "texture": "#voxels_atlas" },
				"south": { "uv": [ 10, 2, 12, 3 ], "texture": "#voxels_atlas" },
				"west": { "uv": [ 12, 2, 13, 3 ], "texture": "#voxels_atlas" },
				"east": { "uv": [ 15, 1, 14, 2 ], "texture": "#voxels_atlas" }
			}
		},
		{
			"__comment": "Voxels",
			"from": [ 1, 7, 13 ],
			"to": [ 4, 8, 14 ],
			"faces": {
				"down": { "uv": [ 3, 4, 6, 5 ], "texture": "#voxels_atlas" },
				"up": { "uv": [ 3, 4, 6, 3 ], "texture": "#voxels_atlas" },
				"north": { "uv": [ 6, 2, 3, 3 ], "texture": "#voxels_atlas" },
				"south": { "uv": [ 3, 1, 6, 2 ], "texture": "#voxels_atlas" },
				"west": { "uv": [ 15, 1, 16, 2 ], "texture": "#voxels_atlas" },
				"east": { "uv": [ 16, 11, 15, 12 ], "texture": "#voxels_atlas" }
			}
		},
		{
			"__comment": "Voxels",
			"from": [ 2, 7, 12 ],
			"to": [ 5, 8, 13 ],
			"faces": {
				"down": { "uv": [ 10, 8, 13, 9 ], "texture": "#voxels_atlas" },
				"up": { "uv": [ 13, 9, 16, 8 ], "texture": "#voxels_atlas" },
				"north": { "uv": [ 16, 6, 13, 7 ], "texture": "#voxels_atlas" },
				"south": { "uv": [ 7, 7, 10, 8 ], "texture": "#voxels_atlas" },
				"west": { "uv": [ 6, 7, 7, 8 ], "texture": "#voxels_atlas" },
				"east": { "uv": [ 16, 9, 15, 10 ], "texture": "#voxels_atlas" }
			}
		},
		{
			"__comment": "Voxels",
			"from": [ 3, 7, 4 ],
			"to": [ 8, 8, 6 ],
			"faces": {
				"down": { "uv": [ 0, 14, 5, 16 ], "texture": "#voxels_atlas" },
				"up": { "uv": [ 5, 16, 10, 14 ], "texture": "#voxels_atlas" },
				"north": { "uv": [ 15, 11, 10, 12 ], "texture": "#voxels_atlas" },
				"south": { "uv": [ 10, 10, 15, 11 ], "texture": "#voxels_atlas" },
				"west": { "uv": [ 10, 4, 12, 5 ], "texture": "#voxels_atlas" },
				"east": { "uv": [ 15, 5, 13, 6 ], "texture": "#voxels_atlas" }
			}
		},
		{
			"__comment": "Voxels",
			"from": [ 3, 7, 11 ],
			"to": [ 6, 8, 12 ],
			"faces": {
				"down": { "uv": [ 10, 7, 13, 8 ], "texture": "#voxels_atlas" },
				"up": { "uv": [ 13, 8, 16, 7 ], "texture": "#voxels_atlas" },
				"north": { "uv": [ 10, 6, 7, 7 ], "texture": "#voxels_atlas" },
				"south": { "uv": [ 10, 6, 13, 7 ], "texture": "#voxels_atlas" },
				"west": { "uv": [ 14, 2, 15, 3 ], "texture": "#voxels_atlas" },
				"east": { "uv": [ 14, 2, 13, 3 ], "texture": "#voxels_atlas" }
			}
		},
		{
			"__comment": "Voxels",
			"from": [ 4, 7, 6 ],
			"to": [ 11, 8, 7 ],
			"faces": {
				"down": { "uv": [ 3, 13, 10, 14 ], "texture": "#voxels_atlas" },
				"up": { "uv": [ 3, 13, 10, 12 ], "texture": "#voxels_atlas" },
				"north": { "uv": [ 10, 11, 3, 12 ], "texture": "#voxels_atlas" },
				"south": { "uv": [ 3, 10, 10, 11 ], "texture": "#voxels_atlas" },
				"west": { "uv": [ 12, 0, 13, 1 ], "texture": "#voxels_atlas" },
				"east": { "uv": [ 13, 1, 12, 2 ], "texture": "#voxels_atlas" }
			}
		},
		{
			"__comment": "Voxels",
			"from": [ 4, 7, 10 ],
			"to": [ 7, 8, 11 ],
			"faces": {
				"down": { "uv": [ 3, 7, 6, 8 ], "texture": "#voxels_atlas" },
				"up": { "uv": [ 7, 6, 10, 5 ], "texture": "#voxels_atlas" },
				"north": { "uv": [ 10, 4, 7, 5 ], "texture": "#voxels_atlas" },
				"south": { "uv": [ 7, 3, 10, 4 ], "texture": "#voxels_atlas" },
				"west": { "uv": [ 6, 4, 7, 5 ], "texture": "#voxels_atlas" },
				"east": { "uv": [ 7, 3, 6, 4 ], "texture": "#voxels_atlas" }
			}
		},
		{
			"__comment": "Voxels",
			"from": [ 5, 7, 9 ],
			"to": [ 8, 8, 10 ],
			"faces": {
				"down": { "uv": [ 7, 2, 10, 3 ], "texture": "#voxels_atlas" },
				"up": { "uv": [ 7, 2, 10, 1 ], "texture": "#voxels_atlas" },
				"north": { "uv": [ 10, 0, 7, 1 ], "texture": "#voxels_atlas" },
				"south": { "uv": [ 10, 5, 13, 6 ], "texture": "#voxels_atlas" },
				"west": { "uv": [ 6, 2, 7, 3 ], "texture": "#voxels_atlas" },
				"east": { "uv": [ 7, 1, 6, 2 ], "texture": "#voxels_atlas" }
			}
		},
		{
			"__comment": "Voxels",
			"from": [ 6, 7, 8 ],
			"to": [ 12, 8, 9 ],
			"faces": {
				"down": { "uv": [ 10, 13, 16, 14 ], "texture": "#voxels_atlas" },
				"up": { "uv": [ 10, 15, 16, 14 ], "texture": "#voxels_atlas" },
				"north": { "uv": [ 16, 15, 10, 16 ], "texture": "#voxels_atlas" },
				"south": { "uv": [ 10, 12, 16, 13 ], "texture": "#voxels_atlas" },
				"west": { "uv": [ 15, 2, 16, 3 ], "texture": "#voxels_atlas" },
				"east": { "uv": [ 16, 10, 15, 11 ], "texture": "#voxels_atlas" }
			}
		},
		{
			"__comment": "Voxels",
			"from": [ 7, 7, 7 ],
			"to": [ 11, 8, 8 ],
			"faces": {
				"down": { "uv": [ 3, 8, 7, 9 ], "texture": "#voxels_atlas" },
				"up": { "uv": [ 11, 10, 15, 9 ], "texture": "#voxels_atlas" },
				"north": { "uv": [ 7, 9, 3, 10 ], "texture": "#voxels_atlas" },
				"south": { "uv": [ 7, 9, 11, 10 ], "texture": "#voxels_atlas" },
				"west": { "uv": [ 6, 6, 7, 7 ], "texture": "#voxels_atlas" },
				"east": { "uv": [ 7, 5, 6, 6 ], "texture": "#voxels_atlas" }
			}
		},
		{
			"__comment": "Voxels",
			"from": [ 8, 7, 5 ],
			"to": [ 11, 8, 6 ],
			"faces": {
				"down": { "uv": [ 0, 3, 3, 4 ], "texture": "#voxels_atlas" },
				"up": { "uv": [ 0, 3, 3, 2 ], "texture": "#voxels_atlas" },
				"north": { "uv": [ 3, 1, 0, 2 ], "texture": "#voxels_atlas" },
				"south": { "uv": [ 0, 0, 3, 1 ], "texture": "#voxels_atlas" },
				"west": { "uv": [ 6, 0, 7, 1 ], "texture": "#voxels_atlas" },
				"east": { "uv": [ 16, 5, 15, 6 ], "texture": "#voxels_atlas" }
			}
		},
		{
			"__comment": "Voxels",
			"from": [ 9, 7, 9 ],
			"to": [ 12, 8, 12 ],
			"faces": {
				"down": { "uv": [ 0, 11, 3, 14 ], "texture": "#voxels_atlas" },
				"up": { "uv": [ 0, 11, 3, 8 ], "texture": "#voxels_atlas" },
				"north": { "uv": [ 6, 6, 3, 7 ], "texture": "#voxels_atlas" },
				"south": { "uv": [ 3, 5, 6, 6 ], "texture": "#voxels_atlas" },
				"west": { "uv": [ 3, 0, 6, 1 ], "texture": "#voxels_atlas" },
				"east": { "uv": [ 10, 8, 7, 9 ], "texture": "#voxels_atlas" }
			}
		},
		{
			"__comment": "Voxels",
			"from": [ 10, 7, 12 ],
			"to": [ 12, 8, 13 ],
			"faces": {
				"down": { "uv": [ 10, 1, 12, 2 ], "texture": "#voxels_atlas" },
				"up": { "uv": [ 10, 1, 12, 0 ], "texture": "#voxels_atlas" },
				"north": { "uv": [ 14, 3, 12, 4 ], "texture": "#voxels_atlas" },
				"south": { "uv": [ 14, 3, 16, 4 ], "texture": "#voxels_atlas" },
				"west": { "uv": [ 14, 0, 15, 1 ], "texture": "#voxels_atlas" },
				"east": { "uv": [ 16, 0, 15, 1 ], "texture": "#voxels_atlas" }
			}
		}
	],
	"display": {
		"thirdperson_righthand": {
			"rotation":  [ 40, 0, 90 ],
			"translation":  [ -0.606, 3.4782, 1.3912 ],
			"scale":  [ 0.7, 0.7, 0.7 ]
		},
		"thirdperson_lefthand": {
			"rotation":  [ 140, 0, 90 ],
			"translation":  [ -0.606, 3.4782, 2.0868 ],
			"scale":  [ 0.7, 0.7, 0.7 ]
		},
		"firstperson_righthand": {
			"rotation":  [ 56, 3, 69 ],
			"translation":  [ 7.6521, 3.4782, -6.258 ]
		},
		"firstperson_lefthand": {
			"rotation":  [ 56, 3, -110 ],
			"translation":  [ 7.6521, 3.4782, -6.258 ]
		},
		"gui": {
			"rotation":  [ 90, 0, 0 ],
			"translation":  [ 2.0869, 2.0869, 0 ]
		},
		"head": {
			"rotation":  [ 90, 0, 0 ],
			"translation":  [ 2.7826, -12.5, 4.8695 ]
		},
		"ground": {
			"rotation":  [ 90, 0, 0 ],
			"translation":  [ 0, 6.9565, 0 ]
		},
		"fixed": {
			"rotation":  [ 90, 0, 0 ],
			"translation":  [ 1.3913, 2.0869, -0.695 ]
		}
	}
}
