{
	"__comment": "moon",
	"textures": {
		"particle": "items/particle",
		"tire": "item/etc/tire"
	},
	"elements": [ 	 
		{
			"__comment": "Voxels",
			"from": [ -13, 7, 2 ],
			"to": [ 31, 8, 16 ],
			"faces": {
				"down": { "uv": [ 0, 14.25, 5.5, 16 ], "texture": "#tire" },
				"up": { "uv": [ 0, 14.25, 5.5, 12.5 ], "texture": "#tire" },
				"north": { "uv": [ 11, 15.75, 5.5, 15.875 ], "texture": "#tire" },
				"south": { "uv": [ 5.5, 15.875, 11, 16 ], "texture": "#tire" },
				"west": { "uv": [ 3.75, 9, 5.5, 9.125 ], "texture": "#tire" },
				"east": { "uv": [ 5.5, 9.125, 3.75, 9.25 ], "texture": "#tire" }
			}
		},
		{
			"__comment": "Voxels",
			"from": [ -12, 7, -1 ],
			"to": [ 29, 8, 2 ],
			"faces": {
				"down": { "uv": [ 0, 12.125, 5.125, 12.5 ], "texture": "#tire" },
				"up": { "uv": [ 0, 12.125, 5.125, 11.75 ], "texture": "#tire" },
				"north": { "uv": [ 13.25, 15.5, 8.125, 15.625 ], "texture": "#tire" },
				"south": { "uv": [ 8.125, 15.375, 13.25, 15.5 ], "texture": "#tire" },
				"west": { "uv": [ 5.125, 12.375, 5.5, 12.5 ], "texture": "#tire" },
				"east": { "uv": [ 5.5, 12.25, 5.125, 12.375 ], "texture": "#tire" }
			}
		},
		{
			"__comment": "Voxels",
			"from": [ -12, 7, 16 ],
			"to": [ 30, 8, 18 ],
			"faces": {
				"down": { "uv": [ 0, 10, 5.25, 10.25 ], "texture": "#tire" },
				"up": { "uv": [ 0, 10, 5.25, 9.75 ], "texture": "#tire" },
				"north": { "uv": [ 10.75, 15.625, 5.5, 15.75 ], "texture": "#tire" },
				"south": { "uv": [ 10.75, 15.625, 16, 15.75 ], "texture": "#tire" },
				"west": { "uv": [ 5.25, 11.625, 5.5, 11.75 ], "texture": "#tire" },
				"east": { "uv": [ 5.25, 11.625, 5, 11.75 ], "texture": "#tire" }
			}
		},
		{
			"__comment": "Voxels",
			"from": [ -11, 7, 18 ],
			"to": [ 29, 8, 21 ],
			"faces": {
				"down": { "uv": [ 0, 11.375, 5, 11.75 ], "texture": "#tire" },
				"up": { "uv": [ 0, 11.375, 5, 11 ], "texture": "#tire" },
				"north": { "uv": [ 16, 15.875, 11, 16 ], "texture": "#tire" },
				"south": { "uv": [ 11, 15.75, 16, 15.875 ], "texture": "#tire" },
				"west": { "uv": [ 5.125, 12.125, 5.5, 12.25 ], "texture": "#tire" },
				"east": { "uv": [ 5.5, 12, 5.125, 12.125 ], "texture": "#tire" }
			}
		},
		{
			"__comment": "Voxels",
			"from": [ -10, 7, -4 ],
			"to": [ 27, 8, -1 ],
			"faces": {
				"down": { "uv": [ 0, 10.625, 4.625, 11 ], "texture": "#tire" },
				"up": { "uv": [ 0, 10.625, 4.625, 10.25 ], "texture": "#tire" },
				"north": { "uv": [ 12.75, 14.625, 8.125, 14.75 ], "texture": "#tire" },
				"south": { "uv": [ 8.125, 14.75, 12.75, 14.875 ], "texture": "#tire" },
				"west": { "uv": [ 5.125, 11.875, 5.5, 12 ], "texture": "#tire" },
				"east": { "uv": [ 5.5, 11.75, 5.125, 11.875 ], "texture": "#tire" }
			}
		},
		{
			"__comment": "Voxels",
			"from": [ -9, 7, 21 ],
			"to": [ 28, 8, 22 ],
			"faces": {
				"down": { "uv": [ 8.125, 15.125, 12.75, 15.25 ], "texture": "#tire" },
				"up": { "uv": [ 8.125, 15.125, 12.75, 15 ], "texture": "#tire" },
				"north": { "uv": [ 12.75, 15.25, 8.125, 15.375 ], "texture": "#tire" },
				"south": { "uv": [ 8.125, 14.875, 12.75, 15 ], "texture": "#tire" },
				"west": { "uv": [ 5.25, 10.625, 5.375, 10.75 ], "texture": "#tire" },
				"east": { "uv": [ 4.875, 10.5, 4.75, 10.625 ], "texture": "#tire" }
			}
		},
		{
			"__comment": "Voxels",
			"from": [ -9, 7, 22 ],
			"to": [ 27, 8, 23 ],
			"faces": {
				"down": { "uv": [ 8.125, 14.5, 12.625, 14.625 ], "texture": "#tire" },
				"up": { "uv": [ 8.125, 14.5, 12.625, 14.375 ], "texture": "#tire" },
				"north": { "uv": [ 12.625, 14.25, 8.125, 14.375 ], "texture": "#tire" },
				"south": { "uv": [ 8.125, 14.125, 12.625, 14.25 ], "texture": "#tire" },
				"west": { "uv": [ 4.75, 10.375, 4.875, 10.5 ], "texture": "#tire" },
				"east": { "uv": [ 5, 10.375, 4.875, 10.5 ], "texture": "#tire" }
			}
		},
		{
			"__comment": "Voxels",
			"from": [ -7, 7, -6 ],
			"to": [ 27, 8, -4 ],
			"faces": {
				"down": { "uv": [ 0, 9.5, 4.25, 9.75 ], "texture": "#tire" },
				"up": { "uv": [ 0, 9.5, 4.25, 9.25 ], "texture": "#tire" },
				"north": { "uv": [ 12.375, 14, 8.125, 14.125 ], "texture": "#tire" },
				"south": { "uv": [ 8.125, 13.875, 12.375, 14 ], "texture": "#tire" },
				"west": { "uv": [ 5.25, 11.375, 5.5, 11.5 ], "texture": "#tire" },
				"east": { "uv": [ 5.25, 11.25, 5, 11.375 ], "texture": "#tire" }
			}
		},
		{
			"__comment": "Voxels",
			"from": [ -7, 7, 23 ],
			"to": [ 26, 8, 24 ],
			"faces": {
				"down": { "uv": [ 8.125, 13.75, 12.25, 13.875 ], "texture": "#tire" },
				"up": { "uv": [ 8.125, 13.75, 12.25, 13.625 ], "texture": "#tire" },
				"north": { "uv": [ 12.25, 13.5, 8.125, 13.625 ], "texture": "#tire" },
				"south": { "uv": [ 8.125, 13.375, 12.25, 13.5 ], "texture": "#tire" },
				"west": { "uv": [ 4.875, 10.25, 5, 10.375 ], "texture": "#tire" },
				"east": { "uv": [ 5.125, 10.375, 5, 10.5 ], "texture": "#tire" }
			}
		},
		{
			"__comment": "Voxels",
			"from": [ -6, 7, -8 ],
			"to": [ 24, 8, -6 ],
			"faces": {
				"down": { "uv": [ 0, 8.75, 3.75, 9 ], "texture": "#tire" },
				"up": { "uv": [ 0, 9.25, 3.75, 9 ], "texture": "#tire" },
				"north": { "uv": [ 16, 13.75, 12.25, 13.875 ], "texture": "#tire" },
				"south": { "uv": [ 12.25, 13.625, 16, 13.75 ], "texture": "#tire" },
				"west": { "uv": [ 5.25, 11.25, 5.5, 11.375 ], "texture": "#tire" },
				"east": { "uv": [ 5.5, 11.5, 5.25, 11.625 ], "texture": "#tire" }
			}
		},
		{
			"__comment": "Voxels",
			"from": [ -6, 7, 24 ],
			"to": [ 24, 8, 25 ],
			"faces": {
				"down": { "uv": [ 12.25, 13.5, 16, 13.625 ], "texture": "#tire" },
				"up": { "uv": [ 12.25, 13.5, 16, 13.375 ], "texture": "#tire" },
				"north": { "uv": [ 11.875, 13.25, 8.125, 13.375 ], "texture": "#tire" },
				"south": { "uv": [ 11.875, 13.25, 15.625, 13.375 ], "texture": "#tire" },
				"west": { "uv": [ 5.25, 10.25, 5.375, 10.375 ], "texture": "#tire" },
				"east": { "uv": [ 5.125, 10.625, 5, 10.75 ], "texture": "#tire" }
			}
		},
		{
			"__comment": "Voxels",
			"from": [ -6, 7, 25 ],
			"to": [ 23, 8, 26 ],
			"faces": {
				"down": { "uv": [ 8.125, 13.125, 11.75, 13.25 ], "texture": "#tire" },
				"up": { "uv": [ 11.75, 13.25, 15.375, 13.125 ], "texture": "#tire" },
				"north": { "uv": [ 16, 14, 12.375, 14.125 ], "texture": "#tire" },
				"south": { "uv": [ 12.375, 13.875, 16, 14 ], "texture": "#tire" },
				"west": { "uv": [ 4.625, 10.5, 4.75, 10.625 ], "texture": "#tire" },
				"east": { "uv": [ 5.5, 10.625, 5.375, 10.75 ], "texture": "#tire" }
			}
		},
		{
			"__comment": "Voxels",
			"from": [ -4, 7, 26 ],
			"to": [ 22, 8, 27 ],
			"faces": {
				"down": { "uv": [ 12.75, 15.25, 16, 15.375 ], "texture": "#tire" },
				"up": { "uv": [ 12.75, 15.25, 16, 15.125 ], "texture": "#tire" },
				"north": { "uv": [ 16, 15, 12.75, 15.125 ], "texture": "#tire" },
				"south": { "uv": [ 12.75, 14.875, 16, 15 ], "texture": "#tire" },
				"west": { "uv": [ 5.375, 10.75, 5.5, 10.875 ], "texture": "#tire" },
				"east": { "uv": [ 5.25, 10.75, 5.125, 10.875 ], "texture": "#tire" }
			}
		},
		{
			"__comment": "Voxels",
			"from": [ -4, 7, 27 ],
			"to": [ 20, 8, 28 ],
			"faces": {
				"down": { "uv": [ 12.625, 14.5, 15.625, 14.625 ], "texture": "#tire" },
				"up": { "uv": [ 12.625, 14.5, 15.625, 14.375 ], "texture": "#tire" },
				"north": { "uv": [ 15.625, 14.25, 12.625, 14.375 ], "texture": "#tire" },
				"south": { "uv": [ 12.625, 14.125, 15.625, 14.25 ], "texture": "#tire" },
				"west": { "uv": [ 4.875, 10.625, 5, 10.75 ], "texture": "#tire" },
				"east": { "uv": [ 5.5, 10.875, 5.375, 11 ], "texture": "#tire" }
			}
		},
		{
			"__comment": "Voxels",
			"from": [ -3, 7, -10 ],
			"to": [ 22, 8, -8 ],
			"faces": {
				"down": { "uv": [ 0, 8.5, 3.125, 8.75 ], "texture": "#tire" },
				"up": { "uv": [ 0, 8.5, 3.125, 8.25 ], "texture": "#tire" },
				"north": { "uv": [ 15.875, 14.75, 12.75, 14.875 ], "texture": "#tire" },
				"south": { "uv": [ 12.75, 14.625, 15.875, 14.75 ], "texture": "#tire" },
				"west": { "uv": [ 5, 11.125, 5.25, 11.25 ], "texture": "#tire" },
				"east": { "uv": [ 5.25, 11, 5, 11.125 ], "texture": "#tire" }
			}
		},
		{
			"__comment": "Voxels",
			"from": [ -3, 7, 28 ],
			"to": [ 18, 8, 29 ],
			"faces": {
				"down": { "uv": [ 5.5, 14.75, 8.125, 14.875 ], "texture": "#tire" },
				"up": { "uv": [ 5.5, 14.75, 8.125, 14.625 ], "texture": "#tire" },
				"north": { "uv": [ 8.125, 15.25, 5.5, 15.375 ], "texture": "#tire" },
				"south": { "uv": [ 5.5, 14.875, 8.125, 15 ], "texture": "#tire" },
				"west": { "uv": [ 5.125, 10.375, 5.25, 10.5 ], "texture": "#tire" },
				"east": { "uv": [ 5.25, 10.25, 5.125, 10.375 ], "texture": "#tire" }
			}
		},
		{
			"__comment": "Voxels",
			"from": [ -1, 7, -12 ],
			"to": [ 20, 8, -10 ],
			"faces": {
				"down": { "uv": [ 5.5, 15.375, 8.125, 15.625 ], "texture": "#tire" },
				"up": { "uv": [ 0, 8.25, 2.625, 8 ], "texture": "#tire" },
				"north": { "uv": [ 8.125, 15, 5.5, 15.125 ], "texture": "#tire" },
				"south": { "uv": [ 5.5, 15.125, 8.125, 15.25 ], "texture": "#tire" },
				"west": { "uv": [ 5, 11.375, 5.25, 11.5 ], "texture": "#tire" },
				"east": { "uv": [ 5.25, 11.5, 5, 11.625 ], "texture": "#tire" }
			}
		},
		{
			"__comment": "Voxels",
			"from": [ 0, 7, 29 ],
			"to": [ 17, 8, 30 ],
			"faces": {
				"down": { "uv": [ 5.5, 14.125, 7.625, 14.25 ], "texture": "#tire" },
				"up": { "uv": [ 5.5, 14.375, 7.625, 14.25 ], "texture": "#tire" },
				"north": { "uv": [ 7.625, 14.375, 5.5, 14.5 ], "texture": "#tire" },
				"south": { "uv": [ 5.5, 14.5, 7.625, 14.625 ], "texture": "#tire" },
				"west": { "uv": [ 5.125, 10.625, 5.25, 10.75 ], "texture": "#tire" },
				"east": { "uv": [ 5.375, 10.75, 5.25, 10.875 ], "texture": "#tire" }
			}
		},
		{
			"__comment": "Voxels",
			"from": [ 1, 7, -13 ],
			"to": [ 17, 8, -12 ],
			"faces": {
				"down": { "uv": [ 5.5, 14, 7.5, 14.125 ], "texture": "#tire" },
				"up": { "uv": [ 5.5, 13.75, 7.5, 13.625 ], "texture": "#tire" },
				"north": { "uv": [ 7.5, 13.75, 5.5, 13.875 ], "texture": "#tire" },
				"south": { "uv": [ 5.5, 13.875, 7.5, 14 ], "texture": "#tire" },
				"west": { "uv": [ 4.625, 10.375, 4.75, 10.5 ], "texture": "#tire" },
				"east": { "uv": [ 4.75, 10.25, 4.625, 10.375 ], "texture": "#tire" }
			}
		},
		{
			"__comment": "Voxels",
			"from": [ 27, 7, -3 ],
			"to": [ 28, 8, -1 ],
			"faces": {
				"down": { "uv": [ 5.25, 11, 5.375, 11.25 ], "texture": "#tire" },
				"up": { "uv": [ 5.375, 11.25, 5.5, 11 ], "texture": "#tire" },
				"north": { "uv": [ 4.875, 10.25, 4.75, 10.375 ], "texture": "#tire" },
				"south": { "uv": [ 4.875, 10.5, 5, 10.625 ], "texture": "#tire" },
				"west": { "uv": [ 4.625, 10.875, 4.875, 11 ], "texture": "#tire" },
				"east": { "uv": [ 4.875, 10.75, 4.625, 10.875 ], "texture": "#tire" }
			}
		},
		{
			"__comment": "Voxels",
			"from": [ 28, 7, -2 ],
			"to": [ 29, 8, -1 ],
			"faces": {
				"down": { "uv": [ 5, 10.5, 5.125, 10.625 ], "texture": "#tire" },
				"up": { "uv": [ 5.375, 10.375, 5.5, 10.25 ], "texture": "#tire" },
				"north": { "uv": [ 5.125, 10.25, 5, 10.375 ], "texture": "#tire" },
				"south": { "uv": [ 5.125, 10.5, 5.25, 10.625 ], "texture": "#tire" },
				"west": { "uv": [ 5.25, 10.5, 5.375, 10.625 ], "texture": "#tire" },
				"east": { "uv": [ 5.5, 10.5, 5.375, 10.625 ], "texture": "#tire" }
			}
		},
		{
			"__comment": "Voxels",
			"from": [ 29, 7, 0 ],
			"to": [ 30, 8, 2 ],
			"faces": {
				"down": { "uv": [ 4.875, 10.75, 5, 11 ], "texture": "#tire" },
				"up": { "uv": [ 5, 11, 5.125, 10.75 ], "texture": "#tire" },
				"north": { "uv": [ 5.375, 10.375, 5.25, 10.5 ], "texture": "#tire" },
				"south": { "uv": [ 5.375, 10.375, 5.5, 10.5 ], "texture": "#tire" },
				"west": { "uv": [ 5.125, 10.875, 5.375, 11 ], "texture": "#tire" },
				"east": { "uv": [ 4.875, 10.625, 4.625, 10.75 ], "texture": "#tire" }
			}
		}
	],
	"display": {
		"thirdperson_righthand": {
			"rotation":  [ 103, 0, 0 ],
			"translation":  [ 0, 3.4782, 2.7826 ],
			"scale":  [ 0.2, 2, 0.2 ]
		},
		"thirdperson_lefthand": {
			"rotation":  [ 103, 0, 0 ],
			"translation":  [ 0, 3.4782, 2.7826 ],
			"scale":  [ 0.2, 2, 0.2 ]
		},
		"firstperson_righthand": {
			"rotation":  [ 90, 42, 14 ],
			"translation":  [ 2.0869, -1.391, -4.864 ],
			"scale":  [ 0.3, 3, 0.3 ]
		},
		"firstperson_lefthand": {
			"rotation":  [ 90, 42, 14 ],
			"translation":  [ 2.0869, -1.391, -4.864 ],
			"scale":  [ 0.3, 3, 0.3 ]
		},
		"gui": {
			"rotation":  [ 90, 0, 0 ],
			"translation":  [ -0.5, 0.3913, 0 ],
			"scale":  [ 0.3, 0.3, 0.3 ]
		},
		"head": {
			"rotation":  [ 90, 0, 0 ],
			"translation":  [ 0, 16, 0 ],
			"scale":  [ 0.4, 3.3, 0.4 ]
		},
		"ground": {
			"rotation":  [ -14, 0, 0 ],
			"scale":  [ 0.2, 2.8999, 0.2 ]
		},
		"fixed": {
			"rotation":  [ 90, 0, 0 ],
			"scale":  [ 0.35, 3, 0.35 ]
		}
	}
}