{
	"parent": "cube_bottom_top",
	"textures": {
		"top": "block/barrel_top_open",
		"bottom": "block/barrel_bottom",
		"side": "block/barrel_side",
		"particle": "block/barrel_bottom"
	},
	"elements": [
		{
			"from": [0, 15, 0],
			"to": [16, 16, 1],
			"rotation": {"angle": 0, "axis": "y", "origin": [8, 23, 8]},
			"faces": {
				"north": {"uv": [0, 0, 16, 1], "texture": "#side"},
				"east": {"uv": [0, 0, 1, 1], "texture": "#side"},
				"south": {"uv": [0, 0, 16, 1], "texture": "#side"},
				"west": {"uv": [0, 0, 1, 1], "texture": "#side"},
				"up": {"uv": [0, 0, 16, 1], "texture": "#top"}
			}
		},
		{
			"from": [0, 15, 15],
			"to": [16, 16, 16],
			"rotation": {"angle": 0, "axis": "y", "origin": [8, 23, 23]},
			"faces": {
				"north": {"uv": [0, 0, 16, 1], "texture": "#side"},
				"east": {"uv": [0, 0, 1, 1], "texture": "#side"},
				"south": {"uv": [0, 0, 16, 1], "texture": "#side"},
				"west": {"uv": [0, 0, 1, 1], "texture": "#side"},
				"up": {"uv": [0, 0, 16, 1], "texture": "#top"}
			}
		},
		{
			"from": [15, 15, 1],
			"to": [16, 16, 15],
			"rotation": {"angle": 0, "axis": "y", "origin": [23, 23, 8]},
			"faces": {
				"north": {"uv": [0, 0, 1, 1], "texture": "#side"},
				"east": {"uv": [0, 0, 14, 1], "texture": "#side"},
				"south": {"uv": [0, 0, 1, 1], "texture": "#side"},
				"west": {"uv": [0, 0, 14, 1], "texture": "#side"},
				"up": {"uv": [0, 0, 1, 14], "texture": "#top"}
			}
		},
		{
			"from": [0, 15, 1],
			"to": [1, 16, 15],
			"rotation": {"angle": 0, "axis": "y", "origin": [8, 23, 8]},
			"faces": {
				"north": {"uv": [0, 0, 1, 1], "texture": "#side"},
				"east": {"uv": [0, 0, 14, 1], "texture": "#side"},
				"south": {"uv": [0, 0, 1, 1], "texture": "#side"},
				"west": {"uv": [0, 0, 14, 1], "texture": "#side"},
				"up": {"uv": [0, 0, 1, 14], "texture": "#top"}
			}
		},
		{
			"from": [0, 0, 0],
			"to": [16, 15, 16],
			"faces": {
				"north": {"uv": [0, 1, 16, 16], "texture": "#side"},
				"east": {"uv": [0, 1, 16, 16], "texture": "#side"},
				"south": {"uv": [0, 1, 16, 16], "texture": "#side"},
				"west": {"uv": [0, 1, 16, 16], "texture": "#side"},
				"up": {"uv": [0, 0, 16, 16], "texture": "#top"},
				"down": {"uv": [0, 0, 16, 16], "texture": "#bottom"}
			}
		}
	]
}
