{
	"credit": "Made with Blockbench",
	"textures": {
		"0": "block/lanterns/glass",
		"1": "block/lanterns/lantern",
		"particle": "block/lanterns/glass"
	},
	"elements": [
		{
			"from": [5, 2, 5],
			"to": [11, 3, 11],
			"rotation": {"angle": 0, "axis": "y", "origin": [8, 10, 8]},
			"faces": {
				"north": {"uv": [0, 8, 6, 9], "texture": "#1"},
				"east": {"uv": [0, 8, 6, 9], "texture": "#1"},
				"south": {"uv": [0, 8, 6, 9], "texture": "#1"},
				"west": {"uv": [0, 8, 6, 9], "texture": "#1"},
				"up": {"uv": [0, 9, 6, 15], "texture": "#1"},
				"down": {"uv": [0, 9, 6, 15], "texture": "#1"}
			}
		},
		{
			"from": [6, 3, 6],
			"to": [10, 8, 10],
			"rotation": {"angle": 0, "axis": "y", "origin": [8, 10, 8]},
			"faces": {
				"north": {"uv": [0, 3, 6, 8], "texture": "#1"},
				"east": {"uv": [0, 3, 6, 8], "texture": "#1"},
				"south": {"uv": [0, 3, 6, 8], "texture": "#1"},
				"west": {"uv": [0, 3, 6, 8], "texture": "#1"},
				"up": {"uv": [7, 6, 11, 10], "texture": "#0"},
				"down": {"uv": [6, 4, 10, 8], "texture": "#0"}
			}
		},
		{
			"from": [5, 8, 5],
			"to": [11, 9, 11],
			"rotation": {"angle": 0, "axis": "y", "origin": [8, 10, 8]},
			"faces": {
				"north": {"uv": [0, 2, 6, 3], "texture": "#1"},
				"east": {"uv": [0, 2, 6, 3], "texture": "#1"},
				"south": {"uv": [0, 2, 6, 3], "texture": "#1"},
				"west": {"uv": [0, 2, 6, 3], "texture": "#1"},
				"up": {"uv": [0, 9, 6, 15], "texture": "#1"},
				"down": {"uv": [0, 9, 6, 15], "texture": "#1"}
			}
		},
		{
			"from": [6, 9, 6],
			"to": [10, 10, 10],
			"rotation": {"angle": 0, "axis": "y", "origin": [8, 10, 8]},
			"faces": {
				"north": {"uv": [1, 0, 5, 1], "texture": "#1"},
				"east": {"uv": [1, 0, 5, 1], "texture": "#1"},
				"south": {"uv": [1, 0, 5, 1], "texture": "#1"},
				"west": {"uv": [1, 0, 5, 1], "texture": "#1"},
				"up": {"uv": [1, 10, 5, 14], "texture": "#1"},
				"down": {"uv": [0, 0, 4, 4], "texture": "#missing"}
			}
		},
		{
			"from": [5.55, 3, 6],
			"to": [10.45, 8, 10],
			"rotation": {"angle": 0, "axis": "y", "origin": [8, 10, 8]},
			"faces": {
				"north": {"uv": [6, 4, 10, 9], "texture": "#0"},
				"east": {"uv": [1, 3, 7, 10], "texture": "#0"},
				"south": {"uv": [6, 5, 10, 10], "texture": "#0"},
				"west": {"uv": [1, 3, 7, 10], "texture": "#0"},
				"up": {"uv": [0, 0, 4, 5], "texture": "#missing"},
				"down": {"uv": [0, 0, 4, 5], "texture": "#missing"}
			}
		},
		{
			"from": [6, 3, 5.65],
			"to": [10, 8, 10.45],
			"rotation": {"angle": 0, "axis": "y", "origin": [8, 10, 8]},
			"faces": {
				"north": {"uv": [9, 8, 15, 15], "texture": "#0"},
				"east": {"uv": [5, 6, 11, 11], "texture": "#0"},
				"south": {"uv": [9, 8, 15, 15], "texture": "#0"},
				"west": {"uv": [5, 7, 11, 12], "texture": "#0"},
				"up": {"uv": [0, 0, 6, 5], "texture": "#missing"},
				"down": {"uv": [0, 0, 6, 5], "texture": "#missing"}
			}
		},
		{
			"from": [5.5, 3, 5.5],
			"to": [6, 8, 6],
			"rotation": {"angle": 0, "axis": "y", "origin": [8, 10, 8]},
			"faces": {
				"north": {"uv": [0, 8, 0.5, 13], "texture": "#1"},
				"east": {"uv": [0, 8, 0.5, 13], "texture": "#1"},
				"south": {"uv": [0, 8, 0.5, 13], "texture": "#1"},
				"west": {"uv": [0, 8, 0.5, 13], "texture": "#1"},
				"up": {"uv": [0, 0, 0.5, 0.5], "texture": "#missing"},
				"down": {"uv": [0, 0, 0.5, 0.5], "texture": "#missing"}
			}
		},
		{
			"from": [5.5, 3, 10],
			"to": [6, 8, 10.5],
			"rotation": {"angle": 0, "axis": "y", "origin": [8, 10, 8]},
			"faces": {
				"north": {"uv": [0, 8, 0.5, 13], "texture": "#1"},
				"east": {"uv": [0, 8, 0.5, 13], "texture": "#1"},
				"south": {"uv": [0, 8, 0.5, 13], "texture": "#1"},
				"west": {"uv": [0, 8, 0.5, 13], "texture": "#1"},
				"up": {"uv": [0, 0, 0.5, 0.5], "texture": "#missing"},
				"down": {"uv": [0, 0, 0.5, 0.5], "texture": "#missing"}
			}
		},
		{
			"from": [10, 3, 10],
			"to": [10.5, 8, 10.5],
			"rotation": {"angle": 0, "axis": "y", "origin": [8, 10, 8]},
			"faces": {
				"north": {"uv": [0, 8, 0.5, 13], "texture": "#1"},
				"east": {"uv": [0, 8, 0.5, 13], "texture": "#1"},
				"south": {"uv": [0, 8, 0.5, 13], "texture": "#1"},
				"west": {"uv": [0, 8, 0.5, 13], "texture": "#1"},
				"up": {"uv": [0, 0, 0.5, 0.5], "texture": "#1"},
				"down": {"uv": [0, 0, 0.5, 0.5], "texture": "#missing"}
			}
		},
		{
			"from": [10, 3, 5.5],
			"to": [10.5, 8, 6],
			"rotation": {"angle": 0, "axis": "y", "origin": [8, 10, 8]},
			"faces": {
				"north": {"uv": [0, 8, 0.5, 13], "texture": "#1"},
				"east": {"uv": [0, 9, 0.5, 14], "texture": "#1"},
				"south": {"uv": [0, 8, 0.5, 13], "texture": "#1"},
				"west": {"uv": [0, 8, 0.5, 13], "texture": "#1"},
				"up": {"uv": [-0.5, 8, 0.5, 14.5], "texture": "#1"},
				"down": {"uv": [0, 0, 0.5, 0.5], "texture": "#missing"}
			}
		},
		{
			"from": [8, 10, 6.5],
			"to": [8, 16, 9.5],
			"shade": false,
			"rotation": {"angle": 45, "axis": "y", "origin": [8, 8, 8]},
			"faces": {
				"north": {"uv": [0, 0, 0, 0], "texture": "#1"},
				"east": {"uv": [11, 6, 14, 12], "texture": "#1"},
				"south": {"uv": [0, 0, 0, 0], "texture": "#1"},
				"west": {"uv": [11, 6, 14, 12], "texture": "#1"},
				"up": {"uv": [0, 0, 0, 0], "texture": "#1"},
				"down": {"uv": [0, 0, 0, 0], "texture": "#1"}
			}
		},
		{
			"from": [6.5, 11, 8],
			"to": [9.5, 15, 8],
			"shade": false,
			"rotation": {"angle": 45, "axis": "y", "origin": [8, 8, 8]},
			"faces": {
				"north": {"uv": [11, 1, 14, 5], "texture": "#1"},
				"east": {"uv": [0, 0, 0, 0], "texture": "#1"},
				"south": {"uv": [11, 1, 14, 5], "texture": "#1"},
				"west": {"uv": [0, 0, 0, 0], "texture": "#1"},
				"up": {"uv": [0, 0, 0, 0], "texture": "#1"},
				"down": {"uv": [0, 0, 0, 0], "texture": "#1"}
			}
		}
	],
	"display": {
		"thirdperson_righthand": {
			"rotation": [65, 0, 0],
			"translation": [0, -0.25, -1.5],
			"scale": [0.88477, 0.88477, 0.88477]
		},
		"thirdperson_lefthand": {
			"translation": [0, 1, -2]
		},
		"firstperson_righthand": {
			"translation": [0, 3.5, 0]
		},
		"firstperson_lefthand": {
			"translation": [0, 2.75, 0]
		},
		"gui": {
			"rotation": [0, 0, -30],
			"translation": [-0.25, -0.75, 0],
			"scale": [0.94531, 0.94531, 0.94531]
		},
		"head": {
			"translation": [0, 19, 0],
			"scale": [2.12305, 2.12305, 2.12305]
		},
		"fixed": {
			"translation": [0, 3, 0],
			"scale": [1.66211, 1.66211, 1.66211]
		}
	},
	"groups": [
		{
			"name": "lantern",
			"origin": [8.49651, 8.00436, 5.99913],
			"children": [0, 1, 2, 3, 4, 5, 6, 7, 8, 9]
		}, 10, 11]
}