{
	"__comment": "moon",
	"textures": {
		"0": "item/etc/bbangchi",
		"particle": "item/etc/bbangchi"
	},
	"gui_light": "front",
	"elements": [
		{
			"from": [7.6, 3.52, 7.6],
			"to": [8.4, 3.812, 8.4],
			"rotation": {"angle": 0, "axis": "y", "origin": [8, 3.616, 8]},
			"faces": {
				"north": {"uv": [0, 0, 8, 8.5], "texture": "#0"},
				"east": {"uv": [0, 0, 8, 8.5], "texture": "#0"},
				"south": {"uv": [0, 0, 8, 8.5], "texture": "#0"},
				"west": {"uv": [0, 0, 8, 8.5], "texture": "#0"},
				"up": {"uv": [8, 0, 0, 8.5], "texture": "#0"},
				"down": {"uv": [8, 0, 0, 8.5], "texture": "#0"}
			}
		},
		{
			"from": [7.74, 3.404, 7.74],
			"to": [8.26, 10.3, 8.26],
			"rotation": {"angle": 0, "axis": "y", "origin": [15.772, 11.636, 15.772]},
			"faces": {
				"north": {"uv": [0, 0, 8, 8.5], "texture": "#0"},
				"east": {"uv": [0, 0, 8, 8.5], "texture": "#0"},
				"south": {"uv": [0, 0, 8, 8.5], "texture": "#0"},
				"west": {"uv": [0, 0, 8, 8.5], "texture": "#0"},
				"up": {"uv": [8, 0, 0, 8.5], "texture": "#0"},
				"down": {"uv": [8, 0, 0, 8.5], "texture": "#0"}
			}
		},
		{
			"from": [7.612, 5.372, 7.612],
			"to": [8.388, 5.74, 8.388],
			"rotation": {"angle": 0, "axis": "y", "origin": [15.58, 13.44, 15.452]},
			"faces": {
				"north": {"uv": [0, 0, 8, 8.5], "texture": "#0"},
				"east": {"uv": [0, 0, 8, 8.5], "texture": "#0"},
				"south": {"uv": [0, 0, 8, 8.5], "texture": "#0"},
				"west": {"uv": [0, 0, 8, 8.5], "texture": "#0"},
				"up": {"uv": [8, 0, 0, 8.5], "texture": "#0"},
				"down": {"uv": [8, 0, 0, 8.5], "texture": "#0"}
			}
		},
		{
			"from": [7.644, 3.944, 7.644],
			"to": [8.356, 5.236, 8.356],
			"rotation": {"angle": 0, "axis": "y", "origin": [15.644, 12.044, 15.484]},
			"faces": {
				"north": {"uv": [0, 0, 8, 8.5], "texture": "#0"},
				"east": {"uv": [0, 0, 8, 8.5], "texture": "#0"},
				"south": {"uv": [0, 0, 8, 8.5], "texture": "#0"},
				"west": {"uv": [0, 0, 8, 8.5], "texture": "#0"},
				"up": {"uv": [8, 0, 0, 8.5], "texture": "#0"},
				"down": {"uv": [8, 0, 0, 8.5], "texture": "#0"}
			}
		},
		{
			"from": [7.628, 6.956, 7.628],
			"to": [8.372, 8.756, 8.372],
			"rotation": {"angle": 0, "axis": "y", "origin": [15.372, 15.756, 15.372]},
			"faces": {
				"north": {"uv": [0, 0, 8, 8.5], "texture": "#0"},
				"east": {"uv": [0, 0, 8, 8.5], "texture": "#0"},
				"south": {"uv": [0, 0, 8, 8.5], "texture": "#0"},
				"west": {"uv": [0, 0, 8, 8.5], "texture": "#0"},
				"up": {"uv": [8, 0, 0, 8.5], "texture": "#0"},
				"down": {"uv": [8, 0, 0, 8.5], "texture": "#0"}
			}
		},
		{
			"from": [5.532, 8.14, 7.196],
			"to": [10.468, 9.748, 8.804],
			"rotation": {"angle": 0, "axis": "y", "origin": [17.404, 16.396, 15.932]},
			"faces": {
				"north": {"uv": [10, 10.5, 14, 11.5], "texture": "#0"},
				"east": {"uv": [12, 11, 13, 12], "texture": "#0"},
				"south": {"uv": [10, 11, 14, 12], "texture": "#0"},
				"west": {"uv": [12, 11.5, 13, 12.5], "texture": "#0"},
				"up": {"uv": [14.5, 12, 10.5, 11], "texture": "#0"},
				"down": {"uv": [15, 10.5, 11, 11.5], "texture": "#0"}
			}
		},
		{
			"from": [8.588, 7.948, 6.988],
			"to": [10.324, 9.972, 9.012],
			"rotation": {"angle": 0, "axis": "y", "origin": [17.356, 16.876, 15.596]},
			"faces": {
				"north": {"uv": [3, 12, 4, 13], "texture": "#0"},
				"east": {"uv": [2.5, 12.5, 3.5, 13.5], "texture": "#0"},
				"south": {"uv": [3, 12.5, 4, 13.5], "texture": "#0"},
				"west": {"uv": [3.5, 12, 4.5, 13], "texture": "#0"},
				"up": {"uv": [5, 13.5, 4, 12.5], "texture": "#0"},
				"down": {"uv": [4.5, 12.5, 3.5, 13.5], "texture": "#0"}
			}
		},
		{
			"from": [7.564, 9.548, 7.564],
			"to": [8.436, 9.972, 8.436],
			"rotation": {"angle": 0, "axis": "y", "origin": [15.66, 16.972, 15.436]},
			"faces": {
				"north": {"uv": [2.5, 12, 5, 14.5], "texture": "#0"},
				"east": {"uv": [3.5, 11, 5, 13], "texture": "#0"},
				"south": {"uv": [3.5, 11.5, 5.5, 13.5], "texture": "#0"},
				"west": {"uv": [3.5, 11, 5, 13], "texture": "#0"},
				"up": {"uv": [3.5, 10.5, 5.5, 13], "texture": "#0"},
				"down": {"uv": [3.5, 11.5, 5.5, 14.5], "texture": "#0"}
			}
		},
		{
			"from": [5.676, 7.948, 6.988],
			"to": [7.412, 9.972, 9.012],
			"shade": false,
			"rotation": {"angle": 0, "axis": "y", "origin": [-1.356, 16.876, 15.596]},
			"faces": {
				"north": {"uv": [4, 12, 3, 13], "texture": "#0"},
				"east": {"uv": [4.5, 12, 3.5, 13], "texture": "#0"},
				"south": {"uv": [4, 12, 3, 13], "texture": "#0"},
				"west": {"uv": [6, 12, 5, 13], "texture": "#0"},
				"up": {"uv": [4, 13.5, 5, 12.5], "texture": "#0"},
				"down": {"uv": [3.5, 11.5, 4.5, 12.5], "texture": "#0"}
			}
		}
	],
	"display": {
		"thirdperson_righthand": {
			"rotation": [0, -90, 0],
			"translation": [0, 4.5, 0],
			"scale": [2, 2, 2]
		},
		"thirdperson_lefthand": {
			"rotation": [0, 90, 0],
			"translation": [0, 4.5, 0],
			"scale": [2, 2, 2]
		},
		"firstperson_righthand": {
			"rotation": [-27, -93, 0],
			"translation": [0, 1.25, 0],
			"scale": [1.5, 1.5, 1.5]
		},
		"firstperson_lefthand": {
			"rotation": [-27, 93, 0],
			"translation": [0, 1.25, 0],
			"scale": [1.5, 1.5, 1.5]
		},
		"ground": {
			"rotation": [0, 0, -38]
		},
		"gui": {
			"translation": [0, 2, 0],
			"scale": [1.5, 1.5, 1.5]
		},
		"head": {
			"translation": [0, 9, 0],
			"scale": [2, 2, 2]
		},
		"fixed": {
			"translation": [0, 2.25, 0],
			"scale": [1.5, 1.5, 1.5]
		}
	}
}