{
	"credit": "Made with Blockbench",
	"texture_size": [64, 64],
	"textures": {
		"0": "item/etc/cola",
		"particle": "block/brown_concrete_powder"
	},
	"gui_light": "front",
	"elements": [
		{
			"name": "switch",
			"from": [5.7, 10.8, 7],
			"to": [7.7, 11.8, 8],
			"rotation": {"angle": 0, "axis": "y", "origin": [6.5, 11.5, 9]},
			"faces": {
				"north": {"uv": [4.5, 6.25, 5, 6.5], "texture": "#0"},
				"east": {"uv": [3.75, 6.5, 4, 6.75], "texture": "#0"},
				"south": {"uv": [6.5, 1.5, 7, 1.75], "texture": "#0"},
				"west": {"uv": [4, 6.5, 4.25, 6.75], "texture": "#0"},
				"up": {"uv": [7, 2, 6.5, 1.75], "texture": "#0"},
				"down": {"uv": [3.75, 6.5, 3.25, 6.75], "texture": "#0"}
			}
		},
		{
			"name": "top",
			"from": [6, 0, 5],
			"to": [11, 1, 10],
			"faces": {
				"north": {"uv": [6.25, 2, 7.5, 2.25], "texture": "#0"},
				"east": {"uv": [6.25, 2.25, 7.5, 2.5], "texture": "#0"},
				"south": {"uv": [6.25, 2.5, 7.5, 2.75], "texture": "#0"},
				"west": {"uv": [6.25, 2.75, 7.5, 3], "texture": "#0"},
				"up": {"uv": [7, 4.25, 5.75, 3], "texture": "#0"},
				"down": {"uv": [7, 4.25, 5.75, 5.5], "texture": "#0"}
			}
		},
		{
			"name": "floor",
			"from": [6, 10.3, 5],
			"to": [11, 11.3, 10],
			"faces": {
				"north": {"uv": [3.25, 6.25, 4.5, 6.5], "texture": "#0"},
				"east": {"uv": [6.5, 0.75, 7.75, 1], "texture": "#0"},
				"south": {"uv": [6.5, 1, 7.75, 1.25], "texture": "#0"},
				"west": {"uv": [6.5, 1.25, 7.75, 1.5], "texture": "#0"},
				"up": {"uv": [7, 6.75, 5.75, 5.5], "texture": "#0"},
				"down": {"uv": [1.25, 6, 0, 7.25], "texture": "#0"}
			}
		},
		{
			"from": [5, 0, 5],
			"to": [6, 12, 10],
			"rotation": {"angle": 0, "axis": "y", "origin": [4.5, 6, 7]},
			"faces": {
				"north": {"uv": [1.75, 6, 2, 9], "texture": "#0"},
				"east": {"uv": [4.5, 3, 5.75, 6], "texture": "#0"},
				"south": {"uv": [2, 6, 2.25, 9], "texture": "#0"},
				"west": {"uv": [5, 0, 6.25, 3], "texture": "#0"},
				"up": {"uv": [5.75, 7.25, 5.5, 6], "texture": "#0"},
				"down": {"uv": [6.5, 0.75, 6.25, 2], "texture": "#0"}
			}
		},
		{
			"from": [5, 0, 4],
			"to": [11, 12, 5],
			"rotation": {"angle": 0, "axis": "y", "origin": [11.5, 6, 7]},
			"faces": {
				"north": {"uv": [3, 3, 4.5, 6], "texture": "#0"},
				"east": {"uv": [2.75, 6, 3, 9], "texture": "#0"},
				"south": {"uv": [3.5, 0, 5, 3], "texture": "#0"},
				"west": {"uv": [3, 6, 3.25, 9], "texture": "#0"},
				"up": {"uv": [7.75, 0.5, 6.25, 0.25], "texture": "#0"},
				"down": {"uv": [7.75, 0.5, 6.25, 0.75], "texture": "#0"}
			}
		},
		{
			"from": [11, 0, 4],
			"to": [12, 12, 10],
			"faces": {
				"north": {"uv": [1.25, 6, 1.5, 9], "texture": "#0"},
				"east": {"uv": [0, 3, 1.5, 6], "texture": "#0"},
				"south": {"uv": [1.5, 6, 1.75, 9], "texture": "#0"},
				"west": {"uv": [1.5, 3, 3, 6], "texture": "#0"},
				"up": {"uv": [5.25, 7.5, 5, 6], "texture": "#0"},
				"down": {"uv": [5.5, 6, 5.25, 7.5], "texture": "#0"}
			}
		},
		{
			"from": [5, 0, 10],
			"to": [12, 12, 11],
			"faces": {
				"north": {"uv": [0, 0, 1.75, 3], "texture": "#0"},
				"east": {"uv": [2.25, 6, 2.5, 9], "texture": "#0"},
				"south": {"uv": [1.75, 0, 3.5, 3], "texture": "#0"},
				"west": {"uv": [2.5, 6, 2.75, 9], "texture": "#0"},
				"up": {"uv": [5, 6.25, 3.25, 6], "texture": "#0"},
				"down": {"uv": [8, 0, 6.25, 0.25], "texture": "#0"}
			}
		}
	],
	"display": {
		"thirdperson_righthand": {
			"translation": [0, 1, -1],
			"scale": [0.4, 0.4, 0.4]
		},
		"thirdperson_lefthand": {
			"translation": [0, 1, -1],
			"scale": [0.4, 0.4, 0.4]
		},
		"firstperson_righthand": {
			"rotation": [4, -86, -5],
			"translation": [3.5, 2, 0],
			"scale": [0.5, 0.5, 0.5]
		},
		"firstperson_lefthand": {
			"rotation": [4, -86, -5],
			"translation": [3.5, 2, 0],
			"scale": [0.5, 0.5, 0.5]
		},
		"ground": {
			"translation": [0, 3, 0],
			"scale": [0.5, 0.5, 0.5]
		},
		"gui": {
			"rotation": [15.25, -32.75, 0],
			"translation": [-0.5, 1.75, 0]
		},
		"head": {
			"rotation": [0, 40, -90],
			"translation": [1, 8.5, -0.25],
			"scale": [0.5, 0.5, 0.5]
		},
		"fixed": {
			"translation": [-0.5, 1.5, -3]
		}
	},
	"groups": [0, 1, 2,
		{
			"name": "body",
			"origin": [0, 0, 0],
			"color": 0,
			"children": [3, 4, 5, 6]
		}
	]
}