{
	"credit": "Made with Blockbench",
	"texture_size": [64, 64],
	"textures": {
		"0": "item/etc/31_pot_blue",
		"particle": "item/etc/31_pot_blue"
	},
	"gui_light": "front",
	"elements": [
		{
			"name": "dirt",
			"from": [6, 5.1, 6],
			"to": [10, 5.1, 10],
			"faces": {
				"north": {"uv": [0, 0, 2, 0], "texture": "#0"},
				"east": {"uv": [0, 0, 2, 0], "texture": "#0"},
				"south": {"uv": [0, 0, 2, 0], "texture": "#0"},
				"west": {"uv": [0, 0, 2, 0], "texture": "#0"},
				"up": {"uv": [8.5, 4, 6.5, 2], "texture": "#0"},
				"down": {"uv": [8.5, 4, 6.5, 6], "texture": "#0"}
			}
		},
		{
			"from": [5, 5, 5],
			"to": [10, 6, 6],
			"rotation": {"angle": 0, "axis": "y", "origin": [5.5, 5.5, 8.5]},
			"faces": {
				"north": {"uv": [0, 7, 2.5, 7.5], "texture": "#0"},
				"east": {"uv": [4, 8.5, 4.5, 9], "texture": "#0"},
				"south": {"uv": [0, 7.5, 2.5, 8], "texture": "#0"},
				"west": {"uv": [4.5, 8.5, 5, 9], "texture": "#0"},
				"up": {"uv": [10, 6.5, 7.5, 6], "texture": "#0"},
				"down": {"uv": [10, 6.5, 7.5, 7], "texture": "#0"}
			}
		},
		{
			"from": [5, 5, 6],
			"to": [6, 6, 11],
			"faces": {
				"north": {"uv": [5, 8.5, 5.5, 9], "texture": "#0"},
				"east": {"uv": [7.5, 7, 10, 7.5], "texture": "#0"},
				"south": {"uv": [5.5, 8.5, 6, 9], "texture": "#0"},
				"west": {"uv": [7.5, 7.5, 10, 8], "texture": "#0"},
				"up": {"uv": [0.5, 10.5, 0, 8], "texture": "#0"},
				"down": {"uv": [1, 8, 0.5, 10.5], "texture": "#0"}
			}
		},
		{
			"from": [6, 5, 10],
			"to": [11, 6, 11],
			"rotation": {"angle": 0, "axis": "y", "origin": [10.5, 5.5, 7.5]},
			"faces": {
				"north": {"uv": [1, 8, 3.5, 8.5], "texture": "#0"},
				"east": {"uv": [8.5, 5.5, 9, 6], "texture": "#0"},
				"south": {"uv": [3.5, 8, 6, 8.5], "texture": "#0"},
				"west": {"uv": [6, 8.5, 6.5, 9], "texture": "#0"},
				"up": {"uv": [8.5, 8.5, 6, 8], "texture": "#0"},
				"down": {"uv": [3.5, 8.5, 1, 9], "texture": "#0"}
			}
		},
		{
			"from": [10, 5, 5],
			"to": [11, 6, 10],
			"rotation": {"angle": 0, "axis": "y", "origin": [8.5, 5.5, 10.5]},
			"faces": {
				"north": {"uv": [6.5, 8.5, 7, 9], "texture": "#0"},
				"east": {"uv": [8.5, 2, 11, 2.5], "texture": "#0"},
				"south": {"uv": [7, 8.5, 7.5, 9], "texture": "#0"},
				"west": {"uv": [8.5, 2.5, 11, 3], "texture": "#0"},
				"up": {"uv": [9, 5.5, 8.5, 3], "texture": "#0"},
				"down": {"uv": [4, 8.5, 3.5, 11], "texture": "#0"}
			}
		},
		{
			"from": [5.5, 1, 5.5],
			"to": [10.5, 5, 10.5],
			"faces": {
				"north": {"uv": [0, 5, 2.5, 7], "texture": "#0"},
				"east": {"uv": [2.5, 6, 5, 8], "texture": "#0"},
				"south": {"uv": [5, 6, 7.5, 8], "texture": "#0"},
				"west": {"uv": [6.5, 0, 9, 2], "texture": "#0"},
				"up": {"uv": [2.5, 2.5, 0, 0], "texture": "#0"},
				"down": {"uv": [2.5, 2.5, 0, 5], "texture": "#0"}
			}
		},
		{
			"name": "flower 1",
			"from": [8, 5, 6],
			"to": [8, 11, 10],
			"rotation": {"angle": 0, "axis": "y", "origin": [8, 7, 8]},
			"faces": {
				"north": {"uv": [0, 0, 0, 3], "texture": "#0"},
				"east": {"uv": [2.5, 0, 4.5, 3], "texture": "#0"},
				"south": {"uv": [0, 0, 0, 3], "texture": "#0"},
				"west": {"uv": [2.5, 3, 4.5, 6], "texture": "#0"},
				"up": {"uv": [0, 2, 0, 0], "texture": "#0"},
				"down": {"uv": [0, 0, 0, 2], "texture": "#0"}
			}
		},
		{
			"name": "flower 2",
			"from": [6, 5, 8],
			"to": [10, 11, 8],
			"rotation": {"angle": 0, "axis": "y", "origin": [8, 7, 8]},
			"faces": {
				"north": {"uv": [4.5, 0, 6.5, 3], "texture": "#0"},
				"east": {"uv": [0, 0, 0, 3], "texture": "#0"},
				"south": {"uv": [4.5, 3, 6.5, 6], "texture": "#0"},
				"west": {"uv": [0, 0, 0, 3], "texture": "#0"},
				"up": {"uv": [2, 0, 0, 0], "texture": "#0"},
				"down": {"uv": [2, 0, 0, 0], "texture": "#0"}
			}
		}
	],
	"display": {
		"thirdperson_righthand": {
			"rotation": [70, 0, 0],
			"translation": [-5.5, 2, 4.25],
			"scale": [1.4, 1.2, 1.4]
		},
		"thirdperson_lefthand": {
			"rotation": [70, 0, 0],
			"translation": [-5.5, 2, 4.25],
			"scale": [1.4, 1.2, 1.4]
		},
		"firstperson_righthand": {
			"translation": [7, 3, 0]
		},
		"firstperson_lefthand": {
			"translation": [7, 3, 0]
		},
		"ground": {
			"translation": [0, 5.5, 0]
		},
		"gui": {
			"translation": [0, 3.5, 0],
			"scale": [1.4, 1.4, 1.4]
		},
		"head": {
			"translation": [0, 13.5, 0]
		},
		"fixed": {
			"rotation": [-90, 0, 0],
			"translation": [0, 0, -28.5],
			"scale": [4, 4, 4]
		}
	},
	"groups": [
		0,
		{
			"name": "pot",
			"origin": [8.5, 5.5, 10.5],
			"color": 0,
			"children": [1, 2, 3, 4, 5]
		},
		6,
		7
	]
}