{
	"credit": "Made with Blockbench",
	"texture_size": [128, 128],
	"textures": {
		"2": "item/etc/delluna_yut2.png",
		"particle": "item/etc/delluna_yut2.png"
	},
	"gui_light": "front",
	"elements": [
		{
			"from": [1, 0, -16],
			"to": [13, 5, 32],
			"faces": {
				"north": {"uv": [5.5, 1.25, 7, 1.875], "texture": "#2"},
				"east": {"uv": [5.5, 0, 11.5, 0.625], "texture": "#2"},
				"south": {"uv": [5.5, 1.875, 7, 2.5], "texture": "#2"},
				"west": {"uv": [5.5, 0.625, 11.5, 1.25], "texture": "#2"},
				"up": {"uv": [1.5, 6, 0, 0], "texture": "#2"},
				"down": {"uv": [3, 0, 1.5, 6], "texture": "#2"}
			}
		},
		{
			"from": [2, 5, -16],
			"to": [12, 6, 32],
			"faces": {
				"north": {"uv": [5.5, 2.75, 6.75, 2.875], "texture": "#2"},
				"east": {"uv": [5.5, 2.5, 11.5, 2.625], "texture": "#2"},
				"south": {"uv": [5.5, 2.875, 6.75, 3], "texture": "#2"},
				"west": {"uv": [5.5, 2.625, 11.5, 2.75], "texture": "#2"},
				"up": {"uv": [4.25, 6, 3, 0], "texture": "#2"},
				"down": {"uv": [5.5, 0, 4.25, 6], "texture": "#2"}
			}
		}
	],
	"gui_light": "front",
	"display": {
		"thirdperson_righthand": {
			"rotation": [-22, 45, -180],
			"translation": [-5.25, -12, 9.25],
			"scale": [0.7, 0.7, 0.7]
		},
		"thirdperson_lefthand": {
			"rotation": [-22, 45, -180],
			"translation": [-5.25, -12, 9.25],
			"scale": [0.7, 0.7, 0.7]
		},
		"firstperson_righthand": {
			"scale": [0, 0, 0]
		},
		"firstperson_lefthand": {
			"scale": [0, 0, 0]
		},
		"ground": {
			"scale": [0.3, 0.3, 0.3]
		},
		"gui": {
			"rotation": [60, 45, 0],
			"translation": [0, 1.5, 0],
			"scale": [0.4, 0.4, 0.4]
		},
		"head": {
			"rotation": [0, 0, -180],
			"translation": [-8, -40, 0],
			"scale": [4, 4, 4]
		},
		"fixed": {
			"rotation": [90, 49, -180],
			"translation": [0, -0.5, -9.75]
		}
	}
}