{
	"__comment": "Designed by Moon with Cubik Studio - https://cubik.studio",
	"textures": {
		"beer": "item/etc/beer"
	},
	"elements": [ 	 
		{
			"__comment": "Voxels",
			"from": [ 0, 10, -5 ],
			"to": [ 12, 11, -4 ],
			"faces": {
				"down": { "uv": [ 6, 10.5, 12, 11 ], "texture": "#beer" },
				"up": { "uv": [ 0, 11.5, 6, 11 ], "texture": "#beer" },
				"north": { "uv": [ 12, 11, 6, 11.5 ], "texture": "#beer" },
				"south": { "uv": [ 0, 10.5, 6, 11 ], "texture": "#beer" },
				"west": { "uv": [ 15.5, 13.5, 16, 14 ], "texture": "#beer" },
				"east": { "uv": [ 15.5, 13.5, 15, 14 ], "texture": "#beer" }
			}
		},
		{
			"__comment": "Voxels",
			"from": [ 0, 11, -5 ],
			"to": [ 11, 13, -4 ],
			"faces": {
				"down": { "uv": [ 0, 10, 5.5, 10.5 ], "texture": "#beer" },
				"up": { "uv": [ 0, 9, 5.5, 8.5 ], "texture": "#beer" },
				"north": { "uv": [ 5.5, 11.5, 0, 12.5 ], "texture": "#beer" },
				"south": { "uv": [ 5.5, 11.5, 11, 12.5 ], "texture": "#beer" },
				"west": { "uv": [ 15.5, 12.5, 16, 13.5 ], "texture": "#beer" },
				"east": { "uv": [ 15.5, 12.5, 15, 13.5 ], "texture": "#beer" }
			}
		},
		{
			"__comment": "Voxels",
			"from": [ 1, 3, -5 ],
			"to": [ 12, 10, -4 ],
			"faces": {
				"down": { "uv": [ 0, 9.5, 5.5, 10 ], "texture": "#beer" },
				"up": { "uv": [ 0, 9.5, 5.5, 9 ], "texture": "#beer" },
				"north": { "uv": [ 5.5, 12.5, 0, 16 ], "texture": "#beer" },
				"south": { "uv": [ 5.5, 12.5, 11, 16 ], "texture": "#beer" },
				"west": { "uv": [ 0, 2.5, 0.5, 6 ], "texture": "#beer" },
				"east": { "uv": [ 1, 2.5, 0.5, 6 ], "texture": "#beer" }
			}
		},
		{
			"__comment": "Voxels",
			"from": [ 1, 13, -5 ],
			"to": [ 12, 14, -4 ],
			"faces": {
				"down": { "uv": [ 0, 8, 5.5, 8.5 ], "texture": "#beer" },
				"up": { "uv": [ 0, 8, 5.5, 7.5 ], "texture": "#beer" },
				"north": { "uv": [ 5.5, 7, 0, 7.5 ], "texture": "#beer" },
				"south": { "uv": [ 0, 6.5, 5.5, 7 ], "texture": "#beer" },
				"west": { "uv": [ 15.5, 15, 16, 15.5 ], "texture": "#beer" },
				"east": { "uv": [ 0.5, 1.5, 0, 2 ], "texture": "#beer" }
			}
		},
		{
			"__comment": "Voxels",
			"from": [ 2, 2, -5 ],
			"to": [ 10, 3, -4 ],
			"faces": {
				"down": { "uv": [ 11, 13.5, 15, 14 ], "texture": "#beer" },
				"up": { "uv": [ 11, 13.5, 15, 13 ], "texture": "#beer" },
				"north": { "uv": [ 15, 12.5, 11, 13 ], "texture": "#beer" },
				"south": { "uv": [ 11, 12, 15, 12.5 ], "texture": "#beer" },
				"west": { "uv": [ 15.5, 15.5, 16, 16 ], "texture": "#beer" },
				"east": { "uv": [ 0.5, 2, 0, 2.5 ], "texture": "#beer" }
			}
		},
		{
			"__comment": "Voxels",
			"from": [ 2, 14, -5 ],
			"to": [ 11, 15, -4 ],
			"faces": {
				"down": { "uv": [ 11, 15, 15.5, 15.5 ], "texture": "#beer" },
				"up": { "uv": [ 11, 14.5, 15.5, 14 ], "texture": "#beer" },
				"north": { "uv": [ 15.5, 14.5, 11, 15 ], "texture": "#beer" },
				"south": { "uv": [ 11, 15.5, 15.5, 16 ], "texture": "#beer" },
				"west": { "uv": [ 15.5, 10.5, 16, 11 ], "texture": "#beer" },
				"east": { "uv": [ 5.5, 6, 5, 6.5 ], "texture": "#beer" }
			}
		},
		{
			"__comment": "Voxels",
			"from": [ 3, 1, -5 ],
			"to": [ 9, 2, -4 ],
			"faces": {
				"down": { "uv": [ 1, 5, 4, 5.5 ], "texture": "#beer" },
				"up": { "uv": [ 1, 6, 4, 5.5 ], "texture": "#beer" },
				"north": { "uv": [ 4, 4.5, 1, 5 ], "texture": "#beer" },
				"south": { "uv": [ 1, 4, 4, 4.5 ], "texture": "#beer" },
				"west": { "uv": [ 15.5, 14.5, 16, 15 ], "texture": "#beer" },
				"east": { "uv": [ 16, 14, 15.5, 14.5 ], "texture": "#beer" }
			}
		},
		{
			"__comment": "Voxels",
			"from": [ 3, 15, -5 ],
			"to": [ 10, 16, -4 ],
			"faces": {
				"down": { "uv": [ 0, 6, 3.5, 6.5 ], "texture": "#beer" },
				"up": { "uv": [ 12, 11, 15.5, 10.5 ], "texture": "#beer" },
				"north": { "uv": [ 15.5, 11, 12, 11.5 ], "texture": "#beer" },
				"south": { "uv": [ 11, 11.5, 14.5, 12 ], "texture": "#beer" },
				"west": { "uv": [ 14.5, 11.5, 15, 12 ], "texture": "#beer" },
				"east": { "uv": [ 15.5, 12, 15, 12.5 ], "texture": "#beer" }
			}
		},
		{
			"__comment": "Voxels",
			"from": [ 11, 12, -5 ],
			"to": [ 12, 13, -4 ],
			"faces": {
				"down": { "uv": [ 15.5, 12, 16, 12.5 ], "texture": "#beer" },
				"up": { "uv": [ 15, 12, 15.5, 11.5 ], "texture": "#beer" },
				"north": { "uv": [ 16, 11.5, 15.5, 12 ], "texture": "#beer" },
				"south": { "uv": [ 15.5, 11, 16, 11.5 ], "texture": "#beer" },
				"west": { "uv": [ 0, 1, 0.5, 1.5 ], "texture": "#beer" },
				"east": { "uv": [ 4, 6, 3.5, 6.5 ], "texture": "#beer" }
			}
		},
		{
			"__comment": "Voxels",
			"from": [ 12, 4, -5 ],
			"to": [ 13, 10, -4 ],
			"faces": {
				"down": { "uv": [ 4, 6, 4.5, 6.5 ], "texture": "#beer" },
				"up": { "uv": [ 4.5, 6.5, 5, 6 ], "texture": "#beer" },
				"north": { "uv": [ 2, 1, 1.5, 4 ], "texture": "#beer" },
				"south": { "uv": [ 2, 1, 2.5, 4 ], "texture": "#beer" },
				"west": { "uv": [ 2.5, 1, 3, 4 ], "texture": "#beer" },
				"east": { "uv": [ 1.5, 1, 1, 4 ], "texture": "#beer" }
			}
		}
	],
	"display": {
		"thirdperson_righthand": {
			"rotation":  [ 27, 0, 0 ],
			"translation":  [ 1.3913, 0.0006, 8.3478 ],
			"scale":  [ 0.5, 0.5, 0.5 ]
		},
		"thirdperson_lefthand": {
			"rotation":  [ 27, 0, 0 ],
			"translation":  [ 0, 0.0006, 8.3478 ],
			"scale":  [ 0.5, 0.5, 0.5 ]
		},
		"firstperson_righthand": {
			"rotation":  [ 0, -9, -9 ],
			"translation":  [ 9.0434, -4.868, 0.6956 ]
		},
		"firstperson_lefthand": {
			"rotation":  [ 0, -9, -9 ],
			"translation":  [ 9.0434, -2.781, 0.6956 ]
		},
		"gui": {
			"translation":  [ 1.3913, -0.695, 0 ],
			"scale":  [ 0.7, 0.7, 0.7 ]
		},
		"head": {
			"rotation":  [ 0, -180, 0 ],
			"translation":  [ -1.391, 14.608, -10.43 ]
		},
		"ground": {
			"rotation":  [ -11, 0, 0 ],
			"translation":  [ 0, 12.521, 0 ]
		},
		"fixed": {
			"rotation":  [ 0, -180, 0 ],
			"translation":  [ -1.391, -0.695, -13.2 ]
		}
	}
}