{
	"__comment": "Designed by Su su with Cubik Studio - https://cubik.studio",
	"textures": {
		"particle": "item/etc/amethyst_sward",
		"texture": "item/etc/amethyst_sward",
		"diamond_pickaxe": "item/etc/amethyst_sward",
		"voxels_atlas": "item/etc/amethyst_sward"
	},
	"gui_light": "front",
	"elements": [ 	 
		{
			"__comment": "Voxels",
			"from": [ 0, 0, -2 ],
			"to": [ 3, 3, -1 ],
			"faces": {
				"down": { "uv": [ 4, 9, 5.5, 9.5 ], "texture": "#voxels_atlas" },
				"up": { "uv": [ 0, 13, 1.5, 12.5 ], "texture": "#voxels_atlas" },
				"north": { "uv": [ 1.5, 14.5, 0, 16 ], "texture": "#voxels_atlas" },
				"south": { "uv": [ 0, 13, 1.5, 14.5 ], "texture": "#voxels_atlas" },
				"west": { "uv": [ 0, 11, 0.5, 12.5 ], "texture": "#voxels_atlas" },
				"east": { "uv": [ 1, 11, 0.5, 12.5 ], "texture": "#voxels_atlas" }
			}
		},
		{
			"__comment": "Voxels",
			"from": [ 2, 3, -2 ],
			"to": [ 5, 4, -1 ],
			"faces": {
				"down": { "uv": [ 0, 10.5, 1.5, 11 ], "texture": "#voxels_atlas" },
				"up": { "uv": [ 0, 10.5, 1.5, 10 ], "texture": "#voxels_atlas" },
				"north": { "uv": [ 1.5, 9.5, 0, 10 ], "texture": "#voxels_atlas" },
				"south": { "uv": [ 0, 9, 1.5, 9.5 ], "texture": "#voxels_atlas" },
				"west": { "uv": [ 5, 10.5, 5.5, 11 ], "texture": "#voxels_atlas" },
				"east": { "uv": [ 5, 10.5, 4.5, 11 ], "texture": "#voxels_atlas" }
			}
		},
		{
			"__comment": "Voxels",
			"from": [ 2, 7, -2 ],
			"to": [ 10, 8, -1 ],
			"faces": {
				"down": { "uv": [ 1.5, 14, 5.5, 14.5 ], "texture": "#voxels_atlas" },
				"up": { "uv": [ 1.5, 16, 5.5, 15.5 ], "texture": "#voxels_atlas" },
				"north": { "uv": [ 5.5, 15, 1.5, 15.5 ], "texture": "#voxels_atlas" },
				"south": { "uv": [ 1.5, 14.5, 5.5, 15 ], "texture": "#voxels_atlas" },
				"west": { "uv": [ 8, 8, 8.5, 8.5 ], "texture": "#voxels_atlas" },
				"east": { "uv": [ 9, 11.5, 8.5, 12 ], "texture": "#voxels_atlas" }
			}
		},
		{
			"__comment": "Voxels",
			"from": [ 3, 2, -2 ],
			"to": [ 4, 3, -1 ],
			"faces": {
				"down": { "uv": [ 8.5, 11, 9, 11.5 ], "texture": "#voxels_atlas" },
				"up": { "uv": [ 8.5, 11, 9, 10.5 ], "texture": "#voxels_atlas" },
				"north": { "uv": [ 9, 8.5, 8.5, 9 ], "texture": "#voxels_atlas" },
				"south": { "uv": [ 8.5, 8, 9, 8.5 ], "texture": "#voxels_atlas" },
				"west": { "uv": [ 9, 13.5, 9.5, 14 ], "texture": "#voxels_atlas" },
				"east": { "uv": [ 9.5, 13, 9, 13.5 ], "texture": "#voxels_atlas" }
			}
		},
		{
			"__comment": "Voxels",
			"from": [ 3, 4, -2 ],
			"to": [ 9, 5, -1 ],
			"faces": {
				"down": { "uv": [ 1.5, 13, 4.5, 13.5 ], "texture": "#voxels_atlas" },
				"up": { "uv": [ 1.5, 13, 4.5, 12.5 ], "texture": "#voxels_atlas" },
				"north": { "uv": [ 4.5, 10, 1.5, 10.5 ], "texture": "#voxels_atlas" },
				"south": { "uv": [ 1.5, 11.5, 4.5, 12 ], "texture": "#voxels_atlas" },
				"west": { "uv": [ 1, 12, 1.5, 12.5 ], "texture": "#voxels_atlas" },
				"east": { "uv": [ 1.5, 11.5, 1, 12 ], "texture": "#voxels_atlas" }
			}
		},
		{
			"__comment": "Voxels",
			"from": [ 3, 6, -2 ],
			"to": [ 9, 7, -1 ],
			"faces": {
				"down": { "uv": [ 1.5, 13.5, 4.5, 14 ], "texture": "#voxels_atlas" },
				"up": { "uv": [ 1.5, 12.5, 4.5, 12 ], "texture": "#voxels_atlas" },
				"north": { "uv": [ 4.5, 11, 1.5, 11.5 ], "texture": "#voxels_atlas" },
				"south": { "uv": [ 1.5, 10.5, 4.5, 11 ], "texture": "#voxels_atlas" },
				"west": { "uv": [ 1, 11, 1.5, 11.5 ], "texture": "#voxels_atlas" },
				"east": { "uv": [ 5, 11.5, 4.5, 12 ], "texture": "#voxels_atlas" }
			}
		},
		{
			"__comment": "Voxels",
			"from": [ 3, 8, -2 ],
			"to": [ 5, 9, -1 ],
			"faces": {
				"down": { "uv": [ 4.5, 13.5, 5.5, 14 ], "texture": "#voxels_atlas" },
				"up": { "uv": [ 4.5, 13.5, 5.5, 13 ], "texture": "#voxels_atlas" },
				"north": { "uv": [ 5.5, 12.5, 4.5, 13 ], "texture": "#voxels_atlas" },
				"south": { "uv": [ 4.5, 12, 5.5, 12.5 ], "texture": "#voxels_atlas" },
				"west": { "uv": [ 5, 11.5, 5.5, 12 ], "texture": "#voxels_atlas" },
				"east": { "uv": [ 8.5, 13.5, 8, 14 ], "texture": "#voxels_atlas" }
			}
		},
		{
			"__comment": "Voxels",
			"from": [ 4, 5, -2 ],
			"to": [ 8, 6, -1 ],
			"faces": {
				"down": { "uv": [ 8, 14.5, 10, 15 ], "texture": "#voxels_atlas" },
				"up": { "uv": [ 10, 15, 12, 14.5 ], "texture": "#voxels_atlas" },
				"north": { "uv": [ 12.5, 15, 10.5, 15.5 ], "texture": "#voxels_atlas" },
				"south": { "uv": [ 12.5, 15, 14.5, 15.5 ], "texture": "#voxels_atlas" },
				"west": { "uv": [ 4.5, 11, 5, 11.5 ], "texture": "#voxels_atlas" },
				"east": { "uv": [ 5.5, 11, 5, 11.5 ], "texture": "#voxels_atlas" }
			}
		},
		{
			"__comment": "Voxels",
			"from": [ 6, 3, -2 ],
			"to": [ 9, 4, -1 ],
			"faces": {
				"down": { "uv": [ 0, 8, 1.5, 8.5 ], "texture": "#voxels_atlas" },
				"up": { "uv": [ 4, 10, 5.5, 9.5 ], "texture": "#voxels_atlas" },
				"north": { "uv": [ 1.5, 8.5, 0, 9 ], "texture": "#voxels_atlas" },
				"south": { "uv": [ 4, 8.5, 5.5, 9 ], "texture": "#voxels_atlas" },
				"west": { "uv": [ 4.5, 10, 5, 10.5 ], "texture": "#voxels_atlas" },
				"east": { "uv": [ 5.5, 10, 5, 10.5 ], "texture": "#voxels_atlas" }
			}
		},
		{
			"__comment": "Voxels",
			"from": [ 6, 8, -2 ],
			"to": [ 11, 9, -1 ],
			"faces": {
				"down": { "uv": [ 1.5, 8, 4, 8.5 ], "texture": "#voxels_atlas" },
				"up": { "uv": [ 5.5, 9.5, 8, 9 ], "texture": "#voxels_atlas" },
				"north": { "uv": [ 8, 8.5, 5.5, 9 ], "texture": "#voxels_atlas" },
				"south": { "uv": [ 5.5, 8, 8, 8.5 ], "texture": "#voxels_atlas" },
				"west": { "uv": [ 15.5, 14, 16, 14.5 ], "texture": "#voxels_atlas" },
				"east": { "uv": [ 8.5, 13, 8, 13.5 ], "texture": "#voxels_atlas" }
			}
		},
		{
			"__comment": "Voxels",
			"from": [ 7, 2, -2 ],
			"to": [ 8, 3, -1 ],
			"faces": {
				"down": { "uv": [ 8, 11.5, 8.5, 12 ], "texture": "#voxels_atlas" },
				"up": { "uv": [ 8, 10.5, 8.5, 10 ], "texture": "#voxels_atlas" },
				"north": { "uv": [ 8.5, 8.5, 8, 9 ], "texture": "#voxels_atlas" },
				"south": { "uv": [ 8.5, 10, 9, 10.5 ], "texture": "#voxels_atlas" },
				"west": { "uv": [ 8.5, 13.5, 9, 14 ], "texture": "#voxels_atlas" },
				"east": { "uv": [ 15.5, 14, 15, 14.5 ], "texture": "#voxels_atlas" }
			}
		},
		{
			"__comment": "Voxels",
			"from": [ 7, 9, -2 ],
			"to": [ 12, 10, -1 ],
			"faces": {
				"down": { "uv": [ 8, 15.5, 10.5, 16 ], "texture": "#voxels_atlas" },
				"up": { "uv": [ 5.5, 10, 8, 9.5 ], "texture": "#voxels_atlas" },
				"north": { "uv": [ 13, 15.5, 10.5, 16 ], "texture": "#voxels_atlas" },
				"south": { "uv": [ 13, 15.5, 15.5, 16 ], "texture": "#voxels_atlas" },
				"west": { "uv": [ 8, 11, 8.5, 11.5 ], "texture": "#voxels_atlas" },
				"east": { "uv": [ 8.5, 10.5, 8, 11 ], "texture": "#voxels_atlas" }
			}
		},
		{
			"__comment": "Voxels",
			"from": [ 8, 10, -2 ],
			"to": [ 13, 11, -1 ],
			"faces": {
				"down": { "uv": [ 8, 15, 10.5, 15.5 ], "texture": "#voxels_atlas" },
				"up": { "uv": [ 1.5, 10, 4, 9.5 ], "texture": "#voxels_atlas" },
				"north": { "uv": [ 4, 9, 1.5, 9.5 ], "texture": "#voxels_atlas" },
				"south": { "uv": [ 1.5, 8.5, 4, 9 ], "texture": "#voxels_atlas" },
				"west": { "uv": [ 8.5, 13, 9, 13.5 ], "texture": "#voxels_atlas" },
				"east": { "uv": [ 16, 15.5, 15.5, 16 ], "texture": "#voxels_atlas" }
			}
		},
		{
			"__comment": "Voxels",
			"from": [ 9, 11, -2 ],
			"to": [ 14, 12, -1 ],
			"faces": {
				"down": { "uv": [ 5.5, 15.5, 8, 16 ], "texture": "#voxels_atlas" },
				"up": { "uv": [ 5.5, 15.5, 8, 15 ], "texture": "#voxels_atlas" },
				"north": { "uv": [ 8, 14.5, 5.5, 15 ], "texture": "#voxels_atlas" },
				"south": { "uv": [ 5.5, 14, 8, 14.5 ], "texture": "#voxels_atlas" },
				"west": { "uv": [ 8, 12.5, 8.5, 13 ], "texture": "#voxels_atlas" },
				"east": { "uv": [ 8.5, 12, 8, 12.5 ], "texture": "#voxels_atlas" }
			}
		},
		{
			"__comment": "Voxels",
			"from": [ 10, 12, -2 ],
			"to": [ 15, 13, -1 ],
			"faces": {
				"down": { "uv": [ 5.5, 13.5, 8, 14 ], "texture": "#voxels_atlas" },
				"up": { "uv": [ 5.5, 13.5, 8, 13 ], "texture": "#voxels_atlas" },
				"north": { "uv": [ 8, 12.5, 5.5, 13 ], "texture": "#voxels_atlas" },
				"south": { "uv": [ 5.5, 12, 8, 12.5 ], "texture": "#voxels_atlas" },
				"west": { "uv": [ 8, 9.5, 8.5, 10 ], "texture": "#voxels_atlas" },
				"east": { "uv": [ 8.5, 9, 8, 9.5 ], "texture": "#voxels_atlas" }
			}
		},
		{
			"__comment": "Voxels",
			"from": [ 11, 13, -2 ],
			"to": [ 16, 14, -1 ],
			"faces": {
				"down": { "uv": [ 5.5, 11.5, 8, 12 ], "texture": "#voxels_atlas" },
				"up": { "uv": [ 5.5, 11.5, 8, 11 ], "texture": "#voxels_atlas" },
				"north": { "uv": [ 8, 10.5, 5.5, 11 ], "texture": "#voxels_atlas" },
				"south": { "uv": [ 5.5, 10, 8, 10.5 ], "texture": "#voxels_atlas" },
				"west": { "uv": [ 8.5, 12.5, 9, 13 ], "texture": "#voxels_atlas" },
				"east": { "uv": [ 9, 12, 8.5, 12.5 ], "texture": "#voxels_atlas" }
			}
		},
		{
			"__comment": "Voxels",
			"from": [ 12, 14, -2 ],
			"to": [ 16, 15, -1 ],
			"faces": {
				"down": { "uv": [ 14, 14.5, 16, 15 ], "texture": "#voxels_atlas" },
				"up": { "uv": [ 8, 14.5, 10, 14 ], "texture": "#voxels_atlas" },
				"north": { "uv": [ 12, 14, 10, 14.5 ], "texture": "#voxels_atlas" },
				"south": { "uv": [ 12, 14.5, 14, 15 ], "texture": "#voxels_atlas" },
				"west": { "uv": [ 8.5, 9.5, 9, 10 ], "texture": "#voxels_atlas" },
				"east": { "uv": [ 9, 9, 8.5, 9.5 ], "texture": "#voxels_atlas" }
			}
		},
		{
			"__comment": "Voxels",
			"from": [ 13, 15, -2 ],
			"to": [ 16, 16, -1 ],
			"faces": {
				"down": { "uv": [ 4, 8, 5.5, 8.5 ], "texture": "#voxels_atlas" },
				"up": { "uv": [ 14.5, 15.5, 16, 15 ], "texture": "#voxels_atlas" },
				"north": { "uv": [ 13.5, 14, 12, 14.5 ], "texture": "#voxels_atlas" },
				"south": { "uv": [ 13.5, 14, 15, 14.5 ], "texture": "#voxels_atlas" },
				"west": { "uv": [ 9, 12.5, 9.5, 13 ], "texture": "#voxels_atlas" },
				"east": { "uv": [ 9.5, 12, 9, 12.5 ], "texture": "#voxels_atlas" }
			}
		}
	],
	"display": {
		"thirdperson_righthand": {
			"rotation":  [ -59, -90, -3 ],
			"translation":  [ -9.724, 4.1739, 0 ]
		},
		"thirdperson_lefthand": {
			"rotation":  [ -59, -90, -97 ],
			"translation":  [ -9.724, 4.1739, 0 ]
		},
		"firstperson_righthand": {
			"rotation":  [ 0, -85, 20 ],
			"translation":  [ -5.562, 2.0882, -2.767 ]
		},
		"firstperson_lefthand": {
			"rotation":  [ 0, -85, -72 ],
			"translation":  [ -5.562, 2.0882, -2.767 ]
		},
		"ground": {
			"translation":  [ 0, 3.4782, 6.2608 ],
			"scale":  [ 0.7, 0.7, 0.7 ]
		},
		"fixed": {
			"translation":  [ 0, 0, 8.3478 ]
		}
	}
}