{
	"__comment": "Designed by Su su with Cubik Studio - https://cubik.studio",
	"textures": {
		"particle": "item/etc/amethyst_shovel",
		"texture": "item/etc/amethyst_shovel",
		"diamond_pickaxe": "item/etc/amethyst_shovele",
		"voxels_atlas": "item/etc/amethyst_shovel"
	},
	"gui_light": "front",
	"elements": [ 	 
		{
			"__comment": "Voxels",
			"from": [ 0, 0, -2 ],
			"to": [ 2, 2, -1 ],
			"faces": {
				"down": { "uv": [ 7, 14.5, 8, 15 ], "texture": "#voxels_atlas" },
				"up": { "uv": [ 3, 8.5, 4, 8 ], "texture": "#voxels_atlas" },
				"north": { "uv": [ 8, 15, 7, 16 ], "texture": "#voxels_atlas" },
				"south": { "uv": [ 0, 10.5, 1, 11.5 ], "texture": "#voxels_atlas" },
				"west": { "uv": [ 0, 7, 0.5, 8 ], "texture": "#voxels_atlas" },
				"east": { "uv": [ 0.5, 6, 0, 7 ], "texture": "#voxels_atlas" }
			}
		},
		{
			"__comment": "Voxels",
			"from": [ 1, 2, -2 ],
			"to": [ 4, 3, -1 ],
			"faces": {
				"down": { "uv": [ 2.5, 10.5, 4, 11 ], "texture": "#voxels_atlas" },
				"up": { "uv": [ 1.5, 9, 3, 8.5 ], "texture": "#voxels_atlas" },
				"north": { "uv": [ 4.5, 8.5, 3, 9 ], "texture": "#voxels_atlas" },
				"south": { "uv": [ 4.5, 8.5, 6, 9 ], "texture": "#voxels_atlas" },
				"west": { "uv": [ 0, 3.5, 0.5, 4 ], "texture": "#voxels_atlas" },
				"east": { "uv": [ 0.5, 4, 0, 4.5 ], "texture": "#voxels_atlas" }
			}
		},
		{
			"__comment": "Voxels",
			"from": [ 2, 1, -2 ],
			"to": [ 3, 2, -1 ],
			"faces": {
				"down": { "uv": [ 5, 7.5, 5.5, 8 ], "texture": "#voxels_atlas" },
				"up": { "uv": [ 0, 5, 0.5, 4.5 ], "texture": "#voxels_atlas" },
				"north": { "uv": [ 8, 8.5, 7.5, 9 ], "texture": "#voxels_atlas" },
				"south": { "uv": [ 7.5, 9, 8, 9.5 ], "texture": "#voxels_atlas" },
				"west": { "uv": [ 7.5, 9.5, 8, 10 ], "texture": "#voxels_atlas" },
				"east": { "uv": [ 8, 10, 7.5, 10.5 ], "texture": "#voxels_atlas" }
			}
		},
		{
			"__comment": "Voxels",
			"from": [ 2, 3, -2 ],
			"to": [ 5, 4, -1 ],
			"faces": {
				"down": { "uv": [ 0, 8, 1.5, 8.5 ], "texture": "#voxels_atlas" },
				"up": { "uv": [ 6, 12.5, 7.5, 12 ], "texture": "#voxels_atlas" },
				"north": { "uv": [ 7.5, 11.5, 6, 12 ], "texture": "#voxels_atlas" },
				"south": { "uv": [ 1, 11, 2.5, 11.5 ], "texture": "#voxels_atlas" },
				"west": { "uv": [ 6, 7.5, 6.5, 8 ], "texture": "#voxels_atlas" },
				"east": { "uv": [ 6, 7.5, 5.5, 8 ], "texture": "#voxels_atlas" }
			}
		},
		{
			"__comment": "Voxels",
			"from": [ 3, 4, -2 ],
			"to": [ 6, 5, -1 ],
			"faces": {
				"down": { "uv": [ 6, 10, 7.5, 10.5 ], "texture": "#voxels_atlas" },
				"up": { "uv": [ 1, 11, 2.5, 10.5 ], "texture": "#voxels_atlas" },
				"north": { "uv": [ 4, 11, 2.5, 11.5 ], "texture": "#voxels_atlas" },
				"south": { "uv": [ 0, 8.5, 1.5, 9 ], "texture": "#voxels_atlas" },
				"west": { "uv": [ 4.5, 7.5, 5, 8 ], "texture": "#voxels_atlas" },
				"east": { "uv": [ 2.5, 7.5, 2, 8 ], "texture": "#voxels_atlas" }
			}
		},
		{
			"__comment": "Voxels",
			"from": [ 4, 5, -2 ],
			"to": [ 7, 6, -1 ],
			"faces": {
				"down": { "uv": [ 5.5, 11, 7, 11.5 ], "texture": "#voxels_atlas" },
				"up": { "uv": [ 5.5, 11, 7, 10.5 ], "texture": "#voxels_atlas" },
				"north": { "uv": [ 1.5, 10, 0, 10.5 ], "texture": "#voxels_atlas" },
				"south": { "uv": [ 1.5, 10, 3, 10.5 ], "texture": "#voxels_atlas" },
				"west": { "uv": [ 1.5, 7.5, 2, 8 ], "texture": "#voxels_atlas" },
				"east": { "uv": [ 0.5, 0, 0, 0.5 ], "texture": "#voxels_atlas" }
			}
		},
		{
			"__comment": "Voxels",
			"from": [ 5, 6, -2 ],
			"to": [ 8, 7, -1 ],
			"faces": {
				"down": { "uv": [ 6, 8.5, 7.5, 9 ], "texture": "#voxels_atlas" },
				"up": { "uv": [ 0, 10, 1.5, 9.5 ], "texture": "#voxels_atlas" },
				"north": { "uv": [ 3, 9.5, 1.5, 10 ], "texture": "#voxels_atlas" },
				"south": { "uv": [ 3, 9.5, 4.5, 10 ], "texture": "#voxels_atlas" },
				"west": { "uv": [ 0, 0.5, 0.5, 1 ], "texture": "#voxels_atlas" },
				"east": { "uv": [ 0.5, 3, 0, 3.5 ], "texture": "#voxels_atlas" }
			}
		},
		{
			"__comment": "Voxels",
			"from": [ 6, 7, -2 ],
			"to": [ 9, 8, -1 ],
			"faces": {
				"down": { "uv": [ 0, 9, 1.5, 9.5 ], "texture": "#voxels_atlas" },
				"up": { "uv": [ 1.5, 9.5, 3, 9 ], "texture": "#voxels_atlas" },
				"north": { "uv": [ 4.5, 9, 3, 9.5 ], "texture": "#voxels_atlas" },
				"south": { "uv": [ 6, 9.5, 7.5, 10 ], "texture": "#voxels_atlas" },
				"west": { "uv": [ 0, 5, 0.5, 5.5 ], "texture": "#voxels_atlas" },
				"east": { "uv": [ 0.5, 5.5, 0, 6 ], "texture": "#voxels_atlas" }
			}
		},
		{
			"__comment": "Voxels",
			"from": [ 7, 8, -2 ],
			"to": [ 10, 9, -1 ],
			"faces": {
				"down": { "uv": [ 4, 11, 5.5, 11.5 ], "texture": "#voxels_atlas" },
				"up": { "uv": [ 6, 9.5, 7.5, 9 ], "texture": "#voxels_atlas" },
				"north": { "uv": [ 6, 9, 4.5, 9.5 ], "texture": "#voxels_atlas" },
				"south": { "uv": [ 1.5, 8, 3, 8.5 ], "texture": "#voxels_atlas" },
				"west": { "uv": [ 0, 1.5, 0.5, 2 ], "texture": "#voxels_atlas" },
				"east": { "uv": [ 0.5, 1, 0, 1.5 ], "texture": "#voxels_atlas" }
			}
		},
		{
			"__comment": "Voxels",
			"from": [ 8, 9, -2 ],
			"to": [ 11, 10, -1 ],
			"faces": {
				"down": { "uv": [ 4.5, 9.5, 6, 10 ], "texture": "#voxels_atlas" },
				"up": { "uv": [ 4.5, 10.5, 6, 10 ], "texture": "#voxels_atlas" },
				"north": { "uv": [ 4.5, 10, 3, 10.5 ], "texture": "#voxels_atlas" },
				"south": { "uv": [ 4, 10.5, 5.5, 11 ], "texture": "#voxels_atlas" },
				"west": { "uv": [ 2.5, 7.5, 3, 8 ], "texture": "#voxels_atlas" },
				"east": { "uv": [ 3.5, 7.5, 3, 8 ], "texture": "#voxels_atlas" }
			}
		},
		{
			"__comment": "Voxels",
			"from": [ 9, 10, -2 ],
			"to": [ 15, 11, -1 ],
			"faces": {
				"down": { "uv": [ 0, 12.5, 3, 13 ], "texture": "#voxels_atlas" },
				"up": { "uv": [ 3, 14.5, 6, 14 ], "texture": "#voxels_atlas" },
				"north": { "uv": [ 6, 13, 3, 13.5 ], "texture": "#voxels_atlas" },
				"south": { "uv": [ 0, 13.5, 3, 14 ], "texture": "#voxels_atlas" },
				"west": { "uv": [ 7.5, 12, 8, 12.5 ], "texture": "#voxels_atlas" },
				"east": { "uv": [ 8, 11.5, 7.5, 12 ], "texture": "#voxels_atlas" }
			}
		},
		{
			"__comment": "Voxels",
			"from": [ 9, 12, -2 ],
			"to": [ 16, 14, -1 ],
			"faces": {
				"down": { "uv": [ 3.5, 14.5, 7, 15 ], "texture": "#voxels_atlas" },
				"up": { "uv": [ 0, 15, 3.5, 14.5 ], "texture": "#voxels_atlas" },
				"north": { "uv": [ 7, 15, 3.5, 16 ], "texture": "#voxels_atlas" },
				"south": { "uv": [ 0, 15, 3.5, 16 ], "texture": "#voxels_atlas" },
				"west": { "uv": [ 7, 10.5, 7.5, 11.5 ], "texture": "#voxels_atlas" },
				"east": { "uv": [ 8, 10.5, 7.5, 11.5 ], "texture": "#voxels_atlas" }
			}
		},
		{
			"__comment": "Voxels",
			"from": [ 10, 11, -2 ],
			"to": [ 16, 12, -1 ],
			"faces": {
				"down": { "uv": [ 0, 14, 3, 14.5 ], "texture": "#voxels_atlas" },
				"up": { "uv": [ 0, 13.5, 3, 13 ], "texture": "#voxels_atlas" },
				"north": { "uv": [ 6, 13.5, 3, 14 ], "texture": "#voxels_atlas" },
				"south": { "uv": [ 0, 12, 3, 12.5 ], "texture": "#voxels_atlas" },
				"west": { "uv": [ 0, 2.5, 0.5, 3 ], "texture": "#voxels_atlas" },
				"east": { "uv": [ 0.5, 2, 0, 2.5 ], "texture": "#voxels_atlas" }
			}
		},
		{
			"__comment": "Voxels",
			"from": [ 10, 14, -2 ],
			"to": [ 16, 15, -1 ],
			"faces": {
				"down": { "uv": [ 3, 12, 6, 12.5 ], "texture": "#voxels_atlas" },
				"up": { "uv": [ 3, 13, 6, 12.5 ], "texture": "#voxels_atlas" },
				"north": { "uv": [ 3, 11.5, 0, 12 ], "texture": "#voxels_atlas" },
				"south": { "uv": [ 3, 11.5, 6, 12 ], "texture": "#voxels_atlas" },
				"west": { "uv": [ 0.5, 7.5, 1, 8 ], "texture": "#voxels_atlas" },
				"east": { "uv": [ 1.5, 7.5, 1, 8 ], "texture": "#voxels_atlas" }
			}
		},
		{
			"__comment": "Voxels",
			"from": [ 11, 15, -2 ],
			"to": [ 15, 16, -1 ],
			"faces": {
				"down": { "uv": [ 6, 13.5, 8, 14 ], "texture": "#voxels_atlas" },
				"up": { "uv": [ 6, 13.5, 8, 13 ], "texture": "#voxels_atlas" },
				"north": { "uv": [ 8, 12.5, 6, 13 ], "texture": "#voxels_atlas" },
				"south": { "uv": [ 6, 14, 8, 14.5 ], "texture": "#voxels_atlas" },
				"west": { "uv": [ 3.5, 7.5, 4, 8 ], "texture": "#voxels_atlas" },
				"east": { "uv": [ 4.5, 7.5, 4, 8 ], "texture": "#voxels_atlas" }
			}
		},
		{
			"__comment": "Voxels",
			"from": [ 12, 9, -2 ],
			"to": [ 14, 10, -1 ],
			"faces": {
				"down": { "uv": [ 4, 8, 5, 8.5 ], "texture": "#voxels_atlas" },
				"up": { "uv": [ 5, 8.5, 6, 8 ], "texture": "#voxels_atlas" },
				"north": { "uv": [ 7, 8, 6, 8.5 ], "texture": "#voxels_atlas" },
				"south": { "uv": [ 7, 8, 8, 8.5 ], "texture": "#voxels_atlas" },
				"west": { "uv": [ 6.5, 7.5, 7, 8 ], "texture": "#voxels_atlas" },
				"east": { "uv": [ 7.5, 7.5, 7, 8 ], "texture": "#voxels_atlas" }
			}
		}
	],
	"display": {
		"thirdperson_righthand": {
			"rotation":  [ 0, -90, 50 ],
			"translation":  [ -9.04, 2.782, 1.391 ],
			"scale":  [ 0.9, 0.9, 0.9 ]
		},
		"thirdperson_lefthand": {
			"rotation":  [ 0, -90, -50 ],
			"translation":  [ -9.04, 2.782, 2.086 ],
			"scale":  [ 0.9, 0.9, 0.9 ]
		},
		"firstperson_righthand": {
			"rotation":  [ 0, -79, 33 ],
			"translation":  [ 0, -0.201, -6.948 ]
		},
		"firstperson_lefthand": {
			"rotation":  [ 0, -79, -59 ],
			"translation":  [ 0, -0.201, -6.948 ]
		},
		"gui": {
			"scale":  [ 0.8, 0.8, 0.8 ]
		},
		"ground": {
			"translation":  [ 0, 2.7825, 5.5652 ],
			"scale":  [ 0.6, 0.6, 0.6 ]
		},
		"fixed": {
			"rotation":  [ 0, -180, 0 ],
			"translation":  [ 0, 0, -10.17 ]
		}
	}
}