{
	"credit": "Made with Blockbench",
	"texture_size": [32, 32],
	"textures": {
		"0": "item/etc/big_flag2",
		"particle": "item/etc/big_flag2"
	},
	"gui_light": "front",
	"elements": [
		{
			"name": "circle",
			"from": [7.5, 21, 6.5],
			"to": [9.5, 23, 8.5],
			"rotation": {"angle": 0, "axis": "y", "origin": [8.5, 0, 7.5]},
			"faces": {
				"north": {"uv": [8.5, 8, 9.5, 9], "texture": "#0"},
				"east": {"uv": [0, 9, 1, 10], "texture": "#0"},
				"south": {"uv": [1, 9, 2, 10], "texture": "#0"},
				"west": {"uv": [2, 9, 3, 10], "texture": "#0"},
				"up": {"uv": [4, 10, 3, 9], "texture": "#0"},
				"down": {"uv": [9.5, 9, 8.5, 10], "texture": "#0"}
			}
		},
		{
			"name": "stick",
			"from": [8, 0, 7],
			"to": [9, 21, 8],
			"rotation": {"angle": 0, "axis": "y", "origin": [8.5, 0, 7.5]},
			"faces": {
				"north": {"uv": [6, 4, 6.5, 14.5], "texture": "#0"},
				"east": {"uv": [6.5, 4, 7, 14.5], "texture": "#0"},
				"south": {"uv": [7, 0, 7.5, 10.5], "texture": "#0"},
				"west": {"uv": [7.5, 0, 8, 10.5], "texture": "#0"},
				"up": {"uv": [5.5, 4.5, 5, 4], "texture": "#0"},
				"down": {"uv": [6, 4, 5.5, 4.5], "texture": "#0"}
			}
		},
		{
			"name": "flag",
			"from": [9, 12, 7.25],
			"to": [14, 21, 7.75],
			"rotation": {"angle": 0, "axis": "y", "origin": [8.5, 0, 7.5]},
			"color": 7,
			"faces": {
				"north": {"uv": [0, 0, 2.5, 4.5], "texture": "#missing"},
				"east": {"uv": [8, 0, 8.25, 4.5], "texture": "#missing"},
				"south": {"uv": [2.5, 0, 5, 4.5], "texture": "#missing"},
				"west": {"uv": [8, 4.5, 8.25, 9], "texture": "#missing"},
				"up": {"uv": [11.5, 5.75, 9, 5.5], "texture": "#missing"},
				"down": {"uv": [11.5, 6, 9, 6.25], "texture": "#missing"}
			}
		},
		{
			"name": "flag",
			"from": [14, 11.4, 7.25],
			"to": [18, 20.4, 7.75],
			"rotation": {"angle": 0, "axis": "y", "origin": [8.5, 0, 7.5]},
			"color": 7,
			"faces": {
				"north": {"uv": [0, 4.5, 2, 9], "texture": "#missing"},
				"east": {"uv": [8.5, 0, 8.75, 4.5], "texture": "#missing"},
				"south": {"uv": [2, 4.5, 4, 9], "texture": "#missing"},
				"west": {"uv": [8.5, 4.5, 8.75, 9], "texture": "#missing"},
				"up": {"uv": [11, 6.75, 9, 6.5], "texture": "#missing"},
				"down": {"uv": [11, 7, 9, 7.25], "texture": "#missing"}
			}
		},
		{
			"name": "flag",
			"from": [18, 11, 7.25],
			"to": [22, 19.2, 7.75],
			"rotation": {"angle": 0, "axis": "y", "origin": [8.5, 0, 7.5]},
			"color": 7,
			"faces": {
				"north": {"uv": [4, 4.5, 6, 8.625], "texture": "#missing"},
				"east": {"uv": [0, 9, 0.25, 13.125], "texture": "#missing"},
				"south": {"uv": [5, 0, 7, 4.125], "texture": "#missing"},
				"west": {"uv": [9, 0, 9.25, 4.125], "texture": "#missing"},
				"up": {"uv": [11, 7.75, 9, 7.5], "texture": "#missing"},
				"down": {"uv": [10, 9, 8, 9.25], "texture": "#missing"}
			}
		},
		{
			"name": "flag",
			"from": [9, 12, 7.25],
			"to": [14, 21, 7.75],
			"rotation": {"angle": 0, "axis": "y", "origin": [8.5, 0, 7.5]},
			"faces": {
				"north": {"uv": [0, 0, 2.5, 4.5], "texture": "#0"},
				"east": {"uv": [8, 8, 8.25, 12.5], "texture": "#0"},
				"south": {"uv": [2.5, 0, 5, 4.5], "texture": "#0"},
				"west": {"uv": [4, 8.5, 4.25, 13], "texture": "#0"},
				"up": {"uv": [2.5, 10.25, 0, 10], "texture": "#0"},
				"down": {"uv": [12.5, 0, 10, 0.25], "texture": "#0"}
			}
		},
		{
			"name": "flag",
			"from": [14, 11.4, 7.25],
			"to": [18, 20.4, 7.75],
			"rotation": {"angle": 0, "axis": "y", "origin": [8.5, 0, 7.5]},
			"faces": {
				"north": {"uv": [0, 4.5, 2, 9], "texture": "#0"},
				"east": {"uv": [4.5, 8.5, 4.75, 13], "texture": "#0"},
				"south": {"uv": [2, 4.5, 4, 9], "texture": "#0"},
				"west": {"uv": [5, 8.5, 5.25, 13], "texture": "#0"},
				"up": {"uv": [12, 0.75, 10, 0.5], "texture": "#0"},
				"down": {"uv": [12, 1, 10, 1.25], "texture": "#0"}
			}
		},
		{
			"name": "flag",
			"from": [18, 11, 7.25],
			"to": [22, 19.2, 7.75],
			"rotation": {"angle": 0, "axis": "y", "origin": [8.5, 0, 7.5]},
			"faces": {
				"north": {"uv": [4, 4.5, 6, 8.5], "texture": "#0"},
				"east": {"uv": [5.5, 8.5, 5.75, 12.5], "texture": "#0"},
				"south": {"uv": [5, 0, 7, 4], "texture": "#0"},
				"west": {"uv": [9.5, 8, 9.75, 12], "texture": "#0"},
				"up": {"uv": [12, 1.75, 10, 1.5], "texture": "#0"},
				"down": {"uv": [12, 2, 10, 2.25], "texture": "#0"}
			}
		},
		{
			"from": [10.3, 17.7, 7.8],
			"to": [12.7, 18.1, 7.8],
			"rotation": {"angle": 45, "axis": "z", "origin": [10.1, 18, 9.95]},
			"faces": {
				"north": {"uv": [2.5, 10, 3.75, 10.25], "texture": "#0"},
				"east": {"uv": [0, 0, 0, 0.25], "texture": "#0"},
				"south": {"uv": [10, 2.5, 11.25, 2.75], "texture": "#0"},
				"west": {"uv": [0, 0, 0, 0.25], "texture": "#0"},
				"up": {"uv": [1.25, 0, 0, 0], "texture": "#0"},
				"down": {"uv": [1.25, 0, 0, 0], "texture": "#0"}
			}
		},
		{
			"from": [10.3, 17.2, 7.8],
			"to": [12.7, 17.6, 7.8],
			"rotation": {"angle": 45, "axis": "z", "origin": [10.1, 18, 9.95]},
			"faces": {
				"north": {"uv": [10, 3, 11.25, 3.25], "texture": "#0"},
				"east": {"uv": [0, 0, 0, 0.25], "texture": "#0"},
				"south": {"uv": [10, 3.5, 11.25, 3.75], "texture": "#0"},
				"west": {"uv": [0, 0, 0, 0.25], "texture": "#0"},
				"up": {"uv": [1.25, 0, 0, 0], "texture": "#0"},
				"down": {"uv": [1.25, 0, 0, 0], "texture": "#0"}
			}
		},
		{
			"from": [10.3, 16.7, 7.8],
			"to": [12.7, 17.1, 7.8],
			"rotation": {"angle": 45, "axis": "z", "origin": [10.1, 18, 9.95]},
			"faces": {
				"north": {"uv": [10, 4, 11.25, 4.25], "texture": "#0"},
				"east": {"uv": [0, 0, 0, 0.25], "texture": "#0"},
				"south": {"uv": [10, 4.5, 11.25, 4.75], "texture": "#0"},
				"west": {"uv": [0, 0, 0, 0.25], "texture": "#0"},
				"up": {"uv": [1.25, 0, 0, 0], "texture": "#0"},
				"down": {"uv": [1.25, 0, 0, 0], "texture": "#0"}
			}
		},
		{
			"from": [18.3, 16.9, 7.8],
			"to": [19.2, 17.3, 7.8],
			"rotation": {"angle": -45, "axis": "z", "origin": [20.9, 17, 9.95]},
			"faces": {
				"north": {"uv": [8.5, 10, 9, 10.25], "texture": "#0"},
				"east": {"uv": [0, 0, 0, 0.25], "texture": "#0"},
				"south": {"uv": [9, 10, 9.5, 10.25], "texture": "#0"},
				"west": {"uv": [0, 0, 0, 0.25], "texture": "#0"},
				"up": {"uv": [0.5, 0, 0, 0], "texture": "#0"},
				"down": {"uv": [0.5, 0, 0, 0], "texture": "#0"}
			}
		},
		{
			"from": [19.75, 16.9, 7.8],
			"to": [20.65, 17.3, 7.8],
			"rotation": {"angle": -45, "axis": "z", "origin": [20.9, 17, 9.95]},
			"faces": {
				"north": {"uv": [7, 10.5, 7.5, 10.75], "texture": "#0"},
				"east": {"uv": [0, 0, 0, 0.25], "texture": "#0"},
				"south": {"uv": [7.5, 10.5, 8, 10.75], "texture": "#0"},
				"west": {"uv": [0, 0, 0, 0.25], "texture": "#0"},
				"up": {"uv": [0.5, 0, 0, 0], "texture": "#0"},
				"down": {"uv": [0.5, 0, 0, 0], "texture": "#0"}
			}
		},
		{
			"from": [19.75, 15.9, 7.8],
			"to": [20.65, 16.3, 7.8],
			"rotation": {"angle": -45, "axis": "z", "origin": [20.9, 17, 9.95]},
			"faces": {
				"north": {"uv": [3, 11, 3.5, 11.25], "texture": "#0"},
				"east": {"uv": [0, 0, 0, 0.25], "texture": "#0"},
				"south": {"uv": [3.5, 11, 4, 11.25], "texture": "#0"},
				"west": {"uv": [0, 0, 0, 0.25], "texture": "#0"},
				"up": {"uv": [0.5, 0, 0, 0], "texture": "#0"},
				"down": {"uv": [0.5, 0, 0, 0], "texture": "#0"}
			}
		},
		{
			"from": [18.3, 15.9, 7.8],
			"to": [19.2, 16.3, 7.8],
			"rotation": {"angle": -45, "axis": "z", "origin": [20.9, 17, 9.95]},
			"faces": {
				"north": {"uv": [8.5, 10.5, 9, 10.75], "texture": "#0"},
				"east": {"uv": [0, 0, 0, 0.25], "texture": "#0"},
				"south": {"uv": [9, 10.5, 9.5, 10.75], "texture": "#0"},
				"west": {"uv": [0, 0, 0, 0.25], "texture": "#0"},
				"up": {"uv": [0.5, 0, 0, 0], "texture": "#0"},
				"down": {"uv": [0.5, 0, 0, 0], "texture": "#0"}
			}
		},
		{
			"from": [18.3, 16.4, 7.8],
			"to": [20.7, 16.8, 7.8],
			"rotation": {"angle": -45, "axis": "z", "origin": [20.9, 17, 9.95]},
			"faces": {
				"north": {"uv": [10, 5, 11.25, 5.25], "texture": "#0"},
				"east": {"uv": [0, 0, 0, 0.25], "texture": "#0"},
				"south": {"uv": [10, 5.5, 11.25, 5.75], "texture": "#0"},
				"west": {"uv": [0, 0, 0, 0.25], "texture": "#0"},
				"up": {"uv": [1.25, 0, 0, 0], "texture": "#0"},
				"down": {"uv": [1.25, 0, 0, 0], "texture": "#0"}
			}
		},
		{
			"from": [19.65, 13.8, 7.8],
			"to": [20.65, 14.2, 7.8],
			"rotation": {"angle": 45, "axis": "z", "origin": [20.9, 13.9, 9.95]},
			"faces": {
				"north": {"uv": [3, 11.5, 3.5, 11.75], "texture": "#0"},
				"east": {"uv": [0, 0, 0, 0.25], "texture": "#0"},
				"south": {"uv": [11.5, 3, 12, 3.25], "texture": "#0"},
				"west": {"uv": [0, 0, 0, 0.25], "texture": "#0"},
				"up": {"uv": [0.5, 0, 0, 0], "texture": "#0"},
				"down": {"uv": [0.5, 0, 0, 0], "texture": "#0"}
			}
		},
		{
			"from": [18.3, 13.8, 7.8],
			"to": [19.3, 14.2, 7.8],
			"rotation": {"angle": 45, "axis": "z", "origin": [20.9, 13.9, 9.95]},
			"faces": {
				"north": {"uv": [2.5, 11.5, 3, 11.75], "texture": "#0"},
				"east": {"uv": [0, 0, 0, 0.25], "texture": "#0"},
				"south": {"uv": [11.5, 2.5, 12, 2.75], "texture": "#0"},
				"west": {"uv": [0, 0, 0, 0.25], "texture": "#0"},
				"up": {"uv": [0.5, 0, 0, 0], "texture": "#0"},
				"down": {"uv": [0.5, 0, 0, 0], "texture": "#0"}
			}
		},
		{
			"from": [18.3, 14.3, 7.8],
			"to": [19.275, 14.7, 7.8],
			"rotation": {"angle": 45, "axis": "z", "origin": [20.9, 13.9, 9.95]},
			"faces": {
				"north": {"uv": [1.5, 11.5, 2, 11.75], "texture": "#0"},
				"east": {"uv": [0, 0, 0, 0.25], "texture": "#0"},
				"south": {"uv": [2, 11.5, 2.5, 11.75], "texture": "#0"},
				"west": {"uv": [0, 0, 0, 0.25], "texture": "#0"},
				"up": {"uv": [0.5, 0, 0, 0], "texture": "#0"},
				"down": {"uv": [0.5, 0, 0, 0], "texture": "#0"}
			}
		},
		{
			"from": [19.675, 14.3, 7.8],
			"to": [20.65, 14.7, 7.8],
			"rotation": {"angle": 45, "axis": "z", "origin": [20.9, 13.9, 9.95]},
			"faces": {
				"north": {"uv": [3.5, 11.5, 4, 11.75], "texture": "#0"},
				"east": {"uv": [0, 0, 0, 0.25], "texture": "#0"},
				"south": {"uv": [11.5, 3.5, 12, 3.75], "texture": "#0"},
				"west": {"uv": [0, 0, 0, 0.25], "texture": "#0"},
				"up": {"uv": [0.5, 0, 0, 0], "texture": "#0"},
				"down": {"uv": [0.5, 0, 0, 0], "texture": "#0"}
			}
		},
		{
			"from": [18.3, 14.8, 7.8],
			"to": [19.3, 15.2, 7.8],
			"rotation": {"angle": 45, "axis": "z", "origin": [20.9, 13.9, 9.95]},
			"faces": {
				"north": {"uv": [8.5, 11, 9, 11.25], "texture": "#0"},
				"east": {"uv": [0, 0, 0, 0.25], "texture": "#0"},
				"south": {"uv": [9, 11, 9.5, 11.25], "texture": "#0"},
				"west": {"uv": [0, 0, 0, 0.25], "texture": "#0"},
				"up": {"uv": [0.5, 0, 0, 0], "texture": "#0"},
				"down": {"uv": [0.5, 0, 0, 0], "texture": "#0"}
			}
		},
		{
			"from": [19.65, 14.8, 7.8],
			"to": [20.65, 15.2, 7.8],
			"rotation": {"angle": 45, "axis": "z", "origin": [20.9, 13.9, 9.95]},
			"faces": {
				"north": {"uv": [7, 11, 7.5, 11.25], "texture": "#0"},
				"east": {"uv": [0, 0, 0, 0.25], "texture": "#0"},
				"south": {"uv": [7.5, 11, 8, 11.25], "texture": "#0"},
				"west": {"uv": [0, 0, 0, 0.25], "texture": "#0"},
				"up": {"uv": [0.5, 0, 0, 0], "texture": "#0"},
				"down": {"uv": [0.5, 0, 0, 0], "texture": "#0"}
			}
		},
		{
			"from": [10, 14.2, 7.8],
			"to": [12.4, 14.6, 7.8],
			"rotation": {"angle": -45, "axis": "z", "origin": [9.8, 14.3, 9.95]},
			"faces": {
				"north": {"uv": [10, 7, 11.25, 7.25], "texture": "#0"},
				"east": {"uv": [0, 0, 0, 0.25], "texture": "#0"},
				"south": {"uv": [10, 7.5, 11.25, 7.75], "texture": "#0"},
				"west": {"uv": [0, 0, 0, 0.25], "texture": "#0"},
				"up": {"uv": [1.25, 0, 0, 0], "texture": "#0"},
				"down": {"uv": [1.25, 0, 0, 0], "texture": "#0"}
			}
		},
		{
			"from": [10, 14.7, 7.8],
			"to": [10.9, 15.1, 7.8],
			"rotation": {"angle": -45, "axis": "z", "origin": [9.8, 14.3, 9.95]},
			"faces": {
				"north": {"uv": [3, 10.5, 3.5, 10.75], "texture": "#0"},
				"east": {"uv": [0, 0, 0, 0.25], "texture": "#0"},
				"south": {"uv": [3.5, 10.5, 4, 10.75], "texture": "#0"},
				"west": {"uv": [0, 0, 0, 0.25], "texture": "#0"},
				"up": {"uv": [0.5, 0, 0, 0], "texture": "#0"},
				"down": {"uv": [0.5, 0, 0, 0], "texture": "#0"}
			}
		},
		{
			"from": [11.475, 14.7, 7.8],
			"to": [12.375, 15.1, 7.8],
			"rotation": {"angle": -45, "axis": "z", "origin": [9.8, 14.3, 9.95]},
			"faces": {
				"north": {"uv": [11.5, 4, 12, 4.25], "texture": "#0"},
				"east": {"uv": [0, 0, 0, 0.25], "texture": "#0"},
				"south": {"uv": [11.5, 4.5, 12, 4.75], "texture": "#0"},
				"west": {"uv": [0, 0, 0, 0.25], "texture": "#0"},
				"up": {"uv": [0.5, 0, 0, 0], "texture": "#0"},
				"down": {"uv": [0.5, 0, 0, 0], "texture": "#0"}
			}
		},
		{
			"from": [10, 15.2, 7.8],
			"to": [12.4, 15.6, 7.8],
			"rotation": {"angle": -45, "axis": "z", "origin": [9.8, 14.3, 9.95]},
			"faces": {
				"north": {"uv": [10, 6, 11.25, 6.25], "texture": "#0"},
				"east": {"uv": [0, 0, 0, 0.25], "texture": "#0"},
				"south": {"uv": [10, 6.5, 11.25, 6.75], "texture": "#0"},
				"west": {"uv": [0, 0, 0, 0.25], "texture": "#0"},
				"up": {"uv": [1.25, 0, 0, 0], "texture": "#0"},
				"down": {"uv": [1.25, 0, 0, 0], "texture": "#0"}
			}
		},
		{
			"name": "Circle",
			"from": [13.2, 13.7, 7.1],
			"to": [17.6, 18.1, 7.1],
			"rotation": {"angle": 0, "axis": "y", "origin": [8.5, 0, 7.5]},
			"faces": {
				"north": {"uv": [8, 0, 10, 2], "texture": "#0"},
				"east": {"uv": [0, 0, 0, 2], "texture": "#0"},
				"south": {"uv": [8, 2, 10, 4], "texture": "#0"},
				"west": {"uv": [0, 0, 0, 2], "texture": "#0"},
				"up": {"uv": [2, 0, 0, 0], "texture": "#0"},
				"down": {"uv": [2, 0, 0, 0], "texture": "#0"}
			}
		},
		{
			"name": "Circle",
			"from": [13.2, 13.7, 7.9],
			"to": [17.6, 18.1, 7.9],
			"rotation": {"angle": 0, "axis": "y", "origin": [8.5, 0, 7.5]},
			"faces": {
				"north": {"uv": [8, 4, 10, 6], "texture": "#0"},
				"east": {"uv": [0, 0, 0, 2], "texture": "#0"},
				"south": {"uv": [8, 6, 10, 8], "texture": "#0"},
				"west": {"uv": [0, 0, 0, 2], "texture": "#0"},
				"up": {"uv": [2, 0, 0, 0], "texture": "#0"},
				"down": {"uv": [2, 0, 0, 0], "texture": "#0"}
			}
		},
		{
			"from": [10.3, 17.4, 7.1],
			"to": [12.7, 17.8, 7.1],
			"rotation": {"angle": 45, "axis": "z", "origin": [10.1, 18, 5.05]},
			"faces": {
				"north": {"uv": [10, 8, 11.25, 8.25], "texture": "#0"},
				"east": {"uv": [0, 0, 0, 0.25], "texture": "#0"},
				"south": {"uv": [10, 8.5, 11.25, 8.75], "texture": "#0"},
				"west": {"uv": [0, 0, 0, 0.25], "texture": "#0"},
				"up": {"uv": [1.25, 0, 0, 0], "texture": "#0"},
				"down": {"uv": [1.25, 0, 0, 0], "texture": "#0"}
			}
		},
		{
			"from": [10.3, 16.9, 7.1],
			"to": [12.7, 17.3, 7.1],
			"rotation": {"angle": 45, "axis": "z", "origin": [10.1, 18, 5.05]},
			"faces": {
				"north": {"uv": [10, 9, 11.25, 9.25], "texture": "#0"},
				"east": {"uv": [0, 0, 0, 0.25], "texture": "#0"},
				"south": {"uv": [10, 9.5, 11.25, 9.75], "texture": "#0"},
				"west": {"uv": [0, 0, 0, 0.25], "texture": "#0"},
				"up": {"uv": [1.25, 0, 0, 0], "texture": "#0"},
				"down": {"uv": [1.25, 0, 0, 0], "texture": "#0"}
			}
		},
		{
			"from": [10.3, 16.4, 7.1],
			"to": [12.7, 16.8, 7.1],
			"rotation": {"angle": 45, "axis": "z", "origin": [10.1, 18, 5.05]},
			"faces": {
				"north": {"uv": [10, 10, 11.25, 10.25], "texture": "#0"},
				"east": {"uv": [0, 0, 0, 0.25], "texture": "#0"},
				"south": {"uv": [0, 10.5, 1.25, 10.75], "texture": "#0"},
				"west": {"uv": [0, 0, 0, 0.25], "texture": "#0"},
				"up": {"uv": [1.25, 0, 0, 0], "texture": "#0"},
				"down": {"uv": [1.25, 0, 0, 0], "texture": "#0"}
			}
		},
		{
			"from": [18.3, 16.9, 7.1],
			"to": [19.2, 17.3, 7.1],
			"rotation": {"angle": -45, "axis": "z", "origin": [20.9, 17, 5.05]},
			"faces": {
				"north": {"uv": [11.5, 5, 12, 5.25], "texture": "#0"},
				"east": {"uv": [0, 0, 0, 0.25], "texture": "#0"},
				"south": {"uv": [11.5, 5.5, 12, 5.75], "texture": "#0"},
				"west": {"uv": [0, 0, 0, 0.25], "texture": "#0"},
				"up": {"uv": [0.5, 0, 0, 0], "texture": "#0"},
				"down": {"uv": [0.5, 0, 0, 0], "texture": "#0"}
			}
		},
		{
			"from": [19.75, 16.9, 7.1],
			"to": [20.65, 17.3, 7.1],
			"rotation": {"angle": -45, "axis": "z", "origin": [20.9, 17, 5.05]},
			"faces": {
				"north": {"uv": [11.5, 6, 12, 6.25], "texture": "#0"},
				"east": {"uv": [0, 0, 0, 0.25], "texture": "#0"},
				"south": {"uv": [11.5, 6.5, 12, 6.75], "texture": "#0"},
				"west": {"uv": [0, 0, 0, 0.25], "texture": "#0"},
				"up": {"uv": [0.5, 0, 0, 0], "texture": "#0"},
				"down": {"uv": [0.5, 0, 0, 0], "texture": "#0"}
			}
		},
		{
			"from": [19.75, 15.9, 7.1],
			"to": [20.65, 16.3, 7.1],
			"rotation": {"angle": -45, "axis": "z", "origin": [20.9, 17, 5.05]},
			"faces": {
				"north": {"uv": [7, 11.5, 7.5, 11.75], "texture": "#0"},
				"east": {"uv": [0, 0, 0, 0.25], "texture": "#0"},
				"south": {"uv": [11.5, 7, 12, 7.25], "texture": "#0"},
				"west": {"uv": [0, 0, 0, 0.25], "texture": "#0"},
				"up": {"uv": [0.5, 0, 0, 0], "texture": "#0"},
				"down": {"uv": [0.5, 0, 0, 0], "texture": "#0"}
			}
		},
		{
			"from": [18.3, 15.9, 7.1],
			"to": [19.2, 16.3, 7.1],
			"rotation": {"angle": -45, "axis": "z", "origin": [20.9, 17, 5.05]},
			"faces": {
				"north": {"uv": [7.5, 11.5, 8, 11.75], "texture": "#0"},
				"east": {"uv": [0, 0, 0, 0.25], "texture": "#0"},
				"south": {"uv": [11.5, 7.5, 12, 7.75], "texture": "#0"},
				"west": {"uv": [0, 0, 0, 0.25], "texture": "#0"},
				"up": {"uv": [0.5, 0, 0, 0], "texture": "#0"},
				"down": {"uv": [0.5, 0, 0, 0], "texture": "#0"}
			}
		},
		{
			"from": [18.3, 16.4, 7.1],
			"to": [20.7, 16.8, 7.1],
			"rotation": {"angle": -45, "axis": "z", "origin": [20.9, 17, 5.05]},
			"faces": {
				"north": {"uv": [1.5, 10.5, 2.75, 10.75], "texture": "#0"},
				"east": {"uv": [0, 0, 0, 0.25], "texture": "#0"},
				"south": {"uv": [10, 10.5, 11.25, 10.75], "texture": "#0"},
				"west": {"uv": [0, 0, 0, 0.25], "texture": "#0"},
				"up": {"uv": [1.25, 0, 0, 0], "texture": "#0"},
				"down": {"uv": [1.25, 0, 0, 0], "texture": "#0"}
			}
		},
		{
			"from": [19.65, 13.8, 7.1],
			"to": [20.65, 14.2, 7.1],
			"rotation": {"angle": 45, "axis": "z", "origin": [20.9, 13.9, 5.05]},
			"faces": {
				"north": {"uv": [11.5, 8, 12, 8.25], "texture": "#0"},
				"east": {"uv": [0, 0, 0, 0.25], "texture": "#0"},
				"south": {"uv": [8.5, 11.5, 9, 11.75], "texture": "#0"},
				"west": {"uv": [0, 0, 0, 0.25], "texture": "#0"},
				"up": {"uv": [0.5, 0, 0, 0], "texture": "#0"},
				"down": {"uv": [0.5, 0, 0, 0], "texture": "#0"}
			}
		},
		{
			"from": [18.3, 13.8, 7.1],
			"to": [19.3, 14.2, 7.1],
			"rotation": {"angle": 45, "axis": "z", "origin": [20.9, 13.9, 5.05]},
			"faces": {
				"north": {"uv": [11.5, 8.5, 12, 8.75], "texture": "#0"},
				"east": {"uv": [0, 0, 0, 0.25], "texture": "#0"},
				"south": {"uv": [9, 11.5, 9.5, 11.75], "texture": "#0"},
				"west": {"uv": [0, 0, 0, 0.25], "texture": "#0"},
				"up": {"uv": [0.5, 0, 0, 0], "texture": "#0"},
				"down": {"uv": [0.5, 0, 0, 0], "texture": "#0"}
			}
		},
		{
			"from": [18.3, 14.3, 7.1],
			"to": [19.275, 14.7, 7.1],
			"rotation": {"angle": 45, "axis": "z", "origin": [20.9, 13.9, 5.05]},
			"faces": {
				"north": {"uv": [11.5, 9, 12, 9.25], "texture": "#0"},
				"east": {"uv": [0, 0, 0, 0.25], "texture": "#0"},
				"south": {"uv": [11.5, 9.5, 12, 9.75], "texture": "#0"},
				"west": {"uv": [0, 0, 0, 0.25], "texture": "#0"},
				"up": {"uv": [0.5, 0, 0, 0], "texture": "#0"},
				"down": {"uv": [0.5, 0, 0, 0], "texture": "#0"}
			}
		},
		{
			"from": [19.675, 14.3, 7.1],
			"to": [20.65, 14.7, 7.1],
			"rotation": {"angle": 45, "axis": "z", "origin": [20.9, 13.9, 5.05]},
			"faces": {
				"north": {"uv": [10, 11.5, 10.5, 11.75], "texture": "#0"},
				"east": {"uv": [0, 0, 0, 0.25], "texture": "#0"},
				"south": {"uv": [11.5, 10, 12, 10.25], "texture": "#0"},
				"west": {"uv": [0, 0, 0, 0.25], "texture": "#0"},
				"up": {"uv": [0.5, 0, 0, 0], "texture": "#0"},
				"down": {"uv": [0.5, 0, 0, 0], "texture": "#0"}
			}
		},
		{
			"from": [18.3, 14.8, 7.1],
			"to": [19.3, 15.2, 7.1],
			"rotation": {"angle": 45, "axis": "z", "origin": [20.9, 13.9, 5.05]},
			"faces": {
				"north": {"uv": [10.5, 11.5, 11, 11.75], "texture": "#0"},
				"east": {"uv": [0, 0, 0, 0.25], "texture": "#0"},
				"south": {"uv": [11.5, 10.5, 12, 10.75], "texture": "#0"},
				"west": {"uv": [0, 0, 0, 0.25], "texture": "#0"},
				"up": {"uv": [0.5, 0, 0, 0], "texture": "#0"},
				"down": {"uv": [0.5, 0, 0, 0], "texture": "#0"}
			}
		},
		{
			"from": [19.65, 14.8, 7.1],
			"to": [20.65, 15.2, 7.1],
			"rotation": {"angle": 45, "axis": "z", "origin": [20.9, 13.9, 5.05]},
			"faces": {
				"north": {"uv": [11, 11.5, 11.5, 11.75], "texture": "#0"},
				"east": {"uv": [0, 0, 0, 0.25], "texture": "#0"},
				"south": {"uv": [11.5, 11, 12, 11.25], "texture": "#0"},
				"west": {"uv": [0, 0, 0, 0.25], "texture": "#0"},
				"up": {"uv": [0.5, 0, 0, 0], "texture": "#0"},
				"down": {"uv": [0.5, 0, 0, 0], "texture": "#0"}
			}
		},
		{
			"from": [10, 14.2, 7.1],
			"to": [12.4, 14.6, 7.1],
			"rotation": {"angle": -45, "axis": "z", "origin": [9.8, 14.3, 5.05]},
			"faces": {
				"north": {"uv": [0, 11, 1.25, 11.25], "texture": "#0"},
				"east": {"uv": [0, 0, 0, 0.25], "texture": "#0"},
				"south": {"uv": [1.5, 11, 2.75, 11.25], "texture": "#0"},
				"west": {"uv": [0, 0, 0, 0.25], "texture": "#0"},
				"up": {"uv": [1.25, 0, 0, 0], "texture": "#0"},
				"down": {"uv": [1.25, 0, 0, 0], "texture": "#0"}
			}
		},
		{
			"from": [10, 14.7, 7.1],
			"to": [10.9, 15.1, 7.1],
			"rotation": {"angle": -45, "axis": "z", "origin": [9.8, 14.3, 5.05]},
			"faces": {
				"north": {"uv": [11.5, 11.5, 12, 11.75], "texture": "#0"},
				"east": {"uv": [0, 0, 0, 0.25], "texture": "#0"},
				"south": {"uv": [0, 12, 0.5, 12.25], "texture": "#0"},
				"west": {"uv": [0, 0, 0, 0.25], "texture": "#0"},
				"up": {"uv": [0.5, 0, 0, 0], "texture": "#0"},
				"down": {"uv": [0.5, 0, 0, 0], "texture": "#0"}
			}
		},
		{
			"from": [11.475, 14.7, 7.1],
			"to": [12.375, 15.1, 7.1],
			"rotation": {"angle": -45, "axis": "z", "origin": [9.8, 14.3, 5.05]},
			"faces": {
				"north": {"uv": [0.5, 12, 1, 12.25], "texture": "#0"},
				"east": {"uv": [0, 0, 0, 0.25], "texture": "#0"},
				"south": {"uv": [12, 0.5, 12.5, 0.75], "texture": "#0"},
				"west": {"uv": [0, 0, 0, 0.25], "texture": "#0"},
				"up": {"uv": [0.5, 0, 0, 0], "texture": "#0"},
				"down": {"uv": [0.5, 0, 0, 0], "texture": "#0"}
			}
		},
		{
			"from": [10, 15.2, 7.1],
			"to": [12.4, 15.6, 7.1],
			"rotation": {"angle": -45, "axis": "z", "origin": [9.8, 14.3, 5.05]},
			"faces": {
				"north": {"uv": [10, 11, 11.25, 11.25], "texture": "#0"},
				"east": {"uv": [0, 0, 0, 0.25], "texture": "#0"},
				"south": {"uv": [0, 11.5, 1.25, 11.75], "texture": "#0"},
				"west": {"uv": [0, 0, 0, 0.25], "texture": "#0"},
				"up": {"uv": [1.25, 0, 0, 0], "texture": "#0"},
				"down": {"uv": [1.25, 0, 0, 0], "texture": "#0"}
			}
		}
	],
	"display": {
		"thirdperson_righthand": {
			"rotation": [-112.5, 80.25, 141.02],
			"translation": [-0.25, 2.5, 3.75],
			"scale": [0.7, 0.7, 0.7]
		},
		"thirdperson_lefthand": {
			"rotation": [78.89, 4.69, 23.8],
			"translation": [0.25, -8.25, 3]
		},
		"firstperson_righthand": {
			"rotation": [0, 54.5, 0],
			"translation": [5.25, -0.75, 0],
			"scale": [0.5, 0.5, 0.5]
		},
		"firstperson_lefthand": {
			"rotation": [-180, -52.5, 180],
			"translation": [9, -4, 0],
			"scale": [0.1, 0.1, 0.1]
		},
		"ground": {
			"rotation": [-12.42, -3.29, 29.57],
			"translation": [0, 3.25, 0],
			"scale": [0.6, 0.6, 0.6]
		},
		"gui": {
			"rotation": [0, 0, 35],
			"translation": [-0.5, -3.75, 0],
			"scale": [0.65, 0.65, 0.6]
		},
		"head": {
			"rotation": [12.21, -1.28, -23.3],
			"translation": [-6.25, -19, 5.25],
			"scale": [1.6, 1.6, 1.6]
		},
		"fixed": {
			"rotation": [154.25, 89.5, -180],
			"translation": [1.5, 12.25, -4.5],
			"scale": [3, 3, 3]
		}
	},
	"groups": [
		{
			"name": "group",
			"origin": [0, 0, 0],
			"color": 0,
			"children": [0, 1]
		},
		{
			"name": "group",
			"origin": [8.5, 0, 7.5],
			"color": 0,
			"children": [2, 3, 4]
		},
		{
			"name": "group",
			"origin": [8.5, 0, 7.5],
			"color": 0,
			"children": [5, 6, 7]
		},
		{
			"name": "line",
			"origin": [9.8, 14.3, 9.95],
			"color": 0,
			"children": [8, 9, 10, 11, 12, 13, 14, 15, 16, 17, 18, 19, 20, 21, 22, 23, 24, 25]
		},
		26,
		27,
		{
			"name": "line",
			"origin": [9.8, 14.3, 9.95],
			"color": 0,
			"children": [28, 29, 30, 31, 32, 33, 34, 35, 36, 37, 38, 39, 40, 41, 42, 43, 44, 45]
		}
	]
}