{
	"credit": "Made with Blockbench",
	"textures": {
		"easter_pickaxe": "item/etc/easter_pickaxe",
		"particle": "item/etc/easter_pickaxe"
	},
	"gui_light": "front",
	"elements": [
		{
			"name": "Box1",
			"from": [3.5, 1.5, 8],
			"to": [5.5, 5.5, 9],
			"rotation": {"angle": -22.5, "axis": "z", "origin": [9, 8.5, 8.5]},
			"faces": {
				"north": {"uv": [2, 12, 6, 14], "rotation": 270, "texture": "#easter_pickaxe"},
				"east": {"uv": [6, 12, 2, 13], "rotation": 90, "texture": "#easter_pickaxe"},
				"south": {"uv": [2, 14, 6, 12], "rotation": 270, "texture": "#easter_pickaxe"},
				"west": {"uv": [2, 13, 6, 14], "rotation": 270, "texture": "#easter_pickaxe"},
				"up": {"uv": [6, 14, 5, 12], "rotation": 270, "texture": "#easter_pickaxe"},
				"down": {"uv": [2, 12, 3, 14], "rotation": 90, "texture": "#easter_pickaxe"}
			}
		},
		{
			"name": "Box2",
			"from": [5.5, 2.5, 8],
			"to": [6.5, 6.5, 9],
			"rotation": {"angle": -22.5, "axis": "z", "origin": [9, 8.5, 8.5]},
			"faces": {
				"north": {"uv": [3, 11, 7, 12], "rotation": 270, "texture": "#easter_pickaxe"},
				"east": {"uv": [7, 11, 3, 12], "rotation": 90, "texture": "#easter_pickaxe"},
				"south": {"uv": [3, 12, 7, 11], "rotation": 270, "texture": "#easter_pickaxe"},
				"west": {"uv": [3, 11, 7, 12], "rotation": 270, "texture": "#easter_pickaxe"},
				"up": {"uv": [7, 12, 6, 11], "rotation": 270, "texture": "#easter_pickaxe"},
				"down": {"uv": [3, 11, 4, 12], "rotation": 90, "texture": "#easter_pickaxe"}
			}
		},
		{
			"name": "Box3",
			"from": [2.5, 2.5, 8],
			"to": [3.5, 4.5, 9],
			"rotation": {"angle": -22.5, "axis": "z", "origin": [9, 8.5, 8.5]},
			"faces": {
				"north": {"uv": [3, 14, 5, 15], "rotation": 270, "texture": "#easter_pickaxe"},
				"east": {"uv": [5, 14, 3, 15], "rotation": 90, "texture": "#easter_pickaxe"},
				"south": {"uv": [3, 15, 5, 14], "rotation": 270, "texture": "#easter_pickaxe"},
				"west": {"uv": [3, 14, 5, 15], "rotation": 270, "texture": "#easter_pickaxe"},
				"up": {"uv": [5, 15, 4, 14], "rotation": 270, "texture": "#easter_pickaxe"},
				"down": {"uv": [3, 14, 4, 15], "rotation": 90, "texture": "#easter_pickaxe"}
			}
		},
		{
			"name": "Box4",
			"from": [13.5, 4.5, 8],
			"to": [14.5, 12.5, 9],
			"rotation": {"angle": -22.5, "axis": "z", "origin": [9, 8.5, 8.5]},
			"faces": {
				"north": {"uv": [5, 3, 13, 4], "rotation": 270, "texture": "#easter_pickaxe"},
				"east": {"uv": [13, 3, 5, 4], "rotation": 90, "texture": "#easter_pickaxe"},
				"south": {"uv": [5, 4, 13, 3], "rotation": 270, "texture": "#easter_pickaxe"},
				"west": {"uv": [5, 3, 13, 4], "rotation": 270, "texture": "#easter_pickaxe"},
				"up": {"uv": [13, 4, 12, 3], "rotation": 270, "texture": "#easter_pickaxe"},
				"down": {"uv": [5, 3, 6, 4], "rotation": 90, "texture": "#easter_pickaxe"}
			}
		},
		{
			"name": "Box5",
			"from": [6.5, 4.5, 8],
			"to": [7.5, 7.5, 9],
			"rotation": {"angle": -22.5, "axis": "z", "origin": [9, 8.5, 8.5]},
			"faces": {
				"north": {"uv": [5, 10, 8, 11], "rotation": 270, "texture": "#easter_pickaxe"},
				"east": {"uv": [8, 10, 5, 11], "rotation": 90, "texture": "#easter_pickaxe"},
				"south": {"uv": [5, 11, 8, 10], "rotation": 270, "texture": "#easter_pickaxe"},
				"west": {"uv": [5, 10, 8, 11], "rotation": 270, "texture": "#easter_pickaxe"},
				"up": {"uv": [8, 11, 7, 10], "rotation": 270, "texture": "#easter_pickaxe"},
				"down": {"uv": [5, 10, 6, 11], "rotation": 90, "texture": "#easter_pickaxe"}
			}
		},
		{
			"name": "Box6",
			"from": [12.5, 5.5, 8],
			"to": [15.5, 10.5, 9],
			"rotation": {"angle": -22.5, "axis": "z", "origin": [9, 8.5, 8.5]},
			"faces": {
				"north": {"uv": [6, 2, 11, 5], "rotation": 270, "texture": "#easter_pickaxe"},
				"east": {"uv": [11, 2, 6, 3], "rotation": 90, "texture": "#easter_pickaxe"},
				"south": {"uv": [6, 5, 11, 2], "rotation": 270, "texture": "#easter_pickaxe"},
				"west": {"uv": [6, 4, 11, 5], "rotation": 270, "texture": "#easter_pickaxe"},
				"up": {"uv": [11, 5, 10, 2], "rotation": 270, "texture": "#easter_pickaxe"},
				"down": {"uv": [6, 2, 7, 5], "rotation": 90, "texture": "#easter_pickaxe"}
			}
		},
		{
			"name": "Box7",
			"from": [7.5, 5.5, 8],
			"to": [8.5, 8.5, 9],
			"rotation": {"angle": -22.5, "axis": "z", "origin": [9, 8.5, 8.5]},
			"faces": {
				"north": {"uv": [6, 9, 9, 10], "rotation": 270, "texture": "#easter_pickaxe"},
				"east": {"uv": [9, 9, 6, 10], "rotation": 90, "texture": "#easter_pickaxe"},
				"south": {"uv": [6, 10, 9, 9], "rotation": 270, "texture": "#easter_pickaxe"},
				"west": {"uv": [6, 9, 9, 10], "rotation": 270, "texture": "#easter_pickaxe"},
				"up": {"uv": [9, 10, 8, 9], "rotation": 270, "texture": "#easter_pickaxe"},
				"down": {"uv": [6, 9, 7, 10], "rotation": 90, "texture": "#easter_pickaxe"}
			}
		},
		{
			"name": "Box8",
			"from": [8.5, 6.5, 8],
			"to": [9.5, 9.5, 9],
			"rotation": {"angle": -22.5, "axis": "z", "origin": [9, 8.5, 8.5]},
			"faces": {
				"north": {"uv": [7, 8, 10, 9], "rotation": 270, "texture": "#easter_pickaxe"},
				"east": {"uv": [10, 8, 7, 9], "rotation": 90, "texture": "#easter_pickaxe"},
				"south": {"uv": [7, 9, 10, 8], "rotation": 270, "texture": "#easter_pickaxe"},
				"west": {"uv": [7, 8, 10, 9], "rotation": 270, "texture": "#easter_pickaxe"},
				"up": {"uv": [10, 9, 9, 8], "rotation": 270, "texture": "#easter_pickaxe"},
				"down": {"uv": [7, 8, 8, 9], "rotation": 90, "texture": "#easter_pickaxe"}
			}
		},
		{
			"name": "Box9",
			"from": [9.5, 7.5, 8],
			"to": [10.5, 10.5, 9],
			"rotation": {"angle": -22.5, "axis": "z", "origin": [9, 8.5, 8.5]},
			"faces": {
				"north": {"uv": [8, 7, 11, 8], "rotation": 270, "texture": "#easter_pickaxe"},
				"east": {"uv": [11, 7, 8, 8], "rotation": 90, "texture": "#easter_pickaxe"},
				"south": {"uv": [8, 8, 11, 7], "rotation": 270, "texture": "#easter_pickaxe"},
				"west": {"uv": [8, 7, 11, 8], "rotation": 270, "texture": "#easter_pickaxe"},
				"up": {"uv": [11, 8, 10, 7], "rotation": 270, "texture": "#easter_pickaxe"},
				"down": {"uv": [8, 7, 9, 8], "rotation": 90, "texture": "#easter_pickaxe"}
			}
		},
		{
			"name": "Box10",
			"from": [10.5, 8.5, 8],
			"to": [11.5, 14.5, 9],
			"rotation": {"angle": -22.5, "axis": "z", "origin": [9, 8.5, 8.5]},
			"faces": {
				"north": {"uv": [9, 6, 15, 7], "rotation": 270, "texture": "#easter_pickaxe"},
				"east": {"uv": [15, 6, 9, 7], "rotation": 90, "texture": "#easter_pickaxe"},
				"south": {"uv": [9, 7, 15, 6], "rotation": 270, "texture": "#easter_pickaxe"},
				"west": {"uv": [9, 6, 15, 7], "rotation": 270, "texture": "#easter_pickaxe"},
				"up": {"uv": [15, 7, 14, 6], "rotation": 270, "texture": "#easter_pickaxe"},
				"down": {"uv": [9, 6, 10, 7], "rotation": 90, "texture": "#easter_pickaxe"}
			}
		},
		{
			"name": "Box11",
			"from": [11.5, 9.5, 8],
			"to": [12.5, 13.5, 9],
			"rotation": {"angle": -22.5, "axis": "z", "origin": [9, 8.5, 8.5]},
			"faces": {
				"north": {"uv": [10, 5, 14, 6], "rotation": 270, "texture": "#easter_pickaxe"},
				"east": {"uv": [14, 5, 10, 6], "rotation": 90, "texture": "#easter_pickaxe"},
				"south": {"uv": [10, 6, 14, 5], "rotation": 270, "texture": "#easter_pickaxe"},
				"west": {"uv": [10, 5, 14, 6], "rotation": 270, "texture": "#easter_pickaxe"},
				"up": {"uv": [14, 6, 13, 5], "rotation": 270, "texture": "#easter_pickaxe"},
				"down": {"uv": [10, 5, 11, 6], "rotation": 90, "texture": "#easter_pickaxe"}
			}
		},
		{
			"name": "Box12",
			"from": [12.5, 10.5, 8],
			"to": [13.5, 13.5, 9],
			"rotation": {"angle": -22.5, "axis": "z", "origin": [9, 8.5, 8.5]},
			"faces": {
				"north": {"uv": [11, 4, 14, 5], "rotation": 270, "texture": "#easter_pickaxe"},
				"east": {"uv": [14, 4, 11, 5], "rotation": 90, "texture": "#easter_pickaxe"},
				"south": {"uv": [11, 5, 14, 4], "rotation": 270, "texture": "#easter_pickaxe"},
				"west": {"uv": [11, 4, 14, 5], "rotation": 270, "texture": "#easter_pickaxe"},
				"up": {"uv": [14, 5, 13, 4], "rotation": 270, "texture": "#easter_pickaxe"},
				"down": {"uv": [11, 4, 12, 5], "rotation": 90, "texture": "#easter_pickaxe"}
			}
		},
		{
			"name": "Box13",
			"from": [6.5, 11.5, 8],
			"to": [10.5, 14.5, 9],
			"rotation": {"angle": -22.5, "axis": "z", "origin": [9, 8.5, 8.5]},
			"faces": {
				"north": {"uv": [12, 7, 15, 11], "rotation": 270, "texture": "#easter_pickaxe"},
				"east": {"uv": [15, 7, 12, 8], "rotation": 90, "texture": "#easter_pickaxe"},
				"south": {"uv": [12, 11, 15, 7], "rotation": 270, "texture": "#easter_pickaxe"},
				"west": {"uv": [12, 10, 15, 11], "rotation": 270, "texture": "#easter_pickaxe"},
				"up": {"uv": [15, 11, 14, 7], "rotation": 270, "texture": "#easter_pickaxe"},
				"down": {"uv": [12, 7, 13, 11], "rotation": 90, "texture": "#easter_pickaxe"}
			}
		},
		{
			"name": "Box14",
			"from": [5.5, 12.5, 8],
			"to": [6.5, 13.5, 9],
			"rotation": {"angle": -22.5, "axis": "z", "origin": [9, 8.5, 8.5]},
			"faces": {
				"north": {"uv": [13, 11, 14, 12], "rotation": 270, "texture": "#easter_pickaxe"},
				"east": {"uv": [14, 11, 13, 12], "rotation": 90, "texture": "#easter_pickaxe"},
				"south": {"uv": [13, 12, 14, 11], "rotation": 270, "texture": "#easter_pickaxe"},
				"west": {"uv": [13, 11, 14, 12], "rotation": 270, "texture": "#easter_pickaxe"},
				"up": {"uv": [14, 12, 13, 11], "rotation": 270, "texture": "#easter_pickaxe"},
				"down": {"uv": [13, 11, 14, 12], "rotation": 90, "texture": "#easter_pickaxe"}
			}
		}
	],
	"display": {
		"thirdperson_righthand": {
			"rotation": [-67.25, -90, 0],
			"translation": [0, 3, 2.5],
			"scale": [0.85, 0.85, 0.85]
		},
		"thirdperson_lefthand": {
			"rotation": [-66.25, 90, 0],
			"translation": [0, 2.75, 2.5],
			"scale": [0.85, 0.85, 0.85]
		},
		"firstperson_righthand": {
			"rotation": [-51.75, -90, 0],
			"translation": [1.88, 2.7, 0.63],
			"scale": [0.68, 0.68, 0.68]
		},
		"firstperson_lefthand": {
			"rotation": [-54.25, 90, 0],
			"translation": [1.13, 2.7, 0.88],
			"scale": [0.68, 0.68, 0.68]
		},
		"ground": {
			"rotation": [0.3, -0.01, 13.25],
			"scale": [0.6, 0.6, 0.6]
		},
		"gui": {
			"rotation": [0, 0, 25.75],
			"translation": [0.25, -1, 0]
		},
		"head": {
			"translation": [0, 11.75, 0]
		},
		"fixed": {
			"rotation": [-180, 0, -157],
			"translation": [0, -1, -0.25],
			"scale": [1.2, 1.2, 1.2]
		}
	}
}