{
	"credit": "Made with Blockbench",
	"textures": {
		"easter_axe": "item/etc/easter_axe",
		"particle": "item/etc/easter_axe"
	},
	"gui_light": "front",
	"elements": [
		{
			"name": "Box1",
			"from": [2, 2.79167, 7.79167],
			"to": [6, 4.79167, 8.79167],
			"rotation": {"angle": -22.5, "axis": "z", "origin": [8.29167, 8.5, 8.29167]},
			"faces": {
				"north": {"uv": [2, 14, 6, 12], "rotation": 180, "texture": "#easter_axe"},
				"east": {"uv": [6, 14, 5, 12], "rotation": 180, "texture": "#easter_axe"},
				"south": {"uv": [2, 12, 6, 14], "texture": "#easter_axe"},
				"west": {"uv": [2, 12, 3, 14], "texture": "#easter_axe"},
				"up": {"uv": [6, 12, 2, 13], "rotation": 180, "texture": "#easter_axe"},
				"down": {"uv": [2, 13, 6, 14], "texture": "#easter_axe"}
			}
		},
		{
			"name": "Box2",
			"from": [3, 4.79167, 7.79167],
			"to": [7, 5.79167, 8.79167],
			"rotation": {"angle": -22.5, "axis": "z", "origin": [8.29167, 8.5, 8.29167]},
			"faces": {
				"north": {"uv": [3, 12, 7, 11], "rotation": 180, "texture": "#easter_axe"},
				"east": {"uv": [7, 12, 6, 11], "rotation": 180, "texture": "#easter_axe"},
				"south": {"uv": [3, 11, 7, 12], "texture": "#easter_axe"},
				"west": {"uv": [3, 11, 4, 12], "texture": "#easter_axe"},
				"up": {"uv": [7, 11, 3, 12], "rotation": 180, "texture": "#easter_axe"},
				"down": {"uv": [3, 11, 7, 12], "texture": "#easter_axe"}
			}
		},
		{
			"name": "Box3",
			"from": [3, 1.79167, 7.79167],
			"to": [5, 2.79167, 8.79167],
			"rotation": {"angle": -22.5, "axis": "z", "origin": [8.29167, 8.5, 8.29167]},
			"faces": {
				"north": {"uv": [3, 15, 5, 14], "rotation": 180, "texture": "#easter_axe"},
				"east": {"uv": [5, 15, 4, 14], "rotation": 180, "texture": "#easter_axe"},
				"south": {"uv": [3, 14, 5, 15], "texture": "#easter_axe"},
				"west": {"uv": [3, 14, 4, 15], "texture": "#easter_axe"},
				"up": {"uv": [5, 14, 3, 15], "rotation": 180, "texture": "#easter_axe"},
				"down": {"uv": [3, 14, 5, 15], "texture": "#easter_axe"}
			}
		},
		{
			"name": "Box4",
			"from": [5, 5.79167, 7.79167],
			"to": [8, 6.79167, 8.79167],
			"rotation": {"angle": -22.5, "axis": "z", "origin": [8.29167, 8.5, 8.29167]},
			"faces": {
				"north": {"uv": [5, 11, 8, 10], "rotation": 180, "texture": "#easter_axe"},
				"east": {"uv": [8, 11, 7, 10], "rotation": 180, "texture": "#easter_axe"},
				"south": {"uv": [5, 10, 8, 11], "texture": "#easter_axe"},
				"west": {"uv": [5, 10, 6, 11], "texture": "#easter_axe"},
				"up": {"uv": [8, 10, 5, 11], "rotation": 180, "texture": "#easter_axe"},
				"down": {"uv": [5, 10, 8, 11], "texture": "#easter_axe"}
			}
		},
		{
			"name": "Box5",
			"from": [6, 10.79167, 7.79167],
			"to": [13, 12.79167, 8.79167],
			"rotation": {"angle": -22.5, "axis": "z", "origin": [8.29167, 8.5, 8.29167]},
			"faces": {
				"north": {"uv": [6, 6, 13, 4], "rotation": 180, "texture": "#easter_axe"},
				"east": {"uv": [13, 6, 12, 4], "rotation": 180, "texture": "#easter_axe"},
				"south": {"uv": [6, 4, 13, 6], "texture": "#easter_axe"},
				"west": {"uv": [6, 4, 7, 6], "texture": "#easter_axe"},
				"up": {"uv": [13, 4, 6, 5], "rotation": 180, "texture": "#easter_axe"},
				"down": {"uv": [6, 5, 13, 6], "texture": "#easter_axe"}
			}
		},
		{
			"name": "Box6",
			"from": [6, 6.79167, 7.79167],
			"to": [9, 7.79167, 8.79167],
			"rotation": {"angle": -22.5, "axis": "z", "origin": [8.29167, 8.5, 8.29167]},
			"faces": {
				"north": {"uv": [6, 10, 9, 9], "rotation": 180, "texture": "#easter_axe"},
				"east": {"uv": [9, 10, 8, 9], "rotation": 180, "texture": "#easter_axe"},
				"south": {"uv": [6, 9, 9, 10], "texture": "#easter_axe"},
				"west": {"uv": [6, 9, 7, 10], "texture": "#easter_axe"},
				"up": {"uv": [9, 9, 6, 10], "rotation": 180, "texture": "#easter_axe"},
				"down": {"uv": [6, 9, 9, 10], "texture": "#easter_axe"}
			}
		},
		{
			"name": "Box7",
			"from": [7, 9.79167, 7.79167],
			"to": [12, 13.79167, 8.79167],
			"rotation": {"angle": -22.5, "axis": "z", "origin": [8.29167, 8.5, 8.29167]},
			"faces": {
				"north": {"uv": [7, 7, 12, 3], "rotation": 180, "texture": "#easter_axe"},
				"east": {"uv": [12, 7, 11, 3], "rotation": 180, "texture": "#easter_axe"},
				"south": {"uv": [7, 3, 12, 7], "texture": "#easter_axe"},
				"west": {"uv": [7, 3, 8, 7], "texture": "#easter_axe"},
				"up": {"uv": [12, 3, 7, 4], "rotation": 180, "texture": "#easter_axe"},
				"down": {"uv": [7, 6, 12, 7], "texture": "#easter_axe"}
			}
		},
		{
			"name": "Box8",
			"from": [7, 7.79167, 7.79167],
			"to": [10, 8.79167, 8.79167],
			"rotation": {"angle": -22.5, "axis": "z", "origin": [8.29167, 8.5, 8.29167]},
			"faces": {
				"north": {"uv": [7, 9, 10, 8], "rotation": 180, "texture": "#easter_axe"},
				"east": {"uv": [10, 9, 9, 8], "rotation": 180, "texture": "#easter_axe"},
				"south": {"uv": [7, 8, 10, 9], "texture": "#easter_axe"},
				"west": {"uv": [7, 8, 8, 9], "texture": "#easter_axe"},
				"up": {"uv": [10, 8, 7, 9], "rotation": 180, "texture": "#easter_axe"},
				"down": {"uv": [7, 8, 10, 9], "texture": "#easter_axe"}
			}
		},
		{
			"name": "Box9",
			"from": [8, 8.79167, 7.79167],
			"to": [12, 14.79167, 8.79167],
			"rotation": {"angle": -22.5, "axis": "z", "origin": [8.29167, 8.5, 8.29167]},
			"faces": {
				"north": {"uv": [8, 8, 12, 2], "rotation": 180, "texture": "#easter_axe"},
				"east": {"uv": [12, 8, 11, 2], "rotation": 180, "texture": "#easter_axe"},
				"south": {"uv": [8, 2, 12, 8], "texture": "#easter_axe"},
				"west": {"uv": [8, 2, 9, 8], "texture": "#easter_axe"},
				"up": {"uv": [12, 2, 8, 3], "rotation": 180, "texture": "#easter_axe"},
				"down": {"uv": [8, 7, 12, 8], "texture": "#easter_axe"}
			}
		},
		{
			"name": "Box10",
			"from": [9, 14.79167, 7.79167],
			"to": [11, 15.79167, 8.79167],
			"rotation": {"angle": -22.5, "axis": "z", "origin": [8.29167, 8.5, 8.29167]},
			"faces": {
				"north": {"uv": [9, 2, 11, 1], "rotation": 180, "texture": "#easter_axe"},
				"east": {"uv": [11, 2, 10, 1], "rotation": 180, "texture": "#easter_axe"},
				"south": {"uv": [9, 1, 11, 2], "texture": "#easter_axe"},
				"west": {"uv": [9, 1, 10, 2], "texture": "#easter_axe"},
				"up": {"uv": [11, 1, 9, 2], "rotation": 180, "texture": "#easter_axe"},
				"down": {"uv": [9, 1, 11, 2], "texture": "#easter_axe"}
			}
		},
		{
			"name": "Box11",
			"from": [11, 7.79167, 7.79167],
			"to": [13, 8.79167, 8.79167],
			"rotation": {"angle": -22.5, "axis": "z", "origin": [8.29167, 8.5, 8.29167]},
			"faces": {
				"north": {"uv": [11, 9, 13, 8], "rotation": 180, "texture": "#easter_axe"},
				"east": {"uv": [13, 9, 12, 8], "rotation": 180, "texture": "#easter_axe"},
				"south": {"uv": [11, 8, 13, 9], "texture": "#easter_axe"},
				"west": {"uv": [11, 8, 12, 9], "texture": "#easter_axe"},
				"up": {"uv": [13, 8, 11, 9], "rotation": 180, "texture": "#easter_axe"},
				"down": {"uv": [11, 8, 13, 9], "texture": "#easter_axe"}
			}
		},
		{
			"name": "Box12",
			"from": [12, 8.79167, 7.79167],
			"to": [14, 10.79167, 8.79167],
			"rotation": {"angle": -22.5, "axis": "z", "origin": [8.29167, 8.5, 8.29167]},
			"faces": {
				"north": {"uv": [12, 8, 14, 6], "rotation": 180, "texture": "#easter_axe"},
				"east": {"uv": [14, 8, 13, 6], "rotation": 180, "texture": "#easter_axe"},
				"south": {"uv": [12, 6, 14, 8], "texture": "#easter_axe"},
				"west": {"uv": [12, 6, 13, 8], "texture": "#easter_axe"},
				"up": {"uv": [14, 6, 12, 7], "rotation": 180, "texture": "#easter_axe"},
				"down": {"uv": [12, 7, 14, 8], "texture": "#easter_axe"}
			}
		}
	],
	"display": {
		"thirdperson_righthand": {
			"rotation": [-67.25, -90, 0],
			"translation": [0, 3, 2.5],
			"scale": [0.85, 0.85, 0.85]
		},
		"thirdperson_lefthand": {
			"rotation": [-66.25, 90, 0],
			"translation": [0, 2.75, 2.5],
			"scale": [0.85, 0.85, 0.85]
		},
		"firstperson_righthand": {
			"rotation": [-51.75, -90, 0],
			"translation": [1.88, 2.7, 0.63],
			"scale": [0.68, 0.68, 0.68]
		},
		"firstperson_lefthand": {
			"rotation": [-54.25, 90, 0],
			"translation": [1.13, 2.7, 0.88],
			"scale": [0.68, 0.68, 0.68]
		},
		"ground": {
			"rotation": [0.3, -0.01, 13.25],
			"scale": [0.6, 0.6, 0.6]
		},
		"gui": {
			"rotation": [0, 0, 25.75],
			"translation": [0.25, -1, 0]
		},
		"head": {
			"translation": [0, 11.75, 0]
		},
		"fixed": {
			"rotation": [-180, 0, -157],
			"translation": [0, -1, -0.25],
			"scale": [1.2, 1.2, 1.2]
		}
	}
}