{
	"credit": "Made with Blockbench",
	"textures": {
		"particle": "item/etc/easter_sword",
		"easter_sword": "item/etc/easter_sword"
	},
	"elements": [
		{
			"name": "Box1",
			"from": [1.9375, 0.5625, 7.5],
			"to": [2.9375, 10.5625, 8.5],
			"rotation": {"angle": -22.5, "axis": "z", "origin": [7.9375, 8.5, 8]},
			"faces": {
				"north": {"uv": [0, 13, 10, 14], "rotation": 270, "texture": "#easter_sword"},
				"east": {"uv": [10, 13, 0, 14], "rotation": 90, "texture": "#easter_sword"},
				"south": {"uv": [0, 14, 10, 13], "rotation": 270, "texture": "#easter_sword"},
				"west": {"uv": [0, 13, 10, 14], "rotation": 270, "texture": "#easter_sword"},
				"up": {"uv": [10, 14, 9, 13], "rotation": 270, "texture": "#easter_sword"},
				"down": {"uv": [0, 13, 1, 14], "rotation": 90, "texture": "#easter_sword"}
			}
		},
		{
			"name": "Box2",
			"from": [0.9375, 0.5625, 7.5],
			"to": [1.9375, 4.5625, 8.5],
			"rotation": {"angle": -22.5, "axis": "z", "origin": [7.9375, 8.5, 8]},
			"faces": {
				"north": {"uv": [0, 14, 4, 15], "rotation": 270, "texture": "#easter_sword"},
				"east": {"uv": [4, 14, 0, 15], "rotation": 90, "texture": "#easter_sword"},
				"south": {"uv": [0, 15, 4, 14], "rotation": 270, "texture": "#easter_sword"},
				"west": {"uv": [0, 14, 4, 15], "rotation": 270, "texture": "#easter_sword"},
				"up": {"uv": [4, 15, 3, 14], "rotation": 270, "texture": "#easter_sword"},
				"down": {"uv": [0, 14, 1, 15], "rotation": 90, "texture": "#easter_sword"}
			}
		},
		{
			"name": "Box3",
			"from": [5.9375, 1.5625, 7.5],
			"to": [7.9375, 10.5625, 8.5],
			"rotation": {"angle": -22.5, "axis": "z", "origin": [7.9375, 8.5, 8]},
			"faces": {
				"north": {"uv": [1, 8, 10, 10], "rotation": 270, "texture": "#easter_sword"},
				"east": {"uv": [10, 8, 1, 9], "rotation": 90, "texture": "#easter_sword"},
				"south": {"uv": [1, 10, 10, 8], "rotation": 270, "texture": "#easter_sword"},
				"west": {"uv": [1, 9, 10, 10], "rotation": 270, "texture": "#easter_sword"},
				"up": {"uv": [10, 10, 9, 8], "rotation": 270, "texture": "#easter_sword"},
				"down": {"uv": [1, 8, 2, 10], "rotation": 90, "texture": "#easter_sword"}
			}
		},
		{
			"name": "Box4",
			"from": [2.9375, 1.5625, 7.5],
			"to": [3.9375, 11.5625, 8.5],
			"rotation": {"angle": -22.5, "axis": "z", "origin": [7.9375, 8.5, 8]},
			"faces": {
				"north": {"uv": [1, 12, 11, 13], "rotation": 270, "texture": "#easter_sword"},
				"east": {"uv": [11, 12, 1, 13], "rotation": 90, "texture": "#easter_sword"},
				"south": {"uv": [1, 13, 11, 12], "rotation": 270, "texture": "#easter_sword"},
				"west": {"uv": [1, 12, 11, 13], "rotation": 270, "texture": "#easter_sword"},
				"up": {"uv": [11, 13, 10, 12], "rotation": 270, "texture": "#easter_sword"},
				"down": {"uv": [1, 12, 2, 13], "rotation": 90, "texture": "#easter_sword"}
			}
		},
		{
			"name": "Box5",
			"from": [-0.0625, 1.5625, 7.5],
			"to": [0.9375, 3.5625, 8.5],
			"rotation": {"angle": -22.5, "axis": "z", "origin": [7.9375, 8.5, 8]},
			"faces": {
				"north": {"uv": [1, 15, 3, 16], "rotation": 270, "texture": "#easter_sword"},
				"east": {"uv": [3, 15, 1, 16], "rotation": 90, "texture": "#easter_sword"},
				"south": {"uv": [1, 16, 3, 15], "rotation": 270, "texture": "#easter_sword"},
				"west": {"uv": [1, 15, 3, 16], "rotation": 270, "texture": "#easter_sword"},
				"up": {"uv": [3, 16, 2, 15], "rotation": 270, "texture": "#easter_sword"},
				"down": {"uv": [1, 15, 2, 16], "rotation": 90, "texture": "#easter_sword"}
			}
		},
		{
			"name": "Box6",
			"from": [8.9375, 2.5625, 7.5],
			"to": [9.9375, 12.5625, 8.5],
			"rotation": {"angle": -22.5, "axis": "z", "origin": [7.9375, 8.5, 8]},
			"faces": {
				"north": {"uv": [2, 6, 12, 7], "rotation": 270, "texture": "#easter_sword"},
				"east": {"uv": [12, 6, 2, 7], "rotation": 90, "texture": "#easter_sword"},
				"south": {"uv": [2, 7, 12, 6], "rotation": 270, "texture": "#easter_sword"},
				"west": {"uv": [2, 6, 12, 7], "rotation": 270, "texture": "#easter_sword"},
				"up": {"uv": [12, 7, 11, 6], "rotation": 270, "texture": "#easter_sword"},
				"down": {"uv": [2, 6, 3, 7], "rotation": 90, "texture": "#easter_sword"}
			}
		},
		{
			"name": "Box7",
			"from": [7.9375, 2.5625, 7.5],
			"to": [8.9375, 11.5625, 8.5],
			"rotation": {"angle": -22.5, "axis": "z", "origin": [7.9375, 8.5, 8]},
			"faces": {
				"north": {"uv": [2, 7, 11, 8], "rotation": 270, "texture": "#easter_sword"},
				"east": {"uv": [11, 7, 2, 8], "rotation": 90, "texture": "#easter_sword"},
				"south": {"uv": [2, 8, 11, 7], "rotation": 270, "texture": "#easter_sword"},
				"west": {"uv": [2, 7, 11, 8], "rotation": 270, "texture": "#easter_sword"},
				"up": {"uv": [11, 8, 10, 7], "rotation": 270, "texture": "#easter_sword"},
				"down": {"uv": [2, 7, 3, 8], "rotation": 90, "texture": "#easter_sword"}
			}
		},
		{
			"name": "Box8",
			"from": [3.9375, 2.5625, 7.5],
			"to": [5.9375, 10.5625, 8.5],
			"rotation": {"angle": -22.5, "axis": "z", "origin": [7.9375, 8.5, 8]},
			"faces": {
				"north": {"uv": [2, 10, 10, 12], "rotation": 270, "texture": "#easter_sword"},
				"east": {"uv": [10, 10, 2, 11], "rotation": 90, "texture": "#easter_sword"},
				"south": {"uv": [2, 12, 10, 10], "rotation": 270, "texture": "#easter_sword"},
				"west": {"uv": [2, 11, 10, 12], "rotation": 270, "texture": "#easter_sword"},
				"up": {"uv": [10, 12, 9, 10], "rotation": 270, "texture": "#easter_sword"},
				"down": {"uv": [2, 10, 3, 12], "rotation": 90, "texture": "#easter_sword"}
			}
		},
		{
			"name": "Box9",
			"from": [9.9375, 3.5625, 7.5],
			"to": [10.9375, 4.5625, 8.5],
			"rotation": {"angle": -22.5, "axis": "z", "origin": [7.9375, 8.5, 8]},
			"faces": {
				"north": {"uv": [3, 5, 4, 6], "rotation": 270, "texture": "#easter_sword"},
				"east": {"uv": [4, 5, 3, 6], "rotation": 90, "texture": "#easter_sword"},
				"south": {"uv": [3, 6, 4, 5], "rotation": 270, "texture": "#easter_sword"},
				"west": {"uv": [3, 5, 4, 6], "rotation": 270, "texture": "#easter_sword"},
				"up": {"uv": [4, 6, 3, 5], "rotation": 270, "texture": "#easter_sword"},
				"down": {"uv": [3, 5, 4, 6], "rotation": 90, "texture": "#easter_sword"}
			}
		},
		{
			"name": "Box10",
			"from": [0.9375, 6.5625, 7.5],
			"to": [1.9375, 8.5625, 8.5],
			"rotation": {"angle": -22.5, "axis": "z", "origin": [7.9375, 8.5, 8]},
			"faces": {
				"north": {"uv": [6, 14, 8, 15], "rotation": 270, "texture": "#easter_sword"},
				"east": {"uv": [8, 14, 6, 15], "rotation": 90, "texture": "#easter_sword"},
				"south": {"uv": [6, 15, 8, 14], "rotation": 270, "texture": "#easter_sword"},
				"west": {"uv": [6, 14, 8, 15], "rotation": 270, "texture": "#easter_sword"},
				"up": {"uv": [8, 15, 7, 14], "rotation": 270, "texture": "#easter_sword"},
				"down": {"uv": [6, 14, 7, 15], "rotation": 90, "texture": "#easter_sword"}
			}
		},
		{
			"name": "Box11",
			"from": [9.9375, 8.5625, 7.5],
			"to": [10.9375, 13.5625, 8.5],
			"rotation": {"angle": -22.5, "axis": "z", "origin": [7.9375, 8.5, 8]},
			"faces": {
				"north": {"uv": [8, 5, 13, 6], "rotation": 270, "texture": "#easter_sword"},
				"east": {"uv": [13, 5, 8, 6], "rotation": 90, "texture": "#easter_sword"},
				"south": {"uv": [8, 6, 13, 5], "rotation": 270, "texture": "#easter_sword"},
				"west": {"uv": [8, 5, 13, 6], "rotation": 270, "texture": "#easter_sword"},
				"up": {"uv": [13, 6, 12, 5], "rotation": 270, "texture": "#easter_sword"},
				"down": {"uv": [8, 5, 9, 6], "rotation": 90, "texture": "#easter_sword"}
			}
		},
		{
			"name": "Box12",
			"from": [10.9375, 9.5625, 7.5],
			"to": [11.9375, 14.5625, 8.5],
			"rotation": {"angle": -22.5, "axis": "z", "origin": [7.9375, 8.5, 8]},
			"faces": {
				"north": {"uv": [9, 4, 14, 5], "rotation": 270, "texture": "#easter_sword"},
				"east": {"uv": [14, 4, 9, 5], "rotation": 90, "texture": "#easter_sword"},
				"south": {"uv": [9, 5, 14, 4], "rotation": 270, "texture": "#easter_sword"},
				"west": {"uv": [9, 4, 14, 5], "rotation": 270, "texture": "#easter_sword"},
				"up": {"uv": [14, 5, 13, 4], "rotation": 270, "texture": "#easter_sword"},
				"down": {"uv": [9, 4, 10, 5], "rotation": 90, "texture": "#easter_sword"}
			}
		},
		{
			"name": "Box13",
			"from": [11.9375, 10.5625, 7.5],
			"to": [12.9375, 15.5625, 8.5],
			"rotation": {"angle": -22.5, "axis": "z", "origin": [7.9375, 8.5, 8]},
			"faces": {
				"north": {"uv": [10, 3, 15, 4], "rotation": 270, "texture": "#easter_sword"},
				"east": {"uv": [15, 3, 10, 4], "rotation": 90, "texture": "#easter_sword"},
				"south": {"uv": [10, 4, 15, 3], "rotation": 270, "texture": "#easter_sword"},
				"west": {"uv": [10, 3, 15, 4], "rotation": 270, "texture": "#easter_sword"},
				"up": {"uv": [15, 4, 14, 3], "rotation": 270, "texture": "#easter_sword"},
				"down": {"uv": [10, 3, 11, 4], "rotation": 90, "texture": "#easter_sword"}
			}
		},
		{
			"name": "Box14",
			"from": [12.9375, 11.5625, 7.5],
			"to": [13.9375, 16.5625, 8.5],
			"rotation": {"angle": -22.5, "axis": "z", "origin": [7.9375, 8.5, 8]},
			"faces": {
				"north": {"uv": [11, 2, 16, 3], "rotation": 270, "texture": "#easter_sword"},
				"east": {"uv": [16, 2, 11, 3], "rotation": 90, "texture": "#easter_sword"},
				"south": {"uv": [11, 3, 16, 2], "rotation": 270, "texture": "#easter_sword"},
				"west": {"uv": [11, 2, 16, 3], "rotation": 270, "texture": "#easter_sword"},
				"up": {"uv": [16, 3, 15, 2], "rotation": 270, "texture": "#easter_sword"},
				"down": {"uv": [11, 2, 12, 3], "rotation": 90, "texture": "#easter_sword"}
			}
		},
		{
			"name": "Box15",
			"from": [13.9375, 12.5625, 7.5],
			"to": [14.9375, 16.5625, 8.5],
			"rotation": {"angle": -22.5, "axis": "z", "origin": [7.9375, 8.5, 8]},
			"faces": {
				"north": {"uv": [12, 1, 16, 2], "rotation": 270, "texture": "#easter_sword"},
				"east": {"uv": [16, 1, 12, 2], "rotation": 90, "texture": "#easter_sword"},
				"south": {"uv": [12, 2, 16, 1], "rotation": 270, "texture": "#easter_sword"},
				"west": {"uv": [12, 1, 16, 2], "rotation": 270, "texture": "#easter_sword"},
				"up": {"uv": [16, 2, 15, 1], "rotation": 270, "texture": "#easter_sword"},
				"down": {"uv": [12, 1, 13, 2], "rotation": 90, "texture": "#easter_sword"}
			}
		},
		{
			"name": "Box16",
			"from": [14.9375, 13.5625, 7.5],
			"to": [15.9375, 16.5625, 8.5],
			"rotation": {"angle": -22.5, "axis": "z", "origin": [7.9375, 8.5, 8]},
			"faces": {
				"north": {"uv": [13, 0, 16, 1], "rotation": 270, "texture": "#easter_sword"},
				"east": {"uv": [16, 0, 13, 1], "rotation": 90, "texture": "#easter_sword"},
				"south": {"uv": [13, 1, 16, 0], "rotation": 270, "texture": "#easter_sword"},
				"west": {"uv": [13, 0, 16, 1], "rotation": 270, "texture": "#easter_sword"},
				"up": {"uv": [16, 1, 15, 0], "rotation": 270, "texture": "#easter_sword"},
				"down": {"uv": [13, 0, 14, 1], "rotation": 90, "texture": "#easter_sword"}
			}
		}
	],
	"gui_light": "front",
	"display": {
		"thirdperson_righthand": {
			"rotation": [-67.25, -90, 0],
			"translation": [0, 5.75, 2.5],
			"scale": [0.85, 0.85, 0.85]
		},
		"thirdperson_lefthand": {
			"rotation": [-66.25, 90, 0],
			"translation": [0, 5.75, 2.5],
			"scale": [0.85, 0.85, 0.85]
		},
		"firstperson_righthand": {
			"rotation": [-51.75, -90, 0],
			"translation": [1.88, 2.7, 0.63],
			"scale": [0.68, 0.68, 0.68]
		},
		"firstperson_lefthand": {
			"rotation": [-54.25, 90, 0],
			"translation": [1.13, 2.7, 0.88],
			"scale": [0.68, 0.68, 0.68]
		},
		"ground": {
			"rotation": [0.3, -0.01, 13.25],
			"translation": [0, 1.25, 0],
			"scale": [0.6, 0.6, 0.6]
		},
		"gui": {
			"rotation": [0, 0, 25.75],
			"translation": [0.25, -0.75, 0],
			"scale": [0.9, 0.9, 0.9]
		},
		"head": {
			"translation": [0, 11.75, 0]
		},
		"fixed": {
			"rotation": [-180, 0, -157],
			"translation": [0, -0.5, -1]
		}
	}
}