{
	"credit": "Made with Blockbench",
	"textures": {
		"easter_hoe": "item/etc/easter_hoe",
		"particle": "item/etc/easter_hoe"
	},
	"gui_light": "front",
	"elements": [
		{
			"name": "Box1",
			"from": [2, 2.45833, 7.45833],
			"to": [6, 4.45833, 8.45833],
			"rotation": {"angle": -22.5, "axis": "z", "origin": [8.04167, 8.5, 7.95833]},
			"faces": {
				"north": {"uv": [2, 14, 6, 12], "rotation": 180, "texture": "#easter_hoe"},
				"east": {"uv": [6, 14, 5, 12], "rotation": 180, "texture": "#easter_hoe"},
				"south": {"uv": [2, 12, 6, 14], "texture": "#easter_hoe"},
				"west": {"uv": [2, 12, 3, 14], "texture": "#easter_hoe"},
				"up": {"uv": [6, 12, 2, 13], "rotation": 180, "texture": "#easter_hoe"},
				"down": {"uv": [2, 13, 6, 14], "texture": "#easter_hoe"}
			}
		},
		{
			"name": "Box2",
			"from": [3, 4.45833, 7.45833],
			"to": [7, 5.45833, 8.45833],
			"rotation": {"angle": -22.5, "axis": "z", "origin": [8.04167, 8.5, 7.95833]},
			"faces": {
				"north": {"uv": [3, 12, 7, 11], "rotation": 180, "texture": "#easter_hoe"},
				"east": {"uv": [7, 12, 6, 11], "rotation": 180, "texture": "#easter_hoe"},
				"south": {"uv": [3, 11, 7, 12], "texture": "#easter_hoe"},
				"west": {"uv": [3, 11, 4, 12], "texture": "#easter_hoe"},
				"up": {"uv": [7, 11, 3, 12], "rotation": 180, "texture": "#easter_hoe"},
				"down": {"uv": [3, 11, 7, 12], "texture": "#easter_hoe"}
			}
		},
		{
			"name": "Box3",
			"from": [3, 1.45833, 7.45833],
			"to": [5, 2.45833, 8.45833],
			"rotation": {"angle": -22.5, "axis": "z", "origin": [8.04167, 8.5, 7.95833]},
			"faces": {
				"north": {"uv": [3, 15, 5, 14], "rotation": 180, "texture": "#easter_hoe"},
				"east": {"uv": [5, 15, 4, 14], "rotation": 180, "texture": "#easter_hoe"},
				"south": {"uv": [3, 14, 5, 15], "texture": "#easter_hoe"},
				"west": {"uv": [3, 14, 4, 15], "texture": "#easter_hoe"},
				"up": {"uv": [5, 14, 3, 15], "rotation": 180, "texture": "#easter_hoe"},
				"down": {"uv": [3, 14, 5, 15], "texture": "#easter_hoe"}
			}
		},
		{
			"name": "Box4",
			"from": [5, 5.45833, 7.45833],
			"to": [8, 6.45833, 8.45833],
			"rotation": {"angle": -22.5, "axis": "z", "origin": [8.04167, 8.5, 7.95833]},
			"faces": {
				"north": {"uv": [5, 11, 8, 10], "rotation": 180, "texture": "#easter_hoe"},
				"east": {"uv": [8, 11, 7, 10], "rotation": 180, "texture": "#easter_hoe"},
				"south": {"uv": [5, 10, 8, 11], "texture": "#easter_hoe"},
				"west": {"uv": [5, 10, 6, 11], "texture": "#easter_hoe"},
				"up": {"uv": [8, 10, 5, 11], "rotation": 180, "texture": "#easter_hoe"},
				"down": {"uv": [5, 10, 8, 11], "texture": "#easter_hoe"}
			}
		},
		{
			"name": "Box5",
			"from": [6, 13.45833, 7.45833],
			"to": [11, 14.45833, 8.45833],
			"rotation": {"angle": -22.5, "axis": "z", "origin": [8.04167, 8.5, 7.95833]},
			"faces": {
				"north": {"uv": [6, 3, 11, 2], "rotation": 180, "texture": "#easter_hoe"},
				"east": {"uv": [11, 3, 10, 2], "rotation": 180, "texture": "#easter_hoe"},
				"south": {"uv": [6, 2, 11, 3], "texture": "#easter_hoe"},
				"west": {"uv": [6, 2, 7, 3], "texture": "#easter_hoe"},
				"up": {"uv": [11, 2, 6, 3], "rotation": 180, "texture": "#easter_hoe"},
				"down": {"uv": [6, 2, 11, 3], "texture": "#easter_hoe"}
			}
		},
		{
			"name": "Box6",
			"from": [6, 6.45833, 7.45833],
			"to": [9, 7.45833, 8.45833],
			"rotation": {"angle": -22.5, "axis": "z", "origin": [8.04167, 8.5, 7.95833]},
			"faces": {
				"north": {"uv": [6, 10, 9, 9], "rotation": 180, "texture": "#easter_hoe"},
				"east": {"uv": [9, 10, 8, 9], "rotation": 180, "texture": "#easter_hoe"},
				"south": {"uv": [6, 9, 9, 10], "texture": "#easter_hoe"},
				"west": {"uv": [6, 9, 7, 10], "texture": "#easter_hoe"},
				"up": {"uv": [9, 9, 6, 10], "rotation": 180, "texture": "#easter_hoe"},
				"down": {"uv": [6, 9, 9, 10], "texture": "#easter_hoe"}
			}
		},
		{
			"name": "Box7",
			"from": [7, 12.45833, 7.45833],
			"to": [10, 15.45833, 8.45833],
			"rotation": {"angle": -22.5, "axis": "z", "origin": [8.04167, 8.5, 7.95833]},
			"faces": {
				"north": {"uv": [7, 4, 10, 1], "rotation": 180, "texture": "#easter_hoe"},
				"east": {"uv": [10, 4, 9, 1], "rotation": 180, "texture": "#easter_hoe"},
				"south": {"uv": [7, 1, 10, 4], "texture": "#easter_hoe"},
				"west": {"uv": [7, 1, 8, 4], "texture": "#easter_hoe"},
				"up": {"uv": [10, 1, 7, 2], "rotation": 180, "texture": "#easter_hoe"},
				"down": {"uv": [7, 3, 10, 4], "texture": "#easter_hoe"}
			}
		},
		{
			"name": "Box8",
			"from": [7, 7.45833, 7.45833],
			"to": [10, 8.45833, 8.45833],
			"rotation": {"angle": -22.5, "axis": "z", "origin": [8.04167, 8.5, 7.95833]},
			"faces": {
				"north": {"uv": [7, 9, 10, 8], "rotation": 180, "texture": "#easter_hoe"},
				"east": {"uv": [10, 9, 9, 8], "rotation": 180, "texture": "#easter_hoe"},
				"south": {"uv": [7, 8, 10, 9], "texture": "#easter_hoe"},
				"west": {"uv": [7, 8, 8, 9], "texture": "#easter_hoe"},
				"up": {"uv": [10, 8, 7, 9], "rotation": 180, "texture": "#easter_hoe"},
				"down": {"uv": [7, 8, 10, 9], "texture": "#easter_hoe"}
			}
		},
		{
			"name": "Box9",
			"from": [8, 8.45833, 7.45833],
			"to": [11, 9.45833, 8.45833],
			"rotation": {"angle": -22.5, "axis": "z", "origin": [8.04167, 8.5, 7.95833]},
			"faces": {
				"north": {"uv": [8, 8, 11, 7], "rotation": 180, "texture": "#easter_hoe"},
				"east": {"uv": [11, 8, 10, 7], "rotation": 180, "texture": "#easter_hoe"},
				"south": {"uv": [8, 7, 11, 8], "texture": "#easter_hoe"},
				"west": {"uv": [8, 7, 9, 8], "texture": "#easter_hoe"},
				"up": {"uv": [11, 7, 8, 8], "rotation": 180, "texture": "#easter_hoe"},
				"down": {"uv": [8, 7, 11, 8], "texture": "#easter_hoe"}
			}
		},
		{
			"name": "Box10",
			"from": [9, 11.45833, 7.45833],
			"to": [14, 12.45833, 8.45833],
			"rotation": {"angle": -22.5, "axis": "z", "origin": [8.04167, 8.5, 7.95833]},
			"faces": {
				"north": {"uv": [9, 5, 14, 4], "rotation": 180, "texture": "#easter_hoe"},
				"east": {"uv": [14, 5, 13, 4], "rotation": 180, "texture": "#easter_hoe"},
				"south": {"uv": [9, 4, 14, 5], "texture": "#easter_hoe"},
				"west": {"uv": [9, 4, 10, 5], "texture": "#easter_hoe"},
				"up": {"uv": [14, 4, 9, 5], "rotation": 180, "texture": "#easter_hoe"},
				"down": {"uv": [9, 4, 14, 5], "texture": "#easter_hoe"}
			}
		},
		{
			"name": "Box11",
			"from": [9, 9.45833, 7.45833],
			"to": [13, 10.45833, 8.45833],
			"rotation": {"angle": -22.5, "axis": "z", "origin": [8.04167, 8.5, 7.95833]},
			"faces": {
				"north": {"uv": [9, 7, 13, 6], "rotation": 180, "texture": "#easter_hoe"},
				"east": {"uv": [13, 7, 12, 6], "rotation": 180, "texture": "#easter_hoe"},
				"south": {"uv": [9, 6, 13, 7], "texture": "#easter_hoe"},
				"west": {"uv": [9, 6, 10, 7], "texture": "#easter_hoe"},
				"up": {"uv": [13, 6, 9, 7], "rotation": 180, "texture": "#easter_hoe"},
				"down": {"uv": [9, 6, 13, 7], "texture": "#easter_hoe"}
			}
		},
		{
			"name": "Box12",
			"from": [10, 10.45833, 7.45833],
			"to": [14, 13.45833, 8.45833],
			"rotation": {"angle": -22.5, "axis": "z", "origin": [8.04167, 8.5, 7.95833]},
			"faces": {
				"north": {"uv": [10, 6, 14, 3], "rotation": 180, "texture": "#easter_hoe"},
				"east": {"uv": [14, 6, 13, 3], "rotation": 180, "texture": "#easter_hoe"},
				"south": {"uv": [10, 3, 14, 6], "texture": "#easter_hoe"},
				"west": {"uv": [10, 3, 11, 6], "texture": "#easter_hoe"},
				"up": {"uv": [14, 3, 10, 4], "rotation": 180, "texture": "#easter_hoe"},
				"down": {"uv": [10, 5, 14, 6], "texture": "#easter_hoe"}
			}
		}
	],
	"display": {
		"thirdperson_righthand": {
			"rotation": [-67.25, -90, 0],
			"translation": [0, 3, 2.5],
			"scale": [0.85, 0.85, 0.85]
		},
		"thirdperson_lefthand": {
			"rotation": [-66.25, 90, 0],
			"translation": [0, 2.75, 2.5],
			"scale": [0.85, 0.85, 0.85]
		},
		"firstperson_righthand": {
			"rotation": [-51.75, -90, 0],
			"translation": [1.88, 2.7, 0.63],
			"scale": [0.68, 0.68, 0.68]
		},
		"firstperson_lefthand": {
			"rotation": [-54.25, 90, 0],
			"translation": [1.13, 2.7, 0.88],
			"scale": [0.68, 0.68, 0.68]
		},
		"ground": {
			"rotation": [0.3, -0.01, 13.25],
			"scale": [0.6, 0.6, 0.6]
		},
		"gui": {
			"rotation": [0, 0, 25.75],
			"translation": [0.25, -1, 0]
		},
		"head": {
			"translation": [0, 11.75, 0]
		},
		"fixed": {
			"rotation": [-180, 0, -157],
			"translation": [0, -1, -0.25],
			"scale": [1.2, 1.2, 1.2]
		}
	}
}