{
	"credit": "Made with Blockbench",
	"textures": {
		"easter_shovel": "item/etc/easter_shovel",
		"particle": "item/etc/easter_shovel"
	},
	"gui_light": "front",
	"elements": [
		{
			"name": "Box1",
			"from": [1.3, 0.13333, 7.43333],
			"to": [3.3, 4.13333, 8.43333],
			"rotation": {"angle": -22.5, "axis": "z", "origin": [8.36667, 8.5, 7.93333]},
			"faces": {
				"north": {"uv": [0, 13, 4, 15], "rotation": 270, "texture": "#easter_shovel"},
				"east": {"uv": [4, 13, 0, 14], "rotation": 90, "texture": "#easter_shovel"},
				"south": {"uv": [0, 15, 4, 13], "rotation": 270, "texture": "#easter_shovel"},
				"west": {"uv": [0, 14, 4, 15], "rotation": 270, "texture": "#easter_shovel"},
				"up": {"uv": [4, 15, 3, 13], "rotation": 270, "texture": "#easter_shovel"},
				"down": {"uv": [0, 13, 1, 15], "rotation": 90, "texture": "#easter_shovel"}
			}
		},
		{
			"name": "Box2",
			"from": [3.3, 1.13333, 7.43333],
			"to": [4.3, 5.13333, 8.43333],
			"rotation": {"angle": -22.5, "axis": "z", "origin": [8.36667, 8.5, 7.93333]},
			"faces": {
				"north": {"uv": [1, 12, 5, 13], "rotation": 270, "texture": "#easter_shovel"},
				"east": {"uv": [5, 12, 1, 13], "rotation": 90, "texture": "#easter_shovel"},
				"south": {"uv": [1, 13, 5, 12], "rotation": 270, "texture": "#easter_shovel"},
				"west": {"uv": [1, 12, 5, 13], "rotation": 270, "texture": "#easter_shovel"},
				"up": {"uv": [5, 13, 4, 12], "rotation": 270, "texture": "#easter_shovel"},
				"down": {"uv": [1, 12, 2, 13], "rotation": 90, "texture": "#easter_shovel"}
			}
		},
		{
			"name": "Box3",
			"from": [0.3, 1.13333, 7.43333],
			"to": [1.3, 3.13333, 8.43333],
			"rotation": {"angle": -22.5, "axis": "z", "origin": [8.36667, 8.5, 7.93333]},
			"faces": {
				"north": {"uv": [1, 15, 3, 16], "rotation": 270, "texture": "#easter_shovel"},
				"east": {"uv": [3, 15, 1, 16], "rotation": 90, "texture": "#easter_shovel"},
				"south": {"uv": [1, 16, 3, 15], "rotation": 270, "texture": "#easter_shovel"},
				"west": {"uv": [1, 15, 3, 16], "rotation": 270, "texture": "#easter_shovel"},
				"up": {"uv": [3, 16, 2, 15], "rotation": 270, "texture": "#easter_shovel"},
				"down": {"uv": [1, 15, 2, 16], "rotation": 90, "texture": "#easter_shovel"}
			}
		},
		{
			"name": "Box4",
			"from": [4.3, 3.13333, 7.43333],
			"to": [5.3, 6.13333, 8.43333],
			"rotation": {"angle": -22.5, "axis": "z", "origin": [8.36667, 8.5, 7.93333]},
			"faces": {
				"north": {"uv": [3, 11, 6, 12], "rotation": 270, "texture": "#easter_shovel"},
				"east": {"uv": [6, 11, 3, 12], "rotation": 90, "texture": "#easter_shovel"},
				"south": {"uv": [3, 12, 6, 11], "rotation": 270, "texture": "#easter_shovel"},
				"west": {"uv": [3, 11, 6, 12], "rotation": 270, "texture": "#easter_shovel"},
				"up": {"uv": [6, 12, 5, 11], "rotation": 270, "texture": "#easter_shovel"},
				"down": {"uv": [3, 11, 4, 12], "rotation": 90, "texture": "#easter_shovel"}
			}
		},
		{
			"name": "Box5",
			"from": [5.3, 4.13333, 7.43333],
			"to": [6.3, 7.13333, 8.43333],
			"rotation": {"angle": -22.5, "axis": "z", "origin": [8.36667, 8.5, 7.93333]},
			"faces": {
				"north": {"uv": [4, 10, 7, 11], "rotation": 270, "texture": "#easter_shovel"},
				"east": {"uv": [7, 10, 4, 11], "rotation": 90, "texture": "#easter_shovel"},
				"south": {"uv": [4, 11, 7, 10], "rotation": 270, "texture": "#easter_shovel"},
				"west": {"uv": [4, 10, 7, 11], "rotation": 270, "texture": "#easter_shovel"},
				"up": {"uv": [7, 11, 6, 10], "rotation": 270, "texture": "#easter_shovel"},
				"down": {"uv": [4, 10, 5, 11], "rotation": 90, "texture": "#easter_shovel"}
			}
		},
		{
			"name": "Box6",
			"from": [10.3, 5.13333, 7.43333],
			"to": [11.3, 16.13333, 8.43333],
			"rotation": {"angle": -22.5, "axis": "z", "origin": [8.36667, 8.5, 7.93333]},
			"faces": {
				"north": {"uv": [5, 5, 16, 6], "rotation": 270, "texture": "#easter_shovel"},
				"east": {"uv": [16, 5, 5, 6], "rotation": 90, "texture": "#easter_shovel"},
				"south": {"uv": [5, 6, 16, 5], "rotation": 270, "texture": "#easter_shovel"},
				"west": {"uv": [5, 5, 16, 6], "rotation": 270, "texture": "#easter_shovel"},
				"up": {"uv": [16, 6, 15, 5], "rotation": 270, "texture": "#easter_shovel"},
				"down": {"uv": [5, 5, 6, 6], "rotation": 90, "texture": "#easter_shovel"}
			}
		},
		{
			"name": "Box7",
			"from": [9.3, 5.13333, 7.43333],
			"to": [10.3, 15.13333, 8.43333],
			"rotation": {"angle": -22.5, "axis": "z", "origin": [8.36667, 8.5, 7.93333]},
			"faces": {
				"north": {"uv": [5, 6, 15, 7], "rotation": 270, "texture": "#easter_shovel"},
				"east": {"uv": [15, 6, 5, 7], "rotation": 90, "texture": "#easter_shovel"},
				"south": {"uv": [5, 7, 15, 6], "rotation": 270, "texture": "#easter_shovel"},
				"west": {"uv": [5, 6, 15, 7], "rotation": 270, "texture": "#easter_shovel"},
				"up": {"uv": [15, 7, 14, 6], "rotation": 270, "texture": "#easter_shovel"},
				"down": {"uv": [5, 6, 6, 7], "rotation": 90, "texture": "#easter_shovel"}
			}
		},
		{
			"name": "Box8",
			"from": [6.3, 5.13333, 7.43333],
			"to": [7.3, 13.13333, 8.43333],
			"rotation": {"angle": -22.5, "axis": "z", "origin": [8.36667, 8.5, 7.93333]},
			"faces": {
				"north": {"uv": [5, 9, 13, 10], "rotation": 270, "texture": "#easter_shovel"},
				"east": {"uv": [13, 9, 5, 10], "rotation": 90, "texture": "#easter_shovel"},
				"south": {"uv": [5, 10, 13, 9], "rotation": 270, "texture": "#easter_shovel"},
				"west": {"uv": [5, 9, 13, 10], "rotation": 270, "texture": "#easter_shovel"},
				"up": {"uv": [13, 10, 12, 9], "rotation": 270, "texture": "#easter_shovel"},
				"down": {"uv": [5, 9, 6, 10], "rotation": 90, "texture": "#easter_shovel"}
			}
		},
		{
			"name": "Box9",
			"from": [8.3, 6.13333, 7.43333],
			"to": [13.3, 15.13333, 8.43333],
			"rotation": {"angle": -22.5, "axis": "z", "origin": [8.36667, 8.5, 7.93333]},
			"faces": {
				"north": {"uv": [6, 3, 15, 8], "rotation": 270, "texture": "#easter_shovel"},
				"east": {"uv": [15, 3, 6, 4], "rotation": 90, "texture": "#easter_shovel"},
				"south": {"uv": [6, 8, 15, 3], "rotation": 270, "texture": "#easter_shovel"},
				"west": {"uv": [6, 7, 15, 8], "rotation": 270, "texture": "#easter_shovel"},
				"up": {"uv": [15, 8, 14, 3], "rotation": 270, "texture": "#easter_shovel"},
				"down": {"uv": [6, 3, 7, 8], "rotation": 90, "texture": "#easter_shovel"}
			}
		},
		{
			"name": "Box10",
			"from": [7.3, 6.13333, 7.43333],
			"to": [8.3, 14.13333, 8.43333],
			"rotation": {"angle": -22.5, "axis": "z", "origin": [8.36667, 8.5, 7.93333]},
			"faces": {
				"north": {"uv": [6, 8, 14, 9], "rotation": 270, "texture": "#easter_shovel"},
				"east": {"uv": [14, 8, 6, 9], "rotation": 90, "texture": "#easter_shovel"},
				"south": {"uv": [6, 9, 14, 8], "rotation": 270, "texture": "#easter_shovel"},
				"west": {"uv": [6, 8, 14, 9], "rotation": 270, "texture": "#easter_shovel"},
				"up": {"uv": [14, 9, 13, 8], "rotation": 270, "texture": "#easter_shovel"},
				"down": {"uv": [6, 8, 7, 9], "rotation": 90, "texture": "#easter_shovel"}
			}
		},
		{
			"name": "Box11",
			"from": [13.3, 7.13333, 7.43333],
			"to": [14.3, 15.13333, 8.43333],
			"rotation": {"angle": -22.5, "axis": "z", "origin": [8.36667, 8.5, 7.93333]},
			"faces": {
				"north": {"uv": [7, 2, 15, 3], "rotation": 270, "texture": "#easter_shovel"},
				"east": {"uv": [15, 2, 7, 3], "rotation": 90, "texture": "#easter_shovel"},
				"south": {"uv": [7, 3, 15, 2], "rotation": 270, "texture": "#easter_shovel"},
				"west": {"uv": [7, 2, 15, 3], "rotation": 270, "texture": "#easter_shovel"},
				"up": {"uv": [15, 3, 14, 2], "rotation": 270, "texture": "#easter_shovel"},
				"down": {"uv": [7, 2, 8, 3], "rotation": 90, "texture": "#easter_shovel"}
			}
		},
		{
			"name": "Box12",
			"from": [14.3, 8.13333, 7.43333],
			"to": [15.3, 14.13333, 8.43333],
			"rotation": {"angle": -22.5, "axis": "z", "origin": [8.36667, 8.5, 7.93333]},
			"faces": {
				"north": {"uv": [8, 1, 14, 2], "rotation": 270, "texture": "#easter_shovel"},
				"east": {"uv": [14, 1, 8, 2], "rotation": 90, "texture": "#easter_shovel"},
				"south": {"uv": [8, 2, 14, 1], "rotation": 270, "texture": "#easter_shovel"},
				"west": {"uv": [8, 1, 14, 2], "rotation": 270, "texture": "#easter_shovel"},
				"up": {"uv": [14, 2, 13, 1], "rotation": 270, "texture": "#easter_shovel"},
				"down": {"uv": [8, 1, 9, 2], "rotation": 90, "texture": "#easter_shovel"}
			}
		},
		{
			"name": "Box13",
			"from": [5.3, 9.13333, 7.43333],
			"to": [6.3, 11.13333, 8.43333],
			"rotation": {"angle": -22.5, "axis": "z", "origin": [8.36667, 8.5, 7.93333]},
			"faces": {
				"north": {"uv": [9, 10, 11, 11], "rotation": 270, "texture": "#easter_shovel"},
				"east": {"uv": [11, 10, 9, 11], "rotation": 90, "texture": "#easter_shovel"},
				"south": {"uv": [9, 11, 11, 10], "rotation": 270, "texture": "#easter_shovel"},
				"west": {"uv": [9, 10, 11, 11], "rotation": 270, "texture": "#easter_shovel"},
				"up": {"uv": [11, 11, 10, 10], "rotation": 270, "texture": "#easter_shovel"},
				"down": {"uv": [9, 10, 10, 11], "rotation": 90, "texture": "#easter_shovel"}
			}
		},
		{
			"name": "Box14",
			"from": [15.3, 10.13333, 7.43333],
			"to": [16.3, 12.13333, 8.43333],
			"rotation": {"angle": -22.5, "axis": "z", "origin": [8.36667, 8.5, 7.93333]},
			"faces": {
				"north": {"uv": [10, 0, 12, 1], "rotation": 270, "texture": "#easter_shovel"},
				"east": {"uv": [12, 0, 10, 1], "rotation": 90, "texture": "#easter_shovel"},
				"south": {"uv": [10, 1, 12, 0], "rotation": 270, "texture": "#easter_shovel"},
				"west": {"uv": [10, 0, 12, 1], "rotation": 270, "texture": "#easter_shovel"},
				"up": {"uv": [12, 1, 11, 0], "rotation": 270, "texture": "#easter_shovel"},
				"down": {"uv": [10, 0, 11, 1], "rotation": 90, "texture": "#easter_shovel"}
			}
		},
		{
			"name": "Box15",
			"from": [11.3, 15.13333, 7.43333],
			"to": [12.3, 16.13333, 8.43333],
			"rotation": {"angle": -22.5, "axis": "z", "origin": [8.36667, 8.5, 7.93333]},
			"faces": {
				"north": {"uv": [15, 4, 16, 5], "rotation": 270, "texture": "#easter_shovel"},
				"east": {"uv": [16, 4, 15, 5], "rotation": 90, "texture": "#easter_shovel"},
				"south": {"uv": [15, 5, 16, 4], "rotation": 270, "texture": "#easter_shovel"},
				"west": {"uv": [15, 4, 16, 5], "rotation": 270, "texture": "#easter_shovel"},
				"up": {"uv": [16, 5, 15, 4], "rotation": 270, "texture": "#easter_shovel"},
				"down": {"uv": [15, 4, 16, 5], "rotation": 90, "texture": "#easter_shovel"}
			}
		}
	],
	"display": {
		"thirdperson_righthand": {
			"rotation": [-67.25, -90, 0],
			"translation": [0, 4, 2.5],
			"scale": [0.85, 0.85, 0.85]
		},
		"thirdperson_lefthand": {
			"rotation": [-66.25, 90, 0],
			"translation": [0, 4.25, 2.5],
			"scale": [0.85, 0.85, 0.85]
		},
		"firstperson_righthand": {
			"rotation": [-51.75, -90, 0],
			"translation": [1.88, 2.7, 0.63],
			"scale": [0.68, 0.68, 0.68]
		},
		"firstperson_lefthand": {
			"rotation": [-54.25, 90, 0],
			"translation": [1.13, 2.7, 0.88],
			"scale": [0.68, 0.68, 0.68]
		},
		"ground": {
			"rotation": [0.3, -0.01, 13.25],
			"scale": [0.6, 0.6, 0.6]
		},
		"gui": {
			"rotation": [0, 0, 25.75],
			"translation": [0.25, 0, 0],
			"scale": [0.9, 0.9, 0.9]
		},
		"head": {
			"translation": [0, 11.75, 0]
		},
		"fixed": {
			"rotation": [-180, 0, -157],
			"translation": [0, -0.5, -0.75]
		}
	}
}