{
	"__comment": "moon",
	"textures": {
		"boom": "item/etc/boom"
	},
	"gui_light": "front",
	"elements": [ 	 
		{
			"__comment": "Voxels",
			"from": [ 3, 1, 7 ],
			"to": [ 4, 8, 11 ],
			"faces": {
				"down": { "uv": [ 7.25, 9.5, 7.5, 10.5 ], "texture": "#boom" },
				"up": { "uv": [ 2, 9, 2.25, 8 ], "texture": "#boom" },
				"north": { "uv": [ 3.5, 11.75, 3.25, 13.5 ], "texture": "#boom" },
				"south": { "uv": [ 3, 10, 3.25, 11.75 ], "texture": "#boom" },
				"west": { "uv": [ 2, 12.5, 3, 14.25 ], "texture": "#boom" },
				"east": { "uv": [ 3, 10.75, 2, 12.5 ], "texture": "#boom" }
			}
		},
		{
			"__comment": "Voxels",
			"from": [ 3, 2, 6 ],
			"to": [ 4, 7, 7 ],
			"faces": {
				"down": { "uv": [ 10.25, 14, 10.5, 14.25 ], "texture": "#boom" },
				"up": { "uv": [ 4.75, 8.25, 5, 8 ], "texture": "#boom" },
				"north": { "uv": [ 5.25, 11.75, 5, 13 ], "texture": "#boom" },
				"south": { "uv": [ 5.25, 11.75, 5.5, 13 ], "texture": "#boom" },
				"west": { "uv": [ 5.5, 14.5, 5.75, 15.75 ], "texture": "#boom" },
				"east": { "uv": [ 6.75, 13.25, 6.5, 14.5 ], "texture": "#boom" }
			}
		},
		{
			"__comment": "Voxels",
			"from": [ 3, 2, 11 ],
			"to": [ 4, 7, 12 ],
			"faces": {
				"down": { "uv": [ 6.5, 9.25, 6.75, 9.5 ], "texture": "#boom" },
				"up": { "uv": [ 6.5, 9, 6.75, 8.75 ], "texture": "#boom" },
				"north": { "uv": [ 6.75, 14.5, 6.5, 15.75 ], "texture": "#boom" },
				"south": { "uv": [ 5.5, 13.25, 5.75, 14.5 ], "texture": "#boom" },
				"west": { "uv": [ 5.75, 13.25, 6, 14.5 ], "texture": "#boom" },
				"east": { "uv": [ 6.25, 13.25, 6, 14.5 ], "texture": "#boom" }
			}
		},
		{
			"__comment": "Voxels",
			"from": [ 4, 0, 7 ],
			"to": [ 5, 1, 11 ],
			"faces": {
				"down": { "uv": [ 2.75, 8, 3, 9 ], "texture": "#boom" },
				"up": { "uv": [ 6.5, 10.5, 6.75, 9.5 ], "texture": "#boom" },
				"north": { "uv": [ 6.75, 8.5, 6.5, 8.75 ], "texture": "#boom" },
				"south": { "uv": [ 6.5, 8.25, 6.75, 8.5 ], "texture": "#boom" },
				"west": { "uv": [ 6.75, 15.75, 7.75, 16 ], "texture": "#boom" },
				"east": { "uv": [ 7.75, 15.5, 6.75, 15.75 ], "texture": "#boom" }
			}
		},
		{
			"__comment": "Voxels",
			"from": [ 4, 1, 5 ],
			"to": [ 5, 8, 6 ],
			"faces": {
				"down": { "uv": [ 6.5, 8, 6.75, 8.25 ], "texture": "#boom" },
				"up": { "uv": [ 15.75, 16, 16, 15.75 ], "texture": "#boom" },
				"north": { "uv": [ 3.25, 8.25, 3, 10 ], "texture": "#boom" },
				"south": { "uv": [ 3.25, 8.25, 3.5, 10 ], "texture": "#boom" },
				"west": { "uv": [ 3.5, 13.75, 3.75, 15.5 ], "texture": "#boom" },
				"east": { "uv": [ 4, 13.75, 3.75, 15.5 ], "texture": "#boom" }
			}
		},
		{
			"__comment": "Voxels",
			"from": [ 4, 1, 6 ],
			"to": [ 5, 2, 7 ],
			"faces": {
				"down": { "uv": [ 7.75, 8, 8, 8.25 ], "texture": "#boom" },
				"up": { "uv": [ 8, 8.25, 8.25, 8 ], "texture": "#boom" },
				"north": { "uv": [ 16, 15, 15.75, 15.25 ], "texture": "#boom" },
				"south": { "uv": [ 15.75, 14.75, 16, 15 ], "texture": "#boom" },
				"west": { "uv": [ 9, 11.75, 9.25, 12 ], "texture": "#boom" },
				"east": { "uv": [ 9.25, 11.5, 9, 11.75 ], "texture": "#boom" }
			}
		},
		{
			"__comment": "Voxels",
			"from": [ 4, 1, 11 ],
			"to": [ 5, 2, 13 ],
			"faces": {
				"down": { "uv": [ 7.75, 11.75, 8, 12.25 ], "texture": "#boom" },
				"up": { "uv": [ 7.75, 11.75, 8, 11.25 ], "texture": "#boom" },
				"north": { "uv": [ 9, 10.25, 8.75, 10.5 ], "texture": "#boom" },
				"south": { "uv": [ 9, 10.25, 9.25, 10.5 ], "texture": "#boom" },
				"west": { "uv": [ 5, 10.75, 5.5, 11 ], "texture": "#boom" },
				"east": { "uv": [ 5.5, 10.5, 5, 10.75 ], "texture": "#boom" }
			}
		},
		{
			"__comment": "Voxels",
			"from": [ 4, 2, 4 ],
			"to": [ 6, 7, 5 ],
			"faces": {
				"down": { "uv": [ 5, 10.25, 5.5, 10.5 ], "texture": "#boom" },
				"up": { "uv": [ 5, 10.25, 5.5, 10 ], "texture": "#boom" },
				"north": { "uv": [ 3.5, 13.5, 3, 14.75 ], "texture": "#boom" },
				"south": { "uv": [ 1.5, 12.75, 2, 14 ], "texture": "#boom" },
				"west": { "uv": [ 6.25, 14.5, 6.5, 15.75 ], "texture": "#boom" },
				"east": { "uv": [ 5.75, 10.75, 5.5, 12 ], "texture": "#boom" }
			}
		},
		{
			"__comment": "Voxels",
			"from": [ 4, 2, 12 ],
			"to": [ 5, 8, 13 ],
			"faces": {
				"down": { "uv": [ 8.75, 10, 9, 10.25 ], "texture": "#boom" },
				"up": { "uv": [ 9, 10.25, 9.25, 10 ], "texture": "#boom" },
				"north": { "uv": [ 3.75, 11.5, 3.5, 13 ], "texture": "#boom" },
				"south": { "uv": [ 3.75, 11.5, 4, 13 ], "texture": "#boom" },
				"west": { "uv": [ 4.75, 11.5, 5, 13 ], "texture": "#boom" },
				"east": { "uv": [ 5.5, 14, 5.25, 15.5 ], "texture": "#boom" }
			}
		},
		{
			"__comment": "Voxels",
			"from": [ 4, 3, 13 ],
			"to": [ 6, 7, 14 ],
			"faces": {
				"down": { "uv": [ 5, 9.25, 5.5, 9.5 ], "texture": "#boom" },
				"up": { "uv": [ 5, 9.25, 5.5, 9 ], "texture": "#boom" },
				"north": { "uv": [ 2, 8, 1.5, 9 ], "texture": "#boom" },
				"south": { "uv": [ 1, 8, 1.5, 9 ], "texture": "#boom" },
				"west": { "uv": [ 6.75, 9.5, 7, 10.5 ], "texture": "#boom" },
				"east": { "uv": [ 7.25, 9.5, 7, 10.5 ], "texture": "#boom" }
			}
		},
		{
			"__comment": "Voxels",
			"from": [ 4, 7, 6 ],
			"to": [ 5, 9, 7 ],
			"faces": {
				"down": { "uv": [ 8.75, 9.75, 9, 10 ], "texture": "#boom" },
				"up": { "uv": [ 9, 10, 9.25, 9.75 ], "texture": "#boom" },
				"north": { "uv": [ 8, 10.25, 7.75, 10.75 ], "texture": "#boom" },
				"south": { "uv": [ 7.75, 9.75, 8, 10.25 ], "texture": "#boom" },
				"west": { "uv": [ 7.75, 9.25, 8, 9.75 ], "texture": "#boom" },
				"east": { "uv": [ 8, 8.75, 7.75, 9.25 ], "texture": "#boom" }
			}
		},
		{
			"__comment": "Voxels",
			"from": [ 4, 7, 11 ],
			"to": [ 5, 9, 12 ],
			"faces": {
				"down": { "uv": [ 8.75, 9.5, 9, 9.75 ], "texture": "#boom" },
				"up": { "uv": [ 9, 9.75, 9.25, 9.5 ], "texture": "#boom" },
				"north": { "uv": [ 8, 8.25, 7.75, 8.75 ], "texture": "#boom" },
				"south": { "uv": [ 8, 14.75, 8.25, 15.25 ], "texture": "#boom" },
				"west": { "uv": [ 8, 14.25, 8.25, 14.75 ], "texture": "#boom" },
				"east": { "uv": [ 8.25, 13.75, 8, 14.25 ], "texture": "#boom" }
			}
		},
		{
			"__comment": "Voxels",
			"from": [ 4, 8, 7 ],
			"to": [ 5, 9, 11 ],
			"faces": {
				"down": { "uv": [ 7.5, 9.5, 7.75, 10.5 ], "texture": "#boom" },
				"up": { "uv": [ 7.75, 15.75, 8, 14.75 ], "texture": "#boom" },
				"north": { "uv": [ 10.75, 14.5, 10.5, 14.75 ], "texture": "#boom" },
				"south": { "uv": [ 8.75, 9.25, 9, 9.5 ], "texture": "#boom" },
				"west": { "uv": [ 14.75, 15.75, 15.75, 16 ], "texture": "#boom" },
				"east": { "uv": [ 9, 15.5, 8, 15.75 ], "texture": "#boom" }
			}
		},
		{
			"__comment": "Voxels",
			"from": [ 5, 0, 5 ],
			"to": [ 7, 1, 6 ],
			"faces": {
				"down": { "uv": [ 15, 15.25, 15.5, 15.5 ], "texture": "#boom" },
				"up": { "uv": [ 15.5, 15.5, 16, 15.25 ], "texture": "#boom" },
				"north": { "uv": [ 8.75, 15, 8.25, 15.25 ], "texture": "#boom" },
				"south": { "uv": [ 8.25, 14.75, 8.75, 15 ], "texture": "#boom" },
				"west": { "uv": [ 9, 9.25, 9.25, 9.5 ], "texture": "#boom" },
				"east": { "uv": [ 9, 9, 8.75, 9.25 ], "texture": "#boom" }
			}
		},
		{
			"__comment": "Voxels",
			"from": [ 5, 0, 6 ],
			"to": [ 6, 1, 7 ],
			"faces": {
				"down": { "uv": [ 9, 9, 9.25, 9.25 ], "texture": "#boom" },
				"up": { "uv": [ 8.75, 9, 9, 8.75 ], "texture": "#boom" },
				"north": { "uv": [ 9.25, 8.75, 9, 9 ], "texture": "#boom" },
				"south": { "uv": [ 8.75, 8.5, 9, 8.75 ], "texture": "#boom" },
				"west": { "uv": [ 9, 8.5, 9.25, 8.75 ], "texture": "#boom" },
				"east": { "uv": [ 9, 8.25, 8.75, 8.5 ], "texture": "#boom" }
			}
		},
		{
			"__comment": "Voxels",
			"from": [ 5, 0, 11 ],
			"to": [ 6, 1, 13 ],
			"faces": {
				"down": { "uv": [ 8, 13.25, 8.25, 13.75 ], "texture": "#boom" },
				"up": { "uv": [ 8, 13.25, 8.25, 12.75 ], "texture": "#boom" },
				"north": { "uv": [ 9.25, 8.25, 9, 8.5 ], "texture": "#boom" },
				"south": { "uv": [ 8.75, 8, 9, 8.25 ], "texture": "#boom" },
				"west": { "uv": [ 8.25, 12, 8.75, 12.25 ], "texture": "#boom" },
				"east": { "uv": [ 8.75, 11.75, 8.25, 12 ], "texture": "#boom" }
			}
		},
		{
			"__comment": "Voxels",
			"from": [ 5, 1, 4 ],
			"to": [ 7, 2, 5 ],
			"faces": {
				"down": { "uv": [ 8.25, 11.5, 8.75, 11.75 ], "texture": "#boom" },
				"up": { "uv": [ 8.25, 11.5, 8.75, 11.25 ], "texture": "#boom" },
				"north": { "uv": [ 8.75, 11, 8.25, 11.25 ], "texture": "#boom" },
				"south": { "uv": [ 8.25, 10.75, 8.75, 11 ], "texture": "#boom" },
				"west": { "uv": [ 9, 8, 9.25, 8.25 ], "texture": "#boom" },
				"east": { "uv": [ 9.5, 14.5, 9.25, 14.75 ], "texture": "#boom" }
			}
		},
		{
			"__comment": "Voxels",
			"from": [ 5, 1, 13 ],
			"to": [ 7, 3, 14 ],
			"faces": {
				"down": { "uv": [ 8.25, 10, 8.75, 10.25 ], "texture": "#boom" },
				"up": { "uv": [ 8.25, 10, 8.75, 9.75 ], "texture": "#boom" },
				"north": { "uv": [ 5.5, 8, 5, 8.5 ], "texture": "#boom" },
				"south": { "uv": [ 6.75, 12.25, 7.25, 12.75 ], "texture": "#boom" },
				"west": { "uv": [ 8, 12.25, 8.25, 12.75 ], "texture": "#boom" },
				"east": { "uv": [ 8.25, 11.75, 8, 12.25 ], "texture": "#boom" }
			}
		},
		{
			"__comment": "Voxels",
			"from": [ 5, 7, 4 ],
			"to": [ 7, 8, 5 ],
			"faces": {
				"down": { "uv": [ 8.25, 9.5, 8.75, 9.75 ], "texture": "#boom" },
				"up": { "uv": [ 8.25, 9.5, 8.75, 9.25 ], "texture": "#boom" },
				"north": { "uv": [ 8.75, 9, 8.25, 9.25 ], "texture": "#boom" },
				"south": { "uv": [ 8.25, 8.75, 8.75, 9 ], "texture": "#boom" },
				"west": { "uv": [ 9.5, 14.5, 9.75, 14.75 ], "texture": "#boom" },
				"east": { "uv": [ 10, 14.5, 9.75, 14.75 ], "texture": "#boom" }
			}
		},
		{
			"__comment": "Voxels",
			"from": [ 5, 7, 5 ],
			"to": [ 6, 9, 6 ],
			"faces": {
				"down": { "uv": [ 10, 14.5, 10.25, 14.75 ], "texture": "#boom" },
				"up": { "uv": [ 10.25, 14.75, 10.5, 14.5 ], "texture": "#boom" },
				"north": { "uv": [ 7.5, 12.25, 7.25, 12.75 ], "texture": "#boom" },
				"south": { "uv": [ 8, 11.25, 8.25, 11.75 ], "texture": "#boom" },
				"west": { "uv": [ 8, 10.75, 8.25, 11.25 ], "texture": "#boom" },
				"east": { "uv": [ 8.25, 10.25, 8, 10.75 ], "texture": "#boom" }
			}
		},
		{
			"__comment": "Voxels",
			"from": [ 5, 7, 12 ],
			"to": [ 6, 9, 13 ],
			"faces": {
				"down": { "uv": [ 10.75, 14.5, 11, 14.75 ], "texture": "#boom" },
				"up": { "uv": [ 11, 14.75, 11.25, 14.5 ], "texture": "#boom" },
				"north": { "uv": [ 8.25, 9.75, 8, 10.25 ], "texture": "#boom" },
				"south": { "uv": [ 8, 9.25, 8.25, 9.75 ], "texture": "#boom" },
				"west": { "uv": [ 8, 8.75, 8.25, 9.25 ], "texture": "#boom" },
				"east": { "uv": [ 8.25, 8.25, 8, 8.75 ], "texture": "#boom" }
			}
		},
		{
			"__comment": "Voxels",
			"from": [ 5, 7, 13 ],
			"to": [ 7, 8, 14 ],
			"faces": {
				"down": { "uv": [ 10.75, 15, 11.25, 15.25 ], "texture": "#boom" },
				"up": { "uv": [ 11.25, 15.25, 11.75, 15 ], "texture": "#boom" },
				"north": { "uv": [ 12.25, 15, 11.75, 15.25 ], "texture": "#boom" },
				"south": { "uv": [ 12.25, 15, 12.75, 15.25 ], "texture": "#boom" },
				"west": { "uv": [ 11.25, 14.5, 11.5, 14.75 ], "texture": "#boom" },
				"east": { "uv": [ 11.75, 14.5, 11.5, 14.75 ], "texture": "#boom" }
			}
		},
		{
			"__comment": "Voxels",
			"from": [ 5, 8, 6 ],
			"to": [ 6, 9, 7 ],
			"faces": {
				"down": { "uv": [ 11.75, 14.5, 12, 14.75 ], "texture": "#boom" },
				"up": { "uv": [ 12, 14.75, 12.25, 14.5 ], "texture": "#boom" },
				"north": { "uv": [ 12.5, 14.5, 12.25, 14.75 ], "texture": "#boom" },
				"south": { "uv": [ 12.5, 14.5, 12.75, 14.75 ], "texture": "#boom" },
				"west": { "uv": [ 12.75, 14.5, 13, 14.75 ], "texture": "#boom" },
				"east": { "uv": [ 13.25, 14.5, 13, 14.75 ], "texture": "#boom" }
			}
		},
		{
			"__comment": "Voxels",
			"from": [ 5, 8, 11 ],
			"to": [ 6, 9, 12 ],
			"faces": {
				"down": { "uv": [ 13.25, 14.5, 13.5, 14.75 ], "texture": "#boom" },
				"up": { "uv": [ 13.5, 14.75, 13.75, 14.5 ], "texture": "#boom" },
				"north": { "uv": [ 14, 14.5, 13.75, 14.75 ], "texture": "#boom" },
				"south": { "uv": [ 14, 14.5, 14.25, 14.75 ], "texture": "#boom" },
				"west": { "uv": [ 14.25, 14.5, 14.5, 14.75 ], "texture": "#boom" },
				"east": { "uv": [ 14.75, 14.5, 14.5, 14.75 ], "texture": "#boom" }
			}
		},
		{
			"__comment": "Voxels",
			"from": [ 5, 9, 7 ],
			"to": [ 13, 10, 11 ],
			"faces": {
				"down": { "uv": [ 0, 14, 2, 15 ], "texture": "#boom" },
				"up": { "uv": [ 0, 16, 2, 15 ], "texture": "#boom" },
				"north": { "uv": [ 5.5, 15.75, 3.5, 16 ], "texture": "#boom" },
				"south": { "uv": [ 3.5, 15.5, 5.5, 15.75 ], "texture": "#boom" },
				"west": { "uv": [ 6.75, 14, 7.75, 14.25 ], "texture": "#boom" },
				"east": { "uv": [ 7.75, 13.75, 6.75, 14 ], "texture": "#boom" }
			}
		},
		{
			"__comment": "Voxels",
			"from": [ 6, 0, 12 ],
			"to": [ 7, 1, 13 ],
			"faces": {
				"down": { "uv": [ 14.75, 14.5, 15, 14.75 ], "texture": "#boom" },
				"up": { "uv": [ 15, 14.75, 15.25, 14.5 ], "texture": "#boom" },
				"north": { "uv": [ 15.5, 14.5, 15.25, 14.75 ], "texture": "#boom" },
				"south": { "uv": [ 15.5, 14.5, 15.75, 14.75 ], "texture": "#boom" },
				"west": { "uv": [ 15.75, 14.5, 16, 14.75 ], "texture": "#boom" },
				"east": { "uv": [ 10, 10.25, 9.75, 10.5 ], "texture": "#boom" }
			}
		},
		{
			"__comment": "Voxels",
			"from": [ 6, 2, 3 ],
			"to": [ 12, 7, 4 ],
			"faces": {
				"down": { "uv": [ 3.5, 13.25, 5, 13.5 ], "texture": "#boom" },
				"up": { "uv": [ 3.5, 13.25, 5, 13 ], "texture": "#boom" },
				"north": { "uv": [ 1.5, 12.75, 0, 14 ], "texture": "#boom" },
				"south": { "uv": [ 0, 10.25, 1.5, 11.5 ], "texture": "#boom" },
				"west": { "uv": [ 5.5, 12, 5.75, 13.25 ], "texture": "#boom" },
				"east": { "uv": [ 6, 12, 5.75, 13.25 ], "texture": "#boom" }
			}
		},
		{
			"__comment": "Voxels",
			"from": [ 6, 2, 14 ],
			"to": [ 12, 7, 15 ],
			"faces": {
				"down": { "uv": [ 3.5, 10.5, 5, 10.75 ], "texture": "#boom" },
				"up": { "uv": [ 3.5, 9.5, 5, 9.25 ], "texture": "#boom" },
				"north": { "uv": [ 1.5, 11.5, 0, 12.75 ], "texture": "#boom" },
				"south": { "uv": [ 0, 9, 1.5, 10.25 ], "texture": "#boom" },
				"west": { "uv": [ 6.5, 10.75, 6.75, 12 ], "texture": "#boom" },
				"east": { "uv": [ 6.25, 12, 6, 13.25 ], "texture": "#boom" }
			}
		},
		{
			"__comment": "Voxels",
			"from": [ 6, 8, 4 ],
			"to": [ 12, 9, 5 ],
			"faces": {
				"down": { "uv": [ 3.5, 13.5, 5, 13.75 ], "texture": "#boom" },
				"up": { "uv": [ 3.5, 8.5, 5, 8.25 ], "texture": "#boom" },
				"north": { "uv": [ 5, 8.5, 3.5, 8.75 ], "texture": "#boom" },
				"south": { "uv": [ 3.5, 8.75, 5, 9 ], "texture": "#boom" },
				"west": { "uv": [ 9.75, 10.5, 10, 10.75 ], "texture": "#boom" },
				"east": { "uv": [ 10, 10.75, 9.75, 11 ], "texture": "#boom" }
			}
		},
		{
			"__comment": "Voxels",
			"from": [ 6, 8, 5 ],
			"to": [ 7, 9, 6 ],
			"faces": {
				"down": { "uv": [ 9.75, 11.5, 10, 11.75 ], "texture": "#boom" },
				"up": { "uv": [ 9.75, 12, 10, 11.75 ], "texture": "#boom" },
				"north": { "uv": [ 10, 12, 9.75, 12.25 ], "texture": "#boom" },
				"south": { "uv": [ 9.75, 12.25, 10, 12.5 ], "texture": "#boom" },
				"west": { "uv": [ 9.75, 13, 10, 13.25 ], "texture": "#boom" },
				"east": { "uv": [ 10, 13.25, 9.75, 13.5 ], "texture": "#boom" }
			}
		},
		{
			"__comment": "Voxels",
			"from": [ 6, 8, 12 ],
			"to": [ 7, 9, 14 ],
			"faces": {
				"down": { "uv": [ 7.75, 13.75, 8, 14.25 ], "texture": "#boom" },
				"up": { "uv": [ 7.75, 14.75, 8, 14.25 ], "texture": "#boom" },
				"north": { "uv": [ 11, 14, 10.75, 14.25 ], "texture": "#boom" },
				"south": { "uv": [ 10.5, 14, 10.75, 14.25 ], "texture": "#boom" },
				"west": { "uv": [ 8.25, 14, 8.75, 14.25 ], "texture": "#boom" },
				"east": { "uv": [ 5.5, 11.25, 5, 11.5 ], "texture": "#boom" }
			}
		},
		{
			"__comment": "Voxels",
			"from": [ 6, 9, 6 ],
			"to": [ 12, 10, 7 ],
			"faces": {
				"down": { "uv": [ 3.5, 11.25, 5, 11.5 ], "texture": "#boom" },
				"up": { "uv": [ 3.5, 9.25, 5, 9 ], "texture": "#boom" },
				"north": { "uv": [ 5, 11, 3.5, 11.25 ], "texture": "#boom" },
				"south": { "uv": [ 3.5, 10.75, 5, 11 ], "texture": "#boom" },
				"west": { "uv": [ 9.5, 11.25, 9.75, 11.5 ], "texture": "#boom" },
				"east": { "uv": [ 9.75, 11.5, 9.5, 11.75 ], "texture": "#boom" }
			}
		},
		{
			"__comment": "Voxels",
			"from": [ 6, 9, 11 ],
			"to": [ 12, 10, 12 ],
			"faces": {
				"down": { "uv": [ 3.5, 10.25, 5, 10.5 ], "texture": "#boom" },
				"up": { "uv": [ 3.5, 10.25, 5, 10 ], "texture": "#boom" },
				"north": { "uv": [ 5, 9.75, 3.5, 10 ], "texture": "#boom" },
				"south": { "uv": [ 3.5, 9.5, 5, 9.75 ], "texture": "#boom" },
				"west": { "uv": [ 9.5, 11.75, 9.75, 12 ], "texture": "#boom" },
				"east": { "uv": [ 13, 14.25, 12.75, 14.5 ], "texture": "#boom" }
			}
		},
		{
			"__comment": "Voxels",
			"from": [ 7, 0, 4 ],
			"to": [ 11, 1, 5 ],
			"faces": {
				"down": { "uv": [ 6.75, 13, 7.75, 13.25 ], "texture": "#boom" },
				"up": { "uv": [ 6.75, 13, 7.75, 12.75 ], "texture": "#boom" },
				"north": { "uv": [ 7.75, 12, 6.75, 12.25 ], "texture": "#boom" },
				"south": { "uv": [ 6.75, 11.75, 7.75, 12 ], "texture": "#boom" },
				"west": { "uv": [ 12.5, 14.25, 12.75, 14.5 ], "texture": "#boom" },
				"east": { "uv": [ 12.5, 14.25, 12.25, 14.5 ], "texture": "#boom" }
			}
		},
		{
			"__comment": "Voxels",
			"from": [ 7, 0, 13 ],
			"to": [ 11, 1, 14 ],
			"faces": {
				"down": { "uv": [ 6.75, 11.5, 7.75, 11.75 ], "texture": "#boom" },
				"up": { "uv": [ 6.75, 11.5, 7.75, 11.25 ], "texture": "#boom" },
				"north": { "uv": [ 7.75, 11, 6.75, 11.25 ], "texture": "#boom" },
				"south": { "uv": [ 6.75, 10.75, 7.75, 11 ], "texture": "#boom" },
				"west": { "uv": [ 12, 14.25, 12.25, 14.5 ], "texture": "#boom" },
				"east": { "uv": [ 11.5, 14.25, 11.25, 14.5 ], "texture": "#boom" }
			}
		},
		{
			"__comment": "Voxels",
			"from": [ 7, 1, 3 ],
			"to": [ 11, 2, 4 ],
			"faces": {
				"down": { "uv": [ 6.75, 10.5, 7.75, 10.75 ], "texture": "#boom" },
				"up": { "uv": [ 6.75, 9.5, 7.75, 9.25 ], "texture": "#boom" },
				"north": { "uv": [ 7.75, 9, 6.75, 9.25 ], "texture": "#boom" },
				"south": { "uv": [ 6.75, 8.75, 7.75, 9 ], "texture": "#boom" },
				"west": { "uv": [ 11, 14.25, 11.25, 14.5 ], "texture": "#boom" },
				"east": { "uv": [ 11, 14.25, 10.75, 14.5 ], "texture": "#boom" }
			}
		},
		{
			"__comment": "Voxels",
			"from": [ 7, 1, 14 ],
			"to": [ 11, 2, 15 ],
			"faces": {
				"down": { "uv": [ 6.75, 8.5, 7.75, 8.75 ], "texture": "#boom" },
				"up": { "uv": [ 6.75, 8.5, 7.75, 8.25 ], "texture": "#boom" },
				"north": { "uv": [ 7.75, 8, 6.75, 8.25 ], "texture": "#boom" },
				"south": { "uv": [ 7.75, 15.75, 8.75, 16 ], "texture": "#boom" },
				"west": { "uv": [ 10.5, 14.25, 10.75, 14.5 ], "texture": "#boom" },
				"east": { "uv": [ 15, 14.25, 14.75, 14.5 ], "texture": "#boom" }
			}
		},
		{
			"__comment": "Voxels",
			"from": [ 7, 2, 13 ],
			"to": [ 8, 3, 14 ],
			"faces": {
				"down": { "uv": [ 9.25, 13.75, 9.5, 14 ], "texture": "#boom" },
				"up": { "uv": [ 9.25, 14.25, 9.5, 14 ], "texture": "#boom" },
				"north": { "uv": [ 15.75, 14, 15.5, 14.25 ], "texture": "#boom" },
				"south": { "uv": [ 15.25, 14, 15.5, 14.25 ], "texture": "#boom" },
				"west": { "uv": [ 15, 14, 15.25, 14.25 ], "texture": "#boom" },
				"east": { "uv": [ 14.5, 14, 14.25, 14.25 ], "texture": "#boom" }
			}
		},
		{
			"__comment": "Voxels",
			"from": [ 7, 7, 3 ],
			"to": [ 11, 8, 4 ],
			"faces": {
				"down": { "uv": [ 6.75, 15.25, 7.75, 15.5 ], "texture": "#boom" },
				"up": { "uv": [ 8.75, 16, 9.75, 15.75 ], "texture": "#boom" },
				"north": { "uv": [ 10.75, 15.75, 9.75, 16 ], "texture": "#boom" },
				"south": { "uv": [ 10.75, 15.75, 11.75, 16 ], "texture": "#boom" },
				"west": { "uv": [ 9.5, 14, 9.75, 14.25 ], "texture": "#boom" },
				"east": { "uv": [ 9.75, 13.75, 9.5, 14 ], "texture": "#boom" }
			}
		},
		{
			"__comment": "Voxels",
			"from": [ 7, 7, 14 ],
			"to": [ 11, 8, 15 ],
			"faces": {
				"down": { "uv": [ 11.75, 15.75, 12.75, 16 ], "texture": "#boom" },
				"up": { "uv": [ 12.75, 16, 13.75, 15.75 ], "texture": "#boom" },
				"north": { "uv": [ 14.75, 15.75, 13.75, 16 ], "texture": "#boom" },
				"south": { "uv": [ 9, 15.5, 10, 15.75 ], "texture": "#boom" },
				"west": { "uv": [ 9.5, 13, 9.75, 13.25 ], "texture": "#boom" },
				"east": { "uv": [ 9.75, 12.75, 9.5, 13 ], "texture": "#boom" }
			}
		},
		{
			"__comment": "Voxels",
			"from": [ 7, 8, 13 ],
			"to": [ 12, 9, 14 ],
			"faces": {
				"down": { "uv": [ 5.5, 15.75, 6.75, 16 ], "texture": "#boom" },
				"up": { "uv": [ 3.5, 8.25, 4.75, 8 ], "texture": "#boom" },
				"north": { "uv": [ 6.75, 9, 5.5, 9.25 ], "texture": "#boom" },
				"south": { "uv": [ 5.5, 10.5, 6.75, 10.75 ], "texture": "#boom" },
				"west": { "uv": [ 9.25, 13.5, 9.5, 13.75 ], "texture": "#boom" },
				"east": { "uv": [ 9.5, 13.25, 9.25, 13.5 ], "texture": "#boom" }
			}
		},
		{
			"__comment": "Voxels",
			"from": [ 7, 9, 5 ],
			"to": [ 11, 10, 6 ],
			"faces": {
				"down": { "uv": [ 10, 15.5, 11, 15.75 ], "texture": "#boom" },
				"up": { "uv": [ 11, 15.75, 12, 15.5 ], "texture": "#boom" },
				"north": { "uv": [ 13, 15.5, 12, 15.75 ], "texture": "#boom" },
				"south": { "uv": [ 13, 15.5, 14, 15.75 ], "texture": "#boom" },
				"west": { "uv": [ 9.5, 12, 9.75, 12.25 ], "texture": "#boom" },
				"east": { "uv": [ 14.25, 14, 14, 14.25 ], "texture": "#boom" }
			}
		},
		{
			"__comment": "Voxels",
			"from": [ 7, 9, 12 ],
			"to": [ 11, 10, 13 ],
			"faces": {
				"down": { "uv": [ 14, 15.5, 15, 15.75 ], "texture": "#boom" },
				"up": { "uv": [ 15, 15.75, 16, 15.5 ], "texture": "#boom" },
				"north": { "uv": [ 9, 15.25, 8, 15.5 ], "texture": "#boom" },
				"south": { "uv": [ 9, 15.25, 10, 15.5 ], "texture": "#boom" },
				"west": { "uv": [ 15.75, 14, 16, 14.25 ], "texture": "#boom" },
				"east": { "uv": [ 9.5, 14.25, 9.25, 14.5 ], "texture": "#boom" }
			}
		},
		{
			"__comment": "Voxels",
			"from": [ 7, 10, 8 ],
			"to": [ 11, 11, 10 ],
			"faces": {
				"down": { "uv": [ 0, 8, 1, 8.5 ], "texture": "#boom" },
				"up": { "uv": [ 0, 9, 1, 8.5 ], "texture": "#boom" },
				"north": { "uv": [ 6.5, 8.75, 5.5, 9 ], "texture": "#boom" },
				"south": { "uv": [ 5.5, 8.5, 6.5, 8.75 ], "texture": "#boom" },
				"west": { "uv": [ 8.75, 13.5, 9.25, 13.75 ], "texture": "#boom" },
				"east": { "uv": [ 9.25, 13.25, 8.75, 13.5 ], "texture": "#boom" }
			}
		},
		{
			"__comment": "Voxels",
			"from": [ 8, 1, 13 ],
			"to": [ 10, 2, 14 ],
			"faces": {
				"down": { "uv": [ 8.75, 13, 9.25, 13.25 ], "texture": "#boom" },
				"up": { "uv": [ 8.75, 13, 9.25, 12.75 ], "texture": "#boom" },
				"north": { "uv": [ 9.25, 12.5, 8.75, 12.75 ], "texture": "#boom" },
				"south": { "uv": [ 8.75, 12.25, 9.25, 12.5 ], "texture": "#boom" },
				"west": { "uv": [ 9.25, 13, 9.5, 13.25 ], "texture": "#boom" },
				"east": { "uv": [ 9.5, 12.75, 9.25, 13 ], "texture": "#boom" }
			}
		},
		{
			"__comment": "Voxels",
			"from": [ 8, 10, 7 ],
			"to": [ 10, 11, 8 ],
			"faces": {
				"down": { "uv": [ 8.75, 11.25, 9.25, 11.5 ], "texture": "#boom" },
				"up": { "uv": [ 8.75, 11.25, 9.25, 11 ], "texture": "#boom" },
				"north": { "uv": [ 9.25, 10.75, 8.75, 11 ], "texture": "#boom" },
				"south": { "uv": [ 8.75, 10.5, 9.25, 10.75 ], "texture": "#boom" },
				"west": { "uv": [ 9.25, 12.5, 9.5, 12.75 ], "texture": "#boom" },
				"east": { "uv": [ 9.5, 12.25, 9.25, 12.5 ], "texture": "#boom" }
			}
		},
		{
			"__comment": "Voxels",
			"from": [ 8, 10, 10 ],
			"to": [ 10, 11, 11 ],
			"faces": {
				"down": { "uv": [ 5, 13.75, 5.5, 14 ], "texture": "#boom" },
				"up": { "uv": [ 5, 13.75, 5.5, 13.5 ], "texture": "#boom" },
				"north": { "uv": [ 5.5, 13.25, 5, 13.5 ], "texture": "#boom" },
				"south": { "uv": [ 5, 13, 5.5, 13.25 ], "texture": "#boom" },
				"west": { "uv": [ 9.25, 12, 9.5, 12.25 ], "texture": "#boom" },
				"east": { "uv": [ 9.5, 11.75, 9.25, 12 ], "texture": "#boom" }
			}
		},
		{
			"__comment": "Voxels",
			"from": [ 9, 11, 8 ],
			"to": [ 10, 13, 9 ],
			"faces": {
				"down": { "uv": [ 9.25, 11.5, 9.5, 11.75 ], "texture": "#boom" },
				"up": { "uv": [ 9.25, 11.5, 9.5, 11.25 ], "texture": "#boom" },
				"north": { "uv": [ 8, 13.25, 7.75, 13.75 ], "texture": "#boom" },
				"south": { "uv": [ 7.75, 12.75, 8, 13.25 ], "texture": "#boom" },
				"west": { "uv": [ 7.75, 12.25, 8, 12.75 ], "texture": "#boom" },
				"east": { "uv": [ 8, 10.75, 7.75, 11.25 ], "texture": "#boom" }
			}
		},
		{
			"__comment": "Voxels",
			"from": [ 9, 12, 7 ],
			"to": [ 11, 13, 8 ],
			"faces": {
				"down": { "uv": [ 5, 11, 5.5, 11.25 ], "texture": "#boom" },
				"up": { "uv": [ 5, 10, 5.5, 9.75 ], "texture": "#boom" },
				"north": { "uv": [ 5.5, 9.5, 5, 9.75 ], "texture": "#boom" },
				"south": { "uv": [ 5, 8.75, 5.5, 9 ], "texture": "#boom" },
				"west": { "uv": [ 9.25, 11, 9.5, 11.25 ], "texture": "#boom" },
				"east": { "uv": [ 10, 13.5, 9.75, 13.75 ], "texture": "#boom" }
			}
		},
		{
			"__comment": "Voxels",
			"from": [ 10, 13, 7 ],
			"to": [ 12, 14, 8 ],
			"faces": {
				"down": { "uv": [ 5, 8.5, 5.5, 8.75 ], "texture": "#boom" },
				"up": { "uv": [ 13, 15.5, 13.5, 15.25 ], "texture": "#boom" },
				"north": { "uv": [ 14, 15.25, 13.5, 15.5 ], "texture": "#boom" },
				"south": { "uv": [ 14.5, 15.25, 15, 15.5 ], "texture": "#boom" },
				"west": { "uv": [ 9.75, 13.75, 10, 14 ], "texture": "#boom" },
				"east": { "uv": [ 10.25, 14, 10, 14.25 ], "texture": "#boom" }
			}
		},
		{
			"__comment": "Voxels",
			"from": [ 11, 0, 5 ],
			"to": [ 13, 1, 6 ],
			"faces": {
				"down": { "uv": [ 8.25, 14.5, 8.75, 14.75 ], "texture": "#boom" },
				"up": { "uv": [ 8.25, 14.5, 8.75, 14.25 ], "texture": "#boom" },
				"north": { "uv": [ 14.5, 15.25, 14, 15.5 ], "texture": "#boom" },
				"south": { "uv": [ 8.25, 13.75, 8.75, 14 ], "texture": "#boom" },
				"west": { "uv": [ 13.5, 14.25, 13.75, 14.5 ], "texture": "#boom" },
				"east": { "uv": [ 14, 14.25, 13.75, 14.5 ], "texture": "#boom" }
			}
		},
		{
			"__comment": "Voxels",
			"from": [ 11, 0, 12 ],
			"to": [ 13, 1, 13 ],
			"faces": {
				"down": { "uv": [ 8.25, 13.5, 8.75, 13.75 ], "texture": "#boom" },
				"up": { "uv": [ 8.25, 13.5, 8.75, 13.25 ], "texture": "#boom" },
				"north": { "uv": [ 8.75, 13, 8.25, 13.25 ], "texture": "#boom" },
				"south": { "uv": [ 8.25, 12.75, 8.75, 13 ], "texture": "#boom" },
				"west": { "uv": [ 9.5, 9.5, 9.75, 9.75 ], "texture": "#boom" },
				"east": { "uv": [ 9.75, 9.25, 9.5, 9.5 ], "texture": "#boom" }
			}
		},
		{
			"__comment": "Voxels",
			"from": [ 11, 1, 4 ],
			"to": [ 13, 2, 5 ],
			"faces": {
				"down": { "uv": [ 8.25, 12.5, 8.75, 12.75 ], "texture": "#boom" },
				"up": { "uv": [ 8.25, 12.5, 8.75, 12.25 ], "texture": "#boom" },
				"north": { "uv": [ 8.75, 10.5, 8.25, 10.75 ], "texture": "#boom" },
				"south": { "uv": [ 8.25, 10.25, 8.75, 10.5 ], "texture": "#boom" },
				"west": { "uv": [ 13, 14.25, 13.25, 14.5 ], "texture": "#boom" },
				"east": { "uv": [ 13.5, 14.25, 13.25, 14.5 ], "texture": "#boom" }
			}
		},
		{
			"__comment": "Voxels",
			"from": [ 11, 1, 13 ],
			"to": [ 13, 2, 14 ],
			"faces": {
				"down": { "uv": [ 8.25, 8.5, 8.75, 8.75 ], "texture": "#boom" },
				"up": { "uv": [ 8.25, 8.5, 8.75, 8.25 ], "texture": "#boom" },
				"north": { "uv": [ 8.75, 8, 8.25, 8.25 ], "texture": "#boom" },
				"south": { "uv": [ 8.75, 15, 9.25, 15.25 ], "texture": "#boom" },
				"west": { "uv": [ 10, 14.25, 10.25, 14.5 ], "texture": "#boom" },
				"east": { "uv": [ 10.5, 14.25, 10.25, 14.5 ], "texture": "#boom" }
			}
		},
		{
			"__comment": "Voxels",
			"from": [ 11, 7, 4 ],
			"to": [ 13, 8, 5 ],
			"faces": {
				"down": { "uv": [ 9.25, 15, 9.75, 15.25 ], "texture": "#boom" },
				"up": { "uv": [ 9.75, 15.25, 10.25, 15 ], "texture": "#boom" },
				"north": { "uv": [ 10.75, 15, 10.25, 15.25 ], "texture": "#boom" },
				"south": { "uv": [ 12.75, 15, 13.25, 15.25 ], "texture": "#boom" },
				"west": { "uv": [ 15, 14.25, 15.25, 14.5 ], "texture": "#boom" },
				"east": { "uv": [ 15.5, 14.25, 15.25, 14.5 ], "texture": "#boom" }
			}
		},
		{
			"__comment": "Voxels",
			"from": [ 11, 7, 13 ],
			"to": [ 13, 8, 14 ],
			"faces": {
				"down": { "uv": [ 13.25, 15, 13.75, 15.25 ], "texture": "#boom" },
				"up": { "uv": [ 13.75, 15.25, 14.25, 15 ], "texture": "#boom" },
				"north": { "uv": [ 14.75, 15, 14.25, 15.25 ], "texture": "#boom" },
				"south": { "uv": [ 14.75, 15, 15.25, 15.25 ], "texture": "#boom" },
				"west": { "uv": [ 11.5, 14.25, 11.75, 14.5 ], "texture": "#boom" },
				"east": { "uv": [ 12, 14.25, 11.75, 14.5 ], "texture": "#boom" }
			}
		},
		{
			"__comment": "Voxels",
			"from": [ 11, 8, 5 ],
			"to": [ 13, 9, 6 ],
			"faces": {
				"down": { "uv": [ 15.25, 15, 15.75, 15.25 ], "texture": "#boom" },
				"up": { "uv": [ 8.75, 15, 9.25, 14.75 ], "texture": "#boom" },
				"north": { "uv": [ 9.75, 14.75, 9.25, 15 ], "texture": "#boom" },
				"south": { "uv": [ 9.75, 14.75, 10.25, 15 ], "texture": "#boom" },
				"west": { "uv": [ 14.5, 14.25, 14.75, 14.5 ], "texture": "#boom" },
				"east": { "uv": [ 10, 10, 9.75, 10.25 ], "texture": "#boom" }
			}
		},
		{
			"__comment": "Voxels",
			"from": [ 11, 8, 12 ],
			"to": [ 13, 9, 13 ],
			"faces": {
				"down": { "uv": [ 10.25, 14.75, 10.75, 15 ], "texture": "#boom" },
				"up": { "uv": [ 10.75, 15, 11.25, 14.75 ], "texture": "#boom" },
				"north": { "uv": [ 11.75, 14.75, 11.25, 15 ], "texture": "#boom" },
				"south": { "uv": [ 11.75, 14.75, 12.25, 15 ], "texture": "#boom" },
				"west": { "uv": [ 9.5, 8.5, 9.75, 8.75 ], "texture": "#boom" },
				"east": { "uv": [ 9.75, 8.25, 9.5, 8.5 ], "texture": "#boom" }
			}
		},
		{
			"__comment": "Voxels",
			"from": [ 11, 13, 6 ],
			"to": [ 14, 14, 7 ],
			"faces": {
				"down": { "uv": [ 12.25, 15.25, 13, 15.5 ], "texture": "#boom" },
				"up": { "uv": [ 11.5, 15.5, 12.25, 15.25 ], "texture": "#boom" },
				"north": { "uv": [ 11.5, 15.25, 10.75, 15.5 ], "texture": "#boom" },
				"south": { "uv": [ 10, 15.25, 10.75, 15.5 ], "texture": "#boom" },
				"west": { "uv": [ 9.25, 10.75, 9.5, 11 ], "texture": "#boom" },
				"east": { "uv": [ 9.5, 10.5, 9.25, 10.75 ], "texture": "#boom" }
			}
		},
		{
			"__comment": "Voxels",
			"from": [ 12, 0, 6 ],
			"to": [ 13, 1, 7 ],
			"faces": {
				"down": { "uv": [ 9.25, 10.25, 9.5, 10.5 ], "texture": "#boom" },
				"up": { "uv": [ 9.25, 10.25, 9.5, 10 ], "texture": "#boom" },
				"north": { "uv": [ 9.5, 9.75, 9.25, 10 ], "texture": "#boom" },
				"south": { "uv": [ 9.25, 9.5, 9.5, 9.75 ], "texture": "#boom" },
				"west": { "uv": [ 9.25, 9.25, 9.5, 9.5 ], "texture": "#boom" },
				"east": { "uv": [ 9.5, 9, 9.25, 9.25 ], "texture": "#boom" }
			}
		},
		{
			"__comment": "Voxels",
			"from": [ 12, 0, 11 ],
			"to": [ 13, 1, 12 ],
			"faces": {
				"down": { "uv": [ 9.25, 8.75, 9.5, 9 ], "texture": "#boom" },
				"up": { "uv": [ 9.25, 8.75, 9.5, 8.5 ], "texture": "#boom" },
				"north": { "uv": [ 9.5, 8.25, 9.25, 8.5 ], "texture": "#boom" },
				"south": { "uv": [ 9.25, 8, 9.5, 8.25 ], "texture": "#boom" },
				"west": { "uv": [ 9.5, 14.25, 9.75, 14.5 ], "texture": "#boom" },
				"east": { "uv": [ 10, 14.25, 9.75, 14.5 ], "texture": "#boom" }
			}
		},
		{
			"__comment": "Voxels",
			"from": [ 12, 2, 4 ],
			"to": [ 14, 7, 5 ],
			"faces": {
				"down": { "uv": [ 12.25, 14.75, 12.75, 15 ], "texture": "#boom" },
				"up": { "uv": [ 12.75, 15, 13.25, 14.75 ], "texture": "#boom" },
				"north": { "uv": [ 3.5, 14.75, 3, 16 ], "texture": "#boom" },
				"south": { "uv": [ 1.5, 9, 2, 10.25 ], "texture": "#boom" },
				"west": { "uv": [ 5.75, 10.75, 6, 12 ], "texture": "#boom" },
				"east": { "uv": [ 6.25, 14.5, 6, 15.75 ], "texture": "#boom" }
			}
		},
		{
			"__comment": "Voxels",
			"from": [ 12, 2, 13 ],
			"to": [ 14, 7, 14 ],
			"faces": {
				"down": { "uv": [ 13.25, 14.75, 13.75, 15 ], "texture": "#boom" },
				"up": { "uv": [ 13.75, 15, 14.25, 14.75 ], "texture": "#boom" },
				"north": { "uv": [ 2, 11.5, 1.5, 12.75 ], "texture": "#boom" },
				"south": { "uv": [ 1.5, 10.25, 2, 11.5 ], "texture": "#boom" },
				"west": { "uv": [ 6.25, 10.75, 6.5, 12 ], "texture": "#boom" },
				"east": { "uv": [ 6.5, 12, 6.25, 13.25 ], "texture": "#boom" }
			}
		},
		{
			"__comment": "Voxels",
			"from": [ 12, 8, 6 ],
			"to": [ 14, 9, 7 ],
			"faces": {
				"down": { "uv": [ 14.25, 14.75, 14.75, 15 ], "texture": "#boom" },
				"up": { "uv": [ 14.75, 15, 15.25, 14.75 ], "texture": "#boom" },
				"north": { "uv": [ 15.75, 14.75, 15.25, 15 ], "texture": "#boom" },
				"south": { "uv": [ 8.75, 14.5, 9.25, 14.75 ], "texture": "#boom" },
				"west": { "uv": [ 14, 14.25, 14.25, 14.5 ], "texture": "#boom" },
				"east": { "uv": [ 14.5, 14.25, 14.25, 14.5 ], "texture": "#boom" }
			}
		},
		{
			"__comment": "Voxels",
			"from": [ 12, 8, 11 ],
			"to": [ 14, 9, 12 ],
			"faces": {
				"down": { "uv": [ 8.75, 14.25, 9.25, 14.5 ], "texture": "#boom" },
				"up": { "uv": [ 8.75, 14.25, 9.25, 14 ], "texture": "#boom" },
				"north": { "uv": [ 9.25, 13.75, 8.75, 14 ], "texture": "#boom" },
				"south": { "uv": [ 8.75, 12, 9.25, 12.25 ], "texture": "#boom" },
				"west": { "uv": [ 15.5, 14.25, 15.75, 14.5 ], "texture": "#boom" },
				"east": { "uv": [ 16, 14.25, 15.75, 14.5 ], "texture": "#boom" }
			}
		},
		{
			"__comment": "Voxels",
			"from": [ 13, 0, 7 ],
			"to": [ 14, 1, 11 ],
			"faces": {
				"down": { "uv": [ 2.25, 8, 2.5, 9 ], "texture": "#boom" },
				"up": { "uv": [ 2.5, 9, 2.75, 8 ], "texture": "#boom" },
				"north": { "uv": [ 9.75, 13.5, 9.5, 13.75 ], "texture": "#boom" },
				"south": { "uv": [ 9.5, 13.25, 9.75, 13.5 ], "texture": "#boom" },
				"west": { "uv": [ 5.5, 8.25, 6.5, 8.5 ], "texture": "#boom" },
				"east": { "uv": [ 6.5, 8, 5.5, 8.25 ], "texture": "#boom" }
			}
		},
		{
			"__comment": "Voxels",
			"from": [ 13, 1, 5 ],
			"to": [ 14, 8, 6 ],
			"faces": {
				"down": { "uv": [ 9.5, 12.5, 9.75, 12.75 ], "texture": "#boom" },
				"up": { "uv": [ 9.5, 12.5, 9.75, 12.25 ], "texture": "#boom" },
				"north": { "uv": [ 4.25, 13.75, 4, 15.5 ], "texture": "#boom" },
				"south": { "uv": [ 4.75, 13.75, 5, 15.5 ], "texture": "#boom" },
				"west": { "uv": [ 4.5, 13.75, 4.75, 15.5 ], "texture": "#boom" },
				"east": { "uv": [ 4.5, 13.75, 4.25, 15.5 ], "texture": "#boom" }
			}
		},
		{
			"__comment": "Voxels",
			"from": [ 13, 1, 6 ],
			"to": [ 14, 2, 7 ],
			"faces": {
				"down": { "uv": [ 9.5, 11, 9.75, 11.25 ], "texture": "#boom" },
				"up": { "uv": [ 9.5, 11, 9.75, 10.75 ], "texture": "#boom" },
				"north": { "uv": [ 9.75, 10.5, 9.5, 10.75 ], "texture": "#boom" },
				"south": { "uv": [ 9.5, 10.25, 9.75, 10.5 ], "texture": "#boom" },
				"west": { "uv": [ 9.5, 10, 9.75, 10.25 ], "texture": "#boom" },
				"east": { "uv": [ 9.75, 9.75, 9.5, 10 ], "texture": "#boom" }
			}
		},
		{
			"__comment": "Voxels",
			"from": [ 13, 1, 11 ],
			"to": [ 14, 2, 13 ],
			"faces": {
				"down": { "uv": [ 8.75, 11.5, 9, 12 ], "texture": "#boom" },
				"up": { "uv": [ 7.5, 12.75, 7.75, 12.25 ], "texture": "#boom" },
				"north": { "uv": [ 9.75, 9, 9.5, 9.25 ], "texture": "#boom" },
				"south": { "uv": [ 9.5, 8.75, 9.75, 9 ], "texture": "#boom" },
				"west": { "uv": [ 3, 8, 3.5, 8.25 ], "texture": "#boom" },
				"east": { "uv": [ 5.5, 11.5, 5, 11.75 ], "texture": "#boom" }
			}
		},
		{
			"__comment": "Voxels",
			"from": [ 13, 2, 12 ],
			"to": [ 14, 8, 13 ],
			"faces": {
				"down": { "uv": [ 9.5, 8, 9.75, 8.25 ], "texture": "#boom" },
				"up": { "uv": [ 9.75, 14.25, 10, 14 ], "texture": "#boom" },
				"north": { "uv": [ 5.25, 14, 5, 15.5 ], "texture": "#boom" },
				"south": { "uv": [ 4.5, 11.5, 4.75, 13 ], "texture": "#boom" },
				"west": { "uv": [ 4.25, 11.5, 4.5, 13 ], "texture": "#boom" },
				"east": { "uv": [ 4.25, 11.5, 4, 13 ], "texture": "#boom" }
			}
		},
		{
			"__comment": "Voxels",
			"from": [ 13, 7, 6 ],
			"to": [ 14, 8, 7 ],
			"faces": {
				"down": { "uv": [ 11, 14, 11.25, 14.25 ], "texture": "#boom" },
				"up": { "uv": [ 11.25, 14.25, 11.5, 14 ], "texture": "#boom" },
				"north": { "uv": [ 11.75, 14, 11.5, 14.25 ], "texture": "#boom" },
				"south": { "uv": [ 11.75, 14, 12, 14.25 ], "texture": "#boom" },
				"west": { "uv": [ 12, 14, 12.25, 14.25 ], "texture": "#boom" },
				"east": { "uv": [ 12.5, 14, 12.25, 14.25 ], "texture": "#boom" }
			}
		},
		{
			"__comment": "Voxels",
			"from": [ 13, 7, 11 ],
			"to": [ 14, 8, 12 ],
			"faces": {
				"down": { "uv": [ 12.5, 14, 12.75, 14.25 ], "texture": "#boom" },
				"up": { "uv": [ 12.75, 14.25, 13, 14 ], "texture": "#boom" },
				"north": { "uv": [ 13.25, 14, 13, 14.25 ], "texture": "#boom" },
				"south": { "uv": [ 13.25, 14, 13.5, 14.25 ], "texture": "#boom" },
				"west": { "uv": [ 13.5, 14, 13.75, 14.25 ], "texture": "#boom" },
				"east": { "uv": [ 14, 14, 13.75, 14.25 ], "texture": "#boom" }
			}
		},
		{
			"__comment": "Voxels",
			"from": [ 13, 8, 7 ],
			"to": [ 14, 9, 11 ],
			"faces": {
				"down": { "uv": [ 6.75, 14.25, 7, 15.25 ], "texture": "#boom" },
				"up": { "uv": [ 7, 15.25, 7.25, 14.25 ], "texture": "#boom" },
				"north": { "uv": [ 14.75, 14, 14.5, 14.25 ], "texture": "#boom" },
				"south": { "uv": [ 14.75, 14, 15, 14.25 ], "texture": "#boom" },
				"west": { "uv": [ 6.75, 13.5, 7.75, 13.75 ], "texture": "#boom" },
				"east": { "uv": [ 7.75, 13.25, 6.75, 13.5 ], "texture": "#boom" }
			}
		},
		{
			"__comment": "Voxels",
			"from": [ 14, 1, 7 ],
			"to": [ 15, 8, 11 ],
			"faces": {
				"down": { "uv": [ 7.25, 14.25, 7.5, 15.25 ], "texture": "#boom" },
				"up": { "uv": [ 7.5, 15.25, 7.75, 14.25 ], "texture": "#boom" },
				"north": { "uv": [ 3.25, 11.75, 3, 13.5 ], "texture": "#boom" },
				"south": { "uv": [ 3.25, 10, 3.5, 11.75 ], "texture": "#boom" },
				"west": { "uv": [ 2, 9, 3, 10.75 ], "texture": "#boom" },
				"east": { "uv": [ 3, 14.25, 2, 16 ], "texture": "#boom" }
			}
		},
		{
			"__comment": "Voxels",
			"from": [ 14, 2, 6 ],
			"to": [ 15, 7, 7 ],
			"faces": {
				"down": { "uv": [ 9.75, 12.75, 10, 13 ], "texture": "#boom" },
				"up": { "uv": [ 9.75, 12.75, 10, 12.5 ], "texture": "#boom" },
				"north": { "uv": [ 6.5, 9.25, 6.25, 10.5 ], "texture": "#boom" },
				"south": { "uv": [ 6, 9.25, 6.25, 10.5 ], "texture": "#boom" },
				"west": { "uv": [ 5.5, 9.25, 5.75, 10.5 ], "texture": "#boom" },
				"east": { "uv": [ 6.75, 12, 6.5, 13.25 ], "texture": "#boom" }
			}
		},
		{
			"__comment": "Voxels",
			"from": [ 14, 2, 11 ],
			"to": [ 15, 7, 12 ],
			"faces": {
				"down": { "uv": [ 9.75, 11.25, 10, 11.5 ], "texture": "#boom" },
				"up": { "uv": [ 9.75, 11.25, 10, 11 ], "texture": "#boom" },
				"north": { "uv": [ 6, 14.5, 5.75, 15.75 ], "texture": "#boom" },
				"south": { "uv": [ 6, 10.75, 6.25, 12 ], "texture": "#boom" },
				"west": { "uv": [ 6.25, 13.25, 6.5, 14.5 ], "texture": "#boom" },
				"east": { "uv": [ 6, 9.25, 5.75, 10.5 ], "texture": "#boom" }
			}
		}
	],
	"display": {
		"thirdperson_righthand": {
			"rotation":  [ 0, 0, 0 ],
			"translation":  [ 0.692, 4.173, -2.08 ],
			"scale":  [ 0.75, 0.75, 0.75 ]
		},
		"thirdperson_lefthand": {
			"rotation":  [ 0, 0, 0 ],
			"translation":  [ 0.695, 4.173, -2.08 ],
			"scale":  [ 0.75, 0.75, 0.75 ]
		},
		"firstperson_righthand": {
			"rotation":  [ 0, 0, 0 ],
			"translation":  [ 0.695, 2.086, -3.47 ],
			"scale":  [ 0.75, 0.75, 0.75 ]
		},
		"firstperson_lefthand": {
			"rotation":  [ 0, -180, 0 ],
			"translation":  [ 0.695, 2.086, -1.39 ],
			"scale":  [ 0.75, 0.75, 0.75 ]
		},
		"gui": {
			"rotation":  [ 0, 0, 0 ],
			"translation":  [ -1, 1, 0 ],
			"scale":  [ 1, 1, 1 ]
		},
		"head": {
			"rotation":  [ 0, 180, 0 ],
			"translation":  [ 2, 15, 2 ],
			"scale":  [ 1.75, 1.75, 1.75 ]
		},
		"ground": {
			"rotation":  [ 0, 0, 0 ],
			"translation":  [ 0, 2.782, 0 ],
			"scale":  [ 0.75, 0.75, 0.75 ]
		},
		"fixed": {
			"rotation":  [ -90, -180, 0 ],
			"translation":  [ 1, 1, -11.8 ],
			"scale":  [ 1.5, 1.5, 1.5 ]
		}
	}
}