{
	"credit": "Made with Blockbench",
	"texture_size": [32, 32],
	"textures": {
		"0": "item/etc/halloween_axe",
		"particle": "item/etc/halloween_axe"
	},
	"gui_light": "front",
	"elements": [
		{
			"name": "막대기",
			"from": [8, 14.25, 0.75],
			"to": [10, 22.75, 1.25],
			"rotation": {"angle": -45, "axis": "z", "origin": [4.375, 16.15, 1]},
			"faces": {
				"north": {"uv": [7.5, 0, 8.5, 4], "texture": "#0"},
				"east": {"uv": [8, 4, 9, 8], "texture": "#0"},
				"south": {"uv": [8, 8, 9, 12], "texture": "#0"},
				"west": {"uv": [0, 8.5, 1, 12.5], "texture": "#0"},
				"up": {"uv": [10.5, 1, 9.5, 0], "texture": "#0"},
				"down": {"uv": [10.5, 1, 9.5, 2], "texture": "#0"}
			}
		},
		{
			"from": [2.25, 14.9, 0.25],
			"to": [6, 22.1, 1.75],
			"rotation": {"angle": -45, "axis": "z", "origin": [4.375, 16.15, 1]},
			"faces": {
				"north": {"uv": [4, 0, 6, 3.5], "texture": "#0"},
				"east": {"uv": [8.5, 0, 9.5, 3.5], "texture": "#0"},
				"south": {"uv": [4, 3.5, 6, 7], "texture": "#0"},
				"west": {"uv": [1, 8.5, 2, 12], "texture": "#0"},
				"up": {"uv": [11, 4.5, 9, 3.5], "texture": "#0"},
				"down": {"uv": [11, 4.5, 9, 5.5], "texture": "#0"}
			}
		},
		{
			"from": [-0.5, 15.25, 0],
			"to": [2.25, 21.75, 2],
			"rotation": {"angle": -45, "axis": "z", "origin": [4.375, 16.15, 1]},
			"faces": {
				"north": {"uv": [6, 0, 7.5, 3.5], "texture": "#0"},
				"east": {"uv": [2, 8.5, 3, 12], "texture": "#0"},
				"south": {"uv": [6, 3.5, 7.5, 7], "texture": "#0"},
				"west": {"uv": [3, 8.5, 4, 12], "texture": "#0"},
				"up": {"uv": [10.5, 6.5, 9, 5.5], "texture": "#0"},
				"down": {"uv": [10.5, 6.5, 9, 7.5], "texture": "#0"}
			}
		},
		{
			"from": [-0.25, -1.75, 0.25],
			"to": [2, 15.25, 1.75],
			"rotation": {"angle": -45, "axis": "z", "origin": [4.375, 16.15, 1]},
			"faces": {
				"north": {"uv": [0, 0, 1, 8.5], "texture": "#0"},
				"east": {"uv": [1, 0, 2, 8.5], "texture": "#0"},
				"south": {"uv": [2, 0, 3, 8.5], "texture": "#0"},
				"west": {"uv": [3, 0, 4, 8.5], "texture": "#0"},
				"up": {"uv": [10.5, 3, 9.5, 2], "texture": "#0"},
				"down": {"uv": [10, 9.5, 9, 10.5], "texture": "#0"}
			}
		},
		{
			"from": [6, 14.55, 0.5],
			"to": [8, 22.45, 1.5],
			"rotation": {"angle": -45, "axis": "z", "origin": [4.375, 16.15, 1]},
			"faces": {
				"north": {"uv": [4, 7, 5, 11], "texture": "#0"},
				"east": {"uv": [5, 7, 6, 11], "texture": "#0"},
				"south": {"uv": [6, 7, 7, 11], "texture": "#0"},
				"west": {"uv": [7, 7, 8, 11], "texture": "#0"},
				"up": {"uv": [10, 8.5, 9, 7.5], "texture": "#0"},
				"down": {"uv": [10, 8.5, 9, 9.5], "texture": "#0"}
			}
		}
	],
	"display": {
		"thirdperson_righthand": {
			"rotation": [155, 92, -111],
			"translation": [2.25, 5.75, -5],
			"scale": [0.5, 0.5, 0.5]
		},
		"thirdperson_lefthand": {
			"rotation": [-64, -92, -111],
			"translation": [-4.75, 5.25, -4.75],
			"scale": [0.5, 0.5, 0.5]
		},
		"firstperson_righthand": {
			"rotation": [-180, 84.75, -180],
			"translation": [2, -0.5, 0],
			"scale": [0.41, 0.5, 0.41]
		},
		"firstperson_lefthand": {
			"rotation": [-174.59, -87.75, -177.86],
			"translation": [-3, -0.25, 0],
			"scale": [0.41, 0.5, 0.37]
		},
		"ground": {
			"translation": [3.5, -2.5, 3.25],
			"scale": [0.5, 0.5, 0.5]
		},
		"gui": {
			"rotation": [-180, 0, -167.25],
			"translation": [-5.5, -2.5, 0],
			"scale": [0.7, 0.7, 0.7]
		},
		"head": {
			"rotation": [0, 0, -14.75],
			"translation": [-8.25, 0.75, 6.5],
			"scale": [0.9, 0.9, 0.9]
		},
		"fixed": {
			"translation": [5.5, -4, 3.5],
			"scale": [0.7, 0.7, 0.7]
		}
	},
	"groups": [
		0,
		{
			"name": "도끼날",
			"origin": [0, 0, 0],
			"color": 0,
			"children": [1, 2, 3, 4]
		}
	]
}