{
	"credit": "Made with Blockbench",
	"textures": {
		"0": "item/etc/hardhat",
		"particle": "item/etc/hardhat"
	},
	"elements": [
		{
			"from": [5.74244, 7.36287, 5.65588],
			"to": [6.24244, 9.16287, 10.55588],
			"rotation": {"angle": 0, "axis": "y", "origin": [8.05291, 7.5814, 8]},
			"faces": {
				"north": {"uv": [0, 0, 1, 1], "texture": "#0"},
				"east": {"uv": [0, 0, 1, 1], "texture": "#0"},
				"south": {"uv": [0, 0, 1, 1], "texture": "#0"},
				"west": {"uv": [0, 0, 1, 1], "texture": "#0"},
				"up": {"uv": [0, 0, 1, 1], "texture": "#0"},
				"down": {"uv": [0, 0, 1, 1], "texture": "#0"}
			}
		},
		{
			"from": [10.04244, 6.96287, 6.15588],
			"to": [10.79244, 9.16287, 10.05588],
			"rotation": {"angle": 0, "axis": "y", "origin": [8.05291, 7.5814, 8]},
			"faces": {
				"north": {"uv": [10, 14, 12, 16], "texture": "#0"},
				"east": {"uv": [0, 0, 1, 1], "texture": "#0"},
				"south": {"uv": [0, 0, 1, 1], "texture": "#0"},
				"west": {"uv": [0, 0, 1, 1], "texture": "#0"},
				"up": {"uv": [0, 0, 1, 1], "texture": "#0"},
				"down": {"uv": [0, 0, 1, 1], "texture": "#0"}
			}
		},
		{
			"from": [6.14244, 8.86287, 6.15588],
			"to": [10.44244, 9.16287, 10.05588],
			"rotation": {"angle": 0, "axis": "y", "origin": [8.05291, 7.5814, 8]},
			"faces": {
				"north": {"uv": [0, 0, 1, 1], "texture": "#0"},
				"east": {"uv": [0, 0, 1, 1], "texture": "#0"},
				"south": {"uv": [0, 0, 1, 1], "texture": "#0"},
				"west": {"uv": [0, 0, 1, 1], "texture": "#0"},
				"up": {"uv": [0, 0, 1, 1], "texture": "#0"},
				"down": {"uv": [0, 0, 1, 1], "texture": "#0"}
			}
		},
		{
			"from": [5.17526, 6.10224, 9.85588],
			"to": [6.07526, 6.60224, 10.85588],
			"rotation": {"angle": -22.5, "axis": "z", "origin": [7.86157, 7.61946, 8]},
			"faces": {
				"north": {"uv": [1.4, 0, 0, 1], "rotation": 180, "texture": "#0"},
				"east": {"uv": [1.4, 0, 0, 1], "texture": "#0"},
				"south": {"uv": [1.4, 0, 0, 1], "texture": "#0"},
				"west": {"uv": [0, 0, 1, 1], "texture": "#0"},
				"up": {"uv": [1.4, 0, 0, 1], "texture": "#0"},
				"down": {"uv": [1.4, 0, 0, 1], "texture": "#0"}
			}
		},
		{
			"from": [5.57526, 6.10224, 6.35588],
			"to": [6.37526, 6.60224, 9.85588],
			"rotation": {"angle": -22.5, "axis": "z", "origin": [7.86157, 7.61946, 8]},
			"faces": {
				"north": {"uv": [0.8, 0, 0, 1], "rotation": 180, "texture": "#0"},
				"east": {"uv": [0.8, 0, 0, 1], "texture": "#0"},
				"south": {"uv": [0.8, 0, 0, 1], "texture": "#0"},
				"west": {"uv": [0, 0, 1, 1], "texture": "#0"},
				"up": {"uv": [0.8, 0, 0, 1], "texture": "#0"},
				"down": {"uv": [0.8, 0, 0, 1], "texture": "#0"}
			}
		},
		{
			"from": [5.17526, 6.10224, 5.35588],
			"to": [6.07526, 6.60224, 6.35588],
			"rotation": {"angle": -22.5, "axis": "z", "origin": [7.86157, 7.61946, 8]},
			"faces": {
				"north": {"uv": [1.4, 0, 0, 1], "rotation": 180, "texture": "#0"},
				"east": {"uv": [1.4, 0, 0, 1], "texture": "#0"},
				"south": {"uv": [1.4, 0, 0, 1], "texture": "#0"},
				"west": {"uv": [0, 0, 1, 1], "texture": "#0"},
				"up": {"uv": [1.4, 0, 0, 1], "texture": "#0"},
				"down": {"uv": [1.4, 0, 0, 1], "texture": "#0"}
			}
		},
		{
			"from": [5.63062, 6.80132, 9.85588],
			"to": [10.53062, 7.40132, 10.85588],
			"rotation": {"angle": 0, "axis": "y", "origin": [8.05291, 7.5814, 8.25]},
			"faces": {
				"north": {"uv": [0, 0, 1.1, 1], "rotation": 180, "texture": "#0"},
				"east": {"uv": [0, 0, 1.1, 1], "texture": "#0"},
				"south": {"uv": [0, 0, 1.1, 1], "texture": "#0"},
				"west": {"uv": [0, 0, 1, 1], "texture": "#0"},
				"up": {"uv": [0, 0, 1.1, 1], "texture": "#0"},
				"down": {"uv": [0, 0, 1.1, 1], "texture": "#0"}
			}
		},
		{
			"from": [10.40069, 6.80132, 10.2027],
			"to": [11.30069, 7.40132, 10.7027],
			"rotation": {"angle": 22.5, "axis": "y", "origin": [10.85069, 7.15132, 10.4527]},
			"faces": {
				"north": {"uv": [0, 0, 1.4, 1], "rotation": 180, "texture": "#0"},
				"east": {"uv": [0, 0, 1.4, 1], "texture": "#0"},
				"south": {"uv": [0, 0, 1.4, 1], "texture": "#0"},
				"west": {"uv": [0, 0, 1, 1], "texture": "#0"},
				"up": {"uv": [0, 0, 1.4, 1], "texture": "#0"},
				"down": {"uv": [0, 0, 1.4, 1], "texture": "#0"}
			}
		},
		{
			"from": [11.18282, 6.80132, 9.49578],
			"to": [11.78282, 7.40132, 10.39578],
			"rotation": {"angle": -45, "axis": "y", "origin": [11.43282, 7.15132, 9.94578]},
			"faces": {
				"north": {"uv": [0, 0, 1.4, 1], "texture": "#0"},
				"east": {"uv": [0, 0, 1.4, 1], "texture": "#0"},
				"south": {"uv": [0, 0, 1, 1], "texture": "#0"},
				"west": {"uv": [0, 0, 1.4, 1], "rotation": 180, "texture": "#0"},
				"up": {"uv": [0, 0, 1.4, 1], "texture": "#0"},
				"down": {"uv": [0, 0, 1.4, 1], "rotation": 90, "texture": "#0"}
			}
		},
		{
			"from": [11.59736, 6.80132, 8.87539],
			"to": [12.19736, 7.40132, 9.77539],
			"rotation": {"angle": -22.5, "axis": "y", "origin": [11.84736, 7.15132, 9.32539]},
			"faces": {
				"north": {"uv": [0, 0, 1.4, 1], "texture": "#0"},
				"east": {"uv": [0, 0, 1.4, 1], "texture": "#0"},
				"south": {"uv": [0, 0, 1, 1], "texture": "#0"},
				"west": {"uv": [0, 0, 1.4, 1], "rotation": 180, "texture": "#0"},
				"up": {"uv": [0, 0, 1.4, 1], "texture": "#0"},
				"down": {"uv": [0, 0, 1.4, 1], "rotation": 90, "texture": "#0"}
			}
		},
		{
			"from": [11.74292, 6.80132, 7.14358],
			"to": [12.34292, 7.40132, 9.04358],
			"rotation": {"angle": 0, "axis": "y", "origin": [11.99292, 7.15132, 8.59358]},
			"faces": {
				"north": {"uv": [0, 0, 1.4, 1], "texture": "#0"},
				"east": {"uv": [0, 0, 1.4, 1], "texture": "#0"},
				"south": {"uv": [0, 0, 1, 1], "texture": "#0"},
				"west": {"uv": [0, 0, 1.4, 1], "rotation": 180, "texture": "#0"},
				"up": {"uv": [0, 0, 1.4, 1], "texture": "#0"},
				"down": {"uv": [0, 0, 1.4, 1], "rotation": 90, "texture": "#0"}
			}
		},
		{
			"from": [10.50652, 6.90132, 5.87998],
			"to": [11.30652, 7.20132, 10.37998],
			"rotation": {"angle": 0, "axis": "y", "origin": [11.60652, 7.15132, 9.22998]},
			"faces": {
				"north": {"uv": [8, 14, 9, 16], "texture": "#0"},
				"east": {"uv": [8, 14, 9, 16], "texture": "#0"},
				"south": {"uv": [8, 14, 9, 16], "texture": "#0"},
				"west": {"uv": [8, 14, 9, 16], "rotation": 180, "texture": "#0"},
				"up": {"uv": [8, 14, 9, 16], "texture": "#0"},
				"down": {"uv": [8, 14, 9, 16], "rotation": 90, "texture": "#0"}
			}
		},
		{
			"from": [11.30652, 6.90132, 6.62998],
			"to": [12.10652, 7.20132, 9.57998],
			"rotation": {"angle": 0, "axis": "y", "origin": [11.60652, 7.15132, 9.22998]},
			"faces": {
				"north": {"uv": [8, 14, 9, 16], "texture": "#0"},
				"east": {"uv": [8, 14, 9, 16], "texture": "#0"},
				"south": {"uv": [8, 14, 9, 16], "texture": "#0"},
				"west": {"uv": [8, 14, 9, 16], "rotation": 180, "texture": "#0"},
				"up": {"uv": [8, 14, 9, 16], "texture": "#0"},
				"down": {"uv": [8, 14, 9, 16], "rotation": 90, "texture": "#0"}
			}
		},
		{
			"from": [5.63062, 6.80132, 5.35588],
			"to": [10.53062, 7.40132, 6.35588],
			"rotation": {"angle": 0, "axis": "y", "origin": [8.18062, 7.15132, 5.85588]},
			"faces": {
				"north": {"uv": [0, 0, 1.1, 1], "rotation": 180, "texture": "#0"},
				"east": {"uv": [0, 0, 1.1, 1], "texture": "#0"},
				"south": {"uv": [0, 0, 1.1, 1], "texture": "#0"},
				"west": {"uv": [0, 0, 1, 1], "texture": "#0"},
				"up": {"uv": [0, 0, 1.1, 1], "texture": "#0"},
				"down": {"uv": [0, 0, 1.1, 1], "texture": "#0"}
			}
		},
		{
			"from": [10.40069, 6.80132, 5.50906],
			"to": [11.30069, 7.40132, 6.00906],
			"rotation": {"angle": -22.5, "axis": "y", "origin": [10.85069, 7.15132, 5.75906]},
			"faces": {
				"north": {"uv": [0, 0, 1.4, 1], "rotation": 180, "texture": "#0"},
				"east": {"uv": [0, 0, 1.4, 1], "texture": "#0"},
				"south": {"uv": [0, 0, 1.4, 1], "texture": "#0"},
				"west": {"uv": [0, 0, 1, 1], "texture": "#0"},
				"up": {"uv": [0, 0, 1.4, 1], "texture": "#0"},
				"down": {"uv": [0, 0, 1.4, 1], "texture": "#0"}
			}
		},
		{
			"from": [11.18282, 6.80132, 5.81598],
			"to": [11.78282, 7.40132, 6.71598],
			"rotation": {"angle": 45, "axis": "y", "origin": [11.43282, 7.15132, 6.26598]},
			"faces": {
				"north": {"uv": [0, 0, 1, 1], "texture": "#0"},
				"east": {"uv": [0, 0, 1.4, 1], "rotation": 180, "texture": "#0"},
				"south": {"uv": [0, 0, 1.4, 1], "texture": "#0"},
				"west": {"uv": [0, 0, 1.4, 1], "texture": "#0"},
				"up": {"uv": [0, 0, 1.4, 1], "rotation": 90, "texture": "#0"},
				"down": {"uv": [0, 0, 1.4, 1], "rotation": 270, "texture": "#0"}
			}
		},
		{
			"from": [11.59736, 6.80132, 6.43638],
			"to": [12.19736, 7.40132, 7.33638],
			"rotation": {"angle": 22.5, "axis": "y", "origin": [11.84736, 7.15132, 6.88638]},
			"faces": {
				"north": {"uv": [0, 0, 1, 1], "texture": "#0"},
				"east": {"uv": [0, 0, 1.4, 1], "rotation": 180, "texture": "#0"},
				"south": {"uv": [0, 0, 1.4, 1], "texture": "#0"},
				"west": {"uv": [0, 0, 1.4, 1], "texture": "#0"},
				"up": {"uv": [0, 0, 1.4, 1], "rotation": 90, "texture": "#0"},
				"down": {"uv": [0, 0, 1.4, 1], "rotation": 270, "texture": "#0"}
			}
		},
		{
			"from": [5.99244, 7.36287, 5.65588],
			"to": [10.79244, 9.16287, 6.15588],
			"rotation": {"angle": 0, "axis": "y", "origin": [8.05291, 7.5814, 8]},
			"faces": {
				"north": {"uv": [0, 0, 1, 1], "texture": "#0"},
				"east": {"uv": [0, 0, 1, 1], "texture": "#0"},
				"south": {"uv": [0, 0, 1, 1], "texture": "#0"},
				"west": {"uv": [0, 0, 1, 1], "texture": "#0"},
				"up": {"uv": [0, 0, 1, 1], "texture": "#0"},
				"down": {"uv": [0, 0, 1, 1], "texture": "#0"}
			}
		},
		{
			"from": [5.99244, 7.36287, 10.05588],
			"to": [10.79244, 9.16287, 10.55588],
			"rotation": {"angle": 0, "axis": "y", "origin": [8.05291, 7.5814, 8]},
			"faces": {
				"north": {"uv": [0, 0, 1, 1], "texture": "#0"},
				"east": {"uv": [0, 0, 1, 1], "texture": "#0"},
				"south": {"uv": [0, 0, 1, 1], "texture": "#0"},
				"west": {"uv": [0, 0, 1, 1], "texture": "#0"},
				"up": {"uv": [0, 0, 1, 1], "texture": "#0"},
				"down": {"uv": [0, 0, 1, 1], "texture": "#0"}
			}
		},
		{
			"from": [10.75879, 7.6854, 10.05588],
			"to": [11.10879, 8.2354, 10.55588],
			"rotation": {"angle": 22.5, "axis": "z", "origin": [8.61926, 7.90393, 8.25]},
			"faces": {
				"north": {"uv": [0, 0, 1, 1], "texture": "#0"},
				"east": {"uv": [0, 0, 1, 1], "texture": "#0"},
				"south": {"uv": [0, 0, 1, 1], "texture": "#0"},
				"west": {"uv": [0, 0, 1, 1], "texture": "#0"},
				"up": {"uv": [0, 0, 1, 1], "texture": "#0"},
				"down": {"uv": [0, 0, 1, 1], "texture": "#0"}
			}
		},
		{
			"from": [10.561, 7.64264, 10.05588],
			"to": [10.911, 8.19264, 10.55588],
			"rotation": {"angle": -22.5, "axis": "z", "origin": [10.736, 7.91764, 10.30588]},
			"faces": {
				"north": {"uv": [0, 0, 1, 1], "texture": "#0"},
				"east": {"uv": [0, 0, 1, 1], "texture": "#0"},
				"south": {"uv": [0, 0, 1, 1], "texture": "#0"},
				"west": {"uv": [0, 0, 1, 1], "texture": "#0"},
				"up": {"uv": [0, 0, 1, 1], "texture": "#0"},
				"down": {"uv": [0, 0, 1, 1], "texture": "#0"}
			}
		},
		{
			"from": [10.65292, 8.10473, 10.05588],
			"to": [11.00292, 8.65473, 10.55588],
			"rotation": {"angle": 0, "axis": "y", "origin": [10.82792, 8.37973, 10.30588]},
			"faces": {
				"north": {"uv": [0, 0, 1, 1], "texture": "#0"},
				"east": {"uv": [0, 0, 1, 1], "texture": "#0"},
				"south": {"uv": [0, 0, 1, 1], "texture": "#0"},
				"west": {"uv": [0, 0, 1, 1], "texture": "#0"},
				"up": {"uv": [0, 0, 1, 1], "texture": "#0"},
				"down": {"uv": [0, 0, 1, 1], "texture": "#0"}
			}
		},
		{
			"from": [10.29244, 8.10473, 10.16636],
			"to": [10.79244, 8.65473, 10.51636],
			"rotation": {"angle": 0, "axis": "y", "origin": [10.54244, 8.37973, 10.34136]},
			"faces": {
				"north": {"uv": [0, 0, 1, 1], "texture": "#0"},
				"east": {"uv": [0, 0, 1, 1], "texture": "#0"},
				"south": {"uv": [0, 0, 1, 1], "texture": "#0"},
				"west": {"uv": [0, 0, 1, 1], "texture": "#0"},
				"up": {"uv": [0, 0, 1, 1], "rotation": 90, "texture": "#0"},
				"down": {"uv": [0, 0, 1, 1], "rotation": 270, "texture": "#0"}
			}
		},
		{
			"from": [10.29244, 7.64264, 10.07444],
			"to": [10.79244, 8.19264, 10.42444],
			"rotation": {"angle": 22.5, "axis": "x", "origin": [10.54244, 7.91764, 10.24944]},
			"faces": {
				"north": {"uv": [0, 0, 1, 1], "texture": "#0"},
				"east": {"uv": [0, 0, 1, 1], "texture": "#0"},
				"south": {"uv": [0, 0, 1, 1], "texture": "#0"},
				"west": {"uv": [0, 0, 1, 1], "texture": "#0"},
				"up": {"uv": [0, 0, 1, 1], "rotation": 90, "texture": "#0"},
				"down": {"uv": [0, 0, 1, 1], "rotation": 270, "texture": "#0"}
			}
		},
		{
			"from": [10.29244, 8.56683, 10.07444],
			"to": [10.79244, 9.11683, 10.42444],
			"rotation": {"angle": -22.5, "axis": "x", "origin": [10.54244, 8.84183, 10.24944]},
			"faces": {
				"north": {"uv": [0, 0, 1, 1], "texture": "#0"},
				"east": {"uv": [0, 0, 1, 1], "texture": "#0"},
				"south": {"uv": [0, 0, 1, 1], "texture": "#0"},
				"west": {"uv": [0, 0, 1, 1], "texture": "#0"},
				"up": {"uv": [0, 0, 1, 1], "rotation": 90, "texture": "#0"},
				"down": {"uv": [0, 0, 1, 1], "rotation": 270, "texture": "#0"}
			}
		},
		{
			"from": [10.74017, 8.44338, 7.45588],
			"to": [11.09017, 8.99338, 8.83088],
			"rotation": {"angle": 22.5, "axis": "z", "origin": [10.76664, 8.27973, 8.15588]},
			"faces": {
				"north": {"uv": [6, 14, 8, 16], "texture": "#0"},
				"east": {"uv": [6, 14, 8, 16], "texture": "#0"},
				"south": {"uv": [6, 14, 8, 16], "texture": "#0"},
				"west": {"uv": [6, 14, 8, 16], "texture": "#0"},
				"up": {"uv": [6, 14, 8, 16], "texture": "#0"},
				"down": {"uv": [6, 14, 8, 16], "texture": "#0"}
			}
		},
		{
			"from": [10.65292, 8.00473, 7.45588],
			"to": [11.00292, 8.55473, 8.83088],
			"rotation": {"angle": 0, "axis": "y", "origin": [10.76664, 8.27973, 8.15588]},
			"faces": {
				"north": {"uv": [6, 14, 8, 16], "texture": "#0"},
				"east": {"uv": [6, 14, 8, 16], "texture": "#0"},
				"south": {"uv": [6, 14, 8, 16], "texture": "#0"},
				"west": {"uv": [6, 14, 8, 16], "texture": "#0"},
				"up": {"uv": [6, 14, 8, 16], "texture": "#0"},
				"down": {"uv": [6, 14, 8, 16], "texture": "#0"}
			}
		},
		{
			"from": [10.74017, 7.56609, 7.45588],
			"to": [11.09017, 8.11609, 8.83088],
			"rotation": {"angle": -22.5, "axis": "z", "origin": [10.76664, 8.27973, 8.15588]},
			"faces": {
				"north": {"uv": [6, 14, 8, 16], "texture": "#0"},
				"east": {"uv": [6, 14, 8, 16], "texture": "#0"},
				"south": {"uv": [6, 14, 8, 16], "texture": "#0"},
				"west": {"uv": [6, 14, 8, 16], "texture": "#0"},
				"up": {"uv": [6, 14, 8, 16], "texture": "#0"},
				"down": {"uv": [6, 14, 8, 16], "texture": "#0"}
			}
		},
		{
			"from": [10.74017, 7.56609, 9.25588],
			"to": [11.09017, 8.11609, 9.65588],
			"rotation": {"angle": -22.5, "axis": "z", "origin": [10.76664, 8.27973, 8.08088]},
			"faces": {
				"north": {"uv": [2, 14, 4, 16], "texture": "#0"},
				"east": {"uv": [2, 14, 4, 16], "texture": "#0"},
				"south": {"uv": [2, 14, 4, 16], "texture": "#0"},
				"west": {"uv": [2, 14, 4, 16], "texture": "#0"},
				"up": {"uv": [2, 14, 4, 16], "texture": "#0"},
				"down": {"uv": [2, 14, 4, 16], "texture": "#0"}
			}
		},
		{
			"from": [10.65292, 8.00473, 9.25588],
			"to": [11.00292, 8.55473, 9.65588],
			"rotation": {"angle": 0, "axis": "y", "origin": [10.76664, 8.27973, 8.08088]},
			"faces": {
				"north": {"uv": [2, 14, 4, 16], "texture": "#0"},
				"east": {"uv": [2, 14, 4, 16], "texture": "#0"},
				"south": {"uv": [2, 14, 4, 16], "texture": "#0"},
				"west": {"uv": [2, 14, 4, 16], "texture": "#0"},
				"up": {"uv": [2, 14, 4, 16], "texture": "#0"},
				"down": {"uv": [2, 14, 4, 16], "texture": "#0"}
			}
		},
		{
			"from": [10.74017, 8.44338, 9.25588],
			"to": [11.09017, 8.99338, 9.65588],
			"rotation": {"angle": 22.5, "axis": "z", "origin": [10.76664, 8.27973, 8.08088]},
			"faces": {
				"north": {"uv": [2, 14, 4, 16], "texture": "#0"},
				"east": {"uv": [2, 14, 4, 16], "texture": "#0"},
				"south": {"uv": [2, 14, 4, 16], "texture": "#0"},
				"west": {"uv": [2, 14, 4, 16], "texture": "#0"},
				"up": {"uv": [2, 14, 4, 16], "texture": "#0"},
				"down": {"uv": [2, 14, 4, 16], "texture": "#0"}
			}
		},
		{
			"from": [10.74017, 7.56609, 6.50588],
			"to": [11.09017, 8.11609, 6.90588],
			"rotation": {"angle": -22.5, "axis": "z", "origin": [10.76664, 8.27973, 8.08088]},
			"faces": {
				"north": {"uv": [2, 14, 4, 16], "texture": "#0"},
				"east": {"uv": [2, 14, 4, 16], "texture": "#0"},
				"south": {"uv": [2, 14, 4, 16], "texture": "#0"},
				"west": {"uv": [2, 14, 4, 16], "texture": "#0"},
				"up": {"uv": [2, 14, 4, 16], "texture": "#0"},
				"down": {"uv": [2, 14, 4, 16], "texture": "#0"}
			}
		},
		{
			"from": [10.65292, 8.00473, 6.50588],
			"to": [11.00292, 8.55473, 6.90588],
			"rotation": {"angle": 0, "axis": "y", "origin": [10.76664, 8.27973, 8.08088]},
			"faces": {
				"north": {"uv": [2, 14, 4, 16], "texture": "#0"},
				"east": {"uv": [2, 14, 4, 16], "texture": "#0"},
				"south": {"uv": [2, 14, 4, 16], "texture": "#0"},
				"west": {"uv": [2, 14, 4, 16], "texture": "#0"},
				"up": {"uv": [2, 14, 4, 16], "texture": "#0"},
				"down": {"uv": [2, 14, 4, 16], "texture": "#0"}
			}
		},
		{
			"from": [10.74017, 8.44338, 6.50588],
			"to": [11.09017, 8.99338, 6.90588],
			"rotation": {"angle": 22.5, "axis": "z", "origin": [10.76664, 8.27973, 8.08088]},
			"faces": {
				"north": {"uv": [2, 14, 4, 16], "texture": "#0"},
				"east": {"uv": [2, 14, 4, 16], "texture": "#0"},
				"south": {"uv": [2, 14, 4, 16], "texture": "#0"},
				"west": {"uv": [2, 14, 4, 16], "texture": "#0"},
				"up": {"uv": [2, 14, 4, 16], "texture": "#0"},
				"down": {"uv": [2, 14, 4, 16], "texture": "#0"}
			}
		},
		{
			"from": [5.70983, 8.44338, 6.50588],
			"to": [6.05983, 8.99338, 6.90588],
			"rotation": {"angle": -22.5, "axis": "z", "origin": [6.03336, 8.27973, 8.08088]},
			"faces": {
				"north": {"uv": [4, 14, 2, 16], "texture": "#0"},
				"east": {"uv": [4, 14, 2, 16], "texture": "#0"},
				"south": {"uv": [4, 14, 2, 16], "texture": "#0"},
				"west": {"uv": [4, 14, 2, 16], "texture": "#0"},
				"up": {"uv": [4, 14, 2, 16], "texture": "#0"},
				"down": {"uv": [4, 14, 2, 16], "texture": "#0"}
			}
		},
		{
			"from": [5.79708, 8.00473, 6.50588],
			"to": [6.14708, 8.55473, 6.90588],
			"rotation": {"angle": 0, "axis": "y", "origin": [6.03336, 8.27973, 8.08088]},
			"faces": {
				"north": {"uv": [4, 14, 2, 16], "texture": "#0"},
				"east": {"uv": [4, 14, 2, 16], "texture": "#0"},
				"south": {"uv": [4, 14, 2, 16], "texture": "#0"},
				"west": {"uv": [4, 14, 2, 16], "texture": "#0"},
				"up": {"uv": [4, 14, 2, 16], "texture": "#0"},
				"down": {"uv": [4, 14, 2, 16], "texture": "#0"}
			}
		},
		{
			"from": [5.70983, 7.56609, 6.50588],
			"to": [6.05983, 8.11609, 6.90588],
			"rotation": {"angle": 22.5, "axis": "z", "origin": [6.03336, 8.27973, 8.08088]},
			"faces": {
				"north": {"uv": [4, 14, 2, 16], "texture": "#0"},
				"east": {"uv": [4, 14, 2, 16], "texture": "#0"},
				"south": {"uv": [4, 14, 2, 16], "texture": "#0"},
				"west": {"uv": [4, 14, 2, 16], "texture": "#0"},
				"up": {"uv": [4, 14, 2, 16], "texture": "#0"},
				"down": {"uv": [4, 14, 2, 16], "texture": "#0"}
			}
		},
		{
			"from": [5.70983, 8.44338, 9.25588],
			"to": [6.05983, 8.99338, 9.65588],
			"rotation": {"angle": -22.5, "axis": "z", "origin": [6.03336, 8.27973, 8.08088]},
			"faces": {
				"north": {"uv": [4, 14, 2, 16], "texture": "#0"},
				"east": {"uv": [4, 14, 2, 16], "texture": "#0"},
				"south": {"uv": [4, 14, 2, 16], "texture": "#0"},
				"west": {"uv": [4, 14, 2, 16], "texture": "#0"},
				"up": {"uv": [4, 14, 2, 16], "texture": "#0"},
				"down": {"uv": [4, 14, 2, 16], "texture": "#0"}
			}
		},
		{
			"from": [5.79708, 8.00473, 9.25588],
			"to": [6.14708, 8.55473, 9.65588],
			"rotation": {"angle": 0, "axis": "y", "origin": [6.03336, 8.27973, 8.08088]},
			"faces": {
				"north": {"uv": [4, 14, 2, 16], "texture": "#0"},
				"east": {"uv": [4, 14, 2, 16], "texture": "#0"},
				"south": {"uv": [4, 14, 2, 16], "texture": "#0"},
				"west": {"uv": [4, 14, 2, 16], "texture": "#0"},
				"up": {"uv": [4, 14, 2, 16], "texture": "#0"},
				"down": {"uv": [4, 14, 2, 16], "texture": "#0"}
			}
		},
		{
			"from": [5.70983, 7.56609, 9.25588],
			"to": [6.05983, 8.11609, 9.65588],
			"rotation": {"angle": 22.5, "axis": "z", "origin": [6.03336, 8.27973, 8.08088]},
			"faces": {
				"north": {"uv": [4, 14, 2, 16], "texture": "#0"},
				"east": {"uv": [4, 14, 2, 16], "texture": "#0"},
				"south": {"uv": [4, 14, 2, 16], "texture": "#0"},
				"west": {"uv": [4, 14, 2, 16], "texture": "#0"},
				"up": {"uv": [4, 14, 2, 16], "texture": "#0"},
				"down": {"uv": [4, 14, 2, 16], "texture": "#0"}
			}
		},
		{
			"from": [5.70983, 7.56609, 7.75588],
			"to": [6.05983, 8.11609, 8.40588],
			"rotation": {"angle": 22.5, "axis": "z", "origin": [6.03336, 8.27973, 8.15588]},
			"faces": {
				"north": {"uv": [8, 14, 6, 16], "texture": "#0"},
				"east": {"uv": [8, 14, 6, 16], "texture": "#0"},
				"south": {"uv": [8, 14, 6, 16], "texture": "#0"},
				"west": {"uv": [8, 14, 6, 16], "texture": "#0"},
				"up": {"uv": [8, 14, 6, 16], "texture": "#0"},
				"down": {"uv": [8, 14, 6, 16], "texture": "#0"}
			}
		},
		{
			"from": [5.79708, 8.00473, 7.75588],
			"to": [6.14708, 8.55473, 8.40588],
			"rotation": {"angle": 0, "axis": "y", "origin": [6.03336, 8.27973, 8.15588]},
			"faces": {
				"north": {"uv": [8, 14, 6, 16], "texture": "#0"},
				"east": {"uv": [8, 14, 6, 16], "texture": "#0"},
				"south": {"uv": [8, 14, 6, 16], "texture": "#0"},
				"west": {"uv": [8, 14, 6, 16], "texture": "#0"},
				"up": {"uv": [8, 14, 6, 16], "texture": "#0"},
				"down": {"uv": [8, 14, 6, 16], "texture": "#0"}
			}
		},
		{
			"from": [5.70983, 8.44338, 7.75588],
			"to": [6.05983, 8.99338, 8.40588],
			"rotation": {"angle": -22.5, "axis": "z", "origin": [6.03336, 8.27973, 8.15588]},
			"faces": {
				"north": {"uv": [8, 14, 6, 16], "texture": "#0"},
				"east": {"uv": [8, 14, 6, 16], "texture": "#0"},
				"south": {"uv": [8, 14, 6, 16], "texture": "#0"},
				"west": {"uv": [8, 14, 6, 16], "texture": "#0"},
				"up": {"uv": [8, 14, 6, 16], "texture": "#0"},
				"down": {"uv": [8, 14, 6, 16], "texture": "#0"}
			}
		},
		{
			"from": [10.74017, 8.54338, 5.65588],
			"to": [11.09017, 9.09338, 6.15588],
			"rotation": {"angle": 22.5, "axis": "z", "origin": [10.76664, 8.37973, 6.15588]},
			"faces": {
				"north": {"uv": [0, 0, 1, 1], "texture": "#0"},
				"east": {"uv": [0, 0, 1, 1], "texture": "#0"},
				"south": {"uv": [0, 0, 1, 1], "texture": "#0"},
				"west": {"uv": [0, 0, 1, 1], "texture": "#0"},
				"up": {"uv": [0, 0, 1, 1], "texture": "#0"},
				"down": {"uv": [0, 0, 1, 1], "texture": "#0"}
			}
		},
		{
			"from": [10.65292, 8.10473, 5.65588],
			"to": [11.00292, 8.65473, 6.15588],
			"rotation": {"angle": 0, "axis": "y", "origin": [10.76664, 8.37973, 6.15588]},
			"faces": {
				"north": {"uv": [0, 0, 1, 1], "texture": "#0"},
				"east": {"uv": [0, 0, 1, 1], "texture": "#0"},
				"south": {"uv": [0, 0, 1, 1], "texture": "#0"},
				"west": {"uv": [0, 0, 1, 1], "texture": "#0"},
				"up": {"uv": [0, 0, 1, 1], "texture": "#0"},
				"down": {"uv": [0, 0, 1, 1], "texture": "#0"}
			}
		},
		{
			"from": [10.74017, 7.66609, 5.65588],
			"to": [11.09017, 8.21609, 6.15588],
			"rotation": {"angle": -22.5, "axis": "z", "origin": [10.76664, 8.37973, 6.15588]},
			"faces": {
				"north": {"uv": [0, 0, 1, 1], "texture": "#0"},
				"east": {"uv": [0, 0, 1, 1], "texture": "#0"},
				"south": {"uv": [0, 0, 1, 1], "texture": "#0"},
				"west": {"uv": [0, 0, 1, 1], "texture": "#0"},
				"up": {"uv": [0, 0, 1, 1], "texture": "#0"},
				"down": {"uv": [0, 0, 1, 1], "texture": "#0"}
			}
		},
		{
			"from": [10.29244, 8.10473, 5.69541],
			"to": [10.79244, 8.65473, 6.04541],
			"rotation": {"angle": 0, "axis": "y", "origin": [10.54244, 8.37973, 5.93168]},
			"faces": {
				"north": {"uv": [0, 0, 1, 1], "texture": "#0"},
				"east": {"uv": [0, 0, 1, 1], "texture": "#0"},
				"south": {"uv": [0, 0, 1, 1], "texture": "#0"},
				"west": {"uv": [0, 0, 1, 1], "texture": "#0"},
				"up": {"uv": [0, 0, 1, 1], "rotation": 270, "texture": "#0"},
				"down": {"uv": [0, 0, 1, 1], "rotation": 90, "texture": "#0"}
			}
		},
		{
			"from": [10.29244, 7.66609, 5.60815],
			"to": [10.79244, 8.21609, 5.95815],
			"rotation": {"angle": -22.5, "axis": "x", "origin": [10.54244, 8.37973, 5.93168]},
			"faces": {
				"north": {"uv": [0, 0, 1, 1], "texture": "#0"},
				"east": {"uv": [0, 0, 1, 1], "texture": "#0"},
				"south": {"uv": [0, 0, 1, 1], "texture": "#0"},
				"west": {"uv": [0, 0, 1, 1], "texture": "#0"},
				"up": {"uv": [0, 0, 1, 1], "rotation": 270, "texture": "#0"},
				"down": {"uv": [0, 0, 1, 1], "rotation": 90, "texture": "#0"}
			}
		},
		{
			"from": [10.29244, 8.56683, 5.78732],
			"to": [10.79244, 9.11683, 6.13732],
			"rotation": {"angle": 22.5, "axis": "x", "origin": [10.54244, 8.84183, 5.96232]},
			"faces": {
				"north": {"uv": [0, 0, 1, 1], "texture": "#0"},
				"east": {"uv": [0, 0, 1, 1], "texture": "#0"},
				"south": {"uv": [0, 0, 1, 1], "texture": "#0"},
				"west": {"uv": [0, 0, 1, 1], "texture": "#0"},
				"up": {"uv": [0, 0, 1, 1], "rotation": 270, "texture": "#0"},
				"down": {"uv": [0, 0, 1, 1], "rotation": 90, "texture": "#0"}
			}
		},
		{
			"from": [10.29924, 8.95858, 10.05588],
			"to": [10.64924, 9.50858, 10.55588],
			"rotation": {"angle": 45, "axis": "z", "origin": [10.47424, 9.23358, 10.30588]},
			"faces": {
				"north": {"uv": [0, 0, 1, 1], "texture": "#0"},
				"east": {"uv": [0, 0, 1, 1], "texture": "#0"},
				"south": {"uv": [0, 0, 1, 1], "texture": "#0"},
				"west": {"uv": [0, 0, 1, 1], "texture": "#0"},
				"up": {"uv": [0, 0, 1, 1], "texture": "#0"},
				"down": {"uv": [0, 0, 1, 1], "texture": "#0"}
			}
		},
		{
			"from": [10.29924, 8.95858, 5.65588],
			"to": [10.64924, 9.50858, 6.15588],
			"rotation": {"angle": 45, "axis": "z", "origin": [10.47424, 9.23358, 6.15588]},
			"faces": {
				"north": {"uv": [0, 0, 1, 1], "texture": "#0"},
				"east": {"uv": [0, 0, 1, 1], "texture": "#0"},
				"south": {"uv": [0, 0, 1, 1], "texture": "#0"},
				"west": {"uv": [0, 0, 1, 1], "texture": "#0"},
				"up": {"uv": [0, 0, 1, 1], "texture": "#0"},
				"down": {"uv": [0, 0, 1, 1], "texture": "#0"}
			}
		},
		{
			"from": [5.42609, 7.6854, 10.05588],
			"to": [5.77609, 8.2354, 10.55588],
			"rotation": {"angle": -22.5, "axis": "z", "origin": [7.91562, 7.90393, 8.25]},
			"faces": {
				"north": {"uv": [1, 0, 0, 1], "texture": "#0"},
				"east": {"uv": [1, 0, 0, 1], "texture": "#0"},
				"south": {"uv": [1, 0, 0, 1], "texture": "#0"},
				"west": {"uv": [1, 0, 0, 1], "texture": "#0"},
				"up": {"uv": [1, 0, 0, 1], "texture": "#0"},
				"down": {"uv": [1, 0, 0, 1], "texture": "#0"}
			}
		},
		{
			"from": [5.62388, 7.64264, 10.05588],
			"to": [5.97388, 8.19264, 10.55588],
			"rotation": {"angle": 22.5, "axis": "z", "origin": [5.79888, 7.91764, 10.30588]},
			"faces": {
				"north": {"uv": [1, 0, 0, 1], "texture": "#0"},
				"east": {"uv": [1, 0, 0, 1], "texture": "#0"},
				"south": {"uv": [1, 0, 0, 1], "texture": "#0"},
				"west": {"uv": [1, 0, 0, 1], "texture": "#0"},
				"up": {"uv": [1, 0, 0, 1], "texture": "#0"},
				"down": {"uv": [1, 0, 0, 1], "texture": "#0"}
			}
		},
		{
			"from": [5.53196, 8.10473, 10.05588],
			"to": [5.88196, 8.65473, 10.55588],
			"rotation": {"angle": 0, "axis": "y", "origin": [5.70696, 8.37973, 10.30588]},
			"faces": {
				"north": {"uv": [1, 0, 0, 1], "texture": "#0"},
				"east": {"uv": [1, 0, 0, 1], "texture": "#0"},
				"south": {"uv": [1, 0, 0, 1], "texture": "#0"},
				"west": {"uv": [1, 0, 0, 1], "texture": "#0"},
				"up": {"uv": [1, 0, 0, 1], "texture": "#0"},
				"down": {"uv": [1, 0, 0, 1], "texture": "#0"}
			}
		},
		{
			"from": [5.74244, 8.54338, 10.50361],
			"to": [6.24244, 9.09338, 10.85361],
			"rotation": {"angle": -22.5, "axis": "x", "origin": [5.99244, 8.37973, 10.53008]},
			"faces": {
				"north": {"uv": [1, 0, 0, 1], "texture": "#0"},
				"east": {"uv": [1, 0, 0, 1], "texture": "#0"},
				"south": {"uv": [1, 0, 0, 1], "texture": "#0"},
				"west": {"uv": [1, 0, 0, 1], "texture": "#0"},
				"up": {"uv": [1, 0, 0, 1], "rotation": 270, "texture": "#0"},
				"down": {"uv": [1, 0, 0, 1], "rotation": 90, "texture": "#0"}
			}
		},
		{
			"from": [5.74244, 7.66609, 10.50361],
			"to": [6.24244, 8.21609, 10.85361],
			"rotation": {"angle": 22.5, "axis": "x", "origin": [5.99244, 8.37973, 10.53008]},
			"faces": {
				"north": {"uv": [1, 0, 0, 1], "texture": "#0"},
				"east": {"uv": [1, 0, 0, 1], "texture": "#0"},
				"south": {"uv": [1, 0, 0, 1], "texture": "#0"},
				"west": {"uv": [1, 0, 0, 1], "texture": "#0"},
				"up": {"uv": [1, 0, 0, 1], "rotation": 270, "texture": "#0"},
				"down": {"uv": [1, 0, 0, 1], "rotation": 90, "texture": "#0"}
			}
		},
		{
			"from": [5.74244, 8.10473, 10.41636],
			"to": [6.24244, 8.65473, 10.76636],
			"rotation": {"angle": 0, "axis": "y", "origin": [5.99244, 8.37973, 10.53008]},
			"faces": {
				"north": {"uv": [1, 0, 0, 1], "texture": "#0"},
				"east": {"uv": [1, 0, 0, 1], "texture": "#0"},
				"south": {"uv": [1, 0, 0, 1], "texture": "#0"},
				"west": {"uv": [1, 0, 0, 1], "texture": "#0"},
				"up": {"uv": [1, 0, 0, 1], "rotation": 270, "texture": "#0"},
				"down": {"uv": [1, 0, 0, 1], "rotation": 90, "texture": "#0"}
			}
		},
		{
			"from": [5.42609, 7.6854, 5.65588],
			"to": [5.77609, 8.2354, 6.15588],
			"rotation": {"angle": -22.5, "axis": "z", "origin": [7.91562, 7.90393, 3.85]},
			"faces": {
				"north": {"uv": [1, 0, 0, 1], "texture": "#0"},
				"east": {"uv": [1, 0, 0, 1], "texture": "#0"},
				"south": {"uv": [1, 0, 0, 1], "texture": "#0"},
				"west": {"uv": [1, 0, 0, 1], "texture": "#0"},
				"up": {"uv": [1, 0, 0, 1], "texture": "#0"},
				"down": {"uv": [1, 0, 0, 1], "texture": "#0"}
			}
		},
		{
			"from": [5.53196, 8.10473, 5.65588],
			"to": [5.88196, 8.65473, 6.15588],
			"rotation": {"angle": 0, "axis": "y", "origin": [5.70696, 8.37973, 5.90588]},
			"faces": {
				"north": {"uv": [1, 0, 0, 1], "texture": "#0"},
				"east": {"uv": [1, 0, 0, 1], "texture": "#0"},
				"south": {"uv": [1, 0, 0, 1], "texture": "#0"},
				"west": {"uv": [1, 0, 0, 1], "texture": "#0"},
				"up": {"uv": [1, 0, 0, 1], "texture": "#0"},
				"down": {"uv": [1, 0, 0, 1], "texture": "#0"}
			}
		},
		{
			"from": [5.74244, 7.64264, 5.53732],
			"to": [6.24244, 8.19264, 5.88732],
			"rotation": {"angle": -22.5, "axis": "x", "origin": [5.99244, 7.91764, 5.71232]},
			"faces": {
				"north": {"uv": [1, 0, 0, 1], "texture": "#0"},
				"east": {"uv": [1, 0, 0, 1], "texture": "#0"},
				"south": {"uv": [1, 0, 0, 1], "texture": "#0"},
				"west": {"uv": [1, 0, 0, 1], "texture": "#0"},
				"up": {"uv": [1, 0, 0, 1], "rotation": 90, "texture": "#0"},
				"down": {"uv": [1, 0, 0, 1], "rotation": 270, "texture": "#0"}
			}
		},
		{
			"from": [5.62388, 7.64264, 5.65588],
			"to": [5.97388, 8.19264, 6.15588],
			"rotation": {"angle": 22.5, "axis": "z", "origin": [5.79888, 7.91764, 5.90588]},
			"faces": {
				"north": {"uv": [1, 0, 0, 1], "texture": "#0"},
				"east": {"uv": [1, 0, 0, 1], "texture": "#0"},
				"south": {"uv": [1, 0, 0, 1], "texture": "#0"},
				"west": {"uv": [1, 0, 0, 1], "texture": "#0"},
				"up": {"uv": [1, 0, 0, 1], "texture": "#0"},
				"down": {"uv": [1, 0, 0, 1], "texture": "#0"}
			}
		},
		{
			"from": [5.74244, 8.10473, 5.44541],
			"to": [6.24244, 8.65473, 5.79541],
			"rotation": {"angle": 0, "axis": "y", "origin": [5.99244, 8.37973, 5.62041]},
			"faces": {
				"north": {"uv": [1, 0, 0, 1], "texture": "#0"},
				"east": {"uv": [1, 0, 0, 1], "texture": "#0"},
				"south": {"uv": [1, 0, 0, 1], "texture": "#0"},
				"west": {"uv": [1, 0, 0, 1], "texture": "#0"},
				"up": {"uv": [1, 0, 0, 1], "rotation": 90, "texture": "#0"},
				"down": {"uv": [1, 0, 0, 1], "rotation": 270, "texture": "#0"}
			}
		},
		{
			"from": [5.74244, 8.56683, 5.53732],
			"to": [6.24244, 9.11683, 5.88732],
			"rotation": {"angle": 22.5, "axis": "x", "origin": [5.99244, 8.84183, 5.71232]},
			"faces": {
				"north": {"uv": [1, 0, 0, 1], "texture": "#0"},
				"east": {"uv": [1, 0, 0, 1], "texture": "#0"},
				"south": {"uv": [1, 0, 0, 1], "texture": "#0"},
				"west": {"uv": [1, 0, 0, 1], "texture": "#0"},
				"up": {"uv": [1, 0, 0, 1], "rotation": 90, "texture": "#0"},
				"down": {"uv": [1, 0, 0, 1], "rotation": 270, "texture": "#0"}
			}
		},
		{
			"from": [5.78564, 9.05858, 5.65588],
			"to": [6.33564, 9.40858, 6.15588],
			"rotation": {"angle": 45, "axis": "z", "origin": [6.06064, 9.23358, 5.90588]},
			"faces": {
				"north": {"uv": [0, 0, 1, 1], "rotation": 270, "texture": "#0"},
				"east": {"uv": [0, 0, 1, 1], "rotation": 90, "texture": "#0"},
				"south": {"uv": [0, 0, 1, 1], "rotation": 90, "texture": "#0"},
				"west": {"uv": [0, 0, 1, 1], "rotation": 90, "texture": "#0"},
				"up": {"uv": [0, 0, 1, 1], "rotation": 90, "texture": "#0"},
				"down": {"uv": [0, 0, 1, 1], "rotation": 90, "texture": "#0"}
			}
		},
		{
			"from": [5.78564, 9.05858, 10.05588],
			"to": [6.33564, 9.40858, 10.55588],
			"rotation": {"angle": 45, "axis": "z", "origin": [6.06064, 9.23358, 10.30588]},
			"faces": {
				"north": {"uv": [0, 0, 1, 1], "rotation": 270, "texture": "#0"},
				"east": {"uv": [0, 0, 1, 1], "rotation": 90, "texture": "#0"},
				"south": {"uv": [0, 0, 1, 1], "rotation": 90, "texture": "#0"},
				"west": {"uv": [0, 0, 1, 1], "rotation": 90, "texture": "#0"},
				"up": {"uv": [0, 0, 1, 1], "rotation": 90, "texture": "#0"},
				"down": {"uv": [0, 0, 1, 1], "rotation": 90, "texture": "#0"}
			}
		},
		{
			"from": [6.54244, 9.16287, 6.60588],
			"to": [9.74244, 9.26287, 7.00588],
			"rotation": {"angle": 0, "axis": "y", "origin": [8.14244, 9.26287, 6.40588]},
			"faces": {
				"north": {"uv": [2, 14, 4, 16], "texture": "#0"},
				"east": {"uv": [2, 14, 4, 16], "texture": "#0"},
				"south": {"uv": [2, 14, 4, 16], "texture": "#0"},
				"west": {"uv": [2, 14, 4, 16], "texture": "#0"},
				"up": {"uv": [2, 14, 4, 16], "texture": "#0"},
				"down": {"uv": [2, 14, 4, 16], "texture": "#0"}
			}
		},
		{
			"from": [9.71189, 9.10927, 6.60588],
			"to": [10.01189, 9.20927, 7.00588],
			"rotation": {"angle": -22.5, "axis": "z", "origin": [9.86189, 9.15927, 7.90588]},
			"faces": {
				"north": {"uv": [2, 14, 0, 16], "texture": "#0"},
				"east": {"uv": [2, 14, 0, 16], "texture": "#0"},
				"south": {"uv": [2, 14, 0, 16], "texture": "#0"},
				"west": {"uv": [2, 14, 0, 16], "texture": "#0"},
				"up": {"uv": [2, 14, 0, 16], "texture": "#0"},
				"down": {"uv": [2, 14, 0, 16], "texture": "#0"}
			}
		},
		{
			"from": [6.27299, 9.10927, 6.60588],
			"to": [6.57299, 9.20927, 7.00588],
			"rotation": {"angle": 22.5, "axis": "z", "origin": [6.42299, 9.15927, 7.90588]},
			"faces": {
				"north": {"uv": [2, 14, 4, 16], "texture": "#0"},
				"east": {"uv": [2, 14, 4, 16], "texture": "#0"},
				"south": {"uv": [2, 14, 4, 16], "texture": "#0"},
				"west": {"uv": [2, 14, 4, 16], "texture": "#0"},
				"up": {"uv": [2, 14, 4, 16], "texture": "#0"},
				"down": {"uv": [2, 14, 4, 16], "texture": "#0"}
			}
		},
		{
			"from": [6.27299, 9.10927, 9.20588],
			"to": [6.57299, 9.20927, 9.60588],
			"rotation": {"angle": 22.5, "axis": "z", "origin": [6.42299, 9.15927, 8.30588]},
			"faces": {
				"north": {"uv": [2, 14, 4, 16], "texture": "#0"},
				"east": {"uv": [2, 14, 4, 16], "texture": "#0"},
				"south": {"uv": [2, 14, 4, 16], "texture": "#0"},
				"west": {"uv": [2, 14, 4, 16], "texture": "#0"},
				"up": {"uv": [2, 14, 4, 16], "texture": "#0"},
				"down": {"uv": [2, 14, 4, 16], "texture": "#0"}
			}
		},
		{
			"from": [6.54244, 9.16287, 9.20588],
			"to": [9.74244, 9.26287, 9.60588],
			"rotation": {"angle": 0, "axis": "y", "origin": [8.05291, 7.5814, 8.2]},
			"faces": {
				"north": {"uv": [2, 14, 4, 16], "texture": "#0"},
				"east": {"uv": [2, 14, 4, 16], "texture": "#0"},
				"south": {"uv": [2, 14, 4, 16], "texture": "#0"},
				"west": {"uv": [2, 14, 4, 16], "texture": "#0"},
				"up": {"uv": [2, 14, 4, 16], "texture": "#0"},
				"down": {"uv": [2, 14, 4, 16], "texture": "#0"}
			}
		},
		{
			"from": [9.71189, 9.10927, 9.20588],
			"to": [10.01189, 9.20927, 9.60588],
			"rotation": {"angle": -22.5, "axis": "z", "origin": [9.86189, 9.15927, 8.30588]},
			"faces": {
				"north": {"uv": [2, 14, 0, 16], "texture": "#0"},
				"east": {"uv": [2, 14, 0, 16], "texture": "#0"},
				"south": {"uv": [2, 14, 0, 16], "texture": "#0"},
				"west": {"uv": [2, 14, 0, 16], "texture": "#0"},
				"up": {"uv": [2, 14, 0, 16], "texture": "#0"},
				"down": {"uv": [2, 14, 0, 16], "texture": "#0"}
			}
		},
		{
			"from": [6.54244, 9.06287, 7.75588],
			"to": [9.74244, 9.46287, 8.40588],
			"rotation": {"angle": 0, "axis": "y", "origin": [8.05291, 7.4814, 7]},
			"faces": {
				"north": {"uv": [8, 14, 10, 16], "texture": "#0"},
				"east": {"uv": [8, 14, 10, 16], "texture": "#0"},
				"south": {"uv": [8, 14, 10, 16], "texture": "#0"},
				"west": {"uv": [8, 14, 10, 16], "texture": "#0"},
				"up": {"uv": [8, 14, 10, 16], "texture": "#0"},
				"down": {"uv": [8, 14, 10, 16], "texture": "#0"}
			}
		},
		{
			"from": [5.8878, 9.03211, 7.75588],
			"to": [6.6878, 9.43211, 8.40588],
			"rotation": {"angle": 22.5, "axis": "z", "origin": [6.5378, 9.08211, 7.10588]},
			"faces": {
				"north": {"uv": [8, 14, 10, 16], "texture": "#0"},
				"east": {"uv": [8, 14, 10, 16], "texture": "#0"},
				"south": {"uv": [8, 14, 10, 16], "texture": "#0"},
				"west": {"uv": [8, 14, 10, 16], "texture": "#0"},
				"up": {"uv": [8, 14, 10, 16], "texture": "#0"},
				"down": {"uv": [8, 14, 10, 16], "texture": "#0"}
			}
		},
		{
			"from": [9.59708, 9.03211, 7.75588],
			"to": [10.39708, 9.43211, 8.40588],
			"rotation": {"angle": -22.5, "axis": "z", "origin": [9.74708, 9.08211, 7.10588]},
			"faces": {
				"north": {"uv": [10, 14, 8, 16], "texture": "#0"},
				"east": {"uv": [10, 14, 8, 16], "texture": "#0"},
				"south": {"uv": [10, 14, 8, 16], "texture": "#0"},
				"west": {"uv": [10, 14, 8, 16], "texture": "#0"},
				"up": {"uv": [10, 14, 8, 16], "texture": "#0"},
				"down": {"uv": [10, 14, 8, 16], "texture": "#0"}
			}
		},
		{
			"from": [10.995, 8, 7.58],
			"to": [11.045, 8.2, 7.78],
			"rotation": {"angle": 0, "axis": "y", "origin": [12.345, 7.17, 5.5]},
			"faces": {
				"north": {"uv": [10, 14, 12, 16], "texture": "#0"},
				"east": {"uv": [10, 14, 12, 16], "texture": "#0"},
				"south": {"uv": [10, 14, 12, 16], "texture": "#0"},
				"west": {"uv": [10, 14, 12, 16], "texture": "#0"},
				"up": {"uv": [10, 14, 12, 16], "texture": "#0"},
				"down": {"uv": [10, 14, 12, 16], "texture": "#0"}
			}
		},
		{
			"from": [10.995, 7.8, 7.78],
			"to": [11.045, 8, 8.38],
			"rotation": {"angle": 0, "axis": "y", "origin": [12.345, 7.17, 5.5]},
			"faces": {
				"north": {"uv": [10, 14, 12, 16], "texture": "#0"},
				"east": {"uv": [10, 14, 12, 16], "texture": "#0"},
				"south": {"uv": [10, 14, 12, 16], "texture": "#0"},
				"west": {"uv": [10, 14, 12, 16], "texture": "#0"},
				"up": {"uv": [10, 14, 12, 16], "texture": "#0"},
				"down": {"uv": [10, 14, 12, 16], "texture": "#0"}
			}
		},
		{
			"from": [10.995, 8, 7.98],
			"to": [11.045, 8.2, 8.58],
			"rotation": {"angle": 0, "axis": "y", "origin": [12.345, 7.17, 5.5]},
			"faces": {
				"north": {"uv": [10, 14, 12, 16], "texture": "#0"},
				"east": {"uv": [10, 14, 12, 16], "texture": "#0"},
				"south": {"uv": [10, 14, 12, 16], "texture": "#0"},
				"west": {"uv": [10, 14, 12, 16], "texture": "#0"},
				"up": {"uv": [10, 14, 12, 16], "texture": "#0"},
				"down": {"uv": [10, 14, 12, 16], "texture": "#0"}
			}
		},
		{
			"from": [10.995, 8.6, 7.98],
			"to": [11.045, 8.8, 8.38],
			"rotation": {"angle": 0, "axis": "y", "origin": [12.345, 7.17, 5.5]},
			"faces": {
				"north": {"uv": [10, 14, 12, 16], "texture": "#0"},
				"east": {"uv": [10, 14, 12, 16], "texture": "#0"},
				"south": {"uv": [10, 14, 12, 16], "texture": "#0"},
				"west": {"uv": [10, 14, 12, 16], "texture": "#0"},
				"up": {"uv": [10, 14, 12, 16], "texture": "#0"},
				"down": {"uv": [10, 14, 12, 16], "texture": "#0"}
			}
		},
		{
			"from": [10.995, 8.2, 8.18],
			"to": [11.045, 8.6, 8.58],
			"rotation": {"angle": 0, "axis": "y", "origin": [12.345, 7.17, 5.5]},
			"faces": {
				"north": {"uv": [10, 14, 12, 16], "texture": "#0"},
				"east": {"uv": [10, 14, 12, 16], "texture": "#0"},
				"south": {"uv": [10, 14, 12, 16], "texture": "#0"},
				"west": {"uv": [10, 14, 12, 16], "texture": "#0"},
				"up": {"uv": [10, 14, 12, 16], "texture": "#0"},
				"down": {"uv": [10, 14, 12, 16], "texture": "#0"}
			}
		},
		{
			"from": [8, 7.7, 5.55],
			"to": [8.4, 8.9, 5.65],
			"rotation": {"angle": 0, "axis": "y", "origin": [10.6, 8.3, 4.1]},
			"faces": {
				"north": {"uv": [14, 14, 16, 16], "texture": "#0"},
				"east": {"uv": [12, 14, 14, 16], "texture": "#0"},
				"south": {"uv": [14, 14, 16, 16], "texture": "#0"},
				"west": {"uv": [12, 14, 14, 16], "texture": "#0"},
				"up": {"uv": [12, 14, 14, 16], "rotation": 270, "texture": "#0"},
				"down": {"uv": [14, 14, 16, 16], "rotation": 90, "texture": "#0"}
			}
		},
		{
			"from": [7.6, 8.1, 5.55],
			"to": [8.8, 8.5, 5.65],
			"rotation": {"angle": 0, "axis": "y", "origin": [10.6, 8.3, 4.1]},
			"faces": {
				"north": {"uv": [14, 14, 16, 16], "rotation": 270, "texture": "#0"},
				"east": {"uv": [12, 14, 14, 16], "texture": "#0"},
				"south": {"uv": [12, 14, 14, 16], "rotation": 90, "texture": "#0"},
				"west": {"uv": [12, 14, 14, 16], "rotation": 180, "texture": "#0"},
				"up": {"uv": [12, 14, 14, 16], "rotation": 90, "texture": "#0"},
				"down": {"uv": [12, 14, 14, 16], "rotation": 90, "texture": "#0"}
			}
		},
		{
			"from": [7.6, 8.1, 10.55],
			"to": [8.8, 8.5, 10.65],
			"rotation": {"angle": 0, "axis": "y", "origin": [8.2, 8.3, 11.1]},
			"faces": {
				"north": {"uv": [12, 14, 14, 16], "rotation": 90, "texture": "#0"},
				"east": {"uv": [12, 14, 14, 16], "rotation": 180, "texture": "#0"},
				"south": {"uv": [14, 14, 16, 16], "rotation": 270, "texture": "#0"},
				"west": {"uv": [12, 14, 14, 16], "texture": "#0"},
				"up": {"uv": [12, 14, 14, 16], "rotation": 270, "texture": "#0"},
				"down": {"uv": [12, 14, 14, 16], "rotation": 270, "texture": "#0"}
			}
		},
		{
			"from": [8, 7.7, 10.55],
			"to": [8.4, 8.9, 10.65],
			"rotation": {"angle": 0, "axis": "y", "origin": [8.2, 8.3, 11.1]},
			"faces": {
				"north": {"uv": [14, 14, 16, 16], "texture": "#0"},
				"east": {"uv": [12, 14, 14, 16], "texture": "#0"},
				"south": {"uv": [14, 14, 16, 16], "texture": "#0"},
				"west": {"uv": [12, 14, 14, 16], "texture": "#0"},
				"up": {"uv": [12, 14, 14, 16], "rotation": 90, "texture": "#0"},
				"down": {"uv": [14, 14, 16, 16], "rotation": 270, "texture": "#0"}
			}
		},
		{
			"from": [9.395, 7.975, 5.605],
			"to": [9.47, 8.325, 5.655],
			"rotation": {"angle": -45, "axis": "z", "origin": [9.4325, 8.4, 5.88]},
			"faces": {
				"north": {"uv": [0, 12, 2, 14], "rotation": 90, "texture": "#0"},
				"east": {"uv": [0, 12, 2, 14], "texture": "#0"},
				"south": {"uv": [0, 12, 2, 14], "rotation": 270, "texture": "#0"},
				"west": {"uv": [0, 12, 2, 14], "rotation": 180, "texture": "#0"},
				"up": {"uv": [0, 12, 2, 14], "rotation": 270, "texture": "#0"},
				"down": {"uv": [0, 12, 2, 14], "rotation": 270, "texture": "#0"}
			}
		},
		{
			"from": [9.395, 8.575, 5.605],
			"to": [9.47, 8.625, 5.655],
			"rotation": {"angle": -45, "axis": "z", "origin": [9.4325, 8.4, 5.88]},
			"faces": {
				"north": {"uv": [0, 12, 2, 14], "rotation": 90, "texture": "#0"},
				"east": {"uv": [0, 12, 2, 14], "texture": "#0"},
				"south": {"uv": [0, 12, 2, 14], "rotation": 270, "texture": "#0"},
				"west": {"uv": [0, 12, 2, 14], "rotation": 180, "texture": "#0"},
				"up": {"uv": [0, 12, 2, 14], "rotation": 270, "texture": "#0"},
				"down": {"uv": [0, 12, 2, 14], "rotation": 270, "texture": "#0"}
			}
		},
		{
			"from": [9.2075, 8.325, 5.605],
			"to": [9.6575, 8.575, 5.655],
			"rotation": {"angle": -45, "axis": "z", "origin": [9.4325, 8.4, 5.88]},
			"faces": {
				"north": {"uv": [2, 14, 4, 16], "rotation": 180, "texture": "#0"},
				"east": {"uv": [2, 14, 4, 16], "rotation": 180, "texture": "#0"},
				"south": {"uv": [2, 14, 4, 16], "rotation": 180, "texture": "#0"},
				"west": {"uv": [2, 14, 4, 16], "rotation": 180, "texture": "#0"},
				"up": {"uv": [2, 14, 4, 16], "rotation": 270, "texture": "#0"},
				"down": {"uv": [2, 14, 4, 16], "rotation": 90, "texture": "#0"}
			}
		},
		{
			"from": [9.395, 7.975, 10.555],
			"to": [9.47, 8.325, 10.605],
			"rotation": {"angle": -45, "axis": "z", "origin": [9.4325, 8.4, 5.88]},
			"faces": {
				"north": {"uv": [0, 12, 2, 14], "rotation": 90, "texture": "#0"},
				"east": {"uv": [0, 12, 2, 14], "texture": "#0"},
				"south": {"uv": [0, 12, 2, 14], "rotation": 270, "texture": "#0"},
				"west": {"uv": [0, 12, 2, 14], "rotation": 180, "texture": "#0"},
				"up": {"uv": [0, 12, 2, 14], "rotation": 270, "texture": "#0"},
				"down": {"uv": [0, 12, 2, 14], "rotation": 270, "texture": "#0"}
			}
		},
		{
			"from": [9.395, 8.575, 10.555],
			"to": [9.47, 8.625, 10.605],
			"rotation": {"angle": -45, "axis": "z", "origin": [9.4325, 8.4, 5.88]},
			"faces": {
				"north": {"uv": [0, 12, 2, 14], "rotation": 90, "texture": "#0"},
				"east": {"uv": [0, 12, 2, 14], "texture": "#0"},
				"south": {"uv": [0, 12, 2, 14], "rotation": 270, "texture": "#0"},
				"west": {"uv": [0, 12, 2, 14], "rotation": 180, "texture": "#0"},
				"up": {"uv": [0, 12, 2, 14], "rotation": 270, "texture": "#0"},
				"down": {"uv": [0, 12, 2, 14], "rotation": 270, "texture": "#0"}
			}
		},
		{
			"from": [9.2075, 8.325, 10.555],
			"to": [9.6575, 8.575, 10.605],
			"rotation": {"angle": -45, "axis": "z", "origin": [9.4325, 8.4, 5.88]},
			"faces": {
				"north": {"uv": [2, 14, 4, 16], "rotation": 180, "texture": "#0"},
				"east": {"uv": [2, 14, 4, 16], "rotation": 180, "texture": "#0"},
				"south": {"uv": [2, 14, 4, 16], "rotation": 180, "texture": "#0"},
				"west": {"uv": [2, 14, 4, 16], "rotation": 180, "texture": "#0"},
				"up": {"uv": [2, 14, 4, 16], "rotation": 270, "texture": "#0"},
				"down": {"uv": [2, 14, 4, 16], "rotation": 90, "texture": "#0"}
			}
		}
	],
	"display": {
		"thirdperson_righthand": {
			"rotation": [100, 90, 0]
		},
		"thirdperson_lefthand": {
			"rotation": [100, -90, 0]
		},
		"firstperson_righthand": {
			"rotation": [0, -150, 0],
			"translation": [2, 2, 0],
			"scale": [1.5, 1.5, 1.5]
		},
		"firstperson_lefthand": {
			"rotation": [0, 30, 0],
			"translation": [2, 2, 0],
			"scale": [1.5, 1.5, 1.5]
		},
		"ground": {
			"scale": [1.5, 1.5, 1.5]
		},
		"gui": {
			"rotation": [7.75, -80.75, 0],
			"translation": [0.25, -0.25, 0],
			"scale": [2.47, 2.47, 2.47]
		},
		"head": {
			"rotation": [0, 90, 0],
			"translation": [-0.25, 6, 0.75],
			"scale": [2.89844, 3.2168, 3.06836]
		},
		"fixed": {
			"rotation": [0, 90, 0],
			"scale": [2, 2, 2]
		}
	},
	"groups": [
		{
			"name": "헬멧",
			"origin": [8, 8, 8],
			"children": [0, 1, 2,
				{
					"name": "모자 챙",
					"origin": [8, 8, 8],
					"children": [3, 4, 5,
						{
							"name": "왼쪽",
							"origin": [8, 8, 8],
							"children": [6, 7, 8, 9, 10, 11, 12]
						},
						{
							"name": "오른쪽",
							"origin": [8, 8, 8],
							"children": [13, 14, 15, 16]
						}
					]
				},
				{
					"name": "왼쪽",
					"origin": [8, 8, 8],
					"children": [17]
				},
				{
					"name": "오른쪽",
					"origin": [8, 8, 8],
					"children": [18]
				},
				{
					"name": "앞볼록",
					"origin": [8, 8, 8],
					"children": [19, 20, 21, 22, 23, 24, 25, 26, 27, 28, 29, 30, 31, 32, 33, 34, 35, 36, 37, 38, 39, 40, 41, 42, 43, 44, 45, 46, 47, 48, 49, 50]
				},
				{
					"name": "뒤볼록",
					"origin": [8, 8, 8],
					"children": [51, 52, 53, 54, 55, 56, 57, 58, 59, 60, 61, 62, 63, 64]
				},
				{
					"name": "머리",
					"origin": [8, 8, 8],
					"children": [65, 66, 67, 68, 69, 70, 71, 72, 73]
				}
			]
		},
		{
			"name": "Del Luna",
			"origin": [8, 8, 8],
			"children": [74, 75, 76, 77, 78]
		},
		{
			"name": "+",
			"origin": [8, 8, 8],
			"children": [79, 80, 81, 82]
		},
		{
			"name": "머리 망치",
			"origin": [8, 8, 8],
			"children": [83, 84, 85, 86, 87, 88]
		}
	]
}