{
	"credit": "Made with Blockbench",
	"textures": {
		"0": "item/etc/hard",
		"particle": "item/etc/hard"
	},
	"elements": [
		{
			"from": [6.75, 5.3, 9.3],
			"to": [9.55, 6.1, 10.3],
			"faces": {
				"north": {"uv": [2, 14, 4, 16], "texture": "#0"},
				"east": {"uv": [2, 14, 4, 16], "texture": "#0"},
				"south": {"uv": [2, 14, 4, 16], "texture": "#0"},
				"west": {"uv": [2, 14, 4, 16], "texture": "#0"},
				"up": {"uv": [2, 14, 4, 16], "texture": "#0"},
				"down": {"uv": [2, 14, 4, 16], "texture": "#0"}
			}
		},
		{
			"from": [9.55, 6.1, 9.3],
			"to": [10.35, 6.9, 10.3],
			"faces": {
				"north": {"uv": [2, 14, 4, 16], "texture": "#0"},
				"east": {"uv": [2, 14, 4, 16], "texture": "#0"},
				"south": {"uv": [2, 14, 4, 16], "texture": "#0"},
				"west": {"uv": [2, 14, 4, 16], "texture": "#0"},
				"up": {"uv": [2, 14, 4, 16], "texture": "#0"},
				"down": {"uv": [2, 14, 4, 16], "texture": "#0"}
			}
		},
		{
			"from": [6.75, 8.9, 9.3],
			"to": [8.55, 9.7, 10.3],
			"faces": {
				"north": {"uv": [2, 14, 4, 16], "texture": "#0"},
				"east": {"uv": [2, 14, 4, 16], "texture": "#0"},
				"south": {"uv": [2, 14, 4, 16], "texture": "#0"},
				"west": {"uv": [2, 14, 4, 16], "texture": "#0"},
				"up": {"uv": [2, 14, 4, 16], "texture": "#0"},
				"down": {"uv": [2, 14, 4, 16], "texture": "#0"}
			}
		},
		{
			"from": [5.95, 6.1, 9.3],
			"to": [7.75, 8.9, 10.3],
			"faces": {
				"north": {"uv": [2, 14, 4, 16], "texture": "#0"},
				"east": {"uv": [2, 14, 4, 16], "texture": "#0"},
				"south": {"uv": [2, 14, 4, 16], "texture": "#0"},
				"west": {"uv": [2, 14, 4, 16], "texture": "#0"},
				"up": {"uv": [2, 14, 4, 16], "texture": "#0"},
				"down": {"uv": [2, 14, 4, 16], "texture": "#0"}
			}
		},
		{
			"from": [7.75, 6.1, 9.3],
			"to": [8.55, 6.9, 10.3],
			"faces": {
				"north": {"uv": [2, 14, 4, 16], "texture": "#0"},
				"east": {"uv": [2, 14, 4, 16], "texture": "#0"},
				"south": {"uv": [2, 14, 4, 16], "texture": "#0"},
				"west": {"uv": [2, 14, 4, 16], "texture": "#0"},
				"up": {"uv": [2, 14, 4, 16], "texture": "#0"},
				"down": {"uv": [2, 14, 4, 16], "texture": "#0"}
			}
		},
		{
			"from": [6, 10, 8],
			"to": [10, 11, 10],
			"faces": {
				"north": {"uv": [4, 14, 6, 16], "texture": "#0"},
				"east": {"uv": [4, 14, 6, 16], "texture": "#0"},
				"south": {"uv": [4, 14, 6, 16], "texture": "#0"},
				"west": {"uv": [4, 14, 6, 16], "texture": "#0"},
				"up": {"uv": [4, 14, 6, 16], "texture": "#0"},
				"down": {"uv": [4, 14, 6, 16], "texture": "#0"}
			}
		},
		{
			"from": [4, 0, 6],
			"to": [12, 9, 7],
			"faces": {
				"north": {"uv": [8, 5, 16, 14], "texture": "#0"},
				"east": {"uv": [0, 5, 1, 14], "texture": "#0"},
				"south": {"uv": [8, 14, 10, 16], "texture": "#0"},
				"west": {"uv": [0, 5, 1, 14], "texture": "#0"},
				"up": {"uv": [8, 5, 16, 6], "texture": "#0"},
				"down": {"uv": [0, 13, 8, 14], "texture": "#0"}
			}
		},
		{
			"from": [4, 0, 9],
			"to": [12, 9, 10],
			"faces": {
				"north": {"uv": [8, 14, 10, 16], "texture": "#0"},
				"east": {"uv": [0, 5, 1, 14], "texture": "#0"},
				"south": {"uv": [0, 5, 8, 14], "texture": "#0"},
				"west": {"uv": [0, 5, 1, 14], "texture": "#0"},
				"up": {"uv": [0, 13, 8, 14], "texture": "#0"},
				"down": {"uv": [0, 13, 8, 14], "texture": "#0"}
			}
		},
		{
			"from": [11, 0, 7],
			"to": [12, 9, 9],
			"faces": {
				"north": {"uv": [0, 5, 1, 14], "texture": "#0"},
				"east": {"uv": [7, 5, 9, 14], "texture": "#0"},
				"south": {"uv": [0, 5, 1, 14], "texture": "#0"},
				"west": {"uv": [7, 5, 9, 14], "texture": "#0"},
				"up": {"uv": [8, 14, 10, 16], "texture": "#0"},
				"down": {"uv": [8, 14, 10, 16], "texture": "#0"}
			}
		},
		{
			"from": [4, 0, 7],
			"to": [5, 9, 9],
			"faces": {
				"north": {"uv": [0, 5, 1, 14], "texture": "#0"},
				"east": {"uv": [7, 5, 9, 14], "texture": "#0"},
				"south": {"uv": [0, 5, 1, 14], "texture": "#0"},
				"west": {"uv": [7, 5, 9, 14], "texture": "#0"},
				"up": {"uv": [8, 14, 10, 16], "texture": "#0"},
				"down": {"uv": [8, 14, 10, 16], "texture": "#0"}
			}
		},
		{
			"from": [4, 9, 6],
			"to": [7, 10, 10],
			"faces": {
				"north": {"uv": [13, 4, 16, 5], "texture": "#0"},
				"east": {"uv": [4, 14, 6, 16], "texture": "#0"},
				"south": {"uv": [8, 5, 11, 6], "texture": "#0"},
				"west": {"uv": [8, 14, 10, 16], "texture": "#0"},
				"up": {"uv": [4, 14, 6, 16], "texture": "#0"},
				"down": {"uv": [8, 14, 10, 16], "texture": "#0"}
			}
		},
		{
			"from": [9, 9, 6],
			"to": [12, 10, 10],
			"faces": {
				"north": {"uv": [8, 4, 11, 5], "texture": "#0"},
				"east": {"uv": [0, 13, 4, 14], "texture": "#0"},
				"south": {"uv": [5, 4, 8, 5], "texture": "#0"},
				"west": {"uv": [2, 3, 6, 4], "texture": "#0"},
				"up": {"uv": [4, 14, 6, 16], "texture": "#0"},
				"down": {"uv": [4, 14, 6, 16], "texture": "#0"}
			}
		},
		{
			"from": [4, 10, 6],
			"to": [6, 12, 10],
			"faces": {
				"north": {"uv": [14, 2, 16, 4], "texture": "#0"},
				"east": {"uv": [4, 14, 6, 16], "texture": "#0"},
				"south": {"uv": [0, 2, 2, 4], "texture": "#0"},
				"west": {"uv": [8, 14, 10, 16], "texture": "#0"},
				"up": {"uv": [8, 2, 10, 4], "texture": "#0"},
				"down": {"uv": [0, 0, 2, 4], "texture": "#0"}
			}
		},
		{
			"from": [7, 9, 8],
			"to": [9, 10, 10],
			"faces": {
				"north": {"uv": [8, 14, 10, 16], "texture": "#0"},
				"east": {"uv": [8, 14, 10, 16], "texture": "#0"},
				"south": {"uv": [10, 14, 12, 16], "texture": "#0"},
				"west": {"uv": [8, 14, 10, 16], "texture": "#0"},
				"up": {"uv": [8, 14, 10, 16], "texture": "#0"},
				"down": {"uv": [8, 14, 10, 16], "texture": "#0"}
			}
		},
		{
			"from": [10, 10, 6],
			"to": [12, 12, 10],
			"faces": {
				"north": {"uv": [8, 2, 10, 4], "texture": "#0"},
				"east": {"uv": [8, 14, 10, 16], "texture": "#0"},
				"south": {"uv": [6, 2, 8, 4], "texture": "#0"},
				"west": {"uv": [4, 14, 6, 16], "texture": "#0"},
				"up": {"uv": [14, 2, 16, 4], "texture": "#0"},
				"down": {"uv": [8, 14, 10, 16], "texture": "#0"}
			}
		},
		{
			"from": [3.8, 1.9, 5.8],
			"to": [12.2, 3.9, 10.2],
			"faces": {
				"north": {"uv": [14, 14, 16, 16], "texture": "#0"},
				"east": {"uv": [14, 14, 16, 16], "texture": "#0"},
				"south": {"uv": [14, 14, 16, 16], "texture": "#0"},
				"west": {"uv": [14, 14, 16, 16], "texture": "#0"},
				"up": {"uv": [14, 14, 16, 16], "texture": "#0"},
				"down": {"uv": [14, 14, 16, 16], "texture": "#0"}
			}
		},
		{
			"from": [9.7, 1.2, 5.5],
			"to": [10.4, 4.9, 6],
			"faces": {
				"north": {"uv": [0, 0, 2, 2], "texture": "#0"},
				"east": {"uv": [0, 0, 2, 2], "texture": "#0"},
				"south": {"uv": [0, 0, 2, 2], "texture": "#0"},
				"west": {"uv": [0, 0, 2, 2], "texture": "#0"},
				"up": {"uv": [0, 0, 2, 2], "texture": "#0"},
				"down": {"uv": [0, 0, 2, 2], "texture": "#0"}
			}
		},
		{
			"from": [8.6, 4.8, 5.3],
			"to": [11.5, 6, 6.3],
			"faces": {
				"north": {"uv": [2, 0, 4, 1], "texture": "#0"},
				"east": {"uv": [2, 0, 3, 1.2], "texture": "#0"},
				"south": {"uv": [2, 0, 4, 1], "texture": "#0"},
				"west": {"uv": [3, 0, 4, 1.2], "texture": "#0"},
				"up": {"uv": [2, 0, 4, 1], "texture": "#0"},
				"down": {"uv": [2, 0, 4, 1], "texture": "#0"}
			}
		},
		{
			"from": [6.4, 2.5, 5.6],
			"to": [6.6, 4.5, 5.8],
			"faces": {
				"north": {"uv": [5, 0, 6, 2], "texture": "#0"},
				"east": {"uv": [4, 0, 5, 2], "texture": "#0"},
				"south": {"uv": [4, 0, 5, 2], "texture": "#0"},
				"west": {"uv": [5, 0, 6, 2], "texture": "#0"},
				"up": {"uv": [4, 0, 5, 1], "texture": "#0"},
				"down": {"uv": [4, 0, 5, 1], "texture": "#0"}
			}
		},
		{
			"from": [5.4, 2.5, 5.6],
			"to": [5.6, 4.5, 5.8],
			"faces": {
				"north": {"uv": [4, 0, 5, 2], "texture": "#0"},
				"east": {"uv": [4, 0, 5, 2], "texture": "#0"},
				"south": {"uv": [4, 0, 5, 2], "texture": "#0"},
				"west": {"uv": [4, 0, 5, 2], "texture": "#0"},
				"up": {"uv": [4, 0, 5, 1], "texture": "#0"},
				"down": {"uv": [4, 0, 5, 1], "texture": "#0"}
			}
		},
		{
			"from": [6.2, 4.4, 5.5],
			"to": [6.8, 4.6, 5.9],
			"faces": {
				"north": {"uv": [2, 0, 4, 1], "texture": "#0"},
				"east": {"uv": [2, 0, 4, 1], "texture": "#0"},
				"south": {"uv": [3, 0, 4, 1], "texture": "#0"},
				"west": {"uv": [2, 0, 4, 1], "texture": "#0"},
				"up": {"uv": [2, 0, 4, 2], "texture": "#0"},
				"down": {"uv": [2, 0, 4, 2], "texture": "#0"}
			}
		},
		{
			"from": [5.2, 4.4, 5.5],
			"to": [5.8, 4.6, 5.9],
			"faces": {
				"north": {"uv": [2, 0, 3, 1], "texture": "#0"},
				"east": {"uv": [3, 0, 4, 1], "texture": "#0"},
				"south": {"uv": [2, 0, 3, 1], "texture": "#0"},
				"west": {"uv": [3, 0, 4, 1], "texture": "#0"},
				"up": {"uv": [2, 0, 4, 2], "texture": "#0"},
				"down": {"uv": [2, 0, 4, 2], "texture": "#0"}
			}
		}
	],
	"display": {
		"thirdperson_lefthand": {
			"rotation": [69, 0, 0],
			"translation": [-6, -2.5, 8.75],
			"scale": [1.15, 0.97, 1.27]
		},
		"firstperson_lefthand": {
			"scale": [0, 0, 0]
		}
	},
	"groups": [
		{
			"name": "moon",
			"origin": [0, 0, 0],
			"children": [0, 1, 2, 3, 4]
		},
		{
			"name": "옷",
			"origin": [0, 0, 0],
			"children": [5, 6, 7, 8, 9, 10, 11, 12, 13, 14, 15]
		},
		{
			"name": "도구",
			"origin": [0, 0, 0],
			"children": [16, 17, 18, 19, 20, 21]
		}
	]
}