{
	"__comment": "haru_711",
	"textures": {
		"particle": "item/fish/zara",
		"zara": "item/fish/zara"
	},
	"gui_light": "front",
	"elements": [ 	 
		{
			"__comment": "Voxels",
			"from": [ -0.5926, 6.5185, 1.7778 ],
			"to": [ 5.333326, 8.296278, 3.555578 ],
			"faces": {
				"down": { "uv": [ 5.125, 8.5, 6.375, 8.875 ], "texture": "#zara" },
				"up": { "uv": [ 6.375, 9.25, 7.625, 8.875 ], "texture": "#zara" },
				"north": { "uv": [ 6.375, 8.875, 5.125, 9.25 ], "texture": "#zara" },
				"south": { "uv": [ 5.125, 8.125, 6.375, 8.5 ], "texture": "#zara" },
				"west": { "uv": [ 3.375, 12.875, 3.75, 13.25 ], "texture": "#zara" },
				"east": { "uv": [ 8.75, 9.125, 8.375, 9.5 ], "texture": "#zara" }
			}
		},
		{
			"__comment": "Voxels",
			"from": [ 0, 6.5185, 1.1852 ],
			"to": [ 4.148148, 8.296278, 1.777793 ],
			"faces": {
				"down": { "uv": [ 15.125, 15.375, 16, 15.5 ], "texture": "#zara" },
				"up": { "uv": [ 15.125, 15.625, 16, 15.5 ], "texture": "#zara" },
				"north": { "uv": [ 7.625, 12.25, 6.75, 12.625 ], "texture": "#zara" },
				"south": { "uv": [ 6.75, 11.875, 7.625, 12.25 ], "texture": "#zara" },
				"west": { "uv": [ 3.625, 10.375, 3.75, 10.75 ], "texture": "#zara" },
				"east": { "uv": [ 9.25, 12.375, 9.125, 12.75 ], "texture": "#zara" }
			}
		},
		{
			"__comment": "Voxels",
			"from": [ 0.5926, 6.5185, 3.5556 ],
			"to": [ 18.96297, 8.296278, 4.148192 ],
			"faces": {
				"down": { "uv": [ 11.5, 15.625, 15.375, 15.75 ], "texture": "#zara" },
				"up": { "uv": [ 7.625, 15.75, 11.5, 15.625 ], "texture": "#zara" },
				"north": { "uv": [ 7.625, 15.25, 3.75, 15.625 ], "texture": "#zara" },
				"south": { "uv": [ 3.75, 15.625, 7.625, 16 ], "texture": "#zara" },
				"west": { "uv": [ 9.125, 12.75, 9.25, 13.125 ], "texture": "#zara" },
				"east": { "uv": [ 8.875, 8.125, 8.75, 8.5 ], "texture": "#zara" }
			}
		},
		{
			"__comment": "Voxels",
			"from": [ 0.5926, 6.5185, 4.1481 ],
			"to": [ 18.37038, 8.296278, 4.740693 ],
			"faces": {
				"down": { "uv": [ 11.375, 15.5, 15.125, 15.625 ], "texture": "#zara" },
				"up": { "uv": [ 7.625, 15.625, 11.375, 15.5 ], "texture": "#zara" },
				"north": { "uv": [ 3.75, 11.875, 0, 12.25 ], "texture": "#zara" },
				"south": { "uv": [ 0, 11.5, 3.75, 11.875 ], "texture": "#zara" },
				"west": { "uv": [ 9, 8.5, 9.125, 8.875 ], "texture": "#zara" },
				"east": { "uv": [ 9.125, 9, 9, 9.375 ], "texture": "#zara" }
			}
		},
		{
			"__comment": "Voxels",
			"from": [ 0.5926, 6.5185, 8.2963 ],
			"to": [ 18.37038, 8.296278, 14.81482 ],
			"faces": {
				"down": { "uv": [ 0, 14.625, 3.75, 16 ], "texture": "#zara" },
				"up": { "uv": [ 0, 14.625, 3.75, 13.25 ], "texture": "#zara" },
				"north": { "uv": [ 3.75, 11.125, 0, 11.5 ], "texture": "#zara" },
				"south": { "uv": [ 0, 10.75, 3.75, 11.125 ], "texture": "#zara" },
				"west": { "uv": [ 3.75, 8, 5.125, 8.375 ], "texture": "#zara" },
				"east": { "uv": [ 5.125, 8.375, 3.75, 8.75 ], "texture": "#zara" }
			}
		},
		{
			"__comment": "Voxels",
			"from": [ 1.1852, 6.5185, 0.5926 ],
			"to": [ 2.962978, 8.296278, 1.185193 ],
			"faces": {
				"down": { "uv": [ 8.75, 8.875, 9.125, 9 ], "texture": "#zara" },
				"up": { "uv": [ 8.75, 9.5, 9.125, 9.375 ], "texture": "#zara" },
				"north": { "uv": [ 8.75, 8.75, 8.375, 9.125 ], "texture": "#zara" },
				"south": { "uv": [ 15.375, 15, 15.75, 15.375 ], "texture": "#zara" },
				"west": { "uv": [ 8.75, 9.5, 8.875, 9.875 ], "texture": "#zara" },
				"east": { "uv": [ 9.125, 9.875, 9, 10.25 ], "texture": "#zara" }
			}
		},
		{
			"__comment": "Voxels",
			"from": [ 1.1852, 6.5185, 4.7407 ],
			"to": [ 18.37038, 8.296278, 5.925885 ],
			"faces": {
				"down": { "uv": [ 3.75, 10.375, 7.375, 10.625 ], "texture": "#zara" },
				"up": { "uv": [ 3.75, 11.625, 7.375, 11.375 ], "texture": "#zara" },
				"north": { "uv": [ 3.625, 10, 0, 10.375 ], "texture": "#zara" },
				"south": { "uv": [ 0, 10.375, 3.625, 10.75 ], "texture": "#zara" },
				"west": { "uv": [ 15.75, 15, 16, 15.375 ], "texture": "#zara" },
				"east": { "uv": [ 9, 13.25, 8.75, 13.625 ], "texture": "#zara" }
			}
		},
		{
			"__comment": "Voxels",
			"from": [ 1.1852, 6.5185, 6.5185 ],
			"to": [ 17.77779, 8.296278, 8.296278 ],
			"faces": {
				"down": { "uv": [ 3.75, 14.5, 7.25, 14.875 ], "texture": "#zara" },
				"up": { "uv": [ 3.75, 15.25, 7.25, 14.875 ], "texture": "#zara" },
				"north": { "uv": [ 3.5, 8.125, 0, 8.5 ], "texture": "#zara" },
				"south": { "uv": [ 3.75, 14.125, 7.25, 14.5 ], "texture": "#zara" },
				"west": { "uv": [ 3.375, 12.375, 3.75, 12.75 ], "texture": "#zara" },
				"east": { "uv": [ 7.625, 14.125, 7.25, 14.5 ], "texture": "#zara" }
			}
		},
		{
			"__comment": "Voxels",
			"from": [ 1.1852, 6.5185, 14.8148 ],
			"to": [ 18.37038, 8.296278, 15.99998 ],
			"faces": {
				"down": { "uv": [ 3.75, 10.625, 7.375, 10.875 ], "texture": "#zara" },
				"up": { "uv": [ 3.75, 11.125, 7.375, 10.875 ], "texture": "#zara" },
				"north": { "uv": [ 3.625, 8.5, 0, 8.875 ], "texture": "#zara" },
				"south": { "uv": [ 0, 8.875, 3.625, 9.25 ], "texture": "#zara" },
				"west": { "uv": [ 8.75, 12.875, 9, 13.25 ], "texture": "#zara" },
				"east": { "uv": [ 9, 12.5, 8.75, 12.875 ], "texture": "#zara" }
			}
		},
		{
			"__comment": "Voxels",
			"from": [ 1.1852, 6.5185, 18.3704 ],
			"to": [ 18.37038, 8.296278, 19.55558 ],
			"faces": {
				"down": { "uv": [ 3.75, 11.625, 7.375, 11.875 ], "texture": "#zara" },
				"up": { "uv": [ 3.75, 11.375, 7.375, 11.125 ], "texture": "#zara" },
				"north": { "uv": [ 3.625, 9.25, 0, 9.625 ], "texture": "#zara" },
				"south": { "uv": [ 0, 9.625, 3.625, 10 ], "texture": "#zara" },
				"west": { "uv": [ 8.75, 12.125, 9, 12.5 ], "texture": "#zara" },
				"east": { "uv": [ 9, 11.75, 8.75, 12.125 ], "texture": "#zara" }
			}
		},
		{
			"__comment": "Voxels",
			"from": [ 1.1852, 6.5185, 19.5556 ],
			"to": [ 5.925941, 8.296278, 20.14819 ],
			"faces": {
				"down": { "uv": [ 12.25, 14.75, 13.25, 14.875 ], "texture": "#zara" },
				"up": { "uv": [ 13.25, 15, 14.25, 14.875 ], "texture": "#zara" },
				"north": { "uv": [ 8.625, 13.25, 7.625, 13.625 ], "texture": "#zara" },
				"south": { "uv": [ 7.625, 12.875, 8.625, 13.25 ], "texture": "#zara" },
				"west": { "uv": [ 8.875, 9.875, 9, 10.25 ], "texture": "#zara" },
				"east": { "uv": [ 9, 10.25, 8.875, 10.625 ], "texture": "#zara" }
			}
		},
		{
			"__comment": "Voxels",
			"from": [ 1.7778, 6.5185, 5.9259 ],
			"to": [ 17.7778, 8.296278, 6.518493 ],
			"faces": {
				"down": { "uv": [ 0, 8, 3.375, 8.125 ], "texture": "#zara" },
				"up": { "uv": [ 8.75, 15.5, 12.125, 15.375 ], "texture": "#zara" },
				"north": { "uv": [ 7.125, 13.375, 3.75, 13.75 ], "texture": "#zara" },
				"south": { "uv": [ 3.75, 13, 7.125, 13.375 ], "texture": "#zara" },
				"west": { "uv": [ 8.75, 10.25, 8.875, 10.625 ], "texture": "#zara" },
				"east": { "uv": [ 9.125, 10.625, 9, 11 ], "texture": "#zara" }
			}
		},
		{
			"__comment": "Voxels",
			"from": [ 1.7778, 6.5185, 16 ],
			"to": [ 17.7778, 8.296278, 18.37037 ],
			"faces": {
				"down": { "uv": [ 0, 12.75, 3.375, 13.25 ], "texture": "#zara" },
				"up": { "uv": [ 0, 12.75, 3.375, 12.25 ], "texture": "#zara" },
				"north": { "uv": [ 7.125, 13.75, 3.75, 14.125 ], "texture": "#zara" },
				"south": { "uv": [ 3.75, 12.625, 7.125, 13 ], "texture": "#zara" },
				"west": { "uv": [ 7.125, 13.75, 7.625, 14.125 ], "texture": "#zara" },
				"east": { "uv": [ 7.625, 13.375, 7.125, 13.75 ], "texture": "#zara" }
			}
		},
		{
			"__comment": "Voxels",
			"from": [ 1.7778, 6.5185, 20.1481 ],
			"to": [ 5.925948, 8.296278, 21.33328 ],
			"faces": {
				"down": { "uv": [ 14.5, 15.75, 15.375, 16 ], "texture": "#zara" },
				"up": { "uv": [ 8.75, 15, 9.625, 14.75 ], "texture": "#zara" },
				"north": { "uv": [ 8.5, 12.125, 7.625, 12.5 ], "texture": "#zara" },
				"south": { "uv": [ 7.625, 11.75, 8.5, 12.125 ], "texture": "#zara" },
				"west": { "uv": [ 8.75, 11.375, 9, 11.75 ], "texture": "#zara" },
				"east": { "uv": [ 9, 11, 8.75, 11.375 ], "texture": "#zara" }
			}
		},
		{
			"__comment": "Voxels",
			"from": [ 2.3704, 6.5185, 21.3333 ],
			"to": [ 5.333363, 8.296278, 21.92589 ],
			"faces": {
				"down": { "uv": [ 15.375, 15.875, 16, 16 ], "texture": "#zara" },
				"up": { "uv": [ 9.125, 14.75, 9.75, 14.625 ], "texture": "#zara" },
				"north": { "uv": [ 13.875, 15, 13.25, 15.375 ], "texture": "#zara" },
				"south": { "uv": [ 13.875, 15, 14.5, 15.375 ], "texture": "#zara" },
				"west": { "uv": [ 9, 12.5, 9.125, 12.875 ], "texture": "#zara" },
				"east": { "uv": [ 8.75, 13.25, 8.625, 13.625 ], "texture": "#zara" }
			}
		},
		{
			"__comment": "Voxels",
			"from": [ 3.5556, 6.5185, 21.9259 ],
			"to": [ 4.148192, 8.296278, 22.51849 ],
			"faces": {
				"down": { "uv": [ 7.5, 11.375, 7.625, 11.5 ], "texture": "#zara" },
				"up": { "uv": [ 3.375, 8.125, 3.5, 8 ], "texture": "#zara" },
				"north": { "uv": [ 3.75, 8.5, 3.625, 8.875 ], "texture": "#zara" },
				"south": { "uv": [ 3.625, 10, 3.75, 10.375 ], "texture": "#zara" },
				"west": { "uv": [ 9.125, 13.875, 9.25, 14.25 ], "texture": "#zara" },
				"east": { "uv": [ 9, 8.125, 8.875, 8.5 ], "texture": "#zara" }
			}
		},
		{
			"__comment": "Voxels",
			"from": [ 5.3333, 6.5185, 2.3704 ],
			"to": [ 19.55552, 8.296278, 3.555585 ],
			"faces": {
				"down": { "uv": [ 10.625, 15.75, 13.625, 16 ], "texture": "#zara" },
				"up": { "uv": [ 7.625, 16, 10.625, 15.75 ], "texture": "#zara" },
				"north": { "uv": [ 6.75, 12.25, 3.75, 12.625 ], "texture": "#zara" },
				"south": { "uv": [ 3.75, 11.875, 6.75, 12.25 ], "texture": "#zara" },
				"west": { "uv": [ 3.5, 8.125, 3.75, 8.5 ], "texture": "#zara" },
				"east": { "uv": [ 8.75, 12.5, 8.5, 12.875 ], "texture": "#zara" }
			}
		},
		{
			"__comment": "Voxels",
			"from": [ 5.9259, 6.5185, 1.7778 ],
			"to": [ 13.03701, 8.296278, 2.370393 ],
			"faces": {
				"down": { "uv": [ 13.625, 15.375, 15.125, 15.5 ], "texture": "#zara" },
				"up": { "uv": [ 12.125, 15.5, 13.625, 15.375 ], "texture": "#zara" },
				"north": { "uv": [ 6.625, 9.625, 5.125, 10 ], "texture": "#zara" },
				"south": { "uv": [ 5.125, 10, 6.625, 10.375 ], "texture": "#zara" },
				"west": { "uv": [ 8.875, 9, 9, 9.375 ], "texture": "#zara" },
				"east": { "uv": [ 8.875, 9, 8.75, 9.375 ], "texture": "#zara" }
			}
		},
		{
			"__comment": "Voxels",
			"from": [ 6.5185, 6.5185, -1.1852 ],
			"to": [ 13.03702, 8.296278, 1.777763 ],
			"faces": {
				"down": { "uv": [ 3.75, 9.125, 5.125, 9.75 ], "texture": "#zara" },
				"up": { "uv": [ 3.75, 10.375, 5.125, 9.75 ], "texture": "#zara" },
				"north": { "uv": [ 6.5, 9.25, 5.125, 9.625 ], "texture": "#zara" },
				"south": { "uv": [ 3.75, 8.75, 5.125, 9.125 ], "texture": "#zara" },
				"west": { "uv": [ 12, 15, 12.625, 15.375 ], "texture": "#zara" },
				"east": { "uv": [ 10.125, 15, 9.5, 15.375 ], "texture": "#zara" }
			}
		},
		{
			"__comment": "Voxels",
			"from": [ 7.1111, 6.5185, -2.963 ],
			"to": [ 12.44443, 8.296278, -1.185222 ],
			"faces": {
				"down": { "uv": [ 7.625, 13.625, 8.75, 14 ], "texture": "#zara" },
				"up": { "uv": [ 6.375, 8.875, 7.5, 8.5 ], "texture": "#zara" },
				"north": { "uv": [ 7.5, 8.125, 6.375, 8.5 ], "texture": "#zara" },
				"south": { "uv": [ 6.5, 9.25, 7.625, 9.625 ], "texture": "#zara" },
				"west": { "uv": [ 8.375, 8.375, 8.75, 8.75 ], "texture": "#zara" },
				"east": { "uv": [ 8.75, 8, 8.375, 8.375 ], "texture": "#zara" }
			}
		},
		{
			"__comment": "Voxels",
			"from": [ 7.7037, 6.5185, -4.7407 ],
			"to": [ 11.25926, 8.296278, -2.962922 ],
			"faces": {
				"down": { "uv": [ 8.75, 15, 9.5, 15.375 ], "texture": "#zara" },
				"up": { "uv": [ 7.625, 8.375, 8.375, 8 ], "texture": "#zara" },
				"north": { "uv": [ 8.375, 8.375, 7.625, 8.75 ], "texture": "#zara" },
				"south": { "uv": [ 7.625, 10.25, 8.375, 10.625 ], "texture": "#zara" },
				"west": { "uv": [ 8.375, 10.25, 8.75, 10.625 ], "texture": "#zara" },
				"east": { "uv": [ 8.75, 9.5, 8.375, 9.875 ], "texture": "#zara" }
			}
		},
		{
			"__comment": "Voxels",
			"from": [ 7.7037, 6.5185, 19.5556 ],
			"to": [ 11.85185, 8.296278, 20.74078 ],
			"faces": {
				"down": { "uv": [ 13.625, 15.75, 14.5, 16 ], "texture": "#zara" },
				"up": { "uv": [ 14.5, 15.375, 15.375, 15.125 ], "texture": "#zara" },
				"north": { "uv": [ 8.5, 11.375, 7.625, 11.75 ], "texture": "#zara" },
				"south": { "uv": [ 7.625, 12.5, 8.5, 12.875 ], "texture": "#zara" },
				"west": { "uv": [ 8.5, 11.75, 8.75, 12.125 ], "texture": "#zara" },
				"east": { "uv": [ 8.75, 11.375, 8.5, 11.75 ], "texture": "#zara" }
			}
		},
		{
			"__comment": "Voxels",
			"from": [ 7.7037, 6.5185, 20.7407 ],
			"to": [ 11.25926, 8.296278, 21.92588 ],
			"faces": {
				"down": { "uv": [ 9.625, 14.75, 10.375, 15 ], "texture": "#zara" },
				"up": { "uv": [ 10.375, 15, 11.125, 14.75 ], "texture": "#zara" },
				"north": { "uv": [ 8.375, 8.75, 7.625, 9.125 ], "texture": "#zara" },
				"south": { "uv": [ 7.625, 9.125, 8.375, 9.5 ], "texture": "#zara" },
				"west": { "uv": [ 8.5, 11, 8.75, 11.375 ], "texture": "#zara" },
				"east": { "uv": [ 8.75, 10.625, 8.5, 11 ], "texture": "#zara" }
			}
		},
		{
			"__comment": "Voxels",
			"from": [ 8.2963, 6.5185, -5.3333 ],
			"to": [ 11.25926, 8.296278, -4.740707 ],
			"faces": {
				"down": { "uv": [ 15.375, 15.75, 16, 15.875 ], "texture": "#zara" },
				"up": { "uv": [ 15.375, 15.75, 16, 15.625 ], "texture": "#zara" },
				"north": { "uv": [ 10.75, 15, 10.125, 15.375 ], "texture": "#zara" },
				"south": { "uv": [ 12.625, 15, 13.25, 15.375 ], "texture": "#zara" },
				"west": { "uv": [ 9.125, 12, 9.25, 12.375 ], "texture": "#zara" },
				"east": { "uv": [ 9.25, 10.875, 9.125, 11.25 ], "texture": "#zara" }
			}
		},
		{
			"__comment": "Voxels",
			"from": [ 8.2963, 6.5185, 21.9259 ],
			"to": [ 11.25926, 8.296278, 22.51849 ],
			"faces": {
				"down": { "uv": [ 9.75, 14.625, 10.375, 14.75 ], "texture": "#zara" },
				"up": { "uv": [ 15.125, 14.875, 15.75, 14.75 ], "texture": "#zara" },
				"north": { "uv": [ 12, 15, 11.375, 15.375 ], "texture": "#zara" },
				"south": { "uv": [ 10.75, 15, 11.375, 15.375 ], "texture": "#zara" },
				"west": { "uv": [ 3.625, 9.625, 3.75, 10 ], "texture": "#zara" },
				"east": { "uv": [ 3.75, 9.25, 3.625, 9.625 ], "texture": "#zara" }
			}
		},
		{
			"__comment": "Voxels",
			"from": [ 8.8889, 6.5185, -5.9259 ],
			"to": [ 10.07409, 8.296278, -5.333307 ],
			"faces": {
				"down": { "uv": [ 3.5, 8, 3.75, 8.125 ], "texture": "#zara" },
				"up": { "uv": [ 7.375, 11.625, 7.625, 11.5 ], "texture": "#zara" },
				"north": { "uv": [ 9, 14, 8.75, 14.375 ], "texture": "#zara" },
				"south": { "uv": [ 8.75, 13.625, 9, 14 ], "texture": "#zara" },
				"west": { "uv": [ 7.5, 8.5, 7.625, 8.875 ], "texture": "#zara" },
				"east": { "uv": [ 7.625, 8.125, 7.5, 8.5 ], "texture": "#zara" }
			}
		},
		{
			"__comment": "Voxels",
			"from": [ 8.8889, 6.5185, 22.5185 ],
			"to": [ 10.66668, 8.296278, 23.11109 ],
			"faces": {
				"down": { "uv": [ 3.375, 12.75, 3.75, 12.875 ], "texture": "#zara" },
				"up": { "uv": [ 3.375, 12.375, 3.75, 12.25 ], "texture": "#zara" },
				"north": { "uv": [ 7.625, 14.875, 7.25, 15.25 ], "texture": "#zara" },
				"south": { "uv": [ 7.25, 14.5, 7.625, 14.875 ], "texture": "#zara" },
				"west": { "uv": [ 8.625, 12.875, 8.75, 13.25 ], "texture": "#zara" },
				"east": { "uv": [ 9.125, 14, 9, 14.375 ], "texture": "#zara" }
			}
		},
		{
			"__comment": "Voxels",
			"from": [ 9.4815, 6.5185, 23.1111 ],
			"to": [ 10.07409, 8.296278, 23.70369 ],
			"faces": {
				"down": { "uv": [ 7.5, 11.25, 7.625, 11.375 ], "texture": "#zara" },
				"up": { "uv": [ 7.375, 11.5, 7.5, 11.375 ], "texture": "#zara" },
				"north": { "uv": [ 9.125, 13.625, 9, 14 ], "texture": "#zara" },
				"south": { "uv": [ 9, 13.25, 9.125, 13.625 ], "texture": "#zara" },
				"west": { "uv": [ 9, 12.875, 9.125, 13.25 ], "texture": "#zara" },
				"east": { "uv": [ 3.75, 8.875, 3.625, 9.25 ], "texture": "#zara" }
			}
		},
		{
			"__comment": "Voxels",
			"from": [ 11.2593, 6.5185, -3.5556 ],
			"to": [ 11.85189, 8.296278, -2.963007 ],
			"faces": {
				"down": { "uv": [ 7.375, 11.125, 7.5, 11.25 ], "texture": "#zara" },
				"up": { "uv": [ 7.375, 11.375, 7.5, 11.25 ], "texture": "#zara" },
				"north": { "uv": [ 9.125, 12.125, 9, 12.5 ], "texture": "#zara" },
				"south": { "uv": [ 9, 11.75, 9.125, 12.125 ], "texture": "#zara" },
				"west": { "uv": [ 9, 11.375, 9.125, 11.75 ], "texture": "#zara" },
				"east": { "uv": [ 9.125, 11, 9, 11.375 ], "texture": "#zara" }
			}
		},
		{
			"__comment": "Voxels",
			"from": [ 13.037, 6.5185, 19.5556 ],
			"to": [ 18.37033, 8.296278, 20.14819 ],
			"faces": {
				"down": { "uv": [ 5.125, 8, 6.25, 8.125 ], "texture": "#zara" },
				"up": { "uv": [ 6.375, 8.125, 7.5, 8 ], "texture": "#zara" },
				"north": { "uv": [ 8.75, 14.75, 7.625, 15.125 ], "texture": "#zara" },
				"south": { "uv": [ 7.625, 14, 8.75, 14.375 ], "texture": "#zara" },
				"west": { "uv": [ 9, 10.25, 9.125, 10.625 ], "texture": "#zara" },
				"east": { "uv": [ 8.875, 9.875, 8.75, 10.25 ], "texture": "#zara" }
			}
		},
		{
			"__comment": "Voxels",
			"from": [ 13.037, 6.5185, 20.1481 ],
			"to": [ 17.77774, 8.296278, 20.74069 ],
			"faces": {
				"down": { "uv": [ 12.25, 14.875, 13.25, 15 ], "texture": "#zara" },
				"up": { "uv": [ 13.25, 14.875, 14.25, 14.75 ], "texture": "#zara" },
				"north": { "uv": [ 7.625, 10, 6.625, 10.375 ], "texture": "#zara" },
				"south": { "uv": [ 6.625, 9.625, 7.625, 10 ], "texture": "#zara" },
				"west": { "uv": [ 8.875, 9.5, 9, 9.875 ], "texture": "#zara" },
				"east": { "uv": [ 9.125, 9.5, 9, 9.875 ], "texture": "#zara" }
			}
		},
		{
			"__comment": "Voxels",
			"from": [ 13.6296, 6.5185, 20.7407 ],
			"to": [ 17.18516, 8.296278, 21.33329 ],
			"faces": {
				"down": { "uv": [ 14.25, 14.75, 15, 14.875 ], "texture": "#zara" },
				"up": { "uv": [ 15.125, 15, 15.875, 14.875 ], "texture": "#zara" },
				"north": { "uv": [ 8.375, 9.5, 7.625, 9.875 ], "texture": "#zara" },
				"south": { "uv": [ 7.625, 9.875, 8.375, 10.25 ], "texture": "#zara" },
				"west": { "uv": [ 8.75, 8.5, 8.875, 8.875 ], "texture": "#zara" },
				"east": { "uv": [ 9, 8.5, 8.875, 8.875 ], "texture": "#zara" }
			}
		},
		{
			"__comment": "Voxels",
			"from": [ 14.2222, 6.5185, 1.7778 ],
			"to": [ 19.55553, 8.296278, 2.370393 ],
			"faces": {
				"down": { "uv": [ 11.125, 14.875, 12.25, 15 ], "texture": "#zara" },
				"up": { "uv": [ 11.125, 14.875, 12.25, 14.75 ], "texture": "#zara" },
				"north": { "uv": [ 8.75, 15.125, 7.625, 15.5 ], "texture": "#zara" },
				"south": { "uv": [ 7.625, 14.375, 8.75, 14.75 ], "texture": "#zara" },
				"west": { "uv": [ 9, 8.125, 9.125, 8.5 ], "texture": "#zara" },
				"east": { "uv": [ 9.25, 14.25, 9.125, 14.625 ], "texture": "#zara" }
			}
		},
		{
			"__comment": "Voxels",
			"from": [ 14.2222, 6.5185, 21.3333 ],
			"to": [ 16.59257, 8.296278, 21.92589 ],
			"faces": {
				"down": { "uv": [ 10.375, 14.625, 10.875, 14.75 ], "texture": "#zara" },
				"up": { "uv": [ 10.875, 14.75, 11.375, 14.625 ], "texture": "#zara" },
				"north": { "uv": [ 7.625, 13, 7.125, 13.375 ], "texture": "#zara" },
				"south": { "uv": [ 7.125, 12.625, 7.625, 13 ], "texture": "#zara" },
				"west": { "uv": [ 9.125, 13.5, 9.25, 13.875 ], "texture": "#zara" },
				"east": { "uv": [ 9.25, 13.125, 9.125, 13.5 ], "texture": "#zara" }
			}
		},
		{
			"__comment": "Voxels",
			"from": [ 14.8148, 6.5185, 1.1852 ],
			"to": [ 18.96295, 8.296278, 1.777793 ],
			"faces": {
				"down": { "uv": [ 14.5, 15, 15.375, 15.125 ], "texture": "#zara" },
				"up": { "uv": [ 14.25, 15, 15.125, 14.875 ], "texture": "#zara" },
				"north": { "uv": [ 8.5, 11, 7.625, 11.375 ], "texture": "#zara" },
				"south": { "uv": [ 7.625, 10.625, 8.5, 11 ], "texture": "#zara" },
				"west": { "uv": [ 9.125, 11.625, 9.25, 12 ], "texture": "#zara" },
				"east": { "uv": [ 9.25, 11.25, 9.125, 11.625 ], "texture": "#zara" }
			}
		},
		{
			"__comment": "Voxels",
			"from": [ 16.5926, 6.5185, 0.5926 ],
			"to": [ 18.37038, 8.296278, 1.185193 ],
			"faces": {
				"down": { "uv": [ 11.375, 14.625, 11.75, 14.75 ], "texture": "#zara" },
				"up": { "uv": [ 11.75, 14.75, 12.125, 14.625 ], "texture": "#zara" },
				"north": { "uv": [ 9.125, 14.375, 8.75, 14.75 ], "texture": "#zara" },
				"south": { "uv": [ 8.375, 9.875, 8.75, 10.25 ], "texture": "#zara" },
				"west": { "uv": [ 9.125, 10.5, 9.25, 10.875 ], "texture": "#zara" },
				"east": { "uv": [ 9.25, 10.125, 9.125, 10.5 ], "texture": "#zara" }
			}
		},
		{
			"__comment": "Voxels",
			"from": [ 17.7778, 6.5185, 7.1111 ],
			"to": [ 18.37039, 8.296278, 8.296285 ],
			"faces": {
				"down": { "uv": [ 7.375, 11.625, 7.5, 11.875 ], "texture": "#zara" },
				"up": { "uv": [ 7.5, 11.875, 7.625, 11.625 ], "texture": "#zara" },
				"north": { "uv": [ 9.25, 9.75, 9.125, 10.125 ], "texture": "#zara" },
				"south": { "uv": [ 9.125, 9.375, 9.25, 9.75 ], "texture": "#zara" },
				"west": { "uv": [ 8.75, 10.625, 9, 11 ], "texture": "#zara" },
				"east": { "uv": [ 8.75, 12.125, 8.5, 12.5 ], "texture": "#zara" }
			}
		}
	],
	"display": {
		"thirdperson_righthand": {
			"rotation":  [ 141, -13, 0 ],
			"translation":  [ 0.6956, 4.1738, 5.5652 ],
			"scale":  [ 0.4, 0.4, 0.4 ]
		},
		"thirdperson_lefthand": {
			"rotation":  [ 141, -13, 0 ],
			"translation":  [ 0.6956, 4.1738, 5.5652 ],
			"scale":  [ 0.4, 0.4, 0.4 ]
		},
		"firstperson_righthand": {
			"rotation":  [ 80, 44, 0 ],
			"translation":  [ 4.8695, -0.694, -5.565 ],
			"scale":  [ 0.5, 0.5, 0.5 ]
		},
		"firstperson_lefthand": {
			"rotation":  [ 80, 44, 0 ],
			"translation":  [ 4.8695, -0.694, -5.565 ],
			"scale":  [ 0.5, 0.5, 0.5 ]
		},
		"gui": {
			"rotation":  [ 90, 41, 0 ],
			"translation":  [ -1.391, 0, 2.0869 ],
			"scale":  [ 0.5, 0.5, 0.5 ]
		},
		"head": {
			"rotation":  [ 97, 92, 0 ],
			"translation":  [ -1.391, 11.129, 4.1739 ],
			"scale":  [ 0.5, 0.5, 0.5 ]
		},
		"ground": {
			"rotation":  [ 6, 0, 0 ],
			"translation":  [ 0, 4.8695, 0 ],
			"scale":  [ 0.7, 0.74, 0.7 ]
		},
		"fixed": {
			"rotation":  [ 94, -41, 0 ],
			"translation":  [ 0, 2.0869, 0 ],
			"scale":  [ 0.6, 0.6, 0.6 ]
		}
	}
}