{
	"__comment": "Designed by Su su with Cubik Studio - https://cubik.studio",
	"textures": {
		"particle": "item/etc/amethyst_pickaxe",
		"texture": "item/etc/amethyst_pickaxe",
		"voxels_atlas": "item/etc/amethyst_pickaxe"
	},
	"gui_light": "front",
	"elements": [ 	 
		{
			"__comment": "Voxels",
			"from": [ 1, 1, -2 ],
			"to": [ 3, 3, -1 ],
			"faces": {
				"down": { "uv": [ 15, 15.5, 16, 16 ], "texture": "#voxels_atlas" },
				"up": { "uv": [ 15, 15.5, 16, 15 ], "texture": "#voxels_atlas" },
				"north": { "uv": [ 1, 11, 0, 12 ], "texture": "#voxels_atlas" },
				"south": { "uv": [ 0, 10, 1, 11 ], "texture": "#voxels_atlas" },
				"west": { "uv": [ 1, 11, 1.5, 12 ], "texture": "#voxels_atlas" },
				"east": { "uv": [ 1.5, 10, 1, 11 ], "texture": "#voxels_atlas" }
			}
		},
		{
			"__comment": "Voxels",
			"from": [ 2, 3, -2 ],
			"to": [ 5, 4, -1 ],
			"faces": {
				"down": { "uv": [ 6, 12.5, 7.5, 13 ], "texture": "#voxels_atlas" },
				"up": { "uv": [ 4.5, 11, 6, 10.5 ], "texture": "#voxels_atlas" },
				"north": { "uv": [ 7.5, 12, 6, 12.5 ], "texture": "#voxels_atlas" },
				"south": { "uv": [ 6, 11.5, 7.5, 12 ], "texture": "#voxels_atlas" },
				"west": { "uv": [ 7.5, 11.5, 8, 12 ], "texture": "#voxels_atlas" },
				"east": { "uv": [ 8, 12, 7.5, 12.5 ], "texture": "#voxels_atlas" }
			}
		},
		{
			"__comment": "Voxels",
			"from": [ 3, 2, -2 ],
			"to": [ 4, 3, -1 ],
			"faces": {
				"down": { "uv": [ 1, 9, 1.5, 9.5 ], "texture": "#voxels_atlas" },
				"up": { "uv": [ 7.5, 13, 8, 12.5 ], "texture": "#voxels_atlas" },
				"north": { "uv": [ 8, 14, 7.5, 14.5 ], "texture": "#voxels_atlas" },
				"south": { "uv": [ 7.5, 14.5, 8, 15 ], "texture": "#voxels_atlas" },
				"west": { "uv": [ 5.5, 12, 6, 12.5 ], "texture": "#voxels_atlas" },
				"east": { "uv": [ 6, 12.5, 5.5, 13 ], "texture": "#voxels_atlas" }
			}
		},
		{
			"__comment": "Voxels",
			"from": [ 3, 4, -2 ],
			"to": [ 6, 5, -1 ],
			"faces": {
				"down": { "uv": [ 7.5, 15.5, 9, 16 ], "texture": "#voxels_atlas" },
				"up": { "uv": [ 9, 16, 10.5, 15.5 ], "texture": "#voxels_atlas" },
				"north": { "uv": [ 13.5, 15.5, 12, 16 ], "texture": "#voxels_atlas" },
				"south": { "uv": [ 10.5, 15.5, 12, 16 ], "texture": "#voxels_atlas" },
				"west": { "uv": [ 1, 8, 1.5, 8.5 ], "texture": "#voxels_atlas" },
				"east": { "uv": [ 1.5, 8.5, 1, 9 ], "texture": "#voxels_atlas" }
			}
		},
		{
			"__comment": "Voxels",
			"from": [ 4, 5, -2 ],
			"to": [ 7, 6, -1 ],
			"faces": {
				"down": { "uv": [ 4.5, 10, 6, 10.5 ], "texture": "#voxels_atlas" },
				"up": { "uv": [ 13.5, 15.5, 15, 15 ], "texture": "#voxels_atlas" },
				"north": { "uv": [ 6, 11.5, 4.5, 12 ], "texture": "#voxels_atlas" },
				"south": { "uv": [ 4.5, 11, 6, 11.5 ], "texture": "#voxels_atlas" },
				"west": { "uv": [ 1, 9.5, 1.5, 10 ], "texture": "#voxels_atlas" },
				"east": { "uv": [ 8.5, 12, 8, 12.5 ], "texture": "#voxels_atlas" }
			}
		},
		{
			"__comment": "Voxels",
			"from": [ 5, 6, -2 ],
			"to": [ 8, 7, -1 ],
			"faces": {
				"down": { "uv": [ 6, 15.5, 7.5, 16 ], "texture": "#voxels_atlas" },
				"up": { "uv": [ 6, 15.5, 7.5, 15 ], "texture": "#voxels_atlas" },
				"north": { "uv": [ 7.5, 14.5, 6, 15 ], "texture": "#voxels_atlas" },
				"south": { "uv": [ 6, 14, 7.5, 14.5 ], "texture": "#voxels_atlas" },
				"west": { "uv": [ 8, 12.5, 8.5, 13 ], "texture": "#voxels_atlas" },
				"east": { "uv": [ 8.5, 13, 8, 13.5 ], "texture": "#voxels_atlas" }
			}
		},
		{
			"__comment": "Voxels",
			"from": [ 5, 13, -2 ],
			"to": [ 14, 14, -1 ],
			"faces": {
				"down": { "uv": [ 1.5, 15.5, 6, 16 ], "texture": "#voxels_atlas" },
				"up": { "uv": [ 1.5, 15.5, 6, 15 ], "texture": "#voxels_atlas" },
				"north": { "uv": [ 6, 14.5, 1.5, 15 ], "texture": "#voxels_atlas" },
				"south": { "uv": [ 1.5, 14, 6, 14.5 ], "texture": "#voxels_atlas" },
				"west": { "uv": [ 8, 13.5, 8.5, 14 ], "texture": "#voxels_atlas" },
				"east": { "uv": [ 8, 9, 7.5, 9.5 ], "texture": "#voxels_atlas" }
			}
		},
		{
			"__comment": "Voxels",
			"from": [ 6, 7, -2 ],
			"to": [ 9, 8, -1 ],
			"faces": {
				"down": { "uv": [ 6, 9.5, 7.5, 10 ], "texture": "#voxels_atlas" },
				"up": { "uv": [ 6, 9.5, 7.5, 9 ], "texture": "#voxels_atlas" },
				"north": { "uv": [ 7.5, 8.5, 6, 9 ], "texture": "#voxels_atlas" },
				"south": { "uv": [ 6, 13.5, 7.5, 14 ], "texture": "#voxels_atlas" },
				"west": { "uv": [ 7.5, 9.5, 8, 10 ], "texture": "#voxels_atlas" },
				"east": { "uv": [ 8, 11, 7.5, 11.5 ], "texture": "#voxels_atlas" }
			}
		},
		{
			"__comment": "Voxels",
			"from": [ 6, 12, -2 ],
			"to": [ 14, 13, -1 ],
			"faces": {
				"down": { "uv": [ 1.5, 12.5, 5.5, 13 ], "texture": "#voxels_atlas" },
				"up": { "uv": [ 1.5, 13.5, 5.5, 13 ], "texture": "#voxels_atlas" },
				"north": { "uv": [ 5.5, 13.5, 1.5, 14 ], "texture": "#voxels_atlas" },
				"south": { "uv": [ 1.5, 12, 5.5, 12.5 ], "texture": "#voxels_atlas" },
				"west": { "uv": [ 7.5, 8.5, 8, 9 ], "texture": "#voxels_atlas" },
				"east": { "uv": [ 8, 8, 7.5, 8.5 ], "texture": "#voxels_atlas" }
			}
		},
		{
			"__comment": "Voxels",
			"from": [ 6, 14, -2 ],
			"to": [ 11, 15, -1 ],
			"faces": {
				"down": { "uv": [ 1.5, 8, 4, 8.5 ], "texture": "#voxels_atlas" },
				"up": { "uv": [ 1.5, 10, 4, 9.5 ], "texture": "#voxels_atlas" },
				"north": { "uv": [ 4, 8.5, 1.5, 9 ], "texture": "#voxels_atlas" },
				"south": { "uv": [ 1.5, 9, 4, 9.5 ], "texture": "#voxels_atlas" },
				"west": { "uv": [ 8, 11.5, 8.5, 12 ], "texture": "#voxels_atlas" },
				"east": { "uv": [ 8.5, 11, 8, 11.5 ], "texture": "#voxels_atlas" }
			}
		},
		{
			"__comment": "Voxels",
			"from": [ 7, 8, -2 ],
			"to": [ 10, 9, -1 ],
			"faces": {
				"down": { "uv": [ 6, 13, 7.5, 13.5 ], "texture": "#voxels_atlas" },
				"up": { "uv": [ 12, 15.5, 13.5, 15 ], "texture": "#voxels_atlas" },
				"north": { "uv": [ 12, 15, 10.5, 15.5 ], "texture": "#voxels_atlas" },
				"south": { "uv": [ 9, 15, 10.5, 15.5 ], "texture": "#voxels_atlas" },
				"west": { "uv": [ 5.5, 13.5, 6, 14 ], "texture": "#voxels_atlas" },
				"east": { "uv": [ 6, 13, 5.5, 13.5 ], "texture": "#voxels_atlas" }
			}
		},
		{
			"__comment": "Voxels",
			"from": [ 8, 9, -2 ],
			"to": [ 11, 10, -1 ],
			"faces": {
				"down": { "uv": [ 6, 8, 7.5, 8.5 ], "texture": "#voxels_atlas" },
				"up": { "uv": [ 6, 10.5, 7.5, 10 ], "texture": "#voxels_atlas" },
				"north": { "uv": [ 7.5, 10.5, 6, 11 ], "texture": "#voxels_atlas" },
				"south": { "uv": [ 6, 11, 7.5, 11.5 ], "texture": "#voxels_atlas" },
				"west": { "uv": [ 7.5, 13.5, 8, 14 ], "texture": "#voxels_atlas" },
				"east": { "uv": [ 8, 13, 7.5, 13.5 ], "texture": "#voxels_atlas" }
			}
		},
		{
			"__comment": "Voxels",
			"from": [ 9, 10, -2 ],
			"to": [ 15, 11, -1 ],
			"faces": {
				"down": { "uv": [ 1.5, 10.5, 4.5, 11 ], "texture": "#voxels_atlas" },
				"up": { "uv": [ 1.5, 11.5, 4.5, 11 ], "texture": "#voxels_atlas" },
				"north": { "uv": [ 4.5, 11.5, 1.5, 12 ], "texture": "#voxels_atlas" },
				"south": { "uv": [ 1.5, 10, 4.5, 10.5 ], "texture": "#voxels_atlas" },
				"west": { "uv": [ 7.5, 10.5, 8, 11 ], "texture": "#voxels_atlas" },
				"east": { "uv": [ 8, 10, 7.5, 10.5 ], "texture": "#voxels_atlas" }
			}
		},
		{
			"__comment": "Voxels",
			"from": [ 10, 11, -2 ],
			"to": [ 14, 12, -1 ],
			"faces": {
				"down": { "uv": [ 4, 9, 6, 9.5 ], "texture": "#voxels_atlas" },
				"up": { "uv": [ 4, 9, 6, 8.5 ], "texture": "#voxels_atlas" },
				"north": { "uv": [ 6, 9.5, 4, 10 ], "texture": "#voxels_atlas" },
				"south": { "uv": [ 4, 8, 6, 8.5 ], "texture": "#voxels_atlas" },
				"west": { "uv": [ 8, 14.5, 8.5, 15 ], "texture": "#voxels_atlas" },
				"east": { "uv": [ 8.5, 14, 8, 14.5 ], "texture": "#voxels_atlas" }
			}
		},
		{
			"__comment": "Voxels",
			"from": [ 12, 6, -2 ],
			"to": [ 15, 10, -1 ],
			"faces": {
				"down": { "uv": [ 13.5, 15.5, 15, 16 ], "texture": "#voxels_atlas" },
				"up": { "uv": [ 7.5, 15.5, 9, 15 ], "texture": "#voxels_atlas" },
				"north": { "uv": [ 1.5, 14, 0, 16 ], "texture": "#voxels_atlas" },
				"south": { "uv": [ 0, 12, 1.5, 14 ], "texture": "#voxels_atlas" },
				"west": { "uv": [ 0, 8, 0.5, 10 ], "texture": "#voxels_atlas" },
				"east": { "uv": [ 1, 8, 0.5, 10 ], "texture": "#voxels_atlas" }
			}
		},
		{
			"__comment": "Voxels",
			"from": [ 13, 5, -2 ],
			"to": [ 14, 6, -1 ],
			"faces": {
				"down": { "uv": [ 8, 10.5, 8.5, 11 ], "texture": "#voxels_atlas" },
				"up": { "uv": [ 8, 10.5, 8.5, 10 ], "texture": "#voxels_atlas" },
				"north": { "uv": [ 8.5, 9.5, 8, 10 ], "texture": "#voxels_atlas" },
				"south": { "uv": [ 8, 9, 8.5, 9.5 ], "texture": "#voxels_atlas" },
				"west": { "uv": [ 8, 8.5, 8.5, 9 ], "texture": "#voxels_atlas" },
				"east": { "uv": [ 8.5, 8, 8, 8.5 ], "texture": "#voxels_atlas" }
			}
		}
	],
	"display": {
		"thirdperson_righthand": {
			"rotation":  [ 44, 90, -2 ],
			"translation":  [ 9.4391, 3.3869, 1.1961 ]
		},
		"thirdperson_lefthand": {
			"rotation":  [ 44, 90, -93 ],
			"translation":  [ 9.4391, 3.3869, 1.1961 ]
		},
		"firstperson_righthand": {
			"rotation":  [ 1, -86, 28 ],
			"translation":  [ -5.563, 0.6962, -2.077 ]
		},
		"firstperson_lefthand": {
			"rotation":  [ 1, -86, -69 ],
			"translation":  [ -5.563, 0.6962, -2.077 ]
		},
		"head": {
			"rotation":  [ 0, 0, 180 ],
			"translation":  [ 0, -18.08, 25.043 ],
			"scale":  [ 2, 2, 2 ]
		},
		"ground": {
			"translation":  [ 0, 2.7826, 6.5 ],
			"scale":  [ 0.7, 0.7, 0.7 ]
		},
		"fixed": {
			"rotation":  [ 0, 0, 90 ],
			"translation":  [ 0, 0, 9.0434 ]
		}
	}
}