{
	"credit": "Made with Blockbench",
	"textures": {
		"0": "item/etc/bronze_trophy",
		"2": "item/etc/bronze_trophy_1",
		"particle": "item/etc/bronze_trophy"
	},
	"gui_light": "front",
	"elements": [
		{
			"name": "voxel",
			"from": [11.66023, 10.66667, 7.21655],
			"to": [12.7269, 11.73333, 8.28322],
			"rotation": {"angle": 0, "axis": "y", "origin": [7.871, 9.17603, 7.75502]},
			"faces": {
				"north": {"uv": [0.25, 0.25, 0.75, 0.75], "texture": "#0"},
				"east": {"uv": [0.25, 0.25, 0.75, 0.75], "texture": "#0"},
				"south": {"uv": [0.25, 0.25, 0.75, 0.75], "texture": "#0"},
				"west": {"uv": [0.25, 0.25, 0.75, 0.75], "texture": "#0"},
				"up": {"uv": [0.25, 0.25, 0.75, 0.75], "rotation": 90, "texture": "#0"},
				"down": {"uv": [0.25, 0.25, 0.75, 0.75], "rotation": 270, "texture": "#0"}
			}
		},
		{
			"name": "voxel",
			"from": [11.66023, 8.53333, 9.34989],
			"to": [12.7269, 9.6, 10.41655],
			"rotation": {"angle": 0, "axis": "y", "origin": [7.871, 9.17603, 7.75502]},
			"faces": {
				"north": {"uv": [0.25, 0.25, 0.75, 0.75], "texture": "#0"},
				"east": {"uv": [0.25, 0.25, 0.75, 0.75], "texture": "#0"},
				"south": {"uv": [4, 9, 5, 10], "texture": "#0"},
				"west": {"uv": [0.25, 0.25, 0.75, 0.75], "texture": "#0"},
				"up": {"uv": [0.25, 0.25, 0.75, 0.75], "rotation": 90, "texture": "#0"},
				"down": {"uv": [0.25, 0.25, 0.75, 0.75], "rotation": 270, "texture": "#0"}
			}
		},
		{
			"name": "voxel",
			"from": [11.66023, 10.66667, 4.01655],
			"to": [12.7269, 12.8, 5.08322],
			"rotation": {"angle": 0, "axis": "y", "origin": [7.871, 9.17603, 7.75502]},
			"faces": {
				"north": {"uv": [13, 3, 14, 5], "texture": "#0"},
				"east": {"uv": [10, 8, 11, 10], "texture": "#0"},
				"south": {"uv": [0.25, 0.25, 0.75, 0.75], "texture": "#0"},
				"west": {"uv": [0.25, 0.25, 0.75, 0.75], "texture": "#0"},
				"up": {"uv": [0.25, 0.25, 0.75, 0.75], "rotation": 90, "texture": "#0"},
				"down": {"uv": [0.25, 0.25, 0.75, 0.75], "rotation": 270, "texture": "#0"}
			}
		},
		{
			"name": "voxel",
			"from": [11.66023, 7.46667, 5.08322],
			"to": [12.7269, 9.6, 6.14989],
			"rotation": {"angle": 0, "axis": "y", "origin": [7.871, 9.17603, 7.75502]},
			"faces": {
				"north": {"uv": [10, 8, 11, 11], "texture": "#0"},
				"east": {"uv": [5, 7, 6, 9], "texture": "#0"},
				"south": {"uv": [0.25, 0.25, 0.75, 0.75], "texture": "#0"},
				"west": {"uv": [0.25, 0.25, 0.75, 0.75], "texture": "#0"},
				"up": {"uv": [0.25, 0.25, 0.75, 0.75], "rotation": 90, "texture": "#0"},
				"down": {"uv": [0.25, 0.25, 0.75, 0.75], "rotation": 270, "texture": "#0"}
			}
		},
		{
			"name": "voxel",
			"from": [11.66023, 6.4, 8.28322],
			"to": [12.7269, 9.6, 9.34989],
			"rotation": {"angle": 0, "axis": "y", "origin": [7.871, 9.17603, 7.75502]},
			"faces": {
				"north": {"uv": [0.25, 0.25, 0.75, 0.75], "texture": "#0"},
				"east": {"uv": [6, 6, 7, 9], "texture": "#0"},
				"south": {"uv": [11, 4, 12, 7], "texture": "#0"},
				"west": {"uv": [0.25, 0.25, 0.75, 0.75], "texture": "#0"},
				"up": {"uv": [0.25, 0.25, 0.75, 0.75], "rotation": 90, "texture": "#0"},
				"down": {"uv": [0.25, 0.25, 0.75, 0.75], "rotation": 270, "texture": "#0"}
			}
		},
		{
			"name": "voxel",
			"from": [11.66023, 6.4, 6.14989],
			"to": [12.7269, 9.6, 7.21655],
			"rotation": {"angle": 0, "axis": "y", "origin": [7.871, 9.17603, 7.75502]},
			"faces": {
				"north": {"uv": [0.25, 0.25, 0.75, 0.75], "texture": "#0"},
				"east": {"uv": [10, 7, 11, 10], "texture": "#0"},
				"south": {"uv": [0.25, 0.25, 0.75, 0.75], "texture": "#0"},
				"west": {"uv": [0.25, 0.25, 0.75, 0.75], "texture": "#0"},
				"up": {"uv": [0.25, 0.25, 0.75, 0.75], "rotation": 90, "texture": "#0"},
				"down": {"uv": [0.25, 0.25, 0.75, 0.75], "rotation": 270, "texture": "#0"}
			}
		},
		{
			"name": "voxel",
			"from": [10.59356, 11.73333, 9.34989],
			"to": [11.66023, 14.93333, 10.41655],
			"rotation": {"angle": 0, "axis": "y", "origin": [7.871, 9.17603, 7.75502]},
			"faces": {
				"north": {"uv": [7, 5, 8, 8], "texture": "#0"},
				"east": {"uv": [0.25, 0.25, 0.75, 0.75], "texture": "#missing"},
				"south": {"uv": [0.25, 0.25, 0.75, 0.75], "texture": "#0"},
				"west": {"uv": [11, 5, 12, 9], "texture": "#0"},
				"up": {"uv": [0.25, 0.25, 0.75, 0.75], "rotation": 90, "texture": "#0"},
				"down": {"uv": [0.25, 0.25, 0.75, 0.75], "rotation": 270, "texture": "#0"}
			}
		},
		{
			"name": "voxel",
			"from": [10.59356, 11.73333, 5.08322],
			"to": [11.66023, 14.93333, 6.14989],
			"rotation": {"angle": 0, "axis": "y", "origin": [7.871, 9.17603, 7.75502]},
			"faces": {
				"north": {"uv": [0.25, 0.25, 0.75, 0.75], "texture": "#0"},
				"east": {"uv": [0.25, 0.25, 0.75, 0.75], "texture": "#0"},
				"south": {"uv": [0.25, 0.25, 0.75, 0.75], "texture": "#0"},
				"west": {"uv": [4, 5, 5, 9], "texture": "#0"},
				"up": {"uv": [0.25, 0.25, 0.75, 0.75], "rotation": 90, "texture": "#0"},
				"down": {"uv": [0.25, 0.25, 0.75, 0.75], "rotation": 270, "texture": "#0"}
			}
		},
		{
			"name": "voxel",
			"from": [10.59356, 10.66667, 9.34989],
			"to": [12.7269, 11.73333, 10.41655],
			"rotation": {"angle": 0, "axis": "y", "origin": [7.871, 9.17603, 7.75502]},
			"faces": {
				"north": {"uv": [0.25, 0.25, 0.75, 0.75], "texture": "#0"},
				"east": {"uv": [0.25, 0.25, 0.75, 0.75], "texture": "#2"},
				"south": {"uv": [0.25, 0.25, 0.75, 0.75], "texture": "#0"},
				"west": {"uv": [0.25, 0.25, 0.75, 0.75], "texture": "#0"},
				"up": {"uv": [0.25, 0.25, 0.75, 0.75], "rotation": 90, "texture": "#0"},
				"down": {"uv": [0.25, 0.25, 0.75, 0.75], "rotation": 270, "texture": "#0"}
			}
		},
		{
			"name": "voxel",
			"from": [10.59356, 10.66667, 5.08322],
			"to": [12.7269, 11.73333, 6.14989],
			"rotation": {"angle": 0, "axis": "y", "origin": [7.871, 9.17603, 7.75502]},
			"faces": {
				"north": {"uv": [0.25, 0.25, 0.75, 0.75], "texture": "#0"},
				"east": {"uv": [0.25, 0.25, 0.75, 0.75], "texture": "#0"},
				"south": {"uv": [0.25, 0.25, 0.75, 0.75], "texture": "#0"},
				"west": {"uv": [0.25, 0.25, 0.75, 0.75], "texture": "#0"},
				"up": {"uv": [0.25, 0.25, 0.75, 0.75], "rotation": 90, "texture": "#0"},
				"down": {"uv": [0.25, 0.25, 0.75, 0.75], "rotation": 270, "texture": "#0"}
			}
		},
		{
			"name": "voxel",
			"from": [10.59356, 9.6, 8.28322],
			"to": [12.7269, 10.66667, 10.41655],
			"rotation": {"angle": 0, "axis": "y", "origin": [7.871, 9.17603, 7.75502]},
			"faces": {
				"north": {"uv": [0.25, 0.25, 0.75, 0.75], "texture": "#0"},
				"east": {"uv": [6, 7, 8, 8], "texture": "#0"},
				"south": {"uv": [10, 2, 10.5, 2.5], "texture": "#0"},
				"west": {"uv": [0.25, 0.25, 0.75, 0.75], "texture": "#0"},
				"up": {"uv": [0.25, 0.25, 0.75, 0.75], "rotation": 90, "texture": "#0"},
				"down": {"uv": [0.25, 0.25, 0.75, 0.75], "rotation": 270, "texture": "#0"}
			}
		},
		{
			"name": "voxel",
			"from": [10.59356, 9.6, 5.08322],
			"to": [12.7269, 10.66667, 7.21655],
			"rotation": {"angle": 0, "axis": "y", "origin": [7.871, 9.17603, 7.75502]},
			"faces": {
				"north": {"uv": [5, 1, 5.5, 1.5], "texture": "#0"},
				"east": {"uv": [6, 10, 8, 11], "texture": "#0"},
				"south": {"uv": [0.25, 0.25, 0.75, 0.75], "texture": "#0"},
				"west": {"uv": [0.25, 0.25, 0.75, 0.75], "texture": "#0"},
				"up": {"uv": [0.25, 0.25, 0.75, 0.75], "rotation": 90, "texture": "#0"},
				"down": {"uv": [0.25, 0.25, 0.75, 0.75], "rotation": 270, "texture": "#0"}
			}
		},
		{
			"name": "voxel",
			"from": [10.59356, 7.46667, 10.41655],
			"to": [11.66023, 9.6, 11.48322],
			"rotation": {"angle": 0, "axis": "y", "origin": [7.871, 9.17603, 7.75502]},
			"faces": {
				"north": {"uv": [0.25, 0.25, 0.75, 0.75], "texture": "#missing"},
				"east": {"uv": [8, 8, 9, 10], "texture": "#0"},
				"south": {"uv": [0.25, 0.25, 0.75, 0.75], "texture": "#0"},
				"west": {"uv": [0.25, 0.25, 0.75, 0.75], "texture": "#0"},
				"up": {"uv": [0.25, 0.25, 0.75, 0.75], "rotation": 90, "texture": "#0"},
				"down": {"uv": [0.25, 0.25, 0.75, 0.75], "rotation": 270, "texture": "#0"}
			}
		},
		{
			"name": "voxel",
			"from": [10.59356, 7.46667, 6.14989],
			"to": [11.66023, 9.6, 9.34989],
			"rotation": {"angle": 0, "axis": "y", "origin": [7.871, 9.17603, 7.75502]},
			"faces": {
				"north": {"uv": [0.25, 0.25, 0.75, 0.75], "texture": "#0"},
				"east": {"uv": [0.25, 0.25, 0.75, 0.75], "texture": "#0"},
				"south": {"uv": [0.25, 0.25, 0.75, 0.75], "texture": "#0"},
				"west": {"uv": [0.25, 0.25, 0.75, 0.75], "texture": "#0"},
				"up": {"uv": [0.25, 0.25, 0.75, 0.75], "rotation": 90, "texture": "#0"},
				"down": {"uv": [0.25, 0.25, 0.75, 0.75], "rotation": 270, "texture": "#0"}
			}
		},
		{
			"name": "voxel",
			"from": [10.59356, 7.46667, 4.01655],
			"to": [11.66023, 9.6, 5.08322],
			"rotation": {"angle": 0, "axis": "y", "origin": [7.871, 9.17603, 7.75502]},
			"faces": {
				"north": {"uv": [0.25, 0.25, 0.75, 0.75], "texture": "#0"},
				"east": {"uv": [5, 8, 6, 10], "texture": "#0"},
				"south": {"uv": [0.25, 0.25, 0.75, 0.75], "texture": "#0"},
				"west": {"uv": [0.25, 0.25, 0.75, 0.75], "texture": "#0"},
				"up": {"uv": [0.25, 0.25, 0.75, 0.75], "rotation": 90, "texture": "#0"},
				"down": {"uv": [0.25, 0.25, 0.75, 0.75], "rotation": 270, "texture": "#0"}
			}
		},
		{
			"name": "voxel",
			"from": [10.59356, 6.4, 9.34989],
			"to": [11.66023, 7.46667, 10.41655],
			"rotation": {"angle": 0, "axis": "y", "origin": [7.871, 9.17603, 7.75502]},
			"faces": {
				"north": {"uv": [0.25, 0.25, 0.75, 0.75], "texture": "#0"},
				"east": {"uv": [0.25, 0.25, 0.75, 0.75], "texture": "#0"},
				"south": {"uv": [0.25, 0.25, 0.75, 0.75], "texture": "#0"},
				"west": {"uv": [0.25, 0.25, 0.75, 0.75], "texture": "#0"},
				"up": {"uv": [0.25, 0.25, 0.75, 0.75], "rotation": 90, "texture": "#0"},
				"down": {"uv": [11, 5, 12, 6], "rotation": 270, "texture": "#0"}
			}
		},
		{
			"name": "voxel",
			"from": [10.59356, 6.4, 5.08322],
			"to": [11.66023, 7.46667, 6.14989],
			"rotation": {"angle": 0, "axis": "y", "origin": [7.871, 9.17603, 7.75502]},
			"faces": {
				"north": {"uv": [0.25, 0.25, 0.75, 0.75], "texture": "#0"},
				"east": {"uv": [0.25, 0.25, 0.75, 0.75], "texture": "#0"},
				"south": {"uv": [0.25, 0.25, 0.75, 0.75], "texture": "#0"},
				"west": {"uv": [0.25, 0.25, 0.75, 0.75], "texture": "#0"},
				"up": {"uv": [0.25, 0.25, 0.75, 0.75], "rotation": 90, "texture": "#0"},
				"down": {"uv": [0.25, 0.25, 0.75, 0.75], "rotation": 270, "texture": "#0"}
			}
		},
		{
			"name": "voxel",
			"from": [9.5269, 10.66667, 10.41655],
			"to": [10.59356, 12.8, 11.48322],
			"rotation": {"angle": 0, "axis": "y", "origin": [7.871, 9.17603, 7.75502]},
			"faces": {
				"north": {"uv": [12, 1, 13, 3], "texture": "#0"},
				"east": {"uv": [0.25, 0.25, 0.75, 0.75], "texture": "#missing"},
				"south": {"uv": [0.25, 0.25, 0.75, 0.75], "texture": "#0"},
				"west": {"uv": [0.25, 0.25, 0.75, 0.75], "texture": "#0"},
				"up": {"uv": [0.25, 0.25, 0.75, 0.75], "rotation": 90, "texture": "#0"},
				"down": {"uv": [0.25, 0.25, 0.75, 0.75], "rotation": 270, "texture": "#0"}
			}
		},
		{
			"name": "voxel",
			"from": [9.5269, 10.66667, 4.01655],
			"to": [10.59356, 12.8, 5.08322],
			"rotation": {"angle": 0, "axis": "y", "origin": [7.871, 9.17603, 7.75502]},
			"faces": {
				"north": {"uv": [0.25, 0.25, 0.75, 0.75], "texture": "#0"},
				"east": {"uv": [0.25, 0.25, 0.75, 0.75], "texture": "#0"},
				"south": {"uv": [0.25, 0.25, 0.75, 0.75], "texture": "#0"},
				"west": {"uv": [4, 1, 5, 3], "texture": "#0"},
				"up": {"uv": [0.25, 0.25, 0.75, 0.75], "rotation": 90, "texture": "#0"},
				"down": {"uv": [0.25, 0.25, 0.75, 0.75], "rotation": 270, "texture": "#0"}
			}
		},
		{
			"name": "voxel",
			"from": [9.5269, 8.53333, 9.34989],
			"to": [10.59356, 9.6, 10.41655],
			"rotation": {"angle": 0, "axis": "y", "origin": [7.871, 9.17603, 7.75502]},
			"faces": {
				"north": {"uv": [0.25, 0.25, 0.75, 0.75], "texture": "#0"},
				"east": {"uv": [0.25, 0.25, 0.75, 0.75], "texture": "#missing"},
				"south": {"uv": [0.25, 0.25, 0.75, 0.75], "texture": "#0"},
				"west": {"uv": [0.25, 0.25, 0.75, 0.75], "texture": "#0"},
				"up": {"uv": [0.25, 0.25, 0.75, 0.75], "rotation": 90, "texture": "#0"},
				"down": {"uv": [0.25, 0.25, 0.75, 0.75], "rotation": 270, "texture": "#0"}
			}
		},
		{
			"name": "voxel",
			"from": [9.5269, 8.53333, 5.08322],
			"to": [10.59356, 9.6, 6.14989],
			"rotation": {"angle": 0, "axis": "y", "origin": [7.871, 9.17603, 7.75502]},
			"faces": {
				"north": {"uv": [0.25, 0.25, 0.75, 0.75], "texture": "#0"},
				"east": {"uv": [0.25, 0.25, 0.75, 0.75], "texture": "#0"},
				"south": {"uv": [0.25, 0.25, 0.75, 0.75], "texture": "#0"},
				"west": {"uv": [0.25, 0.25, 0.75, 0.75], "texture": "#0"},
				"up": {"uv": [0.25, 0.25, 0.75, 0.75], "rotation": 90, "texture": "#0"},
				"down": {"uv": [0.25, 0.25, 0.75, 0.75], "rotation": 270, "texture": "#0"}
			}
		},
		{
			"name": "voxel",
			"from": [11.66023, 11.73333, 6.14989],
			"to": [12.7269, 14.93333, 9.34989],
			"rotation": {"angle": 0, "axis": "y", "origin": [7.871, 9.17603, 7.75502]},
			"faces": {
				"north": {"uv": [0.25, 0.25, 0.75, 0.75], "texture": "#0"},
				"east": {"uv": [0.25, 0.25, 0.75, 0.75], "texture": "#0"},
				"south": {"uv": [0.25, 0.25, 0.75, 0.75], "texture": "#0"},
				"west": {"uv": [6, 5, 9, 8], "texture": "#0"},
				"up": {"uv": [0.25, 0.25, 0.75, 0.75], "rotation": 90, "texture": "#0"},
				"down": {"uv": [0.25, 0.25, 0.75, 0.75], "rotation": 270, "texture": "#0"}
			}
		},
		{
			"name": "voxel",
			"from": [9.5269, 7.46667, 9.34989],
			"to": [11.66023, 8.53333, 10.41655],
			"rotation": {"angle": 0, "axis": "y", "origin": [7.871, 9.17603, 7.75502]},
			"faces": {
				"north": {"uv": [0.25, 0.25, 0.75, 0.75], "texture": "#0"},
				"east": {"uv": [0.25, 0.25, 0.75, 0.75], "texture": "#0"},
				"south": {"uv": [0.25, 0.25, 0.75, 0.75], "texture": "#0"},
				"west": {"uv": [0.25, 0.25, 0.75, 0.75], "texture": "#0"},
				"up": {"uv": [0.25, 0.25, 0.75, 0.75], "rotation": 90, "texture": "#0"},
				"down": {"uv": [0.25, 0.25, 0.75, 0.75], "rotation": 270, "texture": "#0"}
			}
		},
		{
			"name": "voxel",
			"from": [9.5269, 7.46667, 4.01655],
			"to": [10.59356, 8.53333, 6.14989],
			"rotation": {"angle": 0, "axis": "y", "origin": [7.871, 9.17603, 7.75502]},
			"faces": {
				"north": {"uv": [0.25, 0.25, 0.75, 0.75], "texture": "#0"},
				"east": {"uv": [0.25, 0.25, 0.75, 0.75], "texture": "#0"},
				"south": {"uv": [0.25, 0.25, 0.75, 0.75], "texture": "#0"},
				"west": {"uv": [0.25, 0.25, 0.75, 0.75], "texture": "#0"},
				"up": {"uv": [0.25, 0.25, 0.75, 0.75], "rotation": 90, "texture": "#0"},
				"down": {"uv": [0.25, 0.25, 0.75, 0.75], "rotation": 270, "texture": "#0"}
			}
		},
		{
			"name": "voxel",
			"from": [9.5269, 6.4, 7.21655],
			"to": [10.59356, 7.46667, 8.28322],
			"rotation": {"angle": 0, "axis": "y", "origin": [7.871, 9.17603, 7.75502]},
			"faces": {
				"north": {"uv": [0.25, 0.25, 0.75, 0.75], "texture": "#0"},
				"east": {"uv": [0.25, 0.25, 0.75, 0.75], "texture": "#0"},
				"south": {"uv": [0.25, 0.25, 0.75, 0.75], "texture": "#0"},
				"west": {"uv": [0.25, 0.25, 0.75, 0.75], "texture": "#0"},
				"up": {"uv": [0.25, 0.25, 0.75, 0.75], "rotation": 90, "texture": "#0"},
				"down": {"uv": [0.25, 0.25, 0.75, 0.75], "rotation": 270, "texture": "#0"}
			}
		},
		{
			"name": "voxel",
			"from": [10.59356, 12.8, 4.01655],
			"to": [12.7269, 16, 5.08322],
			"rotation": {"angle": 0, "axis": "y", "origin": [7.871, 9.17603, 7.75502]},
			"faces": {
				"north": {"uv": [4, 4, 5, 7], "texture": "#0"},
				"east": {"uv": [7, 8, 8, 11], "texture": "#0"},
				"south": {"uv": [0.25, 0.25, 0.75, 0.75], "texture": "#0"},
				"west": {"uv": [11, 5, 12, 8], "texture": "#0"},
				"up": {"uv": [11, 5, 12, 7], "rotation": 90, "texture": "#0"},
				"down": {"uv": [0.25, 0.25, 0.75, 0.75], "rotation": 270, "texture": "#0"}
			}
		},
		{
			"name": "voxel",
			"from": [9.5269, 5.33333, 6.14989],
			"to": [11.66023, 6.4, 9.34989],
			"rotation": {"angle": 0, "axis": "y", "origin": [7.871, 9.17603, 7.75502]},
			"faces": {
				"north": {"uv": [0.25, 0.25, 0.75, 0.75], "texture": "#0"},
				"east": {"uv": [4, 8, 7, 9], "texture": "#0"},
				"south": {"uv": [10, 9, 10.5, 9.5], "texture": "#0"},
				"west": {"uv": [0.25, 0.25, 0.75, 0.75], "texture": "#0"},
				"up": {"uv": [0.25, 0.25, 0.75, 0.75], "rotation": 90, "texture": "#0"},
				"down": {"uv": [6, 7, 10, 9], "rotation": 270, "texture": "#0"}
			}
		},
		{
			"name": "voxel",
			"from": [9.5269, 1.06667, 6.14989],
			"to": [12.7269, 2.13333, 9.34989],
			"rotation": {"angle": 0, "axis": "y", "origin": [7.871, 9.17603, 7.75502]},
			"faces": {
				"north": {"uv": [0.25, 0.25, 0.75, 0.75], "texture": "#0"},
				"east": {"uv": [6, 9, 9, 10], "texture": "#0"},
				"south": {"uv": [0.25, 0.25, 0.75, 0.75], "texture": "#0"},
				"west": {"uv": [0.25, 0.25, 0.75, 0.75], "texture": "#0"},
				"up": {"uv": [5, 7, 8, 10], "rotation": 90, "texture": "#0"},
				"down": {"uv": [0.25, 0.25, 0.75, 0.75], "rotation": 270, "texture": "#0"}
			}
		},
		{
			"name": "voxel",
			"from": [9.46023, 9.6, 10.41655],
			"to": [11.66023, 10.66667, 11.48322],
			"rotation": {"angle": 0, "axis": "y", "origin": [7.871, 9.17603, 7.75502]},
			"faces": {
				"north": {"uv": [0.25, 0.25, 0.75, 0.75], "texture": "#0"},
				"east": {"uv": [5, 1, 5.5, 1.5], "texture": "#0"},
				"south": {"uv": [0.25, 0.25, 0.75, 0.75], "texture": "#0"},
				"west": {"uv": [0.25, 0.25, 0.75, 0.75], "texture": "#0"},
				"up": {"uv": [0.25, 0.25, 0.75, 0.75], "rotation": 90, "texture": "#0"},
				"down": {"uv": [0.25, 0.25, 0.75, 0.75], "rotation": 270, "texture": "#0"}
			}
		},
		{
			"name": "voxel",
			"from": [8.46023, 9.6, 4.01655],
			"to": [11.66023, 10.66667, 5.08322],
			"rotation": {"angle": 0, "axis": "y", "origin": [7.871, 9.17603, 7.75502]},
			"faces": {
				"north": {"uv": [0.25, 0.25, 0.75, 0.75], "texture": "#0"},
				"east": {"uv": [4, 2, 4.5, 2.5], "texture": "#0"},
				"south": {"uv": [0.25, 0.25, 0.75, 0.75], "texture": "#0"},
				"west": {"uv": [0.25, 0.25, 0.75, 0.75], "texture": "#0"},
				"up": {"uv": [11, 7, 11.5, 7.5], "rotation": 90, "texture": "#0"},
				"down": {"uv": [0.25, 0.25, 0.75, 0.75], "rotation": 270, "texture": "#0"}
			}
		},
		{
			"name": "voxel",
			"from": [5.33523, 6.4, 10.41655],
			"to": [10.59356, 7.46667, 11.48322],
			"rotation": {"angle": 0, "axis": "y", "origin": [7.871, 9.17603, 7.75502]},
			"faces": {
				"north": {"uv": [0.25, 0.25, 0.75, 0.75], "texture": "#0"},
				"east": {"uv": [0.25, 0.25, 0.75, 0.75], "texture": "#0"},
				"south": {"uv": [8, 1, 13, 2], "texture": "#0"},
				"west": {"uv": [4, 9, 4.5, 9.5], "texture": "#0"},
				"up": {"uv": [0.25, 0.25, 0.75, 0.75], "rotation": 90, "texture": "#0"},
				"down": {"uv": [0.25, 0.25, 0.75, 0.75], "rotation": 270, "texture": "#0"}
			}
		},
		{
			"name": "voxel",
			"from": [8.46023, 6.4, 8.28322],
			"to": [10.59356, 7.46667, 9.34989],
			"rotation": {"angle": 0, "axis": "y", "origin": [7.871, 9.17603, 7.75502]},
			"faces": {
				"north": {"uv": [0.25, 0.25, 0.75, 0.75], "texture": "#0"},
				"east": {"uv": [0.25, 0.25, 0.75, 0.75], "texture": "#0"},
				"south": {"uv": [0.25, 0.25, 0.75, 0.75], "texture": "#0"},
				"west": {"uv": [0.25, 0.25, 0.75, 0.75], "texture": "#0"},
				"up": {"uv": [3, 2, 5, 3], "rotation": 90, "texture": "#0"},
				"down": {"uv": [0.25, 0.25, 0.75, 0.75], "rotation": 270, "texture": "#0"}
			}
		},
		{
			"name": "voxel",
			"from": [8.46023, 6.4, 6.14989],
			"to": [10.59356, 7.46667, 7.21655],
			"rotation": {"angle": 0, "axis": "y", "origin": [7.871, 9.17603, 7.75502]},
			"faces": {
				"north": {"uv": [0.25, 0.25, 0.75, 0.75], "texture": "#0"},
				"east": {"uv": [0.25, 0.25, 0.75, 0.75], "texture": "#0"},
				"south": {"uv": [0.25, 0.25, 0.75, 0.75], "texture": "#0"},
				"west": {"uv": [0.25, 0.25, 0.75, 0.75], "texture": "#0"},
				"up": {"uv": [0.25, 0.25, 0.75, 0.75], "rotation": 90, "texture": "#0"},
				"down": {"uv": [0.25, 0.25, 0.75, 0.75], "rotation": 270, "texture": "#0"}
			}
		},
		{
			"name": "voxel",
			"from": [8.46023, 6.4, 4.01655],
			"to": [10.59356, 7.46667, 5.08322],
			"rotation": {"angle": 0, "axis": "y", "origin": [7.871, 9.17603, 7.75502]},
			"faces": {
				"north": {"uv": [4, 6, 6, 7], "texture": "#0"},
				"east": {"uv": [0.25, 0.25, 0.75, 0.75], "texture": "#0"},
				"south": {"uv": [0.25, 0.25, 0.75, 0.75], "texture": "#0"},
				"west": {"uv": [0.25, 0.25, 0.75, 0.75], "texture": "#0"},
				"up": {"uv": [0.25, 0.25, 0.75, 0.75], "rotation": 90, "texture": "#0"},
				"down": {"uv": [0.25, 0.25, 0.75, 0.75], "rotation": 270, "texture": "#0"}
			}
		},
		{
			"name": "voxel",
			"from": [8.46023, 2.13333, 7.21655],
			"to": [9.5269, 6.4, 8.28322],
			"rotation": {"angle": 0, "axis": "y", "origin": [7.871, 9.17603, 7.75502]},
			"faces": {
				"north": {"uv": [0.25, 0.25, 0.75, 0.75], "texture": "#0"},
				"east": {"uv": [6, 5, 7, 9], "texture": "#0"},
				"south": {"uv": [0.25, 0.25, 0.75, 0.75], "texture": "#0"},
				"west": {"uv": [0.25, 0.25, 0.75, 0.75], "texture": "#0"},
				"up": {"uv": [0.25, 0.25, 0.75, 0.75], "rotation": 90, "texture": "#0"},
				"down": {"uv": [0.25, 0.25, 0.75, 0.75], "rotation": 270, "texture": "#0"}
			}
		},
		{
			"name": "voxel",
			"from": [7.39356, 6.4, 11.48322],
			"to": [8.46023, 7.46667, 12.54989],
			"rotation": {"angle": 0, "axis": "y", "origin": [7.871, 9.17603, 7.75502]},
			"faces": {
				"north": {"uv": [0.25, 0.25, 0.75, 0.75], "texture": "#missing"},
				"east": {"uv": [0.25, 0.25, 0.75, 0.75], "texture": "#0"},
				"south": {"uv": [1, 1, 1.5, 1.5], "texture": "#0"},
				"west": {"uv": [0.25, 0.25, 0.75, 0.75], "texture": "#0"},
				"up": {"uv": [0.25, 0.25, 0.75, 0.75], "rotation": 90, "texture": "#missing"},
				"down": {"uv": [0.25, 0.25, 0.75, 0.75], "rotation": 270, "texture": "#0"}
			}
		},
		{
			"name": "voxel",
			"from": [10.59356, 10.7, 10.41655],
			"to": [12.7269, 16, 11.48322],
			"rotation": {"angle": 0, "axis": "y", "origin": [7.871, 9.17603, 7.75502]},
			"faces": {
				"north": {"uv": [0.25, 0.25, 0.75, 0.75], "texture": "#missing"},
				"east": {"uv": [1, 7, 2, 15], "texture": "#0"},
				"south": {"uv": [1, 1, 3, 10], "texture": "#0"},
				"west": {"uv": [0.25, 0.25, 0.75, 0.75], "texture": "#0"},
				"up": {"uv": [0.25, 0.25, 0.75, 0.75], "rotation": 90, "texture": "#0"},
				"down": {"uv": [0.25, 0.25, 0.75, 0.75], "rotation": 270, "texture": "#0"}
			}
		},
		{
			"name": "voxel",
			"from": [5.39356, 6.4, 9.34989],
			"to": [7.5269, 7.46667, 10.41655],
			"rotation": {"angle": 0, "axis": "y", "origin": [7.871, 9.17603, 7.75502]},
			"faces": {
				"north": {"uv": [0.25, 0.25, 0.75, 0.75], "texture": "#0"},
				"east": {"uv": [0.25, 0.25, 0.75, 0.75], "texture": "#0"},
				"south": {"uv": [0.25, 0.25, 0.75, 0.75], "texture": "#0"},
				"west": {"uv": [0.25, 0.25, 0.75, 0.75], "texture": "#0"},
				"up": {"uv": [0.25, 0.25, 0.75, 0.75], "rotation": 90, "texture": "#0"},
				"down": {"uv": [0.25, 0.25, 0.75, 0.75], "rotation": 270, "texture": "#0"}
			}
		},
		{
			"name": "voxel",
			"from": [7.39356, 6.4, 5.08322],
			"to": [9.5269, 7.46667, 6.14989],
			"rotation": {"angle": 0, "axis": "y", "origin": [7.871, 9.17603, 7.75502]},
			"faces": {
				"north": {"uv": [0.25, 0.25, 0.75, 0.75], "texture": "#0"},
				"east": {"uv": [0.25, 0.25, 0.75, 0.75], "texture": "#0"},
				"south": {"uv": [0.25, 0.25, 0.75, 0.75], "texture": "#0"},
				"west": {"uv": [0.25, 0.25, 0.75, 0.75], "texture": "#0"},
				"up": {"uv": [0.25, 0.25, 0.75, 0.75], "rotation": 90, "texture": "#0"},
				"down": {"uv": [0.25, 0.25, 0.75, 0.75], "rotation": 270, "texture": "#0"}
			}
		},
		{
			"name": "voxel",
			"from": [7.39356, 6.4, 2.94989],
			"to": [8.46023, 7.46667, 4.01655],
			"rotation": {"angle": 0, "axis": "y", "origin": [7.871, 9.17603, 7.75502]},
			"faces": {
				"north": {"uv": [13, 3, 13.5, 3.5], "texture": "#0"},
				"east": {"uv": [0.25, 0.25, 0.75, 0.75], "texture": "#0"},
				"south": {"uv": [0.25, 0.25, 0.75, 0.75], "texture": "#0"},
				"west": {"uv": [0.25, 0.25, 0.75, 0.75], "texture": "#0"},
				"up": {"uv": [0.25, 0.25, 0.75, 0.75], "rotation": 90, "texture": "#0"},
				"down": {"uv": [0.25, 0.25, 0.75, 0.75], "rotation": 270, "texture": "#0"}
			}
		},
		{
			"name": "voxel",
			"from": [7.39356, 5.33333, 6.14989],
			"to": [8.46023, 6.4, 9.34989],
			"rotation": {"angle": 0, "axis": "y", "origin": [7.871, 9.17603, 7.75502]},
			"faces": {
				"north": {"uv": [0.25, 0.25, 0.75, 0.75], "texture": "#0"},
				"east": {"uv": [0.25, 0.25, 0.75, 0.75], "texture": "#0"},
				"south": {"uv": [0.25, 0.25, 0.75, 0.75], "texture": "#0"},
				"west": {"uv": [0.25, 0.25, 0.75, 0.75], "texture": "#0"},
				"up": {"uv": [0.25, 0.25, 0.75, 0.75], "rotation": 90, "texture": "#0"},
				"down": {"uv": [0.25, 0.25, 0.75, 0.75], "rotation": 270, "texture": "#0"}
			}
		},
		{
			"name": "voxel",
			"from": [11.66023, 6.4, 7.21655],
			"to": [13.79356, 7.46667, 8.28322],
			"rotation": {"angle": 0, "axis": "y", "origin": [7.871, 9.17603, 7.75502]},
			"faces": {
				"north": {"uv": [9, 2, 9.5, 2.5], "texture": "#0"},
				"east": {"uv": [14, 5, 14.5, 5.5], "texture": "#0"},
				"south": {"uv": [0.25, 0.25, 0.75, 0.75], "texture": "#0"},
				"west": {"uv": [0.25, 0.25, 0.75, 0.75], "texture": "#0"},
				"up": {"uv": [0.25, 0.25, 0.75, 0.75], "rotation": 90, "texture": "#0"},
				"down": {"uv": [0.25, 0.25, 0.75, 0.75], "rotation": 270, "texture": "#0"}
			}
		},
		{
			"name": "voxel",
			"from": [7.39356, 3.2, 8.28322],
			"to": [8.46023, 4.26667, 9.34989],
			"rotation": {"angle": 0, "axis": "y", "origin": [7.871, 9.17603, 7.75502]},
			"faces": {
				"north": {"uv": [0.25, 0.25, 0.75, 0.75], "texture": "#0"},
				"east": {"uv": [5, 1, 5.5, 1.5], "texture": "#0"},
				"south": {"uv": [1, 9, 1.5, 9.5], "texture": "#0"},
				"west": {"uv": [0.25, 0.25, 0.75, 0.75], "texture": "#0"},
				"up": {"uv": [0.25, 0.25, 0.75, 0.75], "rotation": 90, "texture": "#0"},
				"down": {"uv": [0.25, 0.25, 0.75, 0.75], "rotation": 270, "texture": "#0"}
			}
		},
		{
			"name": "voxel",
			"from": [7.39356, 3.2, 6.14989],
			"to": [8.46023, 4.26667, 7.21655],
			"rotation": {"angle": 0, "axis": "y", "origin": [7.871, 9.17603, 7.75502]},
			"faces": {
				"north": {"uv": [0.25, 0.25, 0.75, 0.75], "texture": "#0"},
				"east": {"uv": [0.25, 0.25, 0.75, 0.75], "texture": "#0"},
				"south": {"uv": [0.25, 0.25, 0.75, 0.75], "texture": "#0"},
				"west": {"uv": [0.25, 0.25, 0.75, 0.75], "texture": "#0"},
				"up": {"uv": [0.25, 0.25, 0.75, 0.75], "rotation": 90, "texture": "#0"},
				"down": {"uv": [0.25, 0.25, 0.75, 0.75], "rotation": 270, "texture": "#0"}
			}
		},
		{
			"name": "voxel",
			"from": [7.39356, 2.13333, 8.28322],
			"to": [9.5269, 3.2, 9.34989],
			"rotation": {"angle": 0, "axis": "y", "origin": [7.871, 9.17603, 7.75502]},
			"faces": {
				"north": {"uv": [0.25, 0.25, 0.75, 0.75], "texture": "#0"},
				"east": {"uv": [11, 4, 11.5, 4.5], "texture": "#0"},
				"south": {"uv": [0.25, 0.25, 0.75, 0.75], "texture": "#0"},
				"west": {"uv": [0.25, 0.25, 0.75, 0.75], "texture": "#0"},
				"up": {"uv": [0.25, 0.25, 0.75, 0.75], "rotation": 90, "texture": "#0"},
				"down": {"uv": [0.25, 0.25, 0.75, 0.75], "rotation": 270, "texture": "#0"}
			}
		},
		{
			"name": "voxel",
			"from": [7.39356, 2.13333, 6.14989],
			"to": [9.5269, 3.2, 7.21655],
			"rotation": {"angle": 0, "axis": "y", "origin": [7.871, 9.17603, 7.75502]},
			"faces": {
				"north": {"uv": [0.25, 0.25, 0.75, 0.75], "texture": "#0"},
				"east": {"uv": [0.25, 0.25, 0.75, 0.75], "texture": "#0"},
				"south": {"uv": [0.25, 0.25, 0.75, 0.75], "texture": "#0"},
				"west": {"uv": [0.25, 0.25, 0.75, 0.75], "texture": "#0"},
				"up": {"uv": [0.25, 0.25, 0.75, 0.75], "rotation": 90, "texture": "#0"},
				"down": {"uv": [0.25, 0.25, 0.75, 0.75], "rotation": 270, "texture": "#0"}
			}
		},
		{
			"name": "voxel",
			"from": [7.39356, 1.06667, 11.48322],
			"to": [8.46023, 2.13333, 12.54989],
			"rotation": {"angle": 0, "axis": "y", "origin": [7.871, 9.17603, 7.75502]},
			"faces": {
				"north": {"uv": [0.25, 0.25, 0.75, 0.75], "texture": "#missing"},
				"east": {"uv": [0.25, 0.25, 0.75, 0.75], "texture": "#0"},
				"south": {"uv": [0.25, 0.25, 0.75, 0.75], "texture": "#0"},
				"west": {"uv": [0.25, 0.25, 0.75, 0.75], "texture": "#0"},
				"up": {"uv": [0.25, 0.25, 0.75, 0.75], "rotation": 90, "texture": "#0"},
				"down": {"uv": [0.25, 0.25, 0.75, 0.75], "rotation": 270, "texture": "#0"}
			}
		},
		{
			"name": "voxel",
			"from": [11.66023, 9.6, 7.21655],
			"to": [13.79356, 10.66667, 8.28322],
			"rotation": {"angle": 0, "axis": "y", "origin": [7.871, 9.17603, 7.75502]},
			"faces": {
				"north": {"uv": [0.25, 0.25, 0.75, 0.75], "texture": "#0"},
				"east": {"uv": [9, 6, 9.5, 6.5], "texture": "#0"},
				"south": {"uv": [7, 5, 7.5, 5.5], "texture": "#0"},
				"west": {"uv": [0.25, 0.25, 0.75, 0.75], "texture": "#0"},
				"up": {"uv": [0.25, 0.25, 0.75, 0.75], "rotation": 90, "texture": "#0"},
				"down": {"uv": [0.25, 0.25, 0.75, 0.75], "rotation": 270, "texture": "#0"}
			}
		},
		{
			"name": "voxel",
			"from": [11.66023, 10.66667, 6.14989],
			"to": [13.79356, 11.73333, 7.21655],
			"rotation": {"angle": 0, "axis": "y", "origin": [7.871, 9.17603, 7.75502]},
			"faces": {
				"north": {"uv": [0.25, 0.25, 0.75, 0.75], "texture": "#0"},
				"east": {"uv": [0.25, 0.25, 0.75, 0.75], "texture": "#0"},
				"south": {"uv": [0.25, 0.25, 0.75, 0.75], "texture": "#0"},
				"west": {"uv": [0.25, 0.25, 0.75, 0.75], "texture": "#0"},
				"up": {"uv": [0.25, 0.25, 0.75, 0.75], "rotation": 90, "texture": "#0"},
				"down": {"uv": [0.25, 0.25, 0.75, 0.75], "rotation": 270, "texture": "#0"}
			}
		},
		{
			"name": "voxel",
			"from": [11.66023, 10.66667, 8.28322],
			"to": [13.79356, 11.73333, 9.34989],
			"rotation": {"angle": 0, "axis": "y", "origin": [7.871, 9.17603, 7.75502]},
			"faces": {
				"north": {"uv": [0.25, 0.25, 0.75, 0.75], "texture": "#0"},
				"east": {"uv": [0.25, 0.25, 0.75, 0.75], "texture": "#0"},
				"south": {"uv": [5, 10, 6, 11], "texture": "#0"},
				"west": {"uv": [0.25, 0.25, 0.75, 0.75], "texture": "#0"},
				"up": {"uv": [0.25, 0.25, 0.75, 0.75], "rotation": 90, "texture": "#0"},
				"down": {"uv": [0.25, 0.25, 0.75, 0.75], "rotation": 270, "texture": "#0"}
			}
		},
		{
			"name": "voxel",
			"from": [7.39356, 1.06667, 2.94989],
			"to": [8.46023, 2.13333, 4.01655],
			"rotation": {"angle": 0, "axis": "y", "origin": [7.871, 9.17603, 7.75502]},
			"faces": {
				"north": {"uv": [0.25, 0.25, 0.75, 0.75], "texture": "#0"},
				"east": {"uv": [0.25, 0.25, 0.75, 0.75], "texture": "#0"},
				"south": {"uv": [0.25, 0.25, 0.75, 0.75], "texture": "#0"},
				"west": {"uv": [0.25, 0.25, 0.75, 0.75], "texture": "#0"},
				"up": {"uv": [7, 8, 8, 9], "rotation": 90, "texture": "#0"},
				"down": {"uv": [0.25, 0.25, 0.75, 0.75], "rotation": 270, "texture": "#0"}
			}
		},
		{
			"name": "voxel",
			"from": [5.3269, 7.46667, 11.48322],
			"to": [10.59356, 8.53333, 12.54989],
			"rotation": {"angle": 0, "axis": "y", "origin": [7.871, 9.17603, 7.75502]},
			"faces": {
				"north": {"uv": [0.25, 0.25, 0.75, 0.75], "texture": "#missing"},
				"east": {"uv": [0.25, 0.25, 0.75, 0.75], "texture": "#0"},
				"south": {"uv": [3, 2, 8, 3], "texture": "#0"},
				"west": {"uv": [0.25, 0.25, 0.75, 0.75], "texture": "#0"},
				"up": {"uv": [0.25, 0.25, 0.75, 0.75], "rotation": 90, "texture": "#missing"},
				"down": {"uv": [0.25, 0.25, 0.75, 0.75], "rotation": 270, "texture": "#0"}
			}
		},
		{
			"name": "voxel",
			"from": [6.3269, 7.46667, 4.01655],
			"to": [9.5269, 9.6, 5.08322],
			"rotation": {"angle": 0, "axis": "y", "origin": [7.871, 9.17603, 7.75502]},
			"faces": {
				"north": {"uv": [0.25, 0.25, 0.75, 0.75], "texture": "#0"},
				"east": {"uv": [0.25, 0.25, 0.75, 0.75], "texture": "#0"},
				"south": {"uv": [6, 6, 9, 7], "texture": "#0"},
				"west": {"uv": [0.25, 0.25, 0.75, 0.75], "texture": "#0"},
				"up": {"uv": [0.25, 0.25, 0.75, 0.75], "rotation": 90, "texture": "#0"},
				"down": {"uv": [0.25, 0.25, 0.75, 0.75], "rotation": 270, "texture": "#0"}
			}
		},
		{
			"name": "voxel",
			"from": [6.3269, 6.4, 8.28322],
			"to": [7.39356, 7.46667, 10.41655],
			"rotation": {"angle": 0, "axis": "y", "origin": [7.871, 9.17603, 7.75502]},
			"faces": {
				"north": {"uv": [0.25, 0.25, 0.75, 0.75], "texture": "#0"},
				"east": {"uv": [0.25, 0.25, 0.75, 0.75], "texture": "#0"},
				"south": {"uv": [0.25, 0.25, 0.75, 0.75], "texture": "#0"},
				"west": {"uv": [0.25, 0.25, 0.75, 0.75], "texture": "#0"},
				"up": {"uv": [8, 8, 10, 9], "rotation": 90, "texture": "#0"},
				"down": {"uv": [0.25, 0.25, 0.75, 0.75], "rotation": 270, "texture": "#0"}
			}
		},
		{
			"name": "voxel",
			"from": [6.3269, 6.4, 5.08322],
			"to": [7.39356, 7.46667, 7.21655],
			"rotation": {"angle": 0, "axis": "y", "origin": [7.871, 9.17603, 7.75502]},
			"faces": {
				"north": {"uv": [0.25, 0.25, 0.75, 0.75], "texture": "#0"},
				"east": {"uv": [0.25, 0.25, 0.75, 0.75], "texture": "#0"},
				"south": {"uv": [0.25, 0.25, 0.75, 0.75], "texture": "#0"},
				"west": {"uv": [0.25, 0.25, 0.75, 0.75], "texture": "#0"},
				"up": {"uv": [5, 8, 6, 10], "rotation": 90, "texture": "#0"},
				"down": {"uv": [0.25, 0.25, 0.75, 0.75], "rotation": 270, "texture": "#0"}
			}
		},
		{
			"name": "voxel",
			"from": [6.3269, 5.33333, 10.41655],
			"to": [9.5269, 6.4, 11.48322],
			"rotation": {"angle": 0, "axis": "y", "origin": [7.871, 9.17603, 7.75502]},
			"faces": {
				"north": {"uv": [0.25, 0.25, 0.75, 0.75], "texture": "#missing"},
				"east": {"uv": [0.25, 0.25, 0.75, 0.75], "texture": "#0"},
				"south": {"uv": [4, 11, 7, 12], "texture": "#0"},
				"west": {"uv": [0.25, 0.25, 0.75, 0.75], "texture": "#0"},
				"up": {"uv": [0.25, 0.25, 0.75, 0.75], "rotation": 90, "texture": "#0"},
				"down": {"uv": [6, 2, 7, 5], "rotation": 270, "texture": "#0"}
			}
		},
		{
			"name": "voxel",
			"from": [6.3269, 5.33333, 4.01655],
			"to": [9.5269, 6.4, 5.08322],
			"rotation": {"angle": 0, "axis": "y", "origin": [7.871, 9.17603, 7.75502]},
			"faces": {
				"north": {"uv": [5, 10, 8, 11], "texture": "#0"},
				"east": {"uv": [0.25, 0.25, 0.75, 0.75], "texture": "#0"},
				"south": {"uv": [0.25, 0.25, 0.75, 0.75], "texture": "#0"},
				"west": {"uv": [0.25, 0.25, 0.75, 0.75], "texture": "#0"},
				"up": {"uv": [0.25, 0.25, 0.75, 0.75], "rotation": 90, "texture": "#0"},
				"down": {"uv": [2, 2, 5, 3], "rotation": 270, "texture": "#0"}
			}
		},
		{
			"name": "voxel",
			"from": [6.3269, 4.26667, 8.28322],
			"to": [9.5269, 5.33333, 9.34989],
			"rotation": {"angle": 0, "axis": "y", "origin": [7.871, 9.17603, 7.75502]},
			"faces": {
				"north": {"uv": [0.25, 0.25, 0.75, 0.75], "texture": "#0"},
				"east": {"uv": [0.25, 0.25, 0.75, 0.75], "texture": "#0"},
				"south": {"uv": [2, 13, 5, 14], "texture": "#0"},
				"west": {"uv": [0.25, 0.25, 0.75, 0.75], "texture": "#0"},
				"up": {"uv": [0.25, 0.25, 0.75, 0.75], "rotation": 90, "texture": "#0"},
				"down": {"uv": [0.25, 0.25, 0.75, 0.75], "rotation": 270, "texture": "#0"}
			}
		},
		{
			"name": "voxel",
			"from": [6.3269, 4.26667, 6.14989],
			"to": [9.5269, 5.33333, 7.21655],
			"rotation": {"angle": 0, "axis": "y", "origin": [7.871, 9.17603, 7.75502]},
			"faces": {
				"north": {"uv": [0.25, 0.25, 0.75, 0.75], "texture": "#0"},
				"east": {"uv": [0.25, 0.25, 0.75, 0.75], "texture": "#0"},
				"south": {"uv": [0.25, 0.25, 0.75, 0.75], "texture": "#0"},
				"west": {"uv": [0.25, 0.25, 0.75, 0.75], "texture": "#0"},
				"up": {"uv": [0.25, 0.25, 0.75, 0.75], "rotation": 90, "texture": "#0"},
				"down": {"uv": [0.25, 0.25, 0.75, 0.75], "rotation": 270, "texture": "#0"}
			}
		},
		{
			"name": "voxel",
			"from": [6.3269, 3.2, 7.21655],
			"to": [7.39356, 6.4, 8.28322],
			"rotation": {"angle": 0, "axis": "y", "origin": [7.871, 9.17603, 7.75502]},
			"faces": {
				"north": {"uv": [0.25, 0.25, 0.75, 0.75], "texture": "#0"},
				"east": {"uv": [0.25, 0.25, 0.75, 0.75], "texture": "#0"},
				"south": {"uv": [0.25, 0.25, 0.75, 0.75], "texture": "#0"},
				"west": {"uv": [4, 1, 5, 3], "texture": "#0"},
				"up": {"uv": [0.25, 0.25, 0.75, 0.75], "rotation": 90, "texture": "#0"},
				"down": {"uv": [0.25, 0.25, 0.75, 0.75], "rotation": 270, "texture": "#0"}
			}
		},
		{
			"name": "voxel",
			"from": [6.3269, 2.13333, 6.14989],
			"to": [7.39356, 3.2, 9.34989],
			"rotation": {"angle": 0, "axis": "y", "origin": [7.871, 9.17603, 7.75502]},
			"faces": {
				"north": {"uv": [0.25, 0.25, 0.75, 0.75], "texture": "#0"},
				"east": {"uv": [0.25, 0.25, 0.75, 0.75], "texture": "#0"},
				"south": {"uv": [0.25, 0.25, 0.75, 0.75], "texture": "#0"},
				"west": {"uv": [0.25, 0.25, 0.75, 0.75], "texture": "#0"},
				"up": {"uv": [0.25, 0.25, 0.75, 0.75], "rotation": 90, "texture": "#0"},
				"down": {"uv": [0.25, 0.25, 0.75, 0.75], "rotation": 270, "texture": "#0"}
			}
		},
		{
			"name": "voxel",
			"from": [5.26023, 10.66667, 10.41655],
			"to": [6.3269, 12.8, 11.48322],
			"rotation": {"angle": 0, "axis": "y", "origin": [7.871, 9.17603, 7.75502]},
			"faces": {
				"north": {"uv": [0.25, 0.25, 0.75, 0.75], "texture": "#0"},
				"east": {"uv": [0.25, 0.25, 0.75, 0.75], "texture": "#0"},
				"south": {"uv": [0.25, 0.25, 0.75, 0.75], "texture": "#0"},
				"west": {"uv": [0.25, 0.25, 0.75, 0.75], "texture": "#0"},
				"up": {"uv": [0.25, 0.25, 0.75, 0.75], "rotation": 90, "texture": "#0"},
				"down": {"uv": [0.25, 0.25, 0.75, 0.75], "rotation": 270, "texture": "#0"}
			}
		},
		{
			"name": "voxel",
			"from": [5.26023, 10.66667, 4.01655],
			"to": [6.3269, 12.8, 5.08322],
			"rotation": {"angle": 0, "axis": "y", "origin": [7.871, 9.17603, 7.75502]},
			"faces": {
				"north": {"uv": [0.25, 0.25, 0.75, 0.75], "texture": "#0"},
				"east": {"uv": [0.25, 0.25, 0.75, 0.75], "texture": "#0"},
				"south": {"uv": [10, 6, 11, 8], "texture": "#0"},
				"west": {"uv": [0.25, 0.25, 0.75, 0.75], "texture": "#0"},
				"up": {"uv": [0.25, 0.25, 0.75, 0.75], "rotation": 90, "texture": "#0"},
				"down": {"uv": [0.25, 0.25, 0.75, 0.75], "rotation": 270, "texture": "#0"}
			}
		},
		{
			"name": "voxel",
			"from": [5.26023, 9.6, 4.01655],
			"to": [7.39356, 10.66667, 5.08322],
			"rotation": {"angle": 0, "axis": "y", "origin": [7.871, 9.17603, 7.75502]},
			"faces": {
				"north": {"uv": [0.25, 0.25, 0.75, 0.75], "texture": "#0"},
				"east": {"uv": [0.25, 0.25, 0.75, 0.75], "texture": "#0"},
				"south": {"uv": [0.25, 0.25, 0.75, 0.75], "texture": "#0"},
				"west": {"uv": [0.25, 0.25, 0.75, 0.75], "texture": "#0"},
				"up": {"uv": [6, 10, 6.5, 10.5], "rotation": 90, "texture": "#0"},
				"down": {"uv": [0.25, 0.25, 0.75, 0.75], "rotation": 270, "texture": "#0"}
			}
		},
		{
			"name": "voxel",
			"from": [12.7269, 11.73333, 5.09989],
			"to": [13.79356, 14.93333, 10.41655],
			"rotation": {"angle": 0, "axis": "y", "origin": [7.871, 9.17603, 7.75502]},
			"faces": {
				"north": {"uv": [6, 7, 7, 10], "texture": "#0"},
				"east": {"uv": [8, 6, 11, 9], "texture": "#0"},
				"south": {"uv": [4, 9, 5, 12], "texture": "#0"},
				"west": {"uv": [0.25, 0.25, 0.75, 0.75], "texture": "#0"},
				"up": {"uv": [0.25, 0.25, 0.75, 0.75], "rotation": 90, "texture": "#0"},
				"down": {"uv": [0.25, 0.25, 0.75, 0.75], "rotation": 270, "texture": "#0"}
			}
		},
		{
			"name": "voxel",
			"from": [10.59356, 14.93333, 5.08322],
			"to": [13.79356, 16, 6.14989],
			"rotation": {"angle": 0, "axis": "y", "origin": [7.871, 9.17603, 7.75502]},
			"faces": {
				"north": {"uv": [4, 11, 4.5, 11.5], "texture": "#0"},
				"east": {"uv": [8, 2, 8.5, 2.5], "texture": "#0"},
				"south": {"uv": [0.25, 0.25, 0.75, 0.75], "texture": "#0"},
				"west": {"uv": [0.25, 0.25, 0.75, 0.75], "texture": "#0"},
				"up": {"uv": [6, 6, 7, 9], "rotation": 90, "texture": "#0"},
				"down": {"uv": [0.25, 0.25, 0.75, 0.75], "rotation": 270, "texture": "#0"}
			}
		},
		{
			"name": "voxel",
			"from": [5.26023, 7.46667, 9.34989],
			"to": [6.3269, 9.6, 10.41655],
			"rotation": {"angle": 0, "axis": "y", "origin": [7.871, 9.17603, 7.75502]},
			"faces": {
				"north": {"uv": [0.25, 0.25, 0.75, 0.75], "texture": "#0"},
				"east": {"uv": [0.25, 0.25, 0.75, 0.75], "texture": "#0"},
				"south": {"uv": [0.25, 0.25, 0.75, 0.75], "texture": "#0"},
				"west": {"uv": [0.25, 0.25, 0.75, 0.75], "texture": "#0"},
				"up": {"uv": [0.25, 0.25, 0.75, 0.75], "rotation": 90, "texture": "#0"},
				"down": {"uv": [0.25, 0.25, 0.75, 0.75], "rotation": 270, "texture": "#0"}
			}
		},
		{
			"name": "voxel",
			"from": [5.26023, 7.46667, 5.08322],
			"to": [6.3269, 9.6, 6.14989],
			"rotation": {"angle": 0, "axis": "y", "origin": [7.871, 9.17603, 7.75502]},
			"faces": {
				"north": {"uv": [0.25, 0.25, 0.75, 0.75], "texture": "#0"},
				"east": {"uv": [0.25, 0.25, 0.75, 0.75], "texture": "#0"},
				"south": {"uv": [0.25, 0.25, 0.75, 0.75], "texture": "#0"},
				"west": {"uv": [0.25, 0.25, 0.75, 0.75], "texture": "#0"},
				"up": {"uv": [0.25, 0.25, 0.75, 0.75], "rotation": 90, "texture": "#0"},
				"down": {"uv": [0.25, 0.25, 0.75, 0.75], "rotation": 270, "texture": "#0"}
			}
		},
		{
			"name": "voxel",
			"from": [5.26023, 7.46667, 2.94989],
			"to": [10.5269, 8.53333, 4.01655],
			"rotation": {"angle": 0, "axis": "y", "origin": [7.871, 9.17603, 7.75502]},
			"faces": {
				"north": {"uv": [1, 2, 6, 3], "texture": "#0"},
				"east": {"uv": [0.25, 0.25, 0.75, 0.75], "texture": "#0"},
				"south": {"uv": [0.25, 0.25, 0.75, 0.75], "texture": "#0"},
				"west": {"uv": [0.25, 0.25, 0.75, 0.75], "texture": "#0"},
				"up": {"uv": [0.25, 0.25, 0.75, 0.75], "rotation": 90, "texture": "#0"},
				"down": {"uv": [0.25, 0.25, 0.75, 0.75], "rotation": 270, "texture": "#0"}
			}
		},
		{
			"name": "voxel",
			"from": [5.26023, 6.4, 6.14989],
			"to": [6.3269, 7.46667, 9.34989],
			"rotation": {"angle": 0, "axis": "y", "origin": [7.871, 9.17603, 7.75502]},
			"faces": {
				"north": {"uv": [0.25, 0.25, 0.75, 0.75], "texture": "#0"},
				"east": {"uv": [0.25, 0.25, 0.75, 0.75], "texture": "#0"},
				"south": {"uv": [0.25, 0.25, 0.75, 0.75], "texture": "#0"},
				"west": {"uv": [0.25, 0.25, 0.75, 0.75], "texture": "#0"},
				"up": {"uv": [6, 9, 9, 10], "rotation": 90, "texture": "#0"},
				"down": {"uv": [0.25, 0.25, 0.75, 0.75], "rotation": 270, "texture": "#0"}
			}
		},
		{
			"name": "voxel",
			"from": [5.26023, 6.4, 4.01655],
			"to": [7.39356, 7.46667, 5.08322],
			"rotation": {"angle": 0, "axis": "y", "origin": [7.871, 9.17603, 7.75502]},
			"faces": {
				"north": {"uv": [6, 9, 9, 10], "texture": "#0"},
				"east": {"uv": [0.25, 0.25, 0.75, 0.75], "texture": "#0"},
				"south": {"uv": [0.25, 0.25, 0.75, 0.75], "texture": "#0"},
				"west": {"uv": [0.25, 0.25, 0.75, 0.75], "texture": "#0"},
				"up": {"uv": [0.25, 0.25, 0.75, 0.75], "rotation": 90, "texture": "#0"},
				"down": {"uv": [0.25, 0.25, 0.75, 0.75], "rotation": 270, "texture": "#0"}
			}
		},
		{
			"name": "voxel",
			"from": [5.26023, 5.33333, 9.34989],
			"to": [10.59356, 6.4, 10.41655],
			"rotation": {"angle": 0, "axis": "y", "origin": [7.871, 9.17603, 7.75502]},
			"faces": {
				"north": {"uv": [0.25, 0.25, 0.75, 0.75], "texture": "#0"},
				"east": {"uv": [0.25, 0.25, 0.75, 0.75], "texture": "#0"},
				"south": {"uv": [0.25, 0.25, 0.75, 0.75], "texture": "#0"},
				"west": {"uv": [0.25, 0.25, 0.75, 0.75], "texture": "#0"},
				"up": {"uv": [0.25, 0.25, 0.75, 0.75], "rotation": 90, "texture": "#0"},
				"down": {"uv": [6, 5, 7, 10], "rotation": 270, "texture": "#0"}
			}
		},
		{
			"name": "voxel",
			"from": [5.26023, 5.33333, 5.08322],
			"to": [10.59356, 6.4, 6.14989],
			"rotation": {"angle": 0, "axis": "y", "origin": [7.871, 9.17603, 7.75502]},
			"faces": {
				"north": {"uv": [0.25, 0.25, 0.75, 0.75], "texture": "#0"},
				"east": {"uv": [0.25, 0.25, 0.75, 0.75], "texture": "#0"},
				"south": {"uv": [0.25, 0.25, 0.75, 0.75], "texture": "#0"},
				"west": {"uv": [0.25, 0.25, 0.75, 0.75], "texture": "#0"},
				"up": {"uv": [0.25, 0.25, 0.75, 0.75], "rotation": 90, "texture": "#0"},
				"down": {"uv": [5, 6, 6, 11], "rotation": 270, "texture": "#0"}
			}
		},
		{
			"name": "voxel",
			"from": [5.26023, 1.06667, 10.41655],
			"to": [10.59356, 2.13333, 11.48322],
			"rotation": {"angle": 0, "axis": "y", "origin": [7.871, 9.17603, 7.75502]},
			"faces": {
				"north": {"uv": [0.25, 0.25, 0.75, 0.75], "texture": "#missing"},
				"east": {"uv": [0.25, 0.25, 0.75, 0.75], "texture": "#0"},
				"south": {"uv": [6, 10, 11, 11], "texture": "#0"},
				"west": {"uv": [0.25, 0.25, 0.75, 0.75], "texture": "#0"},
				"up": {"uv": [12, 6, 13, 11], "rotation": 90, "texture": "#0"},
				"down": {"uv": [0.25, 0.25, 0.75, 0.75], "rotation": 270, "texture": "#0"}
			}
		},
		{
			"name": "voxel",
			"from": [5.26023, 1.06667, 4.01655],
			"to": [10.59356, 2.13333, 5.08322],
			"rotation": {"angle": 0, "axis": "y", "origin": [7.871, 9.17603, 7.75502]},
			"faces": {
				"north": {"uv": [6, 5, 11, 6], "texture": "#0"},
				"east": {"uv": [0.25, 0.25, 0.75, 0.75], "texture": "#0"},
				"south": {"uv": [0.25, 0.25, 0.75, 0.75], "texture": "#0"},
				"west": {"uv": [4, 7, 4.5, 7.5], "texture": "#0"},
				"up": {"uv": [1, 7, 2, 12], "rotation": 90, "texture": "#0"},
				"down": {"uv": [0.25, 0.25, 0.75, 0.75], "rotation": 270, "texture": "#0"}
			}
		},
		{
			"name": "voxel",
			"from": [5.26023, 0, 11.48322],
			"to": [10.59356, 1.06667, 12.54989],
			"rotation": {"angle": 0, "axis": "y", "origin": [7.871, 9.17603, 7.75502]},
			"faces": {
				"north": {"uv": [0.25, 0.25, 0.75, 0.75], "texture": "#missing"},
				"east": {"uv": [0.25, 0.25, 0.75, 0.75], "texture": "#0"},
				"south": {"uv": [6, 9, 12, 10], "texture": "#0"},
				"west": {"uv": [0.25, 0.25, 0.75, 0.75], "texture": "#0"},
				"up": {"uv": [6, 6, 7, 11], "rotation": 90, "texture": "#0"},
				"down": {"uv": [0.25, 0.25, 0.75, 0.75], "rotation": 270, "texture": "#0"}
			}
		},
		{
			"name": "voxel",
			"from": [5.26023, 0, 2.94989],
			"to": [10.59356, 1.06667, 4.01655],
			"rotation": {"angle": 0, "axis": "y", "origin": [7.871, 9.17603, 7.75502]},
			"faces": {
				"north": {"uv": [5, 7, 10, 8], "texture": "#0"},
				"east": {"uv": [0.25, 0.25, 0.75, 0.75], "texture": "#0"},
				"south": {"uv": [0.25, 0.25, 0.75, 0.75], "texture": "#0"},
				"west": {"uv": [6, 10, 7, 11], "texture": "#0"},
				"up": {"uv": [4, 10, 5, 15], "rotation": 90, "texture": "#0"},
				"down": {"uv": [0.25, 0.25, 0.75, 0.75], "rotation": 270, "texture": "#0"}
			}
		},
		{
			"name": "voxel",
			"from": [10.59356, 14.93333, 9.34989],
			"to": [13.79356, 16, 10.41655],
			"rotation": {"angle": 0, "axis": "y", "origin": [7.871, 9.17603, 7.75502]},
			"faces": {
				"north": {"uv": [0.25, 0.25, 0.75, 0.75], "texture": "#0"},
				"east": {"uv": [0.25, 0.25, 0.75, 0.75], "texture": "#2"},
				"south": {"uv": [0.25, 0.25, 0.75, 0.75], "texture": "#0"},
				"west": {"uv": [0.25, 0.25, 0.75, 0.75], "texture": "#0"},
				"up": {"uv": [4, 8, 5, 11], "rotation": 90, "texture": "#0"},
				"down": {"uv": [0.25, 0.25, 0.75, 0.75], "rotation": 270, "texture": "#0"}
			}
		},
		{
			"name": "voxel",
			"from": [4.19356, 8.66667, 11.48322],
			"to": [11.66023, 14.93333, 12.54989],
			"rotation": {"angle": 0, "axis": "y", "origin": [7.871, 9.17603, 7.75502]},
			"faces": {
				"north": {"uv": [4, 6, 11, 12], "texture": "#0"},
				"east": {"uv": [15, 0, 16, 10], "texture": "#0"},
				"south": {"uv": [4, 5, 12, 12], "texture": "#2"},
				"west": {"uv": [4, 5, 5, 12], "texture": "#0"},
				"up": {"uv": [0.25, 0.25, 0.75, 0.75], "rotation": 90, "texture": "#missing"},
				"down": {"uv": [0.25, 0.25, 0.75, 0.75], "rotation": 270, "texture": "#0"}
			}
		},
		{
			"name": "voxel",
			"from": [12.7269, 7.46667, 7.21655],
			"to": [13.76023, 9.6, 8.28322],
			"rotation": {"angle": 0, "axis": "y", "origin": [7.871, 9.17603, 7.75502]},
			"faces": {
				"north": {"uv": [5, 8, 6, 10], "texture": "#0"},
				"east": {"uv": [10, 9, 11, 11], "texture": "#0"},
				"south": {"uv": [8, 9, 9, 11], "texture": "#0"},
				"west": {"uv": [0.25, 0.25, 0.75, 0.75], "texture": "#0"},
				"up": {"uv": [0.25, 0.25, 0.75, 0.75], "rotation": 90, "texture": "#0"},
				"down": {"uv": [0.25, 0.25, 0.75, 0.75], "rotation": 270, "texture": "#0"}
			}
		},
		{
			"name": "voxel",
			"from": [4.19356, 10.66667, 9.34989],
			"to": [5.26023, 14.93333, 10.41655],
			"rotation": {"angle": 0, "axis": "y", "origin": [7.871, 9.17603, 7.75502]},
			"faces": {
				"north": {"uv": [0.25, 0.25, 0.75, 0.75], "texture": "#0"},
				"east": {"uv": [11, 6, 12, 10], "texture": "#0"},
				"south": {"uv": [0.25, 0.25, 0.75, 0.75], "texture": "#0"},
				"west": {"uv": [0.25, 0.25, 0.75, 0.75], "texture": "#0"},
				"up": {"uv": [0.25, 0.25, 0.75, 0.75], "rotation": 90, "texture": "#0"},
				"down": {"uv": [0.25, 0.25, 0.75, 0.75], "rotation": 270, "texture": "#0"}
			}
		},
		{
			"name": "voxel",
			"from": [4.19356, 10.66667, 5.08322],
			"to": [5.26023, 14.93333, 6.14989],
			"rotation": {"angle": 0, "axis": "y", "origin": [7.871, 9.17603, 7.75502]},
			"faces": {
				"north": {"uv": [0.25, 0.25, 0.75, 0.75], "texture": "#0"},
				"east": {"uv": [6, 7, 7, 12], "texture": "#0"},
				"south": {"uv": [5, 8, 6, 12], "texture": "#0"},
				"west": {"uv": [0.25, 0.25, 0.75, 0.75], "texture": "#0"},
				"up": {"uv": [0.25, 0.25, 0.75, 0.75], "rotation": 90, "texture": "#0"},
				"down": {"uv": [0.25, 0.25, 0.75, 0.75], "rotation": 270, "texture": "#0"}
			}
		},
		{
			"name": "voxel",
			"from": [4.19356, 9.6, 8.28322],
			"to": [5.26023, 10.66667, 10.41655],
			"rotation": {"angle": 0, "axis": "y", "origin": [7.871, 9.17603, 7.75502]},
			"faces": {
				"north": {"uv": [0.25, 0.25, 0.75, 0.75], "texture": "#0"},
				"east": {"uv": [0.25, 0.25, 0.75, 0.75], "texture": "#0"},
				"south": {"uv": [0.25, 0.25, 0.75, 0.75], "texture": "#0"},
				"west": {"uv": [0.25, 0.25, 0.75, 0.75], "texture": "#0"},
				"up": {"uv": [1, 8, 3, 9], "rotation": 90, "texture": "#0"},
				"down": {"uv": [0.25, 0.25, 0.75, 0.75], "rotation": 270, "texture": "#0"}
			}
		},
		{
			"name": "voxel",
			"from": [4.19356, 9.6, 5.08322],
			"to": [5.26023, 10.66667, 7.21655],
			"rotation": {"angle": 0, "axis": "y", "origin": [7.871, 9.17603, 7.75502]},
			"faces": {
				"north": {"uv": [0.25, 0.25, 0.75, 0.75], "texture": "#0"},
				"east": {"uv": [0.25, 0.25, 0.75, 0.75], "texture": "#0"},
				"south": {"uv": [0.25, 0.25, 0.75, 0.75], "texture": "#0"},
				"west": {"uv": [0.25, 0.25, 0.75, 0.75], "texture": "#0"},
				"up": {"uv": [0.25, 0.25, 0.75, 0.75], "rotation": 90, "texture": "#0"},
				"down": {"uv": [0.25, 0.25, 0.75, 0.75], "rotation": 270, "texture": "#0"}
			}
		},
		{
			"name": "voxel",
			"from": [4.19356, 8.53333, 2.94989],
			"to": [11.66023, 14.93333, 4.01655],
			"rotation": {"angle": 0, "axis": "y", "origin": [7.871, 9.17603, 7.75502]},
			"faces": {
				"north": {"uv": [4, 5, 12, 12], "texture": "#2"},
				"east": {"uv": [1, 8, 2, 14], "texture": "#0"},
				"south": {"uv": [5, 5, 12, 11], "texture": "#0"},
				"west": {"uv": [1, 8, 2, 14], "texture": "#0"},
				"up": {"uv": [0.25, 0.25, 0.75, 0.75], "rotation": 90, "texture": "#0"},
				"down": {"uv": [0.25, 0.25, 0.75, 0.75], "rotation": 270, "texture": "#0"}
			}
		},
		{
			"name": "voxel",
			"from": [4.19356, 7.46667, 10.41655],
			"to": [9.5269, 10.73333, 11.48322],
			"rotation": {"angle": 0, "axis": "y", "origin": [7.871, 9.17603, 7.75502]},
			"faces": {
				"north": {"uv": [7, 6, 11, 9], "texture": "#0"},
				"east": {"uv": [0.25, 0.25, 0.75, 0.75], "texture": "#0"},
				"south": {"uv": [0.25, 0.25, 0.75, 0.75], "texture": "#0"},
				"west": {"uv": [10, 6, 11, 9], "texture": "#0"},
				"up": {"uv": [0.25, 0.25, 0.75, 0.75], "rotation": 90, "texture": "#0"},
				"down": {"uv": [0.25, 0.25, 0.75, 0.75], "rotation": 270, "texture": "#0"}
			}
		},
		{
			"name": "voxel",
			"from": [4.19356, 7.46667, 6.14989],
			"to": [5.26023, 9.6, 9.34989],
			"rotation": {"angle": 0, "axis": "y", "origin": [7.871, 9.17603, 7.75502]},
			"faces": {
				"north": {"uv": [0.25, 0.25, 0.75, 0.75], "texture": "#0"},
				"east": {"uv": [5, 10, 8, 11], "texture": "#0"},
				"south": {"uv": [0.25, 0.25, 0.75, 0.75], "texture": "#0"},
				"west": {"uv": [0.25, 0.25, 0.75, 0.75], "texture": "#0"},
				"up": {"uv": [7, 10, 10, 11], "rotation": 90, "texture": "#0"},
				"down": {"uv": [0.25, 0.25, 0.75, 0.75], "rotation": 270, "texture": "#0"}
			}
		},
		{
			"name": "voxel",
			"from": [4.19356, 7.46667, 4.01655],
			"to": [5.26023, 10.66667, 5.08322],
			"rotation": {"angle": 0, "axis": "y", "origin": [7.871, 9.17603, 7.75502]},
			"faces": {
				"north": {"uv": [8, 9, 9, 12], "texture": "#0"},
				"east": {"uv": [0.25, 0.25, 0.75, 0.75], "texture": "#0"},
				"south": {"uv": [0.25, 0.25, 0.75, 0.75], "texture": "#0"},
				"west": {"uv": [6, 4, 7, 7], "texture": "#0"},
				"up": {"uv": [0.25, 0.25, 0.75, 0.75], "rotation": 90, "texture": "#0"},
				"down": {"uv": [0.25, 0.25, 0.75, 0.75], "rotation": 270, "texture": "#0"}
			}
		},
		{
			"name": "voxel",
			"from": [4.19356, 6.4, 9.34989],
			"to": [5.26023, 7.46667, 10.41655],
			"rotation": {"angle": 0, "axis": "y", "origin": [7.871, 9.17603, 7.75502]},
			"faces": {
				"north": {"uv": [0.25, 0.25, 0.75, 0.75], "texture": "#0"},
				"east": {"uv": [0.25, 0.25, 0.75, 0.75], "texture": "#missing"},
				"south": {"uv": [0.25, 0.25, 0.75, 0.75], "texture": "#0"},
				"west": {"uv": [14, 4, 14.5, 4.5], "texture": "#0"},
				"up": {"uv": [0.25, 0.25, 0.75, 0.75], "rotation": 90, "texture": "#0"},
				"down": {"uv": [0.25, 0.25, 0.75, 0.75], "rotation": 270, "texture": "#0"}
			}
		},
		{
			"name": "voxel",
			"from": [4.19356, 6.4, 5.08322],
			"to": [5.26023, 8.53333, 6.14989],
			"rotation": {"angle": 0, "axis": "y", "origin": [7.871, 9.17603, 7.75502]},
			"faces": {
				"north": {"uv": [0.25, 0.25, 0.75, 0.75], "texture": "#0"},
				"east": {"uv": [0.25, 0.25, 0.75, 0.75], "texture": "#0"},
				"south": {"uv": [0.25, 0.25, 0.75, 0.75], "texture": "#0"},
				"west": {"uv": [6, 7, 7, 10], "texture": "#0"},
				"up": {"uv": [0.25, 0.25, 0.75, 0.75], "rotation": 90, "texture": "#0"},
				"down": {"uv": [0.25, 0.25, 0.75, 0.75], "rotation": 270, "texture": "#0"}
			}
		},
		{
			"name": "voxel",
			"from": [4.19356, 5.33333, 6.14989],
			"to": [6.3269, 6.4, 9.34989],
			"rotation": {"angle": 0, "axis": "y", "origin": [7.871, 9.17603, 7.75502]},
			"faces": {
				"north": {"uv": [0.25, 0.25, 0.75, 0.75], "texture": "#0"},
				"east": {"uv": [0.25, 0.25, 0.75, 0.75], "texture": "#0"},
				"south": {"uv": [6, 8, 6.5, 8.5], "texture": "#0"},
				"west": {"uv": [4, 7, 7, 8], "texture": "#0"},
				"up": {"uv": [0.25, 0.25, 0.75, 0.75], "rotation": 90, "texture": "#0"},
				"down": {"uv": [5, 7, 8, 9], "rotation": 270, "texture": "#0"}
			}
		},
		{
			"name": "voxel",
			"from": [4.19356, 1.06667, 9.34989],
			"to": [11.66023, 2.13333, 10.41655],
			"rotation": {"angle": 0, "axis": "y", "origin": [7.871, 9.17603, 7.75502]},
			"faces": {
				"north": {"uv": [0.25, 0.25, 0.75, 0.75], "texture": "#0"},
				"east": {"uv": [0.25, 0.25, 0.75, 0.75], "texture": "#0"},
				"south": {"uv": [0.25, 0.25, 0.75, 0.75], "texture": "#0"},
				"west": {"uv": [0.25, 0.25, 0.75, 0.75], "texture": "#0"},
				"up": {"uv": [5, 6, 6, 13], "rotation": 90, "texture": "#0"},
				"down": {"uv": [0.25, 0.25, 0.75, 0.75], "rotation": 270, "texture": "#0"}
			}
		},
		{
			"name": "voxel",
			"from": [4.19356, 1.06667, 5.08322],
			"to": [11.66023, 2.13333, 6.14989],
			"rotation": {"angle": 0, "axis": "y", "origin": [7.871, 9.17603, 7.75502]},
			"faces": {
				"north": {"uv": [0.25, 0.25, 0.75, 0.75], "texture": "#0"},
				"east": {"uv": [0.25, 0.25, 0.75, 0.75], "texture": "#0"},
				"south": {"uv": [0.25, 0.25, 0.75, 0.75], "texture": "#0"},
				"west": {"uv": [0.25, 0.25, 0.75, 0.75], "texture": "#0"},
				"up": {"uv": [5, 6, 6, 13], "rotation": 90, "texture": "#0"},
				"down": {"uv": [0.25, 0.25, 0.75, 0.75], "rotation": 270, "texture": "#0"}
			}
		},
		{
			"name": "voxel",
			"from": [4.19356, 0, 10.41655],
			"to": [11.66023, 1.06667, 11.48322],
			"rotation": {"angle": 0, "axis": "y", "origin": [7.871, 9.17603, 7.75502]},
			"faces": {
				"north": {"uv": [0.25, 0.25, 0.75, 0.75], "texture": "#missing"},
				"east": {"uv": [0.25, 0.25, 0.75, 0.75], "texture": "#0"},
				"south": {"uv": [0.25, 0.25, 0.75, 0.75], "texture": "#0"},
				"west": {"uv": [0.25, 0.25, 0.75, 0.75], "texture": "#0"},
				"up": {"uv": [0.25, 0.25, 0.75, 0.75], "rotation": 90, "texture": "#0"},
				"down": {"uv": [0.25, 0.25, 0.75, 0.75], "rotation": 270, "texture": "#0"}
			}
		},
		{
			"name": "voxel",
			"from": [4.19356, 0, 4.01655],
			"to": [11.66023, 1.06667, 5.08322],
			"rotation": {"angle": 0, "axis": "y", "origin": [7.871, 9.17603, 7.75502]},
			"faces": {
				"north": {"uv": [0.25, 0.25, 0.75, 0.75], "texture": "#0"},
				"east": {"uv": [0.25, 0.25, 0.75, 0.75], "texture": "#0"},
				"south": {"uv": [0.25, 0.25, 0.75, 0.75], "texture": "#0"},
				"west": {"uv": [8, 1, 8.5, 1.5], "texture": "#0"},
				"up": {"uv": [0.25, 0.25, 0.75, 0.75], "rotation": 90, "texture": "#0"},
				"down": {"uv": [0.25, 0.25, 0.75, 0.75], "rotation": 270, "texture": "#0"}
			}
		},
		{
			"name": "voxel",
			"from": [3.1269, 14.93333, 11.48322],
			"to": [12.7269, 16, 12.54989],
			"rotation": {"angle": 0, "axis": "y", "origin": [7.871, 9.17603, 7.75502]},
			"faces": {
				"north": {"uv": [5, 8, 11, 9], "texture": "#0"},
				"east": {"uv": [0.25, 0.25, 0.75, 0.75], "texture": "#2"},
				"south": {"uv": [2, 2, 12, 3], "texture": "#0"},
				"west": {"uv": [0.25, 0.25, 0.75, 0.75], "texture": "#0"},
				"up": {"uv": [4, 4, 5, 14], "rotation": 90, "texture": "#0"},
				"down": {"uv": [0.25, 0.25, 0.75, 0.75], "rotation": 270, "texture": "#0"}
			}
		},
		{
			"name": "voxel",
			"from": [3.1269, 14.93333, 9.34989],
			"to": [5.26023, 16, 10.41655],
			"rotation": {"angle": 0, "axis": "y", "origin": [7.871, 9.17603, 7.75502]},
			"faces": {
				"north": {"uv": [0.25, 0.25, 0.75, 0.75], "texture": "#0"},
				"east": {"uv": [0.25, 0.25, 0.75, 0.75], "texture": "#0"},
				"south": {"uv": [0.25, 0.25, 0.75, 0.75], "texture": "#0"},
				"west": {"uv": [0.25, 0.25, 0.75, 0.75], "texture": "#0"},
				"up": {"uv": [0.25, 0.25, 0.75, 0.75], "rotation": 90, "texture": "#0"},
				"down": {"uv": [0.25, 0.25, 0.75, 0.75], "rotation": 270, "texture": "#0"}
			}
		},
		{
			"name": "voxel",
			"from": [3.1269, 14.93333, 5.08322],
			"to": [5.26023, 16, 6.14989],
			"rotation": {"angle": 0, "axis": "y", "origin": [7.871, 9.17603, 7.75502]},
			"faces": {
				"north": {"uv": [0.25, 0.25, 0.75, 0.75], "texture": "#0"},
				"east": {"uv": [0.25, 0.25, 0.75, 0.75], "texture": "#0"},
				"south": {"uv": [0.25, 0.25, 0.75, 0.75], "texture": "#0"},
				"west": {"uv": [0.25, 0.25, 0.75, 0.75], "texture": "#0"},
				"up": {"uv": [7, 4, 8, 6], "rotation": 90, "texture": "#0"},
				"down": {"uv": [0.25, 0.25, 0.75, 0.75], "rotation": 270, "texture": "#0"}
			}
		},
		{
			"name": "voxel",
			"from": [3.1269, 14.93333, 2.94989],
			"to": [12.7269, 16, 4.01655],
			"rotation": {"angle": 0, "axis": "y", "origin": [7.871, 9.17603, 7.75502]},
			"faces": {
				"north": {"uv": [4, 8, 13, 9], "texture": "#0"},
				"east": {"uv": [0.25, 0.25, 0.75, 0.75], "texture": "#0"},
				"south": {"uv": [5, 8, 10, 9], "texture": "#0"},
				"west": {"uv": [0.25, 0.25, 0.75, 0.75], "texture": "#0"},
				"up": {"uv": [5, 6, 6, 11], "rotation": 90, "texture": "#0"},
				"down": {"uv": [0.25, 0.25, 0.75, 0.75], "rotation": 270, "texture": "#0"}
			}
		},
		{
			"name": "voxel",
			"from": [3.1269, 11.73333, 8.28322],
			"to": [4.19356, 14.93333, 9.34989],
			"rotation": {"angle": 0, "axis": "y", "origin": [7.871, 9.17603, 7.75502]},
			"faces": {
				"north": {"uv": [0.25, 0.25, 0.75, 0.75], "texture": "#0"},
				"east": {"uv": [0.25, 0.25, 0.75, 0.75], "texture": "#0"},
				"south": {"uv": [0.25, 0.25, 0.75, 0.75], "texture": "#0"},
				"west": {"uv": [0.25, 0.25, 0.75, 0.75], "texture": "#0"},
				"up": {"uv": [0.25, 0.25, 0.75, 0.75], "rotation": 90, "texture": "#0"},
				"down": {"uv": [0.25, 0.25, 0.75, 0.75], "rotation": 270, "texture": "#0"}
			}
		},
		{
			"name": "voxel",
			"from": [3.1269, 11.73333, 6.14989],
			"to": [4.19356, 14.93333, 7.21655],
			"rotation": {"angle": 0, "axis": "y", "origin": [7.871, 9.17603, 7.75502]},
			"faces": {
				"north": {"uv": [0.25, 0.25, 0.75, 0.75], "texture": "#0"},
				"east": {"uv": [9, 6, 10, 10], "texture": "#0"},
				"south": {"uv": [0.25, 0.25, 0.75, 0.75], "texture": "#0"},
				"west": {"uv": [0.25, 0.25, 0.75, 0.75], "texture": "#0"},
				"up": {"uv": [0.25, 0.25, 0.75, 0.75], "rotation": 90, "texture": "#0"},
				"down": {"uv": [0.25, 0.25, 0.75, 0.75], "rotation": 270, "texture": "#0"}
			}
		},
		{
			"name": "voxel",
			"from": [3.1269, 10.66667, 10.41655],
			"to": [5.29356, 16, 11.48322],
			"rotation": {"angle": 0, "axis": "y", "origin": [7.871, 9.17603, 7.75502]},
			"faces": {
				"north": {"uv": [0.25, 0.25, 0.75, 0.75], "texture": "#missing"},
				"east": {"uv": [8, 5, 9, 8], "texture": "#0"},
				"south": {"uv": [1, 1, 3, 10], "texture": "#0"},
				"west": {"uv": [10, 5, 11, 10], "texture": "#0"},
				"up": {"uv": [0.25, 0.25, 0.75, 0.75], "rotation": 90, "texture": "#0"},
				"down": {"uv": [0.25, 0.25, 0.75, 0.75], "rotation": 270, "texture": "#0"}
			}
		},
		{
			"name": "voxel",
			"from": [3.1269, 10.66667, 4.01655],
			"to": [5.19356, 16, 5.08322],
			"rotation": {"angle": 0, "axis": "y", "origin": [7.871, 9.17603, 7.75502]},
			"faces": {
				"north": {"uv": [5, 7, 6, 12], "texture": "#0"},
				"east": {"uv": [11, 5, 12, 10], "texture": "#0"},
				"south": {"uv": [0.25, 0.25, 0.75, 0.75], "texture": "#0"},
				"west": {"uv": [13, 2, 14, 8], "texture": "#0"},
				"up": {"uv": [10, 9, 11, 11], "rotation": 90, "texture": "#0"},
				"down": {"uv": [0.25, 0.25, 0.75, 0.75], "rotation": 270, "texture": "#0"}
			}
		},
		{
			"name": "voxel",
			"from": [3.1269, 9.6, 7.21655],
			"to": [4.19356, 14.93333, 8.28322],
			"rotation": {"angle": 0, "axis": "y", "origin": [7.871, 9.17603, 7.75502]},
			"faces": {
				"north": {"uv": [0.25, 0.25, 0.75, 0.75], "texture": "#0"},
				"east": {"uv": [10, 7, 11, 11], "texture": "#0"},
				"south": {"uv": [0.25, 0.25, 0.75, 0.75], "texture": "#0"},
				"west": {"uv": [0.25, 0.25, 0.75, 0.75], "texture": "#0"},
				"up": {"uv": [0.25, 0.25, 0.75, 0.75], "rotation": 90, "texture": "#0"},
				"down": {"uv": [0.25, 0.25, 0.75, 0.75], "rotation": 270, "texture": "#0"}
			}
		},
		{
			"name": "voxel",
			"from": [3.1269, 8.53333, 5.08322],
			"to": [4.19356, 11.73333, 6.14989],
			"rotation": {"angle": 0, "axis": "y", "origin": [7.871, 9.17603, 7.75502]},
			"faces": {
				"north": {"uv": [7, 5, 8, 8], "texture": "#0"},
				"east": {"uv": [0.25, 0.25, 0.75, 0.75], "texture": "#0"},
				"south": {"uv": [0.25, 0.25, 0.75, 0.75], "texture": "#0"},
				"west": {"uv": [11, 6, 12, 9], "texture": "#0"},
				"up": {"uv": [0.25, 0.25, 0.75, 0.75], "rotation": 90, "texture": "#0"},
				"down": {"uv": [0.25, 0.25, 0.75, 0.75], "rotation": 270, "texture": "#0"}
			}
		},
		{
			"name": "voxel",
			"from": [3.1269, 7.46667, 9.34989],
			"to": [4.19356, 11.73333, 10.41655],
			"rotation": {"angle": 0, "axis": "y", "origin": [7.871, 9.17603, 7.75502]},
			"faces": {
				"north": {"uv": [0.25, 0.25, 0.75, 0.75], "texture": "#0"},
				"east": {"uv": [0.25, 0.25, 0.75, 0.75], "texture": "#missing"},
				"south": {"uv": [2, 1, 3, 5], "texture": "#0"},
				"west": {"uv": [9, 5, 10, 10], "texture": "#0"},
				"up": {"uv": [0.25, 0.25, 0.75, 0.75], "rotation": 90, "texture": "#0"},
				"down": {"uv": [0.25, 0.25, 0.75, 0.75], "rotation": 270, "texture": "#0"}
			}
		},
		{
			"name": "voxel",
			"from": [3.1269, 6.4, 8.28322],
			"to": [4.19356, 10.66667, 9.34989],
			"rotation": {"angle": 0, "axis": "y", "origin": [7.871, 9.17603, 7.75502]},
			"faces": {
				"north": {"uv": [0.25, 0.25, 0.75, 0.75], "texture": "#0"},
				"east": {"uv": [0.25, 0.25, 0.75, 0.75], "texture": "#0"},
				"south": {"uv": [0.25, 0.25, 0.75, 0.75], "texture": "#0"},
				"west": {"uv": [9, 4, 10, 8], "texture": "#0"},
				"up": {"uv": [0.25, 0.25, 0.75, 0.75], "rotation": 90, "texture": "#0"},
				"down": {"uv": [0.25, 0.25, 0.75, 0.75], "rotation": 270, "texture": "#0"}
			}
		},
		{
			"name": "voxel",
			"from": [3.1269, 6.4, 6.14989],
			"to": [4.19356, 10.66667, 7.21655],
			"rotation": {"angle": 0, "axis": "y", "origin": [7.871, 9.17603, 7.75502]},
			"faces": {
				"north": {"uv": [10, 5, 11, 10], "texture": "#0"},
				"east": {"uv": [0.25, 0.25, 0.75, 0.75], "texture": "#0"},
				"south": {"uv": [0.25, 0.25, 0.75, 0.75], "texture": "#0"},
				"west": {"uv": [9, 7, 10, 11], "texture": "#0"},
				"up": {"uv": [0.25, 0.25, 0.75, 0.75], "rotation": 90, "texture": "#0"},
				"down": {"uv": [0.25, 0.25, 0.75, 0.75], "rotation": 270, "texture": "#0"}
			}
		},
		{
			"name": "voxel",
			"from": [3.1269, 1.06667, 6.14989],
			"to": [6.3269, 2.13333, 9.34989],
			"rotation": {"angle": 0, "axis": "y", "origin": [7.871, 9.17603, 7.75502]},
			"faces": {
				"north": {"uv": [0.25, 0.25, 0.75, 0.75], "texture": "#0"},
				"east": {"uv": [0.25, 0.25, 0.75, 0.75], "texture": "#0"},
				"south": {"uv": [0.25, 0.25, 0.75, 0.75], "texture": "#0"},
				"west": {"uv": [6, 2, 9, 3], "texture": "#0"},
				"up": {"uv": [5, 8, 8, 11], "rotation": 90, "texture": "#0"},
				"down": {"uv": [0.25, 0.25, 0.75, 0.75], "rotation": 270, "texture": "#0"}
			}
		},
		{
			"name": "voxel",
			"from": [3.1269, 0, 5.08322],
			"to": [12.7269, 1.06667, 10.41655],
			"rotation": {"angle": 0, "axis": "y", "origin": [7.871, 9.17603, 7.75502]},
			"faces": {
				"north": {"uv": [8, 5, 8.5, 5.5], "texture": "#0"},
				"east": {"uv": [5, 10, 10, 11], "texture": "#0"},
				"south": {"uv": [0.25, 0.25, 0.75, 0.75], "texture": "#0"},
				"west": {"uv": [5, 2, 10, 3], "texture": "#0"},
				"up": {"uv": [0.25, 0.25, 0.75, 0.75], "rotation": 90, "texture": "#0"},
				"down": {"uv": [0.25, 0.25, 0.75, 0.75], "rotation": 270, "texture": "#0"}
			}
		},
		{
			"name": "voxel",
			"from": [13.76023, 10.66667, 6.16655],
			"to": [15.9269, 11.73333, 9.34989],
			"rotation": {"angle": 0, "axis": "y", "origin": [14.6769, 13.33333, 7.75266]},
			"faces": {
				"north": {"uv": [8, 5, 10, 6], "texture": "#0"},
				"east": {"uv": [5, 10, 8, 11], "texture": "#0"},
				"south": {"uv": [9, 4, 11, 5], "texture": "#0"},
				"west": {"uv": [0.25, 0.25, 0.75, 0.75], "texture": "#0"},
				"up": {"uv": [0.25, 0.25, 0.75, 0.75], "rotation": 90, "texture": "#0"},
				"down": {"uv": [5, 6, 8, 9], "rotation": 270, "texture": "#0"}
			}
		},
		{
			"name": "voxel",
			"from": [2.06023, 11.73333, 9.34989],
			"to": [3.1269, 16, 10.41655],
			"rotation": {"angle": 0, "axis": "y", "origin": [7.871, 9.17603, 7.75502]},
			"faces": {
				"north": {"uv": [0.25, 0.25, 0.75, 0.75], "texture": "#0"},
				"east": {"uv": [0.25, 0.25, 0.75, 0.75], "texture": "#missing"},
				"south": {"uv": [6, 8, 7, 12], "texture": "#0"},
				"west": {"uv": [10, 6, 11, 10], "texture": "#0"},
				"up": {"uv": [5, 8, 5.5, 8.5], "rotation": 90, "texture": "#0"},
				"down": {"uv": [0.25, 0.25, 0.75, 0.75], "rotation": 270, "texture": "#0"}
			}
		},
		{
			"name": "voxel",
			"from": [2.06023, 11.73333, 5.08322],
			"to": [3.1269, 16, 6.14989],
			"rotation": {"angle": 0, "axis": "y", "origin": [7.871, 9.17603, 7.75502]},
			"faces": {
				"north": {"uv": [10, 7, 11, 11], "texture": "#0"},
				"east": {"uv": [0.25, 0.25, 0.75, 0.75], "texture": "#0"},
				"south": {"uv": [0.25, 0.25, 0.75, 0.75], "texture": "#0"},
				"west": {"uv": [4, 8, 5, 12], "texture": "#0"},
				"up": {"uv": [5, 1, 5.5, 1.5], "rotation": 90, "texture": "#0"},
				"down": {"uv": [0.25, 0.25, 0.75, 0.75], "rotation": 270, "texture": "#0"}
			}
		},
		{
			"name": "voxel",
			"from": [2.06023, 10.66667, 8.28322],
			"to": [4.19356, 11.73333, 9.34989],
			"rotation": {"angle": 0, "axis": "y", "origin": [7.871, 9.17603, 7.75502]},
			"faces": {
				"north": {"uv": [0.25, 0.25, 0.75, 0.75], "texture": "#0"},
				"east": {"uv": [0.25, 0.25, 0.75, 0.75], "texture": "#0"},
				"south": {"uv": [0.25, 0.25, 0.75, 0.75], "texture": "#0"},
				"west": {"uv": [0.25, 0.25, 0.75, 0.75], "texture": "#0"},
				"up": {"uv": [0.25, 0.25, 0.75, 0.75], "rotation": 90, "texture": "#0"},
				"down": {"uv": [0.25, 0.25, 0.75, 0.75], "rotation": 270, "texture": "#0"}
			}
		},
		{
			"name": "voxel",
			"from": [14.86023, 11.73333, 6.14989],
			"to": [15.9269, 14.93333, 9.34989],
			"rotation": {"angle": 0, "axis": "y", "origin": [14.6769, 13.33333, 7.75266]},
			"faces": {
				"north": {"uv": [6, 8, 7, 11], "texture": "#0"},
				"east": {"uv": [8, 5, 12, 9], "texture": "#0"},
				"south": {"uv": [11, 5, 12, 8], "texture": "#0"},
				"west": {"uv": [0.25, 0.25, 0.75, 0.75], "texture": "#0"},
				"up": {"uv": [0.25, 0.25, 0.75, 0.75], "rotation": 90, "texture": "#0"},
				"down": {"uv": [0.25, 0.25, 0.75, 0.75], "rotation": 270, "texture": "#0"}
			}
		},
		{
			"name": "voxel",
			"from": [2.06023, 10.66667, 6.14989],
			"to": [4.19356, 11.73333, 7.21655],
			"rotation": {"angle": 0, "axis": "y", "origin": [7.871, 9.17603, 7.75502]},
			"faces": {
				"north": {"uv": [0.25, 0.25, 0.75, 0.75], "texture": "#0"},
				"east": {"uv": [0.25, 0.25, 0.75, 0.75], "texture": "#0"},
				"south": {"uv": [0.25, 0.25, 0.75, 0.75], "texture": "#0"},
				"west": {"uv": [0.25, 0.25, 0.75, 0.75], "texture": "#0"},
				"up": {"uv": [0.25, 0.25, 0.75, 0.75], "rotation": 90, "texture": "#0"},
				"down": {"uv": [0.25, 0.25, 0.75, 0.75], "rotation": 270, "texture": "#0"}
			}
		},
		{
			"name": "voxel",
			"from": [2.06023, 6.4, 7.21655],
			"to": [4.19356, 7.46667, 8.28322],
			"rotation": {"angle": 0, "axis": "y", "origin": [7.871, 9.17603, 7.75502]},
			"faces": {
				"north": {"uv": [0.25, 0.25, 0.75, 0.75], "texture": "#0"},
				"east": {"uv": [0.25, 0.25, 0.75, 0.75], "texture": "#0"},
				"south": {"uv": [8, 2, 8.5, 2.5], "texture": "#0"},
				"west": {"uv": [0.25, 0.25, 0.75, 0.75], "texture": "#0"},
				"up": {"uv": [0.25, 0.25, 0.75, 0.75], "rotation": 90, "texture": "#0"},
				"down": {"uv": [4, 1, 5, 3], "rotation": 270, "texture": "#0"}
			}
		},
		{
			"name": "voxel",
			"from": [11.66023, 14.93333, 6.14989],
			"to": [15.9269, 16, 9.34989],
			"rotation": {"angle": 0, "axis": "y", "origin": [14.6769, 13.33333, 7.75266]},
			"faces": {
				"north": {"uv": [9, 6, 11, 7], "texture": "#0"},
				"east": {"uv": [7, 4, 10, 5], "texture": "#0"},
				"south": {"uv": [0.25, 0.25, 0.75, 0.75], "texture": "#0"},
				"west": {"uv": [9, 7, 12, 8], "texture": "#0"},
				"up": {"uv": [4, 7, 7, 11], "rotation": 90, "texture": "#0"},
				"down": {"uv": [0.25, 0.25, 0.75, 0.75], "rotation": 270, "texture": "#0"}
			}
		},
		{
			"name": "voxel",
			"from": [0.0731, 10.66667, 6.16655],
			"to": [2.23977, 11.73333, 9.34989],
			"rotation": {"angle": 0, "axis": "y", "origin": [1.3231, 13.33333, 7.75266]},
			"faces": {
				"north": {"uv": [7, 11, 5, 12], "texture": "#0"},
				"east": {"uv": [0.75, 0.25, 0.25, 0.75], "texture": "#0"},
				"south": {"uv": [6, 2, 4, 3], "texture": "#0"},
				"west": {"uv": [10, 5, 7, 6], "texture": "#0"},
				"up": {"uv": [0.25, 0.75, 0.75, 0.25], "rotation": 90, "texture": "#0"},
				"down": {"uv": [6, 11, 9, 8], "rotation": 270, "texture": "#0"}
			}
		},
		{
			"name": "voxel",
			"from": [0.0731, 11.73333, 6.14989],
			"to": [1.13977, 14.93333, 9.34989],
			"rotation": {"angle": 0, "axis": "y", "origin": [1.3231, 13.33333, 7.75266]},
			"faces": {
				"north": {"uv": [6, 9, 5, 12], "texture": "#0"},
				"east": {"uv": [0.75, 0.25, 0.25, 0.75], "texture": "#0"},
				"south": {"uv": [3, 1, 2, 4], "texture": "#0"},
				"west": {"uv": [7, 5, 4, 8], "texture": "#0"},
				"up": {"uv": [0.25, 0.75, 0.75, 0.25], "rotation": 90, "texture": "#0"},
				"down": {"uv": [0.25, 0.75, 0.75, 0.25], "rotation": 270, "texture": "#0"}
			}
		},
		{
			"name": "voxel",
			"from": [0.0731, 14.93333, 6.14989],
			"to": [4.33977, 16, 9.34989],
			"rotation": {"angle": 0, "axis": "y", "origin": [1.3231, 13.33333, 7.75266]},
			"faces": {
				"north": {"uv": [9, 11, 5, 12], "texture": "#0"},
				"east": {"uv": [9, 2, 6, 3], "texture": "#0"},
				"south": {"uv": [5, 2, 1, 3], "texture": "#0"},
				"west": {"uv": [4, 2, 1, 3], "texture": "#0"},
				"up": {"uv": [8, 9, 11, 5], "rotation": 90, "texture": "#0"},
				"down": {"uv": [0.25, 0.75, 0.75, 0.25], "rotation": 270, "texture": "#0"}
			}
		},
		{
			"name": "voxel",
			"from": [1.99356, 7.46667, 7.21655],
			"to": [3.1269, 10.66667, 8.28322],
			"rotation": {"angle": 0, "axis": "y", "origin": [7.871, 9.17603, 7.75502]},
			"faces": {
				"north": {"uv": [10, 8, 11, 11], "texture": "#0"},
				"east": {"uv": [0.25, 0.25, 0.75, 0.75], "texture": "#0"},
				"south": {"uv": [13, 7, 14, 10], "texture": "#0"},
				"west": {"uv": [4, 8, 5, 12], "texture": "#0"},
				"up": {"uv": [0.25, 0.25, 0.75, 0.75], "rotation": 90, "texture": "#0"},
				"down": {"uv": [0.25, 0.25, 0.75, 0.75], "rotation": 270, "texture": "#0"}
			}
		}
	],
	"display": {
		"thirdperson_righthand": {
			"rotation": [59, 0, 0],
			"translation": [-6, 2, 0.75],
			"scale": [0.8, 0.8, 0.8]
		},
		"thirdperson_lefthand": {
			"rotation": [57, 0, 0],
			"translation": [-6, 2, 1.75],
			"scale": [0.8, 0.8, 0.8]
		},
		"firstperson_righthand": {
			"translation": [2.75, 0, 0]
		},
		"firstperson_lefthand": {
			"translation": [3, 0, 0]
		},
		"ground": {
			"translation": [0, 4.25, 0]
		},
		"gui": {
			"translation": [0, -0.5, 0]
		},
		"head": {
			"translation": [0, 14.25, 0]
		},
		"fixed": {
			"rotation": [-90, 0, 0],
			"translation": [0, 0, -16],
			"scale": [2, 2, 2]
		}
	},
	"groups": [
		{
			"name": "voxel_file",
			"origin": [8, 8, 8],
			"color": 0,
			"children": [0, 1, 2, 3, 4, 5, 6, 7, 8, 9, 10, 11, 12, 13, 14, 15, 16, 17, 18, 19, 20, 21, 22, 23, 24, 25, 26, 27, 28, 29, 30, 31, 32, 33, 34, 35, 36, 37, 38, 39, 40, 41, 42, 43, 44, 45, 46, 47, 48, 49, 50, 51, 52, 53, 54, 55, 56, 57, 58, 59, 60, 61, 62, 63, 64, 65, 66, 67, 68, 69, 70, 71, 72, 73, 74, 75, 76, 77, 78, 79, 80, 81, 82, 83, 84, 85, 86, 87, 88, 89, 90, 91, 92, 93, 94, 95, 96, 97, 98, 99, 100, 101, 102, 103, 104, 105, 106, 107, 108, 109, 110, 111, 112, 113, 114, 115, 116, 117, 118, 119, 120, 121]
		}
	]
}