{
	"credit": "Made with Blockbench",
	"texture_size": [128, 128],
	"textures": {
		"1": "item/decor/bamboo/bamboo_drawer",
		"particle": "item/decor/bamboo/bamboo_drawer"
	},
	"elements": [
		{
			"from": [-10, 0, 0.5],
			"to": [-8, 20, 2.5],
			"rotation": {"angle": 0, "axis": "y", "origin": [0, 0, 0.5]},
			"faces": {
				"north": {"uv": [3.75, 7, 4, 9.5], "texture": "#1"},
				"east": {"uv": [4, 7, 4.25, 9.5], "texture": "#1"},
				"south": {"uv": [4.25, 7, 4.5, 9.5], "texture": "#1"},
				"west": {"uv": [4.5, 7, 4.75, 9.5], "texture": "#1"},
				"up": {"uv": [12.375, 9.25, 12.125, 9], "texture": "#1"},
				"down": {"uv": [12.5, 1.5, 12.25, 1.75], "texture": "#1"}
			}
		},
		{
			"from": [-4, 5, 0.5],
			"to": [20, 9, 1.5],
			"rotation": {"angle": 0, "axis": "y", "origin": [16, 0, 0.5]},
			"faces": {
				"north": {"uv": [6, 4.5, 9, 5], "texture": "#1"},
				"east": {"uv": [3.625, 7.25, 3.75, 7.75], "texture": "#1"},
				"south": {"uv": [6, 5, 9, 5.5], "texture": "#1"},
				"west": {"uv": [2.5, 7.75, 2.625, 8.25], "texture": "#1"},
				"up": {"uv": [14.75, 7, 11.75, 6.875], "texture": "#1"},
				"down": {"uv": [14.875, 5.75, 11.875, 5.875], "texture": "#1"}
			}
		},
		{
			"from": [20, 5, -0.5],
			"to": [22, 9, 1.5],
			"rotation": {"angle": 0, "axis": "y", "origin": [16, 0, 0.5]},
			"faces": {
				"north": {"uv": [4.75, 11.625, 5, 12.125], "texture": "#1"},
				"east": {"uv": [10.125, 11.875, 10.375, 12.375], "texture": "#1"},
				"south": {"uv": [10.375, 11.875, 10.625, 12.375], "texture": "#1"},
				"west": {"uv": [2, 12, 2.25, 12.5], "texture": "#1"},
				"up": {"uv": [12.5, 8.25, 12.25, 8], "texture": "#1"},
				"down": {"uv": [0.25, 12.375, 0, 12.625], "texture": "#1"}
			}
		},
		{
			"from": [20, 14, -0.5],
			"to": [22, 17, 1.5],
			"rotation": {"angle": 0, "axis": "y", "origin": [16, 0, 0.5]},
			"faces": {
				"north": {"uv": [4.5, 12.125, 4.75, 12.5], "texture": "#1"},
				"east": {"uv": [4.75, 12.125, 5, 12.5], "texture": "#1"},
				"south": {"uv": [12.125, 8.25, 12.375, 8.625], "texture": "#1"},
				"west": {"uv": [12.125, 8.625, 12.375, 9], "texture": "#1"},
				"up": {"uv": [0.5, 12.625, 0.25, 12.375], "texture": "#1"},
				"down": {"uv": [0.75, 12.375, 0.5, 12.625], "texture": "#1"}
			}
		},
		{
			"from": [10, 14, -0.5],
			"to": [12, 17, 1.5],
			"rotation": {"angle": 0, "axis": "y", "origin": [0, 0, 0.5]},
			"faces": {
				"north": {"uv": [12.25, 0, 12.5, 0.375], "texture": "#1"},
				"east": {"uv": [12.25, 0.375, 12.5, 0.75], "texture": "#1"},
				"south": {"uv": [12.25, 0.75, 12.5, 1.125], "texture": "#1"},
				"west": {"uv": [12.25, 1.125, 12.5, 1.5], "texture": "#1"},
				"up": {"uv": [1, 12.625, 0.75, 12.375], "texture": "#1"},
				"down": {"uv": [1.25, 12.375, 1, 12.625], "texture": "#1"}
			}
		},
		{
			"from": [-6, 5, -0.5],
			"to": [-4, 9, 1.5],
			"rotation": {"angle": 0, "axis": "y", "origin": [0, 0, 0.5]},
			"faces": {
				"north": {"uv": [2.25, 12, 2.5, 12.5], "texture": "#1"},
				"east": {"uv": [3.75, 12.125, 4, 12.625], "texture": "#1"},
				"south": {"uv": [4, 12.125, 4.25, 12.625], "texture": "#1"},
				"west": {"uv": [4.25, 12.125, 4.5, 12.625], "texture": "#1"},
				"up": {"uv": [1.5, 12.625, 1.25, 12.375], "texture": "#1"},
				"down": {"uv": [1.75, 12.375, 1.5, 12.625], "texture": "#1"}
			}
		},
		{
			"from": [-7, 3, -0.5],
			"to": [23, 5, 1.5],
			"rotation": {"angle": 0, "axis": "y", "origin": [16, 0, 0.5]},
			"faces": {
				"north": {"uv": [6, 5.5, 9.75, 5.75], "texture": "#1"},
				"east": {"uv": [1.75, 12.375, 2, 12.625], "texture": "#1"},
				"south": {"uv": [6, 5.75, 9.75, 6], "texture": "#1"},
				"west": {"uv": [3, 12.375, 3.25, 12.625], "texture": "#1"},
				"up": {"uv": [9.75, 6.25, 6, 6], "texture": "#1"},
				"down": {"uv": [9.75, 6.25, 6, 6.5], "texture": "#1"}
			}
		},
		{
			"from": [-7, 9, -0.5],
			"to": [23, 11, 1.5],
			"rotation": {"angle": 0, "axis": "y", "origin": [16, 0, 0.5]},
			"faces": {
				"north": {"uv": [6, 6.5, 9.75, 6.75], "texture": "#1"},
				"east": {"uv": [3.25, 12.375, 3.5, 12.625], "texture": "#1"},
				"south": {"uv": [0, 6.75, 3.75, 7], "texture": "#1"},
				"west": {"uv": [3.5, 12.375, 3.75, 12.625], "texture": "#1"},
				"up": {"uv": [7.5, 7, 3.75, 6.75], "texture": "#1"},
				"down": {"uv": [3.75, 7, 0, 7.25], "texture": "#1"}
			}
		},
		{
			"from": [9, 12, -0.5],
			"to": [23, 14, 1.5],
			"rotation": {"angle": 0, "axis": "y", "origin": [16, 0, 0.5]},
			"faces": {
				"north": {"uv": [11.5, 7, 13.25, 7.25], "texture": "#1"},
				"east": {"uv": [5, 12.375, 5.25, 12.625], "texture": "#1"},
				"south": {"uv": [11.5, 7.25, 13.25, 7.5], "texture": "#1"},
				"west": {"uv": [5.25, 12.375, 5.5, 12.625], "texture": "#1"},
				"up": {"uv": [13.25, 7.75, 11.5, 7.5], "texture": "#1"},
				"down": {"uv": [13.25, 7.75, 11.5, 8], "texture": "#1"}
			}
		},
		{
			"from": [9, 17, -0.5],
			"to": [23, 19, 1.5],
			"rotation": {"angle": 0, "axis": "y", "origin": [16, 0, 0.5]},
			"faces": {
				"north": {"uv": [11.5, 10.25, 13.25, 10.5], "texture": "#1"},
				"east": {"uv": [5.5, 12.375, 5.75, 12.625], "texture": "#1"},
				"south": {"uv": [11.5, 10.5, 13.25, 10.75], "texture": "#1"},
				"west": {"uv": [5.75, 12.375, 6, 12.625], "texture": "#1"},
				"up": {"uv": [13.25, 11, 11.5, 10.75], "texture": "#1"},
				"down": {"uv": [13.25, 11, 11.5, 11.25], "texture": "#1"}
			}
		},
		{
			"from": [5, 6, -0.5],
			"to": [11, 8, 0.5],
			"rotation": {"angle": 0, "axis": "y", "origin": [16, 0, 0.5]},
			"faces": {
				"north": {"uv": [11.5, 12, 12.25, 12.25], "texture": "#1"},
				"east": {"uv": [2.5, 8.625, 2.625, 8.875], "texture": "#1"},
				"south": {"uv": [3, 12.125, 3.75, 12.375], "texture": "#1"},
				"west": {"uv": [2.5, 8.875, 2.625, 9.125], "texture": "#1"},
				"up": {"uv": [9.75, 5.5, 9, 5.375], "texture": "#1"},
				"down": {"uv": [10, 3.75, 9.25, 3.875], "texture": "#1"}
			}
		},
		{
			"from": [12, 14, 0.5],
			"to": [20, 17, 1.5],
			"rotation": {"angle": 0, "axis": "y", "origin": [16, 0, 0.5]},
			"faces": {
				"north": {"uv": [11.875, 5.875, 12.875, 6.25], "texture": "#1"},
				"east": {"uv": [3.625, 7.75, 3.75, 8.125], "texture": "#1"},
				"south": {"uv": [11.875, 6.25, 12.875, 6.625], "texture": "#1"},
				"west": {"uv": [3.625, 8.125, 3.75, 8.5], "texture": "#1"},
				"up": {"uv": [9, 4.5, 8, 4.375], "texture": "#1"},
				"down": {"uv": [9.25, 3.75, 8.25, 3.875], "texture": "#1"}
			}
		},
		{
			"from": [14, 15, -0.5],
			"to": [18, 16, 0.5],
			"rotation": {"angle": 0, "axis": "y", "origin": [16, 0, 0.5]},
			"faces": {
				"north": {"uv": [10.75, 6.625, 11.25, 6.75], "texture": "#1"},
				"east": {"uv": [3.625, 8.875, 3.75, 9], "texture": "#1"},
				"south": {"uv": [11.125, 5.25, 11.625, 5.375], "texture": "#1"},
				"west": {"uv": [3.625, 9, 3.75, 9.125], "texture": "#1"},
				"up": {"uv": [11.75, 6.75, 11.25, 6.625], "texture": "#1"},
				"down": {"uv": [3.5, 11.5, 3, 11.625], "texture": "#1"}
			}
		},
		{
			"from": [-7, 12, -0.5],
			"to": [7, 14, 1.5],
			"rotation": {"angle": 0, "axis": "y", "origin": [0, 0, 0.5]},
			"faces": {
				"north": {"uv": [11.5, 11.25, 13.25, 11.5], "texture": "#1"},
				"east": {"uv": [6, 12.375, 6.25, 12.625], "texture": "#1"},
				"south": {"uv": [11.5, 11.5, 13.25, 11.75], "texture": "#1"},
				"west": {"uv": [6.25, 12.375, 6.5, 12.625], "texture": "#1"},
				"up": {"uv": [4.75, 11.875, 3, 11.625], "texture": "#1"},
				"down": {"uv": [13.5, 6.625, 11.75, 6.875], "texture": "#1"}
			}
		},
		{
			"from": [4, 14, -0.5],
			"to": [6, 17, 1.5],
			"rotation": {"angle": 0, "axis": "y", "origin": [16, 0, 0.5]},
			"faces": {
				"north": {"uv": [12.25, 3.75, 12.5, 4.125], "texture": "#1"},
				"east": {"uv": [7, 12.25, 7.25, 12.625], "texture": "#1"},
				"south": {"uv": [7.25, 12.25, 7.5, 12.625], "texture": "#1"},
				"west": {"uv": [7.5, 12.25, 7.75, 12.625], "texture": "#1"},
				"up": {"uv": [6.75, 12.625, 6.5, 12.375], "texture": "#1"},
				"down": {"uv": [7, 12.375, 6.75, 12.625], "texture": "#1"}
			}
		},
		{
			"from": [-7, 17, -0.5],
			"to": [7, 19, 1.5],
			"rotation": {"angle": 0, "axis": "y", "origin": [0, 0, 0.5]},
			"faces": {
				"north": {"uv": [11.5, 11.75, 13.25, 12], "texture": "#1"},
				"east": {"uv": [12.375, 8.25, 12.625, 8.5], "texture": "#1"},
				"south": {"uv": [3, 11.875, 4.75, 12.125], "texture": "#1"},
				"west": {"uv": [12.375, 8.5, 12.625, 8.75], "texture": "#1"},
				"up": {"uv": [13.625, 5.5, 11.875, 5.25], "texture": "#1"},
				"down": {"uv": [13.625, 5.5, 11.875, 5.75], "texture": "#1"}
			}
		},
		{
			"from": [-6, 14, -0.5],
			"to": [-4, 17, 1.5],
			"rotation": {"angle": 0, "axis": "y", "origin": [0, 0, 0.5]},
			"faces": {
				"north": {"uv": [11.5, 12.25, 11.75, 12.625], "texture": "#1"},
				"east": {"uv": [11.75, 12.25, 12, 12.625], "texture": "#1"},
				"south": {"uv": [12, 12.25, 12.25, 12.625], "texture": "#1"},
				"west": {"uv": [12.25, 12, 12.5, 12.375], "texture": "#1"},
				"up": {"uv": [12.625, 9, 12.375, 8.75], "texture": "#1"},
				"down": {"uv": [12.625, 9, 12.375, 9.25], "texture": "#1"}
			}
		},
		{
			"from": [-4, 14, 0.5],
			"to": [4, 17, 1.5],
			"rotation": {"angle": 0, "axis": "y", "origin": [0, 0, 0.5]},
			"faces": {
				"north": {"uv": [0, 12, 1, 12.375], "texture": "#1"},
				"east": {"uv": [2.5, 8.25, 2.625, 8.625], "texture": "#1"},
				"south": {"uv": [1, 12, 2, 12.375], "texture": "#1"},
				"west": {"uv": [3.625, 8.5, 3.75, 8.875], "texture": "#1"},
				"up": {"uv": [10.75, 6.75, 9.75, 6.625], "texture": "#1"},
				"down": {"uv": [11.125, 4.25, 10.125, 4.375], "texture": "#1"}
			}
		},
		{
			"from": [-2, 15, -0.5],
			"to": [2, 16, 0.5],
			"rotation": {"angle": 0, "axis": "y", "origin": [0, 0, 0.5]},
			"faces": {
				"north": {"uv": [0, 11.875, 0.5, 12], "texture": "#1"},
				"east": {"uv": [2.5, 9.125, 2.625, 9.25], "texture": "#1"},
				"south": {"uv": [12.25, 4.125, 12.75, 4.25], "texture": "#1"},
				"west": {"uv": [3.625, 9.125, 3.75, 9.25], "texture": "#1"},
				"up": {"uv": [12.875, 9.375, 12.375, 9.25], "texture": "#1"},
				"down": {"uv": [12.875, 9.375, 12.375, 9.5], "texture": "#1"}
			}
		},
		{
			"from": [-8, 2, 16],
			"to": [24, 20, 16],
			"rotation": {"angle": 0, "axis": "y", "origin": [16, 0, 0.5]},
			"faces": {
				"north": {"uv": [0, 0, 4, 2.25], "texture": "#1"},
				"east": {"uv": [0, 0, 0, 2.25], "texture": "#1"},
				"south": {"uv": [0, 2.25, 4, 4.5], "texture": "#1"},
				"west": {"uv": [0, 0, 0, 2.25], "texture": "#1"},
				"up": {"uv": [4, 0, 0, 0], "texture": "#1"},
				"down": {"uv": [4, 0, 0, 0], "texture": "#1"}
			}
		},
		{
			"from": [-8, 2, 1],
			"to": [24, 20, 1],
			"rotation": {"angle": 0, "axis": "y", "origin": [16, 0, 15.5]},
			"faces": {
				"north": {"uv": [4, 0, 8, 2.25], "texture": "#1"},
				"east": {"uv": [0, 0, 0, 2.25], "texture": "#1"},
				"south": {"uv": [4, 2.25, 8, 4.5], "texture": "#1"},
				"west": {"uv": [0, 0, 0, 2.25], "texture": "#1"},
				"up": {"uv": [4, 0, 0, 0], "texture": "#1"},
				"down": {"uv": [4, 0, 0, 0], "texture": "#1"}
			}
		},
		{
			"from": [24, 0, 0.5],
			"to": [26, 20, 2.5],
			"rotation": {"angle": 0, "axis": "y", "origin": [16, 0, 0.5]},
			"faces": {
				"north": {"uv": [4.75, 7, 5, 9.5], "texture": "#1"},
				"east": {"uv": [5, 7, 5.25, 9.5], "texture": "#1"},
				"south": {"uv": [5.25, 7, 5.5, 9.5], "texture": "#1"},
				"west": {"uv": [5.5, 7, 5.75, 9.5], "texture": "#1"},
				"up": {"uv": [12.625, 9.75, 12.375, 9.5], "texture": "#1"},
				"down": {"uv": [10.375, 12.375, 10.125, 12.625], "texture": "#1"}
			}
		},
		{
			"from": [24, 0, 14.5],
			"to": [26, 20, 16.5],
			"rotation": {"angle": 0, "axis": "y", "origin": [16, 0, 15.5]},
			"faces": {
				"north": {"uv": [5.75, 7, 6, 9.5], "texture": "#1"},
				"east": {"uv": [6, 7, 6.25, 9.5], "texture": "#1"},
				"south": {"uv": [6.25, 7, 6.5, 9.5], "texture": "#1"},
				"west": {"uv": [6.5, 7, 6.75, 9.5], "texture": "#1"},
				"up": {"uv": [10.625, 12.625, 10.375, 12.375], "texture": "#1"},
				"down": {"uv": [10.875, 12.375, 10.625, 12.625], "texture": "#1"}
			}
		},
		{
			"from": [-10, 0, 14.5],
			"to": [-8, 20, 16.5],
			"rotation": {"angle": 0, "axis": "y", "origin": [0, 0, 15.5]},
			"faces": {
				"north": {"uv": [6.75, 7, 7, 9.5], "texture": "#1"},
				"east": {"uv": [7, 7, 7.25, 9.5], "texture": "#1"},
				"south": {"uv": [0, 7.25, 0.25, 9.75], "texture": "#1"},
				"west": {"uv": [0.25, 7.25, 0.5, 9.75], "texture": "#1"},
				"up": {"uv": [11.125, 12.625, 10.875, 12.375], "texture": "#1"},
				"down": {"uv": [11.375, 12.375, 11.125, 12.625], "texture": "#1"}
			}
		},
		{
			"from": [24, 20, -0.5],
			"to": [26, 22, 16.5],
			"rotation": {"angle": 0, "axis": "y", "origin": [16, 0, 0.5]},
			"faces": {
				"north": {"uv": [12.25, 12.375, 12.5, 12.625], "texture": "#1"},
				"east": {"uv": [0.5, 7.25, 2.625, 7.5], "texture": "#1"},
				"south": {"uv": [12.5, 0, 12.75, 0.25], "texture": "#1"},
				"west": {"uv": [7.25, 7, 9.375, 7.25], "texture": "#1"},
				"up": {"uv": [2.875, 9.375, 2.625, 7.25], "texture": "#1"},
				"down": {"uv": [3.125, 7.25, 2.875, 9.375], "texture": "#1"}
			}
		},
		{
			"from": [22, 20, -0.5],
			"to": [24, 22, 16.5],
			"rotation": {"angle": 0, "axis": "y", "origin": [16, 0, 0.5]},
			"faces": {
				"north": {"uv": [12.5, 0.25, 12.75, 0.5], "texture": "#1"},
				"east": {"uv": [7.25, 7.25, 9.375, 7.5], "texture": "#1"},
				"south": {"uv": [12.5, 0.5, 12.75, 0.75], "texture": "#1"},
				"west": {"uv": [0.5, 7.5, 2.625, 7.75], "texture": "#1"},
				"up": {"uv": [3.375, 9.375, 3.125, 7.25], "texture": "#1"},
				"down": {"uv": [3.625, 7.25, 3.375, 9.375], "texture": "#1"}
			}
		},
		{
			"from": [18, 20, -0.5],
			"to": [20, 22, 16.5],
			"rotation": {"angle": 0, "axis": "y", "origin": [16, 0, 0.5]},
			"faces": {
				"north": {"uv": [12.5, 0.75, 12.75, 1], "texture": "#1"},
				"east": {"uv": [7.5, 6.75, 9.625, 7], "texture": "#1"},
				"south": {"uv": [12.5, 1, 12.75, 1.25], "texture": "#1"},
				"west": {"uv": [7.25, 7.5, 9.375, 7.75], "texture": "#1"},
				"up": {"uv": [0.75, 9.875, 0.5, 7.75], "texture": "#1"},
				"down": {"uv": [1, 7.75, 0.75, 9.875], "texture": "#1"}
			}
		},
		{
			"from": [20, 20, -0.5],
			"to": [22, 22, 16.5],
			"rotation": {"angle": 0, "axis": "y", "origin": [16, 0, 0.5]},
			"faces": {
				"north": {"uv": [12.5, 1.25, 12.75, 1.5], "texture": "#1"},
				"east": {"uv": [7.25, 7.75, 9.375, 8], "texture": "#1"},
				"south": {"uv": [12.5, 1.5, 12.75, 1.75], "texture": "#1"},
				"west": {"uv": [8, 0, 10.125, 0.25], "texture": "#1"},
				"up": {"uv": [1.25, 9.875, 1, 7.75], "texture": "#1"},
				"down": {"uv": [1.5, 7.75, 1.25, 9.875], "texture": "#1"}
			}
		},
		{
			"from": [10, 20, -0.5],
			"to": [12, 22, 16.5],
			"rotation": {"angle": 0, "axis": "y", "origin": [16, 0, 0.5]},
			"faces": {
				"north": {"uv": [12.5, 1.75, 12.75, 2], "texture": "#1"},
				"east": {"uv": [8, 0.25, 10.125, 0.5], "texture": "#1"},
				"south": {"uv": [2, 12.5, 2.25, 12.75], "texture": "#1"},
				"west": {"uv": [8, 0.5, 10.125, 0.75], "texture": "#1"},
				"up": {"uv": [1.75, 9.875, 1.5, 7.75], "texture": "#1"},
				"down": {"uv": [2, 7.75, 1.75, 9.875], "texture": "#1"}
			}
		},
		{
			"from": [8, 20, -0.5],
			"to": [10, 22, 16.5],
			"rotation": {"angle": 0, "axis": "y", "origin": [16, 0, 0.5]},
			"faces": {
				"north": {"uv": [12.5, 2, 12.75, 2.25], "texture": "#1"},
				"east": {"uv": [8, 0.75, 10.125, 1], "texture": "#1"},
				"south": {"uv": [2.25, 12.5, 2.5, 12.75], "texture": "#1"},
				"west": {"uv": [8, 1, 10.125, 1.25], "texture": "#1"},
				"up": {"uv": [2.25, 9.875, 2, 7.75], "texture": "#1"},
				"down": {"uv": [2.5, 7.75, 2.25, 9.875], "texture": "#1"}
			}
		},
		{
			"from": [12, 20, -0.5],
			"to": [14, 22, 16.5],
			"rotation": {"angle": 0, "axis": "y", "origin": [16, 0, 0.5]},
			"faces": {
				"north": {"uv": [12.5, 2.25, 12.75, 2.5], "texture": "#1"},
				"east": {"uv": [8, 1.25, 10.125, 1.5], "texture": "#1"},
				"south": {"uv": [12.5, 2.5, 12.75, 2.75], "texture": "#1"},
				"west": {"uv": [8, 1.5, 10.125, 1.75], "texture": "#1"},
				"up": {"uv": [8.25, 3.875, 8, 1.75], "texture": "#1"},
				"down": {"uv": [7.5, 8, 7.25, 10.125], "texture": "#1"}
			}
		},
		{
			"from": [14, 20, -0.5],
			"to": [16, 22, 16.5],
			"rotation": {"angle": 0, "axis": "y", "origin": [16, 0, 0.5]},
			"faces": {
				"north": {"uv": [12.5, 2.75, 12.75, 3], "texture": "#1"},
				"east": {"uv": [8, 3.875, 10.125, 4.125], "texture": "#1"},
				"south": {"uv": [12.5, 3, 12.75, 3.25], "texture": "#1"},
				"west": {"uv": [8, 4.125, 10.125, 4.375], "texture": "#1"},
				"up": {"uv": [7.75, 10.125, 7.5, 8], "texture": "#1"},
				"down": {"uv": [8, 8, 7.75, 10.125], "texture": "#1"}
			}
		},
		{
			"from": [16, 20, -0.5],
			"to": [18, 22, 16.5],
			"rotation": {"angle": 0, "axis": "y", "origin": [16, 0, 0.5]},
			"faces": {
				"north": {"uv": [12.5, 3.25, 12.75, 3.5], "texture": "#1"},
				"east": {"uv": [8, 8, 10.125, 8.25], "texture": "#1"},
				"south": {"uv": [12.5, 3.5, 12.75, 3.75], "texture": "#1"},
				"west": {"uv": [8.25, 1.75, 10.375, 2], "texture": "#1"},
				"up": {"uv": [8.25, 10.375, 8, 8.25], "texture": "#1"},
				"down": {"uv": [8.5, 8.25, 8.25, 10.375], "texture": "#1"}
			}
		},
		{
			"from": [2, 20, -0.5],
			"to": [4, 22, 16.5],
			"rotation": {"angle": 0, "axis": "y", "origin": [0, 0, 0.5]},
			"faces": {
				"north": {"uv": [12.5, 3.75, 12.75, 4], "texture": "#1"},
				"east": {"uv": [8.25, 2, 10.375, 2.25], "texture": "#1"},
				"south": {"uv": [4.5, 12.5, 4.75, 12.75], "texture": "#1"},
				"west": {"uv": [8.25, 2.25, 10.375, 2.5], "texture": "#1"},
				"up": {"uv": [8.75, 10.375, 8.5, 8.25], "texture": "#1"},
				"down": {"uv": [9, 8.25, 8.75, 10.375], "texture": "#1"}
			}
		},
		{
			"from": [6, 20, -0.5],
			"to": [8, 22, 16.5],
			"rotation": {"angle": 0, "axis": "y", "origin": [0, 0, 0.5]},
			"faces": {
				"north": {"uv": [4.75, 12.5, 5, 12.75], "texture": "#1"},
				"east": {"uv": [8.25, 2.5, 10.375, 2.75], "texture": "#1"},
				"south": {"uv": [7.75, 12.5, 8, 12.75], "texture": "#1"},
				"west": {"uv": [8.25, 2.75, 10.375, 3], "texture": "#1"},
				"up": {"uv": [9.25, 10.375, 9, 8.25], "texture": "#1"},
				"down": {"uv": [9.5, 8.25, 9.25, 10.375], "texture": "#1"}
			}
		},
		{
			"from": [4, 20, -0.5],
			"to": [6, 22, 16.5],
			"rotation": {"angle": 0, "axis": "y", "origin": [0, 0, 0.5]},
			"faces": {
				"north": {"uv": [8, 12.5, 8.25, 12.75], "texture": "#1"},
				"east": {"uv": [8.25, 3, 10.375, 3.25], "texture": "#1"},
				"south": {"uv": [12.5, 8, 12.75, 8.25], "texture": "#1"},
				"west": {"uv": [8.25, 3.25, 10.375, 3.5], "texture": "#1"},
				"up": {"uv": [2.75, 11.5, 2.5, 9.375], "texture": "#1"},
				"down": {"uv": [3, 9.375, 2.75, 11.5], "texture": "#1"}
			}
		},
		{
			"from": [0, 20, -0.5],
			"to": [2, 22, 16.5],
			"rotation": {"angle": 0, "axis": "y", "origin": [0, 0, 0.5]},
			"faces": {
				"north": {"uv": [8.25, 12.5, 8.5, 12.75], "texture": "#1"},
				"east": {"uv": [8.25, 3.5, 10.375, 3.75], "texture": "#1"},
				"south": {"uv": [8.5, 12.5, 8.75, 12.75], "texture": "#1"},
				"west": {"uv": [9, 4.375, 11.125, 4.625], "texture": "#1"},
				"up": {"uv": [3.25, 11.5, 3, 9.375], "texture": "#1"},
				"down": {"uv": [3.5, 9.375, 3.25, 11.5], "texture": "#1"}
			}
		},
		{
			"from": [-2, 20, -0.5],
			"to": [0, 22, 16.5],
			"rotation": {"angle": 0, "axis": "y", "origin": [0, 0, 0.5]},
			"faces": {
				"north": {"uv": [8.75, 12.5, 9, 12.75], "texture": "#1"},
				"east": {"uv": [9, 4.625, 11.125, 4.875], "texture": "#1"},
				"south": {"uv": [9, 12.5, 9.25, 12.75], "texture": "#1"},
				"west": {"uv": [9, 4.875, 11.125, 5.125], "texture": "#1"},
				"up": {"uv": [3.75, 11.5, 3.5, 9.375], "texture": "#1"},
				"down": {"uv": [4, 9.5, 3.75, 11.625], "texture": "#1"}
			}
		},
		{
			"from": [-4, 20, -0.5],
			"to": [-2, 22, 16.5],
			"rotation": {"angle": 0, "axis": "y", "origin": [0, 0, 0.5]},
			"faces": {
				"north": {"uv": [9.25, 12.5, 9.5, 12.75], "texture": "#1"},
				"east": {"uv": [9, 5.125, 11.125, 5.375], "texture": "#1"},
				"south": {"uv": [9.5, 12.5, 9.75, 12.75], "texture": "#1"},
				"west": {"uv": [9.375, 7, 11.5, 7.25], "texture": "#1"},
				"up": {"uv": [4.25, 11.625, 4, 9.5], "texture": "#1"},
				"down": {"uv": [4.5, 9.5, 4.25, 11.625], "texture": "#1"}
			}
		},
		{
			"from": [-6, 20, -0.5],
			"to": [-4, 22, 16.5],
			"rotation": {"angle": 0, "axis": "y", "origin": [0, 0, 0.5]},
			"faces": {
				"north": {"uv": [12.5, 12, 12.75, 12.25], "texture": "#1"},
				"east": {"uv": [9.375, 7.25, 11.5, 7.5], "texture": "#1"},
				"south": {"uv": [12.5, 12.25, 12.75, 12.5], "texture": "#1"},
				"west": {"uv": [9.375, 7.5, 11.5, 7.75], "texture": "#1"},
				"up": {"uv": [4.75, 11.625, 4.5, 9.5], "texture": "#1"},
				"down": {"uv": [5, 9.5, 4.75, 11.625], "texture": "#1"}
			}
		},
		{
			"from": [-8, 20, -0.5],
			"to": [-6, 22, 16.5],
			"rotation": {"angle": 0, "axis": "y", "origin": [0, 0, 0.5]},
			"faces": {
				"north": {"uv": [12.5, 12.5, 12.75, 12.75], "texture": "#1"},
				"east": {"uv": [9.375, 7.75, 11.5, 8], "texture": "#1"},
				"south": {"uv": [0, 12.625, 0.25, 12.875], "texture": "#1"},
				"west": {"uv": [5, 9.5, 7.125, 9.75], "texture": "#1"},
				"up": {"uv": [9.75, 10.375, 9.5, 8.25], "texture": "#1"},
				"down": {"uv": [0.25, 9.75, 0, 11.875], "texture": "#1"}
			}
		},
		{
			"from": [-10, 20, -0.5],
			"to": [-8, 22, 16.5],
			"rotation": {"angle": 0, "axis": "y", "origin": [0, 0, 0.5]},
			"faces": {
				"north": {"uv": [0.25, 12.625, 0.5, 12.875], "texture": "#1"},
				"east": {"uv": [9.625, 6.75, 11.75, 7], "texture": "#1"},
				"south": {"uv": [0.5, 12.625, 0.75, 12.875], "texture": "#1"},
				"west": {"uv": [5, 9.75, 7.125, 10], "texture": "#1"},
				"up": {"uv": [0.5, 11.875, 0.25, 9.75], "texture": "#1"},
				"down": {"uv": [10, 8.25, 9.75, 10.375], "texture": "#1"}
			}
		},
		{
			"from": [10, 0, -0.5],
			"to": [12, 2, 16.5],
			"rotation": {"angle": 0, "axis": "y", "origin": [16, 0, 0.5]},
			"faces": {
				"north": {"uv": [0.75, 12.625, 1, 12.875], "texture": "#1"},
				"east": {"uv": [9.75, 5.375, 11.875, 5.625], "texture": "#1"},
				"south": {"uv": [1, 12.625, 1.25, 12.875], "texture": "#1"},
				"west": {"uv": [9.75, 5.625, 11.875, 5.875], "texture": "#1"},
				"up": {"uv": [0.75, 12, 0.5, 9.875], "texture": "#1"},
				"down": {"uv": [1, 9.875, 0.75, 12], "texture": "#1"}
			}
		},
		{
			"from": [12, 0, -0.5],
			"to": [14, 2, 16.5],
			"rotation": {"angle": 0, "axis": "y", "origin": [16, 0, 0.5]},
			"faces": {
				"north": {"uv": [1.25, 12.625, 1.5, 12.875], "texture": "#1"},
				"east": {"uv": [9.75, 5.875, 11.875, 6.125], "texture": "#1"},
				"south": {"uv": [1.5, 12.625, 1.75, 12.875], "texture": "#1"},
				"west": {"uv": [9.75, 6.125, 11.875, 6.375], "texture": "#1"},
				"up": {"uv": [1.25, 12, 1, 9.875], "texture": "#1"},
				"down": {"uv": [1.5, 9.875, 1.25, 12], "texture": "#1"}
			}
		},
		{
			"from": [14, 0, -0.5],
			"to": [16, 2, 16.5],
			"rotation": {"angle": 0, "axis": "y", "origin": [16, 0, 0.5]},
			"faces": {
				"north": {"uv": [1.75, 12.625, 2, 12.875], "texture": "#1"},
				"east": {"uv": [9.75, 6.375, 11.875, 6.625], "texture": "#1"},
				"south": {"uv": [3, 12.625, 3.25, 12.875], "texture": "#1"},
				"west": {"uv": [5, 10, 7.125, 10.25], "texture": "#1"},
				"up": {"uv": [1.75, 12, 1.5, 9.875], "texture": "#1"},
				"down": {"uv": [2, 9.875, 1.75, 12], "texture": "#1"}
			}
		},
		{
			"from": [20, 0, -0.5],
			"to": [22, 2, 16.5],
			"rotation": {"angle": 0, "axis": "y", "origin": [16, 0, 0.5]},
			"faces": {
				"north": {"uv": [3.25, 12.625, 3.5, 12.875], "texture": "#1"},
				"east": {"uv": [10, 8.25, 12.125, 8.5], "texture": "#1"},
				"south": {"uv": [3.5, 12.625, 3.75, 12.875], "texture": "#1"},
				"west": {"uv": [10, 8.5, 12.125, 8.75], "texture": "#1"},
				"up": {"uv": [2.25, 12, 2, 9.875], "texture": "#1"},
				"down": {"uv": [2.5, 9.875, 2.25, 12], "texture": "#1"}
			}
		},
		{
			"from": [16, 0, -0.5],
			"to": [18, 2, 16.5],
			"rotation": {"angle": 0, "axis": "y", "origin": [16, 0, 0.5]},
			"faces": {
				"north": {"uv": [3.75, 12.625, 4, 12.875], "texture": "#1"},
				"east": {"uv": [10, 8.75, 12.125, 9], "texture": "#1"},
				"south": {"uv": [4, 12.625, 4.25, 12.875], "texture": "#1"},
				"west": {"uv": [10, 9, 12.125, 9.25], "texture": "#1"},
				"up": {"uv": [10.25, 11.375, 10, 9.25], "texture": "#1"},
				"down": {"uv": [7.375, 10.125, 7.125, 12.25], "texture": "#1"}
			}
		},
		{
			"from": [22, 0, -0.5],
			"to": [24, 2, 16.5],
			"rotation": {"angle": 0, "axis": "y", "origin": [16, 0, 0.5]},
			"faces": {
				"north": {"uv": [4.25, 12.625, 4.5, 12.875], "texture": "#1"},
				"east": {"uv": [10.125, 0, 12.25, 0.25], "texture": "#1"},
				"south": {"uv": [5, 12.625, 5.25, 12.875], "texture": "#1"},
				"west": {"uv": [10.125, 0.25, 12.25, 0.5], "texture": "#1"},
				"up": {"uv": [7.625, 12.25, 7.375, 10.125], "texture": "#1"},
				"down": {"uv": [7.875, 10.125, 7.625, 12.25], "texture": "#1"}
			}
		},
		{
			"from": [24, -0.1, -0.6],
			"to": [26.2, 2.1, 16.6],
			"rotation": {"angle": 0, "axis": "y", "origin": [16, 0, 0.5]},
			"faces": {
				"north": {"uv": [5.25, 12.625, 5.5, 12.875], "texture": "#1"},
				"east": {"uv": [10.125, 0.5, 12.25, 0.75], "texture": "#1"},
				"south": {"uv": [5.5, 12.625, 5.75, 12.875], "texture": "#1"},
				"west": {"uv": [10.125, 0.75, 12.25, 1], "texture": "#1"},
				"up": {"uv": [5.25, 12.375, 5, 10.25], "texture": "#1"},
				"down": {"uv": [5.5, 10.25, 5.25, 12.375], "texture": "#1"}
			}
		},
		{
			"from": [18, 0, -0.5],
			"to": [20, 2, 16.5],
			"rotation": {"angle": 0, "axis": "y", "origin": [16, 0, 0.5]},
			"faces": {
				"north": {"uv": [5.75, 12.625, 6, 12.875], "texture": "#1"},
				"east": {"uv": [10.125, 1, 12.25, 1.25], "texture": "#1"},
				"south": {"uv": [6, 12.625, 6.25, 12.875], "texture": "#1"},
				"west": {"uv": [10.125, 1.25, 12.25, 1.5], "texture": "#1"},
				"up": {"uv": [5.75, 12.375, 5.5, 10.25], "texture": "#1"},
				"down": {"uv": [6, 10.25, 5.75, 12.375], "texture": "#1"}
			}
		},
		{
			"from": [8, 0, -0.5],
			"to": [10, 2, 16.5],
			"rotation": {"angle": 0, "axis": "y", "origin": [16, 0, 0.5]},
			"faces": {
				"north": {"uv": [6.25, 12.625, 6.5, 12.875], "texture": "#1"},
				"east": {"uv": [10.125, 1.5, 12.25, 1.75], "texture": "#1"},
				"south": {"uv": [6.5, 12.625, 6.75, 12.875], "texture": "#1"},
				"west": {"uv": [10.125, 3.75, 12.25, 4], "texture": "#1"},
				"up": {"uv": [6.25, 12.375, 6, 10.25], "texture": "#1"},
				"down": {"uv": [6.5, 10.25, 6.25, 12.375], "texture": "#1"}
			}
		},
		{
			"from": [4, 0, -0.5],
			"to": [6, 2, 16.5],
			"rotation": {"angle": 0, "axis": "y", "origin": [0, 0, 0.5]},
			"faces": {
				"north": {"uv": [6.75, 12.625, 7, 12.875], "texture": "#1"},
				"east": {"uv": [10.125, 4, 12.25, 4.25], "texture": "#1"},
				"south": {"uv": [7, 12.625, 7.25, 12.875], "texture": "#1"},
				"west": {"uv": [10.125, 8, 12.25, 8.25], "texture": "#1"},
				"up": {"uv": [6.75, 12.375, 6.5, 10.25], "texture": "#1"},
				"down": {"uv": [7, 10.25, 6.75, 12.375], "texture": "#1"}
			}
		},
		{
			"from": [6, 0, -0.5],
			"to": [8, 2, 16.5],
			"rotation": {"angle": 0, "axis": "y", "origin": [0, 0, 0.5]},
			"faces": {
				"north": {"uv": [7.25, 12.625, 7.5, 12.875], "texture": "#1"},
				"east": {"uv": [10.25, 9.25, 12.375, 9.5], "texture": "#1"},
				"south": {"uv": [7.5, 12.625, 7.75, 12.875], "texture": "#1"},
				"west": {"uv": [10.25, 9.5, 12.375, 9.75], "texture": "#1"},
				"up": {"uv": [10.5, 11.875, 10.25, 9.75], "texture": "#1"},
				"down": {"uv": [8.125, 10.375, 7.875, 12.5], "texture": "#1"}
			}
		},
		{
			"from": [2, 0, -0.5],
			"to": [4, 2, 16.5],
			"rotation": {"angle": 0, "axis": "y", "origin": [0, 0, 0.5]},
			"faces": {
				"north": {"uv": [12.625, 8.25, 12.875, 8.5], "texture": "#1"},
				"east": {"uv": [10.375, 1.75, 12.5, 2], "texture": "#1"},
				"south": {"uv": [12.625, 8.5, 12.875, 8.75], "texture": "#1"},
				"west": {"uv": [10.375, 2, 12.5, 2.25], "texture": "#1"},
				"up": {"uv": [8.375, 12.5, 8.125, 10.375], "texture": "#1"},
				"down": {"uv": [8.625, 10.375, 8.375, 12.5], "texture": "#1"}
			}
		},
		{
			"from": [0, 0, -0.5],
			"to": [2, 2, 16.5],
			"rotation": {"angle": 0, "axis": "y", "origin": [0, 0, 0.5]},
			"faces": {
				"north": {"uv": [12.625, 8.75, 12.875, 9], "texture": "#1"},
				"east": {"uv": [10.375, 2.25, 12.5, 2.5], "texture": "#1"},
				"south": {"uv": [12.625, 9, 12.875, 9.25], "texture": "#1"},
				"west": {"uv": [10.375, 2.5, 12.5, 2.75], "texture": "#1"},
				"up": {"uv": [8.875, 12.5, 8.625, 10.375], "texture": "#1"},
				"down": {"uv": [9.125, 10.375, 8.875, 12.5], "texture": "#1"}
			}
		},
		{
			"from": [-2, 0, -0.5],
			"to": [0, 2, 16.5],
			"rotation": {"angle": 0, "axis": "y", "origin": [0, 0, 0.5]},
			"faces": {
				"north": {"uv": [12.625, 9.5, 12.875, 9.75], "texture": "#1"},
				"east": {"uv": [10.375, 2.75, 12.5, 3], "texture": "#1"},
				"south": {"uv": [10.125, 12.625, 10.375, 12.875], "texture": "#1"},
				"west": {"uv": [10.375, 3, 12.5, 3.25], "texture": "#1"},
				"up": {"uv": [9.375, 12.5, 9.125, 10.375], "texture": "#1"},
				"down": {"uv": [9.625, 10.375, 9.375, 12.5], "texture": "#1"}
			}
		},
		{
			"from": [-4, 0, -0.5],
			"to": [-2, 2, 16.5],
			"rotation": {"angle": 0, "axis": "y", "origin": [0, 0, 0.5]},
			"faces": {
				"north": {"uv": [10.375, 12.625, 10.625, 12.875], "texture": "#1"},
				"east": {"uv": [10.375, 3.25, 12.5, 3.5], "texture": "#1"},
				"south": {"uv": [10.625, 12.625, 10.875, 12.875], "texture": "#1"},
				"west": {"uv": [10.375, 3.5, 12.5, 3.75], "texture": "#1"},
				"up": {"uv": [9.875, 12.5, 9.625, 10.375], "texture": "#1"},
				"down": {"uv": [10.75, 9.75, 10.5, 11.875], "texture": "#1"}
			}
		},
		{
			"from": [-6, 0, -0.5],
			"to": [-4, 2, 16.5],
			"rotation": {"angle": 0, "axis": "y", "origin": [0, 0, 0.5]},
			"faces": {
				"north": {"uv": [10.875, 12.625, 11.125, 12.875], "texture": "#1"},
				"east": {"uv": [10.75, 9.75, 12.875, 10], "texture": "#1"},
				"south": {"uv": [11.125, 12.625, 11.375, 12.875], "texture": "#1"},
				"west": {"uv": [10.75, 10, 12.875, 10.25], "texture": "#1"},
				"up": {"uv": [11, 12.375, 10.75, 10.25], "texture": "#1"},
				"down": {"uv": [11.25, 10.25, 11, 12.375], "texture": "#1"}
			}
		},
		{
			"from": [-8, 0, -0.5],
			"to": [-6, 2, 16.5],
			"rotation": {"angle": 0, "axis": "y", "origin": [0, 0, 0.5]},
			"faces": {
				"north": {"uv": [11.375, 12.625, 11.625, 12.875], "texture": "#1"},
				"east": {"uv": [11.125, 4.25, 13.25, 4.5], "texture": "#1"},
				"south": {"uv": [11.625, 12.625, 11.875, 12.875], "texture": "#1"},
				"west": {"uv": [11.125, 4.5, 13.25, 4.75], "texture": "#1"},
				"up": {"uv": [11.5, 12.375, 11.25, 10.25], "texture": "#1"},
				"down": {"uv": [10.125, 11.375, 9.875, 13.5], "texture": "#1"}
			}
		},
		{
			"from": [-10.2, -0.1, -0.6],
			"to": [-8, 2.1, 16.6],
			"rotation": {"angle": 0, "axis": "y", "origin": [0, 0, 0.5]},
			"faces": {
				"north": {"uv": [11.875, 12.625, 12.125, 12.875], "texture": "#1"},
				"east": {"uv": [11.125, 4.75, 13.25, 5], "texture": "#1"},
				"south": {"uv": [12.125, 12.625, 12.375, 12.875], "texture": "#1"},
				"west": {"uv": [11.125, 5, 13.25, 5.25], "texture": "#1"},
				"up": {"uv": [2.75, 13.625, 2.5, 11.5], "texture": "#1"},
				"down": {"uv": [3, 11.5, 2.75, 13.625], "texture": "#1"}
			}
		},
		{
			"from": [25.5, 2, 2.5],
			"to": [25.5, 20, 14.5],
			"rotation": {"angle": 0, "axis": "y", "origin": [16, 0, 0.5]},
			"faces": {
				"north": {"uv": [0, 0, 0, 2.25], "texture": "#1"},
				"east": {"uv": [0, 4.5, 1.5, 6.75], "texture": "#1"},
				"south": {"uv": [0, 0, 0, 2.25], "texture": "#1"},
				"west": {"uv": [1.5, 4.5, 3, 6.75], "texture": "#1"},
				"up": {"uv": [0, 1.5, 0, 0], "texture": "#1"},
				"down": {"uv": [0, 0, 0, 1.5], "texture": "#1"}
			}
		},
		{
			"from": [-9.5, 2, 2.5],
			"to": [-9.5, 20, 14.5],
			"rotation": {"angle": 0, "axis": "y", "origin": [0, 0, 0.5]},
			"faces": {
				"north": {"uv": [0, 0, 0, 2.25], "texture": "#1"},
				"east": {"uv": [3, 4.5, 4.5, 6.75], "texture": "#1"},
				"south": {"uv": [0, 0, 0, 2.25], "texture": "#1"},
				"west": {"uv": [4.5, 4.5, 6, 6.75], "texture": "#1"},
				"up": {"uv": [0, 1.5, 0, 0], "texture": "#1"},
				"down": {"uv": [0, 0, 0, 1.5], "texture": "#1"}
			}
		}
	],
	"display": {
		"thirdperson_righthand": {
			"rotation": [75, 125, 0],
			"translation": [0, 2.5, 0],
			"scale": [0.2, 0.2, 0.2]
		},
		"thirdperson_lefthand": {
			"rotation": [75, 125, 0],
			"translation": [0, 2.5, 0],
			"scale": [0.2, 0.2, 0.2]
		},
		"firstperson_righthand": {
			"rotation": [0, 125, 0],
			"translation": [3.75, 0, 0],
			"scale": [0.4, 0.4, 0.4]
		},
		"firstperson_lefthand": {
			"rotation": [0, 125, 0],
			"translation": [3.75, 0, 0],
			"scale": [0.4, 0.4, 0.4]
		},
		"ground": {
			"translation": [0, 3, 0],
			"scale": [0.25, 0.25, 0.25]
		},
		"gui": {
			"rotation": [30, 225, 0],
			"translation": [0, -1, 0],
			"scale": [0.38, 0.38, 0.38]
		},
		"head": {
			"translation": [-18.5, -29.75, 0],
			"scale": [1.5, 1.5, 1.5]
		},
		"fixed": {
			"rotation": [-90, 0, 0],
			"translation": [0, 0, -15.25],
			"scale": [2, 2, 2]
		}
	},
	"groups": [
		{
			"name": "group",
			"origin": [8, 8, 8.5],
			"color": 0,
			"children": [
				0,
				1,
				2,
				3,
				4,
				5,
				6,
				7,
				8,
				9,
				10,
				11,
				12,
				13,
				14,
				15,
				16,
				17,
				18,
				19,
				20,
				21,
				22,
				23,
				24,
				25,
				26,
				27,
				28,
				29,
				30,
				31,
				32,
				33,
				34,
				35,
				36,
				37,
				38,
				39,
				40,
				41,
				42,
				43,
				44,
				45,
				46,
				47,
				48,
				49,
				50,
				51,
				52,
				53,
				54,
				55,
				56,
				57,
				58,
				59,
				60,
				61
			]
		}
	]
}