{
	"credit": "Made with Blockbench",
	"texture_size": [128, 128],
	"textures": {
		"2": "item/decor/bamboo/bamboo_bench"
	},
	"elements": [
		{
			"from": [8, 10, 13],
			"to": [18, 12, 15],
			"faces": {
				"north": {"uv": [3.75, 6.875, 5, 7.125], "texture": "#2"},
				"east": {"uv": [5.25, 7.625, 5.5, 7.875], "texture": "#2"},
				"south": {"uv": [3.75, 7.125, 5, 7.375], "texture": "#2"},
				"west": {"uv": [2.25, 9, 2.5, 9.25], "texture": "#2"},
				"up": {"uv": [5, 7.625, 3.75, 7.375], "texture": "#2"},
				"down": {"uv": [2.5, 7.5, 1.25, 7.75], "texture": "#2"}
			}
		},
		{
			"from": [17, 13, 13],
			"to": [28, 15, 15],
			"faces": {
				"north": {"uv": [7.25, 3, 8.625, 3.25], "texture": "#2"},
				"east": {"uv": [9, 4.5, 9.25, 4.75], "texture": "#2"},
				"south": {"uv": [6.25, 7.25, 7.625, 7.5], "texture": "#2"},
				"west": {"uv": [9, 4.75, 9.25, 5], "texture": "#2"},
				"up": {"uv": [8.75, 3.5, 7.375, 3.25], "texture": "#2"},
				"down": {"uv": [8.75, 5, 7.375, 5.25], "texture": "#2"}
			}
		},
		{
			"from": [15, 24, 13],
			"to": [31, 26, 15],
			"faces": {
				"north": {"uv": [5.5, 0.25, 7.5, 0.5], "texture": "#2"},
				"east": {"uv": [9, 6, 9.25, 6.25], "texture": "#2"},
				"south": {"uv": [5.5, 0.5, 7.5, 0.75], "texture": "#2"},
				"west": {"uv": [9, 6.25, 9.25, 6.5], "texture": "#2"},
				"up": {"uv": [7.5, 1, 5.5, 0.75], "texture": "#2"},
				"down": {"uv": [7.5, 1, 5.5, 1.25], "texture": "#2"}
			}
		},
		{
			"from": [17, 26.5, 13],
			"to": [29, 28.5, 15],
			"faces": {
				"north": {"uv": [6.25, 4.25, 7.75, 4.5], "texture": "#2"},
				"east": {"uv": [9, 6.5, 9.25, 6.75], "texture": "#2"},
				"south": {"uv": [6.25, 4.5, 7.75, 4.75], "texture": "#2"},
				"west": {"uv": [9, 6.75, 9.25, 7], "texture": "#2"},
				"up": {"uv": [7.75, 5, 6.25, 4.75], "texture": "#2"},
				"down": {"uv": [7.75, 6.25, 6.25, 6.5], "texture": "#2"}
			}
		},
		{
			"from": [19, 29, 13],
			"to": [27, 31, 15],
			"faces": {
				"north": {"uv": [3.75, 6.375, 4.75, 6.625], "texture": "#2"},
				"east": {"uv": [9, 8.75, 9.25, 9], "texture": "#2"},
				"south": {"uv": [3.75, 6.625, 4.75, 6.875], "texture": "#2"},
				"west": {"uv": [9, 9, 9.25, 9.25], "texture": "#2"},
				"up": {"uv": [9.75, 3, 8.75, 2.75], "texture": "#2"},
				"down": {"uv": [9.75, 3.25, 8.75, 3.5], "texture": "#2"}
			}
		},
		{
			"from": [25, 26, 13.5],
			"to": [26, 29, 14.5],
			"faces": {
				"north": {"uv": [9.5, 9.75, 9.625, 10.125], "texture": "#2"},
				"east": {"uv": [9.625, 9.75, 9.75, 10.125], "texture": "#2"},
				"south": {"uv": [9.75, 9.625, 9.875, 10], "texture": "#2"},
				"west": {"uv": [9.875, 0.25, 10, 0.625], "texture": "#2"},
				"up": {"uv": [5.875, 5.5, 5.75, 5.375], "texture": "#2"},
				"down": {"uv": [6, 5.375, 5.875, 5.5], "texture": "#2"}
			}
		},
		{
			"from": [20, 26, 13.5],
			"to": [21, 29, 14.5],
			"faces": {
				"north": {"uv": [9.875, 0.625, 10, 1], "texture": "#2"},
				"east": {"uv": [2.75, 9.875, 2.875, 10.25], "texture": "#2"},
				"south": {"uv": [2.875, 9.875, 3, 10.25], "texture": "#2"},
				"west": {"uv": [3, 9.875, 3.125, 10.25], "texture": "#2"},
				"up": {"uv": [6.125, 5.5, 6, 5.375], "texture": "#2"},
				"down": {"uv": [6.25, 5.375, 6.125, 5.5], "texture": "#2"}
			}
		},
		{
			"from": [8, 10, 1],
			"to": [18, 12, 3],
			"faces": {
				"north": {"uv": [7.5, 1.25, 8.75, 1.5], "texture": "#2"},
				"east": {"uv": [2.75, 9.125, 3, 9.375], "texture": "#2"},
				"south": {"uv": [7.5, 1.5, 8.75, 1.75], "texture": "#2"},
				"west": {"uv": [3, 9.125, 3.25, 9.375], "texture": "#2"},
				"up": {"uv": [8.75, 2, 7.5, 1.75], "texture": "#2"},
				"down": {"uv": [8.75, 2, 7.5, 2.25], "texture": "#2"}
			}
		},
		{
			"from": [-12, 11, 3],
			"to": [28, 13, 13],
			"faces": {
				"north": {"uv": [0, 5, 5, 5.25], "texture": "#2", "tintindex": 0},
				"east": {"uv": [6.25, 7.5, 7.5, 7.75], "texture": "#2", "tintindex": 0},
				"south": {"uv": [5, 0, 10, 0.25], "texture": "#2", "tintindex": 0},
				"west": {"uv": [7.5, 7.5, 8.75, 7.75], "texture": "#2", "tintindex": 0},
				"up": {"uv": [5, 1.25, 0, 0], "texture": "#2", "tintindex": 0},
				"down": {"uv": [5, 1.25, 0, 2.5], "texture": "#2", "tintindex": 0}
			}
		},
		{
			"from": [-12, 11, 3],
			"to": [28, 11, 13],
			"faces": {
				"north": {"uv": [0, 0, 5, 0], "texture": "#2"},
				"east": {"uv": [0, 0, 1.25, 0], "texture": "#2"},
				"south": {"uv": [0, 0, 5, 0], "texture": "#2"},
				"west": {"uv": [0, 0, 1.25, 0], "texture": "#2"},
				"up": {"uv": [5, 3.75, 0, 2.5], "texture": "#2"},
				"down": {"uv": [5, 3.75, 0, 5], "texture": "#2"}
			}
		},
		{
			"from": [28, 0, 13],
			"to": [30, 24, 15],
			"faces": {
				"north": {"uv": [5, 0.25, 5.25, 3.25], "texture": "#2"},
				"east": {"uv": [5, 3.25, 5.25, 6.25], "texture": "#2"},
				"south": {"uv": [0, 5.25, 0.25, 8.25], "texture": "#2"},
				"west": {"uv": [0.25, 5.25, 0.5, 8.25], "texture": "#2"},
				"up": {"uv": [3.5, 9.375, 3.25, 9.125], "texture": "#2"},
				"down": {"uv": [3.75, 9.125, 3.5, 9.375], "texture": "#2"}
			}
		},
		{
			"from": [28, 0, 1],
			"to": [30, 10, 3],
			"faces": {
				"north": {"uv": [2.5, 7.5, 2.75, 8.75], "texture": "#2"},
				"east": {"uv": [3.75, 7.625, 4, 8.875], "texture": "#2"},
				"south": {"uv": [4, 7.625, 4.25, 8.875], "texture": "#2"},
				"west": {"uv": [4.25, 7.625, 4.5, 8.875], "texture": "#2"},
				"up": {"uv": [9.375, 3.75, 9.125, 3.5], "texture": "#2"},
				"down": {"uv": [9.375, 3.75, 9.125, 4], "texture": "#2"}
			}
		},
		{
			"from": [14, 12, 13],
			"to": [17, 24, 15],
			"faces": {
				"north": {"uv": [1.25, 5.25, 1.625, 6.75], "texture": "#2"},
				"east": {"uv": [2.75, 6.375, 3, 7.875], "texture": "#2"},
				"south": {"uv": [1.625, 5.25, 2, 6.75], "texture": "#2"},
				"west": {"uv": [3, 6.375, 3.25, 7.875], "texture": "#2"},
				"up": {"uv": [4.875, 7.875, 4.5, 7.625], "texture": "#2"},
				"down": {"uv": [1.875, 9, 1.5, 9.25], "texture": "#2"}
			}
		},
		{
			"from": [-1, 12, 13],
			"to": [2, 24, 15],
			"rotation": {"angle": 0, "axis": "y", "origin": [16, 0, 0]},
			"faces": {
				"north": {"uv": [2, 5.25, 2.375, 6.75], "texture": "#2"},
				"east": {"uv": [3.25, 6.375, 3.5, 7.875], "texture": "#2"},
				"south": {"uv": [2.375, 5.25, 2.75, 6.75], "texture": "#2"},
				"west": {"uv": [3.5, 6.375, 3.75, 7.875], "texture": "#2"},
				"up": {"uv": [2.25, 9.25, 1.875, 9], "texture": "#2"},
				"down": {"uv": [9.375, 4.25, 9, 4.5], "texture": "#2"}
			}
		},
		{
			"from": [25, 15, 13],
			"to": [27, 24, 15],
			"faces": {
				"north": {"uv": [6.5, 8.75, 6.75, 9.875], "texture": "#2"},
				"east": {"uv": [6.75, 8.75, 7, 9.875], "texture": "#2"},
				"south": {"uv": [7, 8.75, 7.25, 9.875], "texture": "#2"},
				"west": {"uv": [7.25, 8.75, 7.5, 9.875], "texture": "#2"},
				"up": {"uv": [9.375, 4.25, 9.125, 4], "texture": "#2"},
				"down": {"uv": [1.75, 9.25, 1.5, 9.5], "texture": "#2"}
			}
		},
		{
			"from": [19, 15, 13],
			"to": [21, 24, 15],
			"faces": {
				"north": {"uv": [7.5, 8.75, 7.75, 9.875], "texture": "#2"},
				"east": {"uv": [7.75, 8.75, 8, 9.875], "texture": "#2"},
				"south": {"uv": [8, 8.75, 8.25, 9.875], "texture": "#2"},
				"west": {"uv": [8.25, 8.75, 8.5, 9.875], "texture": "#2"},
				"up": {"uv": [2, 9.5, 1.75, 9.25], "texture": "#2"},
				"down": {"uv": [2.25, 9.25, 2, 9.5], "texture": "#2"}
			}
		},
		{
			"from": [21, 15, 14],
			"to": [25, 24, 14],
			"faces": {
				"north": {"uv": [2.75, 5.25, 3.25, 6.375], "texture": "#2"},
				"east": {"uv": [0, 0, 0, 1.125], "texture": "#2"},
				"south": {"uv": [3.25, 5.25, 3.75, 6.375], "texture": "#2"},
				"west": {"uv": [0, 0, 0, 1.125], "texture": "#2"},
				"up": {"uv": [0.5, 0, 0, 0], "texture": "#2"},
				"down": {"uv": [0.5, 0, 0, 0], "texture": "#2"}
			}
		},
		{
			"from": [-12, 13, 13],
			"to": [-1, 15, 15],
			"rotation": {"angle": 0, "axis": "y", "origin": [16, 0, 0]},
			"faces": {
				"north": {"uv": [7.5, 0.25, 8.875, 0.5], "texture": "#2"},
				"east": {"uv": [2.25, 9.25, 2.5, 9.5], "texture": "#2"},
				"south": {"uv": [7.5, 0.5, 8.875, 0.75], "texture": "#2"},
				"west": {"uv": [9.25, 4.5, 9.5, 4.75], "texture": "#2"},
				"up": {"uv": [8.875, 1, 7.5, 0.75], "texture": "#2"},
				"down": {"uv": [8.875, 1, 7.5, 1.25], "texture": "#2"}
			}
		},
		{
			"from": [-5, 15, 13],
			"to": [-3, 24, 15],
			"rotation": {"angle": 0, "axis": "y", "origin": [16, 0, 0]},
			"faces": {
				"north": {"uv": [8.5, 8.75, 8.75, 9.875], "texture": "#2"},
				"east": {"uv": [8.75, 8.75, 9, 9.875], "texture": "#2"},
				"south": {"uv": [3.75, 8.875, 4, 10], "texture": "#2"},
				"west": {"uv": [4, 8.875, 4.25, 10], "texture": "#2"},
				"up": {"uv": [9.5, 5, 9.25, 4.75], "texture": "#2"},
				"down": {"uv": [9.5, 6, 9.25, 6.25], "texture": "#2"}
			}
		},
		{
			"from": [-14, 24, 13],
			"to": [1, 26, 15],
			"rotation": {"angle": 0, "axis": "y", "origin": [16, 0, 0]},
			"faces": {
				"north": {"uv": [5.5, 1.25, 7.375, 1.5], "texture": "#2"},
				"east": {"uv": [9.25, 6.25, 9.5, 6.5], "texture": "#2"},
				"south": {"uv": [5.5, 1.5, 7.5, 1.75], "texture": "#2"},
				"west": {"uv": [9.25, 6.5, 9.5, 6.75], "texture": "#2"},
				"up": {"uv": [7.5, 2, 5.5, 1.75], "texture": "#2"},
				"down": {"uv": [7.5, 2, 5.5, 2.25], "texture": "#2"}
			}
		},
		{
			"from": [-11, 15, 13],
			"to": [-9, 24, 15],
			"rotation": {"angle": 0, "axis": "y", "origin": [16, 0, 0]},
			"faces": {
				"north": {"uv": [4.25, 8.875, 4.5, 10], "texture": "#2"},
				"east": {"uv": [4.5, 8.875, 4.75, 10], "texture": "#2"},
				"south": {"uv": [4.75, 8.875, 5, 10], "texture": "#2"},
				"west": {"uv": [5, 8.875, 5.25, 10], "texture": "#2"},
				"up": {"uv": [9.5, 7, 9.25, 6.75], "texture": "#2"},
				"down": {"uv": [9.5, 8.75, 9.25, 9], "texture": "#2"}
			}
		},
		{
			"from": [-9, 15, 14],
			"to": [-5, 24, 14],
			"rotation": {"angle": 0, "axis": "y", "origin": [16, 0, 0]},
			"faces": {
				"north": {"uv": [5.25, 3.25, 5.75, 4.375], "texture": "#2"},
				"east": {"uv": [0, 0, 0, 1.125], "texture": "#2"},
				"south": {"uv": [3.75, 5.25, 4.25, 6.375], "texture": "#2"},
				"west": {"uv": [0, 0, 0, 1.125], "texture": "#2"},
				"up": {"uv": [0.5, 0, 0, 0], "texture": "#2"},
				"down": {"uv": [0.5, 0, 0, 0], "texture": "#2"}
			}
		},
		{
			"from": [-11, 29, 13],
			"to": [-3, 31, 15],
			"rotation": {"angle": 0, "axis": "y", "origin": [16, 0, 0]},
			"faces": {
				"north": {"uv": [8.75, 5, 9.75, 5.25], "texture": "#2"},
				"east": {"uv": [9, 9.25, 9.25, 9.5], "texture": "#2"},
				"south": {"uv": [8.75, 7.5, 9.75, 7.75], "texture": "#2"},
				"west": {"uv": [9.25, 9, 9.5, 9.25], "texture": "#2"},
				"up": {"uv": [9.75, 8, 8.75, 7.75], "texture": "#2"},
				"down": {"uv": [9.875, 0.25, 8.875, 0.5], "texture": "#2"}
			}
		},
		{
			"from": [-5, 26, 13.5],
			"to": [-4, 29, 14.5],
			"rotation": {"angle": 0, "axis": "y", "origin": [16, 0, 0]},
			"faces": {
				"north": {"uv": [3.125, 9.875, 3.25, 10.25], "texture": "#2"},
				"east": {"uv": [3.25, 9.875, 3.375, 10.25], "texture": "#2"},
				"south": {"uv": [3.375, 9.875, 3.5, 10.25], "texture": "#2"},
				"west": {"uv": [3.5, 9.875, 3.625, 10.25], "texture": "#2"},
				"up": {"uv": [6.375, 5.125, 6.25, 5], "texture": "#2"},
				"down": {"uv": [6.375, 5.375, 6.25, 5.5], "texture": "#2"}
			}
		},
		{
			"from": [-10, 26, 13.5],
			"to": [-9, 29, 14.5],
			"rotation": {"angle": 0, "axis": "y", "origin": [16, 0, 0]},
			"faces": {
				"north": {"uv": [9.875, 3.5, 10, 3.875], "texture": "#2"},
				"east": {"uv": [3.625, 9.875, 3.75, 10.25], "texture": "#2"},
				"south": {"uv": [9.875, 3.875, 10, 4.25], "texture": "#2"},
				"west": {"uv": [9.875, 5.25, 10, 5.625], "texture": "#2"},
				"up": {"uv": [6.5, 5.125, 6.375, 5], "texture": "#2"},
				"down": {"uv": [6.5, 5.375, 6.375, 5.5], "texture": "#2"}
			}
		},
		{
			"from": [-13, 26.5, 13],
			"to": [-1, 28.5, 15],
			"rotation": {"angle": 0, "axis": "y", "origin": [16, 0, 0]},
			"faces": {
				"north": {"uv": [6.25, 6.5, 7.75, 6.75], "texture": "#2"},
				"east": {"uv": [9.25, 9.25, 9.5, 9.5], "texture": "#2"},
				"south": {"uv": [1.25, 6.75, 2.75, 7], "texture": "#2"},
				"west": {"uv": [2.75, 9.375, 3, 9.625], "texture": "#2"},
				"up": {"uv": [7.75, 7, 6.25, 6.75], "texture": "#2"},
				"down": {"uv": [8.375, 5.375, 6.875, 5.625], "texture": "#2"}
			}
		},
		{
			"from": [2, 13, 13],
			"to": [14, 15, 15],
			"rotation": {"angle": 0, "axis": "y", "origin": [16, 0, 0]},
			"faces": {
				"north": {"uv": [6.875, 5.625, 8.375, 5.875], "texture": "#2"},
				"east": {"uv": [3, 9.375, 3.25, 9.625], "texture": "#2"},
				"south": {"uv": [1.25, 7, 2.75, 7.25], "texture": "#2"},
				"west": {"uv": [3.25, 9.375, 3.5, 9.625], "texture": "#2"},
				"up": {"uv": [7.75, 7.25, 6.25, 7], "texture": "#2"},
				"down": {"uv": [8.625, 5.875, 7.125, 6.125], "texture": "#2"}
			}
		},
		{
			"from": [10, 15, 13],
			"to": [12, 24, 15],
			"rotation": {"angle": 0, "axis": "y", "origin": [16, 0, 0]},
			"faces": {
				"north": {"uv": [5.25, 8.875, 5.5, 10], "texture": "#2"},
				"east": {"uv": [5.5, 8.875, 5.75, 10], "texture": "#2"},
				"south": {"uv": [0, 9, 0.25, 10.125], "texture": "#2"},
				"west": {"uv": [0.25, 9, 0.5, 10.125], "texture": "#2"},
				"up": {"uv": [3.75, 9.625, 3.5, 9.375], "texture": "#2"},
				"down": {"uv": [9.625, 3.5, 9.375, 3.75], "texture": "#2"}
			}
		},
		{
			"from": [1, 24, 13],
			"to": [15, 26, 15],
			"rotation": {"angle": 0, "axis": "y", "origin": [16, 0, 0]},
			"faces": {
				"north": {"uv": [5.5, 2.25, 7.25, 2.5], "texture": "#2"},
				"east": {"uv": [9.375, 3.75, 9.625, 4], "texture": "#2"},
				"south": {"uv": [5.5, 2.5, 7.25, 2.75], "texture": "#2"},
				"west": {"uv": [9.375, 4, 9.625, 4.25], "texture": "#2"},
				"up": {"uv": [7.25, 3, 5.5, 2.75], "texture": "#2"},
				"down": {"uv": [7.25, 3, 5.5, 3.25], "texture": "#2"}
			}
		},
		{
			"from": [4, 15, 13],
			"to": [6, 24, 15],
			"rotation": {"angle": 0, "axis": "y", "origin": [16, 0, 0]},
			"faces": {
				"north": {"uv": [0.5, 9, 0.75, 10.125], "texture": "#2"},
				"east": {"uv": [0.75, 9, 1, 10.125], "texture": "#2"},
				"south": {"uv": [1, 9, 1.25, 10.125], "texture": "#2"},
				"west": {"uv": [1.25, 9, 1.5, 10.125], "texture": "#2"},
				"up": {"uv": [9.625, 4.5, 9.375, 4.25], "texture": "#2"},
				"down": {"uv": [1.75, 9.5, 1.5, 9.75], "texture": "#2"}
			}
		},
		{
			"from": [6, 15, 14],
			"to": [10, 24, 14],
			"rotation": {"angle": 0, "axis": "y", "origin": [16, 0, 0]},
			"faces": {
				"north": {"uv": [4.25, 5.25, 4.75, 6.375], "texture": "#2"},
				"east": {"uv": [0, 0, 0, 1.125], "texture": "#2"},
				"south": {"uv": [5.25, 4.375, 5.75, 5.5], "texture": "#2"},
				"west": {"uv": [0, 0, 0, 1.125], "texture": "#2"},
				"up": {"uv": [0.5, 0, 0, 0], "texture": "#2"},
				"down": {"uv": [0.5, 0, 0, 0], "texture": "#2"}
			}
		},
		{
			"from": [4, 29, 13],
			"to": [12, 31, 15],
			"rotation": {"angle": 0, "axis": "y", "origin": [16, 0, 0]},
			"faces": {
				"north": {"uv": [8.875, 0.5, 9.875, 0.75], "texture": "#2"},
				"east": {"uv": [1.75, 9.5, 2, 9.75], "texture": "#2"},
				"south": {"uv": [8.875, 0.75, 9.875, 1], "texture": "#2"},
				"west": {"uv": [2, 9.5, 2.25, 9.75], "texture": "#2"},
				"up": {"uv": [9.875, 1.25, 8.875, 1], "texture": "#2"},
				"down": {"uv": [9.875, 7.125, 8.875, 7.375], "texture": "#2"}
			}
		},
		{
			"from": [10, 26, 13.5],
			"to": [11, 29, 14.5],
			"rotation": {"angle": 0, "axis": "y", "origin": [16, 0, 0]},
			"faces": {
				"north": {"uv": [9.875, 5.625, 10, 6], "texture": "#2"},
				"east": {"uv": [6.5, 9.875, 6.625, 10.25], "texture": "#2"},
				"south": {"uv": [6.625, 9.875, 6.75, 10.25], "texture": "#2"},
				"west": {"uv": [6.75, 9.875, 6.875, 10.25], "texture": "#2"},
				"up": {"uv": [6.625, 5.125, 6.5, 5], "texture": "#2"},
				"down": {"uv": [6.625, 5.375, 6.5, 5.5], "texture": "#2"}
			}
		},
		{
			"from": [5, 26, 13.5],
			"to": [6, 29, 14.5],
			"rotation": {"angle": 0, "axis": "y", "origin": [16, 0, 0]},
			"faces": {
				"north": {"uv": [6.875, 9.875, 7, 10.25], "texture": "#2"},
				"east": {"uv": [7, 9.875, 7.125, 10.25], "texture": "#2"},
				"south": {"uv": [9.875, 7, 10, 7.375], "texture": "#2"},
				"west": {"uv": [7.125, 9.875, 7.25, 10.25], "texture": "#2"},
				"up": {"uv": [6.75, 5.125, 6.625, 5], "texture": "#2"},
				"down": {"uv": [6.75, 5.375, 6.625, 5.5], "texture": "#2"}
			}
		},
		{
			"from": [2, 26.5, 13],
			"to": [14, 28.5, 15],
			"rotation": {"angle": 0, "axis": "y", "origin": [16, 0, 0]},
			"faces": {
				"north": {"uv": [1.25, 7.25, 2.75, 7.5], "texture": "#2"},
				"east": {"uv": [2.25, 9.5, 2.5, 9.75], "texture": "#2"},
				"south": {"uv": [7.25, 2.25, 8.75, 2.5], "texture": "#2"},
				"west": {"uv": [9.5, 4.5, 9.75, 4.75], "texture": "#2"},
				"up": {"uv": [8.75, 2.75, 7.25, 2.5], "texture": "#2"},
				"down": {"uv": [8.75, 2.75, 7.25, 3], "texture": "#2"}
			}
		},
		{
			"from": [28, 12, 3],
			"to": [30, 14, 5],
			"faces": {
				"north": {"uv": [9.5, 4.75, 9.75, 5], "texture": "#2"},
				"east": {"uv": [9.5, 6, 9.75, 6.25], "texture": "#2"},
				"south": {"uv": [9.5, 6.25, 9.75, 6.5], "texture": "#2"},
				"west": {"uv": [9.5, 6.5, 9.75, 6.75], "texture": "#2"},
				"up": {"uv": [9.75, 7, 9.5, 6.75], "texture": "#2"},
				"down": {"uv": [9.75, 8, 9.5, 8.25], "texture": "#2"}
			}
		},
		{
			"from": [8, 4, 1],
			"to": [18, 6, 3],
			"faces": {
				"north": {"uv": [7.625, 7.25, 8.875, 7.5], "texture": "#2"},
				"east": {"uv": [9.5, 8.25, 9.75, 8.5], "texture": "#2"},
				"south": {"uv": [1.25, 7.75, 2.5, 8], "texture": "#2"},
				"west": {"uv": [9.5, 8.5, 9.75, 8.75], "texture": "#2"},
				"up": {"uv": [9, 4.5, 7.75, 4.25], "texture": "#2"},
				"down": {"uv": [9, 4.5, 7.75, 4.75], "texture": "#2"}
			}
		},
		{
			"from": [-12, 10, 1],
			"to": [-2, 12, 3],
			"faces": {
				"north": {"uv": [7.75, 4.75, 9, 5], "texture": "#2"},
				"east": {"uv": [9.5, 8.75, 9.75, 9], "texture": "#2"},
				"south": {"uv": [7.75, 6.125, 9, 6.375], "texture": "#2"},
				"west": {"uv": [9, 9.5, 9.25, 9.75], "texture": "#2"},
				"up": {"uv": [7.5, 8, 6.25, 7.75], "texture": "#2"},
				"down": {"uv": [9, 6.375, 7.75, 6.625], "texture": "#2"}
			}
		},
		{
			"from": [-12, 4, 1],
			"to": [-2, 6, 3],
			"faces": {
				"north": {"uv": [7.75, 6.625, 9, 6.875], "texture": "#2"},
				"east": {"uv": [9.5, 9, 9.75, 9.25], "texture": "#2"},
				"south": {"uv": [7.75, 6.875, 9, 7.125], "texture": "#2"},
				"west": {"uv": [9.25, 9.5, 9.5, 9.75], "texture": "#2"},
				"up": {"uv": [8.75, 8, 7.5, 7.75], "texture": "#2"},
				"down": {"uv": [9.125, 3.5, 7.875, 3.75], "texture": "#2"}
			}
		},
		{
			"from": [-12, 10, 13],
			"to": [-2, 12, 15],
			"faces": {
				"north": {"uv": [7.875, 3.75, 9.125, 4], "texture": "#2"},
				"east": {"uv": [9.5, 9.25, 9.75, 9.5], "texture": "#2"},
				"south": {"uv": [7.875, 4, 9.125, 4.25], "texture": "#2"},
				"west": {"uv": [9.5, 9.5, 9.75, 9.75], "texture": "#2"},
				"up": {"uv": [5.75, 8.125, 4.5, 7.875], "texture": "#2"},
				"down": {"uv": [2.5, 8, 1.25, 8.25], "texture": "#2"}
			}
		},
		{
			"from": [-2, 10, 1],
			"to": [8, 12, 3],
			"faces": {
				"north": {"uv": [5.75, 8, 7, 8.25], "texture": "#2"},
				"east": {"uv": [2.75, 9.625, 3, 9.875], "texture": "#2"},
				"south": {"uv": [7, 8, 8.25, 8.25], "texture": "#2"},
				"west": {"uv": [3, 9.625, 3.25, 9.875], "texture": "#2"},
				"up": {"uv": [5.75, 8.375, 4.5, 8.125], "texture": "#2"},
				"down": {"uv": [1.25, 8.25, 0, 8.5], "texture": "#2"}
			}
		},
		{
			"from": [-2, 4, 1],
			"to": [8, 6, 3],
			"faces": {
				"north": {"uv": [1.25, 8.25, 2.5, 8.5], "texture": "#2"},
				"east": {"uv": [3.25, 9.625, 3.5, 9.875], "texture": "#2"},
				"south": {"uv": [5.75, 8.25, 7, 8.5], "texture": "#2"},
				"west": {"uv": [3.5, 9.625, 3.75, 9.875], "texture": "#2"},
				"up": {"uv": [8.25, 8.5, 7, 8.25], "texture": "#2"},
				"down": {"uv": [9.5, 8, 8.25, 8.25], "texture": "#2"}
			}
		},
		{
			"from": [-2, 10, 13],
			"to": [8, 12, 15],
			"faces": {
				"north": {"uv": [8.25, 8.25, 9.5, 8.5], "texture": "#2"},
				"east": {"uv": [9.625, 3.5, 9.875, 3.75], "texture": "#2"},
				"south": {"uv": [4.5, 8.375, 5.75, 8.625], "texture": "#2"},
				"west": {"uv": [9.625, 3.75, 9.875, 4], "texture": "#2"},
				"up": {"uv": [9.625, 5.5, 8.375, 5.25], "texture": "#2"},
				"down": {"uv": [9.625, 5.5, 8.375, 5.75], "texture": "#2"}
			}
		},
		{
			"from": [18, 4, 1],
			"to": [28, 6, 3],
			"faces": {
				"north": {"uv": [0, 8.5, 1.25, 8.75], "texture": "#2"},
				"east": {"uv": [9.625, 4, 9.875, 4.25], "texture": "#2"},
				"south": {"uv": [1.25, 8.5, 2.5, 8.75], "texture": "#2"},
				"west": {"uv": [9.625, 4.25, 9.875, 4.5], "texture": "#2"},
				"up": {"uv": [7, 8.75, 5.75, 8.5], "texture": "#2"},
				"down": {"uv": [8.25, 8.5, 7, 8.75], "texture": "#2"}
			}
		},
		{
			"from": [18, 10, 1],
			"to": [28, 12, 3],
			"faces": {
				"north": {"uv": [8.25, 8.5, 9.5, 8.75], "texture": "#2"},
				"east": {"uv": [9.625, 5.25, 9.875, 5.5], "texture": "#2"},
				"south": {"uv": [8.625, 3, 9.875, 3.25], "texture": "#2"},
				"west": {"uv": [9.625, 5.5, 9.875, 5.75], "texture": "#2"},
				"up": {"uv": [5.75, 8.875, 4.5, 8.625], "texture": "#2"},
				"down": {"uv": [9.875, 5.75, 8.625, 6], "texture": "#2"}
			}
		},
		{
			"from": [18, 10, 13],
			"to": [28, 12, 15],
			"faces": {
				"north": {"uv": [0, 8.75, 1.25, 9], "texture": "#2"},
				"east": {"uv": [1.5, 9.75, 1.75, 10], "texture": "#2"},
				"south": {"uv": [1.25, 8.75, 2.5, 9], "texture": "#2"},
				"west": {"uv": [1.75, 9.75, 2, 10], "texture": "#2"},
				"up": {"uv": [10, 1.5, 8.75, 1.25], "texture": "#2"},
				"down": {"uv": [10, 1.5, 8.75, 1.75], "texture": "#2"}
			}
		},
		{
			"from": [28, 2, 3],
			"to": [30, 4, 13],
			"faces": {
				"north": {"uv": [2, 9.75, 2.25, 10], "texture": "#2"},
				"east": {"uv": [8.75, 1.75, 10, 2], "texture": "#2"},
				"south": {"uv": [2.25, 9.75, 2.5, 10], "texture": "#2"},
				"west": {"uv": [8.75, 2, 10, 2.25], "texture": "#2"},
				"up": {"uv": [3, 9.125, 2.75, 7.875], "texture": "#2"},
				"down": {"uv": [3.25, 7.875, 3, 9.125], "texture": "#2"}
			}
		},
		{
			"from": [28, 10, 0],
			"to": [30, 12, 13],
			"faces": {
				"north": {"uv": [9.75, 2.75, 10, 3], "texture": "#2"},
				"east": {"uv": [5.25, 5.5, 6.875, 5.75], "texture": "#2"},
				"south": {"uv": [9.75, 3.25, 10, 3.5], "texture": "#2"},
				"west": {"uv": [5.75, 3.25, 7.375, 3.5], "texture": "#2"},
				"up": {"uv": [5, 6.875, 4.75, 5.25], "texture": "#2"},
				"down": {"uv": [6, 3.5, 5.75, 5.125], "texture": "#2"}
			}
		},
		{
			"from": [28, 14, 0],
			"to": [30, 16, 13],
			"faces": {
				"north": {"uv": [9.75, 4.5, 10, 4.75], "texture": "#2"},
				"east": {"uv": [5.75, 5.125, 7.375, 5.375], "texture": "#2"},
				"south": {"uv": [9.75, 4.75, 10, 5], "texture": "#2"},
				"west": {"uv": [5.25, 5.75, 6.875, 6], "texture": "#2"},
				"up": {"uv": [6.25, 5.125, 6, 3.5], "texture": "#2"},
				"down": {"uv": [5.5, 6, 5.25, 7.625], "texture": "#2"}
			}
		},
		{
			"from": [-14, 0, 1],
			"to": [-12, 10, 3],
			"rotation": {"angle": 0, "axis": "y", "origin": [16, 0, 0]},
			"faces": {
				"north": {"uv": [3.25, 7.875, 3.5, 9.125], "texture": "#2"},
				"east": {"uv": [3.5, 7.875, 3.75, 9.125], "texture": "#2"},
				"south": {"uv": [2.5, 8.75, 2.75, 10], "texture": "#2"},
				"west": {"uv": [5.75, 8.75, 6, 10], "texture": "#2"},
				"up": {"uv": [10, 5.25, 9.75, 5], "texture": "#2"},
				"down": {"uv": [10, 6, 9.75, 6.25], "texture": "#2"}
			}
		},
		{
			"from": [-14, 2, 3],
			"to": [-12, 4, 13],
			"rotation": {"angle": 0, "axis": "y", "origin": [16, 0, 0]},
			"faces": {
				"north": {"uv": [9.75, 6.25, 10, 6.5], "texture": "#2"},
				"east": {"uv": [8.75, 2.25, 10, 2.5], "texture": "#2"},
				"south": {"uv": [9.75, 6.5, 10, 6.75], "texture": "#2"},
				"west": {"uv": [8.75, 2.5, 10, 2.75], "texture": "#2"},
				"up": {"uv": [6.25, 10, 6, 8.75], "texture": "#2"},
				"down": {"uv": [6.5, 8.75, 6.25, 10], "texture": "#2"}
			}
		},
		{
			"from": [-14, 0, 13],
			"to": [-12, 24, 15],
			"rotation": {"angle": 0, "axis": "y", "origin": [16, 0, 0]},
			"faces": {
				"north": {"uv": [5.25, 0.25, 5.5, 3.25], "texture": "#2"},
				"east": {"uv": [0.5, 5.25, 0.75, 8.25], "texture": "#2"},
				"south": {"uv": [0.75, 5.25, 1, 8.25], "texture": "#2"},
				"west": {"uv": [1, 5.25, 1.25, 8.25], "texture": "#2"},
				"up": {"uv": [10, 7, 9.75, 6.75], "texture": "#2"},
				"down": {"uv": [10, 7.375, 9.75, 7.625], "texture": "#2"}
			}
		},
		{
			"from": [-14, 10, 0],
			"to": [-12, 12, 13],
			"rotation": {"angle": 0, "axis": "y", "origin": [16, 0, 0]},
			"faces": {
				"north": {"uv": [9.75, 7.625, 10, 7.875], "texture": "#2"},
				"east": {"uv": [5.5, 6, 7.125, 6.25], "texture": "#2"},
				"south": {"uv": [9.75, 7.875, 10, 8.125], "texture": "#2"},
				"west": {"uv": [6.25, 3.5, 7.875, 3.75], "texture": "#2"},
				"up": {"uv": [5.25, 7.875, 5, 6.25], "texture": "#2"},
				"down": {"uv": [5.75, 6.25, 5.5, 7.875], "texture": "#2"}
			}
		},
		{
			"from": [-14, 14, 0],
			"to": [-12, 16, 13],
			"rotation": {"angle": 0, "axis": "y", "origin": [16, 0, 0]},
			"faces": {
				"north": {"uv": [9.75, 8.125, 10, 8.375], "texture": "#2"},
				"east": {"uv": [6.25, 3.75, 7.875, 4], "texture": "#2"},
				"south": {"uv": [9.75, 8.375, 10, 8.625], "texture": "#2"},
				"west": {"uv": [6.25, 4, 7.875, 4.25], "texture": "#2"},
				"up": {"uv": [6, 7.875, 5.75, 6.25], "texture": "#2"},
				"down": {"uv": [6.25, 6.25, 6, 7.875], "texture": "#2"}
			}
		},
		{
			"from": [-14, 12, 3],
			"to": [-12, 14, 5],
			"rotation": {"angle": 0, "axis": "y", "origin": [16, 0, 0]},
			"faces": {
				"north": {"uv": [9.75, 8.625, 10, 8.875], "texture": "#2"},
				"east": {"uv": [9.75, 8.875, 10, 9.125], "texture": "#2"},
				"south": {"uv": [9, 9.75, 9.25, 10], "texture": "#2"},
				"west": {"uv": [9.75, 9.125, 10, 9.375], "texture": "#2"},
				"up": {"uv": [9.5, 10, 9.25, 9.75], "texture": "#2"},
				"down": {"uv": [10, 9.375, 9.75, 9.625], "texture": "#2"}
			}
		}
	],
	"display": {
		"thirdperson_righthand": {
			"rotation": [75, 125, 0],
			"translation": [0.5, 2.5, 0],
			"scale": [0.2, 0.2, 0.2]
		},
		"thirdperson_lefthand": {
			"rotation": [75, 125, 0],
			"translation": [0, 2.5, 0],
			"scale": [0.2, 0.2, 0.2]
		},
		"firstperson_righthand": {
			"rotation": [0, 125, 0],
			"translation": [3.5, 0, 0],
			"scale": [0.4, 0.4, 0.4]
		},
		"firstperson_lefthand": {
			"rotation": [0, 125, 0],
			"translation": [3, 0, 0],
			"scale": [0.4, 0.4, 0.4]
		},
		"ground": {
			"translation": [0, 3, 0],
			"scale": [0.25, 0.25, 0.25]
		},
		"gui": {
			"rotation": [30, 225, 0],
			"translation": [0, -2, 0],
			"scale": [0.3, 0.3, 0.3]
		},
		"head": {
			"translation": [-20.75, -31, 0],
			"scale": [1.5, 1.5, 1.5]
		},
		"fixed": {
			"rotation": [-90, 0, 0],
			"translation": [28, 0, -15.5],
			"scale": [2, 2, 2]
		}
	},
	"groups": [
		{
			"name": "group",
			"origin": [8, 8, 8],
			"color": 0,
			"children": [
				0,
				1,
				2,
				3,
				4,
				5,
				6,
				7,
				8,
				9,
				10,
				11,
				12,
				13,
				14,
				15,
				16,
				17,
				18,
				19,
				20,
				21,
				22,
				23,
				24,
				25,
				26,
				27,
				28,
				29,
				30,
				31,
				32,
				33,
				34,
				35,
				36,
				37,
				38,
				39,
				40,
				41,
				42,
				43,
				44,
				45,
				46,
				47,
				48,
				49,
				50,
				51,
				52,
				53,
				54
			]
		}
	]
}