{
	"credit": "Made with Blockbench",
	"texture_size": [64, 64],
	"textures": {
		"1": "item/decor/bamboo/bamboo_table",
		"particle": "item/decor/bamboo/bamboo_table"
	},
	"elements": [
		{
			"from": [17, 0, -1],
			"to": [19, 12, 1],
			"faces": {
				"north": {"uv": [4, 9.5, 4.5, 12.5], "texture": "#1"},
				"east": {"uv": [4.5, 9.5, 5, 12.5], "texture": "#1"},
				"south": {"uv": [5, 9.5, 5.5, 12.5], "texture": "#1"},
				"west": {"uv": [7.5, 10, 8, 13], "texture": "#1"},
				"up": {"uv": [10.5, 9, 10, 8.5], "texture": "#1"},
				"down": {"uv": [11, 8.5, 10.5, 9], "texture": "#1"}
			}
		},
		{
			"from": [-1, 9, 15],
			"to": [17, 11, 17],
			"faces": {
				"north": {"uv": [6.5, 0, 11, 0.5], "texture": "#1"},
				"east": {"uv": [11, 6, 11.5, 6.5], "texture": "#1"},
				"south": {"uv": [6.5, 0.5, 11, 1], "texture": "#1"},
				"west": {"uv": [11, 6.5, 11.5, 7], "texture": "#1"},
				"up": {"uv": [11, 1.5, 6.5, 1], "texture": "#1"},
				"down": {"uv": [11, 1.5, 6.5, 2], "texture": "#1"}
			}
		},
		{
			"from": [-1, 9, -1],
			"to": [17, 11, 1],
			"rotation": {"angle": 0, "axis": "y", "origin": [0, 0, 16]},
			"faces": {
				"north": {"uv": [6.5, 2, 11, 2.5], "texture": "#1"},
				"east": {"uv": [11.5, 6, 12, 6.5], "texture": "#1"},
				"south": {"uv": [6.5, 2.5, 11, 3], "texture": "#1"},
				"west": {"uv": [11.5, 6.5, 12, 7], "texture": "#1"},
				"up": {"uv": [11, 3.5, 6.5, 3], "texture": "#1"},
				"down": {"uv": [11, 3.5, 6.5, 4], "texture": "#1"}
			}
		},
		{
			"from": [17, 9, 1],
			"to": [19, 11, 15],
			"faces": {
				"north": {"uv": [11.5, 7.5, 12, 8], "texture": "#1"},
				"east": {"uv": [8, 7.5, 11.5, 8], "texture": "#1"},
				"south": {"uv": [11, 11.5, 11.5, 12], "texture": "#1"},
				"west": {"uv": [2, 8.5, 5.5, 9], "texture": "#1"},
				"up": {"uv": [6, 12, 5.5, 8.5], "texture": "#1"},
				"down": {"uv": [6.5, 8.5, 6, 12], "texture": "#1"}
			}
		},
		{
			"from": [-3, 9, 1],
			"to": [-1, 11, 15],
			"faces": {
				"north": {"uv": [11.5, 11.5, 12, 12], "texture": "#1"},
				"east": {"uv": [6.5, 8.5, 10, 9], "texture": "#1"},
				"south": {"uv": [0, 12, 0.5, 12.5], "texture": "#1"},
				"west": {"uv": [2, 9, 5.5, 9.5], "texture": "#1"},
				"up": {"uv": [7, 12.5, 6.5, 9], "texture": "#1"},
				"down": {"uv": [7.5, 9, 7, 12.5], "texture": "#1"}
			}
		},
		{
			"from": [-1, 10.5, 1],
			"to": [17, 10.5, 15],
			"faces": {
				"north": {"uv": [0, 0, 4.5, 0], "texture": "#1"},
				"east": {"uv": [0, 0, 3.5, 0], "texture": "#1"},
				"south": {"uv": [0, 0, 4.5, 0], "texture": "#1"},
				"west": {"uv": [0, 0, 3.5, 0], "texture": "#1"},
				"up": {"uv": [4.5, 3.5, 0, 0], "texture": "#1"},
				"down": {"uv": [4.5, 3.5, 0, 7], "texture": "#1"}
			}
		},
		{
			"from": [2, 3, 1],
			"to": [4, 5, 15],
			"faces": {
				"north": {"uv": [12, 0, 12.5, 0.5], "texture": "#1"},
				"east": {"uv": [9, 7, 12.5, 7.5], "texture": "#1"},
				"south": {"uv": [0.5, 12, 1, 12.5], "texture": "#1"},
				"west": {"uv": [7.5, 9, 11, 9.5], "texture": "#1"},
				"up": {"uv": [2.5, 13, 2, 9.5], "texture": "#1"},
				"down": {"uv": [3, 9.5, 2.5, 13], "texture": "#1"}
			}
		},
		{
			"from": [12, 3, 1],
			"to": [14, 5, 15],
			"faces": {
				"north": {"uv": [12, 0.5, 12.5, 1], "texture": "#1"},
				"east": {"uv": [9, 8, 12.5, 8.5], "texture": "#1"},
				"south": {"uv": [12, 1, 12.5, 1.5], "texture": "#1"},
				"west": {"uv": [7.5, 9.5, 11, 10], "texture": "#1"},
				"up": {"uv": [3.5, 13, 3, 9.5], "texture": "#1"},
				"down": {"uv": [4, 9.5, 3.5, 13], "texture": "#1"}
			}
		},
		{
			"from": [4, 4.5, 1],
			"to": [12, 4.5, 15],
			"faces": {
				"north": {"uv": [0, 0, 2, 0], "texture": "#1"},
				"east": {"uv": [0, 0, 3.5, 0], "texture": "#1"},
				"south": {"uv": [0, 0, 2, 0], "texture": "#1"},
				"west": {"uv": [0, 0, 3.5, 0], "texture": "#1"},
				"up": {"uv": [6.5, 3.5, 4.5, 0], "texture": "#1"},
				"down": {"uv": [6.5, 3.5, 4.5, 7], "texture": "#1"}
			}
		},
		{
			"from": [-1, 3, 15],
			"to": [17, 5, 17],
			"faces": {
				"north": {"uv": [6.5, 4, 11, 4.5], "texture": "#1"},
				"east": {"uv": [12, 1.5, 12.5, 2], "texture": "#1"},
				"south": {"uv": [6.5, 4.5, 11, 5], "texture": "#1"},
				"west": {"uv": [12, 2, 12.5, 2.5], "texture": "#1"},
				"up": {"uv": [11, 5.5, 6.5, 5], "texture": "#1"},
				"down": {"uv": [11, 5.5, 6.5, 6], "texture": "#1"}
			}
		},
		{
			"from": [-1, 3, -1],
			"to": [17, 5, 1],
			"rotation": {"angle": 0, "axis": "y", "origin": [0, 0, 16]},
			"faces": {
				"north": {"uv": [6.5, 6, 11, 6.5], "texture": "#1"},
				"east": {"uv": [12, 2.5, 12.5, 3], "texture": "#1"},
				"south": {"uv": [6.5, 6.5, 11, 7], "texture": "#1"},
				"west": {"uv": [12, 3, 12.5, 3.5], "texture": "#1"},
				"up": {"uv": [4.5, 7.5, 0, 7], "texture": "#1"},
				"down": {"uv": [9, 7, 4.5, 7.5], "texture": "#1"}
			}
		},
		{
			"from": [17.3, 1.3, 0.3],
			"to": [18.7, 2.7, 15.7],
			"faces": {
				"north": {"uv": [12, 3.5, 12.5, 4], "texture": "#1"},
				"east": {"uv": [0, 7.5, 4, 8], "texture": "#1"},
				"south": {"uv": [12, 4, 12.5, 4.5], "texture": "#1"},
				"west": {"uv": [4, 7.5, 8, 8], "texture": "#1"},
				"up": {"uv": [0.5, 12, 0, 8], "texture": "#1"},
				"down": {"uv": [1, 8, 0.5, 12], "texture": "#1"}
			}
		},
		{
			"from": [-2.7, 1.3, 0.3],
			"to": [-1.3, 2.7, 15.7],
			"faces": {
				"north": {"uv": [12, 4.5, 12.5, 5], "texture": "#1"},
				"east": {"uv": [1, 8, 5, 8.5], "texture": "#1"},
				"south": {"uv": [12, 5, 12.5, 5.5], "texture": "#1"},
				"west": {"uv": [5, 8, 9, 8.5], "texture": "#1"},
				"up": {"uv": [1.5, 12.5, 1, 8.5], "texture": "#1"},
				"down": {"uv": [2, 8.5, 1.5, 12.5], "texture": "#1"}
			}
		},
		{
			"from": [17, 0, 15],
			"to": [19, 12, 17],
			"faces": {
				"north": {"uv": [8, 10, 8.5, 13], "texture": "#1"},
				"east": {"uv": [8.5, 10, 9, 13], "texture": "#1"},
				"south": {"uv": [9, 10, 9.5, 13], "texture": "#1"},
				"west": {"uv": [9.5, 10, 10, 13], "texture": "#1"},
				"up": {"uv": [6, 12.5, 5.5, 12], "texture": "#1"},
				"down": {"uv": [12.5, 5.5, 12, 6], "texture": "#1"}
			}
		},
		{
			"from": [-3, 0, 15],
			"to": [-1, 12, 17],
			"faces": {
				"north": {"uv": [10, 10, 10.5, 13], "texture": "#1"},
				"east": {"uv": [10.5, 10, 11, 13], "texture": "#1"},
				"south": {"uv": [11, 0, 11.5, 3], "texture": "#1"},
				"west": {"uv": [11, 3, 11.5, 6], "texture": "#1"},
				"up": {"uv": [6.5, 12.5, 6, 12], "texture": "#1"},
				"down": {"uv": [12.5, 6, 12, 6.5], "texture": "#1"}
			}
		},
		{
			"from": [-3, 0, -1],
			"to": [-1, 12, 1],
			"faces": {
				"north": {"uv": [11, 8.5, 11.5, 11.5], "texture": "#1"},
				"east": {"uv": [11.5, 0, 12, 3], "texture": "#1"},
				"south": {"uv": [11.5, 3, 12, 6], "texture": "#1"},
				"west": {"uv": [11.5, 8.5, 12, 11.5], "texture": "#1"},
				"up": {"uv": [12.5, 7, 12, 6.5], "texture": "#1"},
				"down": {"uv": [12.5, 7.5, 12, 8], "texture": "#1"}
			}
		}
	],
	"display": {
		"thirdperson_righthand": {
			"rotation": [75, 125, 0],
			"translation": [0, 2.5, 0],
			"scale": [0.375, 0.375, 0.375]
		},
		"thirdperson_lefthand": {
			"rotation": [75, 125, 0],
			"translation": [0, 2.5, 0],
			"scale": [0.375, 0.375, 0.375]
		},
		"firstperson_righthand": {
			"rotation": [0, 125, 0],
			"scale": [0.4, 0.4, 0.4]
		},
		"firstperson_lefthand": {
			"rotation": [0, 125, 0],
			"scale": [0.4, 0.4, 0.4]
		},
		"ground": {
			"translation": [0, 3, 0],
			"scale": [0.25, 0.25, 0.25]
		},
		"gui": {
			"rotation": [30, 225, 0],
			"translation": [0, -1.5, 0],
			"scale": [0.45, 0.45, 0.45]
		},
		"head": {
			"translation": [0, -31.25, 0],
			"scale": [1.5, 1.5, 1.5]
		},
		"fixed": {
			"rotation": [-90, 0, 0],
			"translation": [0, 0, -15.5],
			"scale": [2, 2, 2]
		}
	},
	"groups": [
		{
			"name": "group",
			"origin": [8, 8, 8],
			"color": 0,
			"children": [0, 1, 2, 3, 4, 5, 6, 7, 8, 9, 10, 11, 12, 13, 14, 15]
		}
	]
}