{
	"credit": "Made with Blockbench",
	"texture_size": [128, 128],
	"textures": {
		"0": "item/decor/bamboo/bamboo_rack",
		"particle": "item/decor/bamboo/bamboo_rack"
	},
	"elements": [
		{
			"from": [-3, 0, 15],
			"to": [-1, 30, 17],
			"faces": {
				"north": {"uv": [4.5, 0, 4.75, 3.75], "texture": "#0"},
				"east": {"uv": [4.5, 3.75, 4.75, 7.5], "texture": "#0"},
				"south": {"uv": [4.75, 0, 5, 3.75], "texture": "#0"},
				"west": {"uv": [4.75, 3.75, 5, 7.5], "texture": "#0"},
				"up": {"uv": [8, 3.5, 7.75, 3.25], "texture": "#0"},
				"down": {"uv": [3.75, 7.75, 3.5, 8], "texture": "#0"}
			}
		},
		{
			"from": [17, 0, 15],
			"to": [19, 30, 17],
			"faces": {
				"north": {"uv": [5, 0, 5.25, 3.75], "texture": "#0"},
				"east": {"uv": [5, 3.75, 5.25, 7.5], "texture": "#0"},
				"south": {"uv": [0, 5.25, 0.25, 9], "texture": "#0"},
				"west": {"uv": [5.25, 0, 5.5, 3.75], "texture": "#0"},
				"up": {"uv": [8, 3.75, 7.75, 3.5], "texture": "#0"},
				"down": {"uv": [4, 7.75, 3.75, 8], "texture": "#0"}
			}
		},
		{
			"from": [17.1, 0.1, -0.9],
			"to": [18.9, 27.9, 0.9],
			"faces": {
				"north": {"uv": [0.25, 5.25, 0.5, 8.75], "texture": "#0"},
				"east": {"uv": [0.5, 5.25, 0.75, 8.75], "texture": "#0"},
				"south": {"uv": [0.75, 5.25, 1, 8.75], "texture": "#0"},
				"west": {"uv": [1, 5.25, 1.25, 8.75], "texture": "#0"},
				"up": {"uv": [3, 8, 2.75, 7.75], "texture": "#0"},
				"down": {"uv": [3.25, 7.75, 3, 8], "texture": "#0"}
			}
		},
		{
			"from": [-2.9, 0.1, -0.9],
			"to": [-1.1, 27.9, 0.9],
			"rotation": {"angle": 0, "axis": "y", "origin": [16, 0, 0]},
			"faces": {
				"north": {"uv": [0.5, 5.25, 0.25, 8.75], "texture": "#0"},
				"east": {"uv": [1.25, 5.25, 1, 8.75], "texture": "#0"},
				"south": {"uv": [1, 5.25, 0.75, 8.75], "texture": "#0"},
				"west": {"uv": [0.75, 5.25, 0.5, 8.75], "texture": "#0"},
				"up": {"uv": [2.75, 8, 3, 7.75], "texture": "#0"},
				"down": {"uv": [3, 7.75, 3.25, 8], "texture": "#0"}
			}
		},
		{
			"from": [17, 5, 0.9],
			"to": [19, 7, 15],
			"faces": {
				"north": {"uv": [7.75, 4, 8, 4.25], "texture": "#0"},
				"east": {"uv": [5.25, 6, 7, 6.25], "texture": "#0"},
				"south": {"uv": [7.75, 4.25, 8, 4.5], "texture": "#0"},
				"west": {"uv": [2.25, 6.25, 4, 6.5], "texture": "#0"},
				"up": {"uv": [4.25, 8, 4, 6.25], "texture": "#0"},
				"down": {"uv": [4.5, 6.25, 4.25, 8], "texture": "#0"}
			}
		},
		{
			"from": [17, 30, 8],
			"to": [19, 32, 18],
			"faces": {
				"north": {"uv": [7.75, 7.5, 8, 7.75], "texture": "#0"},
				"east": {"uv": [7.5, 6.5, 8.75, 6.75], "texture": "#0"},
				"south": {"uv": [7.75, 7.75, 8, 8], "texture": "#0"},
				"west": {"uv": [7.5, 7.25, 8.75, 7.5], "texture": "#0"},
				"up": {"uv": [7.75, 8.75, 7.5, 7.5], "texture": "#0"},
				"down": {"uv": [8, 0, 7.75, 1.25], "texture": "#0"}
			}
		},
		{
			"from": [17, 28.1627, -3.23671],
			"to": [19, 30.1627, 8.76329],
			"rotation": {"angle": -22.5, "axis": "x", "origin": [18, 29.1627, 3.76329]},
			"faces": {
				"north": {"uv": [8, 0, 8.25, 0.25], "texture": "#0"},
				"east": {"uv": [2.5, 7.5, 4, 7.75], "texture": "#0"},
				"south": {"uv": [8, 0.25, 8.25, 0.5], "texture": "#0"},
				"west": {"uv": [7.5, 3.75, 9, 4], "texture": "#0"},
				"up": {"uv": [7.75, 5.5, 7.5, 4], "texture": "#0"},
				"down": {"uv": [4.75, 7.5, 4.5, 9], "texture": "#0"}
			}
		},
		{
			"from": [-3, 30, 8],
			"to": [-1, 32, 18],
			"rotation": {"angle": 0, "axis": "y", "origin": [16, 0, 0]},
			"faces": {
				"north": {"uv": [8, 0.5, 8.25, 0.75], "texture": "#0"},
				"east": {"uv": [7.75, 1.25, 9, 1.5], "texture": "#0"},
				"south": {"uv": [8, 0.75, 8.25, 1], "texture": "#0"},
				"west": {"uv": [7.75, 1.5, 9, 1.75], "texture": "#0"},
				"up": {"uv": [8, 3, 7.75, 1.75], "texture": "#0"},
				"down": {"uv": [2.75, 7.75, 2.5, 9], "texture": "#0"}
			}
		},
		{
			"from": [-3, 28.1627, -3.23671],
			"to": [-1, 30.1627, 8.76329],
			"rotation": {"angle": -22.5, "axis": "x", "origin": [-2, 29.1627, 3.76329]},
			"faces": {
				"north": {"uv": [8, 1, 8.25, 1.25], "texture": "#0"},
				"east": {"uv": [7.5, 5.5, 9, 5.75], "texture": "#0"},
				"south": {"uv": [8, 1.75, 8.25, 2], "texture": "#0"},
				"west": {"uv": [7.5, 5.75, 9, 6], "texture": "#0"},
				"up": {"uv": [5, 9, 4.75, 7.5], "texture": "#0"},
				"down": {"uv": [5.25, 7.5, 5, 9], "texture": "#0"}
			}
		},
		{
			"from": [-3, 5, 0.9],
			"to": [-1, 7, 15],
			"faces": {
				"north": {"uv": [8, 2, 8.25, 2.25], "texture": "#0"},
				"east": {"uv": [6.25, 6.75, 8, 7], "texture": "#0"},
				"south": {"uv": [8, 2.25, 8.25, 2.5], "texture": "#0"},
				"west": {"uv": [2.25, 7, 4, 7.25], "texture": "#0"},
				"up": {"uv": [6.5, 8.75, 6.25, 7], "texture": "#0"},
				"down": {"uv": [6.75, 7, 6.5, 8.75], "texture": "#0"}
			}
		},
		{
			"from": [17, 14, 0.9],
			"to": [19, 16, 15],
			"rotation": {"angle": 0, "axis": "y", "origin": [0, 9, 0]},
			"faces": {
				"north": {"uv": [7.75, 4, 8, 4.25], "texture": "#0"},
				"east": {"uv": [5.25, 6, 7, 6.25], "texture": "#0"},
				"south": {"uv": [7.75, 4.25, 8, 4.5], "texture": "#0"},
				"west": {"uv": [2.25, 6.25, 4, 6.5], "texture": "#0"},
				"up": {"uv": [4.25, 8, 4, 6.25], "texture": "#0"},
				"down": {"uv": [4.5, 6.25, 4.25, 8], "texture": "#0"}
			}
		},
		{
			"from": [-3, 14, 0.9],
			"to": [-1, 16, 15],
			"rotation": {"angle": 0, "axis": "y", "origin": [0, 9, 0]},
			"faces": {
				"north": {"uv": [8, 2, 8.25, 2.25], "texture": "#0"},
				"east": {"uv": [6.25, 6.75, 8, 7], "texture": "#0"},
				"south": {"uv": [8, 2.25, 8.25, 2.5], "texture": "#0"},
				"west": {"uv": [2.25, 7, 4, 7.25], "texture": "#0"},
				"up": {"uv": [6.5, 8.75, 6.25, 7], "texture": "#0"},
				"down": {"uv": [6.75, 7, 6.5, 8.75], "texture": "#0"}
			}
		},
		{
			"from": [17, 24, 0.9],
			"to": [19, 26, 15],
			"rotation": {"angle": 0, "axis": "y", "origin": [0, 19, 0]},
			"faces": {
				"north": {"uv": [7.75, 4, 8, 4.25], "texture": "#0"},
				"east": {"uv": [5.25, 6, 7, 6.25], "texture": "#0"},
				"south": {"uv": [7.75, 4.25, 8, 4.5], "texture": "#0"},
				"west": {"uv": [2.25, 6.25, 4, 6.5], "texture": "#0"},
				"up": {"uv": [4.25, 8, 4, 6.25], "texture": "#0"},
				"down": {"uv": [4.5, 6.25, 4.25, 8], "texture": "#0"}
			}
		},
		{
			"from": [-3, 24, 0.9],
			"to": [-1, 26, 15],
			"rotation": {"angle": 0, "axis": "y", "origin": [0, 19, 0]},
			"faces": {
				"north": {"uv": [8, 2, 8.25, 2.25], "texture": "#0"},
				"east": {"uv": [6.25, 6.75, 8, 7], "texture": "#0"},
				"south": {"uv": [8, 2.25, 8.25, 2.5], "texture": "#0"},
				"west": {"uv": [2.25, 7, 4, 7.25], "texture": "#0"},
				"up": {"uv": [6.5, 8.75, 6.25, 7], "texture": "#0"},
				"down": {"uv": [6.75, 7, 6.5, 8.75], "texture": "#0"}
			}
		},
		{
			"from": [-1, 30, 15],
			"to": [17, 32, 17],
			"rotation": {"angle": 0, "axis": "y", "origin": [0, 16, 8]},
			"faces": {
				"north": {"uv": [5.5, 1, 7.75, 1.25], "texture": "#0"},
				"east": {"uv": [4, 8, 4.25, 8.25], "texture": "#0"},
				"south": {"uv": [5.5, 1.25, 7.75, 1.5], "texture": "#0"},
				"west": {"uv": [8, 4, 8.25, 4.25], "texture": "#0"},
				"up": {"uv": [7.75, 1.75, 5.5, 1.5], "texture": "#0"},
				"down": {"uv": [7.75, 1.75, 5.5, 2], "texture": "#0"}
			}
		},
		{
			"from": [-1, 15.5, 1],
			"to": [17, 15.5, 15],
			"rotation": {"angle": 0, "axis": "y", "origin": [0, 16, 8]},
			"faces": {
				"north": {"uv": [0, 0, 2.25, 0], "texture": "#0"},
				"east": {"uv": [0, 0, 1.75, 0], "texture": "#0"},
				"south": {"uv": [0, 0, 2.25, 0], "texture": "#0"},
				"west": {"uv": [0, 0, 1.75, 0], "texture": "#0"},
				"up": {"uv": [4.5, 1.75, 2.25, 0], "texture": "#0"},
				"down": {"uv": [4.5, 1.75, 2.25, 3.5], "texture": "#0"}
			}
		},
		{
			"from": [-1, 25.5, 1],
			"to": [17, 25.5, 15],
			"rotation": {"angle": 0, "axis": "y", "origin": [0, 16, 8]},
			"faces": {
				"north": {"uv": [0, 0, 2.25, 0], "texture": "#0"},
				"east": {"uv": [0, 0, 1.75, 0], "texture": "#0"},
				"south": {"uv": [0, 0, 2.25, 0], "texture": "#0"},
				"west": {"uv": [0, 0, 1.75, 0], "texture": "#0"},
				"up": {"uv": [4.5, 1.75, 2.25, 0], "texture": "#0"},
				"down": {"uv": [4.5, 1.75, 2.25, 3.5], "texture": "#0"}
			}
		},
		{
			"from": [-1, 6.5, 1],
			"to": [17, 6.5, 15],
			"rotation": {"angle": 0, "axis": "y", "origin": [0, 16, 8]},
			"faces": {
				"north": {"uv": [0, 0, 2.25, 0], "texture": "#0"},
				"east": {"uv": [0, 0, 1.75, 0], "texture": "#0"},
				"south": {"uv": [0, 0, 2.25, 0], "texture": "#0"},
				"west": {"uv": [0, 0, 1.75, 0], "texture": "#0"},
				"up": {"uv": [4.5, 1.75, 2.25, 0], "texture": "#0"},
				"down": {"uv": [4.5, 1.75, 2.25, 3.5], "texture": "#0"}
			}
		},
		{
			"from": [-1.1, 5, -1],
			"to": [17.1, 7, 1],
			"rotation": {"angle": 0, "axis": "y", "origin": [0, 16, 8]},
			"faces": {
				"north": {"uv": [5.5, 2, 7.75, 2.25], "texture": "#0"},
				"east": {"uv": [4.25, 8, 4.5, 8.25], "texture": "#0"},
				"south": {"uv": [2.25, 5.5, 4.5, 5.75], "texture": "#0"},
				"west": {"uv": [8, 4.25, 8.25, 4.5], "texture": "#0"},
				"up": {"uv": [7.75, 2.5, 5.5, 2.25], "texture": "#0"},
				"down": {"uv": [7.75, 2.5, 5.5, 2.75], "texture": "#0"}
			}
		},
		{
			"from": [-1.1, 5, 15],
			"to": [17.1, 7, 17],
			"rotation": {"angle": 0, "axis": "y", "origin": [0, 16, 8]},
			"faces": {
				"north": {"uv": [4.5, 5.5, 2.25, 5.75], "texture": "#0"},
				"east": {"uv": [4.5, 8, 4.25, 8.25], "texture": "#0"},
				"south": {"uv": [7.75, 2, 5.5, 2.25], "texture": "#0"},
				"west": {"uv": [8.25, 4.25, 8, 4.5], "texture": "#0"},
				"up": {"uv": [7.75, 2.25, 5.5, 2.5], "texture": "#0"},
				"down": {"uv": [7.75, 2.75, 5.5, 2.5], "texture": "#0"}
			}
		},
		{
			"from": [-1.1, 14, -1],
			"to": [17.1, 16, 1],
			"rotation": {"angle": 0, "axis": "y", "origin": [0, 25, 8]},
			"faces": {
				"north": {"uv": [5.5, 2, 7.75, 2.25], "texture": "#0"},
				"east": {"uv": [4.25, 8, 4.5, 8.25], "texture": "#0"},
				"south": {"uv": [2.25, 5.5, 4.5, 5.75], "texture": "#0"},
				"west": {"uv": [8, 4.25, 8.25, 4.5], "texture": "#0"},
				"up": {"uv": [7.75, 2.5, 5.5, 2.25], "texture": "#0"},
				"down": {"uv": [7.75, 2.5, 5.5, 2.75], "texture": "#0"}
			}
		},
		{
			"from": [-1.1, 14, 15],
			"to": [17.1, 16, 17],
			"rotation": {"angle": 0, "axis": "y", "origin": [0, 25, 8]},
			"faces": {
				"north": {"uv": [4.5, 5.5, 2.25, 5.75], "texture": "#0"},
				"east": {"uv": [4.5, 8, 4.25, 8.25], "texture": "#0"},
				"south": {"uv": [7.75, 2, 5.5, 2.25], "texture": "#0"},
				"west": {"uv": [8.25, 4.25, 8, 4.5], "texture": "#0"},
				"up": {"uv": [7.75, 2.25, 5.5, 2.5], "texture": "#0"},
				"down": {"uv": [7.75, 2.75, 5.5, 2.5], "texture": "#0"}
			}
		},
		{
			"from": [-1.1, 24, -1],
			"to": [17.1, 26, 1],
			"rotation": {"angle": 0, "axis": "y", "origin": [0, 35, 8]},
			"faces": {
				"north": {"uv": [5.5, 2, 7.75, 2.25], "texture": "#0"},
				"east": {"uv": [4.25, 8, 4.5, 8.25], "texture": "#0"},
				"south": {"uv": [2.25, 5.5, 4.5, 5.75], "texture": "#0"},
				"west": {"uv": [8, 4.25, 8.25, 4.5], "texture": "#0"},
				"up": {"uv": [7.75, 2.5, 5.5, 2.25], "texture": "#0"},
				"down": {"uv": [7.75, 2.5, 5.5, 2.75], "texture": "#0"}
			}
		},
		{
			"from": [-1.1, 24, 15],
			"to": [17.1, 26, 17],
			"rotation": {"angle": 0, "axis": "y", "origin": [0, 35, 8]},
			"faces": {
				"north": {"uv": [4.5, 5.5, 2.25, 5.75], "texture": "#0"},
				"east": {"uv": [4.5, 8, 4.25, 8.25], "texture": "#0"},
				"south": {"uv": [7.75, 2, 5.5, 2.25], "texture": "#0"},
				"west": {"uv": [8.25, 4.25, 8, 4.5], "texture": "#0"},
				"up": {"uv": [7.75, 2.25, 5.5, 2.5], "texture": "#0"},
				"down": {"uv": [7.75, 2.75, 5.5, 2.5], "texture": "#0"}
			}
		}
	],
	"display": {
		"thirdperson_righthand": {
			"rotation": [75, 125, 0],
			"translation": [0, 2.5, 0],
			"scale": [0.375, 0.375, 0.375]
		},
		"thirdperson_lefthand": {
			"rotation": [75, 125, 0],
			"translation": [0, 2.5, 0],
			"scale": [0.375, 0.375, 0.375]
		},
		"firstperson_righthand": {
			"rotation": [0, 125, 0],
			"scale": [0.4, 0.4, 0.4]
		},
		"firstperson_lefthand": {
			"rotation": [0, 125, 0],
			"scale": [0.4, 0.4, 0.4]
		},
		"ground": {
			"translation": [0, 3, 0],
			"scale": [0.25, 0.25, 0.25]
		},
		"gui": {
			"rotation": [30, 225, 0],
			"translation": [0, -2.75, 0],
			"scale": [0.3, 0.3, 0.3]
		},
		"head": {
			"translation": [0, -35.5, 0]
		},
		"fixed": {
			"rotation": [-90, 0, 0],
			"translation": [0, 0, -15.5],
			"scale": [2, 2, 2]
		}
	},
	"groups": [
		{
			"name": "group",
			"origin": [8, 8, 8],
			"color": 0,
			"children": [0, 1, 2, 3, 4, 5, 6, 7, 8, 9, 10, 11, 12, 13, 14, 15, 16, 17, 18, 19, 20, 21, 22, 23]
		}
	]
}