{
	"credit": "Made with Blockbench",
	"texture_size": [32, 32],
	"textures": {
		"0": "block/gold_chandelier",
		"1": "block/candle_anim",
		"particle": "block/gold_chandelier"
	},
	"elements": [
		{
			"name": "base",
			"from": [6, 0, 6],
			"to": [10, 1, 10],
			"rotation": {"angle": 0, "axis": "y", "origin": [7, 3, 7]},
			"faces": {
				"north": {"uv": [10, 2, 12, 2.5], "texture": "#0"},
				"east": {"uv": [8, 2, 10, 2.5], "texture": "#0"},
				"south": {"uv": [14, 2, 16, 2.5], "texture": "#0"},
				"west": {"uv": [12, 2, 14, 2.5], "texture": "#0"},
				"up": {"uv": [10, 0, 12, 2], "texture": "#0"},
				"down": {"uv": [12, 0, 14, 2], "texture": "#0"}
			}
		},
		{
			"name": "base2",
			"from": [7, 1, 7],
			"to": [9, 7, 9],
			"rotation": {"angle": 0, "axis": "y", "origin": [8, 4, 8]},
			"faces": {
				"north": {"uv": [13, 3.5, 14, 6.5], "texture": "#0"},
				"east": {"uv": [12, 3.5, 13, 6.5], "texture": "#0"},
				"south": {"uv": [15, 3.5, 16, 6.5], "texture": "#0"},
				"west": {"uv": [14, 3.5, 15, 6.5], "texture": "#0"},
				"up": {"uv": [13, 2.5, 14, 3.5], "texture": "#0"},
				"down": {"uv": [14, 2.5, 15, 3.5], "texture": "#0"}
			}
		},
		{
			"name": "base3",
			"from": [6.75, 3.5, 6.75],
			"to": [9.25, 6, 9.25],
			"rotation": {"angle": 0, "axis": "y", "origin": [8, 6.75, 8]},
			"faces": {
				"north": {"uv": [13, 7.5, 14, 8.5], "texture": "#0"},
				"east": {"uv": [12, 7.5, 13, 8.5], "texture": "#0"},
				"south": {"uv": [15, 7.5, 16, 8.5], "texture": "#0"},
				"west": {"uv": [14, 7.5, 15, 8.5], "texture": "#0"},
				"up": {"uv": [13, 6.5, 14, 7.5], "texture": "#0"},
				"down": {"uv": [14, 6.5, 15, 7.5], "texture": "#0"}
			}
		},
		{
			"name": "arm1a",
			"from": [12, 3.5, 7.5],
			"to": [15, 4.5, 8.5],
			"rotation": {"angle": 45, "axis": "z", "origin": [13, 4, 8]},
			"faces": {
				"north": {"uv": [12.5, 9, 13, 10.5], "rotation": 90, "texture": "#0"},
				"east": {"uv": [12.5, 8.5, 13, 9], "rotation": 180, "texture": "#0"},
				"south": {"uv": [13.5, 9, 14, 10.5], "rotation": 270, "texture": "#0"},
				"west": {"uv": [13, 8.5, 13.5, 9], "texture": "#0"},
				"up": {"uv": [12, 9, 12.5, 10.5], "rotation": 270, "texture": "#0"},
				"down": {"uv": [13, 9, 13.5, 10.5], "rotation": 270, "texture": "#0"}
			}
		},
		{
			"name": "arm3a",
			"from": [1, 3.5, 7.5],
			"to": [4, 4.5, 8.5],
			"rotation": {"angle": -45, "axis": "z", "origin": [3, 4, 8]},
			"faces": {
				"north": {"uv": [13.5, 9, 14, 10.5], "rotation": 270, "texture": "#0"},
				"east": {"uv": [13, 8.5, 13.5, 9], "texture": "#0"},
				"south": {"uv": [12.5, 9, 13, 10.5], "rotation": 90, "texture": "#0"},
				"west": {"uv": [12.5, 8.5, 13, 9], "rotation": 180, "texture": "#0"},
				"up": {"uv": [12, 9, 12.5, 10.5], "rotation": 90, "texture": "#0"},
				"down": {"uv": [13, 9, 13.5, 10.5], "rotation": 90, "texture": "#0"}
			}
		},
		{
			"name": "arm1b",
			"from": [8.7, 3.45, 7.45],
			"to": [12.8, 4.55, 8.55],
			"rotation": {"angle": -22.5, "axis": "z", "origin": [10.75, 4, 8]},
			"faces": {
				"north": {"uv": [12.5, 9, 13, 11], "rotation": 90, "texture": "#0"},
				"east": {"uv": [12.5, 8.5, 13, 9], "rotation": 180, "texture": "#0"},
				"south": {"uv": [13.5, 9, 14, 11], "rotation": 270, "texture": "#0"},
				"west": {"uv": [13, 8.5, 13.5, 9], "texture": "#0"},
				"up": {"uv": [12, 9, 12.5, 11], "rotation": 270, "texture": "#0"},
				"down": {"uv": [13, 9, 13.5, 11], "rotation": 270, "texture": "#0"}
			}
		},
		{
			"name": "arm3b",
			"from": [3.2, 3.45, 7.45],
			"to": [7.3, 4.55, 8.55],
			"rotation": {"angle": 22.5, "axis": "z", "origin": [5.25, 4, 8]},
			"faces": {
				"north": {"uv": [13.5, 9, 14, 11], "rotation": 270, "texture": "#0"},
				"east": {"uv": [13, 8.5, 13.5, 9], "texture": "#0"},
				"south": {"uv": [12.5, 9, 13, 11], "rotation": 90, "texture": "#0"},
				"west": {"uv": [12.5, 8.5, 13, 9], "rotation": 180, "texture": "#0"},
				"up": {"uv": [12, 9, 12.5, 11], "rotation": 90, "texture": "#0"},
				"down": {"uv": [13, 9, 13.5, 11], "rotation": 90, "texture": "#0"}
			}
		},
		{
			"name": "holder1",
			"from": [12.5, 5, 6.5],
			"to": [15.5, 6, 9.5],
			"rotation": {"angle": 0, "axis": "y", "origin": [14, 5.5, 8]},
			"faces": {
				"north": {"uv": [11.5, 12.5, 13, 13], "texture": "#0"},
				"east": {"uv": [10, 12.5, 11.5, 13], "texture": "#0"},
				"south": {"uv": [14.5, 12.5, 16, 13], "texture": "#0"},
				"west": {"uv": [13, 12.5, 14.5, 13], "texture": "#0"},
				"up": {"uv": [11.5, 11, 13, 12.5], "texture": "#0"},
				"down": {"uv": [13, 11, 14.5, 12.5], "texture": "#0"}
			}
		},
		{
			"name": "holder3",
			"from": [0.5, 5, 6.5],
			"to": [3.5, 6, 9.5],
			"rotation": {"angle": 0, "axis": "y", "origin": [2, 5.5, 8]},
			"faces": {
				"north": {"uv": [14.5, 12.5, 16, 13], "texture": "#0"},
				"east": {"uv": [13, 12.5, 14.5, 13], "texture": "#0"},
				"south": {"uv": [11.5, 12.5, 13, 13], "texture": "#0"},
				"west": {"uv": [10, 12.5, 11.5, 13], "texture": "#0"},
				"up": {"uv": [11.5, 11, 13, 12.5], "rotation": 180, "texture": "#0"},
				"down": {"uv": [13, 11, 14.5, 12.5], "rotation": 180, "texture": "#0"}
			}
		},
		{
			"name": "holder4",
			"from": [6.5, 7, 6.5],
			"to": [9.5, 8, 9.5],
			"rotation": {"angle": 0, "axis": "y", "origin": [8, 7.5, 8]},
			"faces": {
				"north": {"uv": [14.5, 12.5, 16, 13], "texture": "#0"},
				"east": {"uv": [13, 12.5, 14.5, 13], "texture": "#0"},
				"south": {"uv": [11.5, 12.5, 13, 13], "texture": "#0"},
				"west": {"uv": [10, 12.5, 11.5, 13], "texture": "#0"},
				"up": {"uv": [11.5, 11, 13, 12.5], "rotation": 180, "texture": "#0"},
				"down": {"uv": [13, 11, 14.5, 12.5], "rotation": 180, "texture": "#0"}
			}
		},
		{
			"name": "candle1",
			"from": [13.25, 6, 7.25],
			"to": [14.75, 9.5, 8.75],
			"rotation": {"angle": 0, "axis": "y", "origin": [14, 7.75, 8]},
			"faces": {
				"north": {"uv": [2, 10, 4, 16], "texture": "#1"},
				"east": {"uv": [0, 10, 2, 16], "texture": "#1"},
				"south": {"uv": [6, 10, 8, 16], "texture": "#1"},
				"west": {"uv": [4, 10, 6, 16], "texture": "#1"},
				"up": {"uv": [2, 8, 4, 10], "texture": "#1"},
				"down": {"uv": [4, 8, 6, 10], "texture": "#1"}
			}
		},
		{
			"name": "candle2",
			"from": [7.25, 8, 7.25],
			"to": [8.75, 11.5, 8.75],
			"rotation": {"angle": 0, "axis": "y", "origin": [8, 9.75, 8]},
			"faces": {
				"north": {"uv": [2, 10, 4, 16], "texture": "#1"},
				"east": {"uv": [0, 10, 2, 16], "texture": "#1"},
				"south": {"uv": [6, 10, 8, 16], "texture": "#1"},
				"west": {"uv": [4, 10, 6, 16], "texture": "#1"},
				"up": {"uv": [2, 8, 4, 10], "texture": "#1"},
				"down": {"uv": [4, 8, 6, 10], "texture": "#1"}
			}
		},
		{
			"name": "candle3",
			"from": [1.25, 6, 7.25],
			"to": [2.75, 9.5, 8.75],
			"rotation": {"angle": 0, "axis": "y", "origin": [2, 7.75, 8]},
			"faces": {
				"north": {"uv": [2, 10, 4, 16], "texture": "#1"},
				"east": {"uv": [0, 10, 2, 16], "texture": "#1"},
				"south": {"uv": [6, 10, 8, 16], "texture": "#1"},
				"west": {"uv": [4, 10, 6, 16], "texture": "#1"},
				"up": {"uv": [2, 8, 4, 10], "texture": "#1"},
				"down": {"uv": [4, 8, 6, 10], "texture": "#1"}
			}
		},
		{
			"name": "wick1",
			"from": [13.5, 9.5, 8],
			"to": [14.5, 11.5, 8],
			"rotation": {"angle": 0, "axis": "y", "origin": [14, 10, 8]},
			"faces": {
				"north": {"uv": [10, 12, 12, 16], "texture": "#1"},
				"east": {"uv": [0, 0, 0, 0.5], "texture": "#missing"},
				"south": {"uv": [10, 12, 12, 16], "texture": "#1"},
				"west": {"uv": [0, 0, 0, 0.5], "texture": "#missing"},
				"up": {"uv": [0, 0, 0.5, 0], "texture": "#missing"},
				"down": {"uv": [0, 0, 0.5, 0], "texture": "#missing"}
			}
		},
		{
			"name": "wick2",
			"from": [7.5, 11.5, 8],
			"to": [8.5, 13.5, 8],
			"rotation": {"angle": 0, "axis": "y", "origin": [8, 12, 8]},
			"faces": {
				"north": {"uv": [10, 12, 12, 16], "texture": "#1"},
				"east": {"uv": [0, 0, 0, 0.5], "texture": "#missing"},
				"south": {"uv": [10, 12, 12, 16], "texture": "#1"},
				"west": {"uv": [0, 0, 0, 0.5], "texture": "#missing"},
				"up": {"uv": [0, 0, 0.5, 0], "texture": "#missing"},
				"down": {"uv": [0, 0, 0.5, 0], "texture": "#missing"}
			}
		},
		{
			"name": "wick3",
			"from": [1.5, 9.5, 8],
			"to": [2.5, 11.5, 8],
			"rotation": {"angle": 0, "axis": "y", "origin": [2, 10, 8]},
			"faces": {
				"north": {"uv": [10, 12, 12, 16], "texture": "#1"},
				"east": {"uv": [0, 0, 0, 0.5], "texture": "#missing"},
				"south": {"uv": [10, 12, 12, 16], "texture": "#1"},
				"west": {"uv": [0, 0, 0, 0.5], "texture": "#missing"},
				"up": {"uv": [0, 0, 0.5, 0], "texture": "#missing"},
				"down": {"uv": [0, 0, 0.5, 0], "texture": "#missing"}
			}
		}
	],
	"groups": [0, 1, 2,
		{
			"name": "chandelier_arm",
			"origin": [8, 4, 5],
			"children": [3, 4, 5, 6]
		},
		{
			"name": "holder",
			"origin": [8, 8, 8],
			"children": [7, 8, 9]
		},
		{
			"name": "candle",
			"origin": [8, 8, 8],
			"children": [10, 11, 12]
		},
		{
			"name": "wick",
			"origin": [8, 8, 8],
			"children": [13, 14, 15]
		}
	]
}