{
	"credit": "Made with Blockbench",
	"texture_size": [32, 32],
	"textures": {
		"0": "block/silver_chandelier",
		"1": "block/soul_candle_anim",
		"particle": "block/silver_chandelier"
	},
	"elements": [
		{
			"name": "base",
			"from": [6.25, 3.75, 6.25],
			"to": [9.75, 7.25, 9.75],
			"rotation": {"angle": 0, "axis": "y", "origin": [8, 5.5, 8]},
			"faces": {
				"north": {"uv": [11.5, 14.5, 13, 16], "texture": "#0"},
				"east": {"uv": [10, 14.5, 11.5, 16], "texture": "#0"},
				"south": {"uv": [14.5, 14.5, 16, 16], "texture": "#0"},
				"west": {"uv": [13, 14.5, 14.5, 16], "texture": "#0"},
				"up": {"uv": [11.5, 13, 13, 14.5], "texture": "#0"},
				"down": {"uv": [13, 13, 14.5, 14.5], "texture": "#0"}
			}
		},
		{
			"name": "arm1a",
			"from": [12.25, 3.5, 7.5],
			"to": [15.25, 4.5, 8.5],
			"rotation": {"angle": 45, "axis": "z", "origin": [13.25, 4, 8]},
			"faces": {
				"north": {"uv": [12.5, 9, 13, 10.5], "rotation": 90, "texture": "#0"},
				"east": {"uv": [12.5, 8.5, 13, 9], "rotation": 180, "texture": "#0"},
				"south": {"uv": [13.5, 9, 14, 10.5], "rotation": 270, "texture": "#0"},
				"west": {"uv": [13, 8.5, 13.5, 9], "texture": "#0"},
				"up": {"uv": [12, 9, 12.5, 10.5], "rotation": 270, "texture": "#0"},
				"down": {"uv": [13, 9, 13.5, 10.5], "rotation": 270, "texture": "#0"}
			}
		},
		{
			"name": "arm2a",
			"from": [7.5, 3.5, 0.75],
			"to": [8.5, 4.5, 3.75],
			"rotation": {"angle": 45, "axis": "x", "origin": [8, 4, 2.75]},
			"faces": {
				"north": {"uv": [12.5, 8.5, 13, 9], "rotation": 180, "texture": "#0"},
				"east": {"uv": [13.5, 9, 14, 10.5], "rotation": 270, "texture": "#0"},
				"south": {"uv": [13, 8.5, 13.5, 9], "texture": "#0"},
				"west": {"uv": [12.5, 9, 13, 10.5], "rotation": 90, "texture": "#0"},
				"up": {"uv": [12, 9, 12.5, 10.5], "rotation": 180, "texture": "#0"},
				"down": {"uv": [13, 9, 13.5, 10.5], "texture": "#0"}
			}
		},
		{
			"name": "arm3a",
			"from": [0.75, 3.5, 7.5],
			"to": [3.75, 4.5, 8.5],
			"rotation": {"angle": -45, "axis": "z", "origin": [2.75, 4, 8]},
			"faces": {
				"north": {"uv": [13.5, 9, 14, 10.5], "rotation": 270, "texture": "#0"},
				"east": {"uv": [13, 8.5, 13.5, 9], "texture": "#0"},
				"south": {"uv": [12.5, 9, 13, 10.5], "rotation": 90, "texture": "#0"},
				"west": {"uv": [12.5, 8.5, 13, 9], "rotation": 180, "texture": "#0"},
				"up": {"uv": [12, 9, 12.5, 10.5], "rotation": 90, "texture": "#0"},
				"down": {"uv": [13, 9, 13.5, 10.5], "rotation": 90, "texture": "#0"}
			}
		},
		{
			"name": "arm4a",
			"from": [7.5, 3.5, 12.25],
			"to": [8.5, 4.5, 15.25],
			"rotation": {"angle": -45, "axis": "x", "origin": [8, 4, 13.25]},
			"faces": {
				"north": {"uv": [13, 8.5, 13.5, 9], "texture": "#0"},
				"east": {"uv": [12.5, 9, 13, 10.5], "rotation": 90, "texture": "#0"},
				"south": {"uv": [12.5, 8.5, 13, 9], "rotation": 180, "texture": "#0"},
				"west": {"uv": [13.5, 9, 14, 10.5], "rotation": 270, "texture": "#0"},
				"up": {"uv": [12, 9, 12.5, 10.5], "texture": "#0"},
				"down": {"uv": [13, 9, 13.5, 10.5], "rotation": 180, "texture": "#0"}
			}
		},
		{
			"name": "arm1b",
			"from": [8.95, 3.45, 7.45],
			"to": [13.05, 4.55, 8.55],
			"rotation": {"angle": -22.5, "axis": "z", "origin": [11, 4, 8]},
			"faces": {
				"north": {"uv": [12.5, 9, 13, 11], "rotation": 90, "texture": "#0"},
				"east": {"uv": [12.5, 8.5, 13, 9], "rotation": 180, "texture": "#0"},
				"south": {"uv": [13.5, 9, 14, 11], "rotation": 270, "texture": "#0"},
				"west": {"uv": [13, 8.5, 13.5, 9], "texture": "#0"},
				"up": {"uv": [12, 9, 12.5, 11], "rotation": 270, "texture": "#0"},
				"down": {"uv": [13, 9, 13.5, 11], "rotation": 270, "texture": "#0"}
			}
		},
		{
			"name": "arm2b",
			"from": [7.45, 3.45, 2.95],
			"to": [8.55, 4.55, 7.05],
			"rotation": {"angle": -22.5, "axis": "x", "origin": [8, 4, 5]},
			"faces": {
				"north": {"uv": [12.5, 8.5, 13, 9], "rotation": 180, "texture": "#0"},
				"east": {"uv": [13.5, 9, 14, 11], "rotation": 270, "texture": "#0"},
				"south": {"uv": [13, 8.5, 13.5, 9], "texture": "#0"},
				"west": {"uv": [12.5, 9, 13, 11], "rotation": 90, "texture": "#0"},
				"up": {"uv": [12, 9, 12.5, 11], "rotation": 180, "texture": "#0"},
				"down": {"uv": [13, 9, 13.5, 11], "texture": "#0"}
			}
		},
		{
			"name": "arm3b",
			"from": [2.95, 3.45, 7.45],
			"to": [7.05, 4.55, 8.55],
			"rotation": {"angle": 22.5, "axis": "z", "origin": [5, 4, 8]},
			"faces": {
				"north": {"uv": [13.5, 9, 14, 11], "rotation": 270, "texture": "#0"},
				"east": {"uv": [13, 8.5, 13.5, 9], "texture": "#0"},
				"south": {"uv": [12.5, 9, 13, 11], "rotation": 90, "texture": "#0"},
				"west": {"uv": [12.5, 8.5, 13, 9], "rotation": 180, "texture": "#0"},
				"up": {"uv": [12, 9, 12.5, 11], "rotation": 90, "texture": "#0"},
				"down": {"uv": [13, 9, 13.5, 11], "rotation": 90, "texture": "#0"}
			}
		},
		{
			"name": "arm4b",
			"from": [7.45, 3.45, 8.95],
			"to": [8.55, 4.55, 13.05],
			"rotation": {"angle": 22.5, "axis": "x", "origin": [8, 4, 11]},
			"faces": {
				"north": {"uv": [13, 8.5, 13.5, 9], "texture": "#0"},
				"east": {"uv": [12.5, 9, 13, 11], "rotation": 90, "texture": "#0"},
				"south": {"uv": [12.5, 8.5, 13, 9], "rotation": 180, "texture": "#0"},
				"west": {"uv": [13.5, 9, 14, 11], "rotation": 270, "texture": "#0"},
				"up": {"uv": [12, 9, 12.5, 11], "texture": "#0"},
				"down": {"uv": [13, 9, 13.5, 11], "rotation": 180, "texture": "#0"}
			}
		},
		{
			"name": "holder1",
			"from": [12.75, 5, 6.5],
			"to": [15.75, 6, 9.5],
			"rotation": {"angle": 0, "axis": "y", "origin": [14.25, 5.5, 8]},
			"faces": {
				"north": {"uv": [11.5, 12.5, 13, 13], "texture": "#0"},
				"east": {"uv": [10, 12.5, 11.5, 13], "texture": "#0"},
				"south": {"uv": [14.5, 12.5, 16, 13], "texture": "#0"},
				"west": {"uv": [13, 12.5, 14.5, 13], "texture": "#0"},
				"up": {"uv": [11.5, 11, 13, 12.5], "texture": "#0"},
				"down": {"uv": [13, 11, 14.5, 12.5], "texture": "#0"}
			}
		},
		{
			"name": "holder2",
			"from": [6.5, 5, 0.25],
			"to": [9.5, 6, 3.25],
			"rotation": {"angle": 0, "axis": "y", "origin": [8, 5.5, 1.75]},
			"faces": {
				"north": {"uv": [10, 12.5, 11.5, 13], "texture": "#0"},
				"east": {"uv": [14.5, 12.5, 16, 13], "texture": "#0"},
				"south": {"uv": [13, 12.5, 14.5, 13], "texture": "#0"},
				"west": {"uv": [11.5, 12.5, 13, 13], "texture": "#0"},
				"up": {"uv": [11.5, 11, 13, 12.5], "rotation": 270, "texture": "#0"},
				"down": {"uv": [13, 11, 14.5, 12.5], "rotation": 90, "texture": "#0"}
			}
		},
		{
			"name": "holder3",
			"from": [0.25, 5, 6.5],
			"to": [3.25, 6, 9.5],
			"rotation": {"angle": 0, "axis": "y", "origin": [1.75, 5.5, 8]},
			"faces": {
				"north": {"uv": [14.5, 12.5, 16, 13], "texture": "#0"},
				"east": {"uv": [13, 12.5, 14.5, 13], "texture": "#0"},
				"south": {"uv": [11.5, 12.5, 13, 13], "texture": "#0"},
				"west": {"uv": [10, 12.5, 11.5, 13], "texture": "#0"},
				"up": {"uv": [11.5, 11, 13, 12.5], "rotation": 180, "texture": "#0"},
				"down": {"uv": [13, 11, 14.5, 12.5], "rotation": 180, "texture": "#0"}
			}
		},
		{
			"name": "holder4",
			"from": [6.5, 5, 12.75],
			"to": [9.5, 6, 15.75],
			"rotation": {"angle": 0, "axis": "y", "origin": [8, 5.5, 14.25]},
			"faces": {
				"north": {"uv": [13, 12.5, 14.5, 13], "texture": "#0"},
				"east": {"uv": [11.5, 12.5, 13, 13], "texture": "#0"},
				"south": {"uv": [10, 12.5, 11.5, 13], "texture": "#0"},
				"west": {"uv": [14.5, 12.5, 16, 13], "texture": "#0"},
				"up": {"uv": [11.5, 11, 13, 12.5], "rotation": 90, "texture": "#0"},
				"down": {"uv": [13, 11, 14.5, 12.5], "rotation": 270, "texture": "#0"}
			}
		},
		{
			"name": "candle1",
			"from": [13.5, 6, 7.25],
			"to": [15, 9.5, 8.75],
			"rotation": {"angle": 0, "axis": "y", "origin": [14.25, 7.75, 8]},
			"faces": {
				"north": {"uv": [2, 10, 4, 16], "texture": "#1"},
				"east": {"uv": [0, 10, 2, 16], "texture": "#1"},
				"south": {"uv": [6, 10, 8, 16], "texture": "#1"},
				"west": {"uv": [4, 10, 6, 16], "texture": "#1"},
				"up": {"uv": [2, 8, 4, 10], "texture": "#1"},
				"down": {"uv": [4, 8, 6, 10], "texture": "#1"}
			}
		},
		{
			"name": "candle2",
			"from": [7.25, 6, 1],
			"to": [8.75, 9.5, 2.5],
			"rotation": {"angle": 0, "axis": "y", "origin": [8, 7.75, 1.75]},
			"faces": {
				"north": {"uv": [2, 10, 4, 16], "texture": "#1"},
				"east": {"uv": [0, 10, 2, 16], "texture": "#1"},
				"south": {"uv": [6, 10, 8, 16], "texture": "#1"},
				"west": {"uv": [4, 10, 6, 16], "texture": "#1"},
				"up": {"uv": [2, 8, 4, 10], "texture": "#1"},
				"down": {"uv": [4, 8, 6, 10], "texture": "#1"}
			}
		},
		{
			"name": "candle3",
			"from": [1, 6, 7.25],
			"to": [2.5, 9.5, 8.75],
			"rotation": {"angle": 0, "axis": "y", "origin": [1.75, 7.75, 8]},
			"faces": {
				"north": {"uv": [2, 10, 4, 16], "texture": "#1"},
				"east": {"uv": [0, 10, 2, 16], "texture": "#1"},
				"south": {"uv": [6, 10, 8, 16], "texture": "#1"},
				"west": {"uv": [4, 10, 6, 16], "texture": "#1"},
				"up": {"uv": [2, 8, 4, 10], "texture": "#1"},
				"down": {"uv": [4, 8, 6, 10], "texture": "#1"}
			}
		},
		{
			"name": "candle4",
			"from": [7.25, 6, 13.5],
			"to": [8.75, 9.5, 15],
			"rotation": {"angle": 0, "axis": "y", "origin": [8, 7.75, 14.25]},
			"faces": {
				"north": {"uv": [2, 10, 4, 16], "texture": "#1"},
				"east": {"uv": [0, 10, 2, 16], "texture": "#1"},
				"south": {"uv": [6, 10, 8, 16], "texture": "#1"},
				"west": {"uv": [4, 10, 6, 16], "texture": "#1"},
				"up": {"uv": [2, 8, 4, 10], "texture": "#1"},
				"down": {"uv": [4, 8, 6, 10], "texture": "#1"}
			}
		},
		{
			"name": "wick1",
			"from": [14.25, 9.5, 7.5],
			"to": [14.25, 11.5, 8.5],
			"rotation": {"angle": 0, "axis": "y", "origin": [14.25, 10, 8]},
			"faces": {
				"north": {"uv": [0, 0, 0, 0.5], "texture": "#missing"},
				"east": {"uv": [10, 12, 12, 16], "texture": "#1"},
				"south": {"uv": [0, 0, 0, 0.5], "texture": "#missing"},
				"west": {"uv": [10, 12, 12, 16], "texture": "#1"},
				"up": {"uv": [0, 0, 0.5, 0], "rotation": 90, "texture": "#missing"},
				"down": {"uv": [0, 0, 0.5, 0], "rotation": 270, "texture": "#missing"}
			}
		},
		{
			"name": "wick2",
			"from": [7.5, 9.5, 1.75],
			"to": [8.5, 11.5, 1.75],
			"rotation": {"angle": 0, "axis": "y", "origin": [8, 10, 1.75]},
			"faces": {
				"north": {"uv": [10, 12, 12, 16], "texture": "#1"},
				"east": {"uv": [0, 0, 0, 0.5], "texture": "#missing"},
				"south": {"uv": [10, 12, 12, 16], "texture": "#1"},
				"west": {"uv": [0, 0, 0, 0.5], "texture": "#missing"},
				"up": {"uv": [0, 0, 0.5, 0], "texture": "#missing"},
				"down": {"uv": [0, 0, 0.5, 0], "texture": "#missing"}
			}
		},
		{
			"name": "wick3",
			"from": [1.75, 9.5, 7.5],
			"to": [1.75, 11.5, 8.5],
			"rotation": {"angle": 0, "axis": "y", "origin": [1.75, 10, 8]},
			"faces": {
				"north": {"uv": [0, 0, 0, 0.5], "texture": "#missing"},
				"east": {"uv": [10, 12, 12, 16], "texture": "#1"},
				"south": {"uv": [0, 0, 0, 0.5], "texture": "#missing"},
				"west": {"uv": [10, 12, 12, 16], "texture": "#1"},
				"up": {"uv": [0, 0, 0.5, 0], "rotation": 90, "texture": "#missing"},
				"down": {"uv": [0, 0, 0.5, 0], "rotation": 270, "texture": "#missing"}
			}
		},
		{
			"name": "wick4",
			"from": [7.5, 9.5, 14.25],
			"to": [8.5, 11.5, 14.25],
			"rotation": {"angle": 0, "axis": "y", "origin": [8, 10, 14.25]},
			"faces": {
				"north": {"uv": [10, 12, 12, 16], "texture": "#1"},
				"east": {"uv": [0, 0, 0, 0.5], "texture": "#missing"},
				"south": {"uv": [10, 12, 12, 16], "texture": "#1"},
				"west": {"uv": [0, 0, 0, 0.5], "texture": "#missing"},
				"up": {"uv": [0, 0, 0.5, 0], "texture": "#missing"},
				"down": {"uv": [0, 0, 0.5, 0], "texture": "#missing"}
			}
		},
		{
			"name": "chain1",
			"from": [6.5, 7.25, 8],
			"to": [9.5, 16.25, 8],
			"rotation": {"angle": 45, "axis": "y", "origin": [8, 11.75, 8]},
			"faces": {
				"north": {"uv": [1.5, 0, 3, 4.5], "texture": "#0"},
				"east": {"uv": [0, 0, 0, 4.5], "texture": "#missing"},
				"south": {"uv": [1.5, 0, 3, 4.5], "texture": "#0"},
				"west": {"uv": [0, 0, 0, 4.5], "texture": "#missing"},
				"up": {"uv": [0, 0, 1.5, 0], "texture": "#missing"},
				"down": {"uv": [0, 0, 1.5, 0], "texture": "#missing"}
			}
		},
		{
			"name": "chain2",
			"from": [6.5, 7.25, 8],
			"to": [9.5, 16.25, 8],
			"rotation": {"angle": -45, "axis": "y", "origin": [8, 11.75, 8]},
			"faces": {
				"north": {"uv": [0, 0, 1.5, 4.5], "texture": "#0"},
				"east": {"uv": [0, 0, 0, 4.5], "texture": "#missing"},
				"south": {"uv": [0, 0, 1.5, 4.5], "texture": "#0"},
				"west": {"uv": [0, 0, 0, 4.5], "texture": "#missing"},
				"up": {"uv": [0, 0, 1.5, 0], "texture": "#missing"},
				"down": {"uv": [0, 0, 1.5, 0], "texture": "#missing"}
			}
		}
	],
	"groups": [0,
		{
			"name": "chandelier_arm",
			"origin": [8, 4, 5],
			"children": [1, 2, 3, 4, 5, 6, 7, 8]
		},
		{
			"name": "holder",
			"origin": [8, 8, 8],
			"children": [9, 10, 11, 12]
		},
		{
			"name": "candle",
			"origin": [8, 8, 8],
			"children": [13, 14, 15, 16]
		},
		{
			"name": "wick",
			"origin": [8, 8, 8],
			"children": [17, 18, 19, 20]
		}, 21, 22]
}