{
	"credit": "Made with Blockbench",
	"parent": "minecraft:block/template_torch_wall",
	"texture_size": [32, 32],
	"textures": {
		"0": "block/blue_carved_candle",
		"particle": "block/blue_carved_candle"
	},
	"elements": [
		{
			"name": "candle",
			"from": [6.5, 2, 6.5],
			"to": [9.5, 9, 9.5],
			"rotation": {"angle": 0, "axis": "y", "origin": [14, 10, 14]},
			"faces": {
				"north": {"uv": [1.5, 12.5, 3, 16], "texture": "#0"},
				"east": {"uv": [0, 12.5, 1.5, 16], "texture": "#0"},
				"south": {"uv": [4.5, 12.5, 6, 16], "texture": "#0"},
				"west": {"uv": [3, 12.5, 4.5, 16], "texture": "#0"},
				"up": {"uv": [1.5, 11, 3, 12.5], "texture": "#0"},
				"down": {"uv": [3, 11, 4.5, 12.5], "texture": "#0"}
			}
		},
		{
			"name": "holder",
			"from": [6, 0, 6],
			"to": [10, 2, 10],
			"rotation": {"angle": 0, "axis": "y", "origin": [14, 8, 14]},
			"faces": {
				"north": {"uv": [10, 15, 12, 16], "texture": "#0"},
				"east": {"uv": [8, 15, 10, 16], "texture": "#0"},
				"south": {"uv": [14, 15, 16, 16], "texture": "#0"},
				"west": {"uv": [12, 15, 14, 16], "texture": "#0"},
				"up": {"uv": [10, 13, 12, 15], "texture": "#0"},
				"down": {"uv": [12, 13, 14, 15], "texture": "#0"}
			}
		},
		{
			"name": "wick",
			"from": [7.5, 9, 8],
			"to": [8.5, 11, 8],
			"rotation": {"angle": 0, "axis": "y", "origin": [16, 17, 16.5]},
			"faces": {
				"north": {"uv": [0, 11.5, 0.5, 12.5], "texture": "#0"},
				"east": {"uv": [6, 8, 6.5, 10], "texture": "#missing"},
				"south": {"uv": [0, 11.5, 0.5, 12.5], "texture": "#0"},
				"west": {"uv": [7, 8, 7.5, 10], "texture": "#missing"},
				"up": {"uv": [6.5, 7, 7, 8], "texture": "#missing"},
				"down": {"uv": [7, 7, 7.5, 8], "texture": "#missing"}
			}
		},
		{
			"name": "a1",
			"from": [6.25, 2, 5.25],
			"to": [6.25, 6, 7.25],
			"rotation": {"angle": 45, "axis": "y", "origin": [6.25, 3.5, 6.25]},
			"faces": {
				"north": {"uv": [0, 0, 0, 2], "texture": "#missing"},
				"east": {"uv": [15, 0, 16, 2], "texture": "#0"},
				"south": {"uv": [0, 0, 0, 2], "texture": "#missing"},
				"west": {"uv": [14, 0, 15, 2], "texture": "#0"},
				"up": {"uv": [0, 0, 1, 0], "rotation": 270, "texture": "#missing"},
				"down": {"uv": [0, 0, 1, 0], "rotation": 90, "texture": "#missing"}
			}
		},
		{
			"name": "a2",
			"from": [6.25, 2, 8.75],
			"to": [6.25, 6, 10.75],
			"rotation": {"angle": -45, "axis": "y", "origin": [6.25, 3.5, 9.75]},
			"faces": {
				"north": {"uv": [0, 0, 0, 2], "texture": "#missing"},
				"east": {"uv": [14, 0, 15, 2], "texture": "#0"},
				"south": {"uv": [0, 0, 0, 2], "texture": "#missing"},
				"west": {"uv": [15, 0, 16, 2], "texture": "#0"},
				"up": {"uv": [0, 0, 1, 0], "rotation": 90, "texture": "#missing"},
				"down": {"uv": [0, 0, 1, 0], "rotation": 270, "texture": "#missing"}
			}
		},
		{
			"name": "a3",
			"from": [8.75, 2, 9.75],
			"to": [10.75, 6, 9.75],
			"rotation": {"angle": -45, "axis": "y", "origin": [9.75, 3.5, 9.75]},
			"faces": {
				"north": {"uv": [14, 0, 15, 2], "texture": "#0"},
				"east": {"uv": [0, 0, 0, 2], "texture": "#missing"},
				"south": {"uv": [15, 0, 16, 2], "texture": "#0"},
				"west": {"uv": [0, 0, 0, 2], "texture": "#missing"},
				"up": {"uv": [0, 0, 1, 0], "texture": "#missing"},
				"down": {"uv": [0, 0, 1, 0], "texture": "#missing"}
			}
		},
		{
			"name": "a4",
			"from": [8.75, 2, 6.25],
			"to": [10.75, 6, 6.25],
			"rotation": {"angle": 45, "axis": "y", "origin": [9.75, 3.5, 6.25]},
			"faces": {
				"north": {"uv": [14, 0, 15, 2], "texture": "#0"},
				"east": {"uv": [0, 0, 0, 2], "texture": "#missing"},
				"south": {"uv": [15, 0, 16, 2], "texture": "#0"},
				"west": {"uv": [0, 0, 0, 2], "texture": "#missing"},
				"up": {"uv": [0, 0, 1, 0], "rotation": 180, "texture": "#missing"},
				"down": {"uv": [0, 0, 1, 0], "rotation": 180, "texture": "#missing"}
			}
		},
		{
			"name": "b1",
			"from": [7, 3.75, 6.25],
			"to": [9, 5.75, 6.25],
			"rotation": {"angle": 22.5, "axis": "x", "origin": [8, 4.75, 6.25]},
			"faces": {
				"north": {"uv": [14, 2, 15, 3], "texture": "#0"},
				"east": {"uv": [0, 0, 0, 1], "texture": "#missing"},
				"south": {"uv": [15, 2, 16, 3], "texture": "#0"},
				"west": {"uv": [0, 0, 0, 1], "texture": "#missing"},
				"up": {"uv": [0, 0, 1, 0], "texture": "#missing"},
				"down": {"uv": [0, 0, 1, 0], "texture": "#missing"}
			}
		},
		{
			"name": "b2",
			"from": [7, 2, 6.25],
			"to": [9, 4, 6.25],
			"rotation": {"angle": -22.5, "axis": "x", "origin": [8, 3, 6.25]},
			"faces": {
				"north": {"uv": [14, 3, 15, 4], "texture": "#0"},
				"east": {"uv": [0, 0, 0, 1], "texture": "#missing"},
				"south": {"uv": [15, 2, 16, 3], "texture": "#0"},
				"west": {"uv": [0, 0, 0, 1], "texture": "#missing"},
				"up": {"uv": [0, 0, 1, 0], "texture": "#missing"},
				"down": {"uv": [0, 0, 1, 0], "texture": "#missing"}
			}
		},
		{
			"name": "b3",
			"from": [6.25, 3.75, 7],
			"to": [6.25, 5.75, 9],
			"rotation": {"angle": -22.5, "axis": "z", "origin": [6.25, 4.75, 8]},
			"faces": {
				"north": {"uv": [0, 0, 0, 1], "texture": "#missing"},
				"east": {"uv": [15, 2, 16, 3], "texture": "#0"},
				"south": {"uv": [0, 0, 0, 1], "texture": "#missing"},
				"west": {"uv": [14, 2, 15, 3], "texture": "#0"},
				"up": {"uv": [0, 0, 1, 0], "rotation": 270, "texture": "#missing"},
				"down": {"uv": [0, 0, 1, 0], "rotation": 90, "texture": "#missing"}
			}
		},
		{
			"name": "b4",
			"from": [6.25, 2, 7],
			"to": [6.25, 4, 9],
			"rotation": {"angle": 22.5, "axis": "z", "origin": [6.25, 3, 8]},
			"faces": {
				"north": {"uv": [0, 0, 0, 1], "texture": "#missing"},
				"east": {"uv": [15, 2, 16, 3], "texture": "#0"},
				"south": {"uv": [0, 0, 0, 1], "texture": "#missing"},
				"west": {"uv": [14, 3, 15, 4], "texture": "#0"},
				"up": {"uv": [0, 0, 1, 0], "rotation": 270, "texture": "#missing"},
				"down": {"uv": [0, 0, 1, 0], "rotation": 90, "texture": "#missing"}
			}
		},
		{
			"name": "b5",
			"from": [7, 3.75, 9.75],
			"to": [9, 5.75, 9.75],
			"rotation": {"angle": -22.5, "axis": "x", "origin": [8, 4.75, 9.75]},
			"faces": {
				"north": {"uv": [15, 2, 16, 3], "texture": "#0"},
				"east": {"uv": [0, 0, 0, 1], "texture": "#missing"},
				"south": {"uv": [14, 2, 15, 3], "texture": "#0"},
				"west": {"uv": [0, 0, 0, 1], "texture": "#missing"},
				"up": {"uv": [0, 0, 1, 0], "rotation": 180, "texture": "#missing"},
				"down": {"uv": [0, 0, 1, 0], "rotation": 180, "texture": "#missing"}
			}
		},
		{
			"name": "b6",
			"from": [7, 2, 9.75],
			"to": [9, 4, 9.75],
			"rotation": {"angle": 22.5, "axis": "x", "origin": [8, 3, 9.75]},
			"faces": {
				"north": {"uv": [15, 2, 16, 3], "texture": "#0"},
				"east": {"uv": [0, 0, 0, 1], "texture": "#missing"},
				"south": {"uv": [14, 3, 15, 4], "texture": "#0"},
				"west": {"uv": [0, 0, 0, 1], "texture": "#missing"},
				"up": {"uv": [0, 0, 1, 0], "rotation": 180, "texture": "#missing"},
				"down": {"uv": [0, 0, 1, 0], "rotation": 180, "texture": "#missing"}
			}
		},
		{
			"name": "b7",
			"from": [9.75, 3.75, 7],
			"to": [9.75, 5.75, 9],
			"rotation": {"angle": 22.5, "axis": "z", "origin": [9.75, 4.75, 8]},
			"faces": {
				"north": {"uv": [0, 0, 0, 1], "texture": "#missing"},
				"east": {"uv": [14, 2, 15, 3], "texture": "#0"},
				"south": {"uv": [0, 0, 0, 1], "texture": "#missing"},
				"west": {"uv": [15, 2, 16, 3], "texture": "#0"},
				"up": {"uv": [0, 0, 1, 0], "rotation": 90, "texture": "#missing"},
				"down": {"uv": [0, 0, 1, 0], "rotation": 270, "texture": "#missing"}
			}
		},
		{
			"name": "b8",
			"from": [9.75, 2, 7],
			"to": [9.75, 4, 9],
			"rotation": {"angle": -22.5, "axis": "z", "origin": [9.75, 3, 8]},
			"faces": {
				"north": {"uv": [0, 0, 0, 1], "texture": "#missing"},
				"east": {"uv": [14, 3, 15, 4], "texture": "#0"},
				"south": {"uv": [0, 0, 0, 1], "texture": "#missing"},
				"west": {"uv": [15, 2, 16, 3], "texture": "#0"},
				"up": {"uv": [0, 0, 1, 0], "rotation": 90, "texture": "#missing"},
				"down": {"uv": [0, 0, 1, 0], "rotation": 270, "texture": "#missing"}
			}
		},
		{
			"name": "c1",
			"from": [8.5, 6.25, 6.25],
			"to": [9.5, 8.25, 6.25],
			"rotation": {"angle": 22.5, "axis": "x", "origin": [9.5, 7.25, 6.25]},
			"faces": {
				"north": {"uv": [2.5, 0, 3, 1], "texture": "#0"},
				"east": {"uv": [0, 0, 0, 1], "texture": "#missing"},
				"south": {"uv": [3, 0, 3.5, 1], "texture": "#0"},
				"west": {"uv": [0, 0, 0, 1], "texture": "#missing"},
				"up": {"uv": [0, 0, 0.5, 0], "texture": "#missing"},
				"down": {"uv": [0, 0, 0.5, 0], "texture": "#missing"}
			}
		},
		{
			"name": "c2",
			"from": [6.5, 6.25, 6.25],
			"to": [7.5, 8.25, 6.25],
			"rotation": {"angle": 22.5, "axis": "x", "origin": [7.5, 7.25, 6.25]},
			"faces": {
				"north": {"uv": [2.5, 0, 3, 1], "texture": "#0"},
				"east": {"uv": [0, 0, 0, 1], "texture": "#missing"},
				"south": {"uv": [3, 0, 3.5, 1], "texture": "#0"},
				"west": {"uv": [0, 0, 0, 1], "texture": "#missing"},
				"up": {"uv": [0, 0, 0.5, 0], "texture": "#missing"},
				"down": {"uv": [0, 0, 0.5, 0], "texture": "#missing"}
			}
		},
		{
			"name": "c3",
			"from": [6.25, 6.25, 6.5],
			"to": [6.25, 8.25, 7.5],
			"rotation": {"angle": -22.5, "axis": "z", "origin": [6.25, 7.25, 6.5]},
			"faces": {
				"north": {"uv": [0, 0, 0, 1], "texture": "#missing"},
				"east": {"uv": [3, 0, 3.5, 1], "texture": "#0"},
				"south": {"uv": [0, 0, 0, 1], "texture": "#missing"},
				"west": {"uv": [2.5, 0, 3, 1], "texture": "#0"},
				"up": {"uv": [0, 0, 0.5, 0], "rotation": 270, "texture": "#missing"},
				"down": {"uv": [0, 0, 0.5, 0], "rotation": 90, "texture": "#missing"}
			}
		},
		{
			"name": "c4",
			"from": [6.25, 6.25, 8.5],
			"to": [6.25, 8.25, 9.5],
			"rotation": {"angle": -22.5, "axis": "z", "origin": [6.25, 7.25, 8.5]},
			"faces": {
				"north": {"uv": [0, 0, 0, 1], "texture": "#missing"},
				"east": {"uv": [3, 0, 3.5, 1], "texture": "#0"},
				"south": {"uv": [0, 0, 0, 1], "texture": "#missing"},
				"west": {"uv": [2.5, 0, 3, 1], "texture": "#0"},
				"up": {"uv": [0, 0, 0.5, 0], "rotation": 270, "texture": "#missing"},
				"down": {"uv": [0, 0, 0.5, 0], "rotation": 90, "texture": "#missing"}
			}
		},
		{
			"name": "c5",
			"from": [6.5, 6.25, 9.75],
			"to": [7.5, 8.25, 9.75],
			"rotation": {"angle": -22.5, "axis": "x", "origin": [6.5, 7.25, 9.75]},
			"faces": {
				"north": {"uv": [3, 0, 3.5, 1], "texture": "#0"},
				"east": {"uv": [0, 0, 0, 1], "texture": "#missing"},
				"south": {"uv": [2.5, 0, 3, 1], "texture": "#0"},
				"west": {"uv": [0, 0, 0, 1], "texture": "#missing"},
				"up": {"uv": [0, 0, 0.5, 0], "rotation": 180, "texture": "#missing"},
				"down": {"uv": [0, 0, 0.5, 0], "rotation": 180, "texture": "#missing"}
			}
		},
		{
			"name": "c6",
			"from": [8.5, 6.25, 9.75],
			"to": [9.5, 8.25, 9.75],
			"rotation": {"angle": -22.5, "axis": "x", "origin": [8.5, 7.25, 9.75]},
			"faces": {
				"north": {"uv": [3, 0, 3.5, 1], "texture": "#0"},
				"east": {"uv": [0, 0, 0, 1], "texture": "#missing"},
				"south": {"uv": [2.5, 0, 3, 1], "texture": "#0"},
				"west": {"uv": [0, 0, 0, 1], "texture": "#missing"},
				"up": {"uv": [0, 0, 0.5, 0], "rotation": 180, "texture": "#missing"},
				"down": {"uv": [0, 0, 0.5, 0], "rotation": 180, "texture": "#missing"}
			}
		},
		{
			"name": "c7",
			"from": [9.75, 6.25, 8.5],
			"to": [9.75, 8.25, 9.5],
			"rotation": {"angle": 22.5, "axis": "z", "origin": [9.75, 7.25, 9.5]},
			"faces": {
				"north": {"uv": [0, 0, 0, 1], "texture": "#missing"},
				"east": {"uv": [2.5, 0, 3, 1], "texture": "#0"},
				"south": {"uv": [0, 0, 0, 1], "texture": "#missing"},
				"west": {"uv": [3, 0, 3.5, 1], "texture": "#0"},
				"up": {"uv": [0, 0, 0.5, 0], "rotation": 90, "texture": "#missing"},
				"down": {"uv": [0, 0, 0.5, 0], "rotation": 270, "texture": "#missing"}
			}
		},
		{
			"name": "c8",
			"from": [9.75, 6.25, 6.5],
			"to": [9.75, 8.25, 7.5],
			"rotation": {"angle": 22.5, "axis": "z", "origin": [9.75, 7.25, 7.5]},
			"faces": {
				"north": {"uv": [0, 0, 0, 1], "texture": "#missing"},
				"east": {"uv": [2.5, 0, 3, 1], "texture": "#0"},
				"south": {"uv": [0, 0, 0, 1], "texture": "#missing"},
				"west": {"uv": [3, 0, 3.5, 1], "texture": "#0"},
				"up": {"uv": [0, 0, 0.5, 0], "rotation": 90, "texture": "#missing"},
				"down": {"uv": [0, 0, 0.5, 0], "rotation": 270, "texture": "#missing"}
			}
		},
		{
			"name": "c2",
			"from": [8.5, 4.5, 6.25],
			"to": [9.5, 6.5, 6.25],
			"rotation": {"angle": -22.5, "axis": "x", "origin": [9.5, 5.5, 6.25]},
			"faces": {
				"north": {"uv": [2.5, 1, 3, 2], "texture": "#0"},
				"east": {"uv": [0, 0, 0, 1], "texture": "#missing"},
				"south": {"uv": [3, 0, 3.5, 1], "texture": "#0"},
				"west": {"uv": [0, 0, 0, 1], "texture": "#missing"},
				"up": {"uv": [0, 0, 0.5, 0], "texture": "#missing"},
				"down": {"uv": [0, 0, 0.5, 0], "texture": "#missing"}
			}
		},
		{
			"name": "c3",
			"from": [6.5, 4.5, 6.25],
			"to": [7.5, 6.5, 6.25],
			"rotation": {"angle": -22.5, "axis": "x", "origin": [7.5, 5.5, 6.25]},
			"faces": {
				"north": {"uv": [2.5, 1, 3, 2], "texture": "#0"},
				"east": {"uv": [0, 0, 0, 1], "texture": "#missing"},
				"south": {"uv": [3, 0, 3.5, 1], "texture": "#0"},
				"west": {"uv": [0, 0, 0, 1], "texture": "#missing"},
				"up": {"uv": [0, 0, 0.5, 0], "texture": "#missing"},
				"down": {"uv": [0, 0, 0.5, 0], "texture": "#missing"}
			}
		},
		{
			"name": "c4",
			"from": [6.25, 4.5, 6.5],
			"to": [6.25, 6.5, 7.5],
			"rotation": {"angle": 22.5, "axis": "z", "origin": [6.25, 5.5, 6.5]},
			"faces": {
				"north": {"uv": [0, 0, 0, 1], "texture": "#missing"},
				"east": {"uv": [3, 0, 3.5, 1], "texture": "#0"},
				"south": {"uv": [0, 0, 0, 1], "texture": "#missing"},
				"west": {"uv": [2.5, 1, 3, 2], "texture": "#0"},
				"up": {"uv": [0, 0, 0.5, 0], "rotation": 270, "texture": "#missing"},
				"down": {"uv": [0, 0, 0.5, 0], "rotation": 90, "texture": "#missing"}
			}
		},
		{
			"name": "c5",
			"from": [6.25, 4.5, 8.5],
			"to": [6.25, 6.5, 9.5],
			"rotation": {"angle": 22.5, "axis": "z", "origin": [6.25, 5.5, 8.5]},
			"faces": {
				"north": {"uv": [0, 0, 0, 1], "texture": "#missing"},
				"east": {"uv": [3, 0, 3.5, 1], "texture": "#0"},
				"south": {"uv": [0, 0, 0, 1], "texture": "#missing"},
				"west": {"uv": [2.5, 1, 3, 2], "texture": "#0"},
				"up": {"uv": [0, 0, 0.5, 0], "rotation": 270, "texture": "#missing"},
				"down": {"uv": [0, 0, 0.5, 0], "rotation": 90, "texture": "#missing"}
			}
		},
		{
			"name": "c6",
			"from": [6.5, 4.5, 9.75],
			"to": [7.5, 6.5, 9.75],
			"rotation": {"angle": 22.5, "axis": "x", "origin": [6.5, 5.5, 9.75]},
			"faces": {
				"north": {"uv": [3, 0, 3.5, 1], "texture": "#0"},
				"east": {"uv": [0, 0, 0, 1], "texture": "#missing"},
				"south": {"uv": [2.5, 1, 3, 2], "texture": "#0"},
				"west": {"uv": [0, 0, 0, 1], "texture": "#missing"},
				"up": {"uv": [0, 0, 0.5, 0], "rotation": 180, "texture": "#missing"},
				"down": {"uv": [0, 0, 0.5, 0], "rotation": 180, "texture": "#missing"}
			}
		},
		{
			"name": "c7",
			"from": [8.5, 4.5, 9.75],
			"to": [9.5, 6.5, 9.75],
			"rotation": {"angle": 22.5, "axis": "x", "origin": [8.5, 5.5, 9.75]},
			"faces": {
				"north": {"uv": [3, 0, 3.5, 1], "texture": "#0"},
				"east": {"uv": [0, 0, 0, 1], "texture": "#missing"},
				"south": {"uv": [2.5, 1, 3, 2], "texture": "#0"},
				"west": {"uv": [0, 0, 0, 1], "texture": "#missing"},
				"up": {"uv": [0, 0, 0.5, 0], "rotation": 180, "texture": "#missing"},
				"down": {"uv": [0, 0, 0.5, 0], "rotation": 180, "texture": "#missing"}
			}
		},
		{
			"name": "c8",
			"from": [9.75, 4.5, 8.5],
			"to": [9.75, 6.5, 9.5],
			"rotation": {"angle": -22.5, "axis": "z", "origin": [9.75, 5.5, 9.5]},
			"faces": {
				"north": {"uv": [0, 0, 0, 1], "texture": "#missing"},
				"east": {"uv": [2.5, 1, 3, 2], "texture": "#0"},
				"south": {"uv": [0, 0, 0, 1], "texture": "#missing"},
				"west": {"uv": [3, 0, 3.5, 1], "texture": "#0"},
				"up": {"uv": [0, 0, 0.5, 0], "rotation": 90, "texture": "#missing"},
				"down": {"uv": [0, 0, 0.5, 0], "rotation": 270, "texture": "#missing"}
			}
		},
		{
			"name": "c9",
			"from": [9.75, 4.5, 6.5],
			"to": [9.75, 6.5, 7.5],
			"rotation": {"angle": -22.5, "axis": "z", "origin": [9.75, 5.5, 7.5]},
			"faces": {
				"north": {"uv": [0, 0, 0, 1], "texture": "#missing"},
				"east": {"uv": [2.5, 1, 3, 2], "texture": "#0"},
				"south": {"uv": [0, 0, 0, 1], "texture": "#missing"},
				"west": {"uv": [3, 0, 3.5, 1], "texture": "#0"},
				"up": {"uv": [0, 0, 0.5, 0], "rotation": 90, "texture": "#missing"},
				"down": {"uv": [0, 0, 0.5, 0], "rotation": 270, "texture": "#missing"}
			}
		},
		{
			"name": "d1",
			"from": [6.5, 8, 6.5],
			"to": [9.5, 9, 6.5],
			"rotation": {"angle": 45, "axis": "x", "origin": [7.5, 9, 6.5]},
			"faces": {
				"north": {"uv": [0, 0, 1.5, 0.5], "texture": "#0"},
				"east": {"uv": [0, 0, 0, 0.5], "texture": "#missing"},
				"south": {"uv": [0, 0.5, 1.5, 1], "texture": "#0"},
				"west": {"uv": [0, 0, 0, 0.5], "texture": "#missing"},
				"up": {"uv": [0, 0, 1.5, 0], "texture": "#missing"},
				"down": {"uv": [0, 0, 1.5, 0], "texture": "#missing"}
			}
		},
		{
			"name": "d2",
			"from": [6.5, 8, 6.5],
			"to": [6.5, 9, 9.5],
			"rotation": {"angle": -45, "axis": "z", "origin": [6.5, 9, 8.5]},
			"faces": {
				"north": {"uv": [0, 0, 0, 0.5], "texture": "#missing"},
				"east": {"uv": [0, 0.5, 1.5, 1], "texture": "#0"},
				"south": {"uv": [0, 0, 0, 0.5], "texture": "#missing"},
				"west": {"uv": [0, 0, 1.5, 0.5], "texture": "#0"},
				"up": {"uv": [0, 0, 1.5, 0], "rotation": 270, "texture": "#missing"},
				"down": {"uv": [0, 0, 1.5, 0], "rotation": 90, "texture": "#missing"}
			}
		},
		{
			"name": "d3",
			"from": [6.5, 8, 9.5],
			"to": [9.5, 9, 9.5],
			"rotation": {"angle": -45, "axis": "x", "origin": [8.5, 9, 9.5]},
			"faces": {
				"north": {"uv": [0, 0.5, 1.5, 1], "texture": "#0"},
				"east": {"uv": [0, 0, 0, 0.5], "texture": "#missing"},
				"south": {"uv": [0, 0, 1.5, 0.5], "texture": "#0"},
				"west": {"uv": [0, 0, 0, 0.5], "texture": "#missing"},
				"up": {"uv": [0, 0, 1.5, 0], "rotation": 180, "texture": "#missing"},
				"down": {"uv": [0, 0, 1.5, 0], "rotation": 180, "texture": "#missing"}
			}
		},
		{
			"name": "d4",
			"from": [9.5, 8, 6.5],
			"to": [9.5, 9, 9.5],
			"rotation": {"angle": 45, "axis": "z", "origin": [9.5, 9, 7.5]},
			"faces": {
				"north": {"uv": [0, 0, 0, 0.5], "texture": "#missing"},
				"east": {"uv": [0, 0, 1.5, 0.5], "texture": "#0"},
				"south": {"uv": [0, 0, 0, 0.5], "texture": "#missing"},
				"west": {"uv": [0, 0.5, 1.5, 1], "texture": "#0"},
				"up": {"uv": [0, 0, 1.5, 0], "rotation": 90, "texture": "#missing"},
				"down": {"uv": [0, 0, 1.5, 0], "rotation": 270, "texture": "#missing"}
			}
		}
	],
	"groups": [0, 1, 2,
		{
			"name": "candle_details1",
			"origin": [16, 17, 16.5],
			"children": [3, 4, 5, 6]
		},
		{
			"name": "candle_details2",
			"origin": [8, 3, 6.25],
			"children": [7, 8, 9, 10, 11, 12, 13, 14]
		},
		{
			"name": "candle_details3",
			"origin": [8, 8, 8],
			"children": [15, 16, 17, 18, 19, 20, 21, 22, 23, 24, 25, 26, 27, 28, 29, 30]
		},
		{
			"name": "candle_details4",
			"origin": [8, 8, 8],
			"children": [31, 32, 33, 34]
		},
		{
			"name": "wall_torch",
			"origin": [8, 8, 8],
			"children": []
		}
	]
}