{
	"credit": "Made with Blockbench",
	"parent": "minecraft:block/template_torch_wall",
	"texture_size": [32, 32],
	"textures": {
		"0": "block/blue_carved_candle",
		"particle": "block/blue_carved_candle"
	},
	"elements": [
		{
			"name": "holder2",
			"from": [2.5, 2, 7.5],
			"to": [3.5, 5, 8.5],
			"rotation": {"angle": 0, "axis": "y", "origin": [-5, 10, 15]},
			"faces": {
				"north": {"uv": [15, 11.5, 15.5, 13], "texture": "#0"},
				"east": {"uv": [14.5, 11.5, 15, 13], "texture": "#0"},
				"south": {"uv": [14, 11.5, 14.5, 13], "texture": "#0"},
				"west": {"uv": [15.5, 11.5, 16, 13], "texture": "#0"},
				"up": {"uv": [14.5, 11, 15, 11.5], "rotation": 90, "texture": "#0"},
				"down": {"uv": [15, 11, 15.5, 11.5], "rotation": 270, "texture": "#0"}
			}
		},
		{
			"name": "holder3",
			"from": [-0.5, 2, 7.5],
			"to": [2.5, 3, 8.5],
			"rotation": {"angle": 0, "axis": "y", "origin": [1, 2.5, 8]},
			"faces": {
				"north": {"uv": [15, 11.5, 15.5, 13], "rotation": 270, "texture": "#0"},
				"east": {"uv": [14.5, 11, 15, 11.5], "rotation": 180, "texture": "#0"},
				"south": {"uv": [14, 11.5, 14.5, 13], "rotation": 90, "texture": "#0"},
				"west": {"uv": [15, 11, 15.5, 11.5], "texture": "#0"},
				"up": {"uv": [15.5, 11.5, 16, 13], "rotation": 90, "texture": "#0"},
				"down": {"uv": [14.5, 11.5, 15, 13], "rotation": 90, "texture": "#0"}
			}
		},
		{
			"name": "mount",
			"from": [0.1, 0.5, 6],
			"to": [0.1, 4.5, 10],
			"rotation": {"angle": 0, "axis": "y", "origin": [0, 2.5, 8]},
			"faces": {
				"north": {"uv": [0, 0, 0, 4], "texture": "#missing"},
				"east": {"uv": [14, 9, 16, 11], "texture": "#0"},
				"south": {"uv": [0, 0, 0, 4], "texture": "#missing"},
				"west": {"uv": [14, 7, 16, 9], "texture": "#0"},
				"up": {"uv": [0, 0, 2, 0], "rotation": 90, "texture": "#missing"},
				"down": {"uv": [0, 0, 2, 0], "rotation": 270, "texture": "#missing"}
			}
		},
		{
			"name": "candle",
			"from": [1.5, 7, 6.5],
			"to": [4.5, 14, 9.5],
			"rotation": {"angle": 0, "axis": "y", "origin": [-3, 15, 14]},
			"faces": {
				"north": {"uv": [3, 12.5, 4.5, 16], "texture": "#0"},
				"east": {"uv": [1.5, 12.5, 3, 16], "texture": "#0"},
				"south": {"uv": [0, 12.5, 1.5, 16], "texture": "#0"},
				"west": {"uv": [4.5, 12.5, 6, 16], "texture": "#0"},
				"up": {"uv": [1.5, 11, 3, 12.5], "rotation": 90, "texture": "#0"},
				"down": {"uv": [3, 11, 4.5, 12.5], "rotation": 270, "texture": "#0"}
			}
		},
		{
			"name": "holder",
			"from": [1, 5, 6],
			"to": [5, 7, 10],
			"rotation": {"angle": 0, "axis": "y", "origin": [-3, 13, 14]},
			"faces": {
				"north": {"uv": [12, 15, 14, 16], "texture": "#0"},
				"east": {"uv": [10, 15, 12, 16], "texture": "#0"},
				"south": {"uv": [8, 15, 10, 16], "texture": "#0"},
				"west": {"uv": [14, 15, 16, 16], "texture": "#0"},
				"up": {"uv": [10, 13, 12, 15], "rotation": 90, "texture": "#0"},
				"down": {"uv": [12, 13, 14, 15], "rotation": 270, "texture": "#0"}
			}
		},
		{
			"name": "wick",
			"from": [3, 14, 7.5],
			"to": [3, 16, 8.5],
			"rotation": {"angle": 0, "axis": "y", "origin": [-5.5, 22, 16]},
			"faces": {
				"north": {"uv": [7, 8, 7.5, 10], "texture": "#missing"},
				"east": {"uv": [0, 11.5, 0.5, 12.5], "texture": "#0"},
				"south": {"uv": [6, 8, 6.5, 10], "texture": "#missing"},
				"west": {"uv": [0, 11.5, 0.5, 12.5], "texture": "#0"},
				"up": {"uv": [6.5, 7, 7, 8], "rotation": 90, "texture": "#missing"},
				"down": {"uv": [7, 7, 7.5, 8], "rotation": 270, "texture": "#missing"}
			}
		},
		{
			"name": "a1",
			"from": [3.75, 7, 6.25],
			"to": [5.75, 11, 6.25],
			"rotation": {"angle": 45, "axis": "y", "origin": [4.75, 8.5, 6.25]},
			"faces": {
				"north": {"uv": [14, 0, 15, 2], "texture": "#0"},
				"east": {"uv": [0, 0, 0, 2], "texture": "#missing"},
				"south": {"uv": [15, 0, 16, 2], "texture": "#0"},
				"west": {"uv": [0, 0, 0, 2], "texture": "#missing"},
				"up": {"uv": [0, 0, 1, 0], "texture": "#missing"},
				"down": {"uv": [0, 0, 1, 0], "texture": "#missing"}
			}
		},
		{
			"name": "a2",
			"from": [0.25, 7, 6.25],
			"to": [2.25, 11, 6.25],
			"rotation": {"angle": -45, "axis": "y", "origin": [1.25, 8.5, 6.25]},
			"faces": {
				"north": {"uv": [15, 0, 16, 2], "texture": "#0"},
				"east": {"uv": [0, 0, 0, 2], "texture": "#missing"},
				"south": {"uv": [14, 0, 15, 2], "texture": "#0"},
				"west": {"uv": [0, 0, 0, 2], "texture": "#missing"},
				"up": {"uv": [0, 0, 1, 0], "rotation": 180, "texture": "#missing"},
				"down": {"uv": [0, 0, 1, 0], "rotation": 180, "texture": "#missing"}
			}
		},
		{
			"name": "a3",
			"from": [1.25, 7, 8.75],
			"to": [1.25, 11, 10.75],
			"rotation": {"angle": -45, "axis": "y", "origin": [1.25, 8.5, 9.75]},
			"faces": {
				"north": {"uv": [0, 0, 0, 2], "texture": "#missing"},
				"east": {"uv": [14, 0, 15, 2], "texture": "#0"},
				"south": {"uv": [0, 0, 0, 2], "texture": "#missing"},
				"west": {"uv": [15, 0, 16, 2], "texture": "#0"},
				"up": {"uv": [0, 0, 1, 0], "rotation": 90, "texture": "#missing"},
				"down": {"uv": [0, 0, 1, 0], "rotation": 270, "texture": "#missing"}
			}
		},
		{
			"name": "a4",
			"from": [4.75, 7, 8.75],
			"to": [4.75, 11, 10.75],
			"rotation": {"angle": 45, "axis": "y", "origin": [4.75, 8.5, 9.75]},
			"faces": {
				"north": {"uv": [0, 0, 0, 2], "texture": "#missing"},
				"east": {"uv": [14, 0, 15, 2], "texture": "#0"},
				"south": {"uv": [0, 0, 0, 2], "texture": "#missing"},
				"west": {"uv": [15, 0, 16, 2], "texture": "#0"},
				"up": {"uv": [0, 0, 1, 0], "rotation": 270, "texture": "#missing"},
				"down": {"uv": [0, 0, 1, 0], "rotation": 90, "texture": "#missing"}
			}
		},
		{
			"name": "b1",
			"from": [4.75, 8.75, 7],
			"to": [4.75, 10.75, 9],
			"rotation": {"angle": 22.5, "axis": "z", "origin": [4.75, 9.75, 8]},
			"faces": {
				"north": {"uv": [0, 0, 0, 1], "texture": "#missing"},
				"east": {"uv": [14, 2, 15, 3], "texture": "#0"},
				"south": {"uv": [0, 0, 0, 1], "texture": "#missing"},
				"west": {"uv": [15, 2, 16, 3], "texture": "#0"},
				"up": {"uv": [0, 0, 1, 0], "rotation": 90, "texture": "#missing"},
				"down": {"uv": [0, 0, 1, 0], "rotation": 270, "texture": "#missing"}
			}
		},
		{
			"name": "b2",
			"from": [4.75, 7, 7],
			"to": [4.75, 9, 9],
			"rotation": {"angle": -22.5, "axis": "z", "origin": [4.75, 8, 8]},
			"faces": {
				"north": {"uv": [0, 0, 0, 1], "texture": "#missing"},
				"east": {"uv": [14, 3, 15, 4], "texture": "#0"},
				"south": {"uv": [0, 0, 0, 1], "texture": "#missing"},
				"west": {"uv": [15, 2, 16, 3], "texture": "#0"},
				"up": {"uv": [0, 0, 1, 0], "rotation": 90, "texture": "#missing"},
				"down": {"uv": [0, 0, 1, 0], "rotation": 270, "texture": "#missing"}
			}
		},
		{
			"name": "b3",
			"from": [2, 8.75, 6.25],
			"to": [4, 10.75, 6.25],
			"rotation": {"angle": 22.5, "axis": "x", "origin": [3, 9.75, 6.25]},
			"faces": {
				"north": {"uv": [14, 2, 15, 3], "texture": "#0"},
				"east": {"uv": [0, 0, 0, 1], "texture": "#missing"},
				"south": {"uv": [15, 2, 16, 3], "texture": "#0"},
				"west": {"uv": [0, 0, 0, 1], "texture": "#missing"},
				"up": {"uv": [0, 0, 1, 0], "texture": "#missing"},
				"down": {"uv": [0, 0, 1, 0], "texture": "#missing"}
			}
		},
		{
			"name": "b4",
			"from": [2, 7, 6.25],
			"to": [4, 9, 6.25],
			"rotation": {"angle": -22.5, "axis": "x", "origin": [3, 8, 6.25]},
			"faces": {
				"north": {"uv": [14, 3, 15, 4], "texture": "#0"},
				"east": {"uv": [0, 0, 0, 1], "texture": "#missing"},
				"south": {"uv": [15, 2, 16, 3], "texture": "#0"},
				"west": {"uv": [0, 0, 0, 1], "texture": "#missing"},
				"up": {"uv": [0, 0, 1, 0], "texture": "#missing"},
				"down": {"uv": [0, 0, 1, 0], "texture": "#missing"}
			}
		},
		{
			"name": "b5",
			"from": [1.25, 8.75, 7],
			"to": [1.25, 10.75, 9],
			"rotation": {"angle": -22.5, "axis": "z", "origin": [1.25, 9.75, 8]},
			"faces": {
				"north": {"uv": [0, 0, 0, 1], "texture": "#missing"},
				"east": {"uv": [15, 2, 16, 3], "texture": "#0"},
				"south": {"uv": [0, 0, 0, 1], "texture": "#missing"},
				"west": {"uv": [14, 2, 15, 3], "texture": "#0"},
				"up": {"uv": [0, 0, 1, 0], "rotation": 270, "texture": "#missing"},
				"down": {"uv": [0, 0, 1, 0], "rotation": 90, "texture": "#missing"}
			}
		},
		{
			"name": "b6",
			"from": [1.25, 7, 7],
			"to": [1.25, 9, 9],
			"rotation": {"angle": 22.5, "axis": "z", "origin": [1.25, 8, 8]},
			"faces": {
				"north": {"uv": [0, 0, 0, 1], "texture": "#missing"},
				"east": {"uv": [15, 2, 16, 3], "texture": "#0"},
				"south": {"uv": [0, 0, 0, 1], "texture": "#missing"},
				"west": {"uv": [14, 3, 15, 4], "texture": "#0"},
				"up": {"uv": [0, 0, 1, 0], "rotation": 270, "texture": "#missing"},
				"down": {"uv": [0, 0, 1, 0], "rotation": 90, "texture": "#missing"}
			}
		},
		{
			"name": "b7",
			"from": [2, 8.75, 9.75],
			"to": [4, 10.75, 9.75],
			"rotation": {"angle": -22.5, "axis": "x", "origin": [3, 9.75, 9.75]},
			"faces": {
				"north": {"uv": [15, 2, 16, 3], "texture": "#0"},
				"east": {"uv": [0, 0, 0, 1], "texture": "#missing"},
				"south": {"uv": [14, 2, 15, 3], "texture": "#0"},
				"west": {"uv": [0, 0, 0, 1], "texture": "#missing"},
				"up": {"uv": [0, 0, 1, 0], "rotation": 180, "texture": "#missing"},
				"down": {"uv": [0, 0, 1, 0], "rotation": 180, "texture": "#missing"}
			}
		},
		{
			"name": "b8",
			"from": [2, 7, 9.75],
			"to": [4, 9, 9.75],
			"rotation": {"angle": 22.5, "axis": "x", "origin": [3, 8, 9.75]},
			"faces": {
				"north": {"uv": [15, 2, 16, 3], "texture": "#0"},
				"east": {"uv": [0, 0, 0, 1], "texture": "#missing"},
				"south": {"uv": [14, 3, 15, 4], "texture": "#0"},
				"west": {"uv": [0, 0, 0, 1], "texture": "#missing"},
				"up": {"uv": [0, 0, 1, 0], "rotation": 180, "texture": "#missing"},
				"down": {"uv": [0, 0, 1, 0], "rotation": 180, "texture": "#missing"}
			}
		},
		{
			"name": "c1",
			"from": [4.75, 11.25, 8.5],
			"to": [4.75, 13.25, 9.5],
			"rotation": {"angle": 22.5, "axis": "z", "origin": [4.75, 12.25, 9.5]},
			"faces": {
				"north": {"uv": [0, 0, 0, 1], "texture": "#missing"},
				"east": {"uv": [2.5, 0, 3, 1], "texture": "#0"},
				"south": {"uv": [0, 0, 0, 1], "texture": "#missing"},
				"west": {"uv": [3, 0, 3.5, 1], "texture": "#0"},
				"up": {"uv": [0, 0, 0.5, 0], "rotation": 90, "texture": "#missing"},
				"down": {"uv": [0, 0, 0.5, 0], "rotation": 270, "texture": "#missing"}
			}
		},
		{
			"name": "c2",
			"from": [4.75, 11.25, 6.5],
			"to": [4.75, 13.25, 7.5],
			"rotation": {"angle": 22.5, "axis": "z", "origin": [4.75, 12.25, 7.5]},
			"faces": {
				"north": {"uv": [0, 0, 0, 1], "texture": "#missing"},
				"east": {"uv": [2.5, 0, 3, 1], "texture": "#0"},
				"south": {"uv": [0, 0, 0, 1], "texture": "#missing"},
				"west": {"uv": [3, 0, 3.5, 1], "texture": "#0"},
				"up": {"uv": [0, 0, 0.5, 0], "rotation": 90, "texture": "#missing"},
				"down": {"uv": [0, 0, 0.5, 0], "rotation": 270, "texture": "#missing"}
			}
		},
		{
			"name": "c3",
			"from": [3.5, 11.25, 6.25],
			"to": [4.5, 13.25, 6.25],
			"rotation": {"angle": 22.5, "axis": "x", "origin": [4.5, 12.25, 6.25]},
			"faces": {
				"north": {"uv": [2.5, 0, 3, 1], "texture": "#0"},
				"east": {"uv": [0, 0, 0, 1], "texture": "#missing"},
				"south": {"uv": [3, 0, 3.5, 1], "texture": "#0"},
				"west": {"uv": [0, 0, 0, 1], "texture": "#missing"},
				"up": {"uv": [0, 0, 0.5, 0], "texture": "#missing"},
				"down": {"uv": [0, 0, 0.5, 0], "texture": "#missing"}
			}
		},
		{
			"name": "c4",
			"from": [1.5, 11.25, 6.25],
			"to": [2.5, 13.25, 6.25],
			"rotation": {"angle": 22.5, "axis": "x", "origin": [2.5, 12.25, 6.25]},
			"faces": {
				"north": {"uv": [2.5, 0, 3, 1], "texture": "#0"},
				"east": {"uv": [0, 0, 0, 1], "texture": "#missing"},
				"south": {"uv": [3, 0, 3.5, 1], "texture": "#0"},
				"west": {"uv": [0, 0, 0, 1], "texture": "#missing"},
				"up": {"uv": [0, 0, 0.5, 0], "texture": "#missing"},
				"down": {"uv": [0, 0, 0.5, 0], "texture": "#missing"}
			}
		},
		{
			"name": "c5",
			"from": [1.25, 11.25, 6.5],
			"to": [1.25, 13.25, 7.5],
			"rotation": {"angle": -22.5, "axis": "z", "origin": [1.25, 12.25, 6.5]},
			"faces": {
				"north": {"uv": [0, 0, 0, 1], "texture": "#missing"},
				"east": {"uv": [3, 0, 3.5, 1], "texture": "#0"},
				"south": {"uv": [0, 0, 0, 1], "texture": "#missing"},
				"west": {"uv": [2.5, 0, 3, 1], "texture": "#0"},
				"up": {"uv": [0, 0, 0.5, 0], "rotation": 270, "texture": "#missing"},
				"down": {"uv": [0, 0, 0.5, 0], "rotation": 90, "texture": "#missing"}
			}
		},
		{
			"name": "c6",
			"from": [1.25, 11.25, 8.5],
			"to": [1.25, 13.25, 9.5],
			"rotation": {"angle": -22.5, "axis": "z", "origin": [1.25, 12.25, 8.5]},
			"faces": {
				"north": {"uv": [0, 0, 0, 1], "texture": "#missing"},
				"east": {"uv": [3, 0, 3.5, 1], "texture": "#0"},
				"south": {"uv": [0, 0, 0, 1], "texture": "#missing"},
				"west": {"uv": [2.5, 0, 3, 1], "texture": "#0"},
				"up": {"uv": [0, 0, 0.5, 0], "rotation": 270, "texture": "#missing"},
				"down": {"uv": [0, 0, 0.5, 0], "rotation": 90, "texture": "#missing"}
			}
		},
		{
			"name": "c7",
			"from": [1.5, 11.25, 9.75],
			"to": [2.5, 13.25, 9.75],
			"rotation": {"angle": -22.5, "axis": "x", "origin": [1.5, 12.25, 9.75]},
			"faces": {
				"north": {"uv": [3, 0, 3.5, 1], "texture": "#0"},
				"east": {"uv": [0, 0, 0, 1], "texture": "#missing"},
				"south": {"uv": [2.5, 0, 3, 1], "texture": "#0"},
				"west": {"uv": [0, 0, 0, 1], "texture": "#missing"},
				"up": {"uv": [0, 0, 0.5, 0], "rotation": 180, "texture": "#missing"},
				"down": {"uv": [0, 0, 0.5, 0], "rotation": 180, "texture": "#missing"}
			}
		},
		{
			"name": "c8",
			"from": [3.5, 11.25, 9.75],
			"to": [4.5, 13.25, 9.75],
			"rotation": {"angle": -22.5, "axis": "x", "origin": [3.5, 12.25, 9.75]},
			"faces": {
				"north": {"uv": [3, 0, 3.5, 1], "texture": "#0"},
				"east": {"uv": [0, 0, 0, 1], "texture": "#missing"},
				"south": {"uv": [2.5, 0, 3, 1], "texture": "#0"},
				"west": {"uv": [0, 0, 0, 1], "texture": "#missing"},
				"up": {"uv": [0, 0, 0.5, 0], "rotation": 180, "texture": "#missing"},
				"down": {"uv": [0, 0, 0.5, 0], "rotation": 180, "texture": "#missing"}
			}
		},
		{
			"name": "c2",
			"from": [4.75, 9.5, 8.5],
			"to": [4.75, 11.5, 9.5],
			"rotation": {"angle": -22.5, "axis": "z", "origin": [4.75, 10.5, 9.5]},
			"faces": {
				"north": {"uv": [0, 0, 0, 1], "texture": "#missing"},
				"east": {"uv": [2.5, 1, 3, 2], "texture": "#0"},
				"south": {"uv": [0, 0, 0, 1], "texture": "#missing"},
				"west": {"uv": [3, 0, 3.5, 1], "texture": "#0"},
				"up": {"uv": [0, 0, 0.5, 0], "rotation": 90, "texture": "#missing"},
				"down": {"uv": [0, 0, 0.5, 0], "rotation": 270, "texture": "#missing"}
			}
		},
		{
			"name": "c3",
			"from": [4.75, 9.5, 6.5],
			"to": [4.75, 11.5, 7.5],
			"rotation": {"angle": -22.5, "axis": "z", "origin": [4.75, 10.5, 7.5]},
			"faces": {
				"north": {"uv": [0, 0, 0, 1], "texture": "#missing"},
				"east": {"uv": [2.5, 1, 3, 2], "texture": "#0"},
				"south": {"uv": [0, 0, 0, 1], "texture": "#missing"},
				"west": {"uv": [3, 0, 3.5, 1], "texture": "#0"},
				"up": {"uv": [0, 0, 0.5, 0], "rotation": 90, "texture": "#missing"},
				"down": {"uv": [0, 0, 0.5, 0], "rotation": 270, "texture": "#missing"}
			}
		},
		{
			"name": "c4",
			"from": [3.5, 9.5, 6.25],
			"to": [4.5, 11.5, 6.25],
			"rotation": {"angle": -22.5, "axis": "x", "origin": [4.5, 10.5, 6.25]},
			"faces": {
				"north": {"uv": [2.5, 1, 3, 2], "texture": "#0"},
				"east": {"uv": [0, 0, 0, 1], "texture": "#missing"},
				"south": {"uv": [3, 0, 3.5, 1], "texture": "#0"},
				"west": {"uv": [0, 0, 0, 1], "texture": "#missing"},
				"up": {"uv": [0, 0, 0.5, 0], "texture": "#missing"},
				"down": {"uv": [0, 0, 0.5, 0], "texture": "#missing"}
			}
		},
		{
			"name": "c5",
			"from": [1.5, 9.5, 6.25],
			"to": [2.5, 11.5, 6.25],
			"rotation": {"angle": -22.5, "axis": "x", "origin": [2.5, 10.5, 6.25]},
			"faces": {
				"north": {"uv": [2.5, 1, 3, 2], "texture": "#0"},
				"east": {"uv": [0, 0, 0, 1], "texture": "#missing"},
				"south": {"uv": [3, 0, 3.5, 1], "texture": "#0"},
				"west": {"uv": [0, 0, 0, 1], "texture": "#missing"},
				"up": {"uv": [0, 0, 0.5, 0], "texture": "#missing"},
				"down": {"uv": [0, 0, 0.5, 0], "texture": "#missing"}
			}
		},
		{
			"name": "c6",
			"from": [1.25, 9.5, 6.5],
			"to": [1.25, 11.5, 7.5],
			"rotation": {"angle": 22.5, "axis": "z", "origin": [1.25, 10.5, 6.5]},
			"faces": {
				"north": {"uv": [0, 0, 0, 1], "texture": "#missing"},
				"east": {"uv": [3, 0, 3.5, 1], "texture": "#0"},
				"south": {"uv": [0, 0, 0, 1], "texture": "#missing"},
				"west": {"uv": [2.5, 1, 3, 2], "texture": "#0"},
				"up": {"uv": [0, 0, 0.5, 0], "rotation": 270, "texture": "#missing"},
				"down": {"uv": [0, 0, 0.5, 0], "rotation": 90, "texture": "#missing"}
			}
		},
		{
			"name": "c7",
			"from": [1.25, 9.5, 8.5],
			"to": [1.25, 11.5, 9.5],
			"rotation": {"angle": 22.5, "axis": "z", "origin": [1.25, 10.5, 8.5]},
			"faces": {
				"north": {"uv": [0, 0, 0, 1], "texture": "#missing"},
				"east": {"uv": [3, 0, 3.5, 1], "texture": "#0"},
				"south": {"uv": [0, 0, 0, 1], "texture": "#missing"},
				"west": {"uv": [2.5, 1, 3, 2], "texture": "#0"},
				"up": {"uv": [0, 0, 0.5, 0], "rotation": 270, "texture": "#missing"},
				"down": {"uv": [0, 0, 0.5, 0], "rotation": 90, "texture": "#missing"}
			}
		},
		{
			"name": "c8",
			"from": [1.5, 9.5, 9.75],
			"to": [2.5, 11.5, 9.75],
			"rotation": {"angle": 22.5, "axis": "x", "origin": [1.5, 10.5, 9.75]},
			"faces": {
				"north": {"uv": [3, 0, 3.5, 1], "texture": "#0"},
				"east": {"uv": [0, 0, 0, 1], "texture": "#missing"},
				"south": {"uv": [2.5, 1, 3, 2], "texture": "#0"},
				"west": {"uv": [0, 0, 0, 1], "texture": "#missing"},
				"up": {"uv": [0, 0, 0.5, 0], "rotation": 180, "texture": "#missing"},
				"down": {"uv": [0, 0, 0.5, 0], "rotation": 180, "texture": "#missing"}
			}
		},
		{
			"name": "c9",
			"from": [3.5, 9.5, 9.75],
			"to": [4.5, 11.5, 9.75],
			"rotation": {"angle": 22.5, "axis": "x", "origin": [3.5, 10.5, 9.75]},
			"faces": {
				"north": {"uv": [3, 0, 3.5, 1], "texture": "#0"},
				"east": {"uv": [0, 0, 0, 1], "texture": "#missing"},
				"south": {"uv": [2.5, 1, 3, 2], "texture": "#0"},
				"west": {"uv": [0, 0, 0, 1], "texture": "#missing"},
				"up": {"uv": [0, 0, 0.5, 0], "rotation": 180, "texture": "#missing"},
				"down": {"uv": [0, 0, 0.5, 0], "rotation": 180, "texture": "#missing"}
			}
		},
		{
			"name": "d1",
			"from": [4.5, 13, 6.5],
			"to": [4.5, 14, 9.5],
			"rotation": {"angle": 45, "axis": "z", "origin": [4.5, 14, 7.5]},
			"faces": {
				"north": {"uv": [0, 0, 0, 0.5], "texture": "#missing"},
				"east": {"uv": [0, 0, 1.5, 0.5], "texture": "#0"},
				"south": {"uv": [0, 0, 0, 0.5], "texture": "#missing"},
				"west": {"uv": [0, 0.5, 1.5, 1], "texture": "#0"},
				"up": {"uv": [0, 0, 1.5, 0], "rotation": 90, "texture": "#missing"},
				"down": {"uv": [0, 0, 1.5, 0], "rotation": 270, "texture": "#missing"}
			}
		},
		{
			"name": "d2",
			"from": [1.5, 13, 6.5],
			"to": [4.5, 14, 6.5],
			"rotation": {"angle": 45, "axis": "x", "origin": [2.5, 14, 6.5]},
			"faces": {
				"north": {"uv": [0, 0, 1.5, 0.5], "texture": "#0"},
				"east": {"uv": [0, 0, 0, 0.5], "texture": "#missing"},
				"south": {"uv": [0, 0.5, 1.5, 1], "texture": "#0"},
				"west": {"uv": [0, 0, 0, 0.5], "texture": "#missing"},
				"up": {"uv": [0, 0, 1.5, 0], "texture": "#missing"},
				"down": {"uv": [0, 0, 1.5, 0], "texture": "#missing"}
			}
		},
		{
			"name": "d3",
			"from": [1.5, 13, 6.5],
			"to": [1.5, 14, 9.5],
			"rotation": {"angle": -45, "axis": "z", "origin": [1.5, 14, 8.5]},
			"faces": {
				"north": {"uv": [0, 0, 0, 0.5], "texture": "#missing"},
				"east": {"uv": [0, 0.5, 1.5, 1], "texture": "#0"},
				"south": {"uv": [0, 0, 0, 0.5], "texture": "#missing"},
				"west": {"uv": [0, 0, 1.5, 0.5], "texture": "#0"},
				"up": {"uv": [0, 0, 1.5, 0], "rotation": 270, "texture": "#missing"},
				"down": {"uv": [0, 0, 1.5, 0], "rotation": 90, "texture": "#missing"}
			}
		},
		{
			"name": "d4",
			"from": [1.5, 13, 9.5],
			"to": [4.5, 14, 9.5],
			"rotation": {"angle": -45, "axis": "x", "origin": [3.5, 14, 9.5]},
			"faces": {
				"north": {"uv": [0, 0.5, 1.5, 1], "texture": "#0"},
				"east": {"uv": [0, 0, 0, 0.5], "texture": "#missing"},
				"south": {"uv": [0, 0, 1.5, 0.5], "texture": "#0"},
				"west": {"uv": [0, 0, 0, 0.5], "texture": "#missing"},
				"up": {"uv": [0, 0, 1.5, 0], "rotation": 180, "texture": "#missing"},
				"down": {"uv": [0, 0, 1.5, 0], "rotation": 180, "texture": "#missing"}
			}
		}
	],
	"groups": [
		{
			"name": "holder_wall",
			"origin": [14, 13, 18],
			"children": [0, 1,
				{
					"name": "holder3",
					"origin": [16, 10, 22],
					"children": []
				}, 2]
		},
		{
			"name": "soul_torch",
			"origin": [8, 8, 8],
			"children": [3, 4, 5,
				{
					"name": "candle_details1",
					"origin": [16, 17, 16.5],
					"children": [6, 7, 8, 9]
				},
				{
					"name": "candle_details2",
					"origin": [8, 3, 6.25],
					"children": [10, 11, 12, 13, 14, 15, 16, 17]
				},
				{
					"name": "candle_details3",
					"origin": [8, 8, 8],
					"children": [18, 19, 20, 21, 22, 23, 24, 25, 26, 27, 28, 29, 30, 31, 32, 33]
				},
				{
					"name": "candle_details4",
					"origin": [8, 8, 8],
					"children": [34, 35, 36, 37]
				},
				{
					"name": "wall_torch",
					"origin": [8, 8, 8],
					"children": []
				}
			]
		}
	]
}