{
	"credit": "Made with Blockbench",
	"texture_size": [32, 32],
	"textures": {
		"0": "block/silver_chandelier",
		"1": "block/soul_candle_anim",
		"particle": "block/silver_chandelier"
	},
	"elements": [
		{
			"name": "base",
			"from": [6, 0, 6],
			"to": [10, 1, 10],
			"rotation": {"angle": 0, "axis": "y", "origin": [7, 3, 7]},
			"faces": {
				"north": {"uv": [10, 2, 12, 2.5], "texture": "#0"},
				"east": {"uv": [8, 2, 10, 2.5], "texture": "#0"},
				"south": {"uv": [14, 2, 16, 2.5], "texture": "#0"},
				"west": {"uv": [12, 2, 14, 2.5], "texture": "#0"},
				"up": {"uv": [10, 0, 12, 2], "texture": "#0"},
				"down": {"uv": [12, 0, 14, 2], "texture": "#0"}
			}
		},
		{
			"name": "base2",
			"from": [7.5, 1, 7.5],
			"to": [8.5, 11, 8.5],
			"rotation": {"angle": 0, "axis": "y", "origin": [8.5, 4, 8.5]},
			"faces": {
				"north": {"uv": [0.5, 9, 1, 12], "texture": "#0"},
				"east": {"uv": [0, 9, 0.5, 12], "texture": "#0"},
				"south": {"uv": [1.5, 9, 2, 12], "texture": "#0"},
				"west": {"uv": [1, 9, 1.5, 12], "texture": "#0"},
				"up": {"uv": [0.5, 8.5, 1, 9], "texture": "#0"},
				"down": {"uv": [1, 8.5, 1.5, 9], "texture": "#0"}
			}
		},
		{
			"name": "base3",
			"from": [7, 3.25, 7],
			"to": [9, 5.25, 9],
			"rotation": {"angle": 0, "axis": "y", "origin": [8, 6.25, 8]},
			"faces": {
				"north": {"uv": [13, 7.5, 14, 8.5], "texture": "#0"},
				"east": {"uv": [12, 7.5, 13, 8.5], "texture": "#0"},
				"south": {"uv": [15, 7.5, 16, 8.5], "texture": "#0"},
				"west": {"uv": [14, 7.5, 15, 8.5], "texture": "#0"},
				"up": {"uv": [13, 6.5, 14, 7.5], "texture": "#0"},
				"down": {"uv": [14, 6.5, 15, 7.5], "texture": "#0"}
			}
		},
		{
			"name": "arm1a",
			"from": [14, 4.75, 7.5],
			"to": [15, 8.75, 8.5],
			"rotation": {"angle": 0, "axis": "z", "origin": [14.5, 5.75, 8]},
			"faces": {
				"north": {"uv": [12.5, 9, 13, 11], "rotation": 180, "texture": "#0"},
				"east": {"uv": [13, 9, 13.5, 11], "rotation": 180, "texture": "#0"},
				"south": {"uv": [13.5, 9, 14, 11], "rotation": 180, "texture": "#0"},
				"west": {"uv": [12, 9, 12.5, 11], "rotation": 180, "texture": "#0"},
				"up": {"uv": [12.5, 8.5, 13, 9], "rotation": 90, "texture": "#0"},
				"down": {"uv": [13, 8.5, 13.5, 9], "rotation": 270, "texture": "#0"}
			}
		},
		{
			"name": "arm2a",
			"from": [5.5, 4.75, 7.5],
			"to": [6.5, 8.75, 8.5],
			"rotation": {"angle": 0, "axis": "z", "origin": [6, 5.75, 8]},
			"faces": {
				"north": {"uv": [12.5, 9, 13, 11], "rotation": 180, "texture": "#0"},
				"east": {"uv": [13, 9, 13.5, 11], "rotation": 180, "texture": "#0"},
				"south": {"uv": [13.5, 9, 14, 11], "rotation": 180, "texture": "#0"},
				"west": {"uv": [12, 9, 12.5, 11], "rotation": 180, "texture": "#0"},
				"up": {"uv": [12.5, 8.5, 13, 9], "rotation": 90, "texture": "#0"},
				"down": {"uv": [13, 8.5, 13.5, 9], "rotation": 270, "texture": "#0"}
			}
		},
		{
			"name": "arm3a",
			"from": [11.75, 4.75, 7.5],
			"to": [12.75, 8.75, 8.5],
			"rotation": {"angle": 0, "axis": "z", "origin": [12.25, 5.75, 8]},
			"faces": {
				"north": {"uv": [12.5, 9, 13, 11], "rotation": 180, "texture": "#0"},
				"east": {"uv": [13, 9, 13.5, 11], "rotation": 180, "texture": "#0"},
				"south": {"uv": [13.5, 9, 14, 11], "rotation": 180, "texture": "#0"},
				"west": {"uv": [12, 9, 12.5, 11], "rotation": 180, "texture": "#0"},
				"up": {"uv": [12.5, 8.5, 13, 9], "rotation": 90, "texture": "#0"},
				"down": {"uv": [13, 8.5, 13.5, 9], "rotation": 270, "texture": "#0"}
			}
		},
		{
			"name": "arm4a",
			"from": [3.25, 4.75, 7.5],
			"to": [4.25, 8.75, 8.5],
			"rotation": {"angle": 0, "axis": "z", "origin": [3.75, 5.75, 8]},
			"faces": {
				"north": {"uv": [12.5, 9, 13, 11], "rotation": 180, "texture": "#0"},
				"east": {"uv": [13, 9, 13.5, 11], "rotation": 180, "texture": "#0"},
				"south": {"uv": [13.5, 9, 14, 11], "rotation": 180, "texture": "#0"},
				"west": {"uv": [12, 9, 12.5, 11], "rotation": 180, "texture": "#0"},
				"up": {"uv": [12.5, 8.5, 13, 9], "rotation": 90, "texture": "#0"},
				"down": {"uv": [13, 8.5, 13.5, 9], "rotation": 270, "texture": "#0"}
			}
		},
		{
			"name": "arm5a",
			"from": [9.5, 4.75, 7.5],
			"to": [10.5, 8.75, 8.5],
			"rotation": {"angle": 0, "axis": "z", "origin": [10, 5.75, 8]},
			"faces": {
				"north": {"uv": [12.5, 9, 13, 11], "rotation": 180, "texture": "#0"},
				"east": {"uv": [13, 9, 13.5, 11], "rotation": 180, "texture": "#0"},
				"south": {"uv": [13.5, 9, 14, 11], "rotation": 180, "texture": "#0"},
				"west": {"uv": [12, 9, 12.5, 11], "rotation": 180, "texture": "#0"},
				"up": {"uv": [12.5, 8.5, 13, 9], "rotation": 90, "texture": "#0"},
				"down": {"uv": [13, 8.5, 13.5, 9], "rotation": 270, "texture": "#0"}
			}
		},
		{
			"name": "arm6a",
			"from": [1, 4.75, 7.5],
			"to": [2, 8.75, 8.5],
			"rotation": {"angle": 0, "axis": "z", "origin": [1.5, 5.75, 8]},
			"faces": {
				"north": {"uv": [12.5, 9, 13, 11], "rotation": 180, "texture": "#0"},
				"east": {"uv": [13, 9, 13.5, 11], "rotation": 180, "texture": "#0"},
				"south": {"uv": [13.5, 9, 14, 11], "rotation": 180, "texture": "#0"},
				"west": {"uv": [12, 9, 12.5, 11], "rotation": 180, "texture": "#0"},
				"up": {"uv": [12.5, 8.5, 13, 9], "rotation": 90, "texture": "#0"},
				"down": {"uv": [13, 8.5, 13.5, 9], "rotation": 270, "texture": "#0"}
			}
		},
		{
			"name": "arm7a",
			"from": [-1.25, 6.5, 7.5],
			"to": [-0.25, 10.5, 8.5],
			"rotation": {"angle": 0, "axis": "z", "origin": [-0.75, 7.5, 8]},
			"faces": {
				"north": {"uv": [12.5, 9, 13, 11], "rotation": 180, "texture": "#0"},
				"east": {"uv": [13, 9, 13.5, 11], "rotation": 180, "texture": "#0"},
				"south": {"uv": [13.5, 9, 14, 11], "rotation": 180, "texture": "#0"},
				"west": {"uv": [12, 9, 12.5, 11], "rotation": 180, "texture": "#0"},
				"up": {"uv": [12.5, 8.5, 13, 9], "rotation": 90, "texture": "#0"},
				"down": {"uv": [13, 8.5, 13.5, 9], "rotation": 270, "texture": "#0"}
			}
		},
		{
			"name": "arm8a",
			"from": [16.25, 6.5, 7.5],
			"to": [17.25, 10.5, 8.5],
			"rotation": {"angle": 0, "axis": "z", "origin": [16.75, 7.5, 8]},
			"faces": {
				"north": {"uv": [12.5, 9, 13, 11], "rotation": 180, "texture": "#0"},
				"east": {"uv": [13, 9, 13.5, 11], "rotation": 180, "texture": "#0"},
				"south": {"uv": [13.5, 9, 14, 11], "rotation": 180, "texture": "#0"},
				"west": {"uv": [12, 9, 12.5, 11], "rotation": 180, "texture": "#0"},
				"up": {"uv": [12.5, 8.5, 13, 9], "rotation": 90, "texture": "#0"},
				"down": {"uv": [13, 8.5, 13.5, 9], "rotation": 270, "texture": "#0"}
			}
		},
		{
			"name": "arm1b",
			"from": [-1.28, 4.97, 7.47],
			"to": [2.78, 6.03, 8.53],
			"rotation": {"angle": -45, "axis": "z", "origin": [0.75, 5.5, 8]},
			"faces": {
				"north": {"uv": [13.5, 9, 14, 11], "rotation": 270, "texture": "#0"},
				"east": {"uv": [13, 8.5, 13.5, 9], "texture": "#0"},
				"south": {"uv": [12.5, 9, 13, 11], "rotation": 90, "texture": "#0"},
				"west": {"uv": [12.5, 8.5, 13, 9], "rotation": 180, "texture": "#0"},
				"up": {"uv": [12, 9, 12.5, 11], "rotation": 90, "texture": "#0"},
				"down": {"uv": [13, 9, 13.5, 11], "rotation": 90, "texture": "#0"}
			}
		},
		{
			"name": "arm2b",
			"from": [14.72, 3.47, 7.47],
			"to": [15.78, 7.53, 8.53],
			"rotation": {"angle": -45, "axis": "z", "origin": [15.25, 5.5, 8]},
			"faces": {
				"north": {"uv": [13.5, 9, 14, 11], "rotation": 180, "texture": "#0"},
				"east": {"uv": [12, 9, 12.5, 11], "rotation": 180, "texture": "#0"},
				"south": {"uv": [12.5, 9, 13, 11], "rotation": 180, "texture": "#0"},
				"west": {"uv": [13, 9, 13.5, 11], "rotation": 180, "texture": "#0"},
				"up": {"uv": [12.5, 8.5, 13, 9], "rotation": 270, "texture": "#0"},
				"down": {"uv": [13, 8.5, 13.5, 9], "rotation": 90, "texture": "#0"}
			}
		},
		{
			"name": "arm3b",
			"from": [9.95, 3.7, 7.45],
			"to": [14.05, 4.8, 8.55],
			"rotation": {"angle": 0, "axis": "z", "origin": [12, 4.25, 8]},
			"faces": {
				"north": {"uv": [12.5, 9, 13, 11], "rotation": 90, "texture": "#0"},
				"east": {"uv": [12.5, 8.5, 13, 9], "rotation": 180, "texture": "#0"},
				"south": {"uv": [13.5, 9, 14, 11], "rotation": 270, "texture": "#0"},
				"west": {"uv": [13, 8.5, 13.5, 9], "texture": "#0"},
				"up": {"uv": [12, 9, 12.5, 11], "rotation": 270, "texture": "#0"},
				"down": {"uv": [13, 9, 13.5, 11], "rotation": 270, "texture": "#0"}
			}
		},
		{
			"name": "arm4b",
			"from": [1.95, 3.7, 7.45],
			"to": [6.05, 4.8, 8.55],
			"rotation": {"angle": 0, "axis": "z", "origin": [4, 4.25, 8]},
			"faces": {
				"north": {"uv": [13.5, 9, 14, 11], "rotation": 270, "texture": "#0"},
				"east": {"uv": [13, 8.5, 13.5, 9], "texture": "#0"},
				"south": {"uv": [12.5, 9, 13, 11], "rotation": 90, "texture": "#0"},
				"west": {"uv": [12.5, 8.5, 13, 9], "rotation": 180, "texture": "#0"},
				"up": {"uv": [12, 9, 12.5, 11], "rotation": 90, "texture": "#0"},
				"down": {"uv": [13, 9, 13.5, 11], "rotation": 90, "texture": "#0"}
			}
		},
		{
			"name": "arm5b",
			"from": [5.95, 3.7, 7.45],
			"to": [10.05, 4.8, 8.55],
			"rotation": {"angle": 0, "axis": "z", "origin": [8, 4.25, 8]},
			"faces": {
				"north": {"uv": [13.5, 9, 14, 11], "rotation": 270, "texture": "#0"},
				"east": {"uv": [13, 8.5, 13.5, 9], "texture": "#0"},
				"south": {"uv": [12.5, 9, 13, 11], "rotation": 90, "texture": "#0"},
				"west": {"uv": [12.5, 8.5, 13, 9], "rotation": 180, "texture": "#0"},
				"up": {"uv": [12, 9, 12.5, 11], "rotation": 90, "texture": "#0"},
				"down": {"uv": [13, 9, 13.5, 11], "rotation": 90, "texture": "#0"}
			}
		},
		{
			"name": "holder1",
			"from": [15.75, 8.75, 7],
			"to": [17.75, 9.75, 9],
			"rotation": {"angle": 0, "axis": "y", "origin": [17.25, 9.25, 8.5]},
			"faces": {
				"north": {"uv": [13, 6, 14, 6.5], "texture": "#0"},
				"east": {"uv": [12, 6, 13, 6.5], "texture": "#0"},
				"south": {"uv": [15, 6, 16, 6.5], "texture": "#0"},
				"west": {"uv": [14, 6, 15, 6.5], "texture": "#0"},
				"up": {"uv": [13, 5, 14, 6], "texture": "#0"},
				"down": {"uv": [14, 5, 15, 6], "texture": "#0"}
			}
		},
		{
			"name": "holder2",
			"from": [13.5, 8.75, 7],
			"to": [15.5, 9.75, 9],
			"rotation": {"angle": 0, "axis": "y", "origin": [15, 9.25, 8.5]},
			"faces": {
				"north": {"uv": [13, 6, 14, 6.5], "texture": "#0"},
				"east": {"uv": [12, 6, 13, 6.5], "texture": "#0"},
				"south": {"uv": [15, 6, 16, 6.5], "texture": "#0"},
				"west": {"uv": [14, 6, 15, 6.5], "texture": "#0"},
				"up": {"uv": [13, 5, 14, 6], "texture": "#0"},
				"down": {"uv": [14, 5, 15, 6], "texture": "#0"}
			}
		},
		{
			"name": "holder3",
			"from": [11.25, 8.75, 7],
			"to": [13.25, 9.75, 9],
			"rotation": {"angle": 0, "axis": "y", "origin": [12.75, 9.25, 8.5]},
			"faces": {
				"north": {"uv": [13, 6, 14, 6.5], "texture": "#0"},
				"east": {"uv": [12, 6, 13, 6.5], "texture": "#0"},
				"south": {"uv": [15, 6, 16, 6.5], "texture": "#0"},
				"west": {"uv": [14, 6, 15, 6.5], "texture": "#0"},
				"up": {"uv": [13, 5, 14, 6], "texture": "#0"},
				"down": {"uv": [14, 5, 15, 6], "texture": "#0"}
			}
		},
		{
			"name": "holder4",
			"from": [9, 8.75, 7],
			"to": [11, 9.75, 9],
			"rotation": {"angle": 0, "axis": "y", "origin": [10.5, 9.25, 8.5]},
			"faces": {
				"north": {"uv": [13, 6, 14, 6.5], "texture": "#0"},
				"east": {"uv": [12, 6, 13, 6.5], "texture": "#0"},
				"south": {"uv": [15, 6, 16, 6.5], "texture": "#0"},
				"west": {"uv": [14, 6, 15, 6.5], "texture": "#0"},
				"up": {"uv": [13, 5, 14, 6], "texture": "#0"},
				"down": {"uv": [14, 5, 15, 6], "texture": "#0"}
			}
		},
		{
			"name": "holder5",
			"from": [7, 11, 7],
			"to": [9, 12, 9],
			"rotation": {"angle": 0, "axis": "y", "origin": [8.5, 11.5, 8.5]},
			"faces": {
				"north": {"uv": [13, 6, 14, 6.5], "texture": "#0"},
				"east": {"uv": [12, 6, 13, 6.5], "texture": "#0"},
				"south": {"uv": [15, 6, 16, 6.5], "texture": "#0"},
				"west": {"uv": [14, 6, 15, 6.5], "texture": "#0"},
				"up": {"uv": [13, 5, 14, 6], "texture": "#0"},
				"down": {"uv": [14, 5, 15, 6], "texture": "#0"}
			}
		},
		{
			"name": "holder6",
			"from": [5, 8.75, 7],
			"to": [7, 9.75, 9],
			"rotation": {"angle": 0, "axis": "y", "origin": [6.5, 9.25, 8.5]},
			"faces": {
				"north": {"uv": [13, 6, 14, 6.5], "texture": "#0"},
				"east": {"uv": [12, 6, 13, 6.5], "texture": "#0"},
				"south": {"uv": [15, 6, 16, 6.5], "texture": "#0"},
				"west": {"uv": [14, 6, 15, 6.5], "texture": "#0"},
				"up": {"uv": [13, 5, 14, 6], "texture": "#0"},
				"down": {"uv": [14, 5, 15, 6], "texture": "#0"}
			}
		},
		{
			"name": "holder7",
			"from": [2.75, 8.75, 7],
			"to": [4.75, 9.75, 9],
			"rotation": {"angle": 0, "axis": "y", "origin": [4.25, 9.25, 8.5]},
			"faces": {
				"north": {"uv": [13, 6, 14, 6.5], "texture": "#0"},
				"east": {"uv": [12, 6, 13, 6.5], "texture": "#0"},
				"south": {"uv": [15, 6, 16, 6.5], "texture": "#0"},
				"west": {"uv": [14, 6, 15, 6.5], "texture": "#0"},
				"up": {"uv": [13, 5, 14, 6], "texture": "#0"},
				"down": {"uv": [14, 5, 15, 6], "texture": "#0"}
			}
		},
		{
			"name": "holder8",
			"from": [0.5, 8.75, 7],
			"to": [2.5, 9.75, 9],
			"rotation": {"angle": 0, "axis": "y", "origin": [2, 9.25, 8.5]},
			"faces": {
				"north": {"uv": [13, 6, 14, 6.5], "texture": "#0"},
				"east": {"uv": [12, 6, 13, 6.5], "texture": "#0"},
				"south": {"uv": [15, 6, 16, 6.5], "texture": "#0"},
				"west": {"uv": [14, 6, 15, 6.5], "texture": "#0"},
				"up": {"uv": [13, 5, 14, 6], "texture": "#0"},
				"down": {"uv": [14, 5, 15, 6], "texture": "#0"}
			}
		},
		{
			"name": "holder9",
			"from": [-1.75, 8.75, 7],
			"to": [0.25, 9.75, 9],
			"rotation": {"angle": 0, "axis": "y", "origin": [-0.25, 9.25, 8.5]},
			"faces": {
				"north": {"uv": [13, 6, 14, 6.5], "texture": "#0"},
				"east": {"uv": [12, 6, 13, 6.5], "texture": "#0"},
				"south": {"uv": [15, 6, 16, 6.5], "texture": "#0"},
				"west": {"uv": [14, 6, 15, 6.5], "texture": "#0"},
				"up": {"uv": [13, 5, 14, 6], "texture": "#0"},
				"down": {"uv": [14, 5, 15, 6], "texture": "#0"}
			}
		},
		{
			"name": "candle8",
			"from": [-1.45, 9.55, 7.3],
			"to": [-0.05, 12.95, 8.7],
			"rotation": {"angle": 0, "axis": "y", "origin": [-0.5, 11.5, 8.25]},
			"faces": {
				"north": {"uv": [2, 10, 4, 16], "texture": "#1"},
				"east": {"uv": [0, 10, 2, 16], "texture": "#1"},
				"south": {"uv": [6, 10, 8, 16], "texture": "#1"},
				"west": {"uv": [4, 10, 6, 16], "texture": "#1"},
				"up": {"uv": [2, 8, 4, 10], "texture": "#1"},
				"down": {"uv": [4, 8, 6, 10], "texture": "#1"}
			}
		},
		{
			"name": "candle9",
			"from": [0.8, 9.55, 7.3],
			"to": [2.2, 12.95, 8.7],
			"rotation": {"angle": 0, "axis": "y", "origin": [1.75, 11.5, 8.25]},
			"faces": {
				"north": {"uv": [2, 10, 4, 16], "texture": "#1"},
				"east": {"uv": [0, 10, 2, 16], "texture": "#1"},
				"south": {"uv": [6, 10, 8, 16], "texture": "#1"},
				"west": {"uv": [4, 10, 6, 16], "texture": "#1"},
				"up": {"uv": [2, 8, 4, 10], "texture": "#1"},
				"down": {"uv": [4, 8, 6, 10], "texture": "#1"}
			}
		},
		{
			"name": "candle10",
			"from": [3.05, 9.55, 7.3],
			"to": [4.45, 12.95, 8.7],
			"rotation": {"angle": 0, "axis": "y", "origin": [4, 11.5, 8.25]},
			"faces": {
				"north": {"uv": [2, 10, 4, 16], "texture": "#1"},
				"east": {"uv": [0, 10, 2, 16], "texture": "#1"},
				"south": {"uv": [6, 10, 8, 16], "texture": "#1"},
				"west": {"uv": [4, 10, 6, 16], "texture": "#1"},
				"up": {"uv": [2, 8, 4, 10], "texture": "#1"},
				"down": {"uv": [4, 8, 6, 10], "texture": "#1"}
			}
		},
		{
			"name": "candle11",
			"from": [5.3, 9.55, 7.3],
			"to": [6.7, 12.95, 8.7],
			"rotation": {"angle": 0, "axis": "y", "origin": [6.25, 11.5, 8.25]},
			"faces": {
				"north": {"uv": [2, 10, 4, 16], "texture": "#1"},
				"east": {"uv": [0, 10, 2, 16], "texture": "#1"},
				"south": {"uv": [6, 10, 8, 16], "texture": "#1"},
				"west": {"uv": [4, 10, 6, 16], "texture": "#1"},
				"up": {"uv": [2, 8, 4, 10], "texture": "#1"},
				"down": {"uv": [4, 8, 6, 10], "texture": "#1"}
			}
		},
		{
			"name": "candle12",
			"from": [7.3, 12.05, 7.3],
			"to": [8.7, 15.45, 8.7],
			"rotation": {"angle": 0, "axis": "y", "origin": [8.25, 14, 8.25]},
			"faces": {
				"north": {"uv": [2, 10, 4, 16], "texture": "#1"},
				"east": {"uv": [0, 10, 2, 16], "texture": "#1"},
				"south": {"uv": [6, 10, 8, 16], "texture": "#1"},
				"west": {"uv": [4, 10, 6, 16], "texture": "#1"},
				"up": {"uv": [2, 8, 4, 10], "texture": "#1"},
				"down": {"uv": [4, 8, 6, 10], "texture": "#1"}
			}
		},
		{
			"name": "candle13",
			"from": [9.3, 9.8, 7.3],
			"to": [10.7, 13.2, 8.7],
			"rotation": {"angle": 0, "axis": "y", "origin": [10.25, 11.75, 8.25]},
			"faces": {
				"north": {"uv": [2, 10, 4, 16], "texture": "#1"},
				"east": {"uv": [0, 10, 2, 16], "texture": "#1"},
				"south": {"uv": [6, 10, 8, 16], "texture": "#1"},
				"west": {"uv": [4, 10, 6, 16], "texture": "#1"},
				"up": {"uv": [2, 8, 4, 10], "texture": "#1"},
				"down": {"uv": [4, 8, 6, 10], "texture": "#1"}
			}
		},
		{
			"name": "candle14",
			"from": [11.55, 9.8, 7.3],
			"to": [12.95, 13.2, 8.7],
			"rotation": {"angle": 0, "axis": "y", "origin": [12.5, 11.75, 8.25]},
			"faces": {
				"north": {"uv": [2, 10, 4, 16], "texture": "#1"},
				"east": {"uv": [0, 10, 2, 16], "texture": "#1"},
				"south": {"uv": [6, 10, 8, 16], "texture": "#1"},
				"west": {"uv": [4, 10, 6, 16], "texture": "#1"},
				"up": {"uv": [2, 8, 4, 10], "texture": "#1"},
				"down": {"uv": [4, 8, 6, 10], "texture": "#1"}
			}
		},
		{
			"name": "candle15",
			"from": [13.8, 9.8, 7.3],
			"to": [15.2, 13.2, 8.7],
			"rotation": {"angle": 0, "axis": "y", "origin": [14.75, 11.75, 8.25]},
			"faces": {
				"north": {"uv": [2, 10, 4, 16], "texture": "#1"},
				"east": {"uv": [0, 10, 2, 16], "texture": "#1"},
				"south": {"uv": [6, 10, 8, 16], "texture": "#1"},
				"west": {"uv": [4, 10, 6, 16], "texture": "#1"},
				"up": {"uv": [2, 8, 4, 10], "texture": "#1"},
				"down": {"uv": [4, 8, 6, 10], "texture": "#1"}
			}
		},
		{
			"name": "candle16",
			"from": [16.05, 9.8, 7.3],
			"to": [17.45, 13.2, 8.7],
			"rotation": {"angle": 0, "axis": "y", "origin": [17, 11.75, 8.25]},
			"faces": {
				"north": {"uv": [2, 10, 4, 16], "texture": "#1"},
				"east": {"uv": [0, 10, 2, 16], "texture": "#1"},
				"south": {"uv": [6, 10, 8, 16], "texture": "#1"},
				"west": {"uv": [4, 10, 6, 16], "texture": "#1"},
				"up": {"uv": [2, 8, 4, 10], "texture": "#1"},
				"down": {"uv": [4, 8, 6, 10], "texture": "#1"}
			}
		},
		{
			"name": "wick8",
			"from": [-1.25, 12.75, 8],
			"to": [-0.25, 14.75, 8],
			"rotation": {"angle": 0, "axis": "y", "origin": [-0.75, 13.75, 8]},
			"faces": {
				"north": {"uv": [10, 12, 12, 16], "texture": "#1"},
				"east": {"uv": [0, 0, 0, 1], "texture": "#missing"},
				"south": {"uv": [10, 12, 12, 16], "texture": "#1"},
				"west": {"uv": [0, 0, 0, 1], "texture": "#missing"},
				"up": {"uv": [0, 0, 0.5, 0], "texture": "#missing"},
				"down": {"uv": [0, 0, 0.5, 0], "texture": "#missing"}
			}
		},
		{
			"name": "wick9",
			"from": [1, 12.75, 8],
			"to": [2, 14.75, 8],
			"rotation": {"angle": 0, "axis": "y", "origin": [1.5, 13.75, 8]},
			"faces": {
				"north": {"uv": [10, 12, 12, 16], "texture": "#1"},
				"east": {"uv": [0, 0, 0, 1], "texture": "#missing"},
				"south": {"uv": [10, 12, 12, 16], "texture": "#1"},
				"west": {"uv": [0, 0, 0, 1], "texture": "#missing"},
				"up": {"uv": [0, 0, 0.5, 0], "texture": "#missing"},
				"down": {"uv": [0, 0, 0.5, 0], "texture": "#missing"}
			}
		},
		{
			"name": "wick10",
			"from": [3.25, 12.75, 8],
			"to": [4.25, 14.75, 8],
			"rotation": {"angle": 0, "axis": "y", "origin": [3.75, 13.75, 8]},
			"faces": {
				"north": {"uv": [10, 12, 12, 16], "texture": "#1"},
				"east": {"uv": [0, 0, 0, 1], "texture": "#missing"},
				"south": {"uv": [10, 12, 12, 16], "texture": "#1"},
				"west": {"uv": [0, 0, 0, 1], "texture": "#missing"},
				"up": {"uv": [0, 0, 0.5, 0], "texture": "#missing"},
				"down": {"uv": [0, 0, 0.5, 0], "texture": "#missing"}
			}
		},
		{
			"name": "wick11",
			"from": [5.5, 12.75, 8],
			"to": [6.5, 14.75, 8],
			"rotation": {"angle": 0, "axis": "y", "origin": [6, 13.75, 8]},
			"faces": {
				"north": {"uv": [10, 12, 12, 16], "texture": "#1"},
				"east": {"uv": [0, 0, 0, 1], "texture": "#missing"},
				"south": {"uv": [10, 12, 12, 16], "texture": "#1"},
				"west": {"uv": [0, 0, 0, 1], "texture": "#missing"},
				"up": {"uv": [0, 0, 0.5, 0], "texture": "#missing"},
				"down": {"uv": [0, 0, 0.5, 0], "texture": "#missing"}
			}
		},
		{
			"name": "wick12",
			"from": [7.5, 15.25, 8],
			"to": [8.5, 17.25, 8],
			"rotation": {"angle": 0, "axis": "y", "origin": [8, 16.25, 8]},
			"faces": {
				"north": {"uv": [10, 12, 12, 16], "texture": "#1"},
				"east": {"uv": [0, 0, 0, 1], "texture": "#missing"},
				"south": {"uv": [10, 12, 12, 16], "texture": "#1"},
				"west": {"uv": [0, 0, 0, 1], "texture": "#missing"},
				"up": {"uv": [0, 0, 0.5, 0], "texture": "#missing"},
				"down": {"uv": [0, 0, 0.5, 0], "texture": "#missing"}
			}
		},
		{
			"name": "wick13",
			"from": [9.5, 13, 8],
			"to": [10.5, 15, 8],
			"rotation": {"angle": 0, "axis": "y", "origin": [10, 14, 8]},
			"faces": {
				"north": {"uv": [10, 12, 12, 16], "texture": "#1"},
				"east": {"uv": [0, 0, 0, 1], "texture": "#missing"},
				"south": {"uv": [10, 12, 12, 16], "texture": "#1"},
				"west": {"uv": [0, 0, 0, 1], "texture": "#missing"},
				"up": {"uv": [0, 0, 0.5, 0], "texture": "#missing"},
				"down": {"uv": [0, 0, 0.5, 0], "texture": "#missing"}
			}
		},
		{
			"name": "wick14",
			"from": [11.75, 13, 8],
			"to": [12.75, 15, 8],
			"rotation": {"angle": 0, "axis": "y", "origin": [12.25, 14, 8]},
			"faces": {
				"north": {"uv": [10, 12, 12, 16], "texture": "#1"},
				"east": {"uv": [0, 0, 0, 1], "texture": "#missing"},
				"south": {"uv": [10, 12, 12, 16], "texture": "#1"},
				"west": {"uv": [0, 0, 0, 1], "texture": "#missing"},
				"up": {"uv": [0, 0, 0.5, 0], "texture": "#missing"},
				"down": {"uv": [0, 0, 0.5, 0], "texture": "#missing"}
			}
		},
		{
			"name": "wick15",
			"from": [14, 13, 8],
			"to": [15, 15, 8],
			"rotation": {"angle": 0, "axis": "y", "origin": [14.5, 14, 8]},
			"faces": {
				"north": {"uv": [10, 12, 12, 16], "texture": "#1"},
				"east": {"uv": [0, 0, 0, 1], "texture": "#missing"},
				"south": {"uv": [10, 12, 12, 16], "texture": "#1"},
				"west": {"uv": [0, 0, 0, 1], "texture": "#missing"},
				"up": {"uv": [0, 0, 0.5, 0], "texture": "#missing"},
				"down": {"uv": [0, 0, 0.5, 0], "texture": "#missing"}
			}
		},
		{
			"name": "wick16",
			"from": [16.25, 13, 8],
			"to": [17.25, 15, 8],
			"rotation": {"angle": 0, "axis": "y", "origin": [16.75, 14, 8]},
			"faces": {
				"north": {"uv": [10, 12, 12, 16], "texture": "#1"},
				"east": {"uv": [0, 0, 0, 1], "texture": "#missing"},
				"south": {"uv": [10, 12, 12, 16], "texture": "#1"},
				"west": {"uv": [0, 0, 0, 1], "texture": "#missing"},
				"up": {"uv": [0, 0, 0.5, 0], "texture": "#missing"},
				"down": {"uv": [0, 0, 0.5, 0], "texture": "#missing"}
			}
		}
	],
	"groups": [0, 1, 2,
		{
			"name": "chandelier_arm",
			"origin": [8, 4, 5],
			"children": [3, 4, 5, 6, 7, 8, 9, 10, 11, 12, 13, 14, 15]
		},
		{
			"name": "holder",
			"origin": [8, 8, 8],
			"children": [16, 17, 18, 19, 20, 21, 22, 23, 24]
		},
		{
			"name": "candle",
			"origin": [8, 8, 8],
			"children": [25, 26, 27, 28, 29, 30, 31, 32, 33]
		},
		{
			"name": "wick",
			"origin": [8, 8, 8],
			"children": [34, 35, 36, 37, 38, 39, 40, 41, 42]
		}
	]
}