{
	"credit": "Made with Blockbench",
	"ambientocclusion": false,
	"textures": {
		"0": "block/vine_u",
		"particle": "block/vine_u"
	},
	"elements": [
		{
			"name": "garland1",
			"from": [-4, 0, 5.75],
			"to": [18.25, 16, 5.75],
			"shade": false,
			"rotation": {"angle": 45, "axis": "y", "origin": [10.25, 8, 5.75]},
			"faces": {
				"north": {"uv": [0, 0, 16, 16], "texture": "#0"},
				"east": {"uv": [0, 0, 0, 16], "texture": "#missing"},
				"south": {"uv": [0, 0, 16, 16], "texture": "#0"},
				"west": {"uv": [0, 0, 0, 16], "texture": "#missing"},
				"up": {"uv": [0, 0, 16, 0], "texture": "#missing"},
				"down": {"uv": [0, 0, 16, 0], "texture": "#missing"}
			}
		},
		{
			"name": "garland2",
			"from": [-4, 0, 10.25],
			"to": [18.25, 16, 10.25],
			"shade": false,
			"rotation": {"angle": -45, "axis": "y", "origin": [10.25, 8, 10.25]},
			"faces": {
				"north": {"uv": [0, 0, 16, 16], "texture": "#0"},
				"east": {"uv": [0, 0, 0, 16], "texture": "#missing"},
				"south": {"uv": [0, 0, 16, 16], "texture": "#0"},
				"west": {"uv": [0, 0, 0, 16], "texture": "#missing"},
				"up": {"uv": [0, 0, 16, 0], "texture": "#missing"},
				"down": {"uv": [0, 0, 16, 0], "texture": "#missing"}
			}
		}
	],
	"groups": [
		{
			"name": "vine_u",
			"origin": [8, 8, 8],
			"children": []
		}, 0, 1]
}