{
	"credit": "Made with Blockbench",
	"parent": "minecraft:block/template_torch_wall",
	"texture_size": [32, 32],
	"textures": {
		"particle": "block/red_carved_candle",
		"2_0": "block/red_carved_candle"
	},
	"elements": [
		{
			"name": "holder2",
			"from": [2.5, 2, 7.5],
			"to": [3.5, 5, 8.5],
			"rotation": {"angle": 0, "axis": "y", "origin": [-5, 10, 15]},
			"faces": {
				"north": {"uv": [15, 11.5, 15.5, 13], "texture": "#2_0"},
				"east": {"uv": [14.5, 11.5, 15, 13], "texture": "#2_0"},
				"south": {"uv": [14, 11.5, 14.5, 13], "texture": "#2_0"},
				"west": {"uv": [15.5, 11.5, 16, 13], "texture": "#2_0"},
				"up": {"uv": [14.5, 11, 15, 11.5], "rotation": 90, "texture": "#2_0"},
				"down": {"uv": [15, 11, 15.5, 11.5], "rotation": 270, "texture": "#2_0"}
			}
		},
		{
			"name": "holder3",
			"from": [-0.5, 2, 7.5],
			"to": [2.5, 3, 8.5],
			"rotation": {"angle": 0, "axis": "x", "origin": [1, 2.5, 8]},
			"faces": {
				"north": {"uv": [15, 11.5, 15.5, 13], "rotation": 270, "texture": "#2_0"},
				"east": {"uv": [14.5, 11, 15, 11.5], "rotation": 180, "texture": "#2_0"},
				"south": {"uv": [14, 11.5, 14.5, 13], "rotation": 90, "texture": "#2_0"},
				"west": {"uv": [15, 11, 15.5, 11.5], "texture": "#2_0"},
				"up": {"uv": [15.5, 11.5, 16, 13], "rotation": 90, "texture": "#2_0"},
				"down": {"uv": [14.5, 11.5, 15, 13], "rotation": 90, "texture": "#2_0"}
			}
		},
		{
			"name": "mount",
			"from": [0.1, 0.5, 6],
			"to": [0.1, 4.5, 10],
			"rotation": {"angle": 0, "axis": "y", "origin": [0, 2.5, 8]},
			"faces": {
				"north": {"uv": [0, 0, 0, 4], "texture": "#missing"},
				"east": {"uv": [14, 9, 16, 11], "texture": "#2_0"},
				"south": {"uv": [0, 0, 0, 4], "texture": "#missing"},
				"west": {"uv": [14, 7, 16, 9], "texture": "#2_0"},
				"up": {"uv": [0, 0, 2, 0], "rotation": 90, "texture": "#missing"},
				"down": {"uv": [0, 0, 2, 0], "rotation": 270, "texture": "#missing"}
			}
		},
		{
			"name": "candle_main",
			"from": [1.5, 7, 6.5],
			"to": [4.5, 14, 9.5],
			"rotation": {"angle": 0, "axis": "y", "origin": [-3, 15, 14]},
			"faces": {
				"north": {"uv": [3, 12.5, 4.5, 16], "texture": "#2_0"},
				"east": {"uv": [1.5, 12.5, 3, 16], "texture": "#2_0"},
				"south": {"uv": [0, 12.5, 1.5, 16], "texture": "#2_0"},
				"west": {"uv": [4.5, 12.5, 6, 16], "texture": "#2_0"},
				"up": {"uv": [1.5, 11, 3, 12.5], "rotation": 90, "texture": "#2_0"},
				"down": {"uv": [3, 11, 4.5, 12.5], "rotation": 270, "texture": "#2_0"}
			}
		},
		{
			"name": "wick",
			"from": [3, 14, 7.5],
			"to": [3, 16, 8.5],
			"rotation": {"angle": 0, "axis": "y", "origin": [-5.5, 22, 16]},
			"faces": {
				"north": {"uv": [7, 8, 7.5, 10], "texture": "#missing"},
				"east": {"uv": [0, 11.5, 0.5, 12.5], "texture": "#2_0"},
				"south": {"uv": [6, 8, 6.5, 10], "texture": "#missing"},
				"west": {"uv": [0, 11.5, 0.5, 12.5], "texture": "#2_0"},
				"up": {"uv": [6.5, 7, 7, 8], "rotation": 90, "texture": "#missing"},
				"down": {"uv": [7, 7, 7.5, 8], "rotation": 270, "texture": "#missing"}
			}
		},
		{
			"name": "holder_base",
			"from": [1, 5, 6],
			"to": [5, 7, 10],
			"rotation": {"angle": 0, "axis": "y", "origin": [-3, 13, 14]},
			"faces": {
				"north": {"uv": [12, 15, 14, 16], "texture": "#2_0"},
				"east": {"uv": [10, 15, 12, 16], "texture": "#2_0"},
				"south": {"uv": [8, 15, 10, 16], "texture": "#2_0"},
				"west": {"uv": [14, 15, 16, 16], "texture": "#2_0"},
				"up": {"uv": [10, 13, 12, 15], "rotation": 90, "texture": "#2_0"},
				"down": {"uv": [12, 13, 14, 15], "rotation": 270, "texture": "#2_0"}
			}
		},
		{
			"name": "a1",
			"from": [1.5, 8, 9.25],
			"to": [2.5, 10, 9.25],
			"rotation": {"angle": 22.5, "axis": "x", "origin": [1.5, 8, 9.25]},
			"faces": {
				"north": {"uv": [15, 2, 15.5, 3], "texture": "#2_0"},
				"east": {"uv": [0, 0, 0, 2], "texture": "#2_0"},
				"south": {"uv": [15.5, 2.5, 16, 3.5], "texture": "#2_0"},
				"west": {"uv": [0, 0, 0, 2], "texture": "#missing"},
				"up": {"uv": [0, 0, 1, 0], "rotation": 180, "texture": "#missing"},
				"down": {"uv": [0, 0, 1, 0], "rotation": 180, "texture": "#missing"}
			}
		},
		{
			"name": "a2",
			"from": [3.5, 8, 9.25],
			"to": [4.5, 10, 9.25],
			"rotation": {"angle": 22.5, "axis": "x", "origin": [3.5, 8, 9.25]},
			"faces": {
				"north": {"uv": [15, 2, 15.5, 3], "texture": "#2_0"},
				"east": {"uv": [0, 0, 0, 2], "texture": "#missing"},
				"south": {"uv": [15.5, 2.5, 16, 3.5], "texture": "#2_0"},
				"west": {"uv": [0, 0, 0, 2], "texture": "#missing"},
				"up": {"uv": [0, 0, 1, 0], "rotation": 180, "texture": "#missing"},
				"down": {"uv": [0, 0, 1, 0], "rotation": 180, "texture": "#missing"}
			}
		},
		{
			"name": "a3",
			"from": [4.25, 8, 8.5],
			"to": [4.25, 10, 9.5],
			"rotation": {"angle": -22.5, "axis": "z", "origin": [4.25, 8, 9.5]},
			"faces": {
				"north": {"uv": [0, 0, 0, 2], "texture": "#missing"},
				"east": {"uv": [15.5, 2.5, 16, 3.5], "texture": "#2_0"},
				"south": {"uv": [0, 0, 0, 2], "texture": "#missing"},
				"west": {"uv": [15, 2, 15.5, 3], "texture": "#2_0"},
				"up": {"uv": [0, 0, 1, 0], "rotation": 90, "texture": "#missing"},
				"down": {"uv": [0, 0, 1, 0], "rotation": 270, "texture": "#missing"}
			}
		},
		{
			"name": "a4",
			"from": [4.25, 8, 6.5],
			"to": [4.25, 10, 7.5],
			"rotation": {"angle": -22.5, "axis": "z", "origin": [4.25, 8, 7.5]},
			"faces": {
				"north": {"uv": [0, 0, 0, 2], "texture": "#missing"},
				"east": {"uv": [15.5, 2.5, 16, 3.5], "texture": "#2_0"},
				"south": {"uv": [0, 0, 0, 2], "texture": "#missing"},
				"west": {"uv": [15, 2, 15.5, 3], "texture": "#2_0"},
				"up": {"uv": [0, 0, 1, 0], "rotation": 90, "texture": "#missing"},
				"down": {"uv": [0, 0, 1, 0], "rotation": 270, "texture": "#missing"}
			}
		},
		{
			"name": "a5",
			"from": [3.5, 8, 6.75],
			"to": [4.5, 10, 6.75],
			"rotation": {"angle": -22.5, "axis": "x", "origin": [4.5, 8, 6.75]},
			"faces": {
				"north": {"uv": [15.5, 2.5, 16, 3.5], "texture": "#2_0"},
				"east": {"uv": [0, 0, 0, 2], "texture": "#missing"},
				"south": {"uv": [15, 2, 15.5, 3], "texture": "#2_0"},
				"west": {"uv": [0, 0, 0, 2], "texture": "#missing"},
				"up": {"uv": [0, 0, 1, 0], "texture": "#missing"},
				"down": {"uv": [0, 0, 1, 0], "texture": "#missing"}
			}
		},
		{
			"name": "a6",
			"from": [1.5, 8, 6.75],
			"to": [2.5, 10, 6.75],
			"rotation": {"angle": -22.5, "axis": "x", "origin": [2.5, 8, 6.75]},
			"faces": {
				"north": {"uv": [15.5, 2.5, 16, 3.5], "texture": "#2_0"},
				"east": {"uv": [0, 0, 0, 2], "texture": "#missing"},
				"south": {"uv": [15, 2, 15.5, 3], "texture": "#2_0"},
				"west": {"uv": [0, 0, 0, 2], "texture": "#missing"},
				"up": {"uv": [0, 0, 1, 0], "texture": "#missing"},
				"down": {"uv": [0, 0, 1, 0], "texture": "#missing"}
			}
		},
		{
			"name": "a7",
			"from": [1.75, 8, 6.5],
			"to": [1.75, 10, 7.5],
			"rotation": {"angle": 22.5, "axis": "z", "origin": [1.75, 8, 6.5]},
			"faces": {
				"north": {"uv": [0, 0, 0, 2], "texture": "#missing"},
				"east": {"uv": [15, 2, 15.5, 3], "texture": "#2_0"},
				"south": {"uv": [0, 0, 0, 2], "texture": "#missing"},
				"west": {"uv": [15.5, 2.5, 16, 3.5], "texture": "#2_0"},
				"up": {"uv": [0, 0, 1, 0], "rotation": 270, "texture": "#missing"},
				"down": {"uv": [0, 0, 1, 0], "rotation": 90, "texture": "#missing"}
			}
		},
		{
			"name": "a8",
			"from": [1.75, 8, 8.5],
			"to": [1.75, 10, 9.5],
			"rotation": {"angle": 22.5, "axis": "z", "origin": [1.75, 8, 8.5]},
			"faces": {
				"north": {"uv": [0, 0, 0, 2], "texture": "#missing"},
				"east": {"uv": [15, 2, 15.5, 3], "texture": "#2_0"},
				"south": {"uv": [0, 0, 0, 2], "texture": "#missing"},
				"west": {"uv": [15.5, 2.5, 16, 3.5], "texture": "#2_0"},
				"up": {"uv": [0, 0, 1, 0], "rotation": 270, "texture": "#missing"},
				"down": {"uv": [0, 0, 1, 0], "rotation": 90, "texture": "#missing"}
			}
		},
		{
			"name": "b1",
			"from": [3.5, 9.75, 6],
			"to": [4.5, 11.75, 6],
			"rotation": {"angle": 22.5, "axis": "x", "origin": [4.5, 9.75, 6]},
			"faces": {
				"north": {"uv": [15.5, 1.5, 16, 2.5], "texture": "#2_0"},
				"east": {"uv": [0, 0, 0, 2], "texture": "#missing"},
				"south": {"uv": [15, 2, 15.5, 3], "texture": "#2_0"},
				"west": {"uv": [0, 0, 0, 2], "texture": "#missing"},
				"up": {"uv": [0, 0, 1, 0], "texture": "#missing"},
				"down": {"uv": [0, 0, 1, 0], "texture": "#missing"}
			}
		},
		{
			"name": "b1",
			"from": [1.5, 9.75, 6],
			"to": [2.5, 11.75, 6],
			"rotation": {"angle": 22.5, "axis": "x", "origin": [2.5, 9.75, 6]},
			"faces": {
				"north": {"uv": [15.5, 1.5, 16, 2.5], "texture": "#2_0"},
				"east": {"uv": [0, 0, 0, 2], "texture": "#missing"},
				"south": {"uv": [15, 2, 15.5, 3], "texture": "#2_0"},
				"west": {"uv": [0, 0, 0, 2], "texture": "#missing"},
				"up": {"uv": [0, 0, 1, 0], "texture": "#missing"},
				"down": {"uv": [0, 0, 1, 0], "texture": "#missing"}
			}
		},
		{
			"name": "b3",
			"from": [1, 9.75, 6.5],
			"to": [1, 11.75, 7.5],
			"rotation": {"angle": -22.5, "axis": "z", "origin": [1, 9.75, 6.5]},
			"faces": {
				"north": {"uv": [0, 0, 0, 2], "texture": "#missing"},
				"east": {"uv": [15, 2, 15.5, 3], "texture": "#2_0"},
				"south": {"uv": [0, 0, 0, 2], "texture": "#missing"},
				"west": {"uv": [15.5, 1.5, 16, 2.5], "texture": "#2_0"},
				"up": {"uv": [0, 0, 1, 0], "rotation": 270, "texture": "#missing"},
				"down": {"uv": [0, 0, 1, 0], "rotation": 90, "texture": "#missing"}
			}
		},
		{
			"name": "b4",
			"from": [1, 9.75, 8.5],
			"to": [1, 11.75, 9.5],
			"rotation": {"angle": -22.5, "axis": "z", "origin": [1, 9.75, 8.5]},
			"faces": {
				"north": {"uv": [0, 0, 0, 2], "texture": "#missing"},
				"east": {"uv": [15, 2, 15.5, 3], "texture": "#2_0"},
				"south": {"uv": [0, 0, 0, 2], "texture": "#missing"},
				"west": {"uv": [15.5, 1.5, 16, 2.5], "texture": "#2_0"},
				"up": {"uv": [0, 0, 1, 0], "rotation": 270, "texture": "#missing"},
				"down": {"uv": [0, 0, 1, 0], "rotation": 90, "texture": "#missing"}
			}
		},
		{
			"name": "b5",
			"from": [5, 9.75, 6.5],
			"to": [5, 11.75, 7.5],
			"rotation": {"angle": 22.5, "axis": "z", "origin": [5, 9.75, 7.5]},
			"faces": {
				"north": {"uv": [0, 0, 0, 2], "texture": "#missing"},
				"east": {"uv": [15.5, 1.5, 16, 2.5], "texture": "#2_0"},
				"south": {"uv": [0, 0, 0, 2], "texture": "#missing"},
				"west": {"uv": [15, 2, 15.5, 3], "texture": "#2_0"},
				"up": {"uv": [0, 0, 1, 0], "rotation": 90, "texture": "#missing"},
				"down": {"uv": [0, 0, 1, 0], "rotation": 270, "texture": "#missing"}
			}
		},
		{
			"name": "b7",
			"from": [1.5, 9.75, 10],
			"to": [2.5, 11.75, 10],
			"rotation": {"angle": -22.5, "axis": "x", "origin": [1.5, 9.75, 10]},
			"faces": {
				"north": {"uv": [15, 2, 15.5, 3], "texture": "#2_0"},
				"east": {"uv": [0, 0, 0, 2], "texture": "#missing"},
				"south": {"uv": [15.5, 1.5, 16, 2.5], "texture": "#2_0"},
				"west": {"uv": [0, 0, 0, 2], "texture": "#missing"},
				"up": {"uv": [0, 0, 1, 0], "rotation": 180, "texture": "#missing"},
				"down": {"uv": [0, 0, 1, 0], "rotation": 180, "texture": "#missing"}
			}
		},
		{
			"name": "b8",
			"from": [3.5, 9.75, 10],
			"to": [4.5, 11.75, 10],
			"rotation": {"angle": -22.5, "axis": "x", "origin": [3.5, 9.75, 10]},
			"faces": {
				"north": {"uv": [15, 2, 15.5, 3], "texture": "#2_0"},
				"east": {"uv": [0, 0, 0, 2], "texture": "#missing"},
				"south": {"uv": [15.5, 1.5, 16, 2.5], "texture": "#2_0"},
				"west": {"uv": [0, 0, 0, 2], "texture": "#missing"},
				"up": {"uv": [0, 0, 1, 0], "rotation": 180, "texture": "#missing"},
				"down": {"uv": [0, 0, 1, 0], "rotation": 180, "texture": "#missing"}
			}
		},
		{
			"name": "b6",
			"from": [5, 9.75, 8.5],
			"to": [5, 11.75, 9.5],
			"rotation": {"angle": 22.5, "axis": "z", "origin": [5, 9.75, 9.5]},
			"faces": {
				"north": {"uv": [0, 0, 0, 2], "texture": "#missing"},
				"east": {"uv": [15.5, 1.5, 16, 2.5], "texture": "#2_0"},
				"south": {"uv": [0, 0, 0, 2], "texture": "#missing"},
				"west": {"uv": [15, 2, 15.5, 3], "texture": "#2_0"},
				"up": {"uv": [0, 0, 1, 0], "rotation": 90, "texture": "#missing"},
				"down": {"uv": [0, 0, 1, 0], "rotation": 270, "texture": "#missing"}
			}
		},
		{
			"name": "candle_top1",
			"from": [3.5, 11.75, 6.5],
			"to": [4.5, 13.75, 9.5],
			"rotation": {"angle": -22.5, "axis": "z", "origin": [4.5, 11.75, 7.5]},
			"faces": {
				"north": {"uv": [2, 0.5, 2.5, 1.5], "texture": "#2_0"},
				"east": {"uv": [0.5, 0.5, 2, 1.5], "texture": "#2_0"},
				"south": {"uv": [0, 0.5, 0.5, 1.5], "texture": "#2_0"},
				"west": {"uv": [2.5, 0.5, 4, 1.5], "texture": "#2_0"},
				"up": {"uv": [0.5, 0, 2, 0.5], "rotation": 90, "texture": "#2_0"},
				"down": {"uv": [2, 0, 3.5, 0.5], "rotation": 270, "texture": "#2_0"}
			}
		},
		{
			"name": "candle_top2",
			"from": [1.5, 11.75, 6.5],
			"to": [4.5, 13.75, 7.5],
			"rotation": {"angle": -22.5, "axis": "x", "origin": [2.5, 11.75, 6.5]},
			"faces": {
				"north": {"uv": [0.5, 0.5, 2, 1.5], "texture": "#2_0"},
				"east": {"uv": [0, 0.5, 0.5, 1.5], "texture": "#2_0"},
				"south": {"uv": [2.5, 0.5, 4, 1.5], "texture": "#2_0"},
				"west": {"uv": [2, 0.5, 2.5, 1.5], "texture": "#2_0"},
				"up": {"uv": [0.5, 0, 2, 0.5], "texture": "#2_0"},
				"down": {"uv": [2, 0, 3.5, 0.5], "texture": "#2_0"}
			}
		},
		{
			"name": "candle_top3",
			"from": [1.5, 11.75, 6.5],
			"to": [2.5, 13.75, 9.5],
			"rotation": {"angle": 22.5, "axis": "z", "origin": [1.5, 11.75, 8.5]},
			"faces": {
				"north": {"uv": [0, 0.5, 0.5, 1.5], "texture": "#2_0"},
				"east": {"uv": [2.5, 0.5, 4, 1.5], "texture": "#2_0"},
				"south": {"uv": [2, 0.5, 2.5, 1.5], "texture": "#2_0"},
				"west": {"uv": [0.5, 0.5, 2, 1.5], "texture": "#2_0"},
				"up": {"uv": [0.5, 0, 2, 0.5], "rotation": 270, "texture": "#2_0"},
				"down": {"uv": [2, 0, 3.5, 0.5], "rotation": 90, "texture": "#2_0"}
			}
		},
		{
			"name": "candle_top4",
			"from": [1.5, 11.75, 8.5],
			"to": [4.5, 13.75, 9.5],
			"rotation": {"angle": 22.5, "axis": "x", "origin": [3.5, 11.75, 9.5]},
			"faces": {
				"north": {"uv": [2.5, 0.5, 4, 1.5], "texture": "#2_0"},
				"east": {"uv": [2, 0.5, 2.5, 1.5], "texture": "#2_0"},
				"south": {"uv": [0.5, 0.5, 2, 1.5], "texture": "#2_0"},
				"west": {"uv": [0, 0.5, 0.5, 1.5], "texture": "#2_0"},
				"up": {"uv": [0.5, 0, 2, 0.5], "rotation": 180, "texture": "#2_0"},
				"down": {"uv": [2, 0, 3.5, 0.5], "rotation": 180, "texture": "#2_0"}
			}
		},
		{
			"name": "c1",
			"from": [4.82403, 6.38582, 7],
			"to": [4.82403, 9.38582, 9],
			"rotation": {"angle": 22.5, "axis": "z", "origin": [4.82403, 7.88582, 8]},
			"faces": {
				"north": {"uv": [0, 0, 0, 1.5], "texture": "#missing"},
				"east": {"uv": [14, 0, 15, 1.5], "texture": "#2_0"},
				"south": {"uv": [0, 0, 0, 1.5], "texture": "#missing"},
				"west": {"uv": [15, 0, 16, 1.5], "texture": "#2_0"},
				"up": {"uv": [0, 0, 1, 0], "rotation": 90, "texture": "#missing"},
				"down": {"uv": [0, 0, 1, 0], "rotation": 270, "texture": "#missing"}
			}
		},
		{
			"name": "c2",
			"from": [2, 6.38582, 6.17597],
			"to": [4, 9.38582, 6.17597],
			"rotation": {"angle": 22.5, "axis": "x", "origin": [3, 7.88582, 6.17597]},
			"faces": {
				"north": {"uv": [14, 0, 15, 1.5], "texture": "#2_0"},
				"east": {"uv": [0, 0, 0, 1.5], "texture": "#missing"},
				"south": {"uv": [15, 0, 16, 1.5], "texture": "#2_0"},
				"west": {"uv": [0, 0, 0, 1.5], "texture": "#missing"},
				"up": {"uv": [0, 0, 1, 0], "rotation": 180, "texture": "#missing"},
				"down": {"uv": [0, 0, 1, 0], "rotation": 180, "texture": "#missing"}
			}
		},
		{
			"name": "c3",
			"from": [1.17597, 6.38582, 7],
			"to": [1.17597, 9.38582, 9],
			"rotation": {"angle": -22.5, "axis": "z", "origin": [1.17597, 7.88582, 8]},
			"faces": {
				"north": {"uv": [0, 0, 0, 1.5], "texture": "#missing"},
				"east": {"uv": [15, 0, 16, 1.5], "texture": "#2_0"},
				"south": {"uv": [0, 0, 0, 1.5], "texture": "#missing"},
				"west": {"uv": [14, 0, 15, 1.5], "texture": "#2_0"},
				"up": {"uv": [0, 0, 1, 0], "rotation": 270, "texture": "#missing"},
				"down": {"uv": [0, 0, 1, 0], "rotation": 90, "texture": "#missing"}
			}
		},
		{
			"name": "c4",
			"from": [2, 6.38582, 9.82403],
			"to": [4, 9.38582, 9.82403],
			"rotation": {"angle": -22.5, "axis": "x", "origin": [3, 7.88582, 9.82403]},
			"faces": {
				"north": {"uv": [15, 0, 16, 1.5], "texture": "#2_0"},
				"east": {"uv": [0, 0, 0, 1.5], "texture": "#missing"},
				"south": {"uv": [14, 0, 15, 1.5], "texture": "#2_0"},
				"west": {"uv": [0, 0, 0, 1.5], "texture": "#missing"},
				"up": {"uv": [0, 0, 1, 0], "rotation": 180, "texture": "#missing"},
				"down": {"uv": [0, 0, 1, 0], "rotation": 180, "texture": "#missing"}
			}
		},
		{
			"name": "d1",
			"from": [4.25, 9.25, 7.5],
			"to": [4.25, 12.25, 8.5],
			"rotation": {"angle": -22.5, "axis": "z", "origin": [4.25, 9.25, 8.5]},
			"faces": {
				"north": {"uv": [0, 0, 0, 3], "texture": "#missing"},
				"east": {"uv": [15, 1.5, 15.5, 3], "texture": "#2_0"},
				"south": {"uv": [0, 0, 0, 3], "texture": "#missing"},
				"west": {"uv": [15.5, 1.5, 16, 3], "texture": "#2_0"},
				"up": {"uv": [0, 0, 1, 0], "rotation": 90, "texture": "#missing"},
				"down": {"uv": [0, 0, 1, 0], "rotation": 270, "texture": "#missing"}
			}
		},
		{
			"name": "d2",
			"from": [2.5, 9.25, 9.25],
			"to": [3.5, 12.25, 9.25],
			"rotation": {"angle": 22.5, "axis": "x", "origin": [2.5, 9.25, 9.25]},
			"faces": {
				"north": {"uv": [15.5, 1.5, 16, 3], "texture": "#2_0"},
				"east": {"uv": [0, 0, 0, 3], "texture": "#missing"},
				"south": {"uv": [15, 1.5, 15.5, 3], "texture": "#2_0"},
				"west": {"uv": [0, 0, 0, 3], "texture": "#missing"},
				"up": {"uv": [0, 0, 1, 0], "rotation": 180, "texture": "#missing"},
				"down": {"uv": [0, 0, 1, 0], "rotation": 180, "texture": "#missing"}
			}
		},
		{
			"name": "d3",
			"from": [2.5, 9.25, 6.75],
			"to": [3.5, 12.25, 6.75],
			"rotation": {"angle": -22.5, "axis": "x", "origin": [3.5, 9.25, 6.75]},
			"faces": {
				"north": {"uv": [15, 1.5, 15.5, 3], "texture": "#2_0"},
				"east": {"uv": [0, 0, 0, 3], "texture": "#missing"},
				"south": {"uv": [15.5, 1.5, 16, 3], "texture": "#2_0"},
				"west": {"uv": [0, 0, 0, 3], "texture": "#missing"},
				"up": {"uv": [0, 0, 1, 0], "texture": "#missing"},
				"down": {"uv": [0, 0, 1, 0], "texture": "#missing"}
			}
		},
		{
			"name": "d4",
			"from": [1.75, 9.25, 7.5],
			"to": [1.75, 12.25, 8.5],
			"rotation": {"angle": 22.5, "axis": "z", "origin": [1.75, 9.25, 7.5]},
			"faces": {
				"north": {"uv": [0, 0, 0, 3], "texture": "#missing"},
				"east": {"uv": [15.5, 1.5, 16, 3], "texture": "#2_0"},
				"south": {"uv": [0, 0, 0, 3], "texture": "#missing"},
				"west": {"uv": [15, 1.5, 15.5, 3], "texture": "#2_0"},
				"up": {"uv": [0, 0, 1, 0], "rotation": 270, "texture": "#missing"},
				"down": {"uv": [0, 0, 1, 0], "rotation": 90, "texture": "#missing"}
			}
		}
	],
	"groups": [
		{
			"name": "holder_wall",
			"origin": [14, 13, 18],
			"children": [0, 1,
				{
					"name": "holder3",
					"origin": [16, 10, 22],
					"children": []
				}, 2]
		},
		{
			"name": "torch",
			"origin": [8, 8, 8],
			"children": [3, 4,
				{
					"name": "holder",
					"origin": [14, 8, 14],
					"children": [5]
				},
				{
					"name": "candle_additions2",
					"origin": [10, 5, 6],
					"children": [
						{
							"name": "bottom",
							"origin": [9.25, 3, 9.5],
							"children": [6, 7, 8, 9, 10, 11, 12, 13]
						},
						{
							"name": "top",
							"origin": [6, 4.75, 6.5],
							"children": [14, 15, 16, 17, 18, 19, 20, 21]
						}
					]
				},
				{
					"name": "candle_additions3",
					"origin": [8, 8, 8],
					"children": [22, 23, 24, 25,
						{
							"name": "big",
							"origin": [8, 8, 8],
							"children": [26, 27, 28, 29]
						},
						{
							"name": "small",
							"origin": [8, 8, 8],
							"children": [30, 31, 32, 33]
						}
					]
				}
			]
		}
	]
}