{
	"__comment": "Designed by Su su with Cubik Studio - https://cubik.studio",
	"textures": {
		"particle": "item/etc/metro_ticket",
		"texture": "item/etc/metro_ticket",
		"voxels_atlas": "item/etc/metro_ticket"
	},
	"gui_light": "front",
	"elements": [ 	 
		{
			"__comment": "Voxels",
			"from": [ -4, 4, -3 ],
			"to": [ 11, 5, -2 ],
			"faces": {
				"down": { "uv": [ 0, 15.5, 7.5, 16 ], "texture": "#voxels_atlas" },
				"up": { "uv": [ 7.5, 16, 15, 15.5 ], "texture": "#voxels_atlas" },
				"north": { "uv": [ 7.5, 15, 0, 15.5 ], "texture": "#voxels_atlas" },
				"south": { "uv": [ 7.5, 15, 15, 15.5 ], "texture": "#voxels_atlas" },
				"west": { "uv": [ 15.5, 14.5, 16, 15 ], "texture": "#voxels_atlas" },
				"east": { "uv": [ 2, 2.5, 1.5, 3 ], "texture": "#voxels_atlas" }
			}
		},
		{
			"__comment": "Voxels",
			"from": [ -3, 3, -3 ],
			"to": [ 10, 4, -2 ],
			"faces": {
				"down": { "uv": [ 9.5, 7.5, 16, 8 ], "texture": "#voxels_atlas" },
				"up": { "uv": [ 9.5, 7.5, 16, 7 ], "texture": "#voxels_atlas" },
				"north": { "uv": [ 16, 6.5, 9.5, 7 ], "texture": "#voxels_atlas" },
				"south": { "uv": [ 2.5, 5.5, 9, 6 ], "texture": "#voxels_atlas" },
				"west": { "uv": [ 2, 2.5, 2.5, 3 ], "texture": "#voxels_atlas" },
				"east": { "uv": [ 2, 2, 1.5, 2.5 ], "texture": "#voxels_atlas" }
			}
		},
		{
			"__comment": "Voxels",
			"from": [ -3, 5, -3 ],
			"to": [ 12, 6, -2 ],
			"faces": {
				"down": { "uv": [ 0, 12.5, 7.5, 13 ], "texture": "#voxels_atlas" },
				"up": { "uv": [ 7.5, 13, 15, 12.5 ], "texture": "#voxels_atlas" },
				"north": { "uv": [ 7.5, 12, 0, 12.5 ], "texture": "#voxels_atlas" },
				"south": { "uv": [ 7.5, 12, 15, 12.5 ], "texture": "#voxels_atlas" },
				"west": { "uv": [ 2, 2, 2.5, 2.5 ], "texture": "#voxels_atlas" },
				"east": { "uv": [ 1.5, 0, 1, 0.5 ], "texture": "#voxels_atlas" }
			}
		},
		{
			"__comment": "Voxels",
			"from": [ -2, 2, -3 ],
			"to": [ 9, 3, -2 ],
			"faces": {
				"down": { "uv": [ 10, 9, 15.5, 9.5 ], "texture": "#voxels_atlas" },
				"up": { "uv": [ 10, 10, 15.5, 9.5 ], "texture": "#voxels_atlas" },
				"north": { "uv": [ 15.5, 8.5, 10, 9 ], "texture": "#voxels_atlas" },
				"south": { "uv": [ 10, 8, 15.5, 8.5 ], "texture": "#voxels_atlas" },
				"west": { "uv": [ 15.5, 9.5, 16, 10 ], "texture": "#voxels_atlas" },
				"east": { "uv": [ 16, 9, 15.5, 9.5 ], "texture": "#voxels_atlas" }
			}
		},
		{
			"__comment": "Voxels",
			"from": [ -2, 6, -3 ],
			"to": [ 13, 7, -2 ],
			"faces": {
				"down": { "uv": [ 2.5, 8.5, 10, 9 ], "texture": "#voxels_atlas" },
				"up": { "uv": [ 2.5, 8.5, 10, 8 ], "texture": "#voxels_atlas" },
				"north": { "uv": [ 7.5, 14.5, 0, 15 ], "texture": "#voxels_atlas" },
				"south": { "uv": [ 7.5, 14.5, 15, 15 ], "texture": "#voxels_atlas" },
				"west": { "uv": [ 15.5, 8.5, 16, 9 ], "texture": "#voxels_atlas" },
				"east": { "uv": [ 15.5, 15.5, 15, 16 ], "texture": "#voxels_atlas" }
			}
		},
		{
			"__comment": "Voxels",
			"from": [ -1, 7, -3 ],
			"to": [ 14, 8, -2 ],
			"faces": {
				"down": { "uv": [ 0, 13.5, 7.5, 14 ], "texture": "#voxels_atlas" },
				"up": { "uv": [ 7.5, 14, 15, 13.5 ], "texture": "#voxels_atlas" },
				"north": { "uv": [ 7.5, 13, 0, 13.5 ], "texture": "#voxels_atlas" },
				"south": { "uv": [ 7.5, 13, 15, 13.5 ], "texture": "#voxels_atlas" },
				"west": { "uv": [ 15.5, 15.5, 16, 16 ], "texture": "#voxels_atlas" },
				"east": { "uv": [ 15.5, 15, 15, 15.5 ], "texture": "#voxels_atlas" }
			}
		},
		{
			"__comment": "Voxels",
			"from": [ 0, 8, -3 ],
			"to": [ 15, 9, -2 ],
			"faces": {
				"down": { "uv": [ 2.5, 11.5, 10, 12 ], "texture": "#voxels_atlas" },
				"up": { "uv": [ 2.5, 11.5, 10, 11 ], "texture": "#voxels_atlas" },
				"north": { "uv": [ 10, 10.5, 2.5, 11 ], "texture": "#voxels_atlas" },
				"south": { "uv": [ 2.5, 10, 10, 10.5 ], "texture": "#voxels_atlas" },
				"west": { "uv": [ 15.5, 15, 16, 15.5 ], "texture": "#voxels_atlas" },
				"east": { "uv": [ 15.5, 14.5, 15, 15 ], "texture": "#voxels_atlas" }
			}
		},
		{
			"__comment": "Voxels",
			"from": [ 1, -1, -3 ],
			"to": [ 6, 2, -2 ],
			"faces": {
				"down": { "uv": [ 0, 7, 2.5, 7.5 ], "texture": "#voxels_atlas" },
				"up": { "uv": [ 0, 8, 2.5, 7.5 ], "texture": "#voxels_atlas" },
				"north": { "uv": [ 2.5, 10.5, 0, 12 ], "texture": "#voxels_atlas" },
				"south": { "uv": [ 0, 9, 2.5, 10.5 ], "texture": "#voxels_atlas" },
				"west": { "uv": [ 0, 3.5, 0.5, 5 ], "texture": "#voxels_atlas" },
				"east": { "uv": [ 1, 3.5, 0.5, 5 ], "texture": "#voxels_atlas" }
			}
		},
		{
			"__comment": "Voxels",
			"from": [ 1, 9, -3 ],
			"to": [ 16, 10, -2 ],
			"faces": {
				"down": { "uv": [ 0, 14, 7.5, 14.5 ], "texture": "#voxels_atlas" },
				"up": { "uv": [ 7.5, 14.5, 15, 14 ], "texture": "#voxels_atlas" },
				"north": { "uv": [ 10, 9.5, 2.5, 10 ], "texture": "#voxels_atlas" },
				"south": { "uv": [ 2.5, 9, 10, 9.5 ], "texture": "#voxels_atlas" },
				"west": { "uv": [ 15, 14, 15.5, 14.5 ], "texture": "#voxels_atlas" },
				"east": { "uv": [ 16, 14, 15.5, 14.5 ], "texture": "#voxels_atlas" }
			}
		},
		{
			"__comment": "Voxels",
			"from": [ 2, -2, -3 ],
			"to": [ 5, -1, -2 ],
			"faces": {
				"down": { "uv": [ 0, 5.5, 1.5, 6 ], "texture": "#voxels_atlas" },
				"up": { "uv": [ 0, 5.5, 1.5, 5 ], "texture": "#voxels_atlas" },
				"north": { "uv": [ 2.5, 4.5, 1, 5 ], "texture": "#voxels_atlas" },
				"south": { "uv": [ 1, 4, 2.5, 4.5 ], "texture": "#voxels_atlas" },
				"west": { "uv": [ 15, 13.5, 15.5, 14 ], "texture": "#voxels_atlas" },
				"east": { "uv": [ 16, 13.5, 15.5, 14 ], "texture": "#voxels_atlas" }
			}
		},
		{
			"__comment": "Voxels",
			"from": [ 2, 10, -3 ],
			"to": [ 16, 11, -2 ],
			"faces": {
				"down": { "uv": [ 2.5, 6.5, 9.5, 7 ], "texture": "#voxels_atlas" },
				"up": { "uv": [ 2.5, 6.5, 9.5, 6 ], "texture": "#voxels_atlas" },
				"north": { "uv": [ 9.5, 7.5, 2.5, 8 ], "texture": "#voxels_atlas" },
				"south": { "uv": [ 2.5, 7, 9.5, 7.5 ], "texture": "#voxels_atlas" },
				"west": { "uv": [ 1.5, 5.5, 2, 6 ], "texture": "#voxels_atlas" },
				"east": { "uv": [ 2.5, 5.5, 2, 6 ], "texture": "#voxels_atlas" }
			}
		},
		{
			"__comment": "Voxels",
			"from": [ 3, -3, -3 ],
			"to": [ 4, -2, -2 ],
			"faces": {
				"down": { "uv": [ 15.5, 12, 16, 12.5 ], "texture": "#voxels_atlas" },
				"up": { "uv": [ 15, 12.5, 15.5, 12 ], "texture": "#voxels_atlas" },
				"north": { "uv": [ 16, 13, 15.5, 13.5 ], "texture": "#voxels_atlas" },
				"south": { "uv": [ 15, 13, 15.5, 13.5 ], "texture": "#voxels_atlas" },
				"west": { "uv": [ 1, 1, 1.5, 1.5 ], "texture": "#voxels_atlas" },
				"east": { "uv": [ 2.5, 1.5, 2, 2 ], "texture": "#voxels_atlas" }
			}
		},
		{
			"__comment": "Voxels",
			"from": [ 3, 11, -3 ],
			"to": [ 15, 12, -2 ],
			"faces": {
				"down": { "uv": [ 10, 11.5, 16, 12 ], "texture": "#voxels_atlas" },
				"up": { "uv": [ 10, 11.5, 16, 11 ], "texture": "#voxels_atlas" },
				"north": { "uv": [ 16, 10.5, 10, 11 ], "texture": "#voxels_atlas" },
				"south": { "uv": [ 10, 10, 16, 10.5 ], "texture": "#voxels_atlas" },
				"west": { "uv": [ 1, 1.5, 1.5, 2 ], "texture": "#voxels_atlas" },
				"east": { "uv": [ 2, 1.5, 1.5, 2 ], "texture": "#voxels_atlas" }
			}
		},
		{
			"__comment": "Voxels",
			"from": [ 4, 12, -3 ],
			"to": [ 11, 13, -2 ],
			"faces": {
				"down": { "uv": [ 6, 4.5, 9.5, 5 ], "texture": "#voxels_atlas" },
				"up": { "uv": [ 2.5, 5, 6, 4.5 ], "texture": "#voxels_atlas" },
				"north": { "uv": [ 9.5, 5, 6, 5.5 ], "texture": "#voxels_atlas" },
				"south": { "uv": [ 2.5, 5, 6, 5.5 ], "texture": "#voxels_atlas" },
				"west": { "uv": [ 15, 12.5, 15.5, 13 ], "texture": "#voxels_atlas" },
				"east": { "uv": [ 16, 12.5, 15.5, 13 ], "texture": "#voxels_atlas" }
			}
		},
		{
			"__comment": "Voxels",
			"from": [ 5, 13, -3 ],
			"to": [ 11, 14, -2 ],
			"faces": {
				"down": { "uv": [ 2.5, 3, 5.5, 3.5 ], "texture": "#voxels_atlas" },
				"up": { "uv": [ 2.5, 4, 5.5, 3.5 ], "texture": "#voxels_atlas" },
				"north": { "uv": [ 8.5, 4, 5.5, 4.5 ], "texture": "#voxels_atlas" },
				"south": { "uv": [ 2.5, 4, 5.5, 4.5 ], "texture": "#voxels_atlas" },
				"west": { "uv": [ 1.5, 5, 2, 5.5 ], "texture": "#voxels_atlas" },
				"east": { "uv": [ 2.5, 5, 2, 5.5 ], "texture": "#voxels_atlas" }
			}
		},
		{
			"__comment": "Voxels",
			"from": [ 6, 0, -3 ],
			"to": [ 7, 2, -2 ],
			"faces": {
				"down": { "uv": [ 1.5, 3, 2, 3.5 ], "texture": "#voxels_atlas" },
				"up": { "uv": [ 2, 3.5, 2.5, 3 ], "texture": "#voxels_atlas" },
				"north": { "uv": [ 0.5, 1, 0, 2 ], "texture": "#voxels_atlas" },
				"south": { "uv": [ 0, 0, 0.5, 1 ], "texture": "#voxels_atlas" },
				"west": { "uv": [ 0.5, 1, 1, 2 ], "texture": "#voxels_atlas" },
				"east": { "uv": [ 1, 0, 0.5, 1 ], "texture": "#voxels_atlas" }
			}
		},
		{
			"__comment": "Voxels",
			"from": [ 6, 14, -3 ],
			"to": [ 11, 15, -2 ],
			"faces": {
				"down": { "uv": [ 0, 6.5, 2.5, 7 ], "texture": "#voxels_atlas" },
				"up": { "uv": [ 0, 6.5, 2.5, 6 ], "texture": "#voxels_atlas" },
				"north": { "uv": [ 2.5, 8.5, 0, 9 ], "texture": "#voxels_atlas" },
				"south": { "uv": [ 0, 8, 2.5, 8.5 ], "texture": "#voxels_atlas" },
				"west": { "uv": [ 1.5, 1, 2, 1.5 ], "texture": "#voxels_atlas" },
				"east": { "uv": [ 2.5, 1, 2, 1.5 ], "texture": "#voxels_atlas" }
			}
		},
		{
			"__comment": "Voxels",
			"from": [ 7, 1, -3 ],
			"to": [ 8, 2, -2 ],
			"faces": {
				"down": { "uv": [ 1, 0.5, 1.5, 1 ], "texture": "#voxels_atlas" },
				"up": { "uv": [ 15.5, 8.5, 16, 8 ], "texture": "#voxels_atlas" },
				"north": { "uv": [ 2, 0.5, 1.5, 1 ], "texture": "#voxels_atlas" },
				"south": { "uv": [ 2, 0.5, 2.5, 1 ], "texture": "#voxels_atlas" },
				"west": { "uv": [ 1.5, 0, 2, 0.5 ], "texture": "#voxels_atlas" },
				"east": { "uv": [ 2.5, 0, 2, 0.5 ], "texture": "#voxels_atlas" }
			}
		},
		{
			"__comment": "Voxels",
			"from": [ 7, 15, -3 ],
			"to": [ 10, 16, -2 ],
			"faces": {
				"down": { "uv": [ 0, 3, 1.5, 3.5 ], "texture": "#voxels_atlas" },
				"up": { "uv": [ 0, 3, 1.5, 2.5 ], "texture": "#voxels_atlas" },
				"north": { "uv": [ 1.5, 2, 0, 2.5 ], "texture": "#voxels_atlas" },
				"south": { "uv": [ 1, 3.5, 2.5, 4 ], "texture": "#voxels_atlas" },
				"west": { "uv": [ 9, 5.5, 9.5, 6 ], "texture": "#voxels_atlas" },
				"east": { "uv": [ 9, 4, 8.5, 4.5 ], "texture": "#voxels_atlas" }
			}
		},
		{
			"__comment": "Voxels",
			"from": [ 8, 16, -3 ],
			"to": [ 9, 17, -2 ],
			"faces": {
				"down": { "uv": [ 9, 4, 9.5, 4.5 ], "texture": "#voxels_atlas" },
				"up": { "uv": [ 2.5, 3, 3, 2.5 ], "texture": "#voxels_atlas" },
				"north": { "uv": [ 3.5, 2.5, 3, 3 ], "texture": "#voxels_atlas" },
				"south": { "uv": [ 3.5, 2.5, 4, 3 ], "texture": "#voxels_atlas" },
				"west": { "uv": [ 4, 2.5, 4.5, 3 ], "texture": "#voxels_atlas" },
				"east": { "uv": [ 5, 2.5, 4.5, 3 ], "texture": "#voxels_atlas" }
			}
		}
	],
	"display": {
		"thirdperson_righthand": {
			"rotation":  [ 29, 0, 0 ],
			"translation":  [ 0.6956, 0.6956, 3.3 ],
			"scale":  [ 0.2, 0.2, 0.2 ]
		},
		"thirdperson_lefthand": {
			"rotation":  [ 29, 0, 0 ],
			"translation":  [ -0.95, 0.6956, 3.3 ],
			"scale":  [ 0.2, 0.2, 0.2 ]
		},
		"firstperson_righthand": {
			"rotation":  [ 0, 0, 90 ],
			"translation":  [ 8.3478, -1.391, 0 ],
			"scale":  [ 0.7, 0.7, 0.7 ]
		},
		"firstperson_lefthand": {
			"translation":  [ 8.3478, -1.391, 0 ],
			"scale":  [ 0.7, 0.7, 0.7 ]
		},
		"gui": {
			"translation":  [ 1.3913, 0.6956, 7.6521 ],
			"scale":  [ 0.7, 0.7, 0.7 ]
		},
		"head": {
			"translation":  [ 1.3922, 6.9565, -2.781 ],
			"scale":  [ 0.5, 0.5, 0.5 ]
		},
		"ground": {
			"translation":  [ 2.0876, 4.8695, 5.5652 ],
			"scale":  [ 0.55, 0.55, 0.55 ]
		},
		"fixed": {
			"translation":  [ 1.3913, 0.6956, 6.6173 ],
			"scale":  [ 0.8, 0.8, 0.8 ]
		}
	}
}