{
	"__comment": "Designed by Moon with Cubik Studio - https://cubik.studio",
	"textures": {
		"paper": "item/etc/paper"
	},
	"gui_light": "front",
	"elements": [ 	 
		{
			"__comment": "Voxels",
			"from": [ -9, 8, 2 ],
			"to": [ -7, 9, 3 ],
			"faces": {
				"down": { "uv": [ 5.25, 13.875, 5.5, 14 ], "texture": "#paper" },
				"up": { "uv": [ 11.625, 15.875, 11.875, 15.75 ], "texture": "#paper" },
				"north": { "uv": [ 12.125, 15.75, 11.875, 15.875 ], "texture": "#paper" },
				"south": { "uv": [ 12.125, 15.75, 12.375, 15.875 ], "texture": "#paper" },
				"west": { "uv": [ 8.625, 15.5, 8.75, 15.625 ], "texture": "#paper" },
				"east": { "uv": [ 8.625, 15.5, 8.5, 15.625 ], "texture": "#paper" }
			}
		},
		{
			"__comment": "Voxels",
			"from": [ -8, 7, 2 ],
			"to": [ -7, 8, 3 ],
			"faces": {
				"down": { "uv": [ 8.375, 15.5, 8.5, 15.625 ], "texture": "#paper" },
				"up": { "uv": [ 8.25, 8.125, 8.375, 8 ], "texture": "#paper" },
				"north": { "uv": [ 8.375, 8.625, 8.25, 8.75 ], "texture": "#paper" },
				"south": { "uv": [ 8.25, 8.75, 8.375, 8.875 ], "texture": "#paper" },
				"west": { "uv": [ 8.25, 9.375, 8.375, 9.5 ], "texture": "#paper" },
				"east": { "uv": [ 8.375, 9.5, 8.25, 9.625 ], "texture": "#paper" }
			}
		},
		{
			"__comment": "Voxels",
			"from": [ -8, 8, 1 ],
			"to": [ -6, 9, 2 ],
			"faces": {
				"down": { "uv": [ 12.375, 15.75, 12.625, 15.875 ], "texture": "#paper" },
				"up": { "uv": [ 12.625, 15.875, 12.875, 15.75 ], "texture": "#paper" },
				"north": { "uv": [ 13.125, 15.75, 12.875, 15.875 ], "texture": "#paper" },
				"south": { "uv": [ 13.125, 15.75, 13.375, 15.875 ], "texture": "#paper" },
				"west": { "uv": [ 8.25, 9.875, 8.375, 10 ], "texture": "#paper" },
				"east": { "uv": [ 8.375, 10, 8.25, 10.125 ], "texture": "#paper" }
			}
		},
		{
			"__comment": "Voxels",
			"from": [ -8, 8, 3 ],
			"to": [ -6, 9, 4 ],
			"faces": {
				"down": { "uv": [ 13.375, 15.75, 13.625, 15.875 ], "texture": "#paper" },
				"up": { "uv": [ 13.625, 15.875, 13.875, 15.75 ], "texture": "#paper" },
				"north": { "uv": [ 8.25, 15.625, 8, 15.75 ], "texture": "#paper" },
				"south": { "uv": [ 8, 15.5, 8.25, 15.625 ], "texture": "#paper" },
				"west": { "uv": [ 8.25, 10.125, 8.375, 10.25 ], "texture": "#paper" },
				"east": { "uv": [ 8.375, 10.25, 8.25, 10.375 ], "texture": "#paper" }
			}
		},
		{
			"__comment": "Voxels",
			"from": [ -7, 6, 2 ],
			"to": [ 22, 7, 3 ],
			"faces": {
				"down": { "uv": [ 0, 15.75, 3.625, 15.875 ], "texture": "#paper" },
				"up": { "uv": [ 0, 15.75, 3.625, 15.625 ], "texture": "#paper" },
				"north": { "uv": [ 3.625, 15.875, 0, 16 ], "texture": "#paper" },
				"south": { "uv": [ 0, 15.5, 3.625, 15.625 ], "texture": "#paper" },
				"west": { "uv": [ 8.25, 10.375, 8.375, 10.5 ], "texture": "#paper" },
				"east": { "uv": [ 8.375, 10.5, 8.25, 10.625 ], "texture": "#paper" }
			}
		},
		{
			"__comment": "Voxels",
			"from": [ -7, 7, 1 ],
			"to": [ -5, 8, 2 ],
			"faces": {
				"down": { "uv": [ 8, 15.375, 8.25, 15.5 ], "texture": "#paper" },
				"up": { "uv": [ 8, 15.375, 8.25, 15.25 ], "texture": "#paper" },
				"north": { "uv": [ 8.25, 15.125, 8, 15.25 ], "texture": "#paper" },
				"south": { "uv": [ 8, 15, 8.25, 15.125 ], "texture": "#paper" },
				"west": { "uv": [ 8.25, 10.875, 8.375, 11 ], "texture": "#paper" },
				"east": { "uv": [ 8.375, 11, 8.25, 11.125 ], "texture": "#paper" }
			}
		},
		{
			"__comment": "Voxels",
			"from": [ -7, 7, 3 ],
			"to": [ -5, 8, 4 ],
			"faces": {
				"down": { "uv": [ 8, 14.875, 8.25, 15 ], "texture": "#paper" },
				"up": { "uv": [ 8, 14.875, 8.25, 14.75 ], "texture": "#paper" },
				"north": { "uv": [ 8.25, 14.625, 8, 14.75 ], "texture": "#paper" },
				"south": { "uv": [ 8, 14.5, 8.25, 14.625 ], "texture": "#paper" },
				"west": { "uv": [ 8.25, 11.125, 8.375, 11.25 ], "texture": "#paper" },
				"east": { "uv": [ 8.375, 11.25, 8.25, 11.375 ], "texture": "#paper" }
			}
		},
		{
			"__comment": "Voxels",
			"from": [ -6, 5, 2 ],
			"to": [ 21, 6, 3 ],
			"faces": {
				"down": { "uv": [ 0, 14.625, 3.375, 14.75 ], "texture": "#paper" },
				"up": { "uv": [ 0, 14.625, 3.375, 14.5 ], "texture": "#paper" },
				"north": { "uv": [ 3.375, 14.375, 0, 14.5 ], "texture": "#paper" },
				"south": { "uv": [ 0, 15, 3.375, 15.125 ], "texture": "#paper" },
				"west": { "uv": [ 8.25, 11.625, 8.375, 11.75 ], "texture": "#paper" },
				"east": { "uv": [ 8.375, 11.75, 8.25, 11.875 ], "texture": "#paper" }
			}
		},
		{
			"__comment": "Voxels",
			"from": [ -6, 6, 1 ],
			"to": [ 21, 7, 2 ],
			"faces": {
				"down": { "uv": [ 0, 14.25, 3.375, 14.375 ], "texture": "#paper" },
				"up": { "uv": [ 0, 14.25, 3.375, 14.125 ], "texture": "#paper" },
				"north": { "uv": [ 3.375, 14, 0, 14.125 ], "texture": "#paper" },
				"south": { "uv": [ 0, 14.875, 3.375, 15 ], "texture": "#paper" },
				"west": { "uv": [ 8.25, 11.875, 8.375, 12 ], "texture": "#paper" },
				"east": { "uv": [ 8.375, 12, 8.25, 12.125 ], "texture": "#paper" }
			}
		},
		{
			"__comment": "Voxels",
			"from": [ -6, 6, 3 ],
			"to": [ 21, 7, 4 ],
			"faces": {
				"down": { "uv": [ 0, 15.25, 3.375, 15.375 ], "texture": "#paper" },
				"up": { "uv": [ 0, 15.25, 3.375, 15.125 ], "texture": "#paper" },
				"north": { "uv": [ 3.375, 14.75, 0, 14.875 ], "texture": "#paper" },
				"south": { "uv": [ 0, 15.375, 3.375, 15.5 ], "texture": "#paper" },
				"west": { "uv": [ 8.25, 12.375, 8.375, 12.5 ], "texture": "#paper" },
				"east": { "uv": [ 8.375, 12.5, 8.25, 12.625 ], "texture": "#paper" }
			}
		},
		{
			"__comment": "Voxels",
			"from": [ -6, 7, 0 ],
			"to": [ -4, 9, 1 ],
			"faces": {
				"down": { "uv": [ 8, 14.375, 8.25, 14.5 ], "texture": "#paper" },
				"up": { "uv": [ 8, 14.375, 8.25, 14.25 ], "texture": "#paper" },
				"north": { "uv": [ 7.125, 9, 6.875, 9.25 ], "texture": "#paper" },
				"south": { "uv": [ 6.625, 9, 6.875, 9.25 ], "texture": "#paper" },
				"west": { "uv": [ 7.875, 9.25, 8, 9.5 ], "texture": "#paper" },
				"east": { "uv": [ 8, 9, 7.875, 9.25 ], "texture": "#paper" }
			}
		},
		{
			"__comment": "Voxels",
			"from": [ -6, 7, 4 ],
			"to": [ -4, 9, 5 ],
			"faces": {
				"down": { "uv": [ 8, 13.625, 8.25, 13.75 ], "texture": "#paper" },
				"up": { "uv": [ 8, 13.625, 8.25, 13.5 ], "texture": "#paper" },
				"north": { "uv": [ 6.125, 8, 5.875, 8.25 ], "texture": "#paper" },
				"south": { "uv": [ 5.625, 8, 5.875, 8.25 ], "texture": "#paper" },
				"west": { "uv": [ 7.125, 9.25, 7.25, 9.5 ], "texture": "#paper" },
				"east": { "uv": [ 7.25, 9, 7.125, 9.25 ], "texture": "#paper" }
			}
		},
		{
			"__comment": "Voxels",
			"from": [ -5, 4, 2 ],
			"to": [ -4, 5, 3 ],
			"faces": {
				"down": { "uv": [ 8.25, 12.625, 8.375, 12.75 ], "texture": "#paper" },
				"up": { "uv": [ 8.25, 12.875, 8.375, 12.75 ], "texture": "#paper" },
				"north": { "uv": [ 8.375, 12.875, 8.25, 13 ], "texture": "#paper" },
				"south": { "uv": [ 8.25, 13, 8.375, 13.125 ], "texture": "#paper" },
				"west": { "uv": [ 8.25, 13.125, 8.375, 13.25 ], "texture": "#paper" },
				"east": { "uv": [ 8.375, 13.25, 8.25, 13.375 ], "texture": "#paper" }
			}
		},
		{
			"__comment": "Voxels",
			"from": [ -5, 5, 1 ],
			"to": [ 20, 6, 2 ],
			"faces": {
				"down": { "uv": [ 0, 13.5, 3.125, 13.625 ], "texture": "#paper" },
				"up": { "uv": [ 0, 14, 3.125, 13.875 ], "texture": "#paper" },
				"north": { "uv": [ 3.125, 13.625, 0, 13.75 ], "texture": "#paper" },
				"south": { "uv": [ 0, 13.75, 3.125, 13.875 ], "texture": "#paper" },
				"west": { "uv": [ 8.25, 13.375, 8.375, 13.5 ], "texture": "#paper" },
				"east": { "uv": [ 8.375, 13.5, 8.25, 13.625 ], "texture": "#paper" }
			}
		},
		{
			"__comment": "Voxels",
			"from": [ -5, 5, 3 ],
			"to": [ 20, 6, 4 ],
			"faces": {
				"down": { "uv": [ 0, 13, 3.125, 13.125 ], "texture": "#paper" },
				"up": { "uv": [ 0, 13.25, 3.125, 13.125 ], "texture": "#paper" },
				"north": { "uv": [ 3.125, 13.25, 0, 13.375 ], "texture": "#paper" },
				"south": { "uv": [ 0, 13.375, 3.125, 13.5 ], "texture": "#paper" },
				"west": { "uv": [ 8.25, 14.625, 8.375, 14.75 ], "texture": "#paper" },
				"east": { "uv": [ 8.375, 14.75, 8.25, 14.875 ], "texture": "#paper" }
			}
		},
		{
			"__comment": "Voxels",
			"from": [ -5, 6, 0 ],
			"to": [ 6, 7, 1 ],
			"faces": {
				"down": { "uv": [ 3.625, 12.625, 5, 12.75 ], "texture": "#paper" },
				"up": { "uv": [ 3.625, 12.625, 5, 12.5 ], "texture": "#paper" },
				"north": { "uv": [ 5, 12.375, 3.625, 12.5 ], "texture": "#paper" },
				"south": { "uv": [ 3.625, 12.25, 5, 12.375 ], "texture": "#paper" },
				"west": { "uv": [ 8.25, 14.875, 8.375, 15 ], "texture": "#paper" },
				"east": { "uv": [ 8.375, 15, 8.25, 15.125 ], "texture": "#paper" }
			}
		},
		{
			"__comment": "Voxels",
			"from": [ -5, 6, 4 ],
			"to": [ 6, 7, 5 ],
			"faces": {
				"down": { "uv": [ 3.625, 11.875, 5, 12 ], "texture": "#paper" },
				"up": { "uv": [ 3.625, 12.875, 5, 12.75 ], "texture": "#paper" },
				"north": { "uv": [ 5, 11.125, 3.625, 11.25 ], "texture": "#paper" },
				"south": { "uv": [ 3.625, 11.25, 5, 11.375 ], "texture": "#paper" },
				"west": { "uv": [ 8.25, 15.375, 8.375, 15.5 ], "texture": "#paper" },
				"east": { "uv": [ 8.375, 15.5, 8.25, 15.625 ], "texture": "#paper" }
			}
		},
		{
			"__comment": "Voxels",
			"from": [ -5, 7, -1 ],
			"to": [ -2, 8, 0 ],
			"faces": {
				"down": { "uv": [ 9.375, 15.875, 9.75, 16 ], "texture": "#paper" },
				"up": { "uv": [ 7.375, 11, 7.75, 10.875 ], "texture": "#paper" },
				"north": { "uv": [ 7.75, 11, 7.375, 11.125 ], "texture": "#paper" },
				"south": { "uv": [ 7.375, 11.125, 7.75, 11.25 ], "texture": "#paper" },
				"west": { "uv": [ 15.875, 15.625, 16, 15.75 ], "texture": "#paper" },
				"east": { "uv": [ 15.875, 15.625, 15.75, 15.75 ], "texture": "#paper" }
			}
		},
		{
			"__comment": "Voxels",
			"from": [ -5, 7, 5 ],
			"to": [ -2, 8, 6 ],
			"faces": {
				"down": { "uv": [ 7.375, 11.25, 7.75, 11.375 ], "texture": "#paper" },
				"up": { "uv": [ 7.375, 11.75, 7.75, 11.625 ], "texture": "#paper" },
				"north": { "uv": [ 7.75, 12.25, 7.375, 12.375 ], "texture": "#paper" },
				"south": { "uv": [ 7.375, 12.375, 7.75, 12.5 ], "texture": "#paper" },
				"west": { "uv": [ 15.625, 15.625, 15.75, 15.75 ], "texture": "#paper" },
				"east": { "uv": [ 15.625, 15.625, 15.5, 15.75 ], "texture": "#paper" }
			}
		},
		{
			"__comment": "Voxels",
			"from": [ -4, 3, 2 ],
			"to": [ 19, 4, 3 ],
			"faces": {
				"down": { "uv": [ 0, 12.125, 2.875, 12.25 ], "texture": "#paper" },
				"up": { "uv": [ 0, 11.75, 2.875, 11.625 ], "texture": "#paper" },
				"north": { "uv": [ 2.875, 12.5, 0, 12.625 ], "texture": "#paper" },
				"south": { "uv": [ 0, 12.875, 2.875, 13 ], "texture": "#paper" },
				"west": { "uv": [ 15.125, 15.625, 15.25, 15.75 ], "texture": "#paper" },
				"east": { "uv": [ 15.125, 15.625, 15, 15.75 ], "texture": "#paper" }
			}
		},
		{
			"__comment": "Voxels",
			"from": [ -4, 4, 1 ],
			"to": [ 19, 5, 2 ],
			"faces": {
				"down": { "uv": [ 0, 12.625, 2.875, 12.75 ], "texture": "#paper" },
				"up": { "uv": [ 0, 11.25, 2.875, 11.125 ], "texture": "#paper" },
				"north": { "uv": [ 2.875, 12.75, 0, 12.875 ], "texture": "#paper" },
				"south": { "uv": [ 0, 12, 2.875, 12.125 ], "texture": "#paper" },
				"west": { "uv": [ 8, 10, 8.125, 10.125 ], "texture": "#paper" },
				"east": { "uv": [ 14.75, 15.625, 14.625, 15.75 ], "texture": "#paper" }
			}
		},
		{
			"__comment": "Voxels",
			"from": [ -4, 4, 3 ],
			"to": [ 19, 5, 4 ],
			"faces": {
				"down": { "uv": [ 0, 11, 2.875, 11.125 ], "texture": "#paper" },
				"up": { "uv": [ 0, 11.375, 2.875, 11.25 ], "texture": "#paper" },
				"north": { "uv": [ 2.875, 11.75, 0, 11.875 ], "texture": "#paper" },
				"south": { "uv": [ 0, 11.875, 2.875, 12 ], "texture": "#paper" },
				"west": { "uv": [ 14.5, 15.625, 14.625, 15.75 ], "texture": "#paper" },
				"east": { "uv": [ 14.5, 15.625, 14.375, 15.75 ], "texture": "#paper" }
			}
		},
		{
			"__comment": "Voxels",
			"from": [ -4, 5, 0 ],
			"to": [ 5, 6, 1 ],
			"faces": {
				"down": { "uv": [ 3.625, 9.875, 4.75, 10 ], "texture": "#paper" },
				"up": { "uv": [ 3.625, 8.875, 4.75, 8.75 ], "texture": "#paper" },
				"north": { "uv": [ 4.75, 8.875, 3.625, 9 ], "texture": "#paper" },
				"south": { "uv": [ 3.625, 9, 4.75, 9.125 ], "texture": "#paper" },
				"west": { "uv": [ 14.25, 15.625, 14.375, 15.75 ], "texture": "#paper" },
				"east": { "uv": [ 13.25, 15.625, 13.125, 15.75 ], "texture": "#paper" }
			}
		},
		{
			"__comment": "Voxels",
			"from": [ -4, 5, 4 ],
			"to": [ 5, 6, 5 ],
			"faces": {
				"down": { "uv": [ 3.625, 8.625, 4.75, 8.75 ], "texture": "#paper" },
				"up": { "uv": [ 3.625, 9.75, 4.75, 9.625 ], "texture": "#paper" },
				"north": { "uv": [ 6.625, 15.375, 5.5, 15.5 ], "texture": "#paper" },
				"south": { "uv": [ 5.5, 15.5, 6.625, 15.625 ], "texture": "#paper" },
				"west": { "uv": [ 13, 15.625, 13.125, 15.75 ], "texture": "#paper" },
				"east": { "uv": [ 13, 15.625, 12.875, 15.75 ], "texture": "#paper" }
			}
		},
		{
			"__comment": "Voxels",
			"from": [ -4, 6, -1 ],
			"to": [ 6, 7, 0 ],
			"faces": {
				"down": { "uv": [ 2.375, 8.625, 3.625, 8.75 ], "texture": "#paper" },
				"up": { "uv": [ 2.375, 8.625, 3.625, 8.5 ], "texture": "#paper" },
				"north": { "uv": [ 3.625, 8.375, 2.375, 8.5 ], "texture": "#paper" },
				"south": { "uv": [ 2.375, 8.25, 3.625, 8.375 ], "texture": "#paper" },
				"west": { "uv": [ 12.75, 15.625, 12.875, 15.75 ], "texture": "#paper" },
				"east": { "uv": [ 11.75, 15.625, 11.625, 15.75 ], "texture": "#paper" }
			}
		},
		{
			"__comment": "Voxels",
			"from": [ -4, 6, 5 ],
			"to": [ 6, 7, 6 ],
			"faces": {
				"down": { "uv": [ 2.375, 8.125, 3.625, 8.25 ], "texture": "#paper" },
				"up": { "uv": [ 2.375, 8.125, 3.625, 8 ], "texture": "#paper" },
				"north": { "uv": [ 3.625, 9.375, 2.375, 9.5 ], "texture": "#paper" },
				"south": { "uv": [ 2.375, 9.25, 3.625, 9.375 ], "texture": "#paper" },
				"west": { "uv": [ 11.5, 15.625, 11.625, 15.75 ], "texture": "#paper" },
				"east": { "uv": [ 11.5, 15.625, 11.375, 15.75 ], "texture": "#paper" }
			}
		},
		{
			"__comment": "Voxels",
			"from": [ -4, 8, -1 ],
			"to": [ -2, 9, 0 ],
			"faces": {
				"down": { "uv": [ 3.375, 15.375, 3.625, 15.5 ], "texture": "#paper" },
				"up": { "uv": [ 3.375, 15.375, 3.625, 15.25 ], "texture": "#paper" },
				"north": { "uv": [ 3.625, 15.125, 3.375, 15.25 ], "texture": "#paper" },
				"south": { "uv": [ 3.375, 15, 3.625, 15.125 ], "texture": "#paper" },
				"west": { "uv": [ 11.25, 15.625, 11.375, 15.75 ], "texture": "#paper" },
				"east": { "uv": [ 11, 15.625, 10.875, 15.75 ], "texture": "#paper" }
			}
		},
		{
			"__comment": "Voxels",
			"from": [ -4, 8, 5 ],
			"to": [ -2, 9, 6 ],
			"faces": {
				"down": { "uv": [ 3.375, 14.875, 3.625, 15 ], "texture": "#paper" },
				"up": { "uv": [ 3.375, 14.875, 3.625, 14.75 ], "texture": "#paper" },
				"north": { "uv": [ 3.625, 14.625, 3.375, 14.75 ], "texture": "#paper" },
				"south": { "uv": [ 3.375, 14.5, 3.625, 14.625 ], "texture": "#paper" },
				"west": { "uv": [ 10.75, 15.625, 10.875, 15.75 ], "texture": "#paper" },
				"east": { "uv": [ 10.75, 15.625, 10.625, 15.75 ], "texture": "#paper" }
			}
		},
		{
			"__comment": "Voxels",
			"from": [ -3, 3, 1 ],
			"to": [ 18, 4, 2 ],
			"faces": {
				"down": { "uv": [ 0, 10.5, 2.625, 10.625 ], "texture": "#paper" },
				"up": { "uv": [ 0, 9.625, 2.625, 9.5 ], "texture": "#paper" },
				"north": { "uv": [ 2.625, 10.875, 0, 11 ], "texture": "#paper" },
				"south": { "uv": [ 0, 9.625, 2.625, 9.75 ], "texture": "#paper" },
				"west": { "uv": [ 10.5, 15.625, 10.625, 15.75 ], "texture": "#paper" },
				"east": { "uv": [ 10.25, 15.625, 10.125, 15.75 ], "texture": "#paper" }
			}
		},
		{
			"__comment": "Voxels",
			"from": [ -3, 3, 3 ],
			"to": [ 18, 4, 4 ],
			"faces": {
				"down": { "uv": [ 0, 10.625, 2.625, 10.75 ], "texture": "#paper" },
				"up": { "uv": [ 0, 10.375, 2.625, 10.25 ], "texture": "#paper" },
				"north": { "uv": [ 2.625, 10.125, 0, 10.25 ], "texture": "#paper" },
				"south": { "uv": [ 0, 10.75, 2.625, 10.875 ], "texture": "#paper" },
				"west": { "uv": [ 10, 15.625, 10.125, 15.75 ], "texture": "#paper" },
				"east": { "uv": [ 10, 15.625, 9.875, 15.75 ], "texture": "#paper" }
			}
		},
		{
			"__comment": "Voxels",
			"from": [ -3, 4, 0 ],
			"to": [ 4, 5, 1 ],
			"faces": {
				"down": { "uv": [ 5.5, 10.125, 6.375, 10.25 ], "texture": "#paper" },
				"up": { "uv": [ 5.5, 10.375, 6.375, 10.25 ], "texture": "#paper" },
				"north": { "uv": [ 6.625, 11.125, 5.75, 11.25 ], "texture": "#paper" },
				"south": { "uv": [ 5.75, 11.375, 6.625, 11.5 ], "texture": "#paper" },
				"west": { "uv": [ 9.75, 15.625, 9.875, 15.75 ], "texture": "#paper" },
				"east": { "uv": [ 9.75, 15.625, 9.625, 15.75 ], "texture": "#paper" }
			}
		},
		{
			"__comment": "Voxels",
			"from": [ -3, 4, 2 ],
			"to": [ 20, 5, 3 ],
			"faces": {
				"down": { "uv": [ 0, 12.375, 2.875, 12.5 ], "texture": "#paper" },
				"up": { "uv": [ 0, 12.375, 2.875, 12.25 ], "texture": "#paper" },
				"north": { "uv": [ 2.875, 11.5, 0, 11.625 ], "texture": "#paper" },
				"south": { "uv": [ 0, 11.375, 2.875, 11.5 ], "texture": "#paper" },
				"west": { "uv": [ 9.5, 15.625, 9.625, 15.75 ], "texture": "#paper" },
				"east": { "uv": [ 9.25, 15.625, 9.125, 15.75 ], "texture": "#paper" }
			}
		},
		{
			"__comment": "Voxels",
			"from": [ -3, 4, 4 ],
			"to": [ 4, 5, 5 ],
			"faces": {
				"down": { "uv": [ 5.75, 12, 6.625, 12.125 ], "texture": "#paper" },
				"up": { "uv": [ 5.75, 12.25, 6.625, 12.125 ], "texture": "#paper" },
				"north": { "uv": [ 6.375, 9.5, 5.5, 9.625 ], "texture": "#paper" },
				"south": { "uv": [ 5.75, 12.25, 6.625, 12.375 ], "texture": "#paper" },
				"west": { "uv": [ 9, 15.625, 9.125, 15.75 ], "texture": "#paper" },
				"east": { "uv": [ 8.75, 15.625, 8.625, 15.75 ], "texture": "#paper" }
			}
		},
		{
			"__comment": "Voxels",
			"from": [ -3, 5, -1 ],
			"to": [ 5, 6, 0 ],
			"faces": {
				"down": { "uv": [ 5.5, 14.875, 6.5, 15 ], "texture": "#paper" },
				"up": { "uv": [ 5.5, 14.875, 6.5, 14.75 ], "texture": "#paper" },
				"north": { "uv": [ 6.5, 14.625, 5.5, 14.75 ], "texture": "#paper" },
				"south": { "uv": [ 5.5, 14.5, 6.5, 14.625 ], "texture": "#paper" },
				"west": { "uv": [ 8.5, 15.625, 8.625, 15.75 ], "texture": "#paper" },
				"east": { "uv": [ 8.5, 15.625, 8.375, 15.75 ], "texture": "#paper" }
			}
		},
		{
			"__comment": "Voxels",
			"from": [ -3, 5, 5 ],
			"to": [ 5, 6, 6 ],
			"faces": {
				"down": { "uv": [ 2.625, 9.75, 3.625, 9.875 ], "texture": "#paper" },
				"up": { "uv": [ 5.5, 14.25, 6.5, 14.125 ], "texture": "#paper" },
				"north": { "uv": [ 6.5, 14, 5.5, 14.125 ], "texture": "#paper" },
				"south": { "uv": [ 5.5, 13.75, 6.5, 13.875 ], "texture": "#paper" },
				"west": { "uv": [ 8.25, 15.625, 8.375, 15.75 ], "texture": "#paper" },
				"east": { "uv": [ 8.25, 8.875, 8.125, 9 ], "texture": "#paper" }
			}
		},
		{
			"__comment": "Voxels",
			"from": [ -3, 7, -2 ],
			"to": [ 0, 8, -1 ],
			"faces": {
				"down": { "uv": [ 7.375, 14, 7.75, 14.125 ], "texture": "#paper" },
				"up": { "uv": [ 7.375, 14.25, 7.75, 14.125 ], "texture": "#paper" },
				"north": { "uv": [ 6.625, 9.125, 6.25, 9.25 ], "texture": "#paper" },
				"south": { "uv": [ 5.875, 9.125, 6.25, 9.25 ], "texture": "#paper" },
				"west": { "uv": [ 8, 8.875, 8.125, 9 ], "texture": "#paper" },
				"east": { "uv": [ 8.25, 9, 8.125, 9.125 ], "texture": "#paper" }
			}
		},
		{
			"__comment": "Voxels",
			"from": [ -3, 7, 2 ],
			"to": [ 18, 8, 3 ],
			"faces": {
				"down": { "uv": [ 0, 10.375, 2.625, 10.5 ], "texture": "#paper" },
				"up": { "uv": [ 0, 10.125, 2.625, 10 ], "texture": "#paper" },
				"north": { "uv": [ 2.625, 9.875, 0, 10 ], "texture": "#paper" },
				"south": { "uv": [ 0, 9.75, 2.625, 9.875 ], "texture": "#paper" },
				"west": { "uv": [ 8, 9, 8.125, 9.125 ], "texture": "#paper" },
				"east": { "uv": [ 8.25, 9.25, 8.125, 9.375 ], "texture": "#paper" }
			}
		},
		{
			"__comment": "Voxels",
			"from": [ -3, 7, 6 ],
			"to": [ 0, 8, 7 ],
			"faces": {
				"down": { "uv": [ 9, 15.875, 9.375, 16 ], "texture": "#paper" },
				"up": { "uv": [ 7.875, 16, 8.25, 15.875 ], "texture": "#paper" },
				"north": { "uv": [ 7.75, 12.625, 7.375, 12.75 ], "texture": "#paper" },
				"south": { "uv": [ 7.375, 12.75, 7.75, 12.875 ], "texture": "#paper" },
				"west": { "uv": [ 8, 9.25, 8.125, 9.375 ], "texture": "#paper" },
				"east": { "uv": [ 8.25, 9.375, 8.125, 9.5 ], "texture": "#paper" }
			}
		},
		{
			"__comment": "Voxels",
			"from": [ -2, 3, 0 ],
			"to": [ 3, 4, 1 ],
			"faces": {
				"down": { "uv": [ 6.625, 13.125, 7.25, 13.25 ], "texture": "#paper" },
				"up": { "uv": [ 6.625, 12.125, 7.25, 12 ], "texture": "#paper" },
				"north": { "uv": [ 7.25, 11.875, 6.625, 12 ], "texture": "#paper" },
				"south": { "uv": [ 6.625, 11.75, 7.25, 11.875 ], "texture": "#paper" },
				"west": { "uv": [ 8, 9.375, 8.125, 9.5 ], "texture": "#paper" },
				"east": { "uv": [ 8.25, 9.625, 8.125, 9.75 ], "texture": "#paper" }
			}
		},
		{
			"__comment": "Voxels",
			"from": [ -2, 3, 4 ],
			"to": [ 3, 4, 5 ],
			"faces": {
				"down": { "uv": [ 6.625, 11.625, 7.25, 11.75 ], "texture": "#paper" },
				"up": { "uv": [ 6.625, 11.625, 7.25, 11.5 ], "texture": "#paper" },
				"north": { "uv": [ 7.25, 10.375, 6.625, 10.5 ], "texture": "#paper" },
				"south": { "uv": [ 6.625, 11.25, 7.25, 11.375 ], "texture": "#paper" },
				"west": { "uv": [ 8, 9.625, 8.125, 9.75 ], "texture": "#paper" },
				"east": { "uv": [ 8.25, 9.75, 8.125, 9.875 ], "texture": "#paper" }
			}
		},
		{
			"__comment": "Voxels",
			"from": [ -2, 4, -1 ],
			"to": [ 4, 5, 0 ],
			"faces": {
				"down": { "uv": [ 2.875, 12.375, 3.625, 12.5 ], "texture": "#paper" },
				"up": { "uv": [ 2.875, 12.625, 3.625, 12.5 ], "texture": "#paper" },
				"north": { "uv": [ 5.5, 8.75, 4.75, 8.875 ], "texture": "#paper" },
				"south": { "uv": [ 4.75, 8.875, 5.5, 9 ], "texture": "#paper" },
				"west": { "uv": [ 8, 9.75, 8.125, 9.875 ], "texture": "#paper" },
				"east": { "uv": [ 8.25, 10, 8.125, 10.125 ], "texture": "#paper" }
			}
		},
		{
			"__comment": "Voxels",
			"from": [ -2, 4, 5 ],
			"to": [ 4, 5, 6 ],
			"faces": {
				"down": { "uv": [ 4.75, 9, 5.5, 9.125 ], "texture": "#paper" },
				"up": { "uv": [ 4.75, 9.25, 5.5, 9.125 ], "texture": "#paper" },
				"north": { "uv": [ 5.5, 9.625, 4.75, 9.75 ], "texture": "#paper" },
				"south": { "uv": [ 4.75, 9.25, 5.5, 9.375 ], "texture": "#paper" },
				"west": { "uv": [ 8.125, 10.125, 8.25, 10.25 ], "texture": "#paper" },
				"east": { "uv": [ 8.125, 10.125, 8, 10.25 ], "texture": "#paper" }
			}
		},
		{
			"__comment": "Voxels",
			"from": [ -2, 6, -2 ],
			"to": [ 6, 7, -1 ],
			"faces": {
				"down": { "uv": [ 5.5, 14.375, 6.5, 14.5 ], "texture": "#paper" },
				"up": { "uv": [ 2.625, 9.625, 3.625, 9.5 ], "texture": "#paper" },
				"north": { "uv": [ 3.625, 9.625, 2.625, 9.75 ], "texture": "#paper" },
				"south": { "uv": [ 2.625, 9.875, 3.625, 10 ], "texture": "#paper" },
				"west": { "uv": [ 8.125, 10.25, 8.25, 10.375 ], "texture": "#paper" },
				"east": { "uv": [ 8.125, 10.25, 8, 10.375 ], "texture": "#paper" }
			}
		},
		{
			"__comment": "Voxels",
			"from": [ -2, 6, 6 ],
			"to": [ 6, 7, 7 ],
			"faces": {
				"down": { "uv": [ 2.625, 10, 3.625, 10.125 ], "texture": "#paper" },
				"up": { "uv": [ 2.625, 10.5, 3.625, 10.375 ], "texture": "#paper" },
				"north": { "uv": [ 6.5, 13.625, 5.5, 13.75 ], "texture": "#paper" },
				"south": { "uv": [ 5.5, 13.5, 6.5, 13.625 ], "texture": "#paper" },
				"west": { "uv": [ 8.125, 10.375, 8.25, 10.5 ], "texture": "#paper" },
				"east": { "uv": [ 8.125, 10.375, 8, 10.5 ], "texture": "#paper" }
			}
		},
		{
			"__comment": "Voxels",
			"from": [ -2, 8, -2 ],
			"to": [ 0, 9, -1 ],
			"faces": {
				"down": { "uv": [ 3.375, 14.375, 3.625, 14.5 ], "texture": "#paper" },
				"up": { "uv": [ 3.375, 14.375, 3.625, 14.25 ], "texture": "#paper" },
				"north": { "uv": [ 3.625, 14.125, 3.375, 14.25 ], "texture": "#paper" },
				"south": { "uv": [ 3.375, 14, 3.625, 14.125 ], "texture": "#paper" },
				"west": { "uv": [ 15.875, 15.75, 16, 15.875 ], "texture": "#paper" },
				"east": { "uv": [ 7.875, 8, 7.75, 8.125 ], "texture": "#paper" }
			}
		},
		{
			"__comment": "Voxels",
			"from": [ -2, 8, 2 ],
			"to": [ 17, 9, 3 ],
			"faces": {
				"down": { "uv": [ 0, 9.375, 2.375, 9.5 ], "texture": "#paper" },
				"up": { "uv": [ 0, 9.125, 2.375, 9 ], "texture": "#paper" },
				"north": { "uv": [ 2.375, 9.125, 0, 9.25 ], "texture": "#paper" },
				"south": { "uv": [ 0, 9.25, 2.375, 9.375 ], "texture": "#paper" },
				"west": { "uv": [ 7.75, 9.125, 7.875, 9.25 ], "texture": "#paper" },
				"east": { "uv": [ 7.875, 9.25, 7.75, 9.375 ], "texture": "#paper" }
			}
		},
		{
			"__comment": "Voxels",
			"from": [ -2, 8, 6 ],
			"to": [ 0, 9, 7 ],
			"faces": {
				"down": { "uv": [ 2.125, 8.875, 2.375, 9 ], "texture": "#paper" },
				"up": { "uv": [ 2.125, 8.875, 2.375, 8.75 ], "texture": "#paper" },
				"north": { "uv": [ 2.375, 8.625, 2.125, 8.75 ], "texture": "#paper" },
				"south": { "uv": [ 2.125, 8.5, 2.375, 8.625 ], "texture": "#paper" },
				"west": { "uv": [ 7.75, 9.375, 7.875, 9.5 ], "texture": "#paper" },
				"east": { "uv": [ 7.875, 9.5, 7.75, 9.625 ], "texture": "#paper" }
			}
		},
		{
			"__comment": "Voxels",
			"from": [ -1, 3, -1 ],
			"to": [ 3, 4, 0 ],
			"faces": {
				"down": { "uv": [ 5, 11, 5.5, 11.125 ], "texture": "#paper" },
				"up": { "uv": [ 5, 11, 5.5, 10.875 ], "texture": "#paper" },
				"north": { "uv": [ 5.5, 10.75, 5, 10.875 ], "texture": "#paper" },
				"south": { "uv": [ 5, 10.625, 5.5, 10.75 ], "texture": "#paper" },
				"west": { "uv": [ 7.75, 9.875, 7.875, 10 ], "texture": "#paper" },
				"east": { "uv": [ 7.875, 10, 7.75, 10.125 ], "texture": "#paper" }
			}
		},
		{
			"__comment": "Voxels",
			"from": [ -1, 3, 5 ],
			"to": [ 3, 4, 6 ],
			"faces": {
				"down": { "uv": [ 5, 10.5, 5.5, 10.625 ], "texture": "#paper" },
				"up": { "uv": [ 5, 11.5, 5.5, 11.375 ], "texture": "#paper" },
				"north": { "uv": [ 5.5, 10.375, 5, 10.5 ], "texture": "#paper" },
				"south": { "uv": [ 5, 10.25, 5.5, 10.375 ], "texture": "#paper" },
				"west": { "uv": [ 7.75, 10.125, 7.875, 10.25 ], "texture": "#paper" },
				"east": { "uv": [ 7.875, 10.25, 7.75, 10.375 ], "texture": "#paper" }
			}
		},
		{
			"__comment": "Voxels",
			"from": [ -1, 5, -2 ],
			"to": [ 5, 6, -1 ],
			"faces": {
				"down": { "uv": [ 4.75, 9.875, 5.5, 10 ], "texture": "#paper" },
				"up": { "uv": [ 2.875, 12.75, 3.625, 12.625 ], "texture": "#paper" },
				"north": { "uv": [ 3.625, 11.75, 2.875, 11.875 ], "texture": "#paper" },
				"south": { "uv": [ 2.875, 11.875, 3.625, 12 ], "texture": "#paper" },
				"west": { "uv": [ 7.75, 10.375, 7.875, 10.5 ], "texture": "#paper" },
				"east": { "uv": [ 7.875, 10.5, 7.75, 10.625 ], "texture": "#paper" }
			}
		},
		{
			"__comment": "Voxels",
			"from": [ -1, 5, 6 ],
			"to": [ 5, 6, 7 ],
			"faces": {
				"down": { "uv": [ 2.875, 12, 3.625, 12.125 ], "texture": "#paper" },
				"up": { "uv": [ 2.875, 12.25, 3.625, 12.125 ], "texture": "#paper" },
				"north": { "uv": [ 3.625, 12.75, 2.875, 12.875 ], "texture": "#paper" },
				"south": { "uv": [ 2.875, 12.875, 3.625, 13 ], "texture": "#paper" },
				"west": { "uv": [ 7.75, 10.875, 7.875, 11 ], "texture": "#paper" },
				"east": { "uv": [ 7.875, 11, 7.75, 11.125 ], "texture": "#paper" }
			}
		},
		{
			"__comment": "Voxels",
			"from": [ -1, 9, 2 ],
			"to": [ 16, 10, 3 ],
			"faces": {
				"down": { "uv": [ 0, 8.75, 2.125, 8.875 ], "texture": "#paper" },
				"up": { "uv": [ 0, 8.75, 2.125, 8.625 ], "texture": "#paper" },
				"north": { "uv": [ 2.125, 8.5, 0, 8.625 ], "texture": "#paper" },
				"south": { "uv": [ 0, 8.875, 2.125, 9 ], "texture": "#paper" },
				"west": { "uv": [ 7.75, 12.125, 7.875, 12.25 ], "texture": "#paper" },
				"east": { "uv": [ 7.875, 12.25, 7.75, 12.375 ], "texture": "#paper" }
			}
		},
		{
			"__comment": "Voxels",
			"from": [ 0, 7, -3 ],
			"to": [ 2, 9, -2 ],
			"faces": {
				"down": { "uv": [ 5.25, 14.375, 5.5, 14.5 ], "texture": "#paper" },
				"up": { "uv": [ 5.25, 14.375, 5.5, 14.25 ], "texture": "#paper" },
				"north": { "uv": [ 6.625, 8.875, 6.375, 9.125 ], "texture": "#paper" },
				"south": { "uv": [ 6.375, 8.625, 6.625, 8.875 ], "texture": "#paper" },
				"west": { "uv": [ 7.125, 8.75, 7.25, 9 ], "texture": "#paper" },
				"east": { "uv": [ 7.25, 8.5, 7.125, 8.75 ], "texture": "#paper" }
			}
		},
		{
			"__comment": "Voxels",
			"from": [ 0, 7, 1 ],
			"to": [ 15, 8, 2 ],
			"faces": {
				"down": { "uv": [ 3.625, 15, 5.5, 15.125 ], "texture": "#paper" },
				"up": { "uv": [ 3.625, 15, 5.5, 14.875 ], "texture": "#paper" },
				"north": { "uv": [ 5.5, 15.125, 3.625, 15.25 ], "texture": "#paper" },
				"south": { "uv": [ 3.625, 14.75, 5.5, 14.875 ], "texture": "#paper" },
				"west": { "uv": [ 7.75, 12.375, 7.875, 12.5 ], "texture": "#paper" },
				"east": { "uv": [ 7.875, 12.5, 7.75, 12.625 ], "texture": "#paper" }
			}
		},
		{
			"__comment": "Voxels",
			"from": [ 0, 7, 3 ],
			"to": [ 15, 8, 4 ],
			"faces": {
				"down": { "uv": [ 3.625, 15.75, 5.5, 15.875 ], "texture": "#paper" },
				"up": { "uv": [ 3.625, 16, 5.5, 15.875 ], "texture": "#paper" },
				"north": { "uv": [ 5.5, 14.625, 3.625, 14.75 ], "texture": "#paper" },
				"south": { "uv": [ 3.625, 14.5, 5.5, 14.625 ], "texture": "#paper" },
				"west": { "uv": [ 7.75, 12.625, 7.875, 12.75 ], "texture": "#paper" },
				"east": { "uv": [ 7.875, 12.75, 7.75, 12.875 ], "texture": "#paper" }
			}
		},
		{
			"__comment": "Voxels",
			"from": [ 0, 7, 7 ],
			"to": [ 2, 9, 8 ],
			"faces": {
				"down": { "uv": [ 5.25, 14.125, 5.5, 14.25 ], "texture": "#paper" },
				"up": { "uv": [ 5.25, 14.125, 5.5, 14 ], "texture": "#paper" },
				"north": { "uv": [ 6.875, 8.75, 6.625, 9 ], "texture": "#paper" },
				"south": { "uv": [ 6.875, 8.75, 7.125, 9 ], "texture": "#paper" },
				"west": { "uv": [ 7.25, 9.625, 7.375, 9.875 ], "texture": "#paper" },
				"east": { "uv": [ 7.375, 9.375, 7.25, 9.625 ], "texture": "#paper" }
			}
		},
		{
			"__comment": "Voxels",
			"from": [ 0, 10, 2 ],
			"to": [ 15, 11, 3 ],
			"faces": {
				"down": { "uv": [ 3.625, 15.375, 5.5, 15.5 ], "texture": "#paper" },
				"up": { "uv": [ 3.625, 15.625, 5.5, 15.5 ], "texture": "#paper" },
				"north": { "uv": [ 5.5, 15.625, 3.625, 15.75 ], "texture": "#paper" },
				"south": { "uv": [ 3.625, 15.25, 5.5, 15.375 ], "texture": "#paper" },
				"west": { "uv": [ 7.75, 13.125, 7.875, 13.25 ], "texture": "#paper" },
				"east": { "uv": [ 7.875, 13.25, 7.75, 13.375 ], "texture": "#paper" }
			}
		},
		{
			"__comment": "Voxels",
			"from": [ 1, 8, 1 ],
			"to": [ 14, 9, 2 ],
			"faces": {
				"down": { "uv": [ 3.625, 14, 5.25, 14.125 ], "texture": "#paper" },
				"up": { "uv": [ 3.625, 14, 5.25, 13.875 ], "texture": "#paper" },
				"north": { "uv": [ 5.25, 13.75, 3.625, 13.875 ], "texture": "#paper" },
				"south": { "uv": [ 3.625, 13.5, 5.25, 13.625 ], "texture": "#paper" },
				"west": { "uv": [ 7.75, 13.375, 7.875, 13.5 ], "texture": "#paper" },
				"east": { "uv": [ 7.875, 13.5, 7.75, 13.625 ], "texture": "#paper" }
			}
		},
		{
			"__comment": "Voxels",
			"from": [ 1, 8, 3 ],
			"to": [ 14, 9, 4 ],
			"faces": {
				"down": { "uv": [ 3.625, 13.625, 5.25, 13.75 ], "texture": "#paper" },
				"up": { "uv": [ 3.625, 13.25, 5.25, 13.125 ], "texture": "#paper" },
				"north": { "uv": [ 5.25, 14.25, 3.625, 14.375 ], "texture": "#paper" },
				"south": { "uv": [ 3.625, 13.25, 5.25, 13.375 ], "texture": "#paper" },
				"west": { "uv": [ 7.75, 13.625, 7.875, 13.75 ], "texture": "#paper" },
				"east": { "uv": [ 7.875, 13.75, 7.75, 13.875 ], "texture": "#paper" }
			}
		},
		{
			"__comment": "Voxels",
			"from": [ 1, 11, 2 ],
			"to": [ 14, 12, 3 ],
			"faces": {
				"down": { "uv": [ 3.625, 13.375, 5.25, 13.5 ], "texture": "#paper" },
				"up": { "uv": [ 3.625, 13.125, 5.25, 13 ], "texture": "#paper" },
				"north": { "uv": [ 5.25, 14.125, 3.625, 14.25 ], "texture": "#paper" },
				"south": { "uv": [ 3.625, 14.375, 5.25, 14.5 ], "texture": "#paper" },
				"west": { "uv": [ 7.75, 14.125, 7.875, 14.25 ], "texture": "#paper" },
				"east": { "uv": [ 7.875, 14.25, 7.75, 14.375 ], "texture": "#paper" }
			}
		},
		{
			"__comment": "Voxels",
			"from": [ 2, 6, -3 ],
			"to": [ 6, 7, -2 ],
			"faces": {
				"down": { "uv": [ 7.375, 15.625, 7.875, 15.75 ], "texture": "#paper" },
				"up": { "uv": [ 7.375, 15.625, 7.875, 15.5 ], "texture": "#paper" },
				"north": { "uv": [ 7.875, 15.375, 7.375, 15.5 ], "texture": "#paper" },
				"south": { "uv": [ 7.375, 15.25, 7.875, 15.375 ], "texture": "#paper" },
				"west": { "uv": [ 6.25, 8, 6.375, 8.125 ], "texture": "#paper" },
				"east": { "uv": [ 6.25, 8, 6.125, 8.125 ], "texture": "#paper" }
			}
		},
		{
			"__comment": "Voxels",
			"from": [ 2, 6, 7 ],
			"to": [ 6, 7, 8 ],
			"faces": {
				"down": { "uv": [ 7.375, 14.875, 7.875, 15 ], "texture": "#paper" },
				"up": { "uv": [ 7.375, 14.875, 7.875, 14.75 ], "texture": "#paper" },
				"north": { "uv": [ 7.875, 14.625, 7.375, 14.75 ], "texture": "#paper" },
				"south": { "uv": [ 7.375, 14.5, 7.875, 14.625 ], "texture": "#paper" },
				"west": { "uv": [ 6.5, 13.5, 6.625, 13.625 ], "texture": "#paper" },
				"east": { "uv": [ 6.625, 13.625, 6.5, 13.75 ], "texture": "#paper" }
			}
		},
		{
			"__comment": "Voxels",
			"from": [ 2, 7, -4 ],
			"to": [ 7, 8, -3 ],
			"faces": {
				"down": { "uv": [ 6.625, 13, 7.25, 13.125 ], "texture": "#paper" },
				"up": { "uv": [ 6.625, 13, 7.25, 12.875 ], "texture": "#paper" },
				"north": { "uv": [ 7.25, 12.75, 6.625, 12.875 ], "texture": "#paper" },
				"south": { "uv": [ 6.625, 12.625, 7.25, 12.75 ], "texture": "#paper" },
				"west": { "uv": [ 6.5, 14, 6.625, 14.125 ], "texture": "#paper" },
				"east": { "uv": [ 6.625, 14.125, 6.5, 14.25 ], "texture": "#paper" }
			}
		},
		{
			"__comment": "Voxels",
			"from": [ 2, 7, 8 ],
			"to": [ 7, 8, 9 ],
			"faces": {
				"down": { "uv": [ 6.625, 12.5, 7.25, 12.625 ], "texture": "#paper" },
				"up": { "uv": [ 6.625, 12.5, 7.25, 12.375 ], "texture": "#paper" },
				"north": { "uv": [ 7.25, 12.25, 6.625, 12.375 ], "texture": "#paper" },
				"south": { "uv": [ 6.625, 12.125, 7.25, 12.25 ], "texture": "#paper" },
				"west": { "uv": [ 6.5, 14.5, 6.625, 14.625 ], "texture": "#paper" },
				"east": { "uv": [ 6.625, 14.625, 6.5, 14.75 ], "texture": "#paper" }
			}
		},
		{
			"__comment": "Voxels",
			"from": [ 2, 8, -4 ],
			"to": [ 5, 9, -3 ],
			"faces": {
				"down": { "uv": [ 7.375, 10.375, 7.75, 10.5 ], "texture": "#paper" },
				"up": { "uv": [ 7.375, 10.375, 7.75, 10.25 ], "texture": "#paper" },
				"north": { "uv": [ 7.75, 10.125, 7.375, 10.25 ], "texture": "#paper" },
				"south": { "uv": [ 10.875, 15.875, 11.25, 16 ], "texture": "#paper" },
				"west": { "uv": [ 6.5, 14.75, 6.625, 14.875 ], "texture": "#paper" },
				"east": { "uv": [ 6.625, 14.875, 6.5, 15 ], "texture": "#paper" }
			}
		},
		{
			"__comment": "Voxels",
			"from": [ 2, 8, 8 ],
			"to": [ 5, 9, 9 ],
			"faces": {
				"down": { "uv": [ 7.375, 8.625, 7.75, 8.75 ], "texture": "#paper" },
				"up": { "uv": [ 7.375, 8.125, 7.75, 8 ], "texture": "#paper" },
				"north": { "uv": [ 10.125, 15.875, 9.75, 16 ], "texture": "#paper" },
				"south": { "uv": [ 11.25, 15.875, 11.625, 16 ], "texture": "#paper" },
				"west": { "uv": [ 9.125, 15.375, 9.25, 15.5 ], "texture": "#paper" },
				"east": { "uv": [ 9.125, 15.375, 9, 15.5 ], "texture": "#paper" }
			}
		},
		{
			"__comment": "Voxels",
			"from": [ 2, 9, 1 ],
			"to": [ 13, 10, 2 ],
			"faces": {
				"down": { "uv": [ 3.625, 11.375, 5, 11.5 ], "texture": "#paper" },
				"up": { "uv": [ 3.625, 12.125, 5, 12 ], "texture": "#paper" },
				"north": { "uv": [ 5, 11.5, 3.625, 11.625 ], "texture": "#paper" },
				"south": { "uv": [ 3.625, 11, 5, 11.125 ], "texture": "#paper" },
				"west": { "uv": [ 8.375, 8, 8.5, 8.125 ], "texture": "#paper" },
				"east": { "uv": [ 8.5, 8.125, 8.375, 8.25 ], "texture": "#paper" }
			}
		},
		{
			"__comment": "Voxels",
			"from": [ 2, 9, 3 ],
			"to": [ 13, 10, 4 ],
			"faces": {
				"down": { "uv": [ 3.625, 10.875, 5, 11 ], "texture": "#paper" },
				"up": { "uv": [ 3.625, 10.875, 5, 10.75 ], "texture": "#paper" },
				"north": { "uv": [ 5, 10.625, 3.625, 10.75 ], "texture": "#paper" },
				"south": { "uv": [ 3.625, 10.5, 5, 10.625 ], "texture": "#paper" },
				"west": { "uv": [ 8.375, 8.5, 8.5, 8.625 ], "texture": "#paper" },
				"east": { "uv": [ 8.5, 8.625, 8.375, 8.75 ], "texture": "#paper" }
			}
		},
		{
			"__comment": "Voxels",
			"from": [ 2, 12, 2 ],
			"to": [ 13, 13, 3 ],
			"faces": {
				"down": { "uv": [ 3.625, 10.375, 5, 10.5 ], "texture": "#paper" },
				"up": { "uv": [ 3.625, 10.375, 5, 10.25 ], "texture": "#paper" },
				"north": { "uv": [ 5, 10.125, 3.625, 10.25 ], "texture": "#paper" },
				"south": { "uv": [ 3.625, 10, 5, 10.125 ], "texture": "#paper" },
				"west": { "uv": [ 8.375, 8.75, 8.5, 8.875 ], "texture": "#paper" },
				"east": { "uv": [ 8.5, 8.875, 8.375, 9 ], "texture": "#paper" }
			}
		},
		{
			"__comment": "Voxels",
			"from": [ 3, 4, -2 ],
			"to": [ 4, 5, -1 ],
			"faces": {
				"down": { "uv": [ 8.375, 10.5, 8.5, 10.625 ], "texture": "#paper" },
				"up": { "uv": [ 8.375, 10.75, 8.5, 10.625 ], "texture": "#paper" },
				"north": { "uv": [ 8.5, 10.75, 8.375, 10.875 ], "texture": "#paper" },
				"south": { "uv": [ 8.375, 10.875, 8.5, 11 ], "texture": "#paper" },
				"west": { "uv": [ 8.375, 11.75, 8.5, 11.875 ], "texture": "#paper" },
				"east": { "uv": [ 8.5, 11.875, 8.375, 12 ], "texture": "#paper" }
			}
		},
		{
			"__comment": "Voxels",
			"from": [ 3, 4, 6 ],
			"to": [ 4, 5, 7 ],
			"faces": {
				"down": { "uv": [ 8.375, 12, 8.5, 12.125 ], "texture": "#paper" },
				"up": { "uv": [ 8.375, 12.25, 8.5, 12.125 ], "texture": "#paper" },
				"north": { "uv": [ 8.5, 12.75, 8.375, 12.875 ], "texture": "#paper" },
				"south": { "uv": [ 8.375, 12.875, 8.5, 13 ], "texture": "#paper" },
				"west": { "uv": [ 8.375, 14.5, 8.5, 14.625 ], "texture": "#paper" },
				"east": { "uv": [ 8.5, 14.625, 8.375, 14.75 ], "texture": "#paper" }
			}
		},
		{
			"__comment": "Voxels",
			"from": [ 3, 7, 0 ],
			"to": [ 7, 8, 1 ],
			"faces": {
				"down": { "uv": [ 5, 10, 5.5, 10.125 ], "texture": "#paper" },
				"up": { "uv": [ 7.375, 16, 7.875, 15.875 ], "texture": "#paper" },
				"north": { "uv": [ 7.875, 15.75, 7.375, 15.875 ], "texture": "#paper" },
				"south": { "uv": [ 7.375, 15.125, 7.875, 15.25 ], "texture": "#paper" },
				"west": { "uv": [ 8.375, 15.25, 8.5, 15.375 ], "texture": "#paper" },
				"east": { "uv": [ 8.5, 15.375, 8.375, 15.5 ], "texture": "#paper" }
			}
		},
		{
			"__comment": "Voxels",
			"from": [ 3, 7, 4 ],
			"to": [ 7, 8, 5 ],
			"faces": {
				"down": { "uv": [ 7.375, 15, 7.875, 15.125 ], "texture": "#paper" },
				"up": { "uv": [ 3.125, 13.875, 3.625, 13.75 ], "texture": "#paper" },
				"north": { "uv": [ 3.625, 13.625, 3.125, 13.75 ], "texture": "#paper" },
				"south": { "uv": [ 3.125, 13.5, 3.625, 13.625 ], "texture": "#paper" },
				"west": { "uv": [ 15.875, 15.5, 16, 15.625 ], "texture": "#paper" },
				"east": { "uv": [ 15.875, 15.5, 15.75, 15.625 ], "texture": "#paper" }
			}
		},
		{
			"__comment": "Voxels",
			"from": [ 3, 10, 1 ],
			"to": [ 12, 11, 2 ],
			"faces": {
				"down": { "uv": [ 5.5, 15.625, 6.625, 15.75 ], "texture": "#paper" },
				"up": { "uv": [ 5.5, 15.875, 6.625, 15.75 ], "texture": "#paper" },
				"north": { "uv": [ 4.75, 8.125, 3.625, 8.25 ], "texture": "#paper" },
				"south": { "uv": [ 3.625, 8.25, 4.75, 8.375 ], "texture": "#paper" },
				"west": { "uv": [ 10.25, 15.5, 10.375, 15.625 ], "texture": "#paper" },
				"east": { "uv": [ 10, 15.5, 9.875, 15.625 ], "texture": "#paper" }
			}
		},
		{
			"__comment": "Voxels",
			"from": [ 3, 10, 3 ],
			"to": [ 12, 11, 4 ],
			"faces": {
				"down": { "uv": [ 3.625, 9.375, 4.75, 9.5 ], "texture": "#paper" },
				"up": { "uv": [ 3.625, 9.625, 4.75, 9.5 ], "texture": "#paper" },
				"north": { "uv": [ 4.75, 8.5, 3.625, 8.625 ], "texture": "#paper" },
				"south": { "uv": [ 3.625, 9.25, 4.75, 9.375 ], "texture": "#paper" },
				"west": { "uv": [ 9.75, 15.5, 9.875, 15.625 ], "texture": "#paper" },
				"east": { "uv": [ 9.75, 15.5, 9.625, 15.625 ], "texture": "#paper" }
			}
		},
		{
			"__comment": "Voxels",
			"from": [ 3, 13, 2 ],
			"to": [ 12, 14, 3 ],
			"faces": {
				"down": { "uv": [ 3.625, 9.125, 4.75, 9.25 ], "texture": "#paper" },
				"up": { "uv": [ 5.5, 15.125, 6.625, 15 ], "texture": "#paper" },
				"north": { "uv": [ 4.75, 9.75, 3.625, 9.875 ], "texture": "#paper" },
				"south": { "uv": [ 5.5, 15.125, 6.625, 15.25 ], "texture": "#paper" },
				"west": { "uv": [ 9.25, 15.5, 9.375, 15.625 ], "texture": "#paper" },
				"east": { "uv": [ 9.25, 15.5, 9.125, 15.625 ], "texture": "#paper" }
			}
		},
		{
			"__comment": "Voxels",
			"from": [ 4, 5, -3 ],
			"to": [ 5, 6, -2 ],
			"faces": {
				"down": { "uv": [ 9, 15.5, 9.125, 15.625 ], "texture": "#paper" },
				"up": { "uv": [ 8.875, 15.625, 9, 15.5 ], "texture": "#paper" },
				"north": { "uv": [ 8.375, 8.25, 8.25, 8.375 ], "texture": "#paper" },
				"south": { "uv": [ 8.25, 8.375, 8.375, 8.5 ], "texture": "#paper" },
				"west": { "uv": [ 8.25, 8.5, 8.375, 8.625 ], "texture": "#paper" },
				"east": { "uv": [ 8.375, 8.875, 8.25, 9 ], "texture": "#paper" }
			}
		},
		{
			"__comment": "Voxels",
			"from": [ 4, 5, 7 ],
			"to": [ 5, 6, 8 ],
			"faces": {
				"down": { "uv": [ 8.25, 9.25, 8.375, 9.375 ], "texture": "#paper" },
				"up": { "uv": [ 8.25, 9.75, 8.375, 9.625 ], "texture": "#paper" },
				"north": { "uv": [ 8.375, 9.75, 8.25, 9.875 ], "texture": "#paper" },
				"south": { "uv": [ 15.375, 15.625, 15.5, 15.75 ], "texture": "#paper" },
				"west": { "uv": [ 14.75, 15.625, 14.875, 15.75 ], "texture": "#paper" },
				"east": { "uv": [ 14, 15.625, 13.875, 15.75 ], "texture": "#paper" }
			}
		},
		{
			"__comment": "Voxels",
			"from": [ 4, 8, 0 ],
			"to": [ 11, 9, 1 ],
			"faces": {
				"down": { "uv": [ 5.75, 12.5, 6.625, 12.625 ], "texture": "#paper" },
				"up": { "uv": [ 5.5, 10.875, 6.375, 10.75 ], "texture": "#paper" },
				"north": { "uv": [ 6.625, 11.875, 5.75, 12 ], "texture": "#paper" },
				"south": { "uv": [ 5.75, 11.5, 6.625, 11.625 ], "texture": "#paper" },
				"west": { "uv": [ 13.75, 15.625, 13.875, 15.75 ], "texture": "#paper" },
				"east": { "uv": [ 13.75, 15.625, 13.625, 15.75 ], "texture": "#paper" }
			}
		},
		{
			"__comment": "Voxels",
			"from": [ 4, 8, 4 ],
			"to": [ 11, 9, 5 ],
			"faces": {
				"down": { "uv": [ 5.5, 10, 6.375, 10.125 ], "texture": "#paper" },
				"up": { "uv": [ 5.5, 10.75, 6.375, 10.625 ], "texture": "#paper" },
				"north": { "uv": [ 6.375, 10.5, 5.5, 10.625 ], "texture": "#paper" },
				"south": { "uv": [ 5.5, 10.375, 6.375, 10.5 ], "texture": "#paper" },
				"west": { "uv": [ 13.25, 15.625, 13.375, 15.75 ], "texture": "#paper" },
				"east": { "uv": [ 8.25, 8, 8.125, 8.125 ], "texture": "#paper" }
			}
		},
		{
			"__comment": "Voxels",
			"from": [ 4, 11, 1 ],
			"to": [ 11, 12, 2 ],
			"faces": {
				"down": { "uv": [ 5.5, 9.625, 6.375, 9.75 ], "texture": "#paper" },
				"up": { "uv": [ 5.5, 9.875, 6.375, 9.75 ], "texture": "#paper" },
				"north": { "uv": [ 6.375, 10.875, 5.5, 11 ], "texture": "#paper" },
				"south": { "uv": [ 5.5, 9.875, 6.375, 10 ], "texture": "#paper" },
				"west": { "uv": [ 8, 8, 8.125, 8.125 ], "texture": "#paper" },
				"east": { "uv": [ 8.25, 8.25, 8.125, 8.375 ], "texture": "#paper" }
			}
		},
		{
			"__comment": "Voxels",
			"from": [ 4, 11, 3 ],
			"to": [ 11, 12, 4 ],
			"faces": {
				"down": { "uv": [ 5.75, 11.25, 6.625, 11.375 ], "texture": "#paper" },
				"up": { "uv": [ 5.5, 13.25, 6.375, 13.125 ], "texture": "#paper" },
				"north": { "uv": [ 6.625, 12.75, 5.75, 12.875 ], "texture": "#paper" },
				"south": { "uv": [ 5.75, 12.625, 6.625, 12.75 ], "texture": "#paper" },
				"west": { "uv": [ 8, 8.375, 8.125, 8.5 ], "texture": "#paper" },
				"east": { "uv": [ 8.25, 8.5, 8.125, 8.625 ], "texture": "#paper" }
			}
		},
		{
			"__comment": "Voxels",
			"from": [ 4, 14, 2 ],
			"to": [ 11, 15, 3 ],
			"faces": {
				"down": { "uv": [ 5.5, 13, 6.375, 13.125 ], "texture": "#paper" },
				"up": { "uv": [ 5.5, 13, 6.375, 12.875 ], "texture": "#paper" },
				"north": { "uv": [ 6.375, 11, 5.5, 11.125 ], "texture": "#paper" },
				"south": { "uv": [ 5.75, 11.625, 6.625, 11.75 ], "texture": "#paper" },
				"west": { "uv": [ 8, 8.5, 8.125, 8.625 ], "texture": "#paper" },
				"east": { "uv": [ 7.875, 8.125, 7.75, 8.25 ], "texture": "#paper" }
			}
		},
		{
			"__comment": "Voxels",
			"from": [ 5, 6, -4 ],
			"to": [ 6, 7, -3 ],
			"faces": {
				"down": { "uv": [ 10.375, 15.5, 10.5, 15.625 ], "texture": "#paper" },
				"up": { "uv": [ 13.125, 15.625, 13.25, 15.5 ], "texture": "#paper" },
				"north": { "uv": [ 13.625, 15.5, 13.5, 15.625 ], "texture": "#paper" },
				"south": { "uv": [ 13.625, 15.5, 13.75, 15.625 ], "texture": "#paper" },
				"west": { "uv": [ 14, 15.5, 14.125, 15.625 ], "texture": "#paper" },
				"east": { "uv": [ 7.875, 11.625, 7.75, 11.75 ], "texture": "#paper" }
			}
		},
		{
			"__comment": "Voxels",
			"from": [ 5, 6, 8 ],
			"to": [ 6, 7, 9 ],
			"faces": {
				"down": { "uv": [ 7.75, 11.5, 7.875, 11.625 ], "texture": "#paper" },
				"up": { "uv": [ 7.75, 11.5, 7.875, 11.375 ], "texture": "#paper" },
				"north": { "uv": [ 7.875, 8.5, 7.75, 8.625 ], "texture": "#paper" },
				"south": { "uv": [ 12, 15.5, 12.125, 15.625 ], "texture": "#paper" },
				"west": { "uv": [ 12.125, 15.5, 12.25, 15.625 ], "texture": "#paper" },
				"east": { "uv": [ 13.125, 15.5, 13, 15.625 ], "texture": "#paper" }
			}
		},
		{
			"__comment": "Voxels",
			"from": [ 5, 7, -1 ],
			"to": [ 7, 8, 0 ],
			"faces": {
				"down": { "uv": [ 5.25, 13.75, 5.5, 13.875 ], "texture": "#paper" },
				"up": { "uv": [ 5.25, 13.75, 5.5, 13.625 ], "texture": "#paper" },
				"north": { "uv": [ 5.5, 13.5, 5.25, 13.625 ], "texture": "#paper" },
				"south": { "uv": [ 5.25, 13.375, 5.5, 13.5 ], "texture": "#paper" },
				"west": { "uv": [ 14.125, 15.5, 14.25, 15.625 ], "texture": "#paper" },
				"east": { "uv": [ 7.875, 11.75, 7.75, 11.875 ], "texture": "#paper" }
			}
		},
		{
			"__comment": "Voxels",
			"from": [ 5, 7, 5 ],
			"to": [ 7, 8, 6 ],
			"faces": {
				"down": { "uv": [ 5.25, 13.25, 5.5, 13.375 ], "texture": "#paper" },
				"up": { "uv": [ 5.25, 13.25, 5.5, 13.125 ], "texture": "#paper" },
				"north": { "uv": [ 5.5, 13, 5.25, 13.125 ], "texture": "#paper" },
				"south": { "uv": [ 6.375, 13.375, 6.625, 13.5 ], "texture": "#paper" },
				"west": { "uv": [ 7.75, 8.375, 7.875, 8.5 ], "texture": "#paper" },
				"east": { "uv": [ 7.875, 8.25, 7.75, 8.375 ], "texture": "#paper" }
			}
		},
		{
			"__comment": "Voxels",
			"from": [ 5, 8, -5 ],
			"to": [ 10, 9, -4 ],
			"faces": {
				"down": { "uv": [ 6.625, 15.875, 7.25, 16 ], "texture": "#paper" },
				"up": { "uv": [ 6.625, 9.625, 7.25, 9.5 ], "texture": "#paper" },
				"north": { "uv": [ 7.25, 10.125, 6.625, 10.25 ], "texture": "#paper" },
				"south": { "uv": [ 6.625, 10.25, 7.25, 10.375 ], "texture": "#paper" },
				"west": { "uv": [ 8.125, 8.375, 8.25, 8.5 ], "texture": "#paper" },
				"east": { "uv": [ 8.125, 8.25, 8, 8.375 ], "texture": "#paper" }
			}
		},
		{
			"__comment": "Voxels",
			"from": [ 5, 8, 9 ],
			"to": [ 10, 9, 10 ],
			"faces": {
				"down": { "uv": [ 6.625, 11, 7.25, 11.125 ], "texture": "#paper" },
				"up": { "uv": [ 6.625, 11.25, 7.25, 11.125 ], "texture": "#paper" },
				"north": { "uv": [ 7.25, 13.25, 6.625, 13.375 ], "texture": "#paper" },
				"south": { "uv": [ 6.625, 13.375, 7.25, 13.5 ], "texture": "#paper" },
				"west": { "uv": [ 13.375, 15.625, 13.5, 15.75 ], "texture": "#paper" },
				"east": { "uv": [ 13.625, 15.625, 13.5, 15.75 ], "texture": "#paper" }
			}
		},
		{
			"__comment": "Voxels",
			"from": [ 5, 9, 0 ],
			"to": [ 10, 10, 1 ],
			"faces": {
				"down": { "uv": [ 6.625, 13.75, 7.25, 13.875 ], "texture": "#paper" },
				"up": { "uv": [ 6.625, 14, 7.25, 13.875 ], "texture": "#paper" },
				"north": { "uv": [ 7.25, 14, 6.625, 14.125 ], "texture": "#paper" },
				"south": { "uv": [ 6.625, 14.125, 7.25, 14.25 ], "texture": "#paper" },
				"west": { "uv": [ 14.875, 15.625, 15, 15.75 ], "texture": "#paper" },
				"east": { "uv": [ 15.375, 15.625, 15.25, 15.75 ], "texture": "#paper" }
			}
		},
		{
			"__comment": "Voxels",
			"from": [ 5, 9, 4 ],
			"to": [ 10, 10, 5 ],
			"faces": {
				"down": { "uv": [ 6.625, 14.375, 7.25, 14.5 ], "texture": "#paper" },
				"up": { "uv": [ 6.625, 14.625, 7.25, 14.5 ], "texture": "#paper" },
				"north": { "uv": [ 7.25, 14.625, 6.625, 14.75 ], "texture": "#paper" },
				"south": { "uv": [ 6.625, 14.75, 7.25, 14.875 ], "texture": "#paper" },
				"west": { "uv": [ 8.25, 9.125, 8.375, 9.25 ], "texture": "#paper" },
				"east": { "uv": [ 8.375, 9, 8.25, 9.125 ], "texture": "#paper" }
			}
		},
		{
			"__comment": "Voxels",
			"from": [ 5, 12, 1 ],
			"to": [ 10, 13, 2 ],
			"faces": {
				"down": { "uv": [ 6.625, 14.875, 7.25, 15 ], "texture": "#paper" },
				"up": { "uv": [ 6.625, 15.125, 7.25, 15 ], "texture": "#paper" },
				"north": { "uv": [ 7.25, 15.125, 6.625, 15.25 ], "texture": "#paper" },
				"south": { "uv": [ 6.625, 15.25, 7.25, 15.375 ], "texture": "#paper" },
				"west": { "uv": [ 8.25, 8.125, 8.375, 8.25 ], "texture": "#paper" },
				"east": { "uv": [ 8.875, 15.5, 8.75, 15.625 ], "texture": "#paper" }
			}
		},
		{
			"__comment": "Voxels",
			"from": [ 5, 12, 3 ],
			"to": [ 10, 13, 4 ],
			"faces": {
				"down": { "uv": [ 6.625, 15.375, 7.25, 15.5 ], "texture": "#paper" },
				"up": { "uv": [ 6.625, 15.625, 7.25, 15.5 ], "texture": "#paper" },
				"north": { "uv": [ 7.25, 15.625, 6.625, 15.75 ], "texture": "#paper" },
				"south": { "uv": [ 6.625, 15.75, 7.25, 15.875 ], "texture": "#paper" },
				"west": { "uv": [ 9.375, 15.5, 9.5, 15.625 ], "texture": "#paper" },
				"east": { "uv": [ 9.625, 15.5, 9.5, 15.625 ], "texture": "#paper" }
			}
		},
		{
			"__comment": "Voxels",
			"from": [ 5, 15, 2 ],
			"to": [ 10, 16, 3 ],
			"faces": {
				"down": { "uv": [ 6.625, 9.625, 7.25, 9.75 ], "texture": "#paper" },
				"up": { "uv": [ 6.625, 9.875, 7.25, 9.75 ], "texture": "#paper" },
				"north": { "uv": [ 7.25, 9.875, 6.625, 10 ], "texture": "#paper" },
				"south": { "uv": [ 6.625, 10, 7.25, 10.125 ], "texture": "#paper" },
				"west": { "uv": [ 10.5, 15.5, 10.625, 15.625 ], "texture": "#paper" },
				"east": { "uv": [ 10.75, 15.5, 10.625, 15.625 ], "texture": "#paper" }
			}
		},
		{
			"__comment": "Voxels",
			"from": [ 6, 7, -5 ],
			"to": [ 7, 8, -4 ],
			"faces": {
				"down": { "uv": [ 11, 15.5, 11.125, 15.625 ], "texture": "#paper" },
				"up": { "uv": [ 11.125, 15.625, 11.25, 15.5 ], "texture": "#paper" },
				"north": { "uv": [ 11.375, 15.5, 11.25, 15.625 ], "texture": "#paper" },
				"south": { "uv": [ 11.375, 15.5, 11.5, 15.625 ], "texture": "#paper" },
				"west": { "uv": [ 11.75, 15.5, 11.875, 15.625 ], "texture": "#paper" },
				"east": { "uv": [ 12, 15.5, 11.875, 15.625 ], "texture": "#paper" }
			}
		},
		{
			"__comment": "Voxels",
			"from": [ 6, 7, -3 ],
			"to": [ 7, 8, -1 ],
			"faces": {
				"down": { "uv": [ 7.25, 9.125, 7.375, 9.375 ], "texture": "#paper" },
				"up": { "uv": [ 7.25, 9.125, 7.375, 8.875 ], "texture": "#paper" },
				"north": { "uv": [ 12.875, 15.5, 12.75, 15.625 ], "texture": "#paper" },
				"south": { "uv": [ 12.875, 15.5, 13, 15.625 ], "texture": "#paper" },
				"west": { "uv": [ 6.375, 13.25, 6.625, 13.375 ], "texture": "#paper" },
				"east": { "uv": [ 6.625, 13.125, 6.375, 13.25 ], "texture": "#paper" }
			}
		},
		{
			"__comment": "Voxels",
			"from": [ 6, 7, 6 ],
			"to": [ 7, 8, 8 ],
			"faces": {
				"down": { "uv": [ 7.25, 8.625, 7.375, 8.875 ], "texture": "#paper" },
				"up": { "uv": [ 7.25, 8.625, 7.375, 8.375 ], "texture": "#paper" },
				"north": { "uv": [ 13.875, 15.5, 13.75, 15.625 ], "texture": "#paper" },
				"south": { "uv": [ 13.875, 15.5, 14, 15.625 ], "texture": "#paper" },
				"west": { "uv": [ 6.375, 13, 6.625, 13.125 ], "texture": "#paper" },
				"east": { "uv": [ 6.625, 12.875, 6.375, 13 ], "texture": "#paper" }
			}
		},
		{
			"__comment": "Voxels",
			"from": [ 6, 7, 9 ],
			"to": [ 7, 8, 10 ],
			"faces": {
				"down": { "uv": [ 14.25, 15.5, 14.375, 15.625 ], "texture": "#paper" },
				"up": { "uv": [ 14.375, 15.625, 14.5, 15.5 ], "texture": "#paper" },
				"north": { "uv": [ 14.875, 15.5, 14.75, 15.625 ], "texture": "#paper" },
				"south": { "uv": [ 14.875, 15.5, 15, 15.625 ], "texture": "#paper" },
				"west": { "uv": [ 15, 15.5, 15.125, 15.625 ], "texture": "#paper" },
				"east": { "uv": [ 15.25, 15.5, 15.125, 15.625 ], "texture": "#paper" }
			}
		},
		{
			"__comment": "Voxels",
			"from": [ 6, 8, -1 ],
			"to": [ 9, 9, 0 ],
			"faces": {
				"down": { "uv": [ 8.625, 15.875, 9, 16 ], "texture": "#paper" },
				"up": { "uv": [ 8.25, 16, 8.625, 15.875 ], "texture": "#paper" },
				"north": { "uv": [ 7.75, 8.375, 7.375, 8.5 ], "texture": "#paper" },
				"south": { "uv": [ 7.375, 8.5, 7.75, 8.625 ], "texture": "#paper" },
				"west": { "uv": [ 8.375, 14.875, 8.5, 15 ], "texture": "#paper" },
				"east": { "uv": [ 8.5, 14.75, 8.375, 14.875 ], "texture": "#paper" }
			}
		},
		{
			"__comment": "Voxels",
			"from": [ 6, 8, 5 ],
			"to": [ 9, 9, 6 ],
			"faces": {
				"down": { "uv": [ 7.375, 9.125, 7.75, 9.25 ], "texture": "#paper" },
				"up": { "uv": [ 7.375, 9.375, 7.75, 9.25 ], "texture": "#paper" },
				"north": { "uv": [ 7.75, 9.375, 7.375, 9.5 ], "texture": "#paper" },
				"south": { "uv": [ 7.375, 9.5, 7.75, 9.625 ], "texture": "#paper" },
				"west": { "uv": [ 8.375, 12.625, 8.5, 12.75 ], "texture": "#paper" },
				"east": { "uv": [ 8.5, 12.5, 8.375, 12.625 ], "texture": "#paper" }
			}
		},
		{
			"__comment": "Voxels",
			"from": [ 6, 10, 0 ],
			"to": [ 9, 11, 1 ],
			"faces": {
				"down": { "uv": [ 7.375, 9.625, 7.75, 9.75 ], "texture": "#paper" },
				"up": { "uv": [ 7.375, 9.875, 7.75, 9.75 ], "texture": "#paper" },
				"north": { "uv": [ 7.75, 9.875, 7.375, 10 ], "texture": "#paper" },
				"south": { "uv": [ 7.375, 10, 7.75, 10.125 ], "texture": "#paper" },
				"west": { "uv": [ 8.375, 11.375, 8.5, 11.5 ], "texture": "#paper" },
				"east": { "uv": [ 8.5, 11.25, 8.375, 11.375 ], "texture": "#paper" }
			}
		},
		{
			"__comment": "Voxels",
			"from": [ 6, 10, 4 ],
			"to": [ 9, 11, 5 ],
			"faces": {
				"down": { "uv": [ 9, 15.75, 9.375, 15.875 ], "texture": "#paper" },
				"up": { "uv": [ 8.625, 15.875, 9, 15.75 ], "texture": "#paper" },
				"north": { "uv": [ 8.625, 15.75, 8.25, 15.875 ], "texture": "#paper" },
				"south": { "uv": [ 7.875, 15.75, 8.25, 15.875 ], "texture": "#paper" },
				"west": { "uv": [ 8.375, 10.375, 8.5, 10.5 ], "texture": "#paper" },
				"east": { "uv": [ 8.5, 10.25, 8.375, 10.375 ], "texture": "#paper" }
			}
		},
		{
			"__comment": "Voxels",
			"from": [ 6, 13, 1 ],
			"to": [ 9, 14, 2 ],
			"faces": {
				"down": { "uv": [ 12.75, 15.875, 13.125, 16 ], "texture": "#paper" },
				"up": { "uv": [ 12.375, 16, 12.75, 15.875 ], "texture": "#paper" },
				"north": { "uv": [ 10.875, 15.875, 10.5, 16 ], "texture": "#paper" },
				"south": { "uv": [ 10.125, 15.875, 10.5, 16 ], "texture": "#paper" },
				"west": { "uv": [ 8.375, 8.375, 8.5, 8.5 ], "texture": "#paper" },
				"east": { "uv": [ 8.5, 8.25, 8.375, 8.375 ], "texture": "#paper" }
			}
		},
		{
			"__comment": "Voxels",
			"from": [ 6, 13, 3 ],
			"to": [ 9, 14, 4 ],
			"faces": {
				"down": { "uv": [ 7.375, 8.125, 7.75, 8.25 ], "texture": "#paper" },
				"up": { "uv": [ 7.375, 8.375, 7.75, 8.25 ], "texture": "#paper" },
				"north": { "uv": [ 12.375, 15.875, 12, 16 ], "texture": "#paper" },
				"south": { "uv": [ 11.625, 15.875, 12, 16 ], "texture": "#paper" },
				"west": { "uv": [ 9.25, 15.375, 9.375, 15.5 ], "texture": "#paper" },
				"east": { "uv": [ 9.5, 15.375, 9.375, 15.5 ], "texture": "#paper" }
			}
		},
		{
			"__comment": "Voxels",
			"from": [ 6, 16, 2 ],
			"to": [ 9, 17, 3 ],
			"faces": {
				"down": { "uv": [ 7.375, 8.75, 7.75, 8.875 ], "texture": "#paper" },
				"up": { "uv": [ 7.375, 9, 7.75, 8.875 ], "texture": "#paper" },
				"north": { "uv": [ 7.75, 10.5, 7.375, 10.625 ], "texture": "#paper" },
				"south": { "uv": [ 7.375, 10.625, 7.75, 10.75 ], "texture": "#paper" },
				"west": { "uv": [ 6.5, 14.375, 6.625, 14.5 ], "texture": "#paper" },
				"east": { "uv": [ 6.625, 14.25, 6.5, 14.375 ], "texture": "#paper" }
			}
		},
		{
			"__comment": "Voxels",
			"from": [ 7, 8, -4 ],
			"to": [ 8, 9, -1 ],
			"faces": {
				"down": { "uv": [ 7.25, 12.875, 7.375, 13.25 ], "texture": "#paper" },
				"up": { "uv": [ 7.25, 13.625, 7.375, 13.25 ], "texture": "#paper" },
				"north": { "uv": [ 6.625, 13.875, 6.5, 14 ], "texture": "#paper" },
				"south": { "uv": [ 6.5, 13.75, 6.625, 13.875 ], "texture": "#paper" },
				"west": { "uv": [ 7.375, 11.75, 7.75, 11.875 ], "texture": "#paper" },
				"east": { "uv": [ 7.75, 11.875, 7.375, 12 ], "texture": "#paper" }
			}
		},
		{
			"__comment": "Voxels",
			"from": [ 7, 8, 6 ],
			"to": [ 8, 9, 9 ],
			"faces": {
				"down": { "uv": [ 7.25, 13.625, 7.375, 14 ], "texture": "#paper" },
				"up": { "uv": [ 7.25, 14.375, 7.375, 14 ], "texture": "#paper" },
				"north": { "uv": [ 7.375, 8, 7.25, 8.125 ], "texture": "#paper" },
				"south": { "uv": [ 7.75, 14.375, 7.875, 14.5 ], "texture": "#paper" },
				"west": { "uv": [ 7.375, 12, 7.75, 12.125 ], "texture": "#paper" },
				"east": { "uv": [ 7.75, 12.125, 7.375, 12.25 ], "texture": "#paper" }
			}
		},
		{
			"__comment": "Voxels",
			"from": [ 7, 17, 2 ],
			"to": [ 8, 24, 3 ],
			"faces": {
				"down": { "uv": [ 7.75, 14, 7.875, 14.125 ], "texture": "#paper" },
				"up": { "uv": [ 7.75, 14, 7.875, 13.875 ], "texture": "#paper" },
				"north": { "uv": [ 5.75, 11.125, 5.625, 12 ], "texture": "#paper" },
				"south": { "uv": [ 5.5, 11.125, 5.625, 12 ], "texture": "#paper" },
				"west": { "uv": [ 5.625, 12, 5.75, 12.875 ], "texture": "#paper" },
				"east": { "uv": [ 5.625, 12, 5.5, 12.875 ], "texture": "#paper" }
			}
		},
		{
			"__comment": "Voxels",
			"from": [ 8, 7, -5 ],
			"to": [ 9, 8, 1 ],
			"faces": {
				"down": { "uv": [ 5.5, 8, 5.625, 8.75 ], "texture": "#paper" },
				"up": { "uv": [ 5.5, 9.5, 5.625, 8.75 ], "texture": "#paper" },
				"north": { "uv": [ 7.875, 13, 7.75, 13.125 ], "texture": "#paper" },
				"south": { "uv": [ 7.75, 12.875, 7.875, 13 ], "texture": "#paper" },
				"west": { "uv": [ 4.75, 9.5, 5.5, 9.625 ], "texture": "#paper" },
				"east": { "uv": [ 5.5, 9.375, 4.75, 9.5 ], "texture": "#paper" }
			}
		},
		{
			"__comment": "Voxels",
			"from": [ 8, 7, 4 ],
			"to": [ 12, 8, 5 ],
			"faces": {
				"down": { "uv": [ 3.125, 13.875, 3.625, 14 ], "texture": "#paper" },
				"up": { "uv": [ 5, 12.5, 5.5, 12.375 ], "texture": "#paper" },
				"north": { "uv": [ 3.625, 13, 3.125, 13.125 ], "texture": "#paper" },
				"south": { "uv": [ 3.125, 13.125, 3.625, 13.25 ], "texture": "#paper" },
				"west": { "uv": [ 7.75, 12, 7.875, 12.125 ], "texture": "#paper" },
				"east": { "uv": [ 7.875, 11.875, 7.75, 12 ], "texture": "#paper" }
			}
		},
		{
			"__comment": "Voxels",
			"from": [ 8, 7, 5 ],
			"to": [ 10, 8, 6 ],
			"faces": {
				"down": { "uv": [ 6.375, 11, 6.625, 11.125 ], "texture": "#paper" },
				"up": { "uv": [ 6.375, 11, 6.625, 10.875 ], "texture": "#paper" },
				"north": { "uv": [ 6.625, 10.75, 6.375, 10.875 ], "texture": "#paper" },
				"south": { "uv": [ 6.375, 10.625, 6.625, 10.75 ], "texture": "#paper" },
				"west": { "uv": [ 7.75, 11.25, 7.875, 11.375 ], "texture": "#paper" },
				"east": { "uv": [ 7.875, 11.125, 7.75, 11.25 ], "texture": "#paper" }
			}
		},
		{
			"__comment": "Voxels",
			"from": [ 8, 7, 6 ],
			"to": [ 9, 8, 10 ],
			"faces": {
				"down": { "uv": [ 6.25, 8.125, 6.375, 8.625 ], "texture": "#paper" },
				"up": { "uv": [ 6.125, 8.625, 6.25, 8.125 ], "texture": "#paper" },
				"north": { "uv": [ 7.875, 10.75, 7.75, 10.875 ], "texture": "#paper" },
				"south": { "uv": [ 7.75, 10.625, 7.875, 10.75 ], "texture": "#paper" },
				"west": { "uv": [ 5, 12, 5.5, 12.125 ], "texture": "#paper" },
				"east": { "uv": [ 5.5, 12.125, 5, 12.25 ], "texture": "#paper" }
			}
		},
		{
			"__comment": "Voxels",
			"from": [ 8, 21, 2 ],
			"to": [ 13, 22, 3 ],
			"faces": {
				"down": { "uv": [ 6.625, 10.5, 7.25, 10.625 ], "texture": "#paper" },
				"up": { "uv": [ 6.625, 10.75, 7.25, 10.625 ], "texture": "#paper" },
				"north": { "uv": [ 7.25, 10.75, 6.625, 10.875 ], "texture": "#paper" },
				"south": { "uv": [ 6.625, 10.875, 7.25, 11 ], "texture": "#paper" },
				"west": { "uv": [ 7.75, 9.75, 7.875, 9.875 ], "texture": "#paper" },
				"east": { "uv": [ 7.875, 9.625, 7.75, 9.75 ], "texture": "#paper" }
			}
		},
		{
			"__comment": "Voxels",
			"from": [ 8, 22, 2 ],
			"to": [ 11, 23, 3 ],
			"faces": {
				"down": { "uv": [ 7.375, 9, 7.75, 9.125 ], "texture": "#paper" },
				"up": { "uv": [ 7.375, 10.875, 7.75, 10.75 ], "texture": "#paper" },
				"north": { "uv": [ 7.75, 11.375, 7.375, 11.5 ], "texture": "#paper" },
				"south": { "uv": [ 7.375, 11.5, 7.75, 11.625 ], "texture": "#paper" },
				"west": { "uv": [ 7.75, 9, 7.875, 9.125 ], "texture": "#paper" },
				"east": { "uv": [ 7.875, 8.875, 7.75, 9 ], "texture": "#paper" }
			}
		},
		{
			"__comment": "Voxels",
			"from": [ 9, 6, -4 ],
			"to": [ 10, 8, -3 ],
			"faces": {
				"down": { "uv": [ 7.75, 8.75, 7.875, 8.875 ], "texture": "#paper" },
				"up": { "uv": [ 7.75, 8.75, 7.875, 8.625 ], "texture": "#paper" },
				"north": { "uv": [ 7.375, 8.125, 7.25, 8.375 ], "texture": "#paper" },
				"south": { "uv": [ 7.875, 15.5, 8, 15.75 ], "texture": "#paper" },
				"west": { "uv": [ 7.875, 15.25, 8, 15.5 ], "texture": "#paper" },
				"east": { "uv": [ 8, 15, 7.875, 15.25 ], "texture": "#paper" }
			}
		},
		{
			"__comment": "Voxels",
			"from": [ 9, 6, -3 ],
			"to": [ 13, 7, 1 ],
			"faces": {
				"down": { "uv": [ 0, 8, 0.5, 8.5 ], "texture": "#paper" },
				"up": { "uv": [ 0.5, 8.5, 1, 8 ], "texture": "#paper" },
				"north": { "uv": [ 5.5, 11.125, 5, 11.25 ], "texture": "#paper" },
				"south": { "uv": [ 5, 11.25, 5.5, 11.375 ], "texture": "#paper" },
				"west": { "uv": [ 5, 11.625, 5.5, 11.75 ], "texture": "#paper" },
				"east": { "uv": [ 5.5, 11.75, 5, 11.875 ], "texture": "#paper" }
			}
		},
		{
			"__comment": "Voxels",
			"from": [ 9, 6, 4 ],
			"to": [ 20, 7, 5 ],
			"faces": {
				"down": { "uv": [ 3.625, 12.875, 5, 13 ], "texture": "#paper" },
				"up": { "uv": [ 3.625, 12.25, 5, 12.125 ], "texture": "#paper" },
				"north": { "uv": [ 5, 11.75, 3.625, 11.875 ], "texture": "#paper" },
				"south": { "uv": [ 3.625, 11.625, 5, 11.75 ], "texture": "#paper" },
				"west": { "uv": [ 8, 9.875, 8.125, 10 ], "texture": "#paper" },
				"east": { "uv": [ 8.25, 9.875, 8.125, 10 ], "texture": "#paper" }
			}
		},
		{
			"__comment": "Voxels",
			"from": [ 9, 6, 5 ],
			"to": [ 19, 7, 6 ],
			"faces": {
				"down": { "uv": [ 2.375, 8.75, 3.625, 8.875 ], "texture": "#paper" },
				"up": { "uv": [ 2.375, 9.125, 3.625, 9 ], "texture": "#paper" },
				"north": { "uv": [ 3.625, 8.875, 2.375, 9 ], "texture": "#paper" },
				"south": { "uv": [ 2.375, 9.125, 3.625, 9.25 ], "texture": "#paper" },
				"west": { "uv": [ 8, 9.5, 8.125, 9.625 ], "texture": "#paper" },
				"east": { "uv": [ 8.25, 9.5, 8.125, 9.625 ], "texture": "#paper" }
			}
		},
		{
			"__comment": "Voxels",
			"from": [ 9, 6, 6 ],
			"to": [ 17, 7, 7 ],
			"faces": {
				"down": { "uv": [ 2.625, 10.875, 3.625, 11 ], "texture": "#paper" },
				"up": { "uv": [ 2.625, 10.375, 3.625, 10.25 ], "texture": "#paper" },
				"north": { "uv": [ 3.625, 10.125, 2.625, 10.25 ], "texture": "#paper" },
				"south": { "uv": [ 5.5, 13.875, 6.5, 14 ], "texture": "#paper" },
				"west": { "uv": [ 8, 9.125, 8.125, 9.25 ], "texture": "#paper" },
				"east": { "uv": [ 8.25, 9.125, 8.125, 9.25 ], "texture": "#paper" }
			}
		},
		{
			"__comment": "Voxels",
			"from": [ 9, 6, 7 ],
			"to": [ 13, 7, 8 ],
			"faces": {
				"down": { "uv": [ 5, 10.125, 5.5, 10.25 ], "texture": "#paper" },
				"up": { "uv": [ 1, 8.125, 1.5, 8 ], "texture": "#paper" },
				"north": { "uv": [ 2, 8, 1.5, 8.125 ], "texture": "#paper" },
				"south": { "uv": [ 5, 11.875, 5.5, 12 ], "texture": "#paper" },
				"west": { "uv": [ 8, 8.75, 8.125, 8.875 ], "texture": "#paper" },
				"east": { "uv": [ 8.25, 8.75, 8.125, 8.875 ], "texture": "#paper" }
			}
		},
		{
			"__comment": "Voxels",
			"from": [ 9, 6, 8 ],
			"to": [ 10, 8, 9 ],
			"faces": {
				"down": { "uv": [ 8, 8.625, 8.125, 8.75 ], "texture": "#paper" },
				"up": { "uv": [ 8.125, 8.75, 8.25, 8.625 ], "texture": "#paper" },
				"north": { "uv": [ 8, 14.75, 7.875, 15 ], "texture": "#paper" },
				"south": { "uv": [ 7.875, 14.5, 8, 14.75 ], "texture": "#paper" },
				"west": { "uv": [ 7.875, 14.25, 8, 14.5 ], "texture": "#paper" },
				"east": { "uv": [ 8, 14, 7.875, 14.25 ], "texture": "#paper" }
			}
		},
		{
			"__comment": "Voxels",
			"from": [ 9, 7, -1 ],
			"to": [ 10, 8, 1 ],
			"faces": {
				"down": { "uv": [ 7.875, 13.75, 8, 14 ], "texture": "#paper" },
				"up": { "uv": [ 7.875, 13.75, 8, 13.5 ], "texture": "#paper" },
				"north": { "uv": [ 8.125, 8.125, 8, 8.25 ], "texture": "#paper" },
				"south": { "uv": [ 8.125, 8.125, 8.25, 8.25 ], "texture": "#paper" },
				"west": { "uv": [ 6.375, 10.5, 6.625, 10.625 ], "texture": "#paper" },
				"east": { "uv": [ 6.625, 10.375, 6.375, 10.5 ], "texture": "#paper" }
			}
		},
		{
			"__comment": "Voxels",
			"from": [ 9, 20, 2 ],
			"to": [ 12, 21, 3 ],
			"faces": {
				"down": { "uv": [ 7.375, 13.875, 7.75, 14 ], "texture": "#paper" },
				"up": { "uv": [ 7.375, 13.875, 7.75, 13.75 ], "texture": "#paper" },
				"north": { "uv": [ 7.75, 13.625, 7.375, 13.75 ], "texture": "#paper" },
				"south": { "uv": [ 7.375, 13.5, 7.75, 13.625 ], "texture": "#paper" },
				"west": { "uv": [ 8.75, 15.625, 8.875, 15.75 ], "texture": "#paper" },
				"east": { "uv": [ 9, 15.625, 8.875, 15.75 ], "texture": "#paper" }
			}
		},
		{
			"__comment": "Voxels",
			"from": [ 10, 5, -3 ],
			"to": [ 11, 6, 1 ],
			"faces": {
				"down": { "uv": [ 6.875, 8, 7, 8.5 ], "texture": "#paper" },
				"up": { "uv": [ 7, 8.5, 7.125, 8 ], "texture": "#paper" },
				"north": { "uv": [ 9.375, 15.625, 9.25, 15.75 ], "texture": "#paper" },
				"south": { "uv": [ 9.375, 15.625, 9.5, 15.75 ], "texture": "#paper" },
				"west": { "uv": [ 5, 11.5, 5.5, 11.625 ], "texture": "#paper" },
				"east": { "uv": [ 5.5, 12.25, 5, 12.375 ], "texture": "#paper" }
			}
		},
		{
			"__comment": "Voxels",
			"from": [ 10, 5, 4 ],
			"to": [ 19, 6, 5 ],
			"faces": {
				"down": { "uv": [ 5.5, 15.25, 6.625, 15.375 ], "texture": "#paper" },
				"up": { "uv": [ 5.5, 16, 6.625, 15.875 ], "texture": "#paper" },
				"north": { "uv": [ 4.75, 8, 3.625, 8.125 ], "texture": "#paper" },
				"south": { "uv": [ 3.625, 8.375, 4.75, 8.5 ], "texture": "#paper" },
				"west": { "uv": [ 10.25, 15.625, 10.375, 15.75 ], "texture": "#paper" },
				"east": { "uv": [ 10.5, 15.625, 10.375, 15.75 ], "texture": "#paper" }
			}
		},
		{
			"__comment": "Voxels",
			"from": [ 10, 5, 5 ],
			"to": [ 18, 6, 6 ],
			"faces": {
				"down": { "uv": [ 2.625, 10.5, 3.625, 10.625 ], "texture": "#paper" },
				"up": { "uv": [ 2.625, 10.75, 3.625, 10.625 ], "texture": "#paper" },
				"north": { "uv": [ 3.625, 10.75, 2.625, 10.875 ], "texture": "#paper" },
				"south": { "uv": [ 5.5, 14.25, 6.5, 14.375 ], "texture": "#paper" },
				"west": { "uv": [ 11, 15.625, 11.125, 15.75 ], "texture": "#paper" },
				"east": { "uv": [ 11.25, 15.625, 11.125, 15.75 ], "texture": "#paper" }
			}
		},
		{
			"__comment": "Voxels",
			"from": [ 10, 5, 6 ],
			"to": [ 16, 6, 7 ],
			"faces": {
				"down": { "uv": [ 4.75, 9.75, 5.5, 9.875 ], "texture": "#paper" },
				"up": { "uv": [ 2.875, 11.25, 3.625, 11.125 ], "texture": "#paper" },
				"north": { "uv": [ 3.625, 11.25, 2.875, 11.375 ], "texture": "#paper" },
				"south": { "uv": [ 2.875, 11.625, 3.625, 11.75 ], "texture": "#paper" },
				"west": { "uv": [ 11.75, 15.625, 11.875, 15.75 ], "texture": "#paper" },
				"east": { "uv": [ 12, 15.625, 11.875, 15.75 ], "texture": "#paper" }
			}
		},
		{
			"__comment": "Voxels",
			"from": [ 10, 5, 7 ],
			"to": [ 11, 6, 8 ],
			"faces": {
				"down": { "uv": [ 12, 15.625, 12.125, 15.75 ], "texture": "#paper" },
				"up": { "uv": [ 12.125, 15.75, 12.25, 15.625 ], "texture": "#paper" },
				"north": { "uv": [ 12.375, 15.625, 12.25, 15.75 ], "texture": "#paper" },
				"south": { "uv": [ 12.375, 15.625, 12.5, 15.75 ], "texture": "#paper" },
				"west": { "uv": [ 12.5, 15.625, 12.625, 15.75 ], "texture": "#paper" },
				"east": { "uv": [ 12.75, 15.625, 12.625, 15.75 ], "texture": "#paper" }
			}
		},
		{
			"__comment": "Voxels",
			"from": [ 10, 7, -4 ],
			"to": [ 13, 9, -3 ],
			"faces": {
				"down": { "uv": [ 7.375, 13.25, 7.75, 13.375 ], "texture": "#paper" },
				"up": { "uv": [ 7.375, 13.25, 7.75, 13.125 ], "texture": "#paper" },
				"north": { "uv": [ 5.125, 8.125, 4.75, 8.375 ], "texture": "#paper" },
				"south": { "uv": [ 5.125, 8.5, 5.5, 8.75 ], "texture": "#paper" },
				"west": { "uv": [ 7.875, 13.25, 8, 13.5 ], "texture": "#paper" },
				"east": { "uv": [ 8, 13, 7.875, 13.25 ], "texture": "#paper" }
			}
		},
		{
			"__comment": "Voxels",
			"from": [ 10, 7, 0 ],
			"to": [ 12, 8, 1 ],
			"faces": {
				"down": { "uv": [ 6.375, 10.25, 6.625, 10.375 ], "texture": "#paper" },
				"up": { "uv": [ 6.375, 10.25, 6.625, 10.125 ], "texture": "#paper" },
				"north": { "uv": [ 6.625, 10, 6.375, 10.125 ], "texture": "#paper" },
				"south": { "uv": [ 6.375, 9.875, 6.625, 10 ], "texture": "#paper" },
				"west": { "uv": [ 14, 15.625, 14.125, 15.75 ], "texture": "#paper" },
				"east": { "uv": [ 14.25, 15.625, 14.125, 15.75 ], "texture": "#paper" }
			}
		},
		{
			"__comment": "Voxels",
			"from": [ 10, 7, 8 ],
			"to": [ 13, 9, 9 ],
			"faces": {
				"down": { "uv": [ 7.375, 13, 7.75, 13.125 ], "texture": "#paper" },
				"up": { "uv": [ 7.375, 13, 7.75, 12.875 ], "texture": "#paper" },
				"north": { "uv": [ 6.375, 8.625, 6, 8.875 ], "texture": "#paper" },
				"south": { "uv": [ 5.625, 8.875, 6, 9.125 ], "texture": "#paper" },
				"west": { "uv": [ 7.875, 12.75, 8, 13 ], "texture": "#paper" },
				"east": { "uv": [ 8, 12.5, 7.875, 12.75 ], "texture": "#paper" }
			}
		},
		{
			"__comment": "Voxels",
			"from": [ 11, 4, -2 ],
			"to": [ 12, 6, 1 ],
			"faces": {
				"down": { "uv": [ 7.25, 14.75, 7.375, 15.125 ], "texture": "#paper" },
				"up": { "uv": [ 7.25, 14.75, 7.375, 14.375 ], "texture": "#paper" },
				"north": { "uv": [ 8, 12.25, 7.875, 12.5 ], "texture": "#paper" },
				"south": { "uv": [ 7.875, 12, 8, 12.25 ], "texture": "#paper" },
				"west": { "uv": [ 5.625, 8.625, 6, 8.875 ], "texture": "#paper" },
				"east": { "uv": [ 6.375, 8.875, 6, 9.125 ], "texture": "#paper" }
			}
		},
		{
			"__comment": "Voxels",
			"from": [ 11, 4, 4 ],
			"to": [ 18, 5, 5 ],
			"faces": {
				"down": { "uv": [ 5.5, 13.375, 6.375, 13.5 ], "texture": "#paper" },
				"up": { "uv": [ 5.5, 13.375, 6.375, 13.25 ], "texture": "#paper" },
				"north": { "uv": [ 6.625, 12.375, 5.75, 12.5 ], "texture": "#paper" },
				"south": { "uv": [ 5.75, 11.75, 6.625, 11.875 ], "texture": "#paper" },
				"west": { "uv": [ 8.25, 15.25, 8.375, 15.375 ], "texture": "#paper" },
				"east": { "uv": [ 8.375, 15.125, 8.25, 15.25 ], "texture": "#paper" }
			}
		},
		{
			"__comment": "Voxels",
			"from": [ 11, 4, 5 ],
			"to": [ 17, 5, 6 ],
			"faces": {
				"down": { "uv": [ 2.875, 11, 3.625, 11.125 ], "texture": "#paper" },
				"up": { "uv": [ 2.875, 12.375, 3.625, 12.25 ], "texture": "#paper" },
				"north": { "uv": [ 3.625, 11.375, 2.875, 11.5 ], "texture": "#paper" },
				"south": { "uv": [ 2.875, 11.5, 3.625, 11.625 ], "texture": "#paper" },
				"west": { "uv": [ 8.25, 14.5, 8.375, 14.625 ], "texture": "#paper" },
				"east": { "uv": [ 8.375, 14.375, 8.25, 14.5 ], "texture": "#paper" }
			}
		},
		{
			"__comment": "Voxels",
			"from": [ 11, 4, 6 ],
			"to": [ 12, 5, 7 ],
			"faces": {
				"down": { "uv": [ 8.25, 14.25, 8.375, 14.375 ], "texture": "#paper" },
				"up": { "uv": [ 8.25, 14.25, 8.375, 14.125 ], "texture": "#paper" },
				"north": { "uv": [ 8.375, 14, 8.25, 14.125 ], "texture": "#paper" },
				"south": { "uv": [ 8.25, 13.875, 8.375, 14 ], "texture": "#paper" },
				"west": { "uv": [ 8.25, 13.75, 8.375, 13.875 ], "texture": "#paper" },
				"east": { "uv": [ 8.375, 13.625, 8.25, 13.75 ], "texture": "#paper" }
			}
		},
		{
			"__comment": "Voxels",
			"from": [ 12, 3, -1 ],
			"to": [ 15, 6, 1 ],
			"faces": {
				"down": { "uv": [ 6.25, 9.25, 6.625, 9.5 ], "texture": "#paper" },
				"up": { "uv": [ 5.875, 9.5, 6.25, 9.25 ], "texture": "#paper" },
				"north": { "uv": [ 2.375, 8.125, 2, 8.5 ], "texture": "#paper" },
				"south": { "uv": [ 4.75, 8.375, 5.125, 8.75 ], "texture": "#paper" },
				"west": { "uv": [ 5.625, 9.125, 5.875, 9.5 ], "texture": "#paper" },
				"east": { "uv": [ 5.375, 8, 5.125, 8.375 ], "texture": "#paper" }
			}
		},
		{
			"__comment": "Voxels",
			"from": [ 12, 3, 4 ],
			"to": [ 17, 4, 5 ],
			"faces": {
				"down": { "uv": [ 6.625, 13.5, 7.25, 13.625 ], "texture": "#paper" },
				"up": { "uv": [ 6.625, 13.75, 7.25, 13.625 ], "texture": "#paper" },
				"north": { "uv": [ 7.25, 11.375, 6.625, 11.5 ], "texture": "#paper" },
				"south": { "uv": [ 6.625, 14.25, 7.25, 14.375 ], "texture": "#paper" },
				"west": { "uv": [ 8.25, 12.25, 8.375, 12.375 ], "texture": "#paper" },
				"east": { "uv": [ 8.375, 12.125, 8.25, 12.25 ], "texture": "#paper" }
			}
		},
		{
			"__comment": "Voxels",
			"from": [ 12, 3, 5 ],
			"to": [ 15, 4, 6 ],
			"faces": {
				"down": { "uv": [ 7.375, 13.375, 7.75, 13.5 ], "texture": "#paper" },
				"up": { "uv": [ 2, 8.125, 2.375, 8 ], "texture": "#paper" },
				"north": { "uv": [ 5.5, 8.375, 5.125, 8.5 ], "texture": "#paper" },
				"south": { "uv": [ 4.75, 8, 5.125, 8.125 ], "texture": "#paper" },
				"west": { "uv": [ 8.25, 11.5, 8.375, 11.625 ], "texture": "#paper" },
				"east": { "uv": [ 8.375, 11.375, 8.25, 11.5 ], "texture": "#paper" }
			}
		},
		{
			"__comment": "Voxels",
			"from": [ 12, 5, -2 ],
			"to": [ 16, 6, -1 ],
			"faces": {
				"down": { "uv": [ 3.125, 13.375, 3.625, 13.5 ], "texture": "#paper" },
				"up": { "uv": [ 3.125, 13.375, 3.625, 13.25 ], "texture": "#paper" },
				"north": { "uv": [ 5.5, 12.875, 5, 13 ], "texture": "#paper" },
				"south": { "uv": [ 5, 12.75, 5.5, 12.875 ], "texture": "#paper" },
				"west": { "uv": [ 8.25, 10.75, 8.375, 10.875 ], "texture": "#paper" },
				"east": { "uv": [ 8.375, 10.625, 8.25, 10.75 ], "texture": "#paper" }
			}
		},
		{
			"__comment": "Voxels",
			"from": [ 13, 6, -2 ],
			"to": [ 17, 7, 1 ],
			"faces": {
				"down": { "uv": [ 1, 8.125, 1.5, 8.5 ], "texture": "#paper" },
				"up": { "uv": [ 1.5, 8.5, 2, 8.125 ], "texture": "#paper" },
				"north": { "uv": [ 5.5, 12.625, 5, 12.75 ], "texture": "#paper" },
				"south": { "uv": [ 5, 12.5, 5.5, 12.625 ], "texture": "#paper" },
				"west": { "uv": [ 7.375, 14.375, 7.75, 14.5 ], "texture": "#paper" },
				"east": { "uv": [ 7.75, 14.25, 7.375, 14.375 ], "texture": "#paper" }
			}
		},
		{
			"__comment": "Voxels",
			"from": [ 13, 7, -3 ],
			"to": [ 15, 9, -2 ],
			"faces": {
				"down": { "uv": [ 6.375, 9.75, 6.625, 9.875 ], "texture": "#paper" },
				"up": { "uv": [ 6.375, 9.75, 6.625, 9.625 ], "texture": "#paper" },
				"north": { "uv": [ 6.625, 8.375, 6.375, 8.625 ], "texture": "#paper" },
				"south": { "uv": [ 6.375, 8.125, 6.625, 8.375 ], "texture": "#paper" },
				"west": { "uv": [ 7.875, 11.75, 8, 12 ], "texture": "#paper" },
				"east": { "uv": [ 8, 11.5, 7.875, 11.75 ], "texture": "#paper" }
			}
		},
		{
			"__comment": "Voxels",
			"from": [ 13, 7, 7 ],
			"to": [ 15, 9, 8 ],
			"faces": {
				"down": { "uv": [ 6.375, 9.5, 6.625, 9.625 ], "texture": "#paper" },
				"up": { "uv": [ 6.375, 8.125, 6.625, 8 ], "texture": "#paper" },
				"north": { "uv": [ 6.875, 9.25, 6.625, 9.5 ], "texture": "#paper" },
				"south": { "uv": [ 6.875, 9.25, 7.125, 9.5 ], "texture": "#paper" },
				"west": { "uv": [ 7.875, 11.25, 8, 11.5 ], "texture": "#paper" },
				"east": { "uv": [ 8, 11, 7.875, 11.25 ], "texture": "#paper" }
			}
		},
		{
			"__comment": "Voxels",
			"from": [ 15, 3, 0 ],
			"to": [ 17, 6, 1 ],
			"faces": {
				"down": { "uv": [ 15.75, 15.875, 16, 16 ], "texture": "#paper" },
				"up": { "uv": [ 10.875, 15.875, 11.125, 15.75 ], "texture": "#paper" },
				"north": { "uv": [ 6.125, 8.25, 5.875, 8.625 ], "texture": "#paper" },
				"south": { "uv": [ 5.625, 8.25, 5.875, 8.625 ], "texture": "#paper" },
				"west": { "uv": [ 5.375, 8, 5.5, 8.375 ], "texture": "#paper" },
				"east": { "uv": [ 7.375, 15.125, 7.25, 15.5 ], "texture": "#paper" }
			}
		},
		{
			"__comment": "Voxels",
			"from": [ 15, 4, -1 ],
			"to": [ 17, 6, 0 ],
			"faces": {
				"down": { "uv": [ 11.125, 15.75, 11.375, 15.875 ], "texture": "#paper" },
				"up": { "uv": [ 11.375, 15.875, 11.625, 15.75 ], "texture": "#paper" },
				"north": { "uv": [ 6.875, 8.5, 6.625, 8.75 ], "texture": "#paper" },
				"south": { "uv": [ 6.875, 8.5, 7.125, 8.75 ], "texture": "#paper" },
				"west": { "uv": [ 7.875, 10.75, 8, 11 ], "texture": "#paper" },
				"east": { "uv": [ 8, 10.5, 7.875, 10.75 ], "texture": "#paper" }
			}
		},
		{
			"__comment": "Voxels",
			"from": [ 15, 7, -2 ],
			"to": [ 18, 8, -1 ],
			"faces": {
				"down": { "uv": [ 13.125, 15.875, 13.5, 16 ], "texture": "#paper" },
				"up": { "uv": [ 13.5, 16, 13.875, 15.875 ], "texture": "#paper" },
				"north": { "uv": [ 14.25, 15.875, 13.875, 16 ], "texture": "#paper" },
				"south": { "uv": [ 14.25, 15.875, 14.625, 16 ], "texture": "#paper" },
				"west": { "uv": [ 10, 15.5, 10.125, 15.625 ], "texture": "#paper" },
				"east": { "uv": [ 10.25, 15.5, 10.125, 15.625 ], "texture": "#paper" }
			}
		},
		{
			"__comment": "Voxels",
			"from": [ 15, 7, 6 ],
			"to": [ 18, 8, 7 ],
			"faces": {
				"down": { "uv": [ 14.625, 15.875, 15, 16 ], "texture": "#paper" },
				"up": { "uv": [ 7.375, 12.625, 7.75, 12.5 ], "texture": "#paper" },
				"north": { "uv": [ 15.375, 15.875, 15, 16 ], "texture": "#paper" },
				"south": { "uv": [ 15.375, 15.875, 15.75, 16 ], "texture": "#paper" },
				"west": { "uv": [ 10.75, 15.5, 10.875, 15.625 ], "texture": "#paper" },
				"east": { "uv": [ 11, 15.5, 10.875, 15.625 ], "texture": "#paper" }
			}
		},
		{
			"__comment": "Voxels",
			"from": [ 15, 8, -2 ],
			"to": [ 17, 9, -1 ],
			"faces": {
				"down": { "uv": [ 13.875, 15.75, 14.125, 15.875 ], "texture": "#paper" },
				"up": { "uv": [ 14.125, 15.875, 14.375, 15.75 ], "texture": "#paper" },
				"north": { "uv": [ 14.625, 15.75, 14.375, 15.875 ], "texture": "#paper" },
				"south": { "uv": [ 14.625, 15.75, 14.875, 15.875 ], "texture": "#paper" },
				"west": { "uv": [ 11.5, 15.5, 11.625, 15.625 ], "texture": "#paper" },
				"east": { "uv": [ 11.75, 15.5, 11.625, 15.625 ], "texture": "#paper" }
			}
		},
		{
			"__comment": "Voxels",
			"from": [ 15, 8, 6 ],
			"to": [ 17, 9, 7 ],
			"faces": {
				"down": { "uv": [ 14.875, 15.75, 15.125, 15.875 ], "texture": "#paper" },
				"up": { "uv": [ 15.125, 15.875, 15.375, 15.75 ], "texture": "#paper" },
				"north": { "uv": [ 15.625, 15.75, 15.375, 15.875 ], "texture": "#paper" },
				"south": { "uv": [ 15.625, 15.75, 15.875, 15.875 ], "texture": "#paper" },
				"west": { "uv": [ 12.25, 15.5, 12.375, 15.625 ], "texture": "#paper" },
				"east": { "uv": [ 12.5, 15.5, 12.375, 15.625 ], "texture": "#paper" }
			}
		},
		{
			"__comment": "Voxels",
			"from": [ 17, 4, 0 ],
			"to": [ 18, 7, 1 ],
			"faces": {
				"down": { "uv": [ 12.5, 15.5, 12.625, 15.625 ], "texture": "#paper" },
				"up": { "uv": [ 12.625, 15.625, 12.75, 15.5 ], "texture": "#paper" },
				"north": { "uv": [ 7.375, 12.5, 7.25, 12.875 ], "texture": "#paper" },
				"south": { "uv": [ 7.25, 12.125, 7.375, 12.5 ], "texture": "#paper" },
				"west": { "uv": [ 7.25, 11.75, 7.375, 12.125 ], "texture": "#paper" },
				"east": { "uv": [ 7.375, 11.375, 7.25, 11.75 ], "texture": "#paper" }
			}
		},
		{
			"__comment": "Voxels",
			"from": [ 17, 5, -1 ],
			"to": [ 18, 9, 0 ],
			"faces": {
				"down": { "uv": [ 13.25, 15.5, 13.375, 15.625 ], "texture": "#paper" },
				"up": { "uv": [ 13.375, 15.625, 13.5, 15.5 ], "texture": "#paper" },
				"north": { "uv": [ 6.75, 8, 6.625, 8.5 ], "texture": "#paper" },
				"south": { "uv": [ 6.75, 8, 6.875, 8.5 ], "texture": "#paper" },
				"west": { "uv": [ 7.125, 8, 7.25, 8.5 ], "texture": "#paper" },
				"east": { "uv": [ 7.375, 15.5, 7.25, 16 ], "texture": "#paper" }
			}
		},
		{
			"__comment": "Voxels",
			"from": [ 17, 7, 5 ],
			"to": [ 20, 8, 6 ],
			"faces": {
				"down": { "uv": [ 9.375, 15.75, 9.75, 15.875 ], "texture": "#paper" },
				"up": { "uv": [ 9.75, 15.875, 10.125, 15.75 ], "texture": "#paper" },
				"north": { "uv": [ 10.5, 15.75, 10.125, 15.875 ], "texture": "#paper" },
				"south": { "uv": [ 10.5, 15.75, 10.875, 15.875 ], "texture": "#paper" },
				"west": { "uv": [ 14.5, 15.5, 14.625, 15.625 ], "texture": "#paper" },
				"east": { "uv": [ 14.75, 15.5, 14.625, 15.625 ], "texture": "#paper" }
			}
		},
		{
			"__comment": "Voxels",
			"from": [ 17, 8, 5 ],
			"to": [ 19, 9, 6 ],
			"faces": {
				"down": { "uv": [ 8, 14.125, 8.25, 14.25 ], "texture": "#paper" },
				"up": { "uv": [ 8, 14.125, 8.25, 14 ], "texture": "#paper" },
				"north": { "uv": [ 8.25, 13.875, 8, 14 ], "texture": "#paper" },
				"south": { "uv": [ 8, 13.75, 8.25, 13.875 ], "texture": "#paper" },
				"west": { "uv": [ 15.25, 15.5, 15.375, 15.625 ], "texture": "#paper" },
				"east": { "uv": [ 15.5, 15.5, 15.375, 15.625 ], "texture": "#paper" }
			}
		},
		{
			"__comment": "Voxels",
			"from": [ 18, 5, 0 ],
			"to": [ 19, 7, 1 ],
			"faces": {
				"down": { "uv": [ 15.5, 15.5, 15.625, 15.625 ], "texture": "#paper" },
				"up": { "uv": [ 15.625, 15.625, 15.75, 15.5 ], "texture": "#paper" },
				"north": { "uv": [ 8, 10.25, 7.875, 10.5 ], "texture": "#paper" },
				"south": { "uv": [ 7.875, 10, 8, 10.25 ], "texture": "#paper" },
				"west": { "uv": [ 7.875, 9.75, 8, 10 ], "texture": "#paper" },
				"east": { "uv": [ 8, 9.5, 7.875, 9.75 ], "texture": "#paper" }
			}
		},
		{
			"__comment": "Voxels",
			"from": [ 18, 6, -1 ],
			"to": [ 19, 9, 0 ],
			"faces": {
				"down": { "uv": [ 8.375, 15.125, 8.5, 15.25 ], "texture": "#paper" },
				"up": { "uv": [ 8.375, 15.125, 8.5, 15 ], "texture": "#paper" },
				"north": { "uv": [ 7.375, 11, 7.25, 11.375 ], "texture": "#paper" },
				"south": { "uv": [ 7.25, 10.625, 7.375, 11 ], "texture": "#paper" },
				"west": { "uv": [ 7.25, 10.25, 7.375, 10.625 ], "texture": "#paper" },
				"east": { "uv": [ 7.375, 9.875, 7.25, 10.25 ], "texture": "#paper" }
			}
		},
		{
			"__comment": "Voxels",
			"from": [ 19, 6, 0 ],
			"to": [ 20, 7, 1 ],
			"faces": {
				"down": { "uv": [ 8.375, 14.375, 8.5, 14.5 ], "texture": "#paper" },
				"up": { "uv": [ 8.375, 14.375, 8.5, 14.25 ], "texture": "#paper" },
				"north": { "uv": [ 8.5, 14.125, 8.375, 14.25 ], "texture": "#paper" },
				"south": { "uv": [ 8.375, 14, 8.5, 14.125 ], "texture": "#paper" },
				"west": { "uv": [ 8.375, 13.875, 8.5, 14 ], "texture": "#paper" },
				"east": { "uv": [ 8.5, 13.75, 8.375, 13.875 ], "texture": "#paper" }
			}
		},
		{
			"__comment": "Voxels",
			"from": [ 19, 7, -1 ],
			"to": [ 20, 8, 0 ],
			"faces": {
				"down": { "uv": [ 8.375, 13.625, 8.5, 13.75 ], "texture": "#paper" },
				"up": { "uv": [ 8.375, 13.625, 8.5, 13.5 ], "texture": "#paper" },
				"north": { "uv": [ 8.5, 13.375, 8.375, 13.5 ], "texture": "#paper" },
				"south": { "uv": [ 8.375, 13.25, 8.5, 13.375 ], "texture": "#paper" },
				"west": { "uv": [ 8.375, 13.125, 8.5, 13.25 ], "texture": "#paper" },
				"east": { "uv": [ 8.5, 13, 8.375, 13.125 ], "texture": "#paper" }
			}
		},
		{
			"__comment": "Voxels",
			"from": [ 19, 8, 0 ],
			"to": [ 21, 9, 1 ],
			"faces": {
				"down": { "uv": [ 8, 13.375, 8.25, 13.5 ], "texture": "#paper" },
				"up": { "uv": [ 8, 13.375, 8.25, 13.25 ], "texture": "#paper" },
				"north": { "uv": [ 8.25, 13.125, 8, 13.25 ], "texture": "#paper" },
				"south": { "uv": [ 8, 13, 8.25, 13.125 ], "texture": "#paper" },
				"west": { "uv": [ 8.375, 12.375, 8.5, 12.5 ], "texture": "#paper" },
				"east": { "uv": [ 8.5, 12.25, 8.375, 12.375 ], "texture": "#paper" }
			}
		},
		{
			"__comment": "Voxels",
			"from": [ 19, 8, 4 ],
			"to": [ 21, 9, 5 ],
			"faces": {
				"down": { "uv": [ 8, 12.875, 8.25, 13 ], "texture": "#paper" },
				"up": { "uv": [ 8, 12.875, 8.25, 12.75 ], "texture": "#paper" },
				"north": { "uv": [ 8.25, 12.625, 8, 12.75 ], "texture": "#paper" },
				"south": { "uv": [ 8, 12.5, 8.25, 12.625 ], "texture": "#paper" },
				"west": { "uv": [ 8.375, 11.625, 8.5, 11.75 ], "texture": "#paper" },
				"east": { "uv": [ 8.5, 11.5, 8.375, 11.625 ], "texture": "#paper" }
			}
		},
		{
			"__comment": "Voxels",
			"from": [ 20, 7, 0 ],
			"to": [ 21, 8, 2 ],
			"faces": {
				"down": { "uv": [ 7.875, 8.75, 8, 9 ], "texture": "#paper" },
				"up": { "uv": [ 7.875, 8.75, 8, 8.5 ], "texture": "#paper" },
				"north": { "uv": [ 8.5, 11.125, 8.375, 11.25 ], "texture": "#paper" },
				"south": { "uv": [ 8.375, 11, 8.5, 11.125 ], "texture": "#paper" },
				"west": { "uv": [ 8, 12.375, 8.25, 12.5 ], "texture": "#paper" },
				"east": { "uv": [ 8.25, 12.25, 8, 12.375 ], "texture": "#paper" }
			}
		},
		{
			"__comment": "Voxels",
			"from": [ 20, 7, 3 ],
			"to": [ 22, 8, 4 ],
			"faces": {
				"down": { "uv": [ 8, 12.125, 8.25, 12.25 ], "texture": "#paper" },
				"up": { "uv": [ 8, 12.125, 8.25, 12 ], "texture": "#paper" },
				"north": { "uv": [ 8.25, 11.875, 8, 12 ], "texture": "#paper" },
				"south": { "uv": [ 8, 11.75, 8.25, 11.875 ], "texture": "#paper" },
				"west": { "uv": [ 8.375, 10.125, 8.5, 10.25 ], "texture": "#paper" },
				"east": { "uv": [ 8.5, 10, 8.375, 10.125 ], "texture": "#paper" }
			}
		},
		{
			"__comment": "Voxels",
			"from": [ 20, 7, 4 ],
			"to": [ 21, 8, 5 ],
			"faces": {
				"down": { "uv": [ 8.375, 9.875, 8.5, 10 ], "texture": "#paper" },
				"up": { "uv": [ 8.375, 9.875, 8.5, 9.75 ], "texture": "#paper" },
				"north": { "uv": [ 8.5, 9.625, 8.375, 9.75 ], "texture": "#paper" },
				"south": { "uv": [ 8.375, 9.5, 8.5, 9.625 ], "texture": "#paper" },
				"west": { "uv": [ 8.375, 9.375, 8.5, 9.5 ], "texture": "#paper" },
				"east": { "uv": [ 8.5, 9.25, 8.375, 9.375 ], "texture": "#paper" }
			}
		},
		{
			"__comment": "Voxels",
			"from": [ 21, 7, 1 ],
			"to": [ 22, 9, 2 ],
			"faces": {
				"down": { "uv": [ 8.375, 9.125, 8.5, 9.25 ], "texture": "#paper" },
				"up": { "uv": [ 8.375, 9.125, 8.5, 9 ], "texture": "#paper" },
				"north": { "uv": [ 8, 8.25, 7.875, 8.5 ], "texture": "#paper" },
				"south": { "uv": [ 7.875, 8, 8, 8.25 ], "texture": "#paper" },
				"west": { "uv": [ 8, 11.5, 8.125, 11.75 ], "texture": "#paper" },
				"east": { "uv": [ 8.25, 11.5, 8.125, 11.75 ], "texture": "#paper" }
			}
		},
		{
			"__comment": "Voxels",
			"from": [ 21, 8, 3 ],
			"to": [ 23, 9, 4 ],
			"faces": {
				"down": { "uv": [ 8, 11.375, 8.25, 11.5 ], "texture": "#paper" },
				"up": { "uv": [ 8, 11.375, 8.25, 11.25 ], "texture": "#paper" },
				"north": { "uv": [ 8.25, 11.125, 8, 11.25 ], "texture": "#paper" },
				"south": { "uv": [ 8, 11, 8.25, 11.125 ], "texture": "#paper" },
				"west": { "uv": [ 8.5, 15.375, 8.625, 15.5 ], "texture": "#paper" },
				"east": { "uv": [ 8.75, 15.375, 8.625, 15.5 ], "texture": "#paper" }
			}
		},
		{
			"__comment": "Voxels",
			"from": [ 22, 7, 2 ],
			"to": [ 23, 9, 3 ],
			"faces": {
				"down": { "uv": [ 8.75, 15.375, 8.875, 15.5 ], "texture": "#paper" },
				"up": { "uv": [ 8.875, 15.5, 9, 15.375 ], "texture": "#paper" },
				"north": { "uv": [ 8.125, 10.75, 8, 11 ], "texture": "#paper" },
				"south": { "uv": [ 8.125, 10.75, 8.25, 11 ], "texture": "#paper" },
				"west": { "uv": [ 8, 10.5, 8.125, 10.75 ], "texture": "#paper" },
				"east": { "uv": [ 8.25, 10.5, 8.125, 10.75 ], "texture": "#paper" }
			}
		},
		{
			"__comment": "Voxels",
			"from": [ 22, 8, 1 ],
			"to": [ 23, 9, 2 ],
			"faces": {
				"down": { "uv": [ 9.5, 15.375, 9.625, 15.5 ], "texture": "#paper" },
				"up": { "uv": [ 9.625, 15.5, 9.75, 15.375 ], "texture": "#paper" },
				"north": { "uv": [ 9.875, 15.375, 9.75, 15.5 ], "texture": "#paper" },
				"south": { "uv": [ 9.875, 15.375, 10, 15.5 ], "texture": "#paper" },
				"west": { "uv": [ 10, 15.375, 10.125, 15.5 ], "texture": "#paper" },
				"east": { "uv": [ 10.25, 15.375, 10.125, 15.5 ], "texture": "#paper" }
			}
		},
		{
			"__comment": "Voxels",
			"from": [ 23, 8, 2 ],
			"to": [ 24, 9, 3 ],
			"faces": {
				"down": { "uv": [ 10.25, 15.375, 10.375, 15.5 ], "texture": "#paper" },
				"up": { "uv": [ 10.375, 15.5, 10.5, 15.375 ], "texture": "#paper" },
				"north": { "uv": [ 10.625, 15.375, 10.5, 15.5 ], "texture": "#paper" },
				"south": { "uv": [ 10.625, 15.375, 10.75, 15.5 ], "texture": "#paper" },
				"west": { "uv": [ 10.75, 15.375, 10.875, 15.5 ], "texture": "#paper" },
				"east": { "uv": [ 11, 15.375, 10.875, 15.5 ], "texture": "#paper" }
			}
		}
	],
	"display": {
		"thirdperson_righthand": {
			"rotation":  [ 107, -45, 14 ],
			"translation":  [ -2.782, 2.0869, 1.3913 ],
			"scale":  [ 0.3, 0.3, 0.3 ]
		},
		"thirdperson_lefthand": {
			"rotation":  [ 107, -45, 14 ],
			"translation":  [ -2.782, 2.0869, 1.3913 ],
			"scale":  [ 0.3, 0.3, 0.3 ]
		},
		"firstperson_righthand": {
			"rotation":  [ 0, -55, 11 ],
			"translation":  [ 0.6956, 0, 0 ],
			"scale":  [ 0.5, 0.5, 0.5 ]
		},
		"firstperson_lefthand": {
			"rotation":  [ 0, -55, 11 ],
			"translation":  [ 0.6956, 0, 0 ],
			"scale":  [ 0.5, 0.5, 0.5 ]
		},
		"gui": {
			"translation":  [ 0.3, -1.391, 0 ],
			"scale":  [ 0.4, 0.5, 0.0001 ]
		},
		"head": {
			"rotation":  [ 0, 180, 0 ],
			"translation":  [ 0, 9.7383, -2.782 ],
			"scale":  [ 0.5, 0.7, 0.5 ]
		},
		"ground": {
			"scale":  [ 0.5, 0.7, 0.5 ]
		},
		"fixed": {
			"rotation":  [ -90, 0, 0 ],
			"translation":  [ 0, 2.0872, -3 ],
			"scale":  [ 0.5, 0.7, 0.5 ]
		}
	}
}