{
	"__comment": "haru_711",
	"textures": {
		"particle": "item/fish/domi",
		"domi": "item/fish/domi"
	},
	"elements": [ 	 
		{
			"__comment": "Voxels",
			"from": [ -10.6667, 7.7037, 6.5185 ],
			"to": [ 24.88886, 8.296292, 7.703685 ],
			"faces": {
				"down": { "uv": [ 6.25, 15.75, 13.75, 16 ], "texture": "#domi" },
				"up": { "uv": [ 6.25, 15.75, 13.75, 15.5 ], "texture": "#domi" },
				"north": { "uv": [ 13.75, 15.375, 6.25, 15.5 ], "texture": "#domi" },
				"south": { "uv": [ 0, 14.25, 7.5, 14.375 ], "texture": "#domi" },
				"west": { "uv": [ 4.625, 6.625, 4.875, 6.75 ], "texture": "#domi" },
				"east": { "uv": [ 5.5, 9.875, 5.25, 10 ], "texture": "#domi" }
			}
		},
		{
			"__comment": "Voxels",
			"from": [ -10.6667, 7.7037, 11.8519 ],
			"to": [ 19.55552, 8.296292, 13.03709 ],
			"faces": {
				"down": { "uv": [ 0, 14.875, 6.375, 15.125 ], "texture": "#domi" },
				"up": { "uv": [ 6.375, 15.125, 12.75, 14.875 ], "texture": "#domi" },
				"north": { "uv": [ 6.375, 12, 0, 12.125 ], "texture": "#domi" },
				"south": { "uv": [ 6.5, 12.125, 12.875, 12.25 ], "texture": "#domi" },
				"west": { "uv": [ 5.25, 10, 5.5, 10.125 ], "texture": "#domi" },
				"east": { "uv": [ 16, 11.875, 15.75, 12 ], "texture": "#domi" }
			}
		},
		{
			"__comment": "Voxels",
			"from": [ -10.0741, 7.7037, 5.3333 ],
			"to": [ 25.48146, 8.296292, 5.925892 ],
			"faces": {
				"down": { "uv": [ 7.5, 14.25, 15, 14.375 ], "texture": "#domi" },
				"up": { "uv": [ 0, 14.25, 7.5, 14.125 ], "texture": "#domi" },
				"north": { "uv": [ 15, 14.125, 7.5, 14.25 ], "texture": "#domi" },
				"south": { "uv": [ 0, 14, 7.5, 14.125 ], "texture": "#domi" },
				"west": { "uv": [ 3.375, 6.125, 3.5, 6.25 ], "texture": "#domi" },
				"east": { "uv": [ 3.5, 6, 3.375, 6.125 ], "texture": "#domi" }
			}
		},
		{
			"__comment": "Voxels",
			"from": [ -10.0741, 7.7037, 5.9259 ],
			"to": [ 24.88886, 8.296292, 6.518493 ],
			"faces": {
				"down": { "uv": [ 7.375, 13.75, 14.75, 13.875 ], "texture": "#domi" },
				"up": { "uv": [ 0, 13.75, 7.375, 13.625 ], "texture": "#domi" },
				"north": { "uv": [ 14.75, 13.625, 7.375, 13.75 ], "texture": "#domi" },
				"south": { "uv": [ 0, 13.5, 7.375, 13.625 ], "texture": "#domi" },
				"west": { "uv": [ 15.875, 14.75, 16, 14.875 ], "texture": "#domi" },
				"east": { "uv": [ 16, 14.625, 15.875, 14.75 ], "texture": "#domi" }
			}
		},
		{
			"__comment": "Voxels",
			"from": [ -10.0741, 7.7037, 7.7037 ],
			"to": [ 24.88886, 8.296292, 8.296292 ],
			"faces": {
				"down": { "uv": [ 7.375, 13.5, 14.75, 13.625 ], "texture": "#domi" },
				"up": { "uv": [ 0, 13.5, 7.375, 13.375 ], "texture": "#domi" },
				"north": { "uv": [ 14.75, 13.375, 7.375, 13.5 ], "texture": "#domi" },
				"south": { "uv": [ 0, 13.25, 7.375, 13.375 ], "texture": "#domi" },
				"west": { "uv": [ 15.875, 13.375, 16, 13.5 ], "texture": "#domi" },
				"east": { "uv": [ 16, 12.125, 15.875, 12.25 ], "texture": "#domi" }
			}
		},
		{
			"__comment": "Voxels",
			"from": [ -10.0741, 7.7037, 11.2593 ],
			"to": [ 20.14812, 8.296292, 11.85189 ],
			"faces": {
				"down": { "uv": [ 6.375, 12, 12.75, 12.125 ], "texture": "#domi" },
				"up": { "uv": [ 0, 12, 6.375, 11.875 ], "texture": "#domi" },
				"north": { "uv": [ 12.75, 11.875, 6.375, 12 ], "texture": "#domi" },
				"south": { "uv": [ 0, 11.75, 6.375, 11.875 ], "texture": "#domi" },
				"west": { "uv": [ 15.875, 11.375, 16, 11.5 ], "texture": "#domi" },
				"east": { "uv": [ 16, 10.625, 15.875, 10.75 ], "texture": "#domi" }
			}
		},
		{
			"__comment": "Voxels",
			"from": [ -10.0741, 7.7037, 13.037 ],
			"to": [ 20.74072, 8.296292, 13.62959 ],
			"faces": {
				"down": { "uv": [ 7, 12.375, 13.5, 12.5 ], "texture": "#domi" },
				"up": { "uv": [ 0, 12.375, 6.5, 12.25 ], "texture": "#domi" },
				"north": { "uv": [ 13, 12.25, 6.5, 12.375 ], "texture": "#domi" },
				"south": { "uv": [ 0, 12.125, 6.5, 12.25 ], "texture": "#domi" },
				"west": { "uv": [ 15.875, 10.5, 16, 10.625 ], "texture": "#domi" },
				"east": { "uv": [ 5.5, 7.875, 5.375, 8 ], "texture": "#domi" }
			}
		},
		{
			"__comment": "Voxels",
			"from": [ -9.4815, 7.7037, 4.7407 ],
			"to": [ 25.48146, 8.296292, 5.333292 ],
			"faces": {
				"down": { "uv": [ 0, 13.75, 7.375, 13.875 ], "texture": "#domi" },
				"up": { "uv": [ 7.375, 14, 14.75, 13.875 ], "texture": "#domi" },
				"north": { "uv": [ 7.375, 13.875, 0, 14 ], "texture": "#domi" },
				"south": { "uv": [ 7.5, 14, 14.875, 14.125 ], "texture": "#domi" },
				"west": { "uv": [ 1, 6.375, 1.125, 6.5 ], "texture": "#domi" },
				"east": { "uv": [ 5.5, 7.75, 5.375, 7.875 ], "texture": "#domi" }
			}
		},
		{
			"__comment": "Voxels",
			"from": [ -9.4815, 7.7037, 8.2963 ],
			"to": [ 24.88887, 8.296292, 9.481485 ],
			"faces": {
				"down": { "uv": [ 0, 15.125, 7.25, 15.375 ], "texture": "#domi" },
				"up": { "uv": [ 7.25, 15.375, 14.5, 15.125 ], "texture": "#domi" },
				"north": { "uv": [ 14.625, 13.25, 7.375, 13.375 ], "texture": "#domi" },
				"south": { "uv": [ 0, 13.125, 7.25, 13.25 ], "texture": "#domi" },
				"west": { "uv": [ 4.375, 6.75, 4.625, 6.875 ], "texture": "#domi" },
				"east": { "uv": [ 16, 12.375, 15.75, 12.5 ], "texture": "#domi" }
			}
		},
		{
			"__comment": "Voxels",
			"from": [ -8.8889, 7.7037, 4.1481 ],
			"to": [ 18.96295, 8.296292, 4.740693 ],
			"faces": {
				"down": { "uv": [ 6, 11, 11.875, 11.125 ], "texture": "#domi" },
				"up": { "uv": [ 0, 10.875, 5.875, 10.75 ], "texture": "#domi" },
				"north": { "uv": [ 11.75, 10.875, 5.875, 11 ], "texture": "#domi" },
				"south": { "uv": [ 0, 10.875, 5.875, 11 ], "texture": "#domi" },
				"west": { "uv": [ 5.375, 7.625, 5.5, 7.75 ], "texture": "#domi" },
				"east": { "uv": [ 4.25, 6.625, 4.125, 6.75 ], "texture": "#domi" }
			}
		},
		{
			"__comment": "Voxels",
			"from": [ -8.8889, 7.7037, 9.4815 ],
			"to": [ 24.88888, 8.296292, 10.07409 ],
			"faces": {
				"down": { "uv": [ 7.25, 12.875, 14.375, 13 ], "texture": "#domi" },
				"up": { "uv": [ 7.125, 12.875, 14.25, 12.75 ], "texture": "#domi" },
				"north": { "uv": [ 7.125, 12.75, 0, 12.875 ], "texture": "#domi" },
				"south": { "uv": [ 0, 12.625, 7.125, 12.75 ], "texture": "#domi" },
				"west": { "uv": [ 4.125, 6.5, 4.25, 6.625 ], "texture": "#domi" },
				"east": { "uv": [ 4.375, 6.5, 4.25, 6.625 ], "texture": "#domi" }
			}
		},
		{
			"__comment": "Voxels",
			"from": [ -8.8889, 7.7037, 10.6667 ],
			"to": [ 25.48147, 8.296292, 11.25929 ],
			"faces": {
				"down": { "uv": [ 0, 12.875, 7.25, 13 ], "texture": "#domi" },
				"up": { "uv": [ 7.25, 13.125, 14.5, 13 ], "texture": "#domi" },
				"north": { "uv": [ 7.25, 13, 0, 13.125 ], "texture": "#domi" },
				"south": { "uv": [ 7.25, 13.125, 14.5, 13.25 ], "texture": "#domi" },
				"west": { "uv": [ 5, 6.625, 5.125, 6.75 ], "texture": "#domi" },
				"east": { "uv": [ 5.125, 6.5, 5, 6.625 ], "texture": "#domi" }
			}
		},
		{
			"__comment": "Voxels",
			"from": [ -8.8889, 7.7037, 13.6296 ],
			"to": [ 20.74073, 8.296292, 14.22219 ],
			"faces": {
				"down": { "uv": [ 0, 11.5, 6.25, 11.625 ], "texture": "#domi" },
				"up": { "uv": [ 6.25, 11.75, 12.5, 11.625 ], "texture": "#domi" },
				"north": { "uv": [ 6.25, 11.625, 0, 11.75 ], "texture": "#domi" },
				"south": { "uv": [ 6.375, 11.75, 12.625, 11.875 ], "texture": "#domi" },
				"west": { "uv": [ 5.375, 6.75, 5.5, 6.875 ], "texture": "#domi" },
				"east": { "uv": [ 0.75, 6.125, 0.625, 6.25 ], "texture": "#domi" }
			}
		},
		{
			"__comment": "Voxels",
			"from": [ -8.2963, 7.7037, 2.963 ],
			"to": [ 17.77777, 8.296292, 4.148185 ],
			"faces": {
				"down": { "uv": [ 0, 14.625, 5.5, 14.875 ], "texture": "#domi" },
				"up": { "uv": [ 5.5, 14.875, 11, 14.625 ], "texture": "#domi" },
				"north": { "uv": [ 5.5, 10.25, 0, 10.375 ], "texture": "#domi" },
				"south": { "uv": [ 0, 10.125, 5.5, 10.25 ], "texture": "#domi" },
				"west": { "uv": [ 4.875, 6.75, 5.125, 6.875 ], "texture": "#domi" },
				"east": { "uv": [ 4.875, 6.5, 4.625, 6.625 ], "texture": "#domi" }
			}
		},
		{
			"__comment": "Voxels",
			"from": [ -8.2963, 7.7037, 10.0741 ],
			"to": [ 24.88889, 8.296292, 10.66669 ],
			"faces": {
				"down": { "uv": [ 7, 12.5, 14, 12.625 ], "texture": "#domi" },
				"up": { "uv": [ 0, 12.625, 7, 12.5 ], "texture": "#domi" },
				"north": { "uv": [ 7, 12.375, 0, 12.5 ], "texture": "#domi" },
				"south": { "uv": [ 7.125, 12.625, 14.125, 12.75 ], "texture": "#domi" },
				"west": { "uv": [ 0.875, 6.125, 1, 6.25 ], "texture": "#domi" },
				"east": { "uv": [ 1, 6, 0.875, 6.125 ], "texture": "#domi" }
			}
		},
		{
			"__comment": "Voxels",
			"from": [ -8.2963, 7.7037, 14.2222 ],
			"to": [ 20.74074, 8.296292, 14.81479 ],
			"faces": {
				"down": { "uv": [ 6.25, 11.5, 12.375, 11.625 ], "texture": "#domi" },
				"up": { "uv": [ 6.125, 11.5, 12.25, 11.375 ], "texture": "#domi" },
				"north": { "uv": [ 6.125, 11.25, 0, 11.375 ], "texture": "#domi" },
				"south": { "uv": [ 0, 11.375, 6.125, 11.5 ], "texture": "#domi" },
				"west": { "uv": [ 2.25, 6.25, 2.375, 6.375 ], "texture": "#domi" },
				"east": { "uv": [ 1.125, 6.25, 1, 6.375 ], "texture": "#domi" }
			}
		},
		{
			"__comment": "Voxels",
			"from": [ -7.7037, 7.7037, 2.3704 ],
			"to": [ 18.37037, 8.296292, 2.962993 ],
			"faces": {
				"down": { "uv": [ 0, 10.625, 5.5, 10.75 ], "texture": "#domi" },
				"up": { "uv": [ 0, 10.5, 5.5, 10.375 ], "texture": "#domi" },
				"north": { "uv": [ 11, 10.5, 5.5, 10.625 ], "texture": "#domi" },
				"south": { "uv": [ 5.5, 10.625, 11, 10.75 ], "texture": "#domi" },
				"west": { "uv": [ 1.125, 6.375, 1.25, 6.5 ], "texture": "#domi" },
				"east": { "uv": [ 1.25, 6.25, 1.125, 6.375 ], "texture": "#domi" }
			}
		},
		{
			"__comment": "Voxels",
			"from": [ -7.7037, 7.7037, 14.8148 ],
			"to": [ 20.74075, 8.296292, 15.40739 ],
			"faces": {
				"down": { "uv": [ 0, 11, 6, 11.125 ], "texture": "#domi" },
				"up": { "uv": [ 6, 11.25, 12, 11.125 ], "texture": "#domi" },
				"north": { "uv": [ 6, 11.125, 0, 11.25 ], "texture": "#domi" },
				"south": { "uv": [ 6.125, 11.25, 12.125, 11.375 ], "texture": "#domi" },
				"west": { "uv": [ 1.125, 6.125, 1.25, 6.25 ], "texture": "#domi" },
				"east": { "uv": [ 1.25, 6, 1.125, 6.125 ], "texture": "#domi" }
			}
		},
		{
			"__comment": "Voxels",
			"from": [ -6.5185, 7.7037, 1.1852 ],
			"to": [ 18.37039, 8.296292, 2.370385 ],
			"faces": {
				"down": { "uv": [ 5.25, 14.375, 10.5, 14.625 ], "texture": "#domi" },
				"up": { "uv": [ 0, 14.625, 5.25, 14.375 ], "texture": "#domi" },
				"north": { "uv": [ 5.25, 9.875, 0, 10 ], "texture": "#domi" },
				"south": { "uv": [ 0, 10, 5.25, 10.125 ], "texture": "#domi" },
				"west": { "uv": [ 4.625, 6.75, 4.875, 6.875 ], "texture": "#domi" },
				"east": { "uv": [ 4.625, 6.5, 4.375, 6.625 ], "texture": "#domi" }
			}
		},
		{
			"__comment": "Voxels",
			"from": [ -5.9259, 7.7037, 0.5926 ],
			"to": [ 18.3704, 8.296292, 1.185193 ],
			"faces": {
				"down": { "uv": [ 0, 9.5, 5.125, 9.625 ], "texture": "#domi" },
				"up": { "uv": [ 0, 9.5, 5.125, 9.375 ], "texture": "#domi" },
				"north": { "uv": [ 5.125, 9.25, 0, 9.375 ], "texture": "#domi" },
				"south": { "uv": [ 0, 9.125, 5.125, 9.25 ], "texture": "#domi" },
				"west": { "uv": [ 1.25, 6.125, 1.375, 6.25 ], "texture": "#domi" },
				"east": { "uv": [ 1.375, 6, 1.25, 6.125 ], "texture": "#domi" }
			}
		},
		{
			"__comment": "Voxels",
			"from": [ -5.9259, 7.7037, 15.4074 ],
			"to": [ 20.14817, 8.296292, 15.99999 ],
			"faces": {
				"down": { "uv": [ 0, 10.5, 5.5, 10.625 ], "texture": "#domi" },
				"up": { "uv": [ 10.5, 14.5, 16, 14.375 ], "texture": "#domi" },
				"north": { "uv": [ 11.375, 10.75, 5.875, 10.875 ], "texture": "#domi" },
				"south": { "uv": [ 10.5, 14.5, 16, 14.625 ], "texture": "#domi" },
				"west": { "uv": [ 1.375, 6.375, 1.5, 6.5 ], "texture": "#domi" },
				"east": { "uv": [ 1.5, 6.25, 1.375, 6.375 ], "texture": "#domi" }
			}
		},
		{
			"__comment": "Voxels",
			"from": [ -4.7407, 7.7037, 0 ],
			"to": [ 18.37041, 8.296292, 0.5925926 ],
			"faces": {
				"down": { "uv": [ 11, 10.625, 15.875, 10.75 ], "texture": "#domi" },
				"up": { "uv": [ 11, 10.625, 15.875, 10.5 ], "texture": "#domi" },
				"north": { "uv": [ 15.875, 14.75, 11, 14.875 ], "texture": "#domi" },
				"south": { "uv": [ 11, 14.625, 15.875, 14.75 ], "texture": "#domi" },
				"west": { "uv": [ 1.5, 6.375, 1.625, 6.5 ], "texture": "#domi" },
				"east": { "uv": [ 1.625, 6.25, 1.5, 6.375 ], "texture": "#domi" }
			}
		},
		{
			"__comment": "Voxels",
			"from": [ -4.7407, 7.7037, 16 ],
			"to": [ 19.5556, 8.296292, 16.59259 ],
			"faces": {
				"down": { "uv": [ 0, 9.625, 5.125, 9.75 ], "texture": "#domi" },
				"up": { "uv": [ 0, 9.875, 5.125, 9.75 ], "texture": "#domi" },
				"north": { "uv": [ 5.125, 8.875, 0, 9 ], "texture": "#domi" },
				"south": { "uv": [ 0, 9, 5.125, 9.125 ], "texture": "#domi" },
				"west": { "uv": [ 1.5, 6.125, 1.625, 6.25 ], "texture": "#domi" },
				"east": { "uv": [ 1.625, 6, 1.5, 6.125 ], "texture": "#domi" }
			}
		},
		{
			"__comment": "Voxels",
			"from": [ -4.1481, 7.7037, -0.5926 ],
			"to": [ 17.77783, 8.296292, -0.000007391 ],
			"faces": {
				"down": { "uv": [ 11.375, 10.75, 16, 10.875 ], "texture": "#domi" },
				"up": { "uv": [ 0, 8.125, 4.625, 8 ], "texture": "#domi" },
				"north": { "uv": [ 4.625, 8.25, 0, 8.375 ], "texture": "#domi" },
				"south": { "uv": [ 0, 8.125, 4.625, 8.25 ], "texture": "#domi" },
				"west": { "uv": [ 1.625, 6.125, 1.75, 6.25 ], "texture": "#domi" },
				"east": { "uv": [ 1.75, 6, 1.625, 6.125 ], "texture": "#domi" }
			}
		},
		{
			"__comment": "Voxels",
			"from": [ -3.5556, 7.7037, -1.1852 ],
			"to": [ 17.18514, 8.296292, -0.5926074 ],
			"faces": {
				"down": { "uv": [ 0, 7.875, 4.375, 8 ], "texture": "#domi" },
				"up": { "uv": [ 0, 7.625, 4.375, 7.5 ], "texture": "#domi" },
				"north": { "uv": [ 4.375, 7.625, 0, 7.75 ], "texture": "#domi" },
				"south": { "uv": [ 0, 7.75, 4.375, 7.875 ], "texture": "#domi" },
				"west": { "uv": [ 1.75, 6.375, 1.875, 6.5 ], "texture": "#domi" },
				"east": { "uv": [ 1.875, 6.25, 1.75, 6.375 ], "texture": "#domi" }
			}
		},
		{
			"__comment": "Voxels",
			"from": [ -3.5556, 7.7037, 16.5926 ],
			"to": [ 18.96292, 8.296292, 17.18519 ],
			"faces": {
				"down": { "uv": [ 0, 8.75, 4.75, 8.875 ], "texture": "#domi" },
				"up": { "uv": [ 0, 8.75, 4.75, 8.625 ], "texture": "#domi" },
				"north": { "uv": [ 4.75, 8.5, 0, 8.625 ], "texture": "#domi" },
				"south": { "uv": [ 0, 8.375, 4.75, 8.5 ], "texture": "#domi" },
				"west": { "uv": [ 1.875, 6.375, 2, 6.5 ], "texture": "#domi" },
				"east": { "uv": [ 2, 6.25, 1.875, 6.375 ], "texture": "#domi" }
			}
		},
		{
			"__comment": "Voxels",
			"from": [ -2.3704, 7.7037, -4.1481 ],
			"to": [ 12.44441, 8.296292, -1.185137 ],
			"faces": {
				"down": { "uv": [ 3.125, 15.375, 6.25, 16 ], "texture": "#domi" },
				"up": { "uv": [ 0, 16, 3.125, 15.375 ], "texture": "#domi" },
				"north": { "uv": [ 15.875, 15, 12.75, 15.125 ], "texture": "#domi" },
				"south": { "uv": [ 12.75, 14.875, 15.875, 15 ], "texture": "#domi" },
				"west": { "uv": [ 15.375, 11.25, 16, 11.375 ], "texture": "#domi" },
				"east": { "uv": [ 2.5, 6.875, 1.875, 7 ], "texture": "#domi" }
			}
		},
		{
			"__comment": "Voxels",
			"from": [ -1.7778, 7.7037, -4.7407 ],
			"to": [ 12.44442, 8.296292, -4.148107 ],
			"faces": {
				"down": { "uv": [ 13, 12.25, 16, 12.375 ], "texture": "#domi" },
				"up": { "uv": [ 12.75, 12, 15.75, 11.875 ], "texture": "#domi" },
				"north": { "uv": [ 15.75, 12, 12.75, 12.125 ], "texture": "#domi" },
				"south": { "uv": [ 12.875, 12.125, 15.875, 12.25 ], "texture": "#domi" },
				"west": { "uv": [ 1.875, 6.125, 2, 6.25 ], "texture": "#domi" },
				"east": { "uv": [ 2, 6, 1.875, 6.125 ], "texture": "#domi" }
			}
		},
		{
			"__comment": "Voxels",
			"from": [ -1.7778, 7.7037, 17.1852 ],
			"to": [ 18.37035, 8.296292, 17.77779 ],
			"faces": {
				"down": { "uv": [ 11.75, 10.875, 16, 11 ], "texture": "#domi" },
				"up": { "uv": [ 0, 7.5, 4.25, 7.375 ], "texture": "#domi" },
				"north": { "uv": [ 4.25, 7.125, 0, 7.25 ], "texture": "#domi" },
				"south": { "uv": [ 0, 7.25, 4.25, 7.375 ], "texture": "#domi" },
				"west": { "uv": [ 2, 6.125, 2.125, 6.25 ], "texture": "#domi" },
				"east": { "uv": [ 2.25, 6.375, 2.125, 6.5 ], "texture": "#domi" }
			}
		},
		{
			"__comment": "Voxels",
			"from": [ -0.5926, 7.7037, -5.3333 ],
			"to": [ 11.85184, 8.296292, -4.740707 ],
			"faces": {
				"down": { "uv": [ 12.5, 11.625, 15.125, 11.75 ], "texture": "#domi" },
				"up": { "uv": [ 12.375, 11.625, 15, 11.5 ], "texture": "#domi" },
				"north": { "uv": [ 14.875, 11.375, 12.25, 11.5 ], "texture": "#domi" },
				"south": { "uv": [ 12.625, 11.75, 15.25, 11.875 ], "texture": "#domi" },
				"west": { "uv": [ 2.125, 6.25, 2.25, 6.375 ], "texture": "#domi" },
				"east": { "uv": [ 2.375, 6.375, 2.25, 6.5 ], "texture": "#domi" }
			}
		},
		{
			"__comment": "Voxels",
			"from": [ -0.5926, 7.7037, 17.7778 ],
			"to": [ 10.07407, 8.296292, 18.37039 ],
			"faces": {
				"down": { "uv": [ 13.5, 12.375, 15.75, 12.5 ], "texture": "#domi" },
				"up": { "uv": [ 12.125, 11.375, 14.375, 11.25 ], "texture": "#domi" },
				"north": { "uv": [ 14.25, 11.125, 12, 11.25 ], "texture": "#domi" },
				"south": { "uv": [ 11.875, 11, 14.125, 11.125 ], "texture": "#domi" },
				"west": { "uv": [ 2.25, 6, 2.375, 6.125 ], "texture": "#domi" },
				"east": { "uv": [ 2.375, 6.125, 2.25, 6.25 ], "texture": "#domi" }
			}
		},
		{
			"__comment": "Voxels",
			"from": [ -0.5926, 7.7037, 18.3704 ],
			"to": [ 4.740734, 8.296292, 19.55558 ],
			"faces": {
				"down": { "uv": [ 14.5, 15.125, 15.625, 15.375 ], "texture": "#domi" },
				"up": { "uv": [ 0, 7.125, 1.125, 6.875 ], "texture": "#domi" },
				"north": { "uv": [ 16, 14, 14.875, 14.125 ], "texture": "#domi" },
				"south": { "uv": [ 14.5, 13, 15.625, 13.125 ], "texture": "#domi" },
				"west": { "uv": [ 15.75, 12, 16, 12.125 ], "texture": "#domi" },
				"east": { "uv": [ 16, 13.25, 15.75, 13.375 ], "texture": "#domi" }
			}
		},
		{
			"__comment": "Voxels",
			"from": [ 0, 7.7037, -6.5185 ],
			"to": [ 9.481482, 8.296292, -5.333315 ],
			"faces": {
				"down": { "uv": [ 13.75, 15.5, 15.75, 15.75 ], "texture": "#domi" },
				"up": { "uv": [ 13.75, 16, 15.75, 15.75 ], "texture": "#domi" },
				"north": { "uv": [ 15.75, 15.375, 13.75, 15.5 ], "texture": "#domi" },
				"south": { "uv": [ 14, 12.5, 16, 12.625 ], "texture": "#domi" },
				"west": { "uv": [ 15.75, 15.75, 16, 15.875 ], "texture": "#domi" },
				"east": { "uv": [ 16, 15.875, 15.75, 16 ], "texture": "#domi" }
			}
		},
		{
			"__comment": "Voxels",
			"from": [ 0, 7.7037, 19.5556 ],
			"to": [ 3.555556, 8.296292, 20.14819 ],
			"faces": {
				"down": { "uv": [ 15.25, 11.125, 16, 11.25 ], "texture": "#domi" },
				"up": { "uv": [ 4.75, 8.875, 5.5, 8.75 ], "texture": "#domi" },
				"north": { "uv": [ 5.5, 8.625, 4.75, 8.75 ], "texture": "#domi" },
				"south": { "uv": [ 4.75, 8.5, 5.5, 8.625 ], "texture": "#domi" },
				"west": { "uv": [ 2.375, 6.125, 2.5, 6.25 ], "texture": "#domi" },
				"east": { "uv": [ 2.5, 6, 2.375, 6.125 ], "texture": "#domi" }
			}
		},
		{
			"__comment": "Voxels",
			"from": [ 0, 7.7037, 20.1481 ],
			"to": [ 2.962963, 8.296292, 20.74069 ],
			"faces": {
				"down": { "uv": [ 4.5, 6.875, 5.125, 7 ], "texture": "#domi" },
				"up": { "uv": [ 3.875, 7, 4.5, 6.875 ], "texture": "#domi" },
				"north": { "uv": [ 4.5, 7, 3.875, 7.125 ], "texture": "#domi" },
				"south": { "uv": [ 0.25, 6.75, 0.875, 6.875 ], "texture": "#domi" },
				"west": { "uv": [ 2.5, 6.375, 2.625, 6.5 ], "texture": "#domi" },
				"east": { "uv": [ 2.625, 6.25, 2.5, 6.375 ], "texture": "#domi" }
			}
		},
		{
			"__comment": "Voxels",
			"from": [ 0.5926, 7.7037, 20.7407 ],
			"to": [ 2.370378, 8.296292, 21.33329 ],
			"faces": {
				"down": { "uv": [ 5.125, 8.875, 5.5, 9 ], "texture": "#domi" },
				"up": { "uv": [ 5.125, 7.5, 5.5, 7.375 ], "texture": "#domi" },
				"north": { "uv": [ 5.5, 7, 5.125, 7.125 ], "texture": "#domi" },
				"south": { "uv": [ 5.125, 6.875, 5.5, 7 ], "texture": "#domi" },
				"west": { "uv": [ 2.625, 6.375, 2.75, 6.5 ], "texture": "#domi" },
				"east": { "uv": [ 2.75, 6.25, 2.625, 6.375 ], "texture": "#domi" }
			}
		},
		{
			"__comment": "Voxels",
			"from": [ 1.7778, 7.7037, -7.1111 ],
			"to": [ 7.111134, 8.296292, -6.518507 ],
			"faces": {
				"down": { "uv": [ 14.375, 12.875, 15.5, 13 ], "texture": "#domi" },
				"up": { "uv": [ 14.5, 13.25, 15.625, 13.125 ], "texture": "#domi" },
				"north": { "uv": [ 15.75, 13.25, 14.625, 13.375 ], "texture": "#domi" },
				"south": { "uv": [ 14.75, 13.375, 15.875, 13.5 ], "texture": "#domi" },
				"west": { "uv": [ 2.625, 6.125, 2.75, 6.25 ], "texture": "#domi" },
				"east": { "uv": [ 2.75, 6, 2.625, 6.125 ], "texture": "#domi" }
			}
		},
		{
			"__comment": "Voxels",
			"from": [ 2.3704, 7.7037, -7.7037 ],
			"to": [ 4.148178, 8.296292, -7.111107 ],
			"faces": {
				"down": { "uv": [ 5.125, 9.375, 5.5, 9.5 ], "texture": "#domi" },
				"up": { "uv": [ 5.125, 9.375, 5.5, 9.25 ], "texture": "#domi" },
				"north": { "uv": [ 5.5, 9.125, 5.125, 9.25 ], "texture": "#domi" },
				"south": { "uv": [ 5.125, 9, 5.5, 9.125 ], "texture": "#domi" },
				"west": { "uv": [ 2.75, 6.125, 2.875, 6.25 ], "texture": "#domi" },
				"east": { "uv": [ 2.875, 6, 2.75, 6.125 ], "texture": "#domi" }
			}
		},
		{
			"__comment": "Voxels",
			"from": [ 9.4815, 7.7037, -5.9259 ],
			"to": [ 10.07409, 8.296292, -5.333307 ],
			"faces": {
				"down": { "uv": [ 2.875, 6.375, 3, 6.5 ], "texture": "#domi" },
				"up": { "uv": [ 2.875, 6.375, 3, 6.25 ], "texture": "#domi" },
				"north": { "uv": [ 3.125, 6.375, 3, 6.5 ], "texture": "#domi" },
				"south": { "uv": [ 3, 6.25, 3.125, 6.375 ], "texture": "#domi" },
				"west": { "uv": [ 3, 6.125, 3.125, 6.25 ], "texture": "#domi" },
				"east": { "uv": [ 3.125, 6, 3, 6.125 ], "texture": "#domi" }
			}
		},
		{
			"__comment": "Voxels",
			"from": [ 11.2593, 7.7037, 17.7778 ],
			"to": [ 17.18523, 8.296292, 18.37039 ],
			"faces": {
				"down": { "uv": [ 14.75, 13.875, 16, 14 ], "texture": "#domi" },
				"up": { "uv": [ 14.75, 13.625, 16, 13.5 ], "texture": "#domi" },
				"north": { "uv": [ 16, 13.625, 14.75, 13.75 ], "texture": "#domi" },
				"south": { "uv": [ 14.75, 13.75, 16, 13.875 ], "texture": "#domi" },
				"west": { "uv": [ 3.125, 6.125, 3.25, 6.25 ], "texture": "#domi" },
				"east": { "uv": [ 3.25, 6, 3.125, 6.125 ], "texture": "#domi" }
			}
		},
		{
			"__comment": "Voxels",
			"from": [ 11.8519, 7.7037, 18.3704 ],
			"to": [ 16.59264, 8.296292, 18.96299 ],
			"faces": {
				"down": { "uv": [ 15, 14.125, 16, 14.25 ], "texture": "#domi" },
				"up": { "uv": [ 15, 11.625, 16, 11.5 ], "texture": "#domi" },
				"north": { "uv": [ 5.375, 7.625, 4.375, 7.75 ], "texture": "#domi" },
				"south": { "uv": [ 15, 14.25, 16, 14.375 ], "texture": "#domi" },
				"west": { "uv": [ 3.25, 6.375, 3.375, 6.5 ], "texture": "#domi" },
				"east": { "uv": [ 3.375, 6.25, 3.25, 6.375 ], "texture": "#domi" }
			}
		},
		{
			"__comment": "Voxels",
			"from": [ 11.8519, 7.7037, 18.963 ],
			"to": [ 14.81486, 8.296292, 19.55559 ],
			"faces": {
				"down": { "uv": [ 2.625, 6.875, 3.25, 7 ], "texture": "#domi" },
				"up": { "uv": [ 2.625, 7.125, 3.25, 7 ], "texture": "#domi" },
				"north": { "uv": [ 3.875, 6.875, 3.25, 7 ], "texture": "#domi" },
				"south": { "uv": [ 3.25, 7, 3.875, 7.125 ], "texture": "#domi" },
				"west": { "uv": [ 3.375, 6.375, 3.5, 6.5 ], "texture": "#domi" },
				"east": { "uv": [ 3.5, 6.25, 3.375, 6.375 ], "texture": "#domi" }
			}
		},
		{
			"__comment": "Voxels",
			"from": [ 12.4444, 7.7037, -3.5556 ],
			"to": [ 13.03699, 8.296292, -1.18523 ],
			"faces": {
				"down": { "uv": [ 0.125, 6, 0.25, 6.5 ], "texture": "#domi" },
				"up": { "uv": [ 0, 6.5, 0.125, 6 ], "texture": "#domi" },
				"north": { "uv": [ 16, 15, 15.875, 15.125 ], "texture": "#domi" },
				"south": { "uv": [ 15.875, 14.875, 16, 15 ], "texture": "#domi" },
				"west": { "uv": [ 15.5, 12.875, 16, 13 ], "texture": "#domi" },
				"east": { "uv": [ 5.5, 7.25, 5, 7.375 ], "texture": "#domi" }
			}
		},
		{
			"__comment": "Voxels",
			"from": [ 13.037, 7.7037, -2.963 ],
			"to": [ 14.22219, 8.296292, -1.185222 ],
			"faces": {
				"down": { "uv": [ 15.75, 15.375, 16, 15.75 ], "texture": "#domi" },
				"up": { "uv": [ 0, 6.875, 0.25, 6.5 ], "texture": "#domi" },
				"north": { "uv": [ 4.625, 6.625, 4.375, 6.75 ], "texture": "#domi" },
				"south": { "uv": [ 3.875, 6.5, 4.125, 6.625 ], "texture": "#domi" },
				"west": { "uv": [ 15.625, 15.25, 16, 15.375 ], "texture": "#domi" },
				"east": { "uv": [ 16, 15.125, 15.625, 15.25 ], "texture": "#domi" }
			}
		},
		{
			"__comment": "Voxels",
			"from": [ 14.2222, 7.7037, -2.3704 ],
			"to": [ 14.81479, 8.296292, -1.185215 ],
			"faces": {
				"down": { "uv": [ 4.25, 6.625, 4.375, 6.875 ], "texture": "#domi" },
				"up": { "uv": [ 4.875, 6.75, 5, 6.5 ], "texture": "#domi" },
				"north": { "uv": [ 2.625, 6.875, 2.5, 7 ], "texture": "#domi" },
				"south": { "uv": [ 2, 6.5, 2.125, 6.625 ], "texture": "#domi" },
				"west": { "uv": [ 5.25, 7.5, 5.5, 7.625 ], "texture": "#domi" },
				"east": { "uv": [ 4.125, 6.625, 3.875, 6.75 ], "texture": "#domi" }
			}
		},
		{
			"__comment": "Voxels",
			"from": [ 14.8148, 7.7037, -1.7778 ],
			"to": [ 16.59258, 8.296292, -1.185207 ],
			"faces": {
				"down": { "uv": [ 15.625, 13, 16, 13.125 ], "texture": "#domi" },
				"up": { "uv": [ 5.125, 9.875, 5.5, 9.75 ], "texture": "#domi" },
				"north": { "uv": [ 5.5, 9.625, 5.125, 9.75 ], "texture": "#domi" },
				"south": { "uv": [ 5.125, 9.5, 5.5, 9.625 ], "texture": "#domi" },
				"west": { "uv": [ 5.375, 6.625, 5.5, 6.75 ], "texture": "#domi" },
				"east": { "uv": [ 5.5, 6.5, 5.375, 6.625 ], "texture": "#domi" }
			}
		},
		{
			"__comment": "Voxels",
			"from": [ 17.7778, 7.7037, 3.5556 ],
			"to": [ 18.37039, 8.296292, 4.148192 ],
			"faces": {
				"down": { "uv": [ 0.5, 6.25, 0.625, 6.375 ], "texture": "#domi" },
				"up": { "uv": [ 0.625, 6.375, 0.75, 6.25 ], "texture": "#domi" },
				"north": { "uv": [ 0.625, 6.125, 0.5, 6.25 ], "texture": "#domi" },
				"south": { "uv": [ 2, 6, 2.125, 6.125 ], "texture": "#domi" },
				"west": { "uv": [ 0.5, 6, 0.625, 6.125 ], "texture": "#domi" },
				"east": { "uv": [ 0.75, 6, 0.625, 6.125 ], "texture": "#domi" }
			}
		},
		{
			"__comment": "Voxels",
			"from": [ 19.5556, 7.7037, 12.4444 ],
			"to": [ 20.14819, 8.296292, 13.03699 ],
			"faces": {
				"down": { "uv": [ 0.75, 6.375, 0.875, 6.5 ], "texture": "#domi" },
				"up": { "uv": [ 0.75, 6.375, 0.875, 6.25 ], "texture": "#domi" },
				"north": { "uv": [ 0.875, 6.125, 0.75, 6.25 ], "texture": "#domi" },
				"south": { "uv": [ 0.75, 6, 0.875, 6.125 ], "texture": "#domi" },
				"west": { "uv": [ 0.875, 6.375, 1, 6.5 ], "texture": "#domi" },
				"east": { "uv": [ 1, 6.25, 0.875, 6.375 ], "texture": "#domi" }
			}
		},
		{
			"__comment": "Voxels",
			"from": [ 20.7407, 7.7037, 4.1481 ],
			"to": [ 25.48144, 8.296292, 4.740693 ],
			"faces": {
				"down": { "uv": [ 14.25, 12.75, 15.25, 12.875 ], "texture": "#domi" },
				"up": { "uv": [ 14.875, 11.5, 15.875, 11.375 ], "texture": "#domi" },
				"north": { "uv": [ 5.375, 7.875, 4.375, 8 ], "texture": "#domi" },
				"south": { "uv": [ 14.125, 11, 15.125, 11.125 ], "texture": "#domi" },
				"west": { "uv": [ 1, 6.125, 1.125, 6.25 ], "texture": "#domi" },
				"east": { "uv": [ 1.125, 6, 1, 6.125 ], "texture": "#domi" }
			}
		},
		{
			"__comment": "Voxels",
			"from": [ 20.7407, 7.7037, 11.2593 ],
			"to": [ 25.48144, 8.296292, 11.85189 ],
			"faces": {
				"down": { "uv": [ 4.375, 7.75, 5.375, 7.875 ], "texture": "#domi" },
				"up": { "uv": [ 14.25, 11.25, 15.25, 11.125 ], "texture": "#domi" },
				"north": { "uv": [ 15.375, 11.25, 14.375, 11.375 ], "texture": "#domi" },
				"south": { "uv": [ 14.125, 12.625, 15.125, 12.75 ], "texture": "#domi" },
				"west": { "uv": [ 1.25, 6.375, 1.375, 6.5 ], "texture": "#domi" },
				"east": { "uv": [ 1.375, 6.25, 1.25, 6.375 ], "texture": "#domi" }
			}
		},
		{
			"__comment": "Voxels",
			"from": [ 21.3333, 7.7037, 3.5556 ],
			"to": [ 25.48145, 8.296292, 4.148192 ],
			"faces": {
				"down": { "uv": [ 4.25, 7.375, 5.125, 7.5 ], "texture": "#domi" },
				"up": { "uv": [ 4.375, 7.625, 5.25, 7.5 ], "texture": "#domi" },
				"north": { "uv": [ 5.5, 8, 4.625, 8.125 ], "texture": "#domi" },
				"south": { "uv": [ 4.625, 8.125, 5.5, 8.25 ], "texture": "#domi" },
				"west": { "uv": [ 1.375, 6.125, 1.5, 6.25 ], "texture": "#domi" },
				"east": { "uv": [ 1.5, 6, 1.375, 6.125 ], "texture": "#domi" }
			}
		},
		{
			"__comment": "Voxels",
			"from": [ 21.3333, 7.7037, 11.8519 ],
			"to": [ 25.48145, 8.296292, 12.44449 ],
			"faces": {
				"down": { "uv": [ 4.625, 8.25, 5.5, 8.375 ], "texture": "#domi" },
				"up": { "uv": [ 15.125, 11.125, 16, 11 ], "texture": "#domi" },
				"north": { "uv": [ 16, 11.625, 15.125, 11.75 ], "texture": "#domi" },
				"south": { "uv": [ 15.125, 12.625, 16, 12.75 ], "texture": "#domi" },
				"west": { "uv": [ 1.625, 6.375, 1.75, 6.5 ], "texture": "#domi" },
				"east": { "uv": [ 1.75, 6.25, 1.625, 6.375 ], "texture": "#domi" }
			}
		},
		{
			"__comment": "Voxels",
			"from": [ 21.9259, 7.7037, 2.963 ],
			"to": [ 25.48145, 8.296292, 3.555593 ],
			"faces": {
				"down": { "uv": [ 4.75, 8.375, 5.5, 8.5 ], "texture": "#domi" },
				"up": { "uv": [ 4.25, 7.375, 5, 7.25 ], "texture": "#domi" },
				"north": { "uv": [ 5, 7.125, 4.25, 7.25 ], "texture": "#domi" },
				"south": { "uv": [ 1.125, 7, 1.875, 7.125 ], "texture": "#domi" },
				"west": { "uv": [ 1.75, 6.125, 1.875, 6.25 ], "texture": "#domi" },
				"east": { "uv": [ 1.875, 6, 1.75, 6.125 ], "texture": "#domi" }
			}
		},
		{
			"__comment": "Voxels",
			"from": [ 21.9259, 7.7037, 12.4444 ],
			"to": [ 25.48145, 8.296292, 13.03699 ],
			"faces": {
				"down": { "uv": [ 1.125, 6.875, 1.875, 7 ], "texture": "#domi" },
				"up": { "uv": [ 1.875, 7.125, 2.625, 7 ], "texture": "#domi" },
				"north": { "uv": [ 16, 12.75, 15.25, 12.875 ], "texture": "#domi" },
				"south": { "uv": [ 15.25, 11.75, 16, 11.875 ], "texture": "#domi" },
				"west": { "uv": [ 2, 6.375, 2.125, 6.5 ], "texture": "#domi" },
				"east": { "uv": [ 2.125, 6.25, 2, 6.375 ], "texture": "#domi" }
			}
		},
		{
			"__comment": "Voxels",
			"from": [ 22.5185, 7.7037, 2.3704 ],
			"to": [ 25.48146, 8.296292, 2.962993 ],
			"faces": {
				"down": { "uv": [ 0.25, 6.625, 0.875, 6.75 ], "texture": "#domi" },
				"up": { "uv": [ 4.5, 7.125, 5.125, 7 ], "texture": "#domi" },
				"north": { "uv": [ 0.875, 6.5, 0.25, 6.625 ], "texture": "#domi" },
				"south": { "uv": [ 0.875, 6.75, 1.5, 6.875 ], "texture": "#domi" },
				"west": { "uv": [ 2.125, 6.125, 2.25, 6.25 ], "texture": "#domi" },
				"east": { "uv": [ 2.25, 6, 2.125, 6.125 ], "texture": "#domi" }
			}
		},
		{
			"__comment": "Voxels",
			"from": [ 22.5185, 7.7037, 13.037 ],
			"to": [ 25.48146, 8.296292, 13.62959 ],
			"faces": {
				"down": { "uv": [ 0.875, 6.625, 1.5, 6.75 ], "texture": "#domi" },
				"up": { "uv": [ 0.875, 6.625, 1.5, 6.5 ], "texture": "#domi" },
				"north": { "uv": [ 2.125, 6.75, 1.5, 6.875 ], "texture": "#domi" },
				"south": { "uv": [ 1.5, 6.625, 2.125, 6.75 ], "texture": "#domi" },
				"west": { "uv": [ 2.375, 6.375, 2.5, 6.5 ], "texture": "#domi" },
				"east": { "uv": [ 2.5, 6.25, 2.375, 6.375 ], "texture": "#domi" }
			}
		},
		{
			"__comment": "Voxels",
			"from": [ 23.1111, 7.7037, 1.7778 ],
			"to": [ 25.48147, 8.296292, 2.370393 ],
			"faces": {
				"down": { "uv": [ 5, 7.125, 5.5, 7.25 ], "texture": "#domi" },
				"up": { "uv": [ 1.5, 6.625, 2, 6.5 ], "texture": "#domi" },
				"north": { "uv": [ 2.625, 6.75, 2.125, 6.875 ], "texture": "#domi" },
				"south": { "uv": [ 2.125, 6.625, 2.625, 6.75 ], "texture": "#domi" },
				"west": { "uv": [ 2.5, 6.125, 2.625, 6.25 ], "texture": "#domi" },
				"east": { "uv": [ 2.625, 6, 2.5, 6.125 ], "texture": "#domi" }
			}
		},
		{
			"__comment": "Voxels",
			"from": [ 23.1111, 7.7037, 13.6296 ],
			"to": [ 25.48147, 8.296292, 14.22219 ],
			"faces": {
				"down": { "uv": [ 2.125, 6.5, 2.625, 6.625 ], "texture": "#domi" },
				"up": { "uv": [ 2.625, 6.875, 3.125, 6.75 ], "texture": "#domi" },
				"north": { "uv": [ 3.125, 6.625, 2.625, 6.75 ], "texture": "#domi" },
				"south": { "uv": [ 2.625, 6.5, 3.125, 6.625 ], "texture": "#domi" },
				"west": { "uv": [ 2.75, 6.375, 2.875, 6.5 ], "texture": "#domi" },
				"east": { "uv": [ 2.875, 6.25, 2.75, 6.375 ], "texture": "#domi" }
			}
		},
		{
			"__comment": "Voxels",
			"from": [ 23.7037, 7.7037, 1.1852 ],
			"to": [ 25.48148, 8.296292, 1.777793 ],
			"faces": {
				"down": { "uv": [ 15.625, 13.125, 16, 13.25 ], "texture": "#domi" },
				"up": { "uv": [ 3.125, 6.875, 3.5, 6.75 ], "texture": "#domi" },
				"north": { "uv": [ 3.5, 6.625, 3.125, 6.75 ], "texture": "#domi" },
				"south": { "uv": [ 3.125, 6.5, 3.5, 6.625 ], "texture": "#domi" },
				"west": { "uv": [ 2.875, 6.125, 3, 6.25 ], "texture": "#domi" },
				"east": { "uv": [ 3, 6, 2.875, 6.125 ], "texture": "#domi" }
			}
		},
		{
			"__comment": "Voxels",
			"from": [ 23.7037, 7.7037, 14.2222 ],
			"to": [ 25.48148, 8.296292, 14.81479 ],
			"faces": {
				"down": { "uv": [ 3.5, 6.75, 3.875, 6.875 ], "texture": "#domi" },
				"up": { "uv": [ 3.5, 6.75, 3.875, 6.625 ], "texture": "#domi" },
				"north": { "uv": [ 3.875, 6.5, 3.5, 6.625 ], "texture": "#domi" },
				"south": { "uv": [ 3.875, 6.75, 4.25, 6.875 ], "texture": "#domi" },
				"west": { "uv": [ 3.125, 6.375, 3.25, 6.5 ], "texture": "#domi" },
				"east": { "uv": [ 3.25, 6.25, 3.125, 6.375 ], "texture": "#domi" }
			}
		},
		{
			"__comment": "Voxels",
			"from": [ 24.2963, 7.7037, 0.5926 ],
			"to": [ 25.48148, 8.296292, 1.185193 ],
			"faces": {
				"down": { "uv": [ 5.125, 6.75, 5.375, 6.875 ], "texture": "#domi" },
				"up": { "uv": [ 5.125, 6.75, 5.375, 6.625 ], "texture": "#domi" },
				"north": { "uv": [ 5.375, 6.5, 5.125, 6.625 ], "texture": "#domi" },
				"south": { "uv": [ 0.25, 6.375, 0.5, 6.5 ], "texture": "#domi" },
				"west": { "uv": [ 3.25, 6.125, 3.375, 6.25 ], "texture": "#domi" },
				"east": { "uv": [ 3.375, 6, 3.25, 6.125 ], "texture": "#domi" }
			}
		},
		{
			"__comment": "Voxels",
			"from": [ 24.2963, 7.7037, 14.8148 ],
			"to": [ 25.48148, 8.296292, 15.40739 ],
			"faces": {
				"down": { "uv": [ 0.25, 6.25, 0.5, 6.375 ], "texture": "#domi" },
				"up": { "uv": [ 0.25, 6.25, 0.5, 6.125 ], "texture": "#domi" },
				"north": { "uv": [ 0.5, 6, 0.25, 6.125 ], "texture": "#domi" },
				"south": { "uv": [ 0.5, 6.375, 0.75, 6.5 ], "texture": "#domi" },
				"west": { "uv": [ 3.5, 6.375, 3.625, 6.5 ], "texture": "#domi" },
				"east": { "uv": [ 3.625, 6.25, 3.5, 6.375 ], "texture": "#domi" }
			}
		}
	],
	"display": {
		"thirdperson_righthand": {
			"rotation":  [ -6, 151, 0 ],
			"translation":  [ -4.868, 2.7826, 4.8695 ],
			"scale":  [ 0.7, 0.7, 0.7 ]
		},
		"thirdperson_lefthand": {
			"rotation":  [ -6, -164, 8 ],
			"translation":  [ -4.868, 2.7826, 4.8695 ],
			"scale":  [ 0.7, 0.7, 0.7 ]
		},
		"firstperson_righthand": {
			"rotation":  [ 80, -27, 0 ],
			"scale":  [ 0.5, 0.5, 0.5 ]
		},
		"firstperson_lefthand": {
			"rotation":  [ 80, -27, 180 ],
			"scale":  [ 0.5, 0.5, 0.5 ]
		},
		"gui": {
			"rotation":  [ 92, -17, 0 ],
			"scale":  [ 0.4, 2, 0.4 ]
		},
		"head": {
			"rotation":  [ 99, 6, 180 ],
			"translation":  [ 0.6956, 13.216, 5.5652 ],
			"scale":  [ 0.5, 0.5, 0.5 ]
		},
		"ground": {
			"rotation":  [ 67, 0, 0 ],
			"translation":  [ 2.0869, 11.13, 0 ],
			"scale":  [ 1, 2.5, 1 ]
		},
		"fixed": {
			"rotation":  [ 90, 6, -180 ],
			"translation":  [ -3.478, 0.6956, -2.086 ],
			"scale":  [ 2, 2, 2 ]
		}
	}
}