{
	"__comment": "moon",
	"textures": {
		"frog": "item/fish/frog",
		"particle": "item/fish/frog"
	},
	"elements": [ 	 
		{
			"__comment": "Voxels",
			"from": [ 1, 4, 4 ],
			"to": [ 8, 5, 5 ],
			"faces": {
				"down": { "uv": [ 13.5, 15, 15.25, 15.25 ], "texture": "#frog" },
				"up": { "uv": [ 13, 14.75, 14.75, 14.5 ], "texture": "#frog" },
				"north": { "uv": [ 13.5, 15, 11.75, 15.25 ], "texture": "#frog" },
				"south": { "uv": [ 13, 14.75, 14.75, 15 ], "texture": "#frog" },
				"west": { "uv": [ 9.75, 10, 10, 10.25 ], "texture": "#frog" },
				"east": { "uv": [ 10.25, 10.75, 10, 11 ], "texture": "#frog" }
			}
		},
		{
			"__comment": "Voxels",
			"from": [ 1, 4, 11 ],
			"to": [ 8, 5, 12 ],
			"faces": {
				"down": { "uv": [ 11.25, 14.75, 13, 15 ], "texture": "#frog" },
				"up": { "uv": [ 11.25, 14.75, 13, 14.5 ], "texture": "#frog" },
				"north": { "uv": [ 11.25, 14.5, 9.5, 14.75 ], "texture": "#frog" },
				"south": { "uv": [ 7.75, 14.5, 9.5, 14.75 ], "texture": "#frog" },
				"west": { "uv": [ 10.25, 10.75, 10.5, 11 ], "texture": "#frog" },
				"east": { "uv": [ 10.25, 10.25, 10, 10.5 ], "texture": "#frog" }
			}
		},
		{
			"__comment": "Voxels",
			"from": [ 1, 5, 4 ],
			"to": [ 7, 6, 5 ],
			"faces": {
				"down": { "uv": [ 6.25, 10, 7.75, 10.25 ], "texture": "#frog" },
				"up": { "uv": [ 6.25, 10, 7.75, 9.75 ], "texture": "#frog" },
				"north": { "uv": [ 9.25, 12.25, 7.75, 12.5 ], "texture": "#frog" },
				"south": { "uv": [ 6.25, 9.5, 7.75, 9.75 ], "texture": "#frog" },
				"west": { "uv": [ 10.25, 10.25, 10.5, 10.5 ], "texture": "#frog" },
				"east": { "uv": [ 10.25, 10, 10, 10.25 ], "texture": "#frog" }
			}
		},
		{
			"__comment": "Voxels",
			"from": [ 1, 5, 7 ],
			"to": [ 12, 7, 9 ],
			"faces": {
				"down": { "uv": [ 4, 14.5, 6.75, 15 ], "texture": "#frog" },
				"up": { "uv": [ 4, 14.5, 6.75, 14 ], "texture": "#frog" },
				"north": { "uv": [ 6.75, 13.5, 4, 14 ], "texture": "#frog" },
				"south": { "uv": [ 4, 13, 6.75, 13.5 ], "texture": "#frog" },
				"west": { "uv": [ 3.25, 13.5, 3.75, 14 ], "texture": "#frog" },
				"east": { "uv": [ 3.75, 10.75, 3.25, 11.25 ], "texture": "#frog" }
			}
		},
		{
			"__comment": "Voxels",
			"from": [ 1, 5, 11 ],
			"to": [ 7, 6, 12 ],
			"faces": {
				"down": { "uv": [ 7.75, 14.25, 9.25, 14.5 ], "texture": "#frog" },
				"up": { "uv": [ 7.75, 14.25, 9.25, 14 ], "texture": "#frog" },
				"north": { "uv": [ 9.25, 12.75, 7.75, 13 ], "texture": "#frog" },
				"south": { "uv": [ 7.75, 12.5, 9.25, 12.75 ], "texture": "#frog" },
				"west": { "uv": [ 10.25, 10, 10.5, 10.25 ], "texture": "#frog" },
				"east": { "uv": [ 10.25, 9.5, 10, 9.75 ], "texture": "#frog" }
			}
		},
		{
			"__comment": "Voxels",
			"from": [ 2, 4, 6 ],
			"to": [ 6, 7, 7 ],
			"faces": {
				"down": { "uv": [ 6.75, 14, 7.75, 14.25 ], "texture": "#frog" },
				"up": { "uv": [ 6.75, 14, 7.75, 13.75 ], "texture": "#frog" },
				"north": { "uv": [ 2.75, 12.75, 1.75, 13.5 ], "texture": "#frog" },
				"south": { "uv": [ 2.75, 12.75, 3.75, 13.5 ], "texture": "#frog" },
				"west": { "uv": [ 3.75, 12.75, 4, 13.5 ], "texture": "#frog" },
				"east": { "uv": [ 4, 12, 3.75, 12.75 ], "texture": "#frog" }
			}
		},
		{
			"__comment": "Voxels",
			"from": [ 2, 4, 7 ],
			"to": [ 6, 5, 10 ],
			"faces": {
				"down": { "uv": [ 1.75, 10, 2.75, 10.75 ], "texture": "#frog" },
				"up": { "uv": [ 2.75, 10.75, 3.75, 10 ], "texture": "#frog" },
				"north": { "uv": [ 4, 9.5, 3, 9.75 ], "texture": "#frog" },
				"south": { "uv": [ 6.75, 13.25, 7.75, 13.5 ], "texture": "#frog" },
				"west": { "uv": [ 12, 13.75, 12.75, 14 ], "texture": "#frog" },
				"east": { "uv": [ 13.5, 13.75, 12.75, 14 ], "texture": "#frog" }
			}
		},
		{
			"__comment": "Voxels",
			"from": [ 2, 5, 9 ],
			"to": [ 12, 7, 10 ],
			"faces": {
				"down": { "uv": [ 4, 11.25, 6.5, 11.5 ], "texture": "#frog" },
				"up": { "uv": [ 4, 11.25, 6.5, 11 ], "texture": "#frog" },
				"north": { "uv": [ 6.5, 12.5, 4, 13 ], "texture": "#frog" },
				"south": { "uv": [ 4, 12, 6.5, 12.5 ], "texture": "#frog" },
				"west": { "uv": [ 3.75, 13.5, 4, 14 ], "texture": "#frog" },
				"east": { "uv": [ 4, 10.75, 3.75, 11.25 ], "texture": "#frog" }
			}
		},
		{
			"__comment": "Voxels",
			"from": [ 2, 6, 4 ],
			"to": [ 6, 7, 5 ],
			"faces": {
				"down": { "uv": [ 8.25, 11.75, 9.25, 12 ], "texture": "#frog" },
				"up": { "uv": [ 8.25, 11.75, 9.25, 11.5 ], "texture": "#frog" },
				"north": { "uv": [ 9.25, 11.25, 8.25, 11.5 ], "texture": "#frog" },
				"south": { "uv": [ 8.25, 11, 9.25, 11.25 ], "texture": "#frog" },
				"west": { "uv": [ 10.25, 9.5, 10.5, 9.75 ], "texture": "#frog" },
				"east": { "uv": [ 10.25, 9.25, 10, 9.5 ], "texture": "#frog" }
			}
		},
		{
			"__comment": "Voxels",
			"from": [ 2, 6, 11 ],
			"to": [ 6, 7, 12 ],
			"faces": {
				"down": { "uv": [ 8.25, 8.25, 9.25, 8.5 ], "texture": "#frog" },
				"up": { "uv": [ 8.25, 8.25, 9.25, 8 ], "texture": "#frog" },
				"north": { "uv": [ 10.25, 14.25, 9.25, 14.5 ], "texture": "#frog" },
				"south": { "uv": [ 10.25, 14.25, 11.25, 14.5 ], "texture": "#frog" },
				"west": { "uv": [ 10.25, 9.25, 10.5, 9.5 ], "texture": "#frog" },
				"east": { "uv": [ 10.25, 8.75, 10, 9 ], "texture": "#frog" }
			}
		},
		{
			"__comment": "Voxels",
			"from": [ 2, 7, 7 ],
			"to": [ 17, 8, 9 ],
			"faces": {
				"down": { "uv": [ 4, 15, 7.75, 15.5 ], "texture": "#frog" },
				"up": { "uv": [ 4, 16, 7.75, 15.5 ], "texture": "#frog" },
				"north": { "uv": [ 7.75, 11.75, 4, 12 ], "texture": "#frog" },
				"south": { "uv": [ 4, 11.5, 7.75, 11.75 ], "texture": "#frog" },
				"west": { "uv": [ 15, 13.5, 15.5, 13.75 ], "texture": "#frog" },
				"east": { "uv": [ 15, 13.5, 14.5, 13.75 ], "texture": "#frog" }
			}
		},
		{
			"__comment": "Voxels",
			"from": [ 3, 4, 5 ],
			"to": [ 7, 7, 6 ],
			"faces": {
				"down": { "uv": [ 12.25, 14.25, 13.25, 14.5 ], "texture": "#frog" },
				"up": { "uv": [ 13.25, 14.5, 14.25, 14.25 ], "texture": "#frog" },
				"north": { "uv": [ 3.75, 11.25, 2.75, 12 ], "texture": "#frog" },
				"south": { "uv": [ 1.75, 11.25, 2.75, 12 ], "texture": "#frog" },
				"west": { "uv": [ 9.5, 9.75, 9.75, 10.5 ], "texture": "#frog" },
				"east": { "uv": [ 9.5, 9.75, 9.25, 10.5 ], "texture": "#frog" }
			}
		},
		{
			"__comment": "Voxels",
			"from": [ 3, 4, 10 ],
			"to": [ 7, 7, 11 ],
			"faces": {
				"down": { "uv": [ 14.25, 14.25, 15.25, 14.5 ], "texture": "#frog" },
				"up": { "uv": [ 9.75, 14.25, 10.75, 14 ], "texture": "#frog" },
				"north": { "uv": [ 3.75, 12, 2.75, 12.75 ], "texture": "#frog" },
				"south": { "uv": [ 1.75, 12, 2.75, 12.75 ], "texture": "#frog" },
				"west": { "uv": [ 9.5, 10.5, 9.75, 11.25 ], "texture": "#frog" },
				"east": { "uv": [ 9.5, 10.5, 9.25, 11.25 ], "texture": "#frog" }
			}
		},
		{
			"__comment": "Voxels",
			"from": [ 3, 7, 6 ],
			"to": [ 12, 8, 7 ],
			"faces": {
				"down": { "uv": [ 4, 10.5, 6.25, 10.75 ], "texture": "#frog" },
				"up": { "uv": [ 4, 11, 6.25, 10.75 ], "texture": "#frog" },
				"north": { "uv": [ 6.25, 9.25, 4, 9.5 ], "texture": "#frog" },
				"south": { "uv": [ 4, 8.5, 6.25, 8.75 ], "texture": "#frog" },
				"west": { "uv": [ 10.25, 9, 10.5, 9.25 ], "texture": "#frog" },
				"east": { "uv": [ 10.25, 9, 10, 9.25 ], "texture": "#frog" }
			}
		},
		{
			"__comment": "Voxels",
			"from": [ 3, 7, 9 ],
			"to": [ 12, 8, 10 ],
			"faces": {
				"down": { "uv": [ 4, 8.75, 6.25, 9 ], "texture": "#frog" },
				"up": { "uv": [ 4, 9.25, 6.25, 9 ], "texture": "#frog" },
				"north": { "uv": [ 6.25, 10, 4, 10.25 ], "texture": "#frog" },
				"south": { "uv": [ 4, 10.25, 6.25, 10.5 ], "texture": "#frog" },
				"west": { "uv": [ 10.25, 9.75, 10.5, 10 ], "texture": "#frog" },
				"east": { "uv": [ 10.25, 9.75, 10, 10 ], "texture": "#frog" }
			}
		},
		{
			"__comment": "Voxels",
			"from": [ 4, 7, 5 ],
			"to": [ 12, 8, 6 ],
			"faces": {
				"down": { "uv": [ 7.75, 15.25, 9.75, 15.5 ], "texture": "#frog" },
				"up": { "uv": [ 9.75, 15.5, 11.75, 15.25 ], "texture": "#frog" },
				"north": { "uv": [ 13.75, 15.25, 11.75, 15.5 ], "texture": "#frog" },
				"south": { "uv": [ 13.75, 15.25, 15.75, 15.5 ], "texture": "#frog" },
				"west": { "uv": [ 9.75, 9, 10, 9.25 ], "texture": "#frog" },
				"east": { "uv": [ 10, 9.25, 9.75, 9.5 ], "texture": "#frog" }
			}
		},
		{
			"__comment": "Voxels",
			"from": [ 4, 7, 10 ],
			"to": [ 12, 8, 11 ],
			"faces": {
				"down": { "uv": [ 7.75, 15, 9.75, 15.25 ], "texture": "#frog" },
				"up": { "uv": [ 13.75, 15.75, 15.75, 15.5 ], "texture": "#frog" },
				"north": { "uv": [ 11.75, 15, 9.75, 15.25 ], "texture": "#frog" },
				"south": { "uv": [ 4, 8.25, 6, 8.5 ], "texture": "#frog" },
				"west": { "uv": [ 9.75, 9.5, 10, 9.75 ], "texture": "#frog" },
				"east": { "uv": [ 10, 9.75, 9.75, 10 ], "texture": "#frog" }
			}
		},
		{
			"__comment": "Voxels",
			"from": [ 4, 8, 6 ],
			"to": [ 10, 9, 10 ],
			"faces": {
				"down": { "uv": [ 0, 8, 1.5, 9 ], "texture": "#frog" },
				"up": { "uv": [ 0, 10, 1.5, 9 ], "texture": "#frog" },
				"north": { "uv": [ 9.25, 10.5, 7.75, 10.75 ], "texture": "#frog" },
				"south": { "uv": [ 7.75, 10.25, 9.25, 10.5 ], "texture": "#frog" },
				"west": { "uv": [ 10.75, 14, 11.75, 14.25 ], "texture": "#frog" },
				"east": { "uv": [ 12.75, 14, 11.75, 14.25 ], "texture": "#frog" }
			}
		},
		{
			"__comment": "Voxels",
			"from": [ 5, 8, 5 ],
			"to": [ 10, 9, 6 ],
			"faces": {
				"down": { "uv": [ 7.75, 9.25, 9, 9.5 ], "texture": "#frog" },
				"up": { "uv": [ 7.75, 9.25, 9, 9 ], "texture": "#frog" },
				"north": { "uv": [ 9, 8.75, 7.75, 9 ], "texture": "#frog" },
				"south": { "uv": [ 7.75, 8.5, 9, 8.75 ], "texture": "#frog" },
				"west": { "uv": [ 10.5, 13, 10.75, 13.25 ], "texture": "#frog" },
				"east": { "uv": [ 10, 10.25, 9.75, 10.5 ], "texture": "#frog" }
			}
		},
		{
			"__comment": "Voxels",
			"from": [ 5, 8, 10 ],
			"to": [ 10, 9, 11 ],
			"faces": {
				"down": { "uv": [ 14.75, 14.5, 16, 14.75 ], "texture": "#frog" },
				"up": { "uv": [ 6.5, 12.75, 7.75, 12.5 ], "texture": "#frog" },
				"north": { "uv": [ 16, 14.75, 14.75, 15 ], "texture": "#frog" },
				"south": { "uv": [ 6.5, 11.25, 7.75, 11.5 ], "texture": "#frog" },
				"west": { "uv": [ 9, 9.25, 9.25, 9.5 ], "texture": "#frog" },
				"east": { "uv": [ 9.25, 9.5, 9, 9.75 ], "texture": "#frog" }
			}
		},
		{
			"__comment": "Voxels",
			"from": [ 5, 9, 6 ],
			"to": [ 14, 10, 10 ],
			"faces": {
				"down": { "uv": [ 1.75, 15, 4, 16 ], "texture": "#frog" },
				"up": { "uv": [ 1.75, 15, 4, 14 ], "texture": "#frog" },
				"north": { "uv": [ 6.25, 9.5, 4, 9.75 ], "texture": "#frog" },
				"south": { "uv": [ 4, 9.75, 6.25, 10 ], "texture": "#frog" },
				"west": { "uv": [ 12.75, 14, 13.75, 14.25 ], "texture": "#frog" },
				"east": { "uv": [ 4, 9.75, 3, 10 ], "texture": "#frog" }
			}
		},
		{
			"__comment": "Voxels",
			"from": [ 6, 4, 3 ],
			"to": [ 7, 5, 4 ],
			"faces": {
				"down": { "uv": [ 9, 9.75, 9.25, 10 ], "texture": "#frog" },
				"up": { "uv": [ 15.75, 15.5, 16, 15.25 ], "texture": "#frog" },
				"north": { "uv": [ 10.75, 9.75, 10.5, 10 ], "texture": "#frog" },
				"south": { "uv": [ 10.5, 10, 10.75, 10.25 ], "texture": "#frog" },
				"west": { "uv": [ 10.5, 10.25, 10.75, 10.5 ], "texture": "#frog" },
				"east": { "uv": [ 10.75, 10.5, 10.5, 10.75 ], "texture": "#frog" }
			}
		},
		{
			"__comment": "Voxels",
			"from": [ 6, 4, 12 ],
			"to": [ 7, 5, 13 ],
			"faces": {
				"down": { "uv": [ 10.5, 10.75, 10.75, 11 ], "texture": "#frog" },
				"up": { "uv": [ 10.5, 11.25, 10.75, 11 ], "texture": "#frog" },
				"north": { "uv": [ 10.75, 11.5, 10.5, 11.75 ], "texture": "#frog" },
				"south": { "uv": [ 10.5, 12.25, 10.75, 12.5 ], "texture": "#frog" },
				"west": { "uv": [ 10.5, 12.5, 10.75, 12.75 ], "texture": "#frog" },
				"east": { "uv": [ 10.75, 12.75, 10.5, 13 ], "texture": "#frog" }
			}
		},
		{
			"__comment": "Voxels",
			"from": [ 6, 5, 6 ],
			"to": [ 12, 7, 7 ],
			"faces": {
				"down": { "uv": [ 6.25, 10.5, 7.75, 10.75 ], "texture": "#frog" },
				"up": { "uv": [ 6.25, 10.5, 7.75, 10.25 ], "texture": "#frog" },
				"north": { "uv": [ 3.25, 10.75, 1.75, 11.25 ], "texture": "#frog" },
				"south": { "uv": [ 1.75, 13.5, 3.25, 14 ], "texture": "#frog" },
				"west": { "uv": [ 9.75, 12, 10, 12.5 ], "texture": "#frog" },
				"east": { "uv": [ 10, 13, 9.75, 13.5 ], "texture": "#frog" }
			}
		},
		{
			"__comment": "Voxels",
			"from": [ 6, 9, 5 ],
			"to": [ 14, 10, 6 ],
			"faces": {
				"down": { "uv": [ 9.75, 15.75, 11.75, 16 ], "texture": "#frog" },
				"up": { "uv": [ 11.75, 16, 13.75, 15.75 ], "texture": "#frog" },
				"north": { "uv": [ 15.75, 15.75, 13.75, 16 ], "texture": "#frog" },
				"south": { "uv": [ 7.75, 15.5, 9.75, 15.75 ], "texture": "#frog" },
				"west": { "uv": [ 10.5, 8.25, 10.75, 8.5 ], "texture": "#frog" },
				"east": { "uv": [ 10.75, 8.5, 10.5, 8.75 ], "texture": "#frog" }
			}
		},
		{
			"__comment": "Voxels",
			"from": [ 6, 9, 10 ],
			"to": [ 14, 10, 11 ],
			"faces": {
				"down": { "uv": [ 11.75, 15.5, 13.75, 15.75 ], "texture": "#frog" },
				"up": { "uv": [ 7.75, 16, 9.75, 15.75 ], "texture": "#frog" },
				"north": { "uv": [ 6, 8, 4, 8.25 ], "texture": "#frog" },
				"south": { "uv": [ 9.75, 15.5, 11.75, 15.75 ], "texture": "#frog" },
				"west": { "uv": [ 10.5, 9.5, 10.75, 9.75 ], "texture": "#frog" },
				"east": { "uv": [ 10.75, 9.25, 10.5, 9.5 ], "texture": "#frog" }
			}
		},
		{
			"__comment": "Voxels",
			"from": [ 7, 5, 5 ],
			"to": [ 12, 7, 6 ],
			"faces": {
				"down": { "uv": [ 7.75, 9.75, 9, 10 ], "texture": "#frog" },
				"up": { "uv": [ 6.5, 11.25, 7.75, 11 ], "texture": "#frog" },
				"north": { "uv": [ 3, 8.5, 1.75, 9 ], "texture": "#frog" },
				"south": { "uv": [ 1.75, 9, 3, 9.5 ], "texture": "#frog" },
				"west": { "uv": [ 9.75, 11.5, 10, 12 ], "texture": "#frog" },
				"east": { "uv": [ 10, 12.5, 9.75, 13 ], "texture": "#frog" }
			}
		},
		{
			"__comment": "Voxels",
			"from": [ 7, 5, 10 ],
			"to": [ 12, 7, 11 ],
			"faces": {
				"down": { "uv": [ 7.75, 9.5, 9, 9.75 ], "texture": "#frog" },
				"up": { "uv": [ 6.5, 13, 7.75, 12.75 ], "texture": "#frog" },
				"north": { "uv": [ 3, 8, 1.75, 8.5 ], "texture": "#frog" },
				"south": { "uv": [ 1.75, 9.5, 3, 10 ], "texture": "#frog" },
				"west": { "uv": [ 9.75, 11, 10, 11.5 ], "texture": "#frog" },
				"east": { "uv": [ 10, 10.5, 9.75, 11 ], "texture": "#frog" }
			}
		},
		{
			"__comment": "Voxels",
			"from": [ 8, 6, 4 ],
			"to": [ 10, 7, 5 ],
			"faces": {
				"down": { "uv": [ 10, 13.25, 10.5, 13.5 ], "texture": "#frog" },
				"up": { "uv": [ 10, 12.25, 10.5, 12 ], "texture": "#frog" },
				"north": { "uv": [ 10.5, 11.75, 10, 12 ], "texture": "#frog" },
				"south": { "uv": [ 10, 11.5, 10.5, 11.75 ], "texture": "#frog" },
				"west": { "uv": [ 10.25, 8.75, 10.5, 9 ], "texture": "#frog" },
				"east": { "uv": [ 10.25, 8.5, 10, 8.75 ], "texture": "#frog" }
			}
		},
		{
			"__comment": "Voxels",
			"from": [ 8, 6, 11 ],
			"to": [ 10, 7, 12 ],
			"faces": {
				"down": { "uv": [ 15.5, 13.5, 16, 13.75 ], "texture": "#frog" },
				"up": { "uv": [ 3, 8.25, 3.5, 8 ], "texture": "#frog" },
				"north": { "uv": [ 4, 8, 3.5, 8.25 ], "texture": "#frog" },
				"south": { "uv": [ 6.25, 8, 6.75, 8.25 ], "texture": "#frog" },
				"west": { "uv": [ 10.25, 8.5, 10.5, 8.75 ], "texture": "#frog" },
				"east": { "uv": [ 10.25, 8.25, 10, 8.5 ], "texture": "#frog" }
			}
		},
		{
			"__comment": "Voxels",
			"from": [ 8, 7, 4 ],
			"to": [ 9, 8, 5 ],
			"faces": {
				"down": { "uv": [ 10.25, 8.25, 10.5, 8.5 ], "texture": "#frog" },
				"up": { "uv": [ 10.5, 13.5, 10.75, 13.25 ], "texture": "#frog" },
				"north": { "uv": [ 11, 13.25, 10.75, 13.5 ], "texture": "#frog" },
				"south": { "uv": [ 11, 13.25, 11.25, 13.5 ], "texture": "#frog" },
				"west": { "uv": [ 11.25, 13.25, 11.5, 13.5 ], "texture": "#frog" },
				"east": { "uv": [ 13.75, 13.25, 13.5, 13.5 ], "texture": "#frog" }
			}
		},
		{
			"__comment": "Voxels",
			"from": [ 8, 7, 11 ],
			"to": [ 9, 8, 12 ],
			"faces": {
				"down": { "uv": [ 13.75, 13.25, 14, 13.5 ], "texture": "#frog" },
				"up": { "uv": [ 14.5, 13.5, 14.75, 13.25 ], "texture": "#frog" },
				"north": { "uv": [ 15, 13.25, 14.75, 13.5 ], "texture": "#frog" },
				"south": { "uv": [ 15, 13.25, 15.25, 13.5 ], "texture": "#frog" },
				"west": { "uv": [ 15.25, 13.25, 15.5, 13.5 ], "texture": "#frog" },
				"east": { "uv": [ 10.75, 11.25, 10.5, 11.5 ], "texture": "#frog" }
			}
		},
		{
			"__comment": "Voxels",
			"from": [ 8, 10, 5 ],
			"to": [ 15, 11, 11 ],
			"faces": {
				"down": { "uv": [ 0, 13, 1.75, 14.5 ], "texture": "#frog" },
				"up": { "uv": [ 0, 16, 1.75, 14.5 ], "texture": "#frog" },
				"north": { "uv": [ 11.25, 14.75, 9.5, 15 ], "texture": "#frog" },
				"south": { "uv": [ 7.75, 14.75, 9.5, 15 ], "texture": "#frog" },
				"west": { "uv": [ 6.25, 10.75, 7.75, 11 ], "texture": "#frog" },
				"east": { "uv": [ 9.25, 10, 7.75, 10.25 ], "texture": "#frog" }
			}
		},
		{
			"__comment": "Voxels",
			"from": [ 9, 4, 4 ],
			"to": [ 13, 5, 5 ],
			"faces": {
				"down": { "uv": [ 3, 9.25, 4, 9.5 ], "texture": "#frog" },
				"up": { "uv": [ 3, 9.25, 4, 9 ], "texture": "#frog" },
				"north": { "uv": [ 7.75, 14.75, 6.75, 15 ], "texture": "#frog" },
				"south": { "uv": [ 6.75, 14.5, 7.75, 14.75 ], "texture": "#frog" },
				"west": { "uv": [ 6, 8.25, 6.25, 8.5 ], "texture": "#frog" },
				"east": { "uv": [ 6.25, 8, 6, 8.25 ], "texture": "#frog" }
			}
		},
		{
			"__comment": "Voxels",
			"from": [ 9, 4, 5 ],
			"to": [ 12, 5, 6 ],
			"faces": {
				"down": { "uv": [ 9.75, 13.75, 10.5, 14 ], "texture": "#frog" },
				"up": { "uv": [ 10.5, 14, 11.25, 13.75 ], "texture": "#frog" },
				"north": { "uv": [ 12, 13.5, 11.25, 13.75 ], "texture": "#frog" },
				"south": { "uv": [ 15.25, 15, 16, 15.25 ], "texture": "#frog" },
				"west": { "uv": [ 15.75, 15.75, 16, 16 ], "texture": "#frog" },
				"east": { "uv": [ 16, 15.5, 15.75, 15.75 ], "texture": "#frog" }
			}
		},
		{
			"__comment": "Voxels",
			"from": [ 9, 4, 6 ],
			"to": [ 11, 5, 12 ],
			"faces": {
				"down": { "uv": [ 1.25, 11.5, 1.75, 13 ], "texture": "#frog" },
				"up": { "uv": [ 1.25, 11.5, 1.75, 10 ], "texture": "#frog" },
				"north": { "uv": [ 9.75, 9.25, 9.25, 9.5 ], "texture": "#frog" },
				"south": { "uv": [ 9.25, 9, 9.75, 9.25 ], "texture": "#frog" },
				"west": { "uv": [ 6.25, 9, 7.75, 9.25 ], "texture": "#frog" },
				"east": { "uv": [ 7.75, 9.25, 6.25, 9.5 ], "texture": "#frog" }
			}
		},
		{
			"__comment": "Voxels",
			"from": [ 9, 5, 4 ],
			"to": [ 12, 6, 5 ],
			"faces": {
				"down": { "uv": [ 11.25, 13.75, 12, 14 ], "texture": "#frog" },
				"up": { "uv": [ 9.75, 13.75, 10.5, 13.5 ], "texture": "#frog" },
				"north": { "uv": [ 16, 14.25, 15.25, 14.5 ], "texture": "#frog" },
				"south": { "uv": [ 13.75, 14, 14.5, 14.25 ], "texture": "#frog" },
				"west": { "uv": [ 9, 9, 9.25, 9.25 ], "texture": "#frog" },
				"east": { "uv": [ 9.25, 8.75, 9, 9 ], "texture": "#frog" }
			}
		},
		{
			"__comment": "Voxels",
			"from": [ 9, 5, 11 ],
			"to": [ 12, 6, 12 ],
			"faces": {
				"down": { "uv": [ 13.5, 13.75, 14.25, 14 ], "texture": "#frog" },
				"up": { "uv": [ 14.25, 14, 15, 13.75 ], "texture": "#frog" },
				"north": { "uv": [ 15.25, 14, 14.5, 14.25 ], "texture": "#frog" },
				"south": { "uv": [ 15.25, 14, 16, 14.25 ], "texture": "#frog" },
				"west": { "uv": [ 9, 8.5, 9.25, 8.75 ], "texture": "#frog" },
				"east": { "uv": [ 16, 13.75, 15.75, 14 ], "texture": "#frog" }
			}
		},
		{
			"__comment": "Voxels",
			"from": [ 9, 11, 5 ],
			"to": [ 14, 12, 11 ],
			"faces": {
				"down": { "uv": [ 0, 10, 1.25, 11.5 ], "texture": "#frog" },
				"up": { "uv": [ 0, 13, 1.25, 11.5 ], "texture": "#frog" },
				"north": { "uv": [ 7.75, 12, 6.5, 12.25 ], "texture": "#frog" },
				"south": { "uv": [ 6.5, 12.25, 7.75, 12.5 ], "texture": "#frog" },
				"west": { "uv": [ 7.75, 13, 9.25, 13.25 ], "texture": "#frog" },
				"east": { "uv": [ 9.25, 13.25, 7.75, 13.5 ], "texture": "#frog" }
			}
		},
		{
			"__comment": "Voxels",
			"from": [ 11, 4, 3 ],
			"to": [ 12, 5, 4 ],
			"faces": {
				"down": { "uv": [ 9.75, 8.75, 10, 9 ], "texture": "#frog" },
				"up": { "uv": [ 9.75, 8.75, 10, 8.5 ], "texture": "#frog" },
				"north": { "uv": [ 10, 8.25, 9.75, 8.5 ], "texture": "#frog" },
				"south": { "uv": [ 9.75, 8, 10, 8.25 ], "texture": "#frog" },
				"west": { "uv": [ 10, 11, 10.25, 11.25 ], "texture": "#frog" },
				"east": { "uv": [ 10.5, 11, 10.25, 11.25 ], "texture": "#frog" }
			}
		},
		{
			"__comment": "Voxels",
			"from": [ 11, 4, 10 ],
			"to": [ 12, 5, 13 ],
			"faces": {
				"down": { "uv": [ 3.75, 11.25, 4, 12 ], "texture": "#frog" },
				"up": { "uv": [ 3.75, 10.75, 4, 10 ], "texture": "#frog" },
				"north": { "uv": [ 10.25, 10.5, 10, 10.75 ], "texture": "#frog" },
				"south": { "uv": [ 10.25, 10.5, 10.5, 10.75 ], "texture": "#frog" },
				"west": { "uv": [ 15, 13.75, 15.75, 14 ], "texture": "#frog" },
				"east": { "uv": [ 11.25, 13.5, 10.5, 13.75 ], "texture": "#frog" }
			}
		},
		{
			"__comment": "Voxels",
			"from": [ 11, 10, 4 ],
			"to": [ 13, 13, 5 ],
			"faces": {
				"down": { "uv": [ 6.75, 8, 7.25, 8.25 ], "texture": "#frog" },
				"up": { "uv": [ 9.25, 9.75, 9.75, 9.5 ], "texture": "#frog" },
				"north": { "uv": [ 6.75, 8.25, 6.25, 9 ], "texture": "#frog" },
				"south": { "uv": [ 3.5, 8.25, 4, 9 ], "texture": "#frog" },
				"west": { "uv": [ 9.25, 12, 9.5, 12.75 ], "texture": "#frog" },
				"east": { "uv": [ 9.75, 12, 9.5, 12.75 ], "texture": "#frog" }
			}
		},
		{
			"__comment": "Voxels",
			"from": [ 11, 10, 11 ],
			"to": [ 13, 13, 12 ],
			"faces": {
				"down": { "uv": [ 9.25, 8.75, 9.75, 9 ], "texture": "#frog" },
				"up": { "uv": [ 9.25, 8.75, 9.75, 8.5 ], "texture": "#frog" },
				"north": { "uv": [ 7.25, 8.25, 6.75, 9 ], "texture": "#frog" },
				"south": { "uv": [ 3, 8.25, 3.5, 9 ], "texture": "#frog" },
				"west": { "uv": [ 9.25, 11.25, 9.5, 12 ], "texture": "#frog" },
				"east": { "uv": [ 9.75, 11.25, 9.5, 12 ], "texture": "#frog" }
			}
		},
		{
			"__comment": "Voxels",
			"from": [ 11, 12, 5 ],
			"to": [ 13, 13, 6 ],
			"faces": {
				"down": { "uv": [ 9.25, 8.25, 9.75, 8.5 ], "texture": "#frog" },
				"up": { "uv": [ 9.25, 8.25, 9.75, 8 ], "texture": "#frog" },
				"north": { "uv": [ 12.5, 13.5, 12, 13.75 ], "texture": "#frog" },
				"south": { "uv": [ 12.5, 13.5, 13, 13.75 ], "texture": "#frog" },
				"west": { "uv": [ 10, 8, 10.25, 8.25 ], "texture": "#frog" },
				"east": { "uv": [ 10.5, 8, 10.25, 8.25 ], "texture": "#frog" }
			}
		},
		{
			"__comment": "Voxels",
			"from": [ 11, 12, 10 ],
			"to": [ 13, 13, 11 ],
			"faces": {
				"down": { "uv": [ 13, 13.5, 13.5, 13.75 ], "texture": "#frog" },
				"up": { "uv": [ 13.5, 13.75, 14, 13.5 ], "texture": "#frog" },
				"north": { "uv": [ 14.5, 13.5, 14, 13.75 ], "texture": "#frog" },
				"south": { "uv": [ 10, 11.25, 10.5, 11.5 ], "texture": "#frog" },
				"west": { "uv": [ 11.5, 13.25, 11.75, 13.5 ], "texture": "#frog" },
				"east": { "uv": [ 12, 13.25, 11.75, 13.5 ], "texture": "#frog" }
			}
		},
		{
			"__comment": "Voxels",
			"from": [ 12, 4, 11 ],
			"to": [ 13, 5, 12 ],
			"faces": {
				"down": { "uv": [ 12, 13.25, 12.25, 13.5 ], "texture": "#frog" },
				"up": { "uv": [ 12.25, 13.5, 12.5, 13.25 ], "texture": "#frog" },
				"north": { "uv": [ 12.75, 13.25, 12.5, 13.5 ], "texture": "#frog" },
				"south": { "uv": [ 12.75, 13.25, 13, 13.5 ], "texture": "#frog" },
				"west": { "uv": [ 13, 13.25, 13.25, 13.5 ], "texture": "#frog" },
				"east": { "uv": [ 13.5, 13.25, 13.25, 13.5 ], "texture": "#frog" }
			}
		},
		{
			"__comment": "Voxels",
			"from": [ 12, 6, 5 ],
			"to": [ 13, 7, 11 ],
			"faces": {
				"down": { "uv": [ 8, 10.75, 8.25, 12.25 ], "texture": "#frog" },
				"up": { "uv": [ 7.75, 12.25, 8, 10.75 ], "texture": "#frog" },
				"north": { "uv": [ 14.25, 13.25, 14, 13.5 ], "texture": "#frog" },
				"south": { "uv": [ 14.25, 13.25, 14.5, 13.5 ], "texture": "#frog" },
				"west": { "uv": [ 7.75, 13.5, 9.25, 13.75 ], "texture": "#frog" },
				"east": { "uv": [ 9.25, 13.75, 7.75, 14 ], "texture": "#frog" }
			}
		},
		{
			"__comment": "Voxels",
			"from": [ 13, 6, 6 ],
			"to": [ 14, 7, 10 ],
			"faces": {
				"down": { "uv": [ 1.5, 9, 1.75, 10 ], "texture": "#frog" },
				"up": { "uv": [ 1.5, 9, 1.75, 8 ], "texture": "#frog" },
				"north": { "uv": [ 15.75, 13.25, 15.5, 13.5 ], "texture": "#frog" },
				"south": { "uv": [ 15.75, 13.25, 16, 13.5 ], "texture": "#frog" },
				"west": { "uv": [ 6.75, 13.5, 7.75, 13.75 ], "texture": "#frog" },
				"east": { "uv": [ 7.75, 13, 6.75, 13.25 ], "texture": "#frog" }
			}
		},
		{
			"__comment": "Voxels",
			"from": [ 14, 11, 6 ],
			"to": [ 15, 12, 10 ],
			"faces": {
				"down": { "uv": [ 7.25, 8, 7.5, 9 ], "texture": "#frog" },
				"up": { "uv": [ 7.5, 9, 7.75, 8 ], "texture": "#frog" },
				"north": { "uv": [ 10.75, 12, 10.5, 12.25 ], "texture": "#frog" },
				"south": { "uv": [ 10.5, 11.75, 10.75, 12 ], "texture": "#frog" },
				"west": { "uv": [ 8.25, 12, 9.25, 12.25 ], "texture": "#frog" },
				"east": { "uv": [ 9.25, 10.75, 8.25, 11 ], "texture": "#frog" }
			}
		},
		{
			"__comment": "Voxels",
			"from": [ 15, 8, 7 ],
			"to": [ 17, 9, 9 ],
			"faces": {
				"down": { "uv": [ 7.75, 8, 8.25, 8.5 ], "texture": "#frog" },
				"up": { "uv": [ 9.25, 14.25, 9.75, 13.75 ], "texture": "#frog" },
				"north": { "uv": [ 10.5, 13, 10, 13.25 ], "texture": "#frog" },
				"south": { "uv": [ 10, 12.75, 10.5, 13 ], "texture": "#frog" },
				"west": { "uv": [ 10, 12.5, 10.5, 12.75 ], "texture": "#frog" },
				"east": { "uv": [ 10.5, 12.25, 10, 12.5 ], "texture": "#frog" }
			}
		},
		{
			"__comment": "Voxels",
			"from": [ 15, 10, 6 ],
			"to": [ 16, 11, 10 ],
			"faces": {
				"down": { "uv": [ 9.25, 12.75, 9.5, 13.75 ], "texture": "#frog" },
				"up": { "uv": [ 9.5, 13.75, 9.75, 12.75 ], "texture": "#frog" },
				"north": { "uv": [ 10.75, 9, 10.5, 9.25 ], "texture": "#frog" },
				"south": { "uv": [ 10.5, 8.75, 10.75, 9 ], "texture": "#frog" },
				"west": { "uv": [ 11.25, 14.25, 12.25, 14.5 ], "texture": "#frog" },
				"east": { "uv": [ 7.75, 14.25, 6.75, 14.5 ], "texture": "#frog" }
			}
		}
	],
	"display": {
		"thirdperson_righthand": {
			"rotation":  [ 52, 80, 13 ],
			"translation":  [ 0, 2.0869, 2.0869 ],
			"scale":  [ 0.5, 0.5, 0.5 ]
		},
		"thirdperson_lefthand": {
			"rotation":  [ 110, -89, 13 ],
			"translation":  [ 0, 2.0868, 2.7825 ],
			"scale":  [ 0.5, 0.5, 0.5 ]
		},
		"firstperson_righthand": {
			"rotation":  [ 0, -180, 0 ],
			"translation":  [ -0.695, 3.4782, 1.3913 ],
			"scale":  [ 0.5, 0.5, 0.5 ]
		},
		"firstperson_lefthand": {
			"translation":  [ -0.695, 3.4782, 1.3913 ],
			"scale":  [ 0.5, 0.5, 0.5 ]
		},
		"gui": {
			"translation":  [ -1, 0, 0 ],
			"scale":  [ 0.9, 1, 1 ]
		},
		"head": {
			"rotation":  [ 0, 90, 0 ],
			"translation":  [ 0, 11, -3 ]
		},
		"fixed": {
			"rotation":  [ -90, 0, 0 ],
			"translation":  [ 0, 0, -6 ],
			"scale":  [ 1.5, 1.5, 1.5 ]
		}
	}
}