{
	"__comment": "moon",
	"textures": {
		"particle": "item/etc/shortshovel",
		"texture": "item/etc/shortshovel",
		"voxels_atlas": "item/etc/shortshovel"
	},
	"elements": [ 	 
		{
			"__comment": "Voxels",
			"from": [ 0, 7, 13 ],
			"to": [ 4, 8, 14 ],
			"faces": {
				"down": { "uv": [ 12, 13, 16, 14 ], "texture": "#voxels_atlas" },
				"up": { "uv": [ 12, 13, 16, 12 ], "texture": "#voxels_atlas" },
				"north": { "uv": [ 4, 1, 0, 2 ], "texture": "#voxels_atlas" },
				"south": { "uv": [ 0, 0, 4, 1 ], "texture": "#voxels_atlas" },
				"west": { "uv": [ 9, 4, 10, 5 ], "texture": "#voxels_atlas" },
				"east": { "uv": [ 10, 5, 9, 6 ], "texture": "#voxels_atlas" }
			}
		},
		{
			"__comment": "Voxels",
			"from": [ 0, 7, 14 ],
			"to": [ 3, 8, 15 ],
			"faces": {
				"down": { "uv": [ 8, 7, 11, 8 ], "texture": "#voxels_atlas" },
				"up": { "uv": [ 11, 8, 14, 7 ], "texture": "#voxels_atlas" },
				"north": { "uv": [ 11, 6, 8, 7 ], "texture": "#voxels_atlas" },
				"south": { "uv": [ 5, 1, 8, 2 ], "texture": "#voxels_atlas" },
				"west": { "uv": [ 8, 0, 9, 1 ], "texture": "#voxels_atlas" },
				"east": { "uv": [ 9, 1, 8, 2 ], "texture": "#voxels_atlas" }
			}
		},
		{
			"__comment": "Voxels",
			"from": [ 1, 7, 15 ],
			"to": [ 3, 8, 16 ],
			"faces": {
				"down": { "uv": [ 14, 8, 16, 9 ], "texture": "#voxels_atlas" },
				"up": { "uv": [ 14, 15, 16, 14 ], "texture": "#voxels_atlas" },
				"north": { "uv": [ 16, 15, 14, 16 ], "texture": "#voxels_atlas" },
				"south": { "uv": [ 14, 7, 16, 8 ], "texture": "#voxels_atlas" },
				"west": { "uv": [ 8, 3, 9, 4 ], "texture": "#voxels_atlas" },
				"east": { "uv": [ 16, 6, 15, 7 ], "texture": "#voxels_atlas" }
			}
		},
		{
			"__comment": "Voxels",
			"from": [ 2, 7, 12 ],
			"to": [ 5, 8, 13 ],
			"faces": {
				"down": { "uv": [ 13, 10, 16, 11 ], "texture": "#voxels_atlas" },
				"up": { "uv": [ 13, 10, 16, 9 ], "texture": "#voxels_atlas" },
				"north": { "uv": [ 8, 8, 5, 9 ], "texture": "#voxels_atlas" },
				"south": { "uv": [ 8, 8, 11, 9 ], "texture": "#voxels_atlas" },
				"west": { "uv": [ 14, 6, 15, 7 ], "texture": "#voxels_atlas" },
				"east": { "uv": [ 14, 6, 13, 7 ], "texture": "#voxels_atlas" }
			}
		},
		{
			"__comment": "Voxels",
			"from": [ 3, 7, 11 ],
			"to": [ 6, 8, 12 ],
			"faces": {
				"down": { "uv": [ 11, 8, 14, 9 ], "texture": "#voxels_atlas" },
				"up": { "uv": [ 5, 8, 8, 7 ], "texture": "#voxels_atlas" },
				"north": { "uv": [ 8, 6, 5, 7 ], "texture": "#voxels_atlas" },
				"south": { "uv": [ 5, 5, 8, 6 ], "texture": "#voxels_atlas" },
				"west": { "uv": [ 4, 1, 5, 2 ], "texture": "#voxels_atlas" },
				"east": { "uv": [ 16, 11, 15, 12 ], "texture": "#voxels_atlas" }
			}
		},
		{
			"__comment": "Voxels",
			"from": [ 4, 7, 10 ],
			"to": [ 7, 8, 11 ],
			"faces": {
				"down": { "uv": [ 5, 0, 8, 1 ], "texture": "#voxels_atlas" },
				"up": { "uv": [ 5, 5, 8, 4 ], "texture": "#voxels_atlas" },
				"north": { "uv": [ 8, 3, 5, 4 ], "texture": "#voxels_atlas" },
				"south": { "uv": [ 5, 2, 8, 3 ], "texture": "#voxels_atlas" },
				"west": { "uv": [ 11, 5, 12, 6 ], "texture": "#voxels_atlas" },
				"east": { "uv": [ 10, 0, 9, 1 ], "texture": "#voxels_atlas" }
			}
		},
		{
			"__comment": "Voxels",
			"from": [ 5, 7, 7 ],
			"to": [ 12, 8, 8 ],
			"faces": {
				"down": { "uv": [ 0, 14, 7, 15 ], "texture": "#voxels_atlas" },
				"up": { "uv": [ 7, 15, 14, 14 ], "texture": "#voxels_atlas" },
				"north": { "uv": [ 7, 15, 0, 16 ], "texture": "#voxels_atlas" },
				"south": { "uv": [ 7, 15, 14, 16 ], "texture": "#voxels_atlas" },
				"west": { "uv": [ 12, 6, 13, 7 ], "texture": "#voxels_atlas" },
				"east": { "uv": [ 10, 1, 9, 2 ], "texture": "#voxels_atlas" }
			}
		},
		{
			"__comment": "Voxels",
			"from": [ 5, 7, 9 ],
			"to": [ 10, 8, 10 ],
			"faces": {
				"down": { "uv": [ 0, 10, 5, 11 ], "texture": "#voxels_atlas" },
				"up": { "uv": [ 10, 12, 15, 11 ], "texture": "#voxels_atlas" },
				"north": { "uv": [ 5, 2, 0, 3 ], "texture": "#voxels_atlas" },
				"south": { "uv": [ 0, 3, 5, 4 ], "texture": "#voxels_atlas" },
				"west": { "uv": [ 4, 0, 5, 1 ], "texture": "#voxels_atlas" },
				"east": { "uv": [ 12, 6, 11, 7 ], "texture": "#voxels_atlas" }
			}
		},
		{
			"__comment": "Voxels",
			"from": [ 6, 7, 6 ],
			"to": [ 12, 8, 7 ],
			"faces": {
				"down": { "uv": [ 0, 13, 6, 14 ], "texture": "#voxels_atlas" },
				"up": { "uv": [ 6, 13, 12, 12 ], "texture": "#voxels_atlas" },
				"north": { "uv": [ 6, 12, 0, 13 ], "texture": "#voxels_atlas" },
				"south": { "uv": [ 6, 13, 12, 14 ], "texture": "#voxels_atlas" },
				"west": { "uv": [ 8, 5, 9, 6 ], "texture": "#voxels_atlas" },
				"east": { "uv": [ 9, 4, 8, 5 ], "texture": "#voxels_atlas" }
			}
		},
		{
			"__comment": "Voxels",
			"from": [ 6, 7, 8 ],
			"to": [ 11, 8, 9 ],
			"faces": {
				"down": { "uv": [ 0, 4, 5, 5 ], "texture": "#voxels_atlas" },
				"up": { "uv": [ 0, 6, 5, 5 ], "texture": "#voxels_atlas" },
				"north": { "uv": [ 5, 6, 0, 7 ], "texture": "#voxels_atlas" },
				"south": { "uv": [ 0, 7, 5, 8 ], "texture": "#voxels_atlas" },
				"west": { "uv": [ 8, 2, 9, 3 ], "texture": "#voxels_atlas" },
				"east": { "uv": [ 11, 5, 10, 6 ], "texture": "#voxels_atlas" }
			}
		},
		{
			"__comment": "Voxels",
			"from": [ 7, 7, 5 ],
			"to": [ 12, 8, 6 ],
			"faces": {
				"down": { "uv": [ 0, 8, 5, 9 ], "texture": "#voxels_atlas" },
				"up": { "uv": [ 0, 10, 5, 9 ], "texture": "#voxels_atlas" },
				"north": { "uv": [ 10, 11, 5, 12 ], "texture": "#voxels_atlas" },
				"south": { "uv": [ 0, 11, 5, 12 ], "texture": "#voxels_atlas" },
				"west": { "uv": [ 9, 3, 10, 4 ], "texture": "#voxels_atlas" },
				"east": { "uv": [ 10, 2, 9, 3 ], "texture": "#voxels_atlas" }
			}
		},
		{
			"__comment": "Voxels",
			"from": [ 8, 7, 4 ],
			"to": [ 12, 8, 5 ],
			"faces": {
				"down": { "uv": [ 9, 10, 13, 11 ], "texture": "#voxels_atlas" },
				"up": { "uv": [ 5, 10, 9, 9 ], "texture": "#voxels_atlas" },
				"north": { "uv": [ 9, 10, 5, 11 ], "texture": "#voxels_atlas" },
				"south": { "uv": [ 9, 9, 13, 10 ], "texture": "#voxels_atlas" },
				"west": { "uv": [ 12, 5, 13, 6 ], "texture": "#voxels_atlas" },
				"east": { "uv": [ 14, 5, 13, 6 ], "texture": "#voxels_atlas" }
			}
		},
		{
			"__comment": "Voxels",
			"from": [ 8, 7, 10 ],
			"to": [ 9, 8, 11 ],
			"faces": {
				"down": { "uv": [ 14, 5, 15, 6 ], "texture": "#voxels_atlas" },
				"up": { "uv": [ 15, 6, 16, 5 ], "texture": "#voxels_atlas" },
				"north": { "uv": [ 11, 4, 10, 5 ], "texture": "#voxels_atlas" },
				"south": { "uv": [ 10, 3, 11, 4 ], "texture": "#voxels_atlas" },
				"west": { "uv": [ 10, 2, 11, 3 ], "texture": "#voxels_atlas" },
				"east": { "uv": [ 11, 1, 10, 2 ], "texture": "#voxels_atlas" }
			}
		}
	],
	"display": {
		"thirdperson_righthand": {
			"rotation":  [ 40, 0, 90 ],
			"translation":  [ -0.606, 3.4782, 1.3912 ],
			"scale":  [ 0.7, 0.7, 0.7 ]
		},
		"thirdperson_lefthand": {
			"rotation":  [ 140, 0, 90 ],
			"translation":  [ -0.606, 3.4782, 2.0868 ],
			"scale":  [ 0.7, 0.7, 0.7 ]
		},
		"firstperson_righthand": {
			"rotation":  [ 56, 3, 69 ],
			"translation":  [ 7.6521, 3.4782, -6.258 ]
		},
		"firstperson_lefthand": {
			"rotation":  [ 56, 3, -110 ],
			"translation":  [ 7.6521, 3.4782, -6.258 ]
		},
		"gui": {
			"rotation":  [ 90, 0, 0 ],
			"translation":  [ 2.0869, 2.0869, 0 ]
		},
		"head": {
			"rotation":  [ 90, 0, 0 ],
			"translation":  [ 2.7826, -12.5, 4.8695 ]
		},
		"ground": {
			"rotation":  [ 90, 0, 0 ],
			"translation":  [ 0, 6.9565, 0 ]
		},
		"fixed": {
			"rotation":  [ 90, 0, 0 ],
			"translation":  [ 1.3913, 2.0869, -0.695 ]
		}
	}
}