{
	"__comment": "moon",
	"textures": {
		"particle": "items/particle",
		"tissue": "item/etc/tissue"
	},
	"elements": [ 	 
		{
			"__comment": "Voxels",
			"from": [ -2, 7, 12 ],
			"to": [ 16, 8, 13 ],
			"faces": {
				"down": { "uv": [ 1.5, 11, 10.5, 11.5 ], "texture": "#tissue" },
				"up": { "uv": [ 1.5, 13, 10.5, 12.5 ], "texture": "#tissue" },
				"north": { "uv": [ 10.5, 12, 1.5, 12.5 ], "texture": "#tissue" },
				"south": { "uv": [ 1.5, 11.5, 10.5, 12 ], "texture": "#tissue" },
				"west": { "uv": [ 15.5, 11, 16, 11.5 ], "texture": "#tissue" },
				"east": { "uv": [ 4, 2, 3.5, 2.5 ], "texture": "#tissue" }
			}
		},
		{
			"__comment": "Voxels",
			"from": [ -2, 7, 13 ],
			"to": [ 13, 8, 14 ],
			"faces": {
				"down": { "uv": [ 1.5, 8.5, 9, 9 ], "texture": "#tissue" },
				"up": { "uv": [ 1.5, 8.5, 9, 8 ], "texture": "#tissue" },
				"north": { "uv": [ 9, 7.5, 1.5, 8 ], "texture": "#tissue" },
				"south": { "uv": [ 1.5, 7, 9, 7.5 ], "texture": "#tissue" },
				"west": { "uv": [ 4, 2, 4.5, 2.5 ], "texture": "#tissue" },
				"east": { "uv": [ 5, 2, 4.5, 2.5 ], "texture": "#tissue" }
			}
		},
		{
			"__comment": "Voxels",
			"from": [ -1, 7, 11 ],
			"to": [ 16, 8, 12 ],
			"faces": {
				"down": { "uv": [ 1.5, 10.5, 10, 11 ], "texture": "#tissue" },
				"up": { "uv": [ 1.5, 10.5, 10, 10 ], "texture": "#tissue" },
				"north": { "uv": [ 10, 9.5, 1.5, 10 ], "texture": "#tissue" },
				"south": { "uv": [ 1.5, 9, 10, 9.5 ], "texture": "#tissue" },
				"west": { "uv": [ 2, 1.5, 2.5, 2 ], "texture": "#tissue" },
				"east": { "uv": [ 2.5, 1, 2, 1.5 ], "texture": "#tissue" }
			}
		},
		{
			"__comment": "Voxels",
			"from": [ -1, 7, 14 ],
			"to": [ 12, 8, 15 ],
			"faces": {
				"down": { "uv": [ 9, 15.5, 15.5, 16 ], "texture": "#tissue" },
				"up": { "uv": [ 9, 15.5, 15.5, 15 ], "texture": "#tissue" },
				"north": { "uv": [ 15.5, 14.5, 9, 15 ], "texture": "#tissue" },
				"south": { "uv": [ 9, 14, 15.5, 14.5 ], "texture": "#tissue" },
				"west": { "uv": [ 2.5, 1.5, 3, 2 ], "texture": "#tissue" },
				"east": { "uv": [ 3, 1, 2.5, 1.5 ], "texture": "#tissue" }
			}
		},
		{
			"__comment": "Voxels",
			"from": [ 0, 7, 4 ],
			"to": [ 3, 8, 11 ],
			"faces": {
				"down": { "uv": [ 0, 9.5, 1.5, 13 ], "texture": "#tissue" },
				"up": { "uv": [ 0, 9.5, 1.5, 6 ], "texture": "#tissue" },
				"north": { "uv": [ 16, 9, 14.5, 9.5 ], "texture": "#tissue" },
				"south": { "uv": [ 1.5, 3.5, 3, 4 ], "texture": "#tissue" },
				"west": { "uv": [ 1.5, 6, 5, 6.5 ], "texture": "#tissue" },
				"east": { "uv": [ 5, 5.5, 1.5, 6 ], "texture": "#tissue" }
			}
		},
		{
			"__comment": "Voxels",
			"from": [ 1, 7, 15 ],
			"to": [ 12, 8, 16 ],
			"faces": {
				"down": { "uv": [ 10.5, 12.5, 16, 13 ], "texture": "#tissue" },
				"up": { "uv": [ 10.5, 12.5, 16, 12 ], "texture": "#tissue" },
				"north": { "uv": [ 14.5, 13.5, 9, 14 ], "texture": "#tissue" },
				"south": { "uv": [ 9, 13, 14.5, 13.5 ], "texture": "#tissue" },
				"west": { "uv": [ 3, 1.5, 3.5, 2 ], "texture": "#tissue" },
				"east": { "uv": [ 16, 15.5, 15.5, 16 ], "texture": "#tissue" }
			}
		},
		{
			"__comment": "Voxels",
			"from": [ 1, 7, 16 ],
			"to": [ 11, 8, 17 ],
			"faces": {
				"down": { "uv": [ 10.5, 11, 15.5, 11.5 ], "texture": "#tissue" },
				"up": { "uv": [ 10, 11, 15, 10.5 ], "texture": "#tissue" },
				"north": { "uv": [ 15, 10, 10, 10.5 ], "texture": "#tissue" },
				"south": { "uv": [ 10.5, 11.5, 15.5, 12 ], "texture": "#tissue" },
				"west": { "uv": [ 15.5, 15, 16, 15.5 ], "texture": "#tissue" },
				"east": { "uv": [ 16, 14.5, 15.5, 15 ], "texture": "#tissue" }
			}
		},
		{
			"__comment": "Voxels",
			"from": [ 2, 7, 17 ],
			"to": [ 10, 8, 18 ],
			"faces": {
				"down": { "uv": [ 9, 8.5, 13, 9 ], "texture": "#tissue" },
				"up": { "uv": [ 9, 7.5, 13, 7 ], "texture": "#tissue" },
				"north": { "uv": [ 13, 8, 9, 8.5 ], "texture": "#tissue" },
				"south": { "uv": [ 9, 7.5, 13, 8 ], "texture": "#tissue" },
				"west": { "uv": [ 15.5, 11.5, 16, 12 ], "texture": "#tissue" },
				"east": { "uv": [ 1.5, 2, 1, 2.5 ], "texture": "#tissue" }
			}
		},
		{
			"__comment": "Voxels",
			"from": [ 3, 7, 5 ],
			"to": [ 12, 8, 11 ],
			"faces": {
				"down": { "uv": [ 0, 13, 4.5, 16 ], "texture": "#tissue" },
				"up": { "uv": [ 4.5, 16, 9, 13 ], "texture": "#tissue" },
				"north": { "uv": [ 14.5, 9.5, 10, 10 ], "texture": "#tissue" },
				"south": { "uv": [ 10, 9, 14.5, 9.5 ], "texture": "#tissue" },
				"west": { "uv": [ 13, 8.5, 16, 9 ], "texture": "#tissue" },
				"east": { "uv": [ 16, 8, 13, 8.5 ], "texture": "#tissue" }
			}
		},
		{
			"__comment": "Voxels",
			"from": [ 4, 7, 18 ],
			"to": [ 7, 8, 19 ],
			"faces": {
				"down": { "uv": [ 0, 1.5, 1.5, 2 ], "texture": "#tissue" },
				"up": { "uv": [ 3, 3.5, 4.5, 3 ], "texture": "#tissue" },
				"north": { "uv": [ 16, 13.5, 14.5, 14 ], "texture": "#tissue" },
				"south": { "uv": [ 14.5, 13, 16, 13.5 ], "texture": "#tissue" },
				"west": { "uv": [ 1, 4, 1.5, 4.5 ], "texture": "#tissue" },
				"east": { "uv": [ 5, 3, 4.5, 3.5 ], "texture": "#tissue" }
			}
		},
		{
			"__comment": "Voxels",
			"from": [ 5, 7, 4 ],
			"to": [ 12, 8, 5 ],
			"faces": {
				"down": { "uv": [ 1.5, 4.5, 5, 5 ], "texture": "#tissue" },
				"up": { "uv": [ 1.5, 4.5, 5, 4 ], "texture": "#tissue" },
				"north": { "uv": [ 5, 6.5, 1.5, 7 ], "texture": "#tissue" },
				"south": { "uv": [ 1.5, 5, 5, 5.5 ], "texture": "#tissue" },
				"west": { "uv": [ 15.5, 14, 16, 14.5 ], "texture": "#tissue" },
				"east": { "uv": [ 5, 3.5, 4.5, 4 ], "texture": "#tissue" }
			}
		},
		{
			"__comment": "Voxels",
			"from": [ 7, 7, 3 ],
			"to": [ 10, 8, 4 ],
			"faces": {
				"down": { "uv": [ 0, 1, 1.5, 1.5 ], "texture": "#tissue" },
				"up": { "uv": [ 0, 1, 1.5, 0.5 ], "texture": "#tissue" },
				"north": { "uv": [ 1.5, 0, 0, 0.5 ], "texture": "#tissue" },
				"south": { "uv": [ 14.5, 9.5, 16, 10 ], "texture": "#tissue" },
				"west": { "uv": [ 3, 2, 3.5, 2.5 ], "texture": "#tissue" },
				"east": { "uv": [ 4, 1.5, 3.5, 2 ], "texture": "#tissue" }
			}
		},
		{
			"__comment": "Voxels",
			"from": [ 12, 7, 7 ],
			"to": [ 14, 8, 11 ],
			"faces": {
				"down": { "uv": [ 0, 2, 1, 4 ], "texture": "#tissue" },
				"up": { "uv": [ 0, 6, 1, 4 ], "texture": "#tissue" },
				"north": { "uv": [ 16, 10.5, 15, 11 ], "texture": "#tissue" },
				"south": { "uv": [ 15, 10, 16, 10.5 ], "texture": "#tissue" },
				"west": { "uv": [ 13, 7.5, 15, 8 ], "texture": "#tissue" },
				"east": { "uv": [ 15, 7, 13, 7.5 ], "texture": "#tissue" }
			}
		},
		{
			"__comment": "Voxels",
			"from": [ 14, 7, 8 ],
			"to": [ 15, 8, 11 ],
			"faces": {
				"down": { "uv": [ 1, 4.5, 1.5, 6 ], "texture": "#tissue" },
				"up": { "uv": [ 1, 4, 1.5, 2.5 ], "texture": "#tissue" },
				"north": { "uv": [ 5, 2.5, 4.5, 3 ], "texture": "#tissue" },
				"south": { "uv": [ 1.5, 0, 2, 0.5 ], "texture": "#tissue" },
				"west": { "uv": [ 1.5, 3, 3, 3.5 ], "texture": "#tissue" },
				"east": { "uv": [ 4.5, 3.5, 3, 4 ], "texture": "#tissue" }
			}
		},
		{
			"__comment": "Voxels",
			"from": [ 14, 7, 13 ],
			"to": [ 16, 8, 14 ],
			"faces": {
				"down": { "uv": [ 15, 7, 16, 7.5 ], "texture": "#tissue" },
				"up": { "uv": [ 1.5, 3, 2.5, 2.5 ], "texture": "#tissue" },
				"north": { "uv": [ 3.5, 2.5, 2.5, 3 ], "texture": "#tissue" },
				"south": { "uv": [ 3.5, 2.5, 4.5, 3 ], "texture": "#tissue" },
				"west": { "uv": [ 2, 0.5, 2.5, 1 ], "texture": "#tissue" },
				"east": { "uv": [ 2.5, 0, 2, 0.5 ], "texture": "#tissue" }
			}
		},
		{
			"__comment": "Voxels",
			"from": [ 15, 7, 9 ],
			"to": [ 16, 8, 11 ],
			"faces": {
				"down": { "uv": [ 1.5, 1.5, 2, 2.5 ], "texture": "#tissue" },
				"up": { "uv": [ 1.5, 1.5, 2, 0.5 ], "texture": "#tissue" },
				"north": { "uv": [ 3, 0.5, 2.5, 1 ], "texture": "#tissue" },
				"south": { "uv": [ 2.5, 0, 3, 0.5 ], "texture": "#tissue" },
				"west": { "uv": [ 2, 2, 3, 2.5 ], "texture": "#tissue" },
				"east": { "uv": [ 16, 7.5, 15, 8 ], "texture": "#tissue" }
			}
		}
	],
	"display": {
		"thirdperson_righthand": {
			"rotation":  [ 118, 0, 0 ],
			"translation":  [ 1, 2.5, 4 ],
			"scale":  [ 0.4, 1, 0.4 ]
		},
		"thirdperson_lefthand": {
			"rotation":  [ 118, 0, 0 ],
			"translation":  [ 1, 2.5, 4 ],
			"scale":  [ 0.4, 1, 0.4 ]
		},
		"firstperson_righthand": {
			"rotation":  [ 90, 0, 0 ],
			"translation":  [ 9, 3, -8 ],
			"scale":  [ 0.8, 1, 0.8 ]
		},
		"firstperson_lefthand": {
			"rotation":  [ 90, 0, 0 ],
			"translation":  [ 6, 2, -8 ],
			"scale":  [ 0.8, 1, 0.8 ]
		},
		"gui": {
			"rotation":  [ 90, 0, 0 ],
			"translation":  [ 0.5, 2, 0 ],
			"scale":  [ 0.7, 1, 0.7 ]
		},
		"ground": {
			"rotation":  [ 13, 0, 0 ],
			"translation":  [ 0, 2, 0 ],
			"scale":  [ 0.6, 1.2, 0.6 ]
		},
		"fixed": {
			"rotation":  [ 90, 0, 0 ],
			"translation":  [ 1, 3, 0 ],
			"scale":  [ 0.8, 1, 0.8 ]
		}
	}
}