{
	"credit": "Made with Blockbench",
	"texture_size": [64, 64],
	"textures": {
		"2": "item/decor/goth/goth_stool",
		"particle": "item/decor/goth/goth_stool"
	},
	"elements": [
		{
			"from": [11, 3, 12],
			"to": [13, 5, 14],
			"faces": {
				"north": {"uv": [5.5, 1.5, 6, 2], "texture": "#2"},
				"east": {"uv": [5.5, 2, 6, 2.5], "texture": "#2"},
				"south": {"uv": [5.5, 2.5, 6, 3], "texture": "#2"},
				"west": {"uv": [5, 5.5, 5.5, 6], "texture": "#2"},
				"up": {"uv": [6, 6, 5.5, 5.5], "texture": "#2"},
				"down": {"uv": [0.5, 5.75, 0, 6.25], "texture": "#2"}
			}
		},
		{
			"from": [3, 3, 12],
			"to": [5, 5, 14],
			"faces": {
				"north": {"uv": [0.5, 5.75, 1, 6.25], "texture": "#2"},
				"east": {"uv": [1, 5.75, 1.5, 6.25], "texture": "#2"},
				"south": {"uv": [1.5, 5.75, 2, 6.25], "texture": "#2"},
				"west": {"uv": [2, 5.75, 2.5, 6.25], "texture": "#2"},
				"up": {"uv": [3, 6.25, 2.5, 5.75], "texture": "#2"},
				"down": {"uv": [3.5, 5.75, 3, 6.25], "texture": "#2"}
			}
		},
		{
			"from": [11, 3, 3],
			"to": [13, 5, 5],
			"faces": {
				"north": {"uv": [5, 6, 5.5, 6.5], "texture": "#2"},
				"east": {"uv": [5.5, 6, 6, 6.5], "texture": "#2"},
				"south": {"uv": [6, 5.5, 6.5, 6], "texture": "#2"},
				"west": {"uv": [6, 6, 6.5, 6.5], "texture": "#2"},
				"up": {"uv": [0.5, 6.75, 0, 6.25], "texture": "#2"},
				"down": {"uv": [1, 6.25, 0.5, 6.75], "texture": "#2"}
			}
		},
		{
			"from": [3, 3, 3],
			"to": [5, 5, 5],
			"faces": {
				"north": {"uv": [3.5, 5.75, 4, 6.25], "texture": "#2"},
				"east": {"uv": [4, 5.75, 4.5, 6.25], "texture": "#2"},
				"south": {"uv": [4.5, 5.75, 5, 6.25], "texture": "#2"},
				"west": {"uv": [6, 1.5, 6.5, 2], "texture": "#2"},
				"up": {"uv": [6.5, 2.5, 6, 2], "texture": "#2"},
				"down": {"uv": [6.5, 2.5, 6, 3], "texture": "#2"}
			}
		},
		{
			"from": [3.5, 0, 12],
			"to": [4.5, 3, 13],
			"faces": {
				"north": {"uv": [1, 6.25, 1.25, 7], "texture": "#2"},
				"east": {"uv": [1.25, 6.25, 1.5, 7], "texture": "#2"},
				"south": {"uv": [1.5, 6.25, 1.75, 7], "texture": "#2"},
				"west": {"uv": [1.75, 6.25, 2, 7], "texture": "#2"},
				"up": {"uv": [6.75, 1.75, 6.5, 1.5], "texture": "#2"},
				"down": {"uv": [6.75, 1.75, 6.5, 2], "texture": "#2"}
			}
		},
		{
			"from": [11.5, 0, 12],
			"to": [12.5, 3, 13],
			"faces": {
				"north": {"uv": [2, 6.25, 2.25, 7], "texture": "#2"},
				"east": {"uv": [2.25, 6.25, 2.5, 7], "texture": "#2"},
				"south": {"uv": [2.5, 6.25, 2.75, 7], "texture": "#2"},
				"west": {"uv": [2.75, 6.25, 3, 7], "texture": "#2"},
				"up": {"uv": [6.75, 2.25, 6.5, 2], "texture": "#2"},
				"down": {"uv": [6.75, 2.25, 6.5, 2.5], "texture": "#2"}
			}
		},
		{
			"from": [11.5, 0, 4],
			"to": [12.5, 3, 5],
			"faces": {
				"north": {"uv": [4, 6.25, 4.25, 7], "texture": "#2"},
				"east": {"uv": [4.25, 6.25, 4.5, 7], "texture": "#2"},
				"south": {"uv": [4.5, 6.25, 4.75, 7], "texture": "#2"},
				"west": {"uv": [4.75, 6.25, 5, 7], "texture": "#2"},
				"up": {"uv": [5.25, 6.75, 5, 6.5], "texture": "#2"},
				"down": {"uv": [5.5, 6.5, 5.25, 6.75], "texture": "#2"}
			}
		},
		{
			"from": [3.5, 0, 4],
			"to": [4.5, 3, 5],
			"faces": {
				"north": {"uv": [3, 6.25, 3.25, 7], "texture": "#2"},
				"east": {"uv": [3.25, 6.25, 3.5, 7], "texture": "#2"},
				"south": {"uv": [3.5, 6.25, 3.75, 7], "texture": "#2"},
				"west": {"uv": [3.75, 6.25, 4, 7], "texture": "#2"},
				"up": {"uv": [6.75, 2.75, 6.5, 2.5], "texture": "#2"},
				"down": {"uv": [6.75, 2.75, 6.5, 3], "texture": "#2"}
			}
		},
		{
			"from": [3, 5, 3],
			"to": [13, 7, 14],
			"faces": {
				"north": {"uv": [5.5, 0.5, 8, 1], "texture": "#2"},
				"east": {"uv": [5, 4, 7.75, 4.5], "texture": "#2"},
				"south": {"uv": [5.5, 1, 8, 1.5], "texture": "#2"},
				"west": {"uv": [5, 4.5, 7.75, 5], "texture": "#2"},
				"up": {"uv": [2.5, 5.75, 0, 3], "texture": "#2"},
				"down": {"uv": [5, 3, 2.5, 5.75], "texture": "#2"}
			}
		},
		{
			"from": [2.6, 6, 2.5],
			"to": [13.6, 8, 14.5],
			"faces": {
				"north": {"uv": [5, 5, 7.75, 5.5], "texture": "#2", "tintindex": 0},
				"east": {"uv": [5, 3, 8, 3.5], "texture": "#2", "tintindex": 0},
				"south": {"uv": [5.5, 0, 8.25, 0.5], "texture": "#2", "tintindex": 0},
				"west": {"uv": [5, 3.5, 8, 4], "texture": "#2", "tintindex": 0},
				"up": {"uv": [2.75, 3, 0, 0], "texture": "#2", "tintindex": 0},
				"down": {"uv": [5.5, 0, 2.75, 3], "texture": "#2", "tintindex": 0}
			}
		}
	],
	"gui_light": "front",
	"display": {
		"thirdperson_righthand": {
			"rotation": [75, 45, 0],
			"translation": [0, 2.5, 0],
			"scale": [0.375, 0.375, 0.375]
		},
		"thirdperson_lefthand": {
			"rotation": [75, 45, 0],
			"translation": [0, 2.5, 0],
			"scale": [0.375, 0.375, 0.375]
		},
		"firstperson_righthand": {
			"rotation": [16, 143.25, 0],
			"translation": [0, 1.75, 0],
			"scale": [0.375, 0.375, 0.375]
		},
		"firstperson_lefthand": {
			"rotation": [16, 143.25, 0],
			"translation": [0, 1.75, 0],
			"scale": [0.375, 0.375, 0.375]
		},
		"ground": {
			"scale": [0.5, 0.5, 0.5]
		},
		"gui": {
			"rotation": [30, 225, 0],
			"scale": [0.625, 0.625, 0.625]
		},
		"head": {
			"rotation": [0, -180, 0],
			"translation": [0, -30.2, 0],
			"scale": [1.6, 1.6, 1.6]
		},
		"fixed": {
			"rotation": [-90, 0, 0],
			"translation": [0, 0, -15],
			"scale": [2, 2, 2]
		}
	}
}