{
	"credit": "Made with Blockbench",
	"texture_size": [64, 64],
	"textures": {
		"3": "item/decor/goth/dressing_table"
	},
	"elements": [
		{
			"from": [13.5, 5, 12.5],
			"to": [15.5, 9, 14.5],
			"faces": {
				"north": {"uv": [2.25, 12.25, 2.75, 13.25], "texture": "#3"},
				"east": {"uv": [2.75, 12.25, 3.25, 13.25], "texture": "#3"},
				"south": {"uv": [11, 12.25, 11.5, 13.25], "texture": "#3"},
				"west": {"uv": [11.5, 12.25, 12, 13.25], "texture": "#3"},
				"up": {"uv": [12.25, 13.75, 11.75, 13.25], "texture": "#3"},
				"down": {"uv": [12.75, 13.25, 12.25, 13.75], "texture": "#3"}
			}
		},
		{
			"from": [-14.5, 5, 12.5],
			"to": [-12.5, 9, 14.5],
			"faces": {
				"north": {"uv": [12, 12.25, 12.5, 13.25], "texture": "#3"},
				"east": {"uv": [7.5, 12.5, 8, 13.5], "texture": "#3"},
				"south": {"uv": [8, 12.5, 8.5, 13.5], "texture": "#3"},
				"west": {"uv": [8.5, 12.5, 9, 13.5], "texture": "#3"},
				"up": {"uv": [13.75, 12.75, 13.25, 12.25], "texture": "#3"},
				"down": {"uv": [13.75, 12.75, 13.25, 13.25], "texture": "#3"}
			}
		},
		{
			"from": [13.5, 5, 1.5],
			"to": [15.5, 9, 3.5],
			"faces": {
				"north": {"uv": [12.5, 12.25, 13, 13.25], "texture": "#3"},
				"east": {"uv": [0, 12.75, 0.5, 13.75], "texture": "#3"},
				"south": {"uv": [0.5, 12.75, 1, 13.75], "texture": "#3"},
				"west": {"uv": [1, 12.75, 1.5, 13.75], "texture": "#3"},
				"up": {"uv": [8.5, 14, 8, 13.5], "texture": "#3"},
				"down": {"uv": [9, 13.5, 8.5, 14], "texture": "#3"}
			}
		},
		{
			"from": [-14.5, 5, 1.5],
			"to": [-12.5, 9, 3.5],
			"faces": {
				"north": {"uv": [9, 12.5, 9.5, 13.5], "texture": "#3"},
				"east": {"uv": [9.5, 12.5, 10, 13.5], "texture": "#3"},
				"south": {"uv": [10, 12.5, 10.5, 13.5], "texture": "#3"},
				"west": {"uv": [10.5, 12.5, 11, 13.5], "texture": "#3"},
				"up": {"uv": [13.75, 13.75, 13.25, 13.25], "texture": "#3"},
				"down": {"uv": [8, 13.5, 7.5, 14], "texture": "#3"}
			}
		},
		{
			"from": [-14, 0, 13],
			"to": [-13, 5, 14],
			"faces": {
				"north": {"uv": [1.5, 12.75, 1.75, 14], "texture": "#3"},
				"east": {"uv": [13, 12.25, 13.25, 13.5], "texture": "#3"},
				"south": {"uv": [2.25, 13.25, 2.5, 14.5], "texture": "#3"},
				"west": {"uv": [2.5, 13.25, 2.75, 14.5], "texture": "#3"},
				"up": {"uv": [13, 13.5, 12.75, 13.25], "texture": "#3"},
				"down": {"uv": [11, 14, 10.75, 14.25], "texture": "#3"}
			}
		},
		{
			"from": [14, 0, 12.5],
			"to": [15, 5, 13.5],
			"faces": {
				"north": {"uv": [2.75, 13.25, 3, 14.5], "texture": "#3"},
				"east": {"uv": [3, 13.25, 3.25, 14.5], "texture": "#3"},
				"south": {"uv": [5.25, 13.25, 5.5, 14.5], "texture": "#3"},
				"west": {"uv": [5.5, 13.25, 5.75, 14.5], "texture": "#3"},
				"up": {"uv": [13, 14.25, 12.75, 14], "texture": "#3"},
				"down": {"uv": [13.25, 14, 13, 14.25], "texture": "#3"}
			}
		},
		{
			"from": [14, 0, 2.5],
			"to": [15, 5, 3.5],
			"faces": {
				"north": {"uv": [6.75, 13.25, 7, 14.5], "texture": "#3"},
				"east": {"uv": [11, 13.25, 11.25, 14.5], "texture": "#3"},
				"south": {"uv": [11.25, 13.25, 11.5, 14.5], "texture": "#3"},
				"west": {"uv": [11.5, 13.25, 11.75, 14.5], "texture": "#3"},
				"up": {"uv": [14.25, 14, 14, 13.75], "texture": "#3"},
				"down": {"uv": [14.25, 14, 14, 14.25], "texture": "#3"}
			}
		},
		{
			"from": [-14, 0, 2.5],
			"to": [-13, 5, 3.5],
			"faces": {
				"north": {"uv": [5.75, 13.25, 6, 14.5], "texture": "#3"},
				"east": {"uv": [6, 13.25, 6.25, 14.5], "texture": "#3"},
				"south": {"uv": [6.25, 13.25, 6.5, 14.5], "texture": "#3"},
				"west": {"uv": [6.5, 13.25, 6.75, 14.5], "texture": "#3"},
				"up": {"uv": [14.25, 13.5, 14, 13.25], "texture": "#3"},
				"down": {"uv": [14.25, 13.5, 14, 13.75], "texture": "#3"}
			}
		},
		{
			"from": [-14.5, 9, 1.5],
			"to": [15.5, 13, 14.5],
			"faces": {
				"north": {"uv": [8, 7.25, 15.5, 8.25], "texture": "#3"},
				"east": {"uv": [11, 10.25, 14.25, 11.25], "texture": "#3"},
				"south": {"uv": [7.5, 8.25, 15, 9.25], "texture": "#3"},
				"west": {"uv": [0, 11.25, 3.25, 12.25], "texture": "#3"},
				"up": {"uv": [7.5, 11.25, 0, 8], "texture": "#3"},
				"down": {"uv": [15.5, 0, 8, 3.25], "texture": "#3"}
			}
		},
		{
			"from": [-16, 13, 0],
			"to": [16, 15, 16],
			"faces": {
				"north": {"uv": [7.5, 9.25, 15.5, 9.75], "texture": "#3"},
				"east": {"uv": [3.25, 11.25, 7.25, 11.75], "texture": "#3"},
				"south": {"uv": [7.5, 9.75, 15.5, 10.25], "texture": "#3"},
				"west": {"uv": [11, 11.25, 15, 11.75], "texture": "#3"},
				"up": {"uv": [8, 4, 0, 0], "texture": "#3"},
				"down": {"uv": [8, 4, 0, 8], "texture": "#3"}
			}
		},
		{
			"from": [-16, 15, 14],
			"to": [-14, 17, 16],
			"faces": {
				"north": {"uv": [9, 13.5, 9.5, 14], "texture": "#3"},
				"east": {"uv": [9.5, 13.5, 10, 14], "texture": "#3"},
				"south": {"uv": [10, 13.5, 10.5, 14], "texture": "#3"},
				"west": {"uv": [10.5, 13.5, 11, 14], "texture": "#3"},
				"up": {"uv": [13.25, 14, 12.75, 13.5], "texture": "#3"},
				"down": {"uv": [0.5, 13.75, 0, 14.25], "texture": "#3"}
			}
		},
		{
			"from": [-14.5, 15, 15.5],
			"to": [14.5, 23, 15.5],
			"faces": {
				"north": {"uv": [8, 3.25, 15.25, 5.25], "texture": "#3"},
				"east": {"uv": [0, 0, 0, 2], "texture": "#3"},
				"south": {"uv": [8, 5.25, 15.25, 7.25], "texture": "#3"},
				"west": {"uv": [0, 0, 0, 2], "texture": "#3"},
				"up": {"uv": [7.25, 0, 0, 0], "texture": "#3"},
				"down": {"uv": [7.25, 0, 0, 0], "texture": "#3"}
			}
		},
		{
			"from": [-15.5, 17, 15],
			"to": [-14.5, 19, 16],
			"faces": {
				"north": {"uv": [13.25, 13.75, 13.5, 14.25], "texture": "#3"},
				"east": {"uv": [13.75, 13.25, 14, 13.75], "texture": "#3"},
				"south": {"uv": [13.5, 13.75, 13.75, 14.25], "texture": "#3"},
				"west": {"uv": [13.75, 13.75, 14, 14.25], "texture": "#3"},
				"up": {"uv": [0.25, 14.5, 0, 14.25], "texture": "#3"},
				"down": {"uv": [0.5, 14.25, 0.25, 14.5], "texture": "#3"}
			}
		},
		{
			"from": [14.5, 17, 15],
			"to": [15.5, 19, 16],
			"faces": {
				"north": {"uv": [1.5, 14, 1.75, 14.5], "texture": "#3"},
				"east": {"uv": [7.5, 14, 7.75, 14.5], "texture": "#3"},
				"south": {"uv": [7.75, 14, 8, 14.5], "texture": "#3"},
				"west": {"uv": [8, 14, 8.25, 14.5], "texture": "#3"},
				"up": {"uv": [0.75, 14.5, 0.5, 14.25], "texture": "#3"},
				"down": {"uv": [1, 14.25, 0.75, 14.5], "texture": "#3"}
			}
		},
		{
			"from": [14, 15, 14],
			"to": [16, 17, 16],
			"faces": {
				"north": {"uv": [0.5, 13.75, 1, 14.25], "texture": "#3"},
				"east": {"uv": [1, 13.75, 1.5, 14.25], "texture": "#3"},
				"south": {"uv": [11.75, 13.75, 12.25, 14.25], "texture": "#3"},
				"west": {"uv": [12.25, 13.75, 12.75, 14.25], "texture": "#3"},
				"up": {"uv": [14.25, 12.75, 13.75, 12.25], "texture": "#3"},
				"down": {"uv": [14.25, 12.75, 13.75, 13.25], "texture": "#3"}
			}
		},
		{
			"from": [-5.5, 19, 15],
			"to": [-3.5, 32, 16],
			"faces": {
				"north": {"uv": [3.25, 11.75, 3.75, 15], "texture": "#3"},
				"east": {"uv": [7.25, 11.25, 7.5, 14.5], "texture": "#3"},
				"south": {"uv": [3.75, 11.75, 4.25, 15], "texture": "#3"},
				"west": {"uv": [7, 11.75, 7.25, 15], "texture": "#3"},
				"up": {"uv": [8, 8.25, 7.5, 8], "texture": "#3"},
				"down": {"uv": [8.75, 14, 8.25, 14.25], "texture": "#3"}
			}
		},
		{
			"from": [-3.5, 21, 15.5],
			"to": [3.5, 30, 15.5],
			"faces": {
				"north": {"uv": [7.5, 10.25, 9.25, 12.5], "texture": "#3"},
				"east": {"uv": [0, 0, 0, 2.25], "texture": "#3"},
				"south": {"uv": [9.25, 10.25, 11, 12.5], "texture": "#3"},
				"west": {"uv": [0, 0, 0, 2.25], "texture": "#3"},
				"up": {"uv": [1.75, 0, 0, 0], "texture": "#3"},
				"down": {"uv": [1.75, 0, 0, 0], "texture": "#3"}
			}
		},
		{
			"from": [3.5, 19, 15],
			"to": [5.5, 32, 16],
			"faces": {
				"north": {"uv": [4.25, 11.75, 4.75, 15], "texture": "#3"},
				"east": {"uv": [1.75, 12.25, 2, 15.5], "texture": "#3"},
				"south": {"uv": [4.75, 11.75, 5.25, 15], "texture": "#3"},
				"west": {"uv": [2, 12.25, 2.25, 15.5], "texture": "#3"},
				"up": {"uv": [9.25, 14.25, 8.75, 14], "texture": "#3"},
				"down": {"uv": [9.75, 14, 9.25, 14.25], "texture": "#3"}
			}
		},
		{
			"from": [-3.5, 19, 15],
			"to": [3.5, 21, 16],
			"faces": {
				"north": {"uv": [5.25, 11.75, 7, 12.25], "texture": "#3"},
				"east": {"uv": [9.75, 14, 10, 14.5], "texture": "#3"},
				"south": {"uv": [11, 11.75, 12.75, 12.25], "texture": "#3"},
				"west": {"uv": [10, 14, 10.25, 14.5], "texture": "#3"},
				"up": {"uv": [7, 13, 5.25, 12.75], "texture": "#3"},
				"down": {"uv": [14.5, 11.75, 12.75, 12], "texture": "#3"}
			}
		},
		{
			"from": [-3.5, 30, 15],
			"to": [3.5, 32, 16],
			"faces": {
				"north": {"uv": [0, 12.25, 1.75, 12.75], "texture": "#3"},
				"east": {"uv": [10.25, 14, 10.5, 14.5], "texture": "#3"},
				"south": {"uv": [5.25, 12.25, 7, 12.75], "texture": "#3"},
				"west": {"uv": [10.5, 14, 10.75, 14.5], "texture": "#3"},
				"up": {"uv": [14.5, 12.25, 12.75, 12], "texture": "#3"},
				"down": {"uv": [7, 13, 5.25, 13.25], "texture": "#3"}
			}
		}
	],
	"gui_light": "front",
	"display": {
		"thirdperson_righthand": {
			"rotation": [75, 45, 0],
			"translation": [0, 2.5, 0],
			"scale": [0.375, 0.375, 0.375]
		},
		"thirdperson_lefthand": {
			"rotation": [75, 45, 0],
			"translation": [0, 2.5, 0],
			"scale": [0.375, 0.375, 0.375]
		},
		"firstperson_righthand": {
			"rotation": [0, 45, 0],
			"scale": [0.4, 0.4, 0.4]
		},
		"firstperson_lefthand": {
			"rotation": [0, 225, 0],
			"scale": [0.4, 0.4, 0.4]
		},
		"ground": {
			"translation": [0, 3, 0],
			"scale": [0.25, 0.25, 0.25]
		},
		"gui": {
			"rotation": [30, 225, 0],
			"translation": [2.5, -1.25, 0],
			"scale": [0.35, 0.35, 0.35]
		},
		"head": {
			"rotation": [0, -180, 0],
			"translation": [0, -30.2, 0],
			"scale": [1.6, 1.6, 1.6]
		},
		"fixed": {
			"rotation": [-90, 0, 0],
			"translation": [0, 0, -15],
			"scale": [2, 2, 2]
		}
	}
}