{
	"credit": "Made with Blockbench",
	"texture_size": [128, 128],
	"textures": {
		"3": "item/decor/goth/goth_bed"
	},
	"elements": [
		{
			"from": [2.5, 10, 29.5],
			"to": [4.5, 19, 31.5],
			"faces": {
				"north": {"uv": [9.75, 6.125, 10, 7.25], "texture": "#3"},
				"east": {"uv": [6.5, 9.75, 6.75, 10.875], "texture": "#3"},
				"south": {"uv": [6.75, 9.75, 7, 10.875], "texture": "#3"},
				"west": {"uv": [7, 9.75, 7.25, 10.875], "texture": "#3"},
				"up": {"uv": [10.375, 10.375, 10.125, 10.125], "texture": "#3"},
				"down": {"uv": [0.25, 10.25, 0, 10.5], "texture": "#3"}
			}
		},
		{
			"from": [3, 19, 30.5],
			"to": [4, 21, 31.5],
			"faces": {
				"north": {"uv": [5, 10.25, 5.125, 10.5], "texture": "#3"},
				"east": {"uv": [5.125, 10.25, 5.25, 10.5], "texture": "#3"},
				"south": {"uv": [5.25, 10.25, 5.375, 10.5], "texture": "#3"},
				"west": {"uv": [5.375, 10.25, 5.5, 10.5], "texture": "#3"},
				"up": {"uv": [4.5, 8.5, 4.375, 8.375], "texture": "#3"},
				"down": {"uv": [4.625, 8.375, 4.5, 8.5], "texture": "#3"}
			}
		},
		{
			"from": [28, 19, 30.5],
			"to": [29, 21, 31.5],
			"rotation": {"angle": 0, "axis": "y", "origin": [16, 0, 0]},
			"faces": {
				"north": {"uv": [5.5, 10.25, 5.625, 10.5], "texture": "#3"},
				"east": {"uv": [5.625, 10.25, 5.75, 10.5], "texture": "#3"},
				"south": {"uv": [5.75, 10.25, 5.875, 10.5], "texture": "#3"},
				"west": {"uv": [5.875, 10.25, 6, 10.5], "texture": "#3"},
				"up": {"uv": [4.75, 8.5, 4.625, 8.375], "texture": "#3"},
				"down": {"uv": [4.875, 8.375, 4.75, 8.5], "texture": "#3"}
			}
		},
		{
			"from": [27.5, 10, 29.5],
			"to": [29.5, 19, 31.5],
			"rotation": {"angle": 0, "axis": "y", "origin": [16, 0, 0]},
			"faces": {
				"north": {"uv": [7.25, 9.75, 7.5, 10.875], "texture": "#3"},
				"east": {"uv": [7.5, 9.75, 7.75, 10.875], "texture": "#3"},
				"south": {"uv": [7.75, 9.75, 8, 10.875], "texture": "#3"},
				"west": {"uv": [8, 9.75, 8.25, 10.875], "texture": "#3"},
				"up": {"uv": [10.5, 1.5, 10.25, 1.25], "texture": "#3"},
				"down": {"uv": [1.75, 10.25, 1.5, 10.5], "texture": "#3"}
			}
		},
		{
			"from": [3.5, 10, 30.5],
			"to": [28.5, 19, 30.5],
			"faces": {
				"north": {"uv": [0, 7.25, 3.125, 8.375], "texture": "#3"},
				"east": {"uv": [0, 0, 0, 1.125], "texture": "#3"},
				"south": {"uv": [3.125, 7.25, 6.25, 8.375], "texture": "#3"},
				"west": {"uv": [0, 0, 0, 1.125], "texture": "#3"},
				"up": {"uv": [3.125, 0, 0, 0], "texture": "#3"},
				"down": {"uv": [3.125, 0, 0, 0], "texture": "#3"}
			}
		},
		{
			"from": [3.5, 10, 1.5],
			"to": [28.5, 15, 1.5],
			"faces": {
				"north": {"uv": [6.75, 8.5, 9.875, 9.125], "texture": "#3"},
				"east": {"uv": [0, 0, 0, 0.625], "texture": "#3"},
				"south": {"uv": [0, 9, 3.125, 9.625], "texture": "#3"},
				"west": {"uv": [0, 0, 0, 0.625], "texture": "#3"},
				"up": {"uv": [3.125, 0, 0, 0], "texture": "#3"},
				"down": {"uv": [3.125, 0, 0, 0], "texture": "#3"}
			}
		},
		{
			"from": [2.5, 2, 0.5],
			"to": [4.5, 4, 2.5],
			"faces": {
				"north": {"uv": [9.875, 8.75, 10.125, 9], "texture": "#3"},
				"east": {"uv": [10, 6.75, 10.25, 7], "texture": "#3"},
				"south": {"uv": [10, 7, 10.25, 7.25], "texture": "#3"},
				"west": {"uv": [10.125, 8.75, 10.375, 9], "texture": "#3"},
				"up": {"uv": [9.875, 10.375, 9.625, 10.125], "texture": "#3"},
				"down": {"uv": [10.125, 10.125, 9.875, 10.375], "texture": "#3"}
			}
		},
		{
			"from": [2.5, 4, 0.5],
			"to": [29.5, 5, 31.5],
			"faces": {
				"north": {"uv": [9.75, 5.875, 13.125, 6], "texture": "#3"},
				"east": {"uv": [9.75, 5.625, 13.625, 5.75], "texture": "#3"},
				"south": {"uv": [9.75, 6, 13.125, 6.125], "texture": "#3"},
				"west": {"uv": [9.75, 5.75, 13.625, 5.875], "texture": "#3"},
				"up": {"uv": [3.375, 3.875, 0, 0], "texture": "#3"},
				"down": {"uv": [6.75, 0, 3.375, 3.875], "texture": "#3"}
			}
		},
		{
			"from": [2.5, 5, 29.5],
			"to": [29.5, 10, 31.5],
			"faces": {
				"north": {"uv": [6.25, 7.25, 9.625, 7.875], "texture": "#3"},
				"east": {"uv": [8.875, 9.75, 9.125, 10.375], "texture": "#3"},
				"south": {"uv": [6.25, 7.875, 9.625, 8.5], "texture": "#3"},
				"west": {"uv": [10, 0, 10.25, 0.625], "texture": "#3"},
				"up": {"uv": [13, 8.5, 9.625, 8.25], "texture": "#3"},
				"down": {"uv": [13.125, 4.375, 9.75, 4.625], "texture": "#3"}
			}
		},
		{
			"from": [2.5, 5, 0.5],
			"to": [29.5, 10, 2.5],
			"rotation": {"angle": 0, "axis": "y", "origin": [0, 0, 16]},
			"faces": {
				"north": {"uv": [0, 8.375, 3.375, 9], "texture": "#3"},
				"east": {"uv": [10, 6.125, 10.25, 6.75], "texture": "#3"},
				"south": {"uv": [3.375, 8.5, 6.75, 9.125], "texture": "#3"},
				"west": {"uv": [8.25, 10, 8.5, 10.625], "texture": "#3"},
				"up": {"uv": [13.125, 4.875, 9.75, 4.625], "texture": "#3"},
				"down": {"uv": [13.125, 4.875, 9.75, 5.125], "texture": "#3"}
			}
		},
		{
			"from": [2.5, 10, 0.5],
			"to": [4.5, 15, 2.5],
			"rotation": {"angle": 0, "axis": "y", "origin": [0, 0, 16]},
			"faces": {
				"north": {"uv": [10, 0.625, 10.25, 1.25], "texture": "#3"},
				"east": {"uv": [10, 1.25, 10.25, 1.875], "texture": "#3"},
				"south": {"uv": [10, 1.875, 10.25, 2.5], "texture": "#3"},
				"west": {"uv": [10, 2.5, 10.25, 3.125], "texture": "#3"},
				"up": {"uv": [10.5, 0.25, 10.25, 0], "texture": "#3"},
				"down": {"uv": [0.5, 10.25, 0.25, 10.5], "texture": "#3"}
			}
		},
		{
			"from": [3, 15, 0.5],
			"to": [4, 17, 1.5],
			"rotation": {"angle": 0, "axis": "y", "origin": [0, 0, 16]},
			"faces": {
				"north": {"uv": [3.5, 10.25, 3.625, 10.5], "texture": "#3"},
				"east": {"uv": [3.625, 10.25, 3.75, 10.5], "texture": "#3"},
				"south": {"uv": [3.75, 10.25, 3.875, 10.5], "texture": "#3"},
				"west": {"uv": [3.875, 10.25, 4, 10.5], "texture": "#3"},
				"up": {"uv": [3.75, 8.5, 3.625, 8.375], "texture": "#3"},
				"down": {"uv": [3.875, 8.375, 3.75, 8.5], "texture": "#3"}
			}
		},
		{
			"from": [28, 15, 0.5],
			"to": [29, 17, 1.5],
			"rotation": {"angle": 0, "axis": "y", "origin": [16, 0, 16]},
			"faces": {
				"north": {"uv": [4, 10.25, 4.125, 10.5], "texture": "#3"},
				"east": {"uv": [4.125, 10.25, 4.25, 10.5], "texture": "#3"},
				"south": {"uv": [4.25, 10.25, 4.375, 10.5], "texture": "#3"},
				"west": {"uv": [4.375, 10.25, 4.5, 10.5], "texture": "#3"},
				"up": {"uv": [4, 8.5, 3.875, 8.375], "texture": "#3"},
				"down": {"uv": [4.125, 8.375, 4, 8.5], "texture": "#3"}
			}
		},
		{
			"from": [27.5, 10, 0.5],
			"to": [29.5, 15, 2.5],
			"rotation": {"angle": 0, "axis": "y", "origin": [16, 0, 16]},
			"faces": {
				"north": {"uv": [8.5, 10, 8.75, 10.625], "texture": "#3"},
				"east": {"uv": [10.125, 3.125, 10.375, 3.75], "texture": "#3"},
				"south": {"uv": [9.125, 10.125, 9.375, 10.75], "texture": "#3"},
				"west": {"uv": [9.375, 10.125, 9.625, 10.75], "texture": "#3"},
				"up": {"uv": [10.5, 0.5, 10.25, 0.25], "texture": "#3"},
				"down": {"uv": [0.75, 10.25, 0.5, 10.5], "texture": "#3"}
			}
		},
		{
			"from": [4, 8, 23.5],
			"to": [28, 10, 28.5],
			"faces": {
				"north": {"uv": [9.75, 5.125, 12.75, 5.375], "texture": "#3"},
				"east": {"uv": [8.25, 9.75, 8.875, 10], "texture": "#3"},
				"south": {"uv": [9.75, 5.375, 12.75, 5.625], "texture": "#3"},
				"west": {"uv": [9.875, 8.5, 10.5, 8.75], "texture": "#3"},
				"up": {"uv": [6.125, 9.75, 3.125, 9.125], "texture": "#3"},
				"down": {"uv": [9.125, 9.125, 6.125, 9.75], "texture": "#3"}
			}
		},
		{
			"from": [3, 5, 2.5],
			"to": [29, 9, 29.5],
			"faces": {
				"north": {"uv": [9.125, 9.625, 12.375, 10.125], "texture": "#3"},
				"east": {"uv": [6.75, 3.375, 10.125, 3.875], "texture": "#3", "tintindex": 0},
				"south": {"uv": [0, 9.75, 3.25, 10.25], "texture": "#3"},
				"west": {"uv": [9.125, 9.125, 12.5, 9.625], "texture": "#3", "tintindex": 0},
				"up": {"uv": [3.25, 7.25, 0, 3.875], "texture": "#3", "tintindex": 0},
				"down": {"uv": [6.5, 3.875, 3.25, 7.25], "texture": "#3", "tintindex": 0}
			}
		},
		{
			"from": [3, 5, 2.5],
			"to": [29, 9, 29.5],
			"faces": {
				"north": {"uv": [3.25, 9.75, 6.5, 10.25], "texture": "#3"},
				"east": {"uv": [9.625, 7.25, 13, 7.75], "texture": "#3"},
				"south": {"uv": [9.75, 3.875, 13, 4.375], "texture": "#3"},
				"west": {"uv": [9.625, 7.75, 13, 8.25], "texture": "#3"},
				"up": {"uv": [9.75, 7.25, 6.5, 3.875], "texture": "#3"},
				"down": {"uv": [10, 0, 6.75, 3.375], "texture": "#3"}
			}
		},
		{
			"from": [3, 0, 1.5],
			"to": [4, 2, 2.5],
			"faces": {
				"north": {"uv": [10, 3.125, 10.125, 3.375], "texture": "#3"},
				"east": {"uv": [8.75, 10, 8.875, 10.25], "texture": "#3"},
				"south": {"uv": [3.25, 10.25, 3.375, 10.5], "texture": "#3"},
				"west": {"uv": [3.375, 10.25, 3.5, 10.5], "texture": "#3"},
				"up": {"uv": [3.5, 8.5, 3.375, 8.375], "texture": "#3"},
				"down": {"uv": [3.625, 8.375, 3.5, 8.5], "texture": "#3"}
			}
		},
		{
			"from": [27.5, 2, 0.5],
			"to": [29.5, 4, 2.5],
			"rotation": {"angle": 0, "axis": "y", "origin": [16, 0, 0]},
			"faces": {
				"north": {"uv": [10.25, 0.5, 10.5, 0.75], "texture": "#3"},
				"east": {"uv": [0.75, 10.25, 1, 10.5], "texture": "#3"},
				"south": {"uv": [10.25, 0.75, 10.5, 1], "texture": "#3"},
				"west": {"uv": [1, 10.25, 1.25, 10.5], "texture": "#3"},
				"up": {"uv": [10.5, 1.25, 10.25, 1], "texture": "#3"},
				"down": {"uv": [1.5, 10.25, 1.25, 10.5], "texture": "#3"}
			}
		},
		{
			"from": [28, 0, 1.5],
			"to": [29, 2, 2.5],
			"rotation": {"angle": 0, "axis": "y", "origin": [16, 0, 0]},
			"faces": {
				"north": {"uv": [4.5, 10.25, 4.625, 10.5], "texture": "#3"},
				"east": {"uv": [4.625, 10.25, 4.75, 10.5], "texture": "#3"},
				"south": {"uv": [4.75, 10.25, 4.875, 10.5], "texture": "#3"},
				"west": {"uv": [4.875, 10.25, 5, 10.5], "texture": "#3"},
				"up": {"uv": [4.25, 8.5, 4.125, 8.375], "texture": "#3"},
				"down": {"uv": [4.375, 8.375, 4.25, 8.5], "texture": "#3"}
			}
		},
		{
			"from": [3, 0, 29.5],
			"to": [4, 2, 30.5],
			"rotation": {"angle": 0, "axis": "y", "origin": [0, 0, 16]},
			"faces": {
				"north": {"uv": [6.375, 10.25, 6.5, 10.5], "texture": "#3"},
				"east": {"uv": [10.25, 6.375, 10.375, 6.625], "texture": "#3"},
				"south": {"uv": [10.25, 6.625, 10.375, 6.875], "texture": "#3"},
				"west": {"uv": [10.25, 6.875, 10.375, 7.125], "texture": "#3"},
				"up": {"uv": [5.25, 8.5, 5.125, 8.375], "texture": "#3"},
				"down": {"uv": [5.375, 8.375, 5.25, 8.5], "texture": "#3"}
			}
		},
		{
			"from": [28, 0, 29.5],
			"to": [29, 2, 30.5],
			"rotation": {"angle": 0, "axis": "y", "origin": [16, 0, 16]},
			"faces": {
				"north": {"uv": [6, 10.25, 6.125, 10.5], "texture": "#3"},
				"east": {"uv": [6.125, 10.25, 6.25, 10.5], "texture": "#3"},
				"south": {"uv": [10.25, 6.125, 10.375, 6.375], "texture": "#3"},
				"west": {"uv": [6.25, 10.25, 6.375, 10.5], "texture": "#3"},
				"up": {"uv": [5, 8.5, 4.875, 8.375], "texture": "#3"},
				"down": {"uv": [5.125, 8.375, 5, 8.5], "texture": "#3"}
			}
		},
		{
			"from": [27.5, 2, 29.5],
			"to": [29.5, 4, 31.5],
			"rotation": {"angle": 0, "axis": "y", "origin": [16, 0, 16]},
			"faces": {
				"north": {"uv": [10.25, 2.25, 10.5, 2.5], "texture": "#3"},
				"east": {"uv": [2.5, 10.25, 2.75, 10.5], "texture": "#3"},
				"south": {"uv": [10.25, 2.5, 10.5, 2.75], "texture": "#3"},
				"west": {"uv": [2.75, 10.25, 3, 10.5], "texture": "#3"},
				"up": {"uv": [10.5, 3, 10.25, 2.75], "texture": "#3"},
				"down": {"uv": [3.25, 10.25, 3, 10.5], "texture": "#3"}
			}
		},
		{
			"from": [2.5, 2, 29.5],
			"to": [4.5, 4, 31.5],
			"rotation": {"angle": 0, "axis": "y", "origin": [0, 0, 16]},
			"faces": {
				"north": {"uv": [10.25, 1.5, 10.5, 1.75], "texture": "#3"},
				"east": {"uv": [1.75, 10.25, 2, 10.5], "texture": "#3"},
				"south": {"uv": [10.25, 1.75, 10.5, 2], "texture": "#3"},
				"west": {"uv": [2, 10.25, 2.25, 10.5], "texture": "#3"},
				"up": {"uv": [10.5, 2.25, 10.25, 2], "texture": "#3"},
				"down": {"uv": [2.5, 10.25, 2.25, 10.5], "texture": "#3"}
			}
		}
	],
	"display": {
		"thirdperson_righthand": {
			"rotation": [75, 45, 0],
			"translation": [0, 2.5, 0],
			"scale": [0.375, 0.375, 0.375]
		},
		"thirdperson_lefthand": {
			"rotation": [75, 45, 0],
			"translation": [0, 2.5, 0],
			"scale": [0.375, 0.375, 0.375]
		},
		"firstperson_righthand": {
			"rotation": [0, 45, 0],
			"scale": [0.4, 0.4, 0.4]
		},
		"firstperson_lefthand": {
			"rotation": [0, 225, 0],
			"scale": [0.4, 0.4, 0.4]
		},
		"ground": {
			"translation": [0, 3, 0],
			"scale": [0.25, 0.25, 0.25]
		},
		"gui": {
			"rotation": [30, 225, 0],
			"translation": [3.25, 0, 0],
			"scale": [0.25, 0.25, 0.25]
		},
		"head": {
			"rotation": [0, -180, 0],
			"translation": [0, -30.2, 0],
			"scale": [1.6, 1.6, 1.6]
		},
		"fixed": {
			"rotation": [-90, 0, 0],
			"translation": [0, -32, -15.5],
			"scale": [2, 2, 2]
		}
	}
}