{
	"credit": "Made with Blockbench",
	"textures": {
		"2": "item/decor/goth/goth_torch"
	},
	"elements": [
		{
			"from": [7, 0, 0],
			"to": [9, 4, 2],
			"faces": {
				"north": {"uv": [7, 6, 9, 10], "texture": "#2"},
				"east": {"uv": [0, 8, 2, 12], "texture": "#2"},
				"south": {"uv": [2, 8, 4, 12], "texture": "#2"},
				"west": {"uv": [4, 8, 6, 12], "texture": "#2"},
				"up": {"uv": [5, 14, 3, 12], "texture": "#2"},
				"down": {"uv": [7, 12, 5, 14], "texture": "#2"}
			}
		},
		{
			"from": [6, 5, 1],
			"to": [10, 9, 1],
			"faces": {
				"north": {"uv": [0, 0, 4, 4], "texture": "#2"},
				"east": {"uv": [0, 0, 0, 4], "texture": "#2"},
				"south": {"uv": [4, 0, 0, 4], "texture": "#2"},
				"west": {"uv": [0, 0, 0, 4], "texture": "#2"},
				"up": {"uv": [4, 0, 0, 0], "texture": "#2"},
				"down": {"uv": [4, 0, 0, 0], "texture": "#2"}
			}
		},
		{
			"from": [6.5, 4, -0.5],
			"to": [9.5, 5, 2.5],
			"faces": {
				"north": {"uv": [13, 5, 16, 6], "texture": "#2"},
				"east": {"uv": [13, 8, 16, 9], "texture": "#2"},
				"south": {"uv": [13, 9, 16, 10], "texture": "#2"},
				"west": {"uv": [13, 10, 16, 11], "texture": "#2"},
				"up": {"uv": [10, 3, 7, 0], "texture": "#2"},
				"down": {"uv": [10, 3, 7, 6], "texture": "#2"}
			}
		},
		{
			"from": [6.5, 1, 2.5],
			"to": [9.5, 3, 2.5],
			"faces": {
				"north": {"uv": [9, 6, 12, 8], "texture": "#2"},
				"east": {"uv": [0, 0, 0, 2], "texture": "#2"},
				"south": {"uv": [9, 8, 12, 10], "texture": "#2"},
				"west": {"uv": [0, 0, 0, 2], "texture": "#2"},
				"up": {"uv": [3, 0, 0, 0], "texture": "#2"},
				"down": {"uv": [3, 0, 0, 0], "texture": "#2"}
			}
		},
		{
			"from": [6.5, 1, -0.5],
			"to": [9.5, 3, -0.5],
			"faces": {
				"north": {"uv": [9, 10, 12, 12], "texture": "#2"},
				"east": {"uv": [0, 0, 0, 2], "texture": "#2"},
				"south": {"uv": [0, 12, 3, 14], "texture": "#2"},
				"west": {"uv": [0, 0, 0, 2], "texture": "#2"},
				"up": {"uv": [3, 0, 0, 0], "texture": "#2"},
				"down": {"uv": [3, 0, 0, 0], "texture": "#2"}
			}
		},
		{
			"from": [6.5, 1, -0.5],
			"to": [6.5, 3, 2.5],
			"faces": {
				"north": {"uv": [0, 0, 0, 2], "texture": "#2"},
				"east": {"uv": [10, 0, 13, 2], "texture": "#2"},
				"south": {"uv": [0, 0, 0, 2], "texture": "#2"},
				"west": {"uv": [10, 2, 13, 4], "texture": "#2"},
				"up": {"uv": [0, 3, 0, 0], "texture": "#2"},
				"down": {"uv": [0, 0, 0, 3], "texture": "#2"}
			}
		},
		{
			"from": [9.5, 1, -0.5],
			"to": [9.5, 3, 2.5],
			"faces": {
				"north": {"uv": [0, 0, 0, 2], "texture": "#2"},
				"east": {"uv": [10, 4, 13, 6], "texture": "#2"},
				"south": {"uv": [0, 0, 0, 2], "texture": "#2"},
				"west": {"uv": [6, 10, 9, 12], "texture": "#2"},
				"up": {"uv": [0, 3, 0, 0], "texture": "#2"},
				"down": {"uv": [0, 0, 0, 3], "texture": "#2"}
			}
		},
		{
			"from": [8, 1, 2.5],
			"to": [8, 3, 4.5],
			"faces": {
				"north": {"uv": [0, 0, 0, 2], "texture": "#2"},
				"east": {"uv": [12, 6, 14, 8], "texture": "#2"},
				"south": {"uv": [0, 0, 0, 2], "texture": "#2"},
				"west": {"uv": [7, 12, 9, 14], "texture": "#2"},
				"up": {"uv": [0, 2, 0, 0], "texture": "#2"},
				"down": {"uv": [0, 0, 0, 2], "texture": "#2"}
			}
		},
		{
			"from": [7.5, -3, 1],
			"to": [8.5, 0, 2],
			"faces": {
				"north": {"uv": [10, 12, 11, 15], "texture": "#2"},
				"east": {"uv": [11, 12, 12, 15], "texture": "#2"},
				"south": {"uv": [12, 12, 13, 15], "texture": "#2"},
				"west": {"uv": [13, 0, 14, 3], "texture": "#2"},
				"up": {"uv": [7, 9, 6, 8], "texture": "#2"},
				"down": {"uv": [7, 9, 6, 10], "texture": "#2"}
			}
		},
		{
			"from": [6.5, 0, 4],
			"to": [9.5, 4, 5],
			"faces": {
				"north": {"uv": [4, 0, 7, 4], "texture": "#2"},
				"east": {"uv": [12, 8, 13, 12], "texture": "#2"},
				"south": {"uv": [4, 4, 7, 8], "texture": "#2"},
				"west": {"uv": [9, 12, 10, 16], "texture": "#2"},
				"up": {"uv": [16, 4, 13, 3], "texture": "#2"},
				"down": {"uv": [16, 4, 13, 5], "texture": "#2"}
			}
		}
	],
	"display": {
		"thirdperson_righthand": {
			"rotation": [75, 45, 0],
			"translation": [0, 2.5, 0],
			"scale": [0.375, 0.375, 0.375]
		},
		"thirdperson_lefthand": {
			"rotation": [75, 45, 0],
			"translation": [0, 2.5, 0],
			"scale": [0.375, 0.375, 0.375]
		},
		"firstperson_righthand": {
			"rotation": [-180, 64.5, -180],
			"translation": [0, 7, 2.5],
			"scale": [0.4, 0.4, 0.4]
		},
		"firstperson_lefthand": {
			"rotation": [-180, 57.25, 180],
			"translation": [0, 6.75, 2.25],
			"scale": [0.4, 0.4, 0.4]
		},
		"ground": {
			"translation": [0, 3, 0],
			"scale": [0.25, 0.25, 0.25]
		},
		"gui": {
			"rotation": [30, 225, 0],
			"translation": [-2.25, 3.75, 0],
			"scale": [0.625, 0.625, 0.625]
		},
		"head": {
			"rotation": [0, -90, 0],
			"translation": [4, 6.75, -0.5]
		},
		"fixed": {
			"translation": [0, 12, 7],
			"scale": [2, 2, 2]
		}
	}
}