{
	"credit": "Made with Blockbench",
	"texture_size": [128, 128],
	"textures": {
		"2": "item/decor/goth/goth_painting_2",
		"particle": "item/decor/goth/goth_painting_2"
	},
	"elements": [
		{
			"from": [-2, 30, 0],
			"to": [32, 32, 1],
			"faces": {
				"north": {"uv": [0, 4, 4.25, 4.25], "texture": "#2"},
				"east": {"uv": [2, 5, 2.125, 5.25], "texture": "#2"},
				"south": {"uv": [0, 4.25, 4.25, 4.5], "texture": "#2"},
				"west": {"uv": [2.125, 5, 2.25, 5.25], "texture": "#2"},
				"up": {"uv": [5.25, 4.625, 1, 4.5], "texture": "#2"},
				"down": {"uv": [5.25, 4.625, 1, 4.75], "texture": "#2"}
			}
		},
		{
			"from": [-2, -4, 0],
			"to": [32, -2, 1],
			"rotation": {"angle": 0, "axis": "y", "origin": [0, 16, 0]},
			"faces": {
				"north": {"uv": [4.25, 4, 8.5, 4.25], "texture": "#2"},
				"east": {"uv": [2.75, 5, 2.875, 5.25], "texture": "#2"},
				"south": {"uv": [4.25, 4.25, 8.5, 4.5], "texture": "#2"},
				"west": {"uv": [2.875, 5, 3, 5.25], "texture": "#2"},
				"up": {"uv": [5.25, 4.875, 1, 4.75], "texture": "#2"},
				"down": {"uv": [5.25, 4.875, 1, 5], "texture": "#2"}
			}
		},
		{
			"from": [30, -2, 0],
			"to": [32, 30, 1],
			"faces": {
				"north": {"uv": [0, 4.5, 0.25, 8.5], "texture": "#2"},
				"east": {"uv": [1, 5, 1.125, 9], "texture": "#2"},
				"south": {"uv": [0.25, 4.5, 0.5, 8.5], "texture": "#2"},
				"west": {"uv": [1.125, 5, 1.25, 9], "texture": "#2"},
				"up": {"uv": [1.75, 5.125, 1.5, 5], "texture": "#2"},
				"down": {"uv": [2, 5, 1.75, 5.125], "texture": "#2"}
			}
		},
		{
			"from": [-2, -2, 0],
			"to": [0, 30, 1],
			"rotation": {"angle": 0, "axis": "y", "origin": [16, 0, 0]},
			"faces": {
				"north": {"uv": [0.5, 4.5, 0.75, 8.5], "texture": "#2"},
				"east": {"uv": [1.25, 5, 1.375, 9], "texture": "#2"},
				"south": {"uv": [0.75, 4.5, 1, 8.5], "texture": "#2"},
				"west": {"uv": [1.375, 5, 1.5, 9], "texture": "#2"},
				"up": {"uv": [2.5, 5.125, 2.25, 5], "texture": "#2"},
				"down": {"uv": [2.75, 5, 2.5, 5.125], "texture": "#2"}
			}
		},
		{
			"from": [0, -2, 0.5],
			"to": [30, 30, 0.5],
			"faces": {
				"north": {"uv": [0, 0, 3.75, 4], "texture": "#2"},
				"east": {"uv": [0, 0, 0, 4], "texture": "#2"},
				"south": {"uv": [7.5, 0, 3.75, 4], "texture": "#2"},
				"west": {"uv": [0, 0, 0, 4], "texture": "#2"},
				"up": {"uv": [3.75, 0, 0, 0], "texture": "#2"},
				"down": {"uv": [3.75, 0, 0, 0], "texture": "#2"}
			}
		}
	],
	"display": {
		"thirdperson_righthand": {
			"rotation": [75, 45, 0],
			"translation": [0, 2.5, 0],
			"scale": [0.375, 0.375, 0.375]
		},
		"thirdperson_lefthand": {
			"rotation": [75, 45, 0],
			"translation": [0, 2.5, 0],
			"scale": [0.375, 0.375, 0.375]
		},
		"firstperson_righthand": {
			"rotation": [0, 45, 0],
			"scale": [0.4, 0.4, 0.4]
		},
		"firstperson_lefthand": {
			"rotation": [0, 225, 0],
			"scale": [0.4, 0.4, 0.4]
		},
		"ground": {
			"translation": [0, 3, 0],
			"scale": [0.25, 0.25, 0.25]
		},
		"gui": {
			"rotation": [30, 225, 0],
			"scale": [0.35, 0.35, 0.35]
		},
		"fixed": {
			"translation": [-13.75, 8, 13.25],
			"scale": [2, 2, 2]
		}
	}
}