{
	"credit": "Made with Blockbench",
	"texture_size": [64, 64],
	"textures": {
		"1": "item/decor/goth/goth_lamp",
		"particle": "item/decor/goth/goth_lamp"
	},
	"elements": [
		{
			"from": [7, 23, 0],
			"to": [9, 27, 2],
			"rotation": {"angle": 0, "axis": "y", "origin": [8, 2.75, 8]},
			"faces": {
				"north": {"uv": [3.5, 7, 4, 8], "texture": "#1"},
				"east": {"uv": [6.25, 7, 6.75, 8], "texture": "#1"},
				"south": {"uv": [6.75, 7, 7.25, 8], "texture": "#1"},
				"west": {"uv": [7.25, 7, 7.75, 8], "texture": "#1"},
				"up": {"uv": [2, 8.5, 1.5, 8], "texture": "#1"},
				"down": {"uv": [4, 8, 3.5, 8.5], "texture": "#1"}
			}
		},
		{
			"from": [6, 28, 1],
			"to": [10, 32, 1],
			"rotation": {"angle": 0, "axis": "y", "origin": [8, 2.75, 8]},
			"faces": {
				"north": {"uv": [6, 0, 7, 1], "texture": "#1"},
				"east": {"uv": [0, 0, 0, 1], "texture": "#1"},
				"south": {"uv": [7, 0, 6, 1], "texture": "#1"},
				"west": {"uv": [0, 0, 0, 1], "texture": "#1"},
				"up": {"uv": [1, 0, 0, 0], "texture": "#1"},
				"down": {"uv": [1, 0, 0, 0], "texture": "#1"}
			}
		},
		{
			"from": [6.5, 27, -0.5],
			"to": [9.5, 28, 2.5],
			"rotation": {"angle": 0, "axis": "y", "origin": [8, 2.75, 8]},
			"faces": {
				"north": {"uv": [8.75, 9, 9.5, 9.25], "texture": "#1"},
				"east": {"uv": [9.25, 0, 10, 0.25], "texture": "#1"},
				"south": {"uv": [9.25, 0.25, 10, 0.5], "texture": "#1"},
				"west": {"uv": [9.25, 0.5, 10, 0.75], "texture": "#1"},
				"up": {"uv": [2.75, 7.75, 2, 7], "texture": "#1"},
				"down": {"uv": [7.75, 2, 7, 2.75], "texture": "#1"}
			}
		},
		{
			"from": [6.5, 24, 2.5],
			"to": [9.5, 26, 2.5],
			"rotation": {"angle": 0, "axis": "y", "origin": [8, 2.75, 8]},
			"faces": {
				"north": {"uv": [6, 8, 6.75, 8.5], "texture": "#1"},
				"east": {"uv": [0, 0, 0, 0.5], "texture": "#1"},
				"south": {"uv": [6.75, 8, 7.5, 8.5], "texture": "#1"},
				"west": {"uv": [0, 0, 0, 0.5], "texture": "#1"},
				"up": {"uv": [0.75, 0, 0, 0], "texture": "#1"},
				"down": {"uv": [0.75, 0, 0, 0], "texture": "#1"}
			}
		},
		{
			"from": [6.5, 24, -0.5],
			"to": [9.5, 26, -0.5],
			"rotation": {"angle": 0, "axis": "y", "origin": [8, 2.75, 8]},
			"faces": {
				"north": {"uv": [8.25, 4, 9, 4.5], "texture": "#1"},
				"east": {"uv": [0, 0, 0, 0.5], "texture": "#1"},
				"south": {"uv": [8.25, 4.5, 9, 5], "texture": "#1"},
				"west": {"uv": [0, 0, 0, 0.5], "texture": "#1"},
				"up": {"uv": [0.75, 0, 0, 0], "texture": "#1"},
				"down": {"uv": [0.75, 0, 0, 0], "texture": "#1"}
			}
		},
		{
			"from": [6.5, 24, -0.5],
			"to": [6.5, 26, 2.5],
			"rotation": {"angle": 0, "axis": "y", "origin": [8, 2.75, 8]},
			"faces": {
				"north": {"uv": [0, 0, 0, 0.5], "texture": "#1"},
				"east": {"uv": [8.25, 2, 9, 2.5], "texture": "#1"},
				"south": {"uv": [0, 0, 0, 0.5], "texture": "#1"},
				"west": {"uv": [8.25, 2.5, 9, 3], "texture": "#1"},
				"up": {"uv": [0, 0.75, 0, 0], "texture": "#1"},
				"down": {"uv": [0, 0, 0, 0.75], "texture": "#1"}
			}
		},
		{
			"from": [9.5, 24, -0.5],
			"to": [9.5, 26, 2.5],
			"rotation": {"angle": 0, "axis": "y", "origin": [8, 2.75, 8]},
			"faces": {
				"north": {"uv": [0, 0, 0, 0.5], "texture": "#1"},
				"east": {"uv": [8.25, 3, 9, 3.5], "texture": "#1"},
				"south": {"uv": [0, 0, 0, 0.5], "texture": "#1"},
				"west": {"uv": [8.25, 3.5, 9, 4], "texture": "#1"},
				"up": {"uv": [0, 0.75, 0, 0], "texture": "#1"},
				"down": {"uv": [0, 0, 0, 0.75], "texture": "#1"}
			}
		},
		{
			"from": [7.5, 20, 1],
			"to": [8.5, 23, 2],
			"rotation": {"angle": 0, "axis": "y", "origin": [8, 2.75, 8]},
			"faces": {
				"north": {"uv": [7.5, 8, 7.75, 8.75], "texture": "#1"},
				"east": {"uv": [8.25, 9, 8.5, 9.75], "texture": "#1"},
				"south": {"uv": [9, 8.25, 9.25, 9], "texture": "#1"},
				"west": {"uv": [8.5, 9, 8.75, 9.75], "texture": "#1"},
				"up": {"uv": [7.25, 6, 7, 5.75], "texture": "#1"},
				"down": {"uv": [7.5, 5.75, 7.25, 6], "texture": "#1"}
			}
		},
		{
			"from": [7, 23, 14],
			"to": [9, 27, 16],
			"rotation": {"angle": 0, "axis": "y", "origin": [8, 2.75, 8]},
			"faces": {
				"north": {"uv": [7.5, 5.75, 8, 6.75], "texture": "#1"},
				"east": {"uv": [2, 7.75, 2.5, 8.75], "texture": "#1"},
				"south": {"uv": [7.75, 2, 8.25, 3], "texture": "#1"},
				"west": {"uv": [2.5, 7.75, 3, 8.75], "texture": "#1"},
				"up": {"uv": [4, 9, 3.5, 8.5], "texture": "#1"},
				"down": {"uv": [6, 8.75, 5.5, 9.25], "texture": "#1"}
			}
		},
		{
			"from": [7.5, 20, 14],
			"to": [8.5, 23, 15],
			"rotation": {"angle": 0, "axis": "y", "origin": [8, 2.75, 8]},
			"faces": {
				"north": {"uv": [5.5, 9.25, 5.75, 10], "texture": "#1"},
				"east": {"uv": [5.75, 9.25, 6, 10], "texture": "#1"},
				"south": {"uv": [7.25, 9.25, 7.5, 10], "texture": "#1"},
				"west": {"uv": [7.5, 9.25, 7.75, 10], "texture": "#1"},
				"up": {"uv": [7.75, 7, 7.5, 6.75], "texture": "#1"},
				"down": {"uv": [6.25, 7.75, 6, 8], "texture": "#1"}
			}
		},
		{
			"from": [6.5, 24, 13.5],
			"to": [9.5, 26, 13.5],
			"rotation": {"angle": 0, "axis": "y", "origin": [8, 2.75, 8]},
			"faces": {
				"north": {"uv": [8.5, 0.5, 9.25, 1], "texture": "#1"},
				"east": {"uv": [0, 0, 0, 0.5], "texture": "#1"},
				"south": {"uv": [1.25, 8.5, 2, 9], "texture": "#1"},
				"west": {"uv": [0, 0, 0, 0.5], "texture": "#1"},
				"up": {"uv": [0.75, 0, 0, 0], "texture": "#1"},
				"down": {"uv": [0.75, 0, 0, 0], "texture": "#1"}
			}
		},
		{
			"from": [6.5, 24, 13.5],
			"to": [6.5, 26, 16.5],
			"rotation": {"angle": 0, "axis": "y", "origin": [8, 2.75, 8]},
			"faces": {
				"north": {"uv": [0, 0, 0, 0.5], "texture": "#1"},
				"east": {"uv": [8.5, 0, 9.25, 0.5], "texture": "#1"},
				"south": {"uv": [0, 0, 0, 0.5], "texture": "#1"},
				"west": {"uv": [0.5, 8.5, 1.25, 9], "texture": "#1"},
				"up": {"uv": [0, 0.75, 0, 0], "texture": "#1"},
				"down": {"uv": [0, 0, 0, 0.75], "texture": "#1"}
			}
		},
		{
			"from": [6.5, 27, 13.5],
			"to": [9.5, 28, 16.5],
			"rotation": {"angle": 0, "axis": "y", "origin": [8, 2.75, 8]},
			"faces": {
				"north": {"uv": [9.25, 0.75, 10, 1], "texture": "#1"},
				"east": {"uv": [2, 9.25, 2.75, 9.5], "texture": "#1"},
				"south": {"uv": [2.75, 9.25, 3.5, 9.5], "texture": "#1"},
				"west": {"uv": [6.5, 9.25, 7.25, 9.5], "texture": "#1"},
				"up": {"uv": [3.5, 7.75, 2.75, 7], "texture": "#1"},
				"down": {"uv": [7.75, 2.75, 7, 3.5], "texture": "#1"}
			}
		},
		{
			"from": [6, 28, 15],
			"to": [10, 32, 15],
			"rotation": {"angle": 0, "axis": "y", "origin": [8, 2.75, 8]},
			"faces": {
				"north": {"uv": [7, 0, 6, 1], "texture": "#1"},
				"east": {"uv": [0, 0, 0, 1], "texture": "#1"},
				"south": {"uv": [6, 0, 7, 1], "texture": "#1"},
				"west": {"uv": [0, 0, 0, 1], "texture": "#1"},
				"up": {"uv": [1, 0, 0, 0], "texture": "#1"},
				"down": {"uv": [1, 0, 0, 0], "texture": "#1"}
			}
		},
		{
			"from": [9.5, 24, 13.5],
			"to": [9.5, 26, 16.5],
			"rotation": {"angle": 0, "axis": "y", "origin": [8, 2.75, 8]},
			"faces": {
				"north": {"uv": [0, 0, 0, 0.5], "texture": "#1"},
				"east": {"uv": [8.25, 7.5, 9, 8], "texture": "#1"},
				"south": {"uv": [0, 0, 0, 0.5], "texture": "#1"},
				"west": {"uv": [8.25, 8, 9, 8.5], "texture": "#1"},
				"up": {"uv": [0, 0.75, 0, 0], "texture": "#1"},
				"down": {"uv": [0, 0, 0, 0.75], "texture": "#1"}
			}
		},
		{
			"from": [6.5, 24, 16.5],
			"to": [9.5, 26, 16.5],
			"rotation": {"angle": 0, "axis": "y", "origin": [8, 2.75, 8]},
			"faces": {
				"north": {"uv": [8.25, 6.5, 9, 7], "texture": "#1"},
				"east": {"uv": [0, 0, 0, 0.5], "texture": "#1"},
				"south": {"uv": [8.25, 7, 9, 7.5], "texture": "#1"},
				"west": {"uv": [0, 0, 0, 0.5], "texture": "#1"},
				"up": {"uv": [0.75, 0, 0, 0], "texture": "#1"},
				"down": {"uv": [0.75, 0, 0, 0], "texture": "#1"}
			}
		},
		{
			"from": [0, 23, 7],
			"to": [2, 27, 9],
			"rotation": {"angle": 0, "axis": "y", "origin": [8, 2.75, 8]},
			"faces": {
				"north": {"uv": [7.75, 6.75, 8.25, 7.75], "texture": "#1"},
				"east": {"uv": [7.75, 7.75, 8.25, 8.75], "texture": "#1"},
				"south": {"uv": [0, 8, 0.5, 9], "texture": "#1"},
				"west": {"uv": [8, 0, 8.5, 1], "texture": "#1"},
				"up": {"uv": [9.5, 5, 9, 4.5], "texture": "#1"},
				"down": {"uv": [6.5, 9, 6, 9.5], "texture": "#1"}
			}
		},
		{
			"from": [1, 20, 7.5],
			"to": [2, 23, 8.5],
			"rotation": {"angle": 0, "axis": "y", "origin": [8, 2.75, 8]},
			"faces": {
				"north": {"uv": [3.5, 9.5, 3.75, 10.25], "texture": "#1"},
				"east": {"uv": [3.75, 9.5, 4, 10.25], "texture": "#1"},
				"south": {"uv": [9.5, 4.5, 9.75, 5.25], "texture": "#1"},
				"west": {"uv": [6, 9.5, 6.25, 10.25], "texture": "#1"},
				"up": {"uv": [6.5, 9.75, 6.25, 9.5], "texture": "#1"},
				"down": {"uv": [6.75, 9.5, 6.5, 9.75], "texture": "#1"}
			}
		},
		{
			"from": [2.5, 24, 6.5],
			"to": [2.5, 26, 9.5],
			"rotation": {"angle": 0, "axis": "y", "origin": [8, 2.75, 8]},
			"faces": {
				"north": {"uv": [0, 0, 0, 0.5], "texture": "#1"},
				"east": {"uv": [9, 3.5, 9.75, 4], "texture": "#1"},
				"south": {"uv": [0, 0, 0, 0.5], "texture": "#1"},
				"west": {"uv": [9, 4, 9.75, 4.5], "texture": "#1"},
				"up": {"uv": [0, 0.75, 0, 0], "texture": "#1"},
				"down": {"uv": [0, 0, 0, 0.75], "texture": "#1"}
			}
		},
		{
			"from": [-0.5, 24, 6.5],
			"to": [2.5, 26, 6.5],
			"rotation": {"angle": 0, "axis": "y", "origin": [8, 2.75, 8]},
			"faces": {
				"north": {"uv": [9, 2.5, 9.75, 3], "texture": "#1"},
				"east": {"uv": [0, 0, 0, 0.5], "texture": "#1"},
				"south": {"uv": [9, 3, 9.75, 3.5], "texture": "#1"},
				"west": {"uv": [0, 0, 0, 0.5], "texture": "#1"},
				"up": {"uv": [0.75, 0, 0, 0], "texture": "#1"},
				"down": {"uv": [0.75, 0, 0, 0], "texture": "#1"}
			}
		},
		{
			"from": [-0.5, 27, 6.5],
			"to": [2.5, 28, 9.5],
			"rotation": {"angle": 0, "axis": "y", "origin": [8, 2.75, 8]},
			"faces": {
				"north": {"uv": [0.5, 9.5, 1.25, 9.75], "texture": "#1"},
				"east": {"uv": [1.25, 9.5, 2, 9.75], "texture": "#1"},
				"south": {"uv": [2, 9.5, 2.75, 9.75], "texture": "#1"},
				"west": {"uv": [2.75, 9.5, 3.5, 9.75], "texture": "#1"},
				"up": {"uv": [7.75, 5.75, 7, 5], "texture": "#1"},
				"down": {"uv": [6.25, 7, 5.5, 7.75], "texture": "#1"}
			}
		},
		{
			"from": [1, 28, 6],
			"to": [1, 32, 10],
			"rotation": {"angle": 0, "axis": "y", "origin": [8, 2.75, 8]},
			"faces": {
				"north": {"uv": [0, 0, 0, 1], "texture": "#1"},
				"east": {"uv": [7, 0, 6, 1], "texture": "#1"},
				"south": {"uv": [0, 0, 0, 1], "texture": "#1"},
				"west": {"uv": [6, 0, 7, 1], "texture": "#1"},
				"up": {"uv": [0, 1, 0, 0], "texture": "#1"},
				"down": {"uv": [0, 0, 0, 1], "texture": "#1"}
			}
		},
		{
			"from": [-0.5, 24, 9.5],
			"to": [2.5, 26, 9.5],
			"rotation": {"angle": 0, "axis": "y", "origin": [8, 2.75, 8]},
			"faces": {
				"north": {"uv": [9, 1.5, 9.75, 2], "texture": "#1"},
				"east": {"uv": [0, 0, 0, 0.5], "texture": "#1"},
				"south": {"uv": [9, 2, 9.75, 2.5], "texture": "#1"},
				"west": {"uv": [0, 0, 0, 0.5], "texture": "#1"},
				"up": {"uv": [0.75, 0, 0, 0], "texture": "#1"},
				"down": {"uv": [0.75, 0, 0, 0], "texture": "#1"}
			}
		},
		{
			"from": [-0.5, 24, 6.5],
			"to": [-0.5, 26, 9.5],
			"rotation": {"angle": 0, "axis": "y", "origin": [8, 2.75, 8]},
			"faces": {
				"north": {"uv": [0, 0, 0, 0.5], "texture": "#1"},
				"east": {"uv": [0.75, 9, 1.5, 9.5], "texture": "#1"},
				"south": {"uv": [0, 0, 0, 0.5], "texture": "#1"},
				"west": {"uv": [9, 1, 9.75, 1.5], "texture": "#1"},
				"up": {"uv": [0, 0.75, 0, 0], "texture": "#1"},
				"down": {"uv": [0, 0, 0, 0.75], "texture": "#1"}
			}
		},
		{
			"from": [14, 23, 7],
			"to": [16, 27, 9],
			"rotation": {"angle": 0, "axis": "y", "origin": [8, 2.75, 8]},
			"faces": {
				"north": {"uv": [3, 7.75, 3.5, 8.75], "texture": "#1"},
				"east": {"uv": [7.75, 3, 8.25, 4], "texture": "#1"},
				"south": {"uv": [7.75, 4, 8.25, 5], "texture": "#1"},
				"west": {"uv": [5.5, 7.75, 6, 8.75], "texture": "#1"},
				"up": {"uv": [2, 9.5, 1.5, 9], "texture": "#1"},
				"down": {"uv": [4, 9, 3.5, 9.5], "texture": "#1"}
			}
		},
		{
			"from": [14, 20, 7.5],
			"to": [15, 23, 8.5],
			"rotation": {"angle": 0, "axis": "y", "origin": [8, 2.75, 8]},
			"faces": {
				"north": {"uv": [7.75, 9.25, 8, 10], "texture": "#1"},
				"east": {"uv": [8, 9.25, 8.25, 10], "texture": "#1"},
				"south": {"uv": [0, 9.5, 0.25, 10.25], "texture": "#1"},
				"west": {"uv": [0.25, 9.5, 0.5, 10.25], "texture": "#1"},
				"up": {"uv": [8.25, 6.75, 8, 6.5], "texture": "#1"},
				"down": {"uv": [9.75, 5.25, 9.5, 5.5], "texture": "#1"}
			}
		},
		{
			"from": [13.5, 24, 6.5],
			"to": [13.5, 26, 9.5],
			"rotation": {"angle": 0, "axis": "y", "origin": [8, 2.75, 8]},
			"faces": {
				"north": {"uv": [0, 0, 0, 0.5], "texture": "#1"},
				"east": {"uv": [7.5, 8.75, 8.25, 9.25], "texture": "#1"},
				"south": {"uv": [0, 0, 0, 0.5], "texture": "#1"},
				"west": {"uv": [0, 9, 0.75, 9.5], "texture": "#1"},
				"up": {"uv": [0, 0.75, 0, 0], "texture": "#1"},
				"down": {"uv": [0, 0, 0, 0.75], "texture": "#1"}
			}
		},
		{
			"from": [13.5, 24, 6.5],
			"to": [16.5, 26, 6.5],
			"rotation": {"angle": 0, "axis": "y", "origin": [8, 2.75, 8]},
			"faces": {
				"north": {"uv": [2.75, 8.75, 3.5, 9.25], "texture": "#1"},
				"east": {"uv": [0, 0, 0, 0.5], "texture": "#1"},
				"south": {"uv": [8.75, 5, 9.5, 5.5], "texture": "#1"},
				"west": {"uv": [0, 0, 0, 0.5], "texture": "#1"},
				"up": {"uv": [0.75, 0, 0, 0], "texture": "#1"},
				"down": {"uv": [0.75, 0, 0, 0], "texture": "#1"}
			}
		},
		{
			"from": [13.5, 27, 6.5],
			"to": [16.5, 28, 9.5],
			"rotation": {"angle": 0, "axis": "y", "origin": [8, 2.75, 8]},
			"faces": {
				"north": {"uv": [9.25, 8.25, 10, 8.5], "texture": "#1"},
				"east": {"uv": [9.25, 8.5, 10, 8.75], "texture": "#1"},
				"south": {"uv": [8.75, 9.25, 9.5, 9.5], "texture": "#1"},
				"west": {"uv": [9.25, 8.75, 10, 9], "texture": "#1"},
				"up": {"uv": [7.75, 4.25, 7, 3.5], "texture": "#1"},
				"down": {"uv": [7.75, 4.25, 7, 5], "texture": "#1"}
			}
		},
		{
			"from": [15, 28, 6],
			"to": [15, 32, 10],
			"rotation": {"angle": 0, "axis": "y", "origin": [8, 2.75, 8]},
			"faces": {
				"north": {"uv": [0, 0, 0, 1], "texture": "#1"},
				"east": {"uv": [6, 0, 7, 1], "texture": "#1"},
				"south": {"uv": [0, 0, 0, 1], "texture": "#1"},
				"west": {"uv": [7, 0, 6, 1], "texture": "#1"},
				"up": {"uv": [0, 1, 0, 0], "texture": "#1"},
				"down": {"uv": [0, 0, 0, 1], "texture": "#1"}
			}
		},
		{
			"from": [13.5, 24, 9.5],
			"to": [16.5, 26, 9.5],
			"rotation": {"angle": 0, "axis": "y", "origin": [8, 2.75, 8]},
			"faces": {
				"north": {"uv": [8.25, 8.5, 9, 9], "texture": "#1"},
				"east": {"uv": [0, 0, 0, 0.5], "texture": "#1"},
				"south": {"uv": [2, 8.75, 2.75, 9.25], "texture": "#1"},
				"west": {"uv": [0, 0, 0, 0.5], "texture": "#1"},
				"up": {"uv": [0.75, 0, 0, 0], "texture": "#1"},
				"down": {"uv": [0.75, 0, 0, 0], "texture": "#1"}
			}
		},
		{
			"from": [16.5, 24, 6.5],
			"to": [16.5, 26, 9.5],
			"rotation": {"angle": 0, "axis": "y", "origin": [8, 2.75, 8]},
			"faces": {
				"north": {"uv": [0, 0, 0, 0.5], "texture": "#1"},
				"east": {"uv": [6, 8.5, 6.75, 9], "texture": "#1"},
				"south": {"uv": [0, 0, 0, 0.5], "texture": "#1"},
				"west": {"uv": [6.75, 8.5, 7.5, 9], "texture": "#1"},
				"up": {"uv": [0, 0.75, 0, 0], "texture": "#1"},
				"down": {"uv": [0, 0, 0, 0.75], "texture": "#1"}
			}
		},
		{
			"from": [2.5, 22, 8],
			"to": [13.5, 32, 8],
			"faces": {
				"north": {"uv": [0, 0, 2.75, 2.5], "texture": "#1"},
				"east": {"uv": [0, 0, 0, 2.5], "texture": "#1"},
				"south": {"uv": [0, 2.5, 2.75, 5], "texture": "#1"},
				"west": {"uv": [0, 0, 0, 2.5], "texture": "#1"},
				"up": {"uv": [2.75, 0, 0, 0], "texture": "#1"},
				"down": {"uv": [2.75, 0, 0, 0], "texture": "#1"}
			}
		},
		{
			"from": [8, 22, 2.5],
			"to": [8, 32, 13.5],
			"rotation": {"angle": 0, "axis": "y", "origin": [8, 4, 8]},
			"faces": {
				"north": {"uv": [0, 0, 0, 2.5], "texture": "#1"},
				"east": {"uv": [2.75, 0, 5.5, 2.5], "texture": "#1"},
				"south": {"uv": [0, 0, 0, 2.5], "texture": "#1"},
				"west": {"uv": [2.75, 2.5, 5.5, 5], "texture": "#1"},
				"up": {"uv": [0, 2.75, 0, 0], "texture": "#1"},
				"down": {"uv": [0, 0, 0, 2.75], "texture": "#1"}
			}
		},
		{
			"from": [6, 27, 6],
			"to": [10, 28, 10],
			"faces": {
				"north": {"uv": [6.5, 9, 7.5, 9.25], "texture": "#1"},
				"east": {"uv": [9, 6.5, 10, 6.75], "texture": "#1"},
				"south": {"uv": [9, 6.75, 10, 7], "texture": "#1"},
				"west": {"uv": [9, 7, 10, 7.25], "texture": "#1"},
				"up": {"uv": [1, 8, 0, 7], "texture": "#1"},
				"down": {"uv": [8, 0, 7, 1], "texture": "#1"}
			}
		},
		{
			"from": [6, 1, 6],
			"to": [10, 3, 10],
			"faces": {
				"north": {"uv": [7.75, 5, 8.75, 5.5], "texture": "#1"},
				"east": {"uv": [0.5, 8, 1.5, 8.5], "texture": "#1"},
				"south": {"uv": [8, 1, 9, 1.5], "texture": "#1"},
				"west": {"uv": [8, 1.5, 9, 2], "texture": "#1"},
				"up": {"uv": [2, 8, 1, 7], "texture": "#1"},
				"down": {"uv": [8, 1, 7, 2], "texture": "#1"}
			}
		},
		{
			"from": [4, 0, 4],
			"to": [12, 1, 12],
			"faces": {
				"north": {"uv": [7.75, 5.5, 9.75, 5.75], "texture": "#1"},
				"east": {"uv": [8, 5.75, 10, 6], "texture": "#1"},
				"south": {"uv": [8, 6, 10, 6.25], "texture": "#1"},
				"west": {"uv": [8, 6.25, 10, 6.5], "texture": "#1"},
				"up": {"uv": [2, 7, 0, 5], "texture": "#1"},
				"down": {"uv": [4, 5, 2, 7], "texture": "#1"}
			}
		},
		{
			"from": [7, 3, 7],
			"to": [9, 27, 9],
			"faces": {
				"north": {"uv": [4, 5, 4.5, 11], "texture": "#1"},
				"east": {"uv": [4, 5, 4.5, 11], "texture": "#1"},
				"south": {"uv": [4, 5, 4.5, 11], "texture": "#1"},
				"west": {"uv": [4, 5, 4.5, 11], "texture": "#1"},
				"up": {"uv": [9.5, 7.75, 9, 7.25], "texture": "#1"},
				"down": {"uv": [9.5, 7.75, 9, 8.25], "texture": "#1"}
			}
		}
	],
	"display": {
		"thirdperson_righthand": {
			"rotation": [75, 45, 0],
			"translation": [0, 2.5, 0],
			"scale": [0.375, 0.375, 0.375]
		},
		"thirdperson_lefthand": {
			"rotation": [75, 45, 0],
			"translation": [0, 2.5, 0],
			"scale": [0.375, 0.375, 0.375]
		},
		"firstperson_righthand": {
			"rotation": [-180, 64.5, -180],
			"translation": [0, 7, 2.5],
			"scale": [0.4, 0.4, 0.4]
		},
		"firstperson_lefthand": {
			"rotation": [-180, 57.25, 180],
			"translation": [0, 6.75, 2.25],
			"scale": [0.4, 0.4, 0.4]
		},
		"ground": {
			"translation": [0, 3, 0],
			"scale": [0.25, 0.25, 0.25]
		},
		"gui": {
			"rotation": [30, 225, 0],
			"translation": [0, -3.25, 0],
			"scale": [0.45, 0.45, 0.45]
		},
		"head": {
			"rotation": [0, -180, 0],
			"translation": [0, -30.2, 0],
			"scale": [1.6, 1.6, 1.6]
		},
		"fixed": {
			"rotation": [-90, 0, 0],
			"translation": [0, 0, -15],
			"scale": [2, 2, 2]
		}
	}
}