{
	"credit": "Made with Blockbench",
	"texture_size": [128, 128],
	"textures": {
		"1": "item/decor/goth/goth_dinner_table"
	},
	"elements": [
		{
			"from": [28.5, 5, 11.5],
			"to": [30.5, 12, 13.5],
			"faces": {
				"north": {"uv": [5.625, 5, 5.875, 5.875], "texture": "#1"},
				"east": {"uv": [5.875, 5, 6.125, 5.875], "texture": "#1"},
				"south": {"uv": [5.625, 5.875, 5.875, 6.75], "texture": "#1"},
				"west": {"uv": [5.875, 5.875, 6.125, 6.75], "texture": "#1"},
				"up": {"uv": [1.875, 6.75, 1.625, 6.5], "texture": "#1"},
				"down": {"uv": [2.125, 6.5, 1.875, 6.75], "texture": "#1"}
			}
		},
		{
			"from": [-14.5, 5, 11.5],
			"to": [-12.5, 12, 13.5],
			"faces": {
				"north": {"uv": [6, 0, 6.25, 0.875], "texture": "#1"},
				"east": {"uv": [6, 0.875, 6.25, 1.75], "texture": "#1"},
				"south": {"uv": [6, 1.75, 6.25, 2.625], "texture": "#1"},
				"west": {"uv": [6, 2.625, 6.25, 3.5], "texture": "#1"},
				"up": {"uv": [6.75, 2.125, 6.5, 1.875], "texture": "#1"},
				"down": {"uv": [2.375, 6.5, 2.125, 6.75], "texture": "#1"}
			}
		},
		{
			"from": [28.5, 5, 2.5],
			"to": [30.5, 12, 4.5],
			"faces": {
				"north": {"uv": [6.25, 1.75, 6.5, 2.625], "texture": "#1"},
				"east": {"uv": [6.25, 2.625, 6.5, 3.5], "texture": "#1"},
				"south": {"uv": [6.375, 5, 6.625, 5.875], "texture": "#1"},
				"west": {"uv": [6.375, 5.875, 6.625, 6.75], "texture": "#1"},
				"up": {"uv": [6.75, 2.625, 6.5, 2.375], "texture": "#1"},
				"down": {"uv": [2.875, 6.5, 2.625, 6.75], "texture": "#1"}
			}
		},
		{
			"from": [-14.5, 5, 2.5],
			"to": [-12.5, 12, 4.5],
			"faces": {
				"north": {"uv": [6.125, 5, 6.375, 5.875], "texture": "#1"},
				"east": {"uv": [6.125, 5.875, 6.375, 6.75], "texture": "#1"},
				"south": {"uv": [6.25, 0, 6.5, 0.875], "texture": "#1"},
				"west": {"uv": [6.25, 0.875, 6.5, 1.75], "texture": "#1"},
				"up": {"uv": [6.75, 2.375, 6.5, 2.125], "texture": "#1"},
				"down": {"uv": [2.625, 6.5, 2.375, 6.75], "texture": "#1"}
			}
		},
		{
			"from": [-14, 0, 11.5],
			"to": [-13, 5, 12.5],
			"faces": {
				"north": {"uv": [0, 6.5, 0.125, 7.125], "texture": "#1"},
				"east": {"uv": [6.5, 0, 6.625, 0.625], "texture": "#1"},
				"south": {"uv": [0.125, 6.5, 0.25, 7.125], "texture": "#1"},
				"west": {"uv": [0.25, 6.5, 0.375, 7.125], "texture": "#1"},
				"up": {"uv": [6.625, 2.75, 6.5, 2.625], "texture": "#1"},
				"down": {"uv": [6.625, 2.75, 6.5, 2.875], "texture": "#1"}
			}
		},
		{
			"from": [29, 0, 11.5],
			"to": [30, 5, 12.5],
			"faces": {
				"north": {"uv": [0.375, 6.5, 0.5, 7.125], "texture": "#1"},
				"east": {"uv": [0.5, 6.5, 0.625, 7.125], "texture": "#1"},
				"south": {"uv": [0.625, 6.5, 0.75, 7.125], "texture": "#1"},
				"west": {"uv": [6.5, 0.625, 6.625, 1.25], "texture": "#1"},
				"up": {"uv": [3, 6.625, 2.875, 6.5], "texture": "#1"},
				"down": {"uv": [6.625, 2.875, 6.5, 3], "texture": "#1"}
			}
		},
		{
			"from": [29, 0, 3.5],
			"to": [30, 5, 4.5],
			"faces": {
				"north": {"uv": [1.25, 6.5, 1.375, 7.125], "texture": "#1"},
				"east": {"uv": [6.5, 1.25, 6.625, 1.875], "texture": "#1"},
				"south": {"uv": [1.375, 6.5, 1.5, 7.125], "texture": "#1"},
				"west": {"uv": [1.5, 6.5, 1.625, 7.125], "texture": "#1"},
				"up": {"uv": [3.25, 6.625, 3.125, 6.5], "texture": "#1"},
				"down": {"uv": [6.625, 3.125, 6.5, 3.25], "texture": "#1"}
			}
		},
		{
			"from": [-14, 0, 3.5],
			"to": [-13, 5, 4.5],
			"faces": {
				"north": {"uv": [0.75, 6.5, 0.875, 7.125], "texture": "#1"},
				"east": {"uv": [0.875, 6.5, 1, 7.125], "texture": "#1"},
				"south": {"uv": [1, 6.5, 1.125, 7.125], "texture": "#1"},
				"west": {"uv": [1.125, 6.5, 1.25, 7.125], "texture": "#1"},
				"up": {"uv": [3.125, 6.625, 3, 6.5], "texture": "#1"},
				"down": {"uv": [6.625, 3, 6.5, 3.125], "texture": "#1"}
			}
		},
		{
			"from": [-14.5, 12, 2.5],
			"to": [30.5, 13, 13.5],
			"faces": {
				"north": {"uv": [5.625, 4.25, 11.25, 4.375], "texture": "#1"},
				"east": {"uv": [6, 3.5, 7.375, 3.625], "texture": "#1"},
				"south": {"uv": [5.625, 4.375, 11.25, 4.5], "texture": "#1"},
				"west": {"uv": [6, 3.625, 7.375, 3.75], "texture": "#1"},
				"up": {"uv": [5.625, 6.5, 0, 5.125], "texture": "#1"},
				"down": {"uv": [5.625, 5.125, 0, 6.5], "texture": "#1"}
			}
		},
		{
			"from": [-16, 13, 0.5],
			"to": [32, 15, 15.5],
			"faces": {
				"north": {"uv": [5.625, 3.75, 11.625, 4], "texture": "#1"},
				"east": {"uv": [5.625, 4.5, 7.5, 4.75], "texture": "#1"},
				"south": {"uv": [5.625, 4, 11.625, 4.25], "texture": "#1"},
				"west": {"uv": [5.625, 4.75, 7.5, 5], "texture": "#1"},
				"up": {"uv": [6, 1.875, 0, 0], "texture": "#1"},
				"down": {"uv": [6, 1.875, 0, 3.75], "texture": "#1"}
			}
		}
	],
	"gui_light": "front",
	"display": {
		"thirdperson_righthand": {
			"rotation": [75, 45, 0],
			"translation": [0, 2.5, 0],
			"scale": [0.375, 0.375, 0.375]
		},
		"thirdperson_lefthand": {
			"rotation": [75, 45, 0],
			"translation": [0, 2.5, 0],
			"scale": [0.375, 0.375, 0.375]
		},
		"firstperson_righthand": {
			"rotation": [0, 45, 0],
			"scale": [0.4, 0.4, 0.4]
		},
		"firstperson_lefthand": {
			"rotation": [0, 225, 0],
			"scale": [0.4, 0.4, 0.4]
		},
		"ground": {
			"translation": [0, 3, 0],
			"scale": [0.25, 0.25, 0.25]
		},
		"gui": {
			"rotation": [30, 225, 0],
			"scale": [0.3, 0.3, 0.3]
		},
		"head": {
			"rotation": [0, -180, 0],
			"translation": [0, -30.2, 0],
			"scale": [1.6, 1.6, 1.6]
		},
		"fixed": {
			"rotation": [-90, 0, 0],
			"translation": [0, 0, -15],
			"scale": [2, 2, 2]
		}
	}
}