{
	"credit": "Made with Blockbench",
	"texture_size": [64, 64],
	"textures": {
		"2": "item/decor/goth/goth_side_table",
		"particle": "item/decor/goth/goth_side_table"
	},
	"elements": [
		{
			"from": [11.5, 5, 11.5],
			"to": [13.5, 12, 13.5],
			"faces": {
				"north": {"uv": [6.5, 1, 7, 2.75], "texture": "#2"},
				"east": {"uv": [6.5, 2.75, 7, 4.5], "texture": "#2"},
				"south": {"uv": [3.75, 6.5, 4.25, 8.25], "texture": "#2"},
				"west": {"uv": [4.25, 6.5, 4.75, 8.25], "texture": "#2"},
				"up": {"uv": [8, 4.5, 7.5, 4], "texture": "#2"},
				"down": {"uv": [8.5, 3.5, 8, 4], "texture": "#2"}
			}
		},
		{
			"from": [2.5, 5, 11.5],
			"to": [4.5, 12, 13.5],
			"faces": {
				"north": {"uv": [4.75, 6.5, 5.25, 8.25], "texture": "#2"},
				"east": {"uv": [5.25, 6.5, 5.75, 8.25], "texture": "#2"},
				"south": {"uv": [5.75, 6.5, 6.25, 8.25], "texture": "#2"},
				"west": {"uv": [6.25, 6.5, 6.75, 8.25], "texture": "#2"},
				"up": {"uv": [8.5, 4.5, 8, 4], "texture": "#2"},
				"down": {"uv": [8.5, 6.75, 8, 7.25], "texture": "#2"}
			}
		},
		{
			"from": [11.5, 5, 2.5],
			"to": [13.5, 12, 4.5],
			"faces": {
				"north": {"uv": [0, 7.5, 0.5, 9.25], "texture": "#2"},
				"east": {"uv": [0.5, 7.5, 1, 9.25], "texture": "#2"},
				"south": {"uv": [1, 7.5, 1.5, 9.25], "texture": "#2"},
				"west": {"uv": [7.5, 1, 8, 2.75], "texture": "#2"},
				"up": {"uv": [8.75, 1.5, 8.25, 1], "texture": "#2"},
				"down": {"uv": [8.75, 1.5, 8.25, 2], "texture": "#2"}
			}
		},
		{
			"from": [2.5, 5, 2.5],
			"to": [4.5, 12, 4.5],
			"faces": {
				"north": {"uv": [6.75, 6.5, 7.25, 8.25], "texture": "#2"},
				"east": {"uv": [7, 1, 7.5, 2.75], "texture": "#2"},
				"south": {"uv": [7, 2.75, 7.5, 4.5], "texture": "#2"},
				"west": {"uv": [7.25, 6.5, 7.75, 8.25], "texture": "#2"},
				"up": {"uv": [8.5, 7.75, 8, 7.25], "texture": "#2"},
				"down": {"uv": [8.25, 8, 7.75, 8.5], "texture": "#2"}
			}
		},
		{
			"from": [3, 0, 11.5],
			"to": [4, 5, 12.5],
			"faces": {
				"north": {"uv": [1.5, 7.5, 1.75, 8.75], "texture": "#2"},
				"east": {"uv": [1.75, 7.5, 2, 8.75], "texture": "#2"},
				"south": {"uv": [2, 7.5, 2.25, 8.75], "texture": "#2"},
				"west": {"uv": [2.25, 7.5, 2.5, 8.75], "texture": "#2"},
				"up": {"uv": [7.75, 5.75, 7.5, 5.5], "texture": "#2"},
				"down": {"uv": [7.75, 5.75, 7.5, 6], "texture": "#2"}
			}
		},
		{
			"from": [12, 0, 11.5],
			"to": [13, 5, 12.5],
			"faces": {
				"north": {"uv": [2.5, 7.5, 2.75, 8.75], "texture": "#2"},
				"east": {"uv": [2.75, 7.5, 3, 8.75], "texture": "#2"},
				"south": {"uv": [7.5, 2.75, 7.75, 4], "texture": "#2"},
				"west": {"uv": [3, 7.5, 3.25, 8.75], "texture": "#2"},
				"up": {"uv": [7.75, 6.25, 7.5, 6], "texture": "#2"},
				"down": {"uv": [7.75, 6.25, 7.5, 6.5], "texture": "#2"}
			}
		},
		{
			"from": [12, 0, 3.5],
			"to": [13, 5, 4.5],
			"faces": {
				"north": {"uv": [7.75, 6.75, 8, 8], "texture": "#2"},
				"east": {"uv": [8, 1, 8.25, 2.25], "texture": "#2"},
				"south": {"uv": [8, 2.25, 8.25, 3.5], "texture": "#2"},
				"west": {"uv": [8, 5.5, 8.25, 6.75], "texture": "#2"},
				"up": {"uv": [8.5, 2.5, 8.25, 2.25], "texture": "#2"},
				"down": {"uv": [8.5, 2.5, 8.25, 2.75], "texture": "#2"}
			}
		},
		{
			"from": [3, 0, 3.5],
			"to": [4, 5, 4.5],
			"faces": {
				"north": {"uv": [3.25, 7.5, 3.5, 8.75], "texture": "#2"},
				"east": {"uv": [3.5, 7.5, 3.75, 8.75], "texture": "#2"},
				"south": {"uv": [7.75, 2.75, 8, 4], "texture": "#2"},
				"west": {"uv": [7.75, 5.5, 8, 6.75], "texture": "#2"},
				"up": {"uv": [8.25, 8, 8, 7.75], "texture": "#2"},
				"down": {"uv": [8.5, 2, 8.25, 2.25], "texture": "#2"}
			}
		},
		{
			"from": [2.5, 12, 2.5],
			"to": [13.5, 13, 13.5],
			"faces": {
				"north": {"uv": [6.5, 4.5, 9.25, 4.75], "texture": "#2"},
				"east": {"uv": [6.5, 4.75, 9.25, 5], "texture": "#2"},
				"south": {"uv": [6.5, 5, 9.25, 5.25], "texture": "#2"},
				"west": {"uv": [6.5, 5.25, 9.25, 5.5], "texture": "#2"},
				"up": {"uv": [6.5, 2.75, 3.75, 0], "texture": "#2"},
				"down": {"uv": [6.5, 2.75, 3.75, 5.5], "texture": "#2"}
			}
		},
		{
			"from": [0.5, 13, 0.5],
			"to": [15.5, 15, 15.5],
			"faces": {
				"north": {"uv": [3.75, 5.5, 7.5, 6], "texture": "#2"},
				"east": {"uv": [3.75, 6, 7.5, 6.5], "texture": "#2"},
				"south": {"uv": [6.5, 0, 10.25, 0.5], "texture": "#2"},
				"west": {"uv": [6.5, 0.5, 10.25, 1], "texture": "#2"},
				"up": {"uv": [3.75, 3.75, 0, 0], "texture": "#2"},
				"down": {"uv": [3.75, 3.75, 0, 7.5], "texture": "#2"}
			}
		}
	],
	"gui_light": "front",
	"display": {
		"thirdperson_righthand": {
			"rotation": [75, 45, 0],
			"translation": [0, 2.5, 0],
			"scale": [0.375, 0.375, 0.375]
		},
		"thirdperson_lefthand": {
			"rotation": [75, 45, 0],
			"translation": [0, 2.5, 0],
			"scale": [0.375, 0.375, 0.375]
		},
		"firstperson_righthand": {
			"rotation": [0, 45, 0],
			"scale": [0.4, 0.4, 0.4]
		},
		"firstperson_lefthand": {
			"rotation": [0, 225, 0],
			"scale": [0.4, 0.4, 0.4]
		},
		"ground": {
			"translation": [0, 3, 0],
			"scale": [0.25, 0.25, 0.25]
		},
		"gui": {
			"rotation": [30, 225, 0],
			"scale": [0.625, 0.625, 0.625]
		},
		"head": {
			"rotation": [0, -180, 0],
			"translation": [0, -30.2, 0],
			"scale": [1.6, 1.6, 1.6]
		},
		"fixed": {
			"rotation": [-90, 0, 0],
			"translation": [0, 0, -15],
			"scale": [2, 2, 2]
		}
	}
}