{
	"credit": "Made with Blockbench",
	"texture_size": [128, 128],
	"textures": {
		"2": "item/decor/goth/goth_bookshelf",
		"particle": "item/decor/goth/goth_bookshelf"
	},
	"elements": [
		{
			"from": [-15, -8, 13.5],
			"to": [-14, -6, 14.5],
			"rotation": {"angle": 0, "axis": "y", "origin": [0, 0, 16]},
			"faces": {
				"north": {"uv": [9.25, 5.625, 9.375, 5.875], "texture": "#2"},
				"east": {"uv": [9.25, 5.875, 9.375, 6.125], "texture": "#2"},
				"south": {"uv": [9.25, 6.125, 9.375, 6.375], "texture": "#2"},
				"west": {"uv": [9.25, 6.375, 9.375, 6.625], "texture": "#2"},
				"up": {"uv": [8.125, 7.75, 8, 7.625], "texture": "#2"},
				"down": {"uv": [8.25, 7.625, 8.125, 7.75], "texture": "#2"}
			}
		},
		{
			"from": [-15.5, 30, 15],
			"to": [-14.5, 32, 16],
			"rotation": {"angle": 0, "axis": "y", "origin": [0, 0, 16]},
			"faces": {
				"north": {"uv": [9.25, 6.625, 9.375, 6.875], "texture": "#2"},
				"east": {"uv": [9.25, 6.875, 9.375, 7.125], "texture": "#2"},
				"south": {"uv": [9.25, 7.125, 9.375, 7.375], "texture": "#2"},
				"west": {"uv": [9.25, 7.625, 9.375, 7.875], "texture": "#2"},
				"up": {"uv": [8.375, 7.75, 8.25, 7.625], "texture": "#2"},
				"down": {"uv": [8.5, 7.625, 8.375, 7.75], "texture": "#2"}
			}
		},
		{
			"from": [-15.5, -6, 13.5],
			"to": [-13.5, -4, 15.5],
			"rotation": {"angle": 0, "axis": "y", "origin": [0, 0, 16]},
			"faces": {
				"north": {"uv": [8.25, 8.625, 8.5, 8.875], "texture": "#2"},
				"east": {"uv": [8.5, 8.625, 8.75, 8.875], "texture": "#2"},
				"south": {"uv": [8.75, 5.625, 9, 5.875], "texture": "#2"},
				"west": {"uv": [8.75, 5.875, 9, 6.125], "texture": "#2"},
				"up": {"uv": [9, 6.375, 8.75, 6.125], "texture": "#2"},
				"down": {"uv": [9, 6.375, 8.75, 6.625], "texture": "#2"}
			}
		},
		{
			"from": [-15.5, -6, 0.5],
			"to": [-13.5, -4, 2.5],
			"faces": {
				"north": {"uv": [9, 6.875, 9.25, 7.125], "texture": "#2"},
				"east": {"uv": [9, 7.125, 9.25, 7.375], "texture": "#2"},
				"south": {"uv": [9, 8.625, 9.25, 8.875], "texture": "#2"},
				"west": {"uv": [9, 8.875, 9.25, 9.125], "texture": "#2"},
				"up": {"uv": [5, 9.375, 4.75, 9.125], "texture": "#2"},
				"down": {"uv": [5.25, 9.125, 5, 9.375], "texture": "#2"}
			}
		},
		{
			"from": [-15, -8, 1.5],
			"to": [-14, -6, 2.5],
			"faces": {
				"north": {"uv": [9.25, 8.875, 9.375, 9.125], "texture": "#2"},
				"east": {"uv": [9.25, 9.125, 9.375, 9.375], "texture": "#2"},
				"south": {"uv": [4.75, 9.375, 4.875, 9.625], "texture": "#2"},
				"west": {"uv": [4.875, 9.375, 5, 9.625], "texture": "#2"},
				"up": {"uv": [8.875, 7.75, 8.75, 7.625], "texture": "#2"},
				"down": {"uv": [9, 7.625, 8.875, 7.75], "texture": "#2"}
			}
		},
		{
			"from": [13.5, -6, 13.5],
			"to": [15.5, -4, 15.5],
			"rotation": {"angle": 0, "axis": "y", "origin": [16, 0, 16]},
			"faces": {
				"north": {"uv": [6.75, 9.125, 7, 9.375], "texture": "#2"},
				"east": {"uv": [7, 9.125, 7.25, 9.375], "texture": "#2"},
				"south": {"uv": [8.25, 9.125, 8.5, 9.375], "texture": "#2"},
				"west": {"uv": [8.5, 9.125, 8.75, 9.375], "texture": "#2"},
				"up": {"uv": [9, 9.375, 8.75, 9.125], "texture": "#2"},
				"down": {"uv": [9.25, 9.125, 9, 9.375], "texture": "#2"}
			}
		},
		{
			"from": [14, -8, 13.5],
			"to": [15, -6, 14.5],
			"rotation": {"angle": 0, "axis": "y", "origin": [16, 0, 16]},
			"faces": {
				"north": {"uv": [5.5, 9.375, 5.625, 9.625], "texture": "#2"},
				"east": {"uv": [5.625, 9.375, 5.75, 9.625], "texture": "#2"},
				"south": {"uv": [9.375, 5.625, 9.5, 5.875], "texture": "#2"},
				"west": {"uv": [5.75, 9.375, 5.875, 9.625], "texture": "#2"},
				"up": {"uv": [6, 9.5, 5.875, 9.375], "texture": "#2"},
				"down": {"uv": [9.5, 5.875, 9.375, 6], "texture": "#2"}
			}
		},
		{
			"from": [13.5, -6, 0.5],
			"to": [15.5, -4, 2.5],
			"rotation": {"angle": 0, "axis": "y", "origin": [16, 0, 0]},
			"faces": {
				"north": {"uv": [5.25, 9.125, 5.5, 9.375], "texture": "#2"},
				"east": {"uv": [5.5, 9.125, 5.75, 9.375], "texture": "#2"},
				"south": {"uv": [5.75, 9.125, 6, 9.375], "texture": "#2"},
				"west": {"uv": [6, 9.125, 6.25, 9.375], "texture": "#2"},
				"up": {"uv": [6.5, 9.375, 6.25, 9.125], "texture": "#2"},
				"down": {"uv": [6.75, 9.125, 6.5, 9.375], "texture": "#2"}
			}
		},
		{
			"from": [14, -8, 1.5],
			"to": [15, -6, 2.5],
			"rotation": {"angle": 0, "axis": "y", "origin": [16, 0, 0]},
			"faces": {
				"north": {"uv": [5, 9.375, 5.125, 9.625], "texture": "#2"},
				"east": {"uv": [5.125, 9.375, 5.25, 9.625], "texture": "#2"},
				"south": {"uv": [5.25, 9.375, 5.375, 9.625], "texture": "#2"},
				"west": {"uv": [5.375, 9.375, 5.5, 9.625], "texture": "#2"},
				"up": {"uv": [9.125, 7.75, 9, 7.625], "texture": "#2"},
				"down": {"uv": [9.25, 7.625, 9.125, 7.75], "texture": "#2"}
			}
		},
		{
			"from": [-16, 28, 14],
			"to": [-14, 30, 16],
			"rotation": {"angle": 0, "axis": "y", "origin": [-0.5, 0, 16.5]},
			"faces": {
				"north": {"uv": [8.75, 6.625, 9, 6.875], "texture": "#2"},
				"east": {"uv": [8.75, 6.875, 9, 7.125], "texture": "#2"},
				"south": {"uv": [8.75, 7.125, 9, 7.375], "texture": "#2"},
				"west": {"uv": [8.75, 8.625, 9, 8.875], "texture": "#2"},
				"up": {"uv": [8.5, 9.125, 8.25, 8.875], "texture": "#2"},
				"down": {"uv": [8.75, 8.875, 8.5, 9.125], "texture": "#2"}
			}
		},
		{
			"from": [14.5, 30, 15],
			"to": [15.5, 32, 16],
			"rotation": {"angle": 0, "axis": "y", "origin": [16, 0, 16]},
			"faces": {
				"north": {"uv": [9.25, 7.875, 9.375, 8.125], "texture": "#2"},
				"east": {"uv": [9.25, 8.125, 9.375, 8.375], "texture": "#2"},
				"south": {"uv": [9.25, 8.375, 9.375, 8.625], "texture": "#2"},
				"west": {"uv": [9.25, 8.625, 9.375, 8.875], "texture": "#2"},
				"up": {"uv": [8.625, 7.75, 8.5, 7.625], "texture": "#2"},
				"down": {"uv": [8.75, 7.625, 8.625, 7.75], "texture": "#2"}
			}
		},
		{
			"from": [14, 28, 14],
			"to": [16, 30, 16],
			"rotation": {"angle": 0, "axis": "y", "origin": [16.5, 0, 16.5]},
			"faces": {
				"north": {"uv": [8.75, 8.875, 9, 9.125], "texture": "#2"},
				"east": {"uv": [9, 5.625, 9.25, 5.875], "texture": "#2"},
				"south": {"uv": [9, 5.875, 9.25, 6.125], "texture": "#2"},
				"west": {"uv": [9, 6.125, 9.25, 6.375], "texture": "#2"},
				"up": {"uv": [9.25, 6.625, 9, 6.375], "texture": "#2"},
				"down": {"uv": [9.25, 6.625, 9, 6.875], "texture": "#2"}
			}
		},
		{
			"from": [-16, -4, 0],
			"to": [16, 12, 16],
			"faces": {
				"north": {"uv": [0, 0, 4, 2], "texture": "#2"},
				"east": {"uv": [0, 7.75, 2, 9.75], "texture": "#2"},
				"south": {"uv": [0, 2, 4, 4], "texture": "#2"},
				"west": {"uv": [2, 7.75, 4, 9.75], "texture": "#2"},
				"up": {"uv": [4, 6, 0, 4], "texture": "#2"},
				"down": {"uv": [8, 0, 4, 2], "texture": "#2"}
			}
		},
		{
			"from": [-16, 12, 14],
			"to": [16, 28, 16],
			"faces": {
				"north": {"uv": [4, 2, 8, 4], "texture": "#2"},
				"east": {"uv": [8, 5.375, 8.25, 7.375], "texture": "#2"},
				"south": {"uv": [4, 4, 8, 6], "texture": "#2"},
				"west": {"uv": [8.25, 5.375, 8.5, 7.375], "texture": "#2"},
				"up": {"uv": [12, 4.625, 8, 4.375], "texture": "#2"},
				"down": {"uv": [12, 4.625, 8, 4.875], "texture": "#2"}
			}
		},
		{
			"from": [-16, 19, 0],
			"to": [16, 21, 14],
			"faces": {
				"north": {"uv": [8, 4.875, 12, 5.125], "texture": "#2"},
				"east": {"uv": [8, 7.375, 9.75, 7.625], "texture": "#2"},
				"south": {"uv": [8, 5.125, 12, 5.375], "texture": "#2"},
				"west": {"uv": [8.5, 5.375, 10.25, 5.625], "texture": "#2"},
				"up": {"uv": [4, 7.75, 0, 6], "texture": "#2"},
				"down": {"uv": [8, 6, 4, 7.75], "texture": "#2"}
			}
		},
		{
			"from": [-16, 12, 0],
			"to": [-14, 19, 14],
			"faces": {
				"north": {"uv": [7.25, 8.625, 7.5, 9.5], "texture": "#2"},
				"east": {"uv": [4, 7.75, 5.75, 8.625], "texture": "#2"},
				"south": {"uv": [7.5, 8.625, 7.75, 9.5], "texture": "#2"},
				"west": {"uv": [5.75, 7.75, 7.5, 8.625], "texture": "#2"},
				"up": {"uv": [8.75, 7.375, 8.5, 5.625], "texture": "#2"},
				"down": {"uv": [4.25, 8.625, 4, 10.375], "texture": "#2"}
			}
		},
		{
			"from": [-15, 21, 0],
			"to": [-15, 28, 14],
			"faces": {
				"north": {"uv": [0, 0, 0, 0.875], "texture": "#2"},
				"east": {"uv": [8, 0.875, 9.75, 1.75], "texture": "#2"},
				"south": {"uv": [0, 0, 0, 0.875], "texture": "#2"},
				"west": {"uv": [8, 1.75, 9.75, 2.625], "texture": "#2"},
				"up": {"uv": [0, 1.75, 0, 0], "texture": "#2"},
				"down": {"uv": [0, 0, 0, 1.75], "texture": "#2"}
			}
		},
		{
			"from": [15, 21, 0],
			"to": [15, 28, 14],
			"faces": {
				"north": {"uv": [0, 0, 0, 0.875], "texture": "#2"},
				"east": {"uv": [8, 2.625, 9.75, 3.5], "texture": "#2"},
				"south": {"uv": [0, 0, 0, 0.875], "texture": "#2"},
				"west": {"uv": [8, 3.5, 9.75, 4.375], "texture": "#2"},
				"up": {"uv": [0, 1.75, 0, 0], "texture": "#2"},
				"down": {"uv": [0, 0, 0, 1.75], "texture": "#2"}
			}
		},
		{
			"from": [14, 12, 0],
			"to": [16, 19, 14],
			"faces": {
				"north": {"uv": [7.75, 8.625, 8, 9.5], "texture": "#2"},
				"east": {"uv": [7.5, 7.75, 9.25, 8.625], "texture": "#2"},
				"south": {"uv": [8, 8.625, 8.25, 9.5], "texture": "#2"},
				"west": {"uv": [8, 0, 9.75, 0.875], "texture": "#2"},
				"up": {"uv": [4.5, 10.375, 4.25, 8.625], "texture": "#2"},
				"down": {"uv": [4.75, 8.625, 4.5, 10.375], "texture": "#2"}
			}
		},
		{
			"from": [5, 2, -0.1],
			"to": [10, 6, -0.1],
			"faces": {
				"north": {"uv": [4.75, 8.625, 5.375, 9.125], "texture": "#2"},
				"east": {"uv": [0, 0, 0, 0.5], "texture": "#2"},
				"south": {"uv": [5.375, 8.625, 6, 9.125], "texture": "#2"},
				"west": {"uv": [0, 0, 0, 0.5], "texture": "#2"},
				"up": {"uv": [0.625, 0, 0, 0], "texture": "#2"},
				"down": {"uv": [0.625, 0, 0, 0], "texture": "#2"}
			}
		},
		{
			"from": [-10, 2, -0.1],
			"to": [-5, 6, -0.1],
			"rotation": {"angle": 0, "axis": "y", "origin": [16, 0, 0]},
			"faces": {
				"north": {"uv": [6, 8.625, 6.625, 9.125], "texture": "#2"},
				"east": {"uv": [0, 0, 0, 0.5], "texture": "#2"},
				"south": {"uv": [6.625, 8.625, 7.25, 9.125], "texture": "#2"},
				"west": {"uv": [0, 0, 0, 0.5], "texture": "#2"},
				"up": {"uv": [0.625, 0, 0, 0], "texture": "#2"},
				"down": {"uv": [0.625, 0, 0, 0], "texture": "#2"}
			}
		}
	],
	"display": {
		"thirdperson_righthand": {
			"rotation": [75, 45, 0],
			"translation": [0, 2.5, 0],
			"scale": [0.375, 0.375, 0.375]
		},
		"thirdperson_lefthand": {
			"rotation": [75, 45, 0],
			"translation": [0, 2.5, 0],
			"scale": [0.375, 0.375, 0.375]
		},
		"firstperson_righthand": {
			"rotation": [0, 45, 0],
			"scale": [0.4, 0.4, 0.4]
		},
		"firstperson_lefthand": {
			"rotation": [0, 225, 0],
			"scale": [0.4, 0.4, 0.4]
		},
		"ground": {
			"translation": [0, 3, 0],
			"scale": [0.25, 0.25, 0.25]
		},
		"gui": {
			"rotation": [30, 225, 0],
			"translation": [1.25, 0, 0],
			"scale": [0.25, 0.25, 0.25]
		},
		"head": {
			"rotation": [0, -180, 0],
			"translation": [0, -17.7, 0],
			"scale": [1.6, 1.6, 1.6]
		},
		"fixed": {
			"rotation": [-90, 0, 0],
			"translation": [2, 0, -26],
			"scale": [1.7, 1.7, 1.7]
		}
	}
}