{
	"credit": "Made with Blockbench",
	"texture_size": [128, 128],
	"textures": {
		"1": "item/decor/goth/goth_wardrobe",
		"particle": "item/decor/goth/goth_wardrobe"
	},
	"elements": [
		{
			"from": [29.5, 2, 12.5],
			"to": [31.5, 4, 14.5],
			"faces": {
				"north": {"uv": [2, 5.625, 2.25, 5.875], "texture": "#1"},
				"east": {"uv": [2.25, 5.625, 2.5, 5.875], "texture": "#1"},
				"south": {"uv": [2.5, 5.625, 2.75, 5.875], "texture": "#1"},
				"west": {"uv": [2.75, 5.625, 3, 5.875], "texture": "#1"},
				"up": {"uv": [3.25, 5.875, 3, 5.625], "texture": "#1"},
				"down": {"uv": [3.5, 5.625, 3.25, 5.875], "texture": "#1"}
			}
		},
		{
			"from": [1.5, 2, 12.5],
			"to": [3.5, 4, 14.5],
			"faces": {
				"north": {"uv": [3.5, 5.625, 3.75, 5.875], "texture": "#1"},
				"east": {"uv": [5.375, 5.625, 5.625, 5.875], "texture": "#1"},
				"south": {"uv": [5.625, 5.625, 5.875, 5.875], "texture": "#1"},
				"west": {"uv": [0, 5.875, 0.25, 6.125], "texture": "#1"},
				"up": {"uv": [0.5, 6.125, 0.25, 5.875], "texture": "#1"},
				"down": {"uv": [0.75, 5.875, 0.5, 6.125], "texture": "#1"}
			}
		},
		{
			"from": [29.5, 2, 1.5],
			"to": [31.5, 4, 3.5],
			"faces": {
				"north": {"uv": [2.25, 5.875, 2.5, 6.125], "texture": "#1"},
				"east": {"uv": [2.5, 5.875, 2.75, 6.125], "texture": "#1"},
				"south": {"uv": [2.75, 5.875, 3, 6.125], "texture": "#1"},
				"west": {"uv": [3, 5.875, 3.25, 6.125], "texture": "#1"},
				"up": {"uv": [3.5, 6.125, 3.25, 5.875], "texture": "#1"},
				"down": {"uv": [3.75, 5.875, 3.5, 6.125], "texture": "#1"}
			}
		},
		{
			"from": [1.5, 2, 1.5],
			"to": [3.5, 4, 3.5],
			"faces": {
				"north": {"uv": [0.75, 5.875, 1, 6.125], "texture": "#1"},
				"east": {"uv": [1, 5.875, 1.25, 6.125], "texture": "#1"},
				"south": {"uv": [1.25, 5.875, 1.5, 6.125], "texture": "#1"},
				"west": {"uv": [1.5, 5.875, 1.75, 6.125], "texture": "#1"},
				"up": {"uv": [2, 6.125, 1.75, 5.875], "texture": "#1"},
				"down": {"uv": [2.25, 5.875, 2, 6.125], "texture": "#1"}
			}
		},
		{
			"from": [2, 0, 13],
			"to": [3, 2, 14],
			"faces": {
				"north": {"uv": [2, 6.125, 2.125, 6.375], "texture": "#1"},
				"east": {"uv": [2.125, 6.125, 2.25, 6.375], "texture": "#1"},
				"south": {"uv": [2.25, 6.125, 2.375, 6.375], "texture": "#1"},
				"west": {"uv": [2.375, 6.125, 2.5, 6.375], "texture": "#1"},
				"up": {"uv": [4.125, 4, 4, 3.875], "texture": "#1"},
				"down": {"uv": [4.25, 3.875, 4.125, 4], "texture": "#1"}
			}
		},
		{
			"from": [30, 0, 12.5],
			"to": [31, 2, 13.5],
			"faces": {
				"north": {"uv": [2.5, 6.125, 2.625, 6.375], "texture": "#1"},
				"east": {"uv": [2.625, 6.125, 2.75, 6.375], "texture": "#1"},
				"south": {"uv": [2.75, 6.125, 2.875, 6.375], "texture": "#1"},
				"west": {"uv": [2.875, 6.125, 3, 6.375], "texture": "#1"},
				"up": {"uv": [4.375, 4, 4.25, 3.875], "texture": "#1"},
				"down": {"uv": [4.5, 3.875, 4.375, 4], "texture": "#1"}
			}
		},
		{
			"from": [30, 0, 2.5],
			"to": [31, 2, 3.5],
			"faces": {
				"north": {"uv": [3.5, 6.125, 3.625, 6.375], "texture": "#1"},
				"east": {"uv": [3.625, 6.125, 3.75, 6.375], "texture": "#1"},
				"south": {"uv": [5.375, 6.125, 5.5, 6.375], "texture": "#1"},
				"west": {"uv": [5.5, 6.125, 5.625, 6.375], "texture": "#1"},
				"up": {"uv": [4.875, 4, 4.75, 3.875], "texture": "#1"},
				"down": {"uv": [5, 3.875, 4.875, 4], "texture": "#1"}
			}
		},
		{
			"from": [2, 0, 2.5],
			"to": [3, 2, 3.5],
			"faces": {
				"north": {"uv": [3, 6.125, 3.125, 6.375], "texture": "#1"},
				"east": {"uv": [3.125, 6.125, 3.25, 6.375], "texture": "#1"},
				"south": {"uv": [3.25, 6.125, 3.375, 6.375], "texture": "#1"},
				"west": {"uv": [3.375, 6.125, 3.5, 6.375], "texture": "#1"},
				"up": {"uv": [4.625, 4, 4.5, 3.875], "texture": "#1"},
				"down": {"uv": [4.75, 3.875, 4.625, 4], "texture": "#1"}
			}
		},
		{
			"from": [1.5, 4, 1.5],
			"to": [31.5, 13, 14.5],
			"faces": {
				"north": {"uv": [4, 1.625, 7.75, 2.75], "texture": "#1"},
				"east": {"uv": [3.75, 4, 5.375, 5.125], "texture": "#1"},
				"south": {"uv": [4, 2.75, 7.75, 3.875], "texture": "#1"},
				"west": {"uv": [3.75, 5.125, 5.375, 6.25], "texture": "#1"},
				"up": {"uv": [3.75, 5.625, 0, 4], "texture": "#1"},
				"down": {"uv": [7.75, 0, 4, 1.625], "texture": "#1"}
			}
		},
		{
			"from": [0, 13, 0],
			"to": [32, 15, 16],
			"faces": {
				"north": {"uv": [5.375, 4.875, 9.375, 5.125], "texture": "#1"},
				"east": {"uv": [5.375, 5.375, 7.375, 5.625], "texture": "#1"},
				"south": {"uv": [5.375, 5.125, 9.375, 5.375], "texture": "#1"},
				"west": {"uv": [0, 5.625, 2, 5.875], "texture": "#1"},
				"up": {"uv": [4, 2, 0, 0], "texture": "#1"},
				"down": {"uv": [4, 2, 0, 4], "texture": "#1"}
			}
		},
		{
			"from": [0, 15, 14],
			"to": [2, 17, 16],
			"faces": {
				"north": {"uv": [5.375, 5.875, 5.625, 6.125], "texture": "#1"},
				"east": {"uv": [5.625, 5.875, 5.875, 6.125], "texture": "#1"},
				"south": {"uv": [5.875, 5.625, 6.125, 5.875], "texture": "#1"},
				"west": {"uv": [5.875, 5.875, 6.125, 6.125], "texture": "#1"},
				"up": {"uv": [0.25, 6.375, 0, 6.125], "texture": "#1"},
				"down": {"uv": [0.5, 6.125, 0.25, 6.375], "texture": "#1"}
			}
		},
		{
			"from": [1.5, 15, 15.5],
			"to": [30.5, 19, 15.5],
			"faces": {
				"north": {"uv": [5.375, 3.875, 9, 4.375], "texture": "#1"},
				"east": {"uv": [0, 0, 0, 0.5], "texture": "#1"},
				"south": {"uv": [5.375, 4.375, 9, 4.875], "texture": "#1"},
				"west": {"uv": [0, 0, 0, 0.5], "texture": "#1"},
				"up": {"uv": [3.625, 0, 0, 0], "texture": "#1"},
				"down": {"uv": [3.625, 0, 0, 0], "texture": "#1"}
			}
		},
		{
			"from": [0.5, 17, 15],
			"to": [1.5, 19, 16],
			"faces": {
				"north": {"uv": [5.625, 6.125, 5.75, 6.375], "texture": "#1"},
				"east": {"uv": [6.125, 5.625, 6.25, 5.875], "texture": "#1"},
				"south": {"uv": [5.75, 6.125, 5.875, 6.375], "texture": "#1"},
				"west": {"uv": [5.875, 6.125, 6, 6.375], "texture": "#1"},
				"up": {"uv": [5.125, 4, 5, 3.875], "texture": "#1"},
				"down": {"uv": [5.25, 3.875, 5.125, 4], "texture": "#1"}
			}
		},
		{
			"from": [30.5, 17, 15],
			"to": [31.5, 19, 16],
			"faces": {
				"north": {"uv": [6.125, 5.875, 6.25, 6.125], "texture": "#1"},
				"east": {"uv": [6, 6.125, 6.125, 6.375], "texture": "#1"},
				"south": {"uv": [6.125, 6.125, 6.25, 6.375], "texture": "#1"},
				"west": {"uv": [3.75, 6.25, 3.875, 6.5], "texture": "#1"},
				"up": {"uv": [5.375, 4, 5.25, 3.875], "texture": "#1"},
				"down": {"uv": [4, 6.25, 3.875, 6.375], "texture": "#1"}
			}
		},
		{
			"from": [30, 15, 14],
			"to": [32, 17, 16],
			"faces": {
				"north": {"uv": [0.5, 6.125, 0.75, 6.375], "texture": "#1"},
				"east": {"uv": [0.75, 6.125, 1, 6.375], "texture": "#1"},
				"south": {"uv": [1, 6.125, 1.25, 6.375], "texture": "#1"},
				"west": {"uv": [1.25, 6.125, 1.5, 6.375], "texture": "#1"},
				"up": {"uv": [1.75, 6.375, 1.5, 6.125], "texture": "#1"},
				"down": {"uv": [2, 6.125, 1.75, 6.375], "texture": "#1"}
			}
		}
	],
	"gui_light": "front",
	"display": {
		"thirdperson_righthand": {
			"rotation": [75, 45, 0],
			"translation": [0, 2.5, 0],
			"scale": [0.375, 0.375, 0.375]
		},
		"thirdperson_lefthand": {
			"rotation": [75, 45, 0],
			"translation": [0, 2.5, 0],
			"scale": [0.375, 0.375, 0.375]
		},
		"firstperson_righthand": {
			"rotation": [0, 45, 0],
			"scale": [0.4, 0.4, 0.4]
		},
		"firstperson_lefthand": {
			"rotation": [0, 225, 0],
			"scale": [0.4, 0.4, 0.4]
		},
		"ground": {
			"translation": [0, 3, 0],
			"scale": [0.25, 0.25, 0.25]
		},
		"gui": {
			"rotation": [30, 225, 0],
			"translation": [2.5, 0, 0],
			"scale": [0.4, 0.4, 0.4]
		},
		"head": {
			"rotation": [0, -180, 0],
			"translation": [0, -30.2, 0],
			"scale": [1.6, 1.6, 1.6]
		},
		"fixed": {
			"rotation": [-90, 0, 0],
			"translation": [0, 0, -15],
			"scale": [2, 2, 2]
		}
	}
}