{
	"credit": "Made with Blockbench",
	"texture_size": [32, 32],
	"textures": {
		"1": "item/decor/goth/goth_key"
	},
	"elements": [
		{
			"from": [1.5, 2, 2.5],
			"to": [3.5, 4, 4.5],
			"rotation": {"angle": 0, "axis": "y", "origin": [16, 0, 0]},
			"faces": {
				"north": {"uv": [7, 3, 6, 4], "texture": "#1"},
				"east": {"uv": [7, 5, 6, 6], "texture": "#1"},
				"south": {"uv": [6, 6, 5, 7], "texture": "#1"},
				"west": {"uv": [7, 4, 6, 5], "texture": "#1"},
				"up": {"uv": [6, 7, 7, 6], "texture": "#1"},
				"down": {"uv": [6.5, 0, 7.5, 1], "texture": "#1"}
			}
		},
		{
			"from": [2, 0, 3.5],
			"to": [3, 2, 4.5],
			"rotation": {"angle": 0, "axis": "y", "origin": [16, 0, 0]},
			"faces": {
				"north": {"uv": [5, 3, 4.5, 4], "texture": "#1"},
				"east": {"uv": [6, 8, 5.5, 9], "texture": "#1"},
				"south": {"uv": [8.5, 5, 8, 6], "texture": "#1"},
				"west": {"uv": [5.5, 8, 5, 9], "texture": "#1"},
				"up": {"uv": [8, 7.5, 8.5, 7], "texture": "#1"},
				"down": {"uv": [7.5, 8, 8, 8.5], "texture": "#1"}
			}
		},
		{
			"from": [4.5, 2, 2.5],
			"to": [6.5, 4, 4.5],
			"rotation": {"angle": 0, "axis": "y", "origin": [16, 0, 0]},
			"faces": {
				"north": {"uv": [7.5, 1, 6.5, 2], "texture": "#1"},
				"east": {"uv": [2, 7, 1, 8], "texture": "#1"},
				"south": {"uv": [1, 7, 0, 8], "texture": "#1"},
				"west": {"uv": [7.5, 2, 6.5, 3], "texture": "#1"},
				"up": {"uv": [2, 8, 3, 7], "texture": "#1"},
				"down": {"uv": [3, 7, 4, 8], "texture": "#1"}
			}
		},
		{
			"from": [5, 0, 3.5],
			"to": [6, 2, 4.5],
			"rotation": {"angle": 0, "axis": "y", "origin": [16, 0, 0]},
			"faces": {
				"north": {"uv": [6.5, 8, 6, 9], "texture": "#1"},
				"east": {"uv": [7.5, 8, 7, 9], "texture": "#1"},
				"south": {"uv": [7, 8, 6.5, 9], "texture": "#1"},
				"west": {"uv": [8.5, 6, 8, 7], "texture": "#1"},
				"up": {"uv": [8, 8, 8.5, 7.5], "texture": "#1"},
				"down": {"uv": [8, 8, 8.5, 8.5], "texture": "#1"}
			}
		},
		{
			"from": [1.5, 4, 2.5],
			"to": [10.5, 6, 4.5],
			"rotation": {"angle": 0, "axis": "y", "origin": [16.5, 0, -0.5]},
			"faces": {
				"north": {"uv": [4.5, 0, 0, 1], "texture": "#1"},
				"east": {"uv": [5, 7, 4, 8], "texture": "#1"},
				"south": {"uv": [4.5, 1, 0, 2], "texture": "#1"},
				"west": {"uv": [8, 3, 7, 4], "texture": "#1"},
				"up": {"uv": [0, 3, 4.5, 2], "texture": "#1"},
				"down": {"uv": [0, 3, 4.5, 4], "texture": "#1"}
			}
		},
		{
			"from": [10.5, 2, 2.5],
			"to": [12.5, 8, 4.5],
			"rotation": {"angle": 0, "axis": "y", "origin": [16.5, 0, -0.5]},
			"faces": {
				"north": {"uv": [1, 4, 0, 7], "texture": "#1"},
				"east": {"uv": [4, 4, 3, 7], "texture": "#1"},
				"south": {"uv": [3, 4, 2, 7], "texture": "#1"},
				"west": {"uv": [2, 4, 1, 7], "texture": "#1"},
				"up": {"uv": [7, 5, 8, 4], "texture": "#1"},
				"down": {"uv": [5, 7, 6, 8], "texture": "#1"}
			}
		},
		{
			"from": [14.5, 2, 2.5],
			"to": [16.5, 8, 4.5],
			"rotation": {"angle": 0, "axis": "y", "origin": [16.5, 0, -0.5]},
			"faces": {
				"north": {"uv": [5, 4, 4, 7], "texture": "#1"},
				"east": {"uv": [6.5, 0, 5.5, 3], "texture": "#1"},
				"south": {"uv": [6, 3, 5, 6], "texture": "#1"},
				"west": {"uv": [5.5, 0, 4.5, 3], "texture": "#1"},
				"up": {"uv": [7.5, 3, 8.5, 2], "texture": "#1"},
				"down": {"uv": [0, 8, 1, 9], "texture": "#1"}
			}
		},
		{
			"from": [12.5, 6, 2.5],
			"to": [14.5, 8, 4.5],
			"rotation": {"angle": 0, "axis": "y", "origin": [16.5, 0, -0.5]},
			"faces": {
				"north": {"uv": [8, 5, 7, 6], "texture": "#1"},
				"east": {"uv": [8, 7, 7, 8], "texture": "#1"},
				"south": {"uv": [8, 6, 7, 7], "texture": "#1"},
				"west": {"uv": [7, 7, 6, 8], "texture": "#1"},
				"up": {"uv": [7.5, 1, 8.5, 0], "texture": "#1"},
				"down": {"uv": [7.5, 1, 8.5, 2], "texture": "#1"}
			}
		},
		{
			"from": [12.5, 2, 2.5],
			"to": [14.5, 4, 4.5],
			"rotation": {"angle": 0, "axis": "y", "origin": [16.5, 0, -0.5]},
			"faces": {
				"north": {"uv": [2, 8, 1, 9], "texture": "#1"},
				"east": {"uv": [9, 3, 8, 4], "texture": "#1"},
				"south": {"uv": [4, 8, 3, 9], "texture": "#1"},
				"west": {"uv": [3, 8, 2, 9], "texture": "#1"},
				"up": {"uv": [4, 9, 5, 8], "texture": "#1"},
				"down": {"uv": [8, 4, 9, 5], "texture": "#1"}
			}
		}
	],
	"display": {
		"thirdperson_righthand": {
			"rotation": [90, -90, 0],
			"translation": [-2.75, 2.5, 2],
			"scale": [0.5, 0.5, 0.5]
		},
		"thirdperson_lefthand": {
			"rotation": [90, 90, 0],
			"translation": [1.75, 2.5, 2],
			"scale": [0.5, 0.5, 0.5]
		},
		"firstperson_righthand": {
			"rotation": [57.75, -90, 0],
			"translation": [-2.75, 5, 2],
			"scale": [0.5, 0.5, 0.5]
		},
		"firstperson_lefthand": {
			"rotation": [53.75, 90, 0],
			"translation": [1.75, 5, 2],
			"scale": [0.5, 0.5, 0.5]
		},
		"ground": {
			"translation": [-1.5, 4.5, 4.5]
		},
		"gui": {
			"rotation": [163.49, 5.45, 129.19],
			"translation": [-1, 0.75, 0],
			"scale": [0.7, 0.7, 0.7]
		},
		"fixed": {
			"translation": [0, 2, 3.5]
		}
	}
}