{
	"__comment": "moon",
	"textures": {
		"particle": "item/fish/tilapia",
		"tilapia": "item/fish/tilapia"
	},
	"gui_light": "front",
	"elements": [ 	 
		{
			"__comment": "Voxels",
			"from": [ -8.96, 7.68, -0.64 ],
			"to": [ 27.52, 8.32, 0 ],
			"faces": {
				"down": { "uv": [ 6.875, 14.75, 14, 14.875 ], "texture": "#tilapia" },
				"up": { "uv": [ 6.875, 15.25, 14, 15.125 ], "texture": "#tilapia" },
				"north": { "uv": [ 14, 15, 6.875, 15.125 ], "texture": "#tilapia" },
				"south": { "uv": [ 6.875, 14.875, 14, 15 ], "texture": "#tilapia" },
				"west": { "uv": [ 15, 14.25, 15.125, 14.375 ], "texture": "#tilapia" },
				"east": { "uv": [ 15.25, 14.25, 15.125, 14.375 ], "texture": "#tilapia" }
			}
		},
		{
			"__comment": "Voxels",
			"from": [ -8.96, 7.68, 0 ],
			"to": [ 26.88, 8.32, 1.92 ],
			"faces": {
				"down": { "uv": [ 6.875, 15.625, 13.875, 16 ], "texture": "#tilapia" },
				"up": { "uv": [ 6.875, 15.625, 13.875, 15.25 ], "texture": "#tilapia" },
				"north": { "uv": [ 13.875, 14.5, 6.875, 14.625 ], "texture": "#tilapia" },
				"south": { "uv": [ 6.875, 14.375, 13.875, 14.5 ], "texture": "#tilapia" },
				"west": { "uv": [ 6.5, 12, 6.875, 12.125 ], "texture": "#tilapia" },
				"east": { "uv": [ 6.875, 11.875, 6.5, 12 ], "texture": "#tilapia" }
			}
		},
		{
			"__comment": "Voxels",
			"from": [ -8.96, 7.68, 1.92 ],
			"to": [ 26.24, 8.32, 5.12 ],
			"faces": {
				"down": { "uv": [ 0, 15.375, 6.875, 16 ], "texture": "#tilapia" },
				"up": { "uv": [ 0, 15.375, 6.875, 14.75 ], "texture": "#tilapia" },
				"north": { "uv": [ 6.875, 14.125, 0, 14.25 ], "texture": "#tilapia" },
				"south": { "uv": [ 0, 14, 6.875, 14.125 ], "texture": "#tilapia" },
				"west": { "uv": [ 6.25, 10.5, 6.875, 10.625 ], "texture": "#tilapia" },
				"east": { "uv": [ 6.875, 10.625, 6.25, 10.75 ], "texture": "#tilapia" }
			}
		},
		{
			"__comment": "Voxels",
			"from": [ -8.32, 7.68, -1.28 ],
			"to": [ 18.56, 8.32, -0.64 ],
			"faces": {
				"down": { "uv": [ 0, 13.625, 5.25, 13.75 ], "texture": "#tilapia" },
				"up": { "uv": [ 0, 13.625, 5.25, 13.5 ], "texture": "#tilapia" },
				"north": { "uv": [ 5.25, 13.375, 0, 13.5 ], "texture": "#tilapia" },
				"south": { "uv": [ 0, 13.25, 5.25, 13.375 ], "texture": "#tilapia" },
				"west": { "uv": [ 15.25, 14.25, 15.375, 14.375 ], "texture": "#tilapia" },
				"east": { "uv": [ 14.625, 14.125, 14.5, 14.25 ], "texture": "#tilapia" }
			}
		},
		{
			"__comment": "Voxels",
			"from": [ -8.32, 7.68, 5.12 ],
			"to": [ 27.52, 8.32, 5.76 ],
			"faces": {
				"down": { "uv": [ 6.875, 14.25, 13.875, 14.375 ], "texture": "#tilapia" },
				"up": { "uv": [ 6.875, 14.25, 13.875, 14.125 ], "texture": "#tilapia" },
				"north": { "uv": [ 13.875, 14, 6.875, 14.125 ], "texture": "#tilapia" },
				"south": { "uv": [ 6.875, 14.625, 13.875, 14.75 ], "texture": "#tilapia" },
				"west": { "uv": [ 14, 14, 14.125, 14.125 ], "texture": "#tilapia" },
				"east": { "uv": [ 14.75, 14, 14.625, 14.125 ], "texture": "#tilapia" }
			}
		},
		{
			"__comment": "Voxels",
			"from": [ -7.68, 7.68, 5.76 ],
			"to": [ 27.52, 8.32, 7.04 ],
			"faces": {
				"down": { "uv": [ 0, 14.5, 6.875, 14.75 ], "texture": "#tilapia" },
				"up": { "uv": [ 0, 14.5, 6.875, 14.25 ], "texture": "#tilapia" },
				"north": { "uv": [ 6.875, 13.875, 0, 14 ], "texture": "#tilapia" },
				"south": { "uv": [ 0, 13.75, 6.875, 13.875 ], "texture": "#tilapia" },
				"west": { "uv": [ 6.125, 8.125, 6.375, 8.25 ], "texture": "#tilapia" },
				"east": { "uv": [ 6.375, 8, 6.125, 8.125 ], "texture": "#tilapia" }
			}
		},
		{
			"__comment": "Voxels",
			"from": [ -7.04, 7.68, -1.92 ],
			"to": [ 18.56, 8.32, -1.28 ],
			"faces": {
				"down": { "uv": [ 0, 10.625, 5, 10.75 ], "texture": "#tilapia" },
				"up": { "uv": [ 0, 10.625, 5, 10.5 ], "texture": "#tilapia" },
				"north": { "uv": [ 5, 10.375, 0, 10.5 ], "texture": "#tilapia" },
				"south": { "uv": [ 0, 10.25, 5, 10.375 ], "texture": "#tilapia" },
				"west": { "uv": [ 14.75, 14, 14.875, 14.125 ], "texture": "#tilapia" },
				"east": { "uv": [ 15, 14, 14.875, 14.125 ], "texture": "#tilapia" }
			}
		},
		{
			"__comment": "Voxels",
			"from": [ -7.04, 7.68, 7.04 ],
			"to": [ 19.84, 8.32, 7.68 ],
			"faces": {
				"down": { "uv": [ 0, 13.125, 5.25, 13.25 ], "texture": "#tilapia" },
				"up": { "uv": [ 0, 13.125, 5.25, 13 ], "texture": "#tilapia" },
				"north": { "uv": [ 5.25, 12.875, 0, 13 ], "texture": "#tilapia" },
				"south": { "uv": [ 0, 12.75, 5.25, 12.875 ], "texture": "#tilapia" },
				"west": { "uv": [ 15.5, 14, 15.625, 14.125 ], "texture": "#tilapia" },
				"east": { "uv": [ 15.875, 14, 15.75, 14.125 ], "texture": "#tilapia" }
			}
		},
		{
			"__comment": "Voxels",
			"from": [ -6.4, 7.68, -2.56 ],
			"to": [ 19.2, 8.32, -1.92 ],
			"faces": {
				"down": { "uv": [ 0, 10.125, 5, 10.25 ], "texture": "#tilapia" },
				"up": { "uv": [ 0, 10.125, 5, 10 ], "texture": "#tilapia" },
				"north": { "uv": [ 5, 9.875, 0, 10 ], "texture": "#tilapia" },
				"south": { "uv": [ 0, 9.75, 5, 9.875 ], "texture": "#tilapia" },
				"west": { "uv": [ 15.875, 14, 16, 14.125 ], "texture": "#tilapia" },
				"east": { "uv": [ 14.75, 14.25, 14.625, 14.375 ], "texture": "#tilapia" }
			}
		},
		{
			"__comment": "Voxels",
			"from": [ -6.4, 7.68, 7.68 ],
			"to": [ 19.84, 8.32, 8.32 ],
			"faces": {
				"down": { "uv": [ 0, 11.25, 5.125, 11.375 ], "texture": "#tilapia" },
				"up": { "uv": [ 0, 11.5, 5.125, 11.375 ], "texture": "#tilapia" },
				"north": { "uv": [ 5.125, 12.25, 0, 12.375 ], "texture": "#tilapia" },
				"south": { "uv": [ 0, 11.5, 5.125, 11.625 ], "texture": "#tilapia" },
				"west": { "uv": [ 15.875, 13.875, 16, 14 ], "texture": "#tilapia" },
				"east": { "uv": [ 16, 13.75, 15.875, 13.875 ], "texture": "#tilapia" }
			}
		},
		{
			"__comment": "Voxels",
			"from": [ -5.76, 7.68, -3.2 ],
			"to": [ 19.84, 8.32, -2.56 ],
			"faces": {
				"down": { "uv": [ 0, 9.625, 5, 9.75 ], "texture": "#tilapia" },
				"up": { "uv": [ 0, 9.625, 5, 9.5 ], "texture": "#tilapia" },
				"north": { "uv": [ 5, 9.375, 0, 9.5 ], "texture": "#tilapia" },
				"south": { "uv": [ 0, 9.25, 5, 9.375 ], "texture": "#tilapia" },
				"west": { "uv": [ 15.75, 13.625, 15.875, 13.75 ], "texture": "#tilapia" },
				"east": { "uv": [ 16, 13.625, 15.875, 13.75 ], "texture": "#tilapia" }
			}
		},
		{
			"__comment": "Voxels",
			"from": [ -5.76, 7.68, 8.32 ],
			"to": [ 20.48, 8.32, 8.96 ],
			"faces": {
				"down": { "uv": [ 0, 11.75, 5.125, 11.875 ], "texture": "#tilapia" },
				"up": { "uv": [ 0, 12, 5.125, 11.875 ], "texture": "#tilapia" },
				"north": { "uv": [ 5.125, 12.375, 0, 12.5 ], "texture": "#tilapia" },
				"south": { "uv": [ 0, 12.5, 5.125, 12.625 ], "texture": "#tilapia" },
				"west": { "uv": [ 14.25, 13.375, 14.375, 13.5 ], "texture": "#tilapia" },
				"east": { "uv": [ 14.5, 13.375, 14.375, 13.5 ], "texture": "#tilapia" }
			}
		},
		{
			"__comment": "Voxels",
			"from": [ -5.12, 7.68, -3.84 ],
			"to": [ 21.12, 8.32, -3.2 ],
			"faces": {
				"down": { "uv": [ 0, 12.625, 5.125, 12.75 ], "texture": "#tilapia" },
				"up": { "uv": [ 0, 11.75, 5.125, 11.625 ], "texture": "#tilapia" },
				"north": { "uv": [ 5.125, 12, 0, 12.125 ], "texture": "#tilapia" },
				"south": { "uv": [ 0, 12.125, 5.125, 12.25 ], "texture": "#tilapia" },
				"west": { "uv": [ 14.5, 13.375, 14.625, 13.5 ], "texture": "#tilapia" },
				"east": { "uv": [ 15, 13.375, 14.875, 13.5 ], "texture": "#tilapia" }
			}
		},
		{
			"__comment": "Voxels",
			"from": [ -4.48, 7.68, -4.48 ],
			"to": [ 20.48, 8.32, -3.84 ],
			"faces": {
				"down": { "uv": [ 6.875, 12.875, 11.75, 13 ], "texture": "#tilapia" },
				"up": { "uv": [ 6.875, 12.875, 11.75, 12.75 ], "texture": "#tilapia" },
				"north": { "uv": [ 11.75, 12.625, 6.875, 12.75 ], "texture": "#tilapia" },
				"south": { "uv": [ 6.875, 12.5, 11.75, 12.625 ], "texture": "#tilapia" },
				"west": { "uv": [ 15.625, 14, 15.75, 14.125 ], "texture": "#tilapia" },
				"east": { "uv": [ 15.125, 13.375, 15, 13.5 ], "texture": "#tilapia" }
			}
		},
		{
			"__comment": "Voxels",
			"from": [ -4.48, 7.68, 8.96 ],
			"to": [ 21.76, 8.32, 9.6 ],
			"faces": {
				"down": { "uv": [ 0, 11.125, 5.125, 11.25 ], "texture": "#tilapia" },
				"up": { "uv": [ 0, 11.125, 5.125, 11 ], "texture": "#tilapia" },
				"north": { "uv": [ 5.125, 10.875, 0, 11 ], "texture": "#tilapia" },
				"south": { "uv": [ 0, 10.75, 5.125, 10.875 ], "texture": "#tilapia" },
				"west": { "uv": [ 15.375, 13.375, 15.5, 13.5 ], "texture": "#tilapia" },
				"east": { "uv": [ 15.625, 13.375, 15.5, 13.5 ], "texture": "#tilapia" }
			}
		},
		{
			"__comment": "Voxels",
			"from": [ -3.84, 7.68, -5.12 ],
			"to": [ 21.76, 8.32, -4.48 ],
			"faces": {
				"down": { "uv": [ 0, 8.625, 5, 8.75 ], "texture": "#tilapia" },
				"up": { "uv": [ 0, 8.625, 5, 8.5 ], "texture": "#tilapia" },
				"north": { "uv": [ 5, 8.375, 0, 8.5 ], "texture": "#tilapia" },
				"south": { "uv": [ 0, 8.25, 5, 8.375 ], "texture": "#tilapia" },
				"west": { "uv": [ 15.625, 13.375, 15.75, 13.5 ], "texture": "#tilapia" },
				"east": { "uv": [ 15.875, 13.375, 15.75, 13.5 ], "texture": "#tilapia" }
			}
		},
		{
			"__comment": "Voxels",
			"from": [ -3.2, 7.68, -5.76 ],
			"to": [ 22.4, 8.32, -5.12 ],
			"faces": {
				"down": { "uv": [ 0, 8.125, 5, 8.25 ], "texture": "#tilapia" },
				"up": { "uv": [ 0, 8.125, 5, 8 ], "texture": "#tilapia" },
				"north": { "uv": [ 11.875, 13.875, 6.875, 14 ], "texture": "#tilapia" },
				"south": { "uv": [ 6.875, 13.75, 11.875, 13.875 ], "texture": "#tilapia" },
				"west": { "uv": [ 14.25, 13.25, 14.375, 13.375 ], "texture": "#tilapia" },
				"east": { "uv": [ 6.875, 10.375, 6.75, 10.5 ], "texture": "#tilapia" }
			}
		},
		{
			"__comment": "Voxels",
			"from": [ -3.2, 7.68, 9.599999 ],
			"to": [ 21.76, 8.32, 10.24 ],
			"faces": {
				"down": { "uv": [ 6.875, 13, 11.75, 13.125 ], "texture": "#tilapia" },
				"up": { "uv": [ 6.875, 13.25, 11.75, 13.125 ], "texture": "#tilapia" },
				"north": { "uv": [ 11.75, 13.25, 6.875, 13.375 ], "texture": "#tilapia" },
				"south": { "uv": [ 6.875, 13.375, 11.75, 13.5 ], "texture": "#tilapia" },
				"west": { "uv": [ 6.75, 10.25, 6.875, 10.375 ], "texture": "#tilapia" },
				"east": { "uv": [ 6.875, 10.125, 6.75, 10.25 ], "texture": "#tilapia" }
			}
		},
		{
			"__comment": "Voxels",
			"from": [ -2.56, 7.68, -6.4 ],
			"to": [ 23.04, 8.32, -5.76 ],
			"faces": {
				"down": { "uv": [ 0, 9.125, 5, 9.25 ], "texture": "#tilapia" },
				"up": { "uv": [ 0, 9.125, 5, 9 ], "texture": "#tilapia" },
				"north": { "uv": [ 5, 8.875, 0, 9 ], "texture": "#tilapia" },
				"south": { "uv": [ 0, 8.75, 5, 8.875 ], "texture": "#tilapia" },
				"west": { "uv": [ 6.75, 10, 6.875, 10.125 ], "texture": "#tilapia" },
				"east": { "uv": [ 16, 15.375, 15.875, 15.5 ], "texture": "#tilapia" }
			}
		},
		{
			"__comment": "Voxels",
			"from": [ -1.92, 7.68, -7.04 ],
			"to": [ 23.04, 8.32, -6.4 ],
			"faces": {
				"down": { "uv": [ 6.875, 13.625, 11.75, 13.75 ], "texture": "#tilapia" },
				"up": { "uv": [ 6.875, 13.625, 11.75, 13.5 ], "texture": "#tilapia" },
				"north": { "uv": [ 11.75, 12.25, 6.875, 12.375 ], "texture": "#tilapia" },
				"south": { "uv": [ 6.875, 12.375, 11.75, 12.5 ], "texture": "#tilapia" },
				"west": { "uv": [ 15.875, 15.25, 16, 15.375 ], "texture": "#tilapia" },
				"east": { "uv": [ 16, 14.625, 15.875, 14.75 ], "texture": "#tilapia" }
			}
		},
		{
			"__comment": "Voxels",
			"from": [ -1.28, 7.68, -7.68 ],
			"to": [ 23.04, 8.32, -7.04 ],
			"faces": {
				"down": { "uv": [ 6.875, 12, 11.625, 12.125 ], "texture": "#tilapia" },
				"up": { "uv": [ 6.875, 12.25, 11.625, 12.125 ], "texture": "#tilapia" },
				"north": { "uv": [ 11.625, 11.875, 6.875, 12 ], "texture": "#tilapia" },
				"south": { "uv": [ 6.875, 11.75, 11.625, 11.875 ], "texture": "#tilapia" },
				"west": { "uv": [ 15.375, 14, 15.5, 14.125 ], "texture": "#tilapia" },
				"east": { "uv": [ 15.375, 14, 15.25, 14.125 ], "texture": "#tilapia" }
			}
		},
		{
			"__comment": "Voxels",
			"from": [ -1.28, 7.68, 10.24 ],
			"to": [ 21.76, 8.32, 10.88 ],
			"faces": {
				"down": { "uv": [ 6.875, 11.125, 11.375, 11.25 ], "texture": "#tilapia" },
				"up": { "uv": [ 6.875, 10.875, 11.375, 10.75 ], "texture": "#tilapia" },
				"north": { "uv": [ 11.375, 11, 6.875, 11.125 ], "texture": "#tilapia" },
				"south": { "uv": [ 6.875, 10.875, 11.375, 11 ], "texture": "#tilapia" },
				"west": { "uv": [ 14.125, 14, 14.25, 14.125 ], "texture": "#tilapia" },
				"east": { "uv": [ 14, 14, 13.875, 14.125 ], "texture": "#tilapia" }
			}
		},
		{
			"__comment": "Voxels",
			"from": [ -0.64, 7.68, -8.32 ],
			"to": [ 23.04, 8.32, -7.68 ],
			"faces": {
				"down": { "uv": [ 6.875, 11.5, 11.5, 11.625 ], "texture": "#tilapia" },
				"up": { "uv": [ 6.875, 11.5, 11.5, 11.375 ], "texture": "#tilapia" },
				"north": { "uv": [ 11.5, 11.25, 6.875, 11.375 ], "texture": "#tilapia" },
				"south": { "uv": [ 6.875, 11.625, 11.5, 11.75 ], "texture": "#tilapia" },
				"west": { "uv": [ 15.875, 14.125, 16, 14.25 ], "texture": "#tilapia" },
				"east": { "uv": [ 15.625, 14.125, 15.5, 14.25 ], "texture": "#tilapia" }
			}
		},
		{
			"__comment": "Voxels",
			"from": [ -0.64, 7.68, 10.88 ],
			"to": [ 7.68, 8.32, 11.52 ],
			"faces": {
				"down": { "uv": [ 5.25, 13.125, 6.875, 13.25 ], "texture": "#tilapia" },
				"up": { "uv": [ 5.25, 13.5, 6.875, 13.375 ], "texture": "#tilapia" },
				"north": { "uv": [ 6.875, 13.5, 5.25, 13.625 ], "texture": "#tilapia" },
				"south": { "uv": [ 5.25, 13.625, 6.875, 13.75 ], "texture": "#tilapia" },
				"west": { "uv": [ 15.375, 14.125, 15.5, 14.25 ], "texture": "#tilapia" },
				"east": { "uv": [ 15.375, 14.125, 15.25, 14.25 ], "texture": "#tilapia" }
			}
		},
		{
			"__comment": "Voxels",
			"from": [ 0, 7.68, -8.96 ],
			"to": [ 20.48, 8.32, -8.32 ],
			"faces": {
				"down": { "uv": [ 11.875, 13.75, 15.875, 13.875 ], "texture": "#tilapia" },
				"up": { "uv": [ 11.75, 13.625, 15.75, 13.5 ], "texture": "#tilapia" },
				"north": { "uv": [ 15.75, 13.625, 11.75, 13.75 ], "texture": "#tilapia" },
				"south": { "uv": [ 11.875, 13.875, 15.875, 14 ], "texture": "#tilapia" },
				"west": { "uv": [ 15.125, 14.125, 15.25, 14.25 ], "texture": "#tilapia" },
				"east": { "uv": [ 14.875, 14.125, 14.75, 14.25 ], "texture": "#tilapia" }
			}
		},
		{
			"__comment": "Voxels",
			"from": [ 0.64, 7.68, 11.52 ],
			"to": [ 7.68, 8.32, 12.16 ],
			"faces": {
				"down": { "uv": [ 5.125, 12, 6.5, 12.125 ], "texture": "#tilapia" },
				"up": { "uv": [ 5.125, 10.875, 6.5, 10.75 ], "texture": "#tilapia" },
				"north": { "uv": [ 6.5, 11.875, 5.125, 12 ], "texture": "#tilapia" },
				"south": { "uv": [ 5.125, 10.875, 6.5, 11 ], "texture": "#tilapia" },
				"west": { "uv": [ 15.625, 14.375, 15.75, 14.5 ], "texture": "#tilapia" },
				"east": { "uv": [ 14, 14.25, 13.875, 14.375 ], "texture": "#tilapia" }
			}
		},
		{
			"__comment": "Voxels",
			"from": [ 1.28, 7.68, -10.24 ],
			"to": [ 12.8, 8.32, -8.96 ],
			"faces": {
				"down": { "uv": [ 6.875, 10.5, 9.125, 10.75 ], "texture": "#tilapia" },
				"up": { "uv": [ 9.125, 10.75, 11.375, 10.5 ], "texture": "#tilapia" },
				"north": { "uv": [ 14, 12.875, 11.75, 13 ], "texture": "#tilapia" },
				"south": { "uv": [ 11.75, 12.75, 14, 12.875 ], "texture": "#tilapia" },
				"west": { "uv": [ 6.625, 8, 6.875, 8.125 ], "texture": "#tilapia" },
				"east": { "uv": [ 6.875, 8.125, 6.625, 8.25 ], "texture": "#tilapia" }
			}
		},
		{
			"__comment": "Voxels",
			"from": [ 1.92, 7.68, 12.16 ],
			"to": [ 7.68, 8.32, 12.8 ],
			"faces": {
				"down": { "uv": [ 5, 8.625, 6.125, 8.75 ], "texture": "#tilapia" },
				"up": { "uv": [ 5, 8.625, 6.125, 8.5 ], "texture": "#tilapia" },
				"north": { "uv": [ 6.125, 8.375, 5, 8.5 ], "texture": "#tilapia" },
				"south": { "uv": [ 5, 8.25, 6.125, 8.375 ], "texture": "#tilapia" },
				"west": { "uv": [ 14.375, 14.125, 14.5, 14.25 ], "texture": "#tilapia" },
				"east": { "uv": [ 14.125, 14.125, 14, 14.25 ], "texture": "#tilapia" }
			}
		},
		{
			"__comment": "Voxels",
			"from": [ 2.56, 7.68, -10.88 ],
			"to": [ 8.959999, 8.32, -10.24 ],
			"faces": {
				"down": { "uv": [ 5, 9.5, 6.25, 9.625 ], "texture": "#tilapia" },
				"up": { "uv": [ 5, 10.125, 6.25, 10 ], "texture": "#tilapia" },
				"north": { "uv": [ 6.25, 10.25, 5, 10.375 ], "texture": "#tilapia" },
				"south": { "uv": [ 5, 10.125, 6.25, 10.25 ], "texture": "#tilapia" },
				"west": { "uv": [ 13.875, 14.125, 14, 14.25 ], "texture": "#tilapia" },
				"east": { "uv": [ 16, 14.25, 15.875, 14.375 ], "texture": "#tilapia" }
			}
		},
		{
			"__comment": "Voxels",
			"from": [ 2.56, 7.68, 12.8 ],
			"to": [ 7.68, 8.32, 13.44 ],
			"faces": {
				"down": { "uv": [ 15, 14.875, 16, 15 ], "texture": "#tilapia" },
				"up": { "uv": [ 14, 15, 15, 14.875 ], "texture": "#tilapia" },
				"north": { "uv": [ 16, 15, 15, 15.125 ], "texture": "#tilapia" },
				"south": { "uv": [ 14, 15, 15, 15.125 ], "texture": "#tilapia" },
				"west": { "uv": [ 15.75, 14.25, 15.875, 14.375 ], "texture": "#tilapia" },
				"east": { "uv": [ 15.5, 14.25, 15.375, 14.375 ], "texture": "#tilapia" }
			}
		},
		{
			"__comment": "Voxels",
			"from": [ 3.2, 7.68, -11.52 ],
			"to": [ 5.76, 8.32, -10.88 ],
			"faces": {
				"down": { "uv": [ 6.25, 10.25, 6.75, 10.375 ], "texture": "#tilapia" },
				"up": { "uv": [ 6.25, 10.5, 6.75, 10.375 ], "texture": "#tilapia" },
				"north": { "uv": [ 6.75, 10.125, 6.25, 10.25 ], "texture": "#tilapia" },
				"south": { "uv": [ 6.25, 10, 6.75, 10.125 ], "texture": "#tilapia" },
				"west": { "uv": [ 14.5, 14.25, 14.625, 14.375 ], "texture": "#tilapia" },
				"east": { "uv": [ 15.875, 14.375, 15.75, 14.5 ], "texture": "#tilapia" }
			}
		},
		{
			"__comment": "Voxels",
			"from": [ 7.04, 7.68, -11.52 ],
			"to": [ 8.32, 8.32, -10.88 ],
			"faces": {
				"down": { "uv": [ 6.375, 8.125, 6.625, 8.25 ], "texture": "#tilapia" },
				"up": { "uv": [ 6.625, 9.625, 6.875, 9.5 ], "texture": "#tilapia" },
				"north": { "uv": [ 6.875, 9.875, 6.625, 10 ], "texture": "#tilapia" },
				"south": { "uv": [ 6.375, 8, 6.625, 8.125 ], "texture": "#tilapia" },
				"west": { "uv": [ 14.125, 14.25, 14.25, 14.375 ], "texture": "#tilapia" },
				"east": { "uv": [ 14.125, 14.25, 14, 14.375 ], "texture": "#tilapia" }
			}
		},
		{
			"__comment": "Voxels",
			"from": [ 9.599999, 7.68, 10.88 ],
			"to": [ 21.76, 8.32, 11.52 ],
			"faces": {
				"down": { "uv": [ 11.75, 13.375, 14.125, 13.5 ], "texture": "#tilapia" },
				"up": { "uv": [ 11.75, 13.375, 14.125, 13.25 ], "texture": "#tilapia" },
				"north": { "uv": [ 14.125, 13.125, 11.75, 13.25 ], "texture": "#tilapia" },
				"south": { "uv": [ 11.75, 13, 14.125, 13.125 ], "texture": "#tilapia" },
				"west": { "uv": [ 15.5, 14.375, 15.625, 14.5 ], "texture": "#tilapia" },
				"east": { "uv": [ 15.5, 14.375, 15.375, 14.5 ], "texture": "#tilapia" }
			}
		},
		{
			"__comment": "Voxels",
			"from": [ 10.24, 7.68, 11.52 ],
			"to": [ 21.12, 8.32, 12.16 ],
			"faces": {
				"down": { "uv": [ 13.875, 15.5, 16, 15.625 ], "texture": "#tilapia" },
				"up": { "uv": [ 13.875, 16, 16, 15.875 ], "texture": "#tilapia" },
				"north": { "uv": [ 16, 15.75, 13.875, 15.875 ], "texture": "#tilapia" },
				"south": { "uv": [ 13.875, 15.625, 16, 15.75 ], "texture": "#tilapia" },
				"west": { "uv": [ 15.125, 14.375, 15.25, 14.5 ], "texture": "#tilapia" },
				"east": { "uv": [ 15.125, 14.375, 15, 14.5 ], "texture": "#tilapia" }
			}
		},
		{
			"__comment": "Voxels",
			"from": [ 10.88, 7.68, -10.88 ],
			"to": [ 12.8, 8.32, -10.24 ],
			"faces": {
				"down": { "uv": [ 6.5, 11.625, 6.875, 11.75 ], "texture": "#tilapia" },
				"up": { "uv": [ 6.5, 12.25, 6.875, 12.125 ], "texture": "#tilapia" },
				"north": { "uv": [ 6.875, 11.5, 6.5, 11.625 ], "texture": "#tilapia" },
				"south": { "uv": [ 6.5, 11.75, 6.875, 11.875 ], "texture": "#tilapia" },
				"west": { "uv": [ 14.625, 14.375, 14.75, 14.5 ], "texture": "#tilapia" },
				"east": { "uv": [ 14.625, 14.375, 14.5, 14.5 ], "texture": "#tilapia" }
			}
		},
		{
			"__comment": "Voxels",
			"from": [ 10.88, 7.68, 12.16 ],
			"to": [ 14.72, 8.32, 12.8 ],
			"faces": {
				"down": { "uv": [ 6.125, 9.25, 6.875, 9.375 ], "texture": "#tilapia" },
				"up": { "uv": [ 6.125, 8.75, 6.875, 8.625 ], "texture": "#tilapia" },
				"north": { "uv": [ 6.875, 9, 6.125, 9.125 ], "texture": "#tilapia" },
				"south": { "uv": [ 6.125, 8.875, 6.875, 9 ], "texture": "#tilapia" },
				"west": { "uv": [ 14.5, 14, 14.625, 14.125 ], "texture": "#tilapia" },
				"east": { "uv": [ 14.25, 13.375, 14.125, 13.5 ], "texture": "#tilapia" }
			}
		},
		{
			"__comment": "Voxels",
			"from": [ 12.8, 7.68, -9.599999 ],
			"to": [ 14.08, 8.32, -8.959999 ],
			"faces": {
				"down": { "uv": [ 13.875, 14.375, 14.125, 14.5 ], "texture": "#tilapia" },
				"up": { "uv": [ 6.625, 12.75, 6.875, 12.625 ], "texture": "#tilapia" },
				"north": { "uv": [ 6.875, 12.5, 6.625, 12.625 ], "texture": "#tilapia" },
				"south": { "uv": [ 15.625, 14.5, 15.875, 14.625 ], "texture": "#tilapia" },
				"west": { "uv": [ 15.875, 14.5, 16, 14.625 ], "texture": "#tilapia" },
				"east": { "uv": [ 14.5, 14.375, 14.375, 14.5 ], "texture": "#tilapia" }
			}
		},
		{
			"__comment": "Voxels",
			"from": [ 14.72, 7.68, -9.599999 ],
			"to": [ 19.84, 8.32, -8.959999 ],
			"faces": {
				"down": { "uv": [ 13.875, 15.25, 14.875, 15.375 ], "texture": "#tilapia" },
				"up": { "uv": [ 13.875, 15.5, 14.875, 15.375 ], "texture": "#tilapia" },
				"north": { "uv": [ 16, 14.75, 15, 14.875 ], "texture": "#tilapia" },
				"south": { "uv": [ 14, 14.75, 15, 14.875 ], "texture": "#tilapia" },
				"west": { "uv": [ 14.75, 14.375, 14.875, 14.5 ], "texture": "#tilapia" },
				"east": { "uv": [ 15, 14.375, 14.875, 14.5 ], "texture": "#tilapia" }
			}
		},
		{
			"__comment": "Voxels",
			"from": [ 16, 7.68, 12.16 ],
			"to": [ 20.48, 8.32, 12.8 ],
			"faces": {
				"down": { "uv": [ 14.75, 14.5, 15.625, 14.625 ], "texture": "#tilapia" },
				"up": { "uv": [ 13.875, 14.625, 14.75, 14.5 ], "texture": "#tilapia" },
				"north": { "uv": [ 15.625, 14.625, 14.75, 14.75 ], "texture": "#tilapia" },
				"south": { "uv": [ 13.875, 14.625, 14.75, 14.75 ], "texture": "#tilapia" },
				"west": { "uv": [ 14.625, 14.125, 14.75, 14.25 ], "texture": "#tilapia" },
				"east": { "uv": [ 15.375, 14.375, 15.25, 14.5 ], "texture": "#tilapia" }
			}
		},
		{
			"__comment": "Voxels",
			"from": [ 19.2, 7.68, -1.28 ],
			"to": [ 27.52, 8.32, -0.64 ],
			"faces": {
				"down": { "uv": [ 5.25, 12.75, 6.875, 12.875 ], "texture": "#tilapia" },
				"up": { "uv": [ 5.25, 13, 6.875, 12.875 ], "texture": "#tilapia" },
				"north": { "uv": [ 6.875, 13, 5.25, 13.125 ], "texture": "#tilapia" },
				"south": { "uv": [ 5.25, 13.25, 6.875, 13.375 ], "texture": "#tilapia" },
				"west": { "uv": [ 15.875, 14.375, 16, 14.5 ], "texture": "#tilapia" },
				"east": { "uv": [ 14.5, 13.25, 14.375, 13.375 ], "texture": "#tilapia" }
			}
		},
		{
			"__comment": "Voxels",
			"from": [ 19.84, 7.68, -1.92 ],
			"to": [ 27.52, 8.32, -1.28 ],
			"faces": {
				"down": { "uv": [ 5.125, 12.25, 6.625, 12.375 ], "texture": "#tilapia" },
				"up": { "uv": [ 5.125, 12.5, 6.625, 12.375 ], "texture": "#tilapia" },
				"north": { "uv": [ 6.625, 12.5, 5.125, 12.625 ], "texture": "#tilapia" },
				"south": { "uv": [ 5.125, 12.625, 6.625, 12.75 ], "texture": "#tilapia" },
				"west": { "uv": [ 14.25, 14.25, 14.375, 14.375 ], "texture": "#tilapia" },
				"east": { "uv": [ 14.5, 14.25, 14.375, 14.375 ], "texture": "#tilapia" }
			}
		},
		{
			"__comment": "Voxels",
			"from": [ 20.48, 7.68, -2.56 ],
			"to": [ 27.52, 8.32, -1.92 ],
			"faces": {
				"down": { "uv": [ 5.125, 11, 6.5, 11.125 ], "texture": "#tilapia" },
				"up": { "uv": [ 5.125, 12.25, 6.5, 12.125 ], "texture": "#tilapia" },
				"north": { "uv": [ 6.5, 11.125, 5.125, 11.25 ], "texture": "#tilapia" },
				"south": { "uv": [ 5.125, 11.25, 6.5, 11.375 ], "texture": "#tilapia" },
				"west": { "uv": [ 14.75, 14.25, 14.875, 14.375 ], "texture": "#tilapia" },
				"east": { "uv": [ 15, 14.25, 14.875, 14.375 ], "texture": "#tilapia" }
			}
		},
		{
			"__comment": "Voxels",
			"from": [ 20.48, 7.68, 7.04 ],
			"to": [ 27.52, 8.32, 7.68 ],
			"faces": {
				"down": { "uv": [ 5.125, 11.375, 6.5, 11.5 ], "texture": "#tilapia" },
				"up": { "uv": [ 5.125, 11.625, 6.5, 11.5 ], "texture": "#tilapia" },
				"north": { "uv": [ 6.5, 11.625, 5.125, 11.75 ], "texture": "#tilapia" },
				"south": { "uv": [ 5.125, 11.75, 6.5, 11.875 ], "texture": "#tilapia" },
				"west": { "uv": [ 15.5, 14.25, 15.625, 14.375 ], "texture": "#tilapia" },
				"east": { "uv": [ 15.75, 14.25, 15.625, 14.375 ], "texture": "#tilapia" }
			}
		},
		{
			"__comment": "Voxels",
			"from": [ 21.12, 7.68, -3.2 ],
			"to": [ 27.52, 8.32, -2.56 ],
			"faces": {
				"down": { "uv": [ 5, 10.375, 6.25, 10.5 ], "texture": "#tilapia" },
				"up": { "uv": [ 5, 10.625, 6.25, 10.5 ], "texture": "#tilapia" },
				"north": { "uv": [ 6.25, 10.625, 5, 10.75 ], "texture": "#tilapia" },
				"south": { "uv": [ 5, 9.875, 6.25, 10 ], "texture": "#tilapia" },
				"west": { "uv": [ 14.125, 14.125, 14.25, 14.25 ], "texture": "#tilapia" },
				"east": { "uv": [ 14.375, 14.125, 14.25, 14.25 ], "texture": "#tilapia" }
			}
		},
		{
			"__comment": "Voxels",
			"from": [ 21.12, 7.68, 7.68 ],
			"to": [ 26.88, 8.32, 8.32 ],
			"faces": {
				"down": { "uv": [ 5, 8.125, 6.125, 8.25 ], "texture": "#tilapia" },
				"up": { "uv": [ 5, 8.125, 6.125, 8 ], "texture": "#tilapia" },
				"north": { "uv": [ 6.125, 8.75, 5, 8.875 ], "texture": "#tilapia" },
				"south": { "uv": [ 5, 8.875, 6.125, 9 ], "texture": "#tilapia" },
				"west": { "uv": [ 14.875, 14.125, 15, 14.25 ], "texture": "#tilapia" },
				"east": { "uv": [ 15.125, 14.125, 15, 14.25 ], "texture": "#tilapia" }
			}
		},
		{
			"__comment": "Voxels",
			"from": [ 21.76, 7.68, -3.84 ],
			"to": [ 27.52, 8.32, -3.2 ],
			"faces": {
				"down": { "uv": [ 5, 9, 6.125, 9.125 ], "texture": "#tilapia" },
				"up": { "uv": [ 5, 9.25, 6.125, 9.125 ], "texture": "#tilapia" },
				"north": { "uv": [ 6.125, 9.25, 5, 9.375 ], "texture": "#tilapia" },
				"south": { "uv": [ 5, 9.375, 6.125, 9.5 ], "texture": "#tilapia" },
				"west": { "uv": [ 15.625, 14.125, 15.75, 14.25 ], "texture": "#tilapia" },
				"east": { "uv": [ 15.875, 14.125, 15.75, 14.25 ], "texture": "#tilapia" }
			}
		},
		{
			"__comment": "Voxels",
			"from": [ 21.76, 7.68, 8.32 ],
			"to": [ 26.88, 8.32, 8.96 ],
			"faces": {
				"down": { "uv": [ 14, 15.125, 15, 15.25 ], "texture": "#tilapia" },
				"up": { "uv": [ 14.875, 15.375, 15.875, 15.25 ], "texture": "#tilapia" },
				"north": { "uv": [ 16, 15.125, 15, 15.25 ], "texture": "#tilapia" },
				"south": { "uv": [ 14.875, 15.375, 15.875, 15.5 ], "texture": "#tilapia" },
				"west": { "uv": [ 14.25, 14, 14.375, 14.125 ], "texture": "#tilapia" },
				"east": { "uv": [ 14.5, 14, 14.375, 14.125 ], "texture": "#tilapia" }
			}
		},
		{
			"__comment": "Voxels",
			"from": [ 22.4, 7.68, 8.96 ],
			"to": [ 26.24, 8.32, 9.6 ],
			"faces": {
				"down": { "uv": [ 6.125, 8.75, 6.875, 8.875 ], "texture": "#tilapia" },
				"up": { "uv": [ 6.125, 8.625, 6.875, 8.5 ], "texture": "#tilapia" },
				"north": { "uv": [ 6.875, 8.375, 6.125, 8.5 ], "texture": "#tilapia" },
				"south": { "uv": [ 6.125, 8.25, 6.875, 8.375 ], "texture": "#tilapia" },
				"west": { "uv": [ 15, 14, 15.125, 14.125 ], "texture": "#tilapia" },
				"east": { "uv": [ 15.25, 14, 15.125, 14.125 ], "texture": "#tilapia" }
			}
		},
		{
			"__comment": "Voxels",
			"from": [ 23.04, 7.68, -5.12 ],
			"to": [ 26.88, 8.32, -3.84 ],
			"faces": {
				"down": { "uv": [ 5.75, 9.625, 6.5, 9.875 ], "texture": "#tilapia" },
				"up": { "uv": [ 5, 9.875, 5.75, 9.625 ], "texture": "#tilapia" },
				"north": { "uv": [ 6.875, 9.375, 6.125, 9.5 ], "texture": "#tilapia" },
				"south": { "uv": [ 6.125, 9.125, 6.875, 9.25 ], "texture": "#tilapia" },
				"west": { "uv": [ 6.625, 12.375, 6.875, 12.5 ], "texture": "#tilapia" },
				"east": { "uv": [ 6.875, 12.25, 6.625, 12.375 ], "texture": "#tilapia" }
			}
		},
		{
			"__comment": "Voxels",
			"from": [ 23.68, 7.68, 9.599999 ],
			"to": [ 25.6, 8.32, 10.24 ],
			"faces": {
				"down": { "uv": [ 6.5, 11.25, 6.875, 11.375 ], "texture": "#tilapia" },
				"up": { "uv": [ 6.5, 11.25, 6.875, 11.125 ], "texture": "#tilapia" },
				"north": { "uv": [ 6.875, 11, 6.5, 11.125 ], "texture": "#tilapia" },
				"south": { "uv": [ 6.5, 10.875, 6.875, 11 ], "texture": "#tilapia" },
				"west": { "uv": [ 15.75, 13.5, 15.875, 13.625 ], "texture": "#tilapia" },
				"east": { "uv": [ 16, 13.5, 15.875, 13.625 ], "texture": "#tilapia" }
			}
		},
		{
			"__comment": "Voxels",
			"from": [ 24.32, 7.68, -5.76 ],
			"to": [ 26.24, 8.32, -5.12 ],
			"faces": {
				"down": { "uv": [ 6.5, 11.375, 6.875, 11.5 ], "texture": "#tilapia" },
				"up": { "uv": [ 6.5, 10.875, 6.875, 10.75 ], "texture": "#tilapia" },
				"north": { "uv": [ 6.625, 9.875, 6.25, 10 ], "texture": "#tilapia" },
				"south": { "uv": [ 6.5, 9.75, 6.875, 9.875 ], "texture": "#tilapia" },
				"west": { "uv": [ 14.625, 13.375, 14.75, 13.5 ], "texture": "#tilapia" },
				"east": { "uv": [ 14.875, 13.375, 14.75, 13.5 ], "texture": "#tilapia" }
			}
		},
		{
			"__comment": "Voxels",
			"from": [ 26.24, 7.68, 3.2 ],
			"to": [ 26.88, 8.32, 5.12 ],
			"faces": {
				"down": { "uv": [ 6.875, 9.75, 7, 10.125 ], "texture": "#tilapia" },
				"up": { "uv": [ 6.875, 10.5, 7, 10.125 ], "texture": "#tilapia" },
				"north": { "uv": [ 15.25, 13.375, 15.125, 13.5 ], "texture": "#tilapia" },
				"south": { "uv": [ 15.25, 13.375, 15.375, 13.5 ], "texture": "#tilapia" },
				"west": { "uv": [ 6.5, 9.625, 6.875, 9.75 ], "texture": "#tilapia" },
				"east": { "uv": [ 6.625, 9.5, 6.25, 9.625 ], "texture": "#tilapia" }
			}
		},
		{
			"__comment": "Voxels",
			"from": [ 26.88, 7.68, 3.84 ],
			"to": [ 27.52, 8.32, 5.12 ],
			"faces": {
				"down": { "uv": [ 11.375, 10.5, 11.5, 10.75 ], "texture": "#tilapia" },
				"up": { "uv": [ 11.5, 10.75, 11.625, 10.5 ], "texture": "#tilapia" },
				"north": { "uv": [ 16, 13.375, 15.875, 13.5 ], "texture": "#tilapia" },
				"south": { "uv": [ 14.125, 13.25, 14.25, 13.375 ], "texture": "#tilapia" },
				"west": { "uv": [ 14.125, 14.375, 14.375, 14.5 ], "texture": "#tilapia" },
				"east": { "uv": [ 15.875, 14.625, 15.625, 14.75 ], "texture": "#tilapia" }
			}
		}
	],
	"display": {
		"thirdperson_righthand": {
			"rotation":  [ -180, -17, 14 ],
			"translation":  [ -4.868, 2.0869, 0.6956 ],
			"scale":  [ 0.3, 1, 0.3 ]
		},
		"thirdperson_lefthand": {
			"rotation":  [ 171, 19, -2 ],
			"translation":  [ -2.781, 1.3912, 1.3912 ],
			"scale":  [ 0.5, 1, 0.5 ]
		},
		"firstperson_righthand": {
			"rotation":  [ 63, -22, 0 ],
			"translation":  [ -0.898, -2.782, -3.478 ],
			"scale":  [ 0.5, 0.5, 0.5 ]
		},
		"firstperson_lefthand": {
			"rotation":  [ 63, -14, 169 ],
			"translation":  [ 1.8846, -1.39, -3.477 ],
			"scale":  [ 0.5, 0.5, 0.5 ]
		},
		"gui": {
			"rotation":  [ 95, 0, 0 ],
			"translation":  [ -0.4, -2.782, 0 ],
			"scale":  [ 0.4, 1, 0.4 ]
		},
		"head": {
			"rotation":  [ 90, -8, 0 ],
			"translation":  [ 0, 9.7386, 3.4782 ],
			"scale":  [ 0.5, 1, 0.5 ]
		},
		"ground": {
			"rotation":  [ 61, 0, 0 ],
			"translation":  [ 0.6956, 5.5652, 0 ],
			"scale":  [ 0.5, 1, 0.5 ]
		},
		"fixed": {
			"rotation":  [ -85, 180, 0 ],
			"translation":  [ 0.6956, -2.782, -1.391 ],
			"scale":  [ 0.5, 1, 0.5 ]
		}
	}
}