{
	"__comment": "haru_711",
	"textures": {
		"particle": "itemetc/coin4",
		"texture": "item/etc/coin4",
		"voxels_atlas": "item/etc/coin4"
	},
	"elements": [ 	 
		{
			"__comment": "Voxels",
			"from": [ -6, 9, 7 ],
			"to": [ 4, 10.5, 10 ],
			"faces": {
				"down": { "uv": [ 0, 14.5, 5, 16 ], "texture": "#voxels_atlas" },
				"up": { "uv": [ 0, 14.5, 5, 13 ], "texture": "#voxels_atlas" },
				"north": { "uv": [ 5, 12.25, 0, 13 ], "texture": "#voxels_atlas" },
				"south": { "uv": [ 0, 11.5, 5, 12.25 ], "texture": "#voxels_atlas" },
				"west": { "uv": [ 9, 11.5, 10.5, 12.25 ], "texture": "#voxels_atlas" },
				"east": { "uv": [ 10.5, 10.75, 9, 11.5 ], "texture": "#voxels_atlas" }
			}
		},
		{
			"__comment": "Voxels",
			"from": [ -5.5, 9, 6 ],
			"to": [ 3.5, 10.5, 7 ],
			"faces": {
				"down": { "uv": [ 0, 8, 4.5, 8.5 ], "texture": "#voxels_atlas" },
				"up": { "uv": [ 9, 15.25, 13.5, 14.75 ], "texture": "#voxels_atlas" },
				"north": { "uv": [ 4.5, 10.75, 0, 11.5 ], "texture": "#voxels_atlas" },
				"south": { "uv": [ 0, 10, 4.5, 10.75 ], "texture": "#voxels_atlas" },
				"west": { "uv": [ 4.5, 10.75, 5, 11.5 ], "texture": "#voxels_atlas" },
				"east": { "uv": [ 5, 10, 4.5, 10.75 ], "texture": "#voxels_atlas" }
			}
		},
		{
			"__comment": "Voxels",
			"from": [ -5.5, 9, 10 ],
			"to": [ 3.5, 10.5, 11 ],
			"faces": {
				"down": { "uv": [ 9, 14.25, 13.5, 14.75 ], "texture": "#voxels_atlas" },
				"up": { "uv": [ 9, 14.25, 13.5, 13.75 ], "texture": "#voxels_atlas" },
				"north": { "uv": [ 4.5, 9.25, 0, 10 ], "texture": "#voxels_atlas" },
				"south": { "uv": [ 0, 8.5, 4.5, 9.25 ], "texture": "#voxels_atlas" },
				"west": { "uv": [ 4.5, 9.25, 5, 10 ], "texture": "#voxels_atlas" },
				"east": { "uv": [ 5, 8.5, 4.5, 9.25 ], "texture": "#voxels_atlas" }
			}
		},
		{
			"__comment": "Voxels",
			"from": [ -5, 9, 5.5 ],
			"to": [ 3, 10.5, 6 ],
			"faces": {
				"down": { "uv": [ 11, 12.75, 15, 13 ], "texture": "#voxels_atlas" },
				"up": { "uv": [ 11, 12.75, 15, 12.5 ], "texture": "#voxels_atlas" },
				"north": { "uv": [ 9, 14.5, 5, 15.25 ], "texture": "#voxels_atlas" },
				"south": { "uv": [ 5, 13.75, 9, 14.5 ], "texture": "#voxels_atlas" },
				"west": { "uv": [ 8.5, 13, 8.75, 13.75 ], "texture": "#voxels_atlas" },
				"east": { "uv": [ 9, 13, 8.75, 13.75 ], "texture": "#voxels_atlas" }
			}
		},
		{
			"__comment": "Voxels",
			"from": [ -5, 9, 11 ],
			"to": [ 3, 10.5, 11.5 ],
			"faces": {
				"down": { "uv": [ 11, 12.25, 15, 12.5 ], "texture": "#voxels_atlas" },
				"up": { "uv": [ 11, 12.25, 15, 12 ], "texture": "#voxels_atlas" },
				"north": { "uv": [ 9, 15.25, 5, 16 ], "texture": "#voxels_atlas" },
				"south": { "uv": [ 9, 15.25, 13, 16 ], "texture": "#voxels_atlas" },
				"west": { "uv": [ 8.75, 9.25, 9, 10 ], "texture": "#voxels_atlas" },
				"east": { "uv": [ 8.75, 9.25, 8.5, 10 ], "texture": "#voxels_atlas" }
			}
		},
		{
			"__comment": "Voxels",
			"from": [ -4.5, 9, 5 ],
			"to": [ 2.5, 10.5, 5.5 ],
			"faces": {
				"down": { "uv": [ 11, 11.25, 14.5, 11.5 ], "texture": "#voxels_atlas" },
				"up": { "uv": [ 11, 11.25, 14.5, 11 ], "texture": "#voxels_atlas" },
				"north": { "uv": [ 8.5, 11.5, 5, 12.25 ], "texture": "#voxels_atlas" },
				"south": { "uv": [ 5, 10.75, 8.5, 11.5 ], "texture": "#voxels_atlas" },
				"west": { "uv": [ 8.75, 12.25, 9, 13 ], "texture": "#voxels_atlas" },
				"east": { "uv": [ 8.75, 12.25, 8.5, 13 ], "texture": "#voxels_atlas" }
			}
		},
		{
			"__comment": "Voxels",
			"from": [ -4.5, 9, 11.5 ],
			"to": [ 2.5, 10.5, 12 ],
			"faces": {
				"down": { "uv": [ 11, 11.5, 14.5, 11.75 ], "texture": "#voxels_atlas" },
				"up": { "uv": [ 11, 12, 14.5, 11.75 ], "texture": "#voxels_atlas" },
				"north": { "uv": [ 8.5, 12.25, 5, 13 ], "texture": "#voxels_atlas" },
				"south": { "uv": [ 5, 13, 8.5, 13.75 ], "texture": "#voxels_atlas" },
				"west": { "uv": [ 8.75, 10, 9, 10.75 ], "texture": "#voxels_atlas" },
				"east": { "uv": [ 9, 10.75, 8.75, 11.5 ], "texture": "#voxels_atlas" }
			}
		},
		{
			"__comment": "Voxels",
			"from": [ -4, 9, 4.5 ],
			"to": [ 2, 10.5, 5 ],
			"faces": {
				"down": { "uv": [ 11, 10.75, 14, 11 ], "texture": "#voxels_atlas" },
				"up": { "uv": [ 11, 10.75, 14, 10.5 ], "texture": "#voxels_atlas" },
				"north": { "uv": [ 8, 10, 5, 10.75 ], "texture": "#voxels_atlas" },
				"south": { "uv": [ 13, 15.25, 16, 16 ], "texture": "#voxels_atlas" },
				"west": { "uv": [ 8.5, 10.75, 8.75, 11.5 ], "texture": "#voxels_atlas" },
				"east": { "uv": [ 9, 11.5, 8.75, 12.25 ], "texture": "#voxels_atlas" }
			}
		},
		{
			"__comment": "Voxels",
			"from": [ -4, 9, 12 ],
			"to": [ 2, 10.5, 12.5 ],
			"faces": {
				"down": { "uv": [ 5, 8.25, 8, 8.5 ], "texture": "#voxels_atlas" },
				"up": { "uv": [ 5, 8.25, 8, 8 ], "texture": "#voxels_atlas" },
				"north": { "uv": [ 8, 9.25, 5, 10 ], "texture": "#voxels_atlas" },
				"south": { "uv": [ 5, 8.5, 8, 9.25 ], "texture": "#voxels_atlas" },
				"west": { "uv": [ 8.5, 11.5, 8.75, 12.25 ], "texture": "#voxels_atlas" },
				"east": { "uv": [ 8.75, 10, 8.5, 10.75 ], "texture": "#voxels_atlas" }
			}
		},
		{
			"__comment": "Voxels",
			"from": [ -3.5, 9, 4 ],
			"to": [ 1.5, 10.5, 4.5 ],
			"faces": {
				"down": { "uv": [ 13.5, 15, 16, 15.25 ], "texture": "#voxels_atlas" },
				"up": { "uv": [ 13.5, 15, 16, 14.75 ], "texture": "#voxels_atlas" },
				"north": { "uv": [ 14, 13, 11.5, 13.75 ], "texture": "#voxels_atlas" },
				"south": { "uv": [ 9, 13, 11.5, 13.75 ], "texture": "#voxels_atlas" },
				"west": { "uv": [ 8, 10, 8.25, 10.75 ], "texture": "#voxels_atlas" },
				"east": { "uv": [ 8.5, 10, 8.25, 10.75 ], "texture": "#voxels_atlas" }
			}
		},
		{
			"__comment": "Voxels",
			"from": [ -3, 9, 12.5 ],
			"to": [ 1, 10.5, 13 ],
			"faces": {
				"down": { "uv": [ 13.5, 14.5, 15.5, 14.75 ], "texture": "#voxels_atlas" },
				"up": { "uv": [ 13.5, 14.5, 15.5, 14.25 ], "texture": "#voxels_atlas" },
				"north": { "uv": [ 11, 12.25, 9, 13 ], "texture": "#voxels_atlas" },
				"south": { "uv": [ 14, 13, 16, 13.75 ], "texture": "#voxels_atlas" },
				"west": { "uv": [ 8, 9.25, 8.25, 10 ], "texture": "#voxels_atlas" },
				"east": { "uv": [ 8.5, 9.25, 8.25, 10 ], "texture": "#voxels_atlas" }
			}
		},
		{
			"__comment": "Voxels",
			"from": [ -2.5, 9, 3.5 ],
			"to": [ 0.5, 10.5, 4 ],
			"faces": {
				"down": { "uv": [ 13.5, 14, 15, 14.25 ], "texture": "#voxels_atlas" },
				"up": { "uv": [ 13.5, 14, 15, 13.75 ], "texture": "#voxels_atlas" },
				"north": { "uv": [ 10.5, 9.25, 9, 10 ], "texture": "#voxels_atlas" },
				"south": { "uv": [ 9, 10, 10.5, 10.75 ], "texture": "#voxels_atlas" },
				"west": { "uv": [ 8, 8.5, 8.25, 9.25 ], "texture": "#voxels_atlas" },
				"east": { "uv": [ 8.5, 8.5, 8.25, 9.25 ], "texture": "#voxels_atlas" }
			}
		}
	],
	"display": {
		"thirdperson_righthand": {
			"rotation":  [ 100, 0, 0 ],
			"translation":  [ 2.7, 1.7, 1 ],
			"scale":  [ 0.4, 0.4, 0.4 ]
		},
		"thirdperson_lefthand": {
			"rotation":  [ 100, 0, 0 ],
			"translation":  [ -4, 1.6, 1 ],
			"scale":  [ 0.4, 0.4, 0.4 ]
		},
		"firstperson_righthand": {
			"rotation":  [ 90, 13, 10 ],
			"translation":  [ 10.434, 3.0434, -3.39 ],
			"scale":  [ 0.7, 0.7, 0.7 ]
		},
		"firstperson_lefthand": {
			"rotation":  [ 90, 13, 10 ],
			"translation":  [ -0.347, -1.391, -7.565 ],
			"scale":  [ 0.7, 0.7, 0.7 ]
		},
		"gui": {
			"rotation":  [ 90, 0, 0 ],
			"translation":  [ 9.3, -0.065, -0.695 ]
		},
		"head": {
			"rotation":  [ 90, 0, 0 ],
			"translation":  [ 3.4782, 6.0869, -8 ],
			"scale":  [ 0.4, 0.4, 0.4 ]
		},
		"ground": {
			"rotation":  [ 113, 0, 9 ],
			"translation":  [ 5.4, 2.0869, 0 ],
			"scale":  [ 0.6, 0.6, 0.6 ]
		},
		"fixed": {
			"rotation":  [ 90, 0, 180 ],
			"translation":  [ -9.018, 0, 1.0869 ]
		}
	}
}