{
	"credit": "Made with Blockbench",
	"textures": {
		"0": "item/etc/torbjorn",
		"particle": "item/etc/torbjorn"
	},
	"elements": [
		{
			"from": [7.25, 0, 7.25],
			"to": [8.75, 0.5, 8.75],
			"rotation": {"angle": 0, "axis": "y", "origin": [15.5, 8, 15.5]},
			"faces": {
				"north": {"uv": [0, 7, 2, 8], "texture": "#0"},
				"east": {"uv": [0, 6, 2, 7], "texture": "#0"},
				"south": {"uv": [0, 6, 2, 7], "texture": "#0"},
				"west": {"uv": [0, 7, 2, 8], "texture": "#0"},
				"up": {"uv": [0, 0, 1.5, 1.5], "texture": "#0"},
				"down": {"uv": [0.5, 6.5, 1.5, 7.5], "texture": "#0"}
			}
		},
		{
			"from": [7.25, 5.5, 7.25],
			"to": [8.75, 10.5, 8.75],
			"rotation": {"angle": 0, "axis": "y", "origin": [15.5, 13.5, 15.5]},
			"faces": {
				"north": {"uv": [0.5, 5, 1.5, 10], "texture": "#0"},
				"east": {"uv": [0, 5, 2, 10], "texture": "#0"},
				"south": {"uv": [0.5, 5, 1.5, 10], "texture": "#0"},
				"west": {"uv": [0, 5, 2, 10], "texture": "#0"},
				"up": {"uv": [0, 0, 1.5, 1.5], "texture": "#0"},
				"down": {"uv": [0, 0, 1.5, 1.5], "texture": "#0"}
			}
		},
		{
			"from": [7, 0.5, 7],
			"to": [9, 5.5, 9],
			"rotation": {"angle": 0, "axis": "y", "origin": [15.5, 9.5, 15.5]},
			"faces": {
				"north": {"uv": [6, 0, 8, 5], "texture": "#0"},
				"east": {"uv": [4, 0, 6, 5], "texture": "#0"},
				"south": {"uv": [2, 0, 4, 5], "texture": "#0"},
				"west": {"uv": [0, 0, 2, 5], "texture": "#0"},
				"up": {"uv": [8, 0, 10, 2], "texture": "#0"},
				"down": {"uv": [8, 2, 10, 4], "texture": "#0"}
			}
		},
		{
			"from": [7, 6.5, 7],
			"to": [9, 7, 9],
			"rotation": {"angle": 0, "axis": "y", "origin": [15.5, 11, 15.5]},
			"faces": {
				"north": {"uv": [2, 5, 4, 5.5], "texture": "#0"},
				"east": {"uv": [2, 7, 4, 7.5], "texture": "#0"},
				"south": {"uv": [2, 8, 4, 8.5], "texture": "#0"},
				"west": {"uv": [2, 6, 4, 6.5], "texture": "#0"},
				"up": {"uv": [4, 5, 6, 7], "texture": "#0"},
				"down": {"uv": [4, 7, 6, 9], "texture": "#0"}
			}
		},
		{
			"from": [7, 9.5, 7],
			"to": [9, 10, 9],
			"rotation": {"angle": 0, "axis": "y", "origin": [15.5, 14, 15.5]},
			"faces": {
				"north": {"uv": [2, 5, 4, 5.5], "texture": "#0"},
				"east": {"uv": [2, 7, 4, 7.5], "texture": "#0"},
				"south": {"uv": [2, 8, 4, 8.5], "texture": "#0"},
				"west": {"uv": [2, 6, 4, 6.5], "texture": "#0"},
				"up": {"uv": [4, 5, 6, 7], "texture": "#0"},
				"down": {"uv": [4, 7, 6, 9], "texture": "#0"}
			}
		},
		{
			"from": [7, 14.5, 7],
			"to": [9, 15, 9],
			"rotation": {"angle": 0, "axis": "y", "origin": [15.5, 19, 15.5]},
			"faces": {
				"north": {"uv": [14, 4, 16, 4.5], "texture": "#0"},
				"east": {"uv": [14, 7, 16, 7.5], "texture": "#0"},
				"south": {"uv": [14, 6, 16, 6.5], "texture": "#0"},
				"west": {"uv": [14, 5, 16, 5.5], "texture": "#0"},
				"up": {"uv": [14, 2, 16, 4], "texture": "#0"},
				"down": {"uv": [14, 0, 16, 2], "texture": "#0"}
			}
		},
		{
			"from": [7.25, 13.5, 7.25],
			"to": [8.75, 14.5, 8.75],
			"rotation": {"angle": 0, "axis": "y", "origin": [15.5, 18, 15.5]},
			"faces": {
				"north": {"uv": [0.5, 7, 1.5, 8], "texture": "#0"},
				"east": {"uv": [0.5, 7, 1.5, 8], "texture": "#0"},
				"south": {"uv": [0.5, 7, 1.5, 8], "texture": "#0"},
				"west": {"uv": [0.5, 7, 1.5, 8], "texture": "#0"},
				"up": {"uv": [0, 0, 1.5, 1.5], "texture": "#0"},
				"down": {"uv": [0, 0, 1.5, 1.5], "texture": "#0"}
			}
		},
		{
			"from": [6.5, 10.5, 6.5],
			"to": [9.5, 13.5, 9.5],
			"rotation": {"angle": 0, "axis": "y", "origin": [14.5, 18.5, 15.5]},
			"faces": {
				"north": {"uv": [13, 13, 16, 16], "texture": "#0"},
				"east": {"uv": [10, 13, 13, 16], "texture": "#0"},
				"south": {"uv": [0, 0, 3, 3], "texture": "#0"},
				"west": {"uv": [10, 13, 13, 16], "texture": "#0"},
				"up": {"uv": [13, 10, 16, 13], "texture": "#0"},
				"down": {"uv": [10, 10, 13, 13], "texture": "#0"}
			}
		},
		{
			"from": [6.5, 10.5, 9.5],
			"to": [9.5, 13.5, 10],
			"rotation": {"angle": 0, "axis": "y", "origin": [14.5, 18.5, 16]},
			"faces": {
				"north": {"uv": [0, 0, 3, 3], "texture": "#0"},
				"east": {"uv": [10, 0, 10.5, 3], "texture": "#0"},
				"south": {"uv": [11, 1, 14, 4], "texture": "#0"},
				"west": {"uv": [10, 0, 10.5, 3], "texture": "#0"},
				"up": {"uv": [11, 0, 14, 0.5], "texture": "#0"},
				"down": {"uv": [11, 0, 14, 0.5], "texture": "#0"}
			}
		},
		{
			"from": [7.5, 11.5, 10.5],
			"to": [8.5, 12.5, 10.75],
			"rotation": {"angle": 0, "axis": "y", "origin": [14.5, 18.5, 17]},
			"faces": {
				"north": {"uv": [0, 0, 3, 3], "texture": "#0"},
				"east": {"uv": [9, 4, 9.5, 5], "texture": "#0"},
				"south": {"uv": [8, 4, 9, 5], "texture": "#0"},
				"west": {"uv": [9, 4, 10, 5], "texture": "#0"},
				"up": {"uv": [9, 4, 10, 4.5], "texture": "#0"},
				"down": {"uv": [9, 4, 10, 4.5], "texture": "#0"}
			}
		},
		{
			"from": [6.5, 10.5, 5],
			"to": [9.5, 13.5, 6],
			"rotation": {"angle": 0, "axis": "y", "origin": [14.5, 18.5, 12]},
			"faces": {
				"north": {"uv": [0, 0, 3, 3], "texture": "#0"},
				"east": {"uv": [4, 9, 4.5, 12], "texture": "#0"},
				"south": {"uv": [3, 13, 6, 16], "texture": "#0"},
				"west": {"uv": [4, 9, 4.5, 12], "texture": "#0"},
				"up": {"uv": [3, 12, 6, 12.5], "texture": "#0"},
				"down": {"uv": [4, 11, 5, 11.5], "texture": "#0"}
			}
		},
		{
			"from": [6, 10, 3],
			"to": [10, 14, 5],
			"rotation": {"angle": 0, "axis": "y", "origin": [14, 18, 10.5]},
			"faces": {
				"north": {"uv": [6, 12, 10, 16], "texture": "#0"},
				"east": {"uv": [4, 12, 6, 16], "texture": "#0"},
				"south": {"uv": [0, 12, 4, 16], "texture": "#0"},
				"west": {"uv": [3, 12, 5, 16], "texture": "#0"},
				"up": {"uv": [5, 9, 9, 11], "texture": "#0"},
				"down": {"uv": [0, 10, 4, 12], "rotation": 180, "texture": "#0"}
			}
		},
		{
			"from": [6, 10, 2.5],
			"to": [10, 14, 3],
			"rotation": {"angle": 0, "axis": "y", "origin": [13.25, 18.25, 8.5]},
			"faces": {
				"north": {"uv": [6, 11, 10, 15], "texture": "#0"},
				"east": {"uv": [6, 11, 6.5, 15], "texture": "#0"},
				"south": {"uv": [5, 11, 10, 16], "texture": "#0"},
				"west": {"uv": [9, 11, 9.5, 15], "texture": "#0"},
				"up": {"uv": [6, 11, 10, 11.5], "texture": "#0"},
				"down": {"uv": [6, 14, 10, 15], "texture": "#0"}
			}
		},
		{
			"from": [7, 11, 10],
			"to": [9, 13, 10.5],
			"rotation": {"angle": 0, "axis": "y", "origin": [14, 19, 16.5]},
			"faces": {
				"north": {"uv": [0, 0, 2, 2], "texture": "#0"},
				"east": {"uv": [15, 0, 15.5, 2], "texture": "#0"},
				"south": {"uv": [14, 0, 16, 2], "texture": "#0"},
				"west": {"uv": [14, 0, 14.5, 2], "texture": "#0"},
				"up": {"uv": [14, 0, 16, 0.5], "texture": "#0"},
				"down": {"uv": [14, 1, 16, 1.5], "texture": "#0"}
			}
		},
		{
			"from": [7, 11, 6],
			"to": [9, 13, 6.5],
			"rotation": {"angle": 0, "axis": "y", "origin": [14, 19, 12.5]},
			"faces": {
				"north": {"uv": [0, 0, 2, 2], "texture": "#0"},
				"east": {"uv": [6, 5, 6.5, 7], "texture": "#0"},
				"south": {"uv": [0, 0, 2, 2], "texture": "#0"},
				"west": {"uv": [7, 5, 7.5, 7], "texture": "#0"},
				"up": {"uv": [6, 5, 8, 5.5], "texture": "#0"},
				"down": {"uv": [6, 6, 8, 6.5], "texture": "#0"}
			}
		},
		{
			"from": [6, 11.75, 7],
			"to": [6.5, 13.75, 9],
			"rotation": {"angle": 0, "axis": "y", "origin": [13.5, 18.75, 15]},
			"faces": {
				"north": {"uv": [13, 6, 13.5, 8], "texture": "#0"},
				"east": {"uv": [12, 7, 14, 8], "texture": "#0"},
				"south": {"uv": [13, 6, 13.5, 8], "texture": "#0"},
				"west": {"uv": [14, 8, 16, 10], "texture": "#0"},
				"up": {"uv": [10, 8, 10.5, 10], "texture": "#0"},
				"down": {"uv": [12, 6, 12.5, 8], "texture": "#0"}
			}
		},
		{
			"from": [9.5, 11.75, 7],
			"to": [10, 13.75, 9],
			"rotation": {"angle": 0, "axis": "y", "origin": [2.5, 18.75, 15]},
			"faces": {
				"north": {"uv": [13, 6, 13.5, 8], "texture": "#0"},
				"east": {"uv": [12, 8, 14, 10], "texture": "#0"},
				"south": {"uv": [13, 6, 13.5, 8], "texture": "#0"},
				"west": {"uv": [12, 7, 14, 8], "texture": "#0"},
				"up": {"uv": [11, 8, 11.5, 10], "texture": "#0"},
				"down": {"uv": [12, 6, 12.5, 8], "texture": "#0"}
			}
		},
		{
			"from": [9, 13.75, 7],
			"to": [9.5, 14.25, 9],
			"rotation": {"angle": 0, "axis": "y", "origin": [2.5, 20.75, 15]},
			"faces": {
				"north": {"uv": [13, 5, 14, 5.5], "texture": "#0"},
				"east": {"uv": [10, 6, 12, 6.5], "texture": "#0"},
				"south": {"uv": [1, 0, 2, 0.5], "texture": "#0"},
				"west": {"uv": [12, 7, 14, 7.5], "texture": "#0"},
				"up": {"uv": [10, 4, 11, 6], "texture": "#0"},
				"down": {"uv": [12, 6, 13, 8], "texture": "#0"}
			}
		},
		{
			"from": [6.5, 13.75, 9],
			"to": [9.5, 14.25, 10],
			"rotation": {"angle": 0, "axis": "y", "origin": [3, 20.75, 16]},
			"faces": {
				"north": {"uv": [12, 7, 14, 8], "texture": "#0"},
				"east": {"uv": [9, 5, 10, 5.5], "texture": "#0"},
				"south": {"uv": [9, 5, 10, 6], "texture": "#0"},
				"west": {"uv": [9, 5, 10, 5.5], "texture": "#0"},
				"up": {"uv": [7, 8, 10, 9], "texture": "#0"},
				"down": {"uv": [12, 7, 14, 8], "texture": "#0"}
			}
		},
		{
			"from": [7, 13.75, 10],
			"to": [9, 14.25, 11],
			"rotation": {"angle": 0, "axis": "y", "origin": [2.5, 20.75, 17]},
			"faces": {
				"north": {"uv": [12, 7, 14, 8], "texture": "#0"},
				"east": {"uv": [9, 6, 10, 6.5], "texture": "#0"},
				"south": {"uv": [8, 7, 10, 8], "texture": "#0"},
				"west": {"uv": [9, 6, 10, 6.5], "texture": "#0"},
				"up": {"uv": [8, 7, 10, 8], "texture": "#0"},
				"down": {"uv": [12, 7, 14, 8], "texture": "#0"}
			}
		},
		{
			"from": [6.5, 13.75, 7],
			"to": [7, 14.25, 9],
			"rotation": {"angle": 0, "axis": "y", "origin": [13.5, 20.75, 15]},
			"faces": {
				"north": {"uv": [13, 5, 14, 5.5], "texture": "#0"},
				"east": {"uv": [12, 7, 14, 7.5], "texture": "#0"},
				"south": {"uv": [2, 0, 3, 0.5], "texture": "#0"},
				"west": {"uv": [10, 7, 12, 7.5], "texture": "#0"},
				"up": {"uv": [11, 4, 12, 6], "texture": "#0"},
				"down": {"uv": [12, 6, 13, 8], "texture": "#0"}
			}
		}
	],
	"display": {
		"thirdperson_righthand": {
			"translation": [0, 3, 0]
		},
		"thirdperson_lefthand": {
			"translation": [0, 3, 0]
		},
		"firstperson_righthand": {
			"rotation": [-1, 0, -22],
			"translation": [2.75, 2.25, 0]
		},
		"firstperson_lefthand": {
			"rotation": [-1, 0, -22],
			"translation": [2.75, 2.25, 0]
		},
		"ground": {
			"rotation": [-45, 0, 0],
			"translation": [0, 3.25, 0]
		},
		"gui": {
			"rotation": [-43, 35, 42],
			"translation": [1, 0, 0]
		},
		"fixed": {
			"rotation": [0, -90, 0],
			"translation": [0, 0, -2]
		}
	}
}