{
	"__comment": "by_moon",
	"textures": {
		"particle": "item/etc/book",
		"texture": "item/etc/book",
		"voxels_atlas": "item/etc/book"
	},
	"gui_light": "front",
	"elements": [ 	 
		{
			"__comment": "Voxels",
			"from": [ 1, 0, 5 ],
			"to": [ 17, 1, 8 ],
			"faces": {
				"down": { "uv": [ 0, 14.5, 8, 16 ], "texture": "#voxels_atlas" },
				"up": { "uv": [ 8, 16, 16, 14.5 ], "texture": "#voxels_atlas" },
				"north": { "uv": [ 8, 14, 0, 14.5 ], "texture": "#voxels_atlas" },
				"south": { "uv": [ 8, 14, 16, 14.5 ], "texture": "#voxels_atlas" },
				"west": { "uv": [ 14, 12.5, 15.5, 13 ], "texture": "#voxels_atlas" },
				"east": { "uv": [ 15.5, 12, 14, 12.5 ], "texture": "#voxels_atlas" }
			}
		},
		{
			"__comment": "Voxels",
			"from": [ 1, 0, 8 ],
			"to": [ 16, 1, 9 ],
			"faces": {
				"down": { "uv": [ 0, 13.5, 7.5, 14 ], "texture": "#voxels_atlas" },
				"up": { "uv": [ 7.5, 14, 15, 13.5 ], "texture": "#voxels_atlas" },
				"north": { "uv": [ 7.5, 13, 0, 13.5 ], "texture": "#voxels_atlas" },
				"south": { "uv": [ 7.5, 13, 15, 13.5 ], "texture": "#voxels_atlas" },
				"west": { "uv": [ 15.5, 13, 16, 13.5 ], "texture": "#voxels_atlas" },
				"east": { "uv": [ 16, 12.5, 15.5, 13 ], "texture": "#voxels_atlas" }
			}
		},
		{
			"__comment": "Voxels",
			"from": [ 2, 0, 4 ],
			"to": [ 16, 1, 5 ],
			"faces": {
				"down": { "uv": [ 0, 12.5, 7, 13 ], "texture": "#voxels_atlas" },
				"up": { "uv": [ 7, 13, 14, 12.5 ], "texture": "#voxels_atlas" },
				"north": { "uv": [ 7, 12, 0, 12.5 ], "texture": "#voxels_atlas" },
				"south": { "uv": [ 7, 12, 14, 12.5 ], "texture": "#voxels_atlas" },
				"west": { "uv": [ 15.5, 12, 16, 12.5 ], "texture": "#voxels_atlas" },
				"east": { "uv": [ 16, 11.5, 15.5, 12 ], "texture": "#voxels_atlas" }
			}
		},
		{
			"__comment": "Voxels",
			"from": [ 2, 0, 9 ],
			"to": [ 16, 1, 10 ],
			"faces": {
				"down": { "uv": [ 0, 11.5, 7, 12 ], "texture": "#voxels_atlas" },
				"up": { "uv": [ 7, 12, 14, 11.5 ], "texture": "#voxels_atlas" },
				"north": { "uv": [ 7, 11, 0, 11.5 ], "texture": "#voxels_atlas" },
				"south": { "uv": [ 7, 11, 14, 11.5 ], "texture": "#voxels_atlas" },
				"west": { "uv": [ 15.5, 11, 16, 11.5 ], "texture": "#voxels_atlas" },
				"east": { "uv": [ 15.5, 10, 15, 10.5 ], "texture": "#voxels_atlas" }
			}
		},
		{
			"__comment": "Voxels",
			"from": [ 3, 0, 3 ],
			"to": [ 15, 1, 4 ],
			"faces": {
				"down": { "uv": [ 0, 10.5, 6, 11 ], "texture": "#voxels_atlas" },
				"up": { "uv": [ 6, 11, 12, 10.5 ], "texture": "#voxels_atlas" },
				"north": { "uv": [ 6, 10, 0, 10.5 ], "texture": "#voxels_atlas" },
				"south": { "uv": [ 6, 10, 12, 10.5 ], "texture": "#voxels_atlas" },
				"west": { "uv": [ 15.5, 10, 16, 10.5 ], "texture": "#voxels_atlas" },
				"east": { "uv": [ 5.5, 4.5, 5, 5 ], "texture": "#voxels_atlas" }
			}
		},
		{
			"__comment": "Voxels",
			"from": [ 3, 0, 10 ],
			"to": [ 15, 1, 11 ],
			"faces": {
				"down": { "uv": [ 0, 8.5, 6, 9 ], "texture": "#voxels_atlas" },
				"up": { "uv": [ 0, 8.5, 6, 8 ], "texture": "#voxels_atlas" },
				"north": { "uv": [ 6, 9.5, 0, 10 ], "texture": "#voxels_atlas" },
				"south": { "uv": [ 0, 9, 6, 9.5 ], "texture": "#voxels_atlas" },
				"west": { "uv": [ 5, 4, 5.5, 4.5 ], "texture": "#voxels_atlas" },
				"east": { "uv": [ 6, 4, 5.5, 4.5 ], "texture": "#voxels_atlas" }
			}
		},
		{
			"__comment": "Voxels",
			"from": [ 4, 0, 11 ],
			"to": [ 13, 1, 12 ],
			"faces": {
				"down": { "uv": [ 0, 5.5, 4.5, 6 ], "texture": "#voxels_atlas" },
				"up": { "uv": [ 0, 5.5, 4.5, 5 ], "texture": "#voxels_atlas" },
				"north": { "uv": [ 4.5, 4.5, 0, 5 ], "texture": "#voxels_atlas" },
				"south": { "uv": [ 0, 4, 4.5, 4.5 ], "texture": "#voxels_atlas" },
				"west": { "uv": [ 0, 1.5, 0.5, 2 ], "texture": "#voxels_atlas" },
				"east": { "uv": [ 0.5, 1, 0, 1.5 ], "texture": "#voxels_atlas" }
			}
		},
		{
			"__comment": "Voxels",
			"from": [ 5, 0, 2 ],
			"to": [ 14, 1, 3 ],
			"faces": {
				"down": { "uv": [ 0, 7.5, 4.5, 8 ], "texture": "#voxels_atlas" },
				"up": { "uv": [ 0, 7.5, 4.5, 7 ], "texture": "#voxels_atlas" },
				"north": { "uv": [ 4.5, 6.5, 0, 7 ], "texture": "#voxels_atlas" },
				"south": { "uv": [ 0, 6, 4.5, 6.5 ], "texture": "#voxels_atlas" },
				"west": { "uv": [ 15, 13.5, 15.5, 14 ], "texture": "#voxels_atlas" },
				"east": { "uv": [ 16, 13.5, 15.5, 14 ], "texture": "#voxels_atlas" }
			}
		},
		{
			"__comment": "Voxels",
			"from": [ 5, 0, 12 ],
			"to": [ 11, 1, 13 ],
			"faces": {
				"down": { "uv": [ 0, 3.5, 3, 4 ], "texture": "#voxels_atlas" },
				"up": { "uv": [ 3, 4, 6, 3.5 ], "texture": "#voxels_atlas" },
				"north": { "uv": [ 15, 10.5, 12, 11 ], "texture": "#voxels_atlas" },
				"south": { "uv": [ 12, 10, 15, 10.5 ], "texture": "#voxels_atlas" },
				"west": { "uv": [ 15, 13, 15.5, 13.5 ], "texture": "#voxels_atlas" },
				"east": { "uv": [ 5, 4.5, 4.5, 5 ], "texture": "#voxels_atlas" }
			}
		},
		{
			"__comment": "Voxels",
			"from": [ 6, 0, 13 ],
			"to": [ 9, 1, 14 ],
			"faces": {
				"down": { "uv": [ 14, 11.5, 15.5, 12 ], "texture": "#voxels_atlas" },
				"up": { "uv": [ 14, 11.5, 15.5, 11 ], "texture": "#voxels_atlas" },
				"north": { "uv": [ 6, 7.5, 4.5, 8 ], "texture": "#voxels_atlas" },
				"south": { "uv": [ 4.5, 7, 6, 7.5 ], "texture": "#voxels_atlas" },
				"west": { "uv": [ 15, 10.5, 15.5, 11 ], "texture": "#voxels_atlas" },
				"east": { "uv": [ 16, 10.5, 15.5, 11 ], "texture": "#voxels_atlas" }
			}
		},
		{
			"__comment": "Voxels",
			"from": [ 7, 0, 1 ],
			"to": [ 13, 1, 2 ],
			"faces": {
				"down": { "uv": [ 3, 3, 6, 3.5 ], "texture": "#voxels_atlas" },
				"up": { "uv": [ 0, 3, 3, 2.5 ], "texture": "#voxels_atlas" },
				"north": { "uv": [ 3, 3, 0, 3.5 ], "texture": "#voxels_atlas" },
				"south": { "uv": [ 0, 2, 3, 2.5 ], "texture": "#voxels_atlas" },
				"west": { "uv": [ 5.5, 4.5, 6, 5 ], "texture": "#voxels_atlas" },
				"east": { "uv": [ 5, 4, 4.5, 4.5 ], "texture": "#voxels_atlas" }
			}
		},
		{
			"__comment": "Voxels",
			"from": [ 9, 0, 0 ],
			"to": [ 12, 1, 1 ],
			"faces": {
				"down": { "uv": [ 4.5, 6.5, 6, 7 ], "texture": "#voxels_atlas" },
				"up": { "uv": [ 4.5, 6.5, 6, 6 ], "texture": "#voxels_atlas" },
				"north": { "uv": [ 6, 5.5, 4.5, 6 ], "texture": "#voxels_atlas" },
				"south": { "uv": [ 4.5, 5, 6, 5.5 ], "texture": "#voxels_atlas" },
				"west": { "uv": [ 0, 0.5, 0.5, 1 ], "texture": "#voxels_atlas" },
				"east": { "uv": [ 0.5, 0, 0, 0.5 ], "texture": "#voxels_atlas" }
			}
		}
	],
	"display": {
		"thirdperson_righthand": {
			"rotation":  [ 113, 0, 0 ],
			"translation":  [ 0, 0.0026, 6.2602 ],
			"scale":  [ 0.231, 0.6129, 0.3347 ]
		},
		"thirdperson_lefthand": {
			"rotation":  [ 113, 0, 0 ],
			"translation":  [ 0, 0.0026, 6.2602 ],
			"scale":  [ 0.231, 0.6129, 0.3347 ]
		},
		"firstperson_righthand": {
			"rotation":  [ 92, 13, 0 ],
			"translation":  [ -2.086, 3.4775, 4.8695 ],
			"scale":  [ 0.3, 0.3, 0.3 ]
		},
		"firstperson_lefthand": {
			"rotation":  [ 92, 13, 0 ],
			"translation":  [ -2.086, 3.4775, 4.8695 ],
			"scale":  [ 0.3, 0.3, 0.3 ]
		},
		"gui": {
			"rotation":  [ 90, 0, 0 ],
			"translation":  [ -0.695, -0.694, 4.8695 ],
			"scale":  [ 0.8, 0.8, 0.8 ]
		},
		"head": {
			"rotation":  [ -90, -180, 0 ],
			"translation":  [ 0, 10.434, -4.173 ],
			"scale":  [ 0.5, 0.7782, 0.5 ]
		},
		"ground": {
			"rotation":  [ 69, 0, 0 ],
			"translation":  [ 0.0009, 2.7826, 4.1739 ],
			"scale":  [ 0.5, 0.813, 0.5 ]
		},
		"fixed": {
			"rotation":  [ -90, 180, 0 ],
			"translation":  [ 0.0006, -1.389, -7.648 ],
			"scale":  [ 0.7, 1.013, 0.7 ]
		}
	}
}