{
	"credit": "Made with Blockbench",
	"texture_size": [32, 32],
	"textures": {
		"1": "item/etc/beetroot",
		"particle": "item/etc/beetroot"
	},
	"elements": [
		{
			"name": "corn",
			"from": [6.5, 21, 6.5],
			"to": [9.5, 27, 9.5],
			"rotation": {"angle": 0, "axis": "y", "origin": [0, 21, 0]},
			"faces": {
				"north": {"uv": [0, 0, 1.5, 3], "texture": "#1"},
				"east": {"uv": [1.5, 0, 3, 3], "texture": "#1"},
				"south": {"uv": [0, 3, 1.5, 6], "texture": "#1"},
				"west": {"uv": [3, 0, 4.5, 3], "texture": "#1"},
				"up": {"uv": [7.5, 4.5, 6, 3], "texture": "#1"},
				"down": {"uv": [6, 6, 4.5, 7.5], "texture": "#1"}
			}
		},
		{
			"from": [6.5, 19, 9.5],
			"to": [9.5, 25, 9.5],
			"rotation": {"angle": 22.5, "axis": "x", "origin": [6.5, 21, 9.5]},
			"faces": {
				"north": {"uv": [1.5, 3, 3, 6], "texture": "#1"},
				"east": {"uv": [0, 0, 0, 3], "texture": "#1"},
				"south": {"uv": [3, 3, 4.5, 6], "texture": "#1"},
				"west": {"uv": [0, 0, 0, 3], "texture": "#1"},
				"up": {"uv": [1.5, 0, 0, 0], "texture": "#1"},
				"down": {"uv": [1.5, 0, 0, 0], "texture": "#1"}
			}
		},
		{
			"from": [6.5, 19, 6.499],
			"to": [9.5, 25, 6.499],
			"rotation": {"angle": -22.5, "axis": "x", "origin": [6.5, 21, 6.5]},
			"faces": {
				"north": {"uv": [4.5, 0, 6, 3], "texture": "#1"},
				"east": {"uv": [0, 0, 0, 3], "texture": "#1"},
				"south": {"uv": [4.5, 3, 6, 6], "texture": "#1"},
				"west": {"uv": [0, 0, 0, 3], "texture": "#1"},
				"up": {"uv": [1.5, 0, 0, 0], "texture": "#1"},
				"down": {"uv": [1.5, 0, 0, 0], "texture": "#1"}
			}
		},
		{
			"from": [6.5, 19, 6.5],
			"to": [6.5, 25, 9.5],
			"rotation": {"angle": 22.5, "axis": "z", "origin": [6.5, 21, 9.5]},
			"faces": {
				"north": {"uv": [0, 0, 0, 3], "texture": "#1"},
				"east": {"uv": [0, 6, 1.5, 9], "texture": "#1"},
				"south": {"uv": [0, 0, 0, 3], "texture": "#1"},
				"west": {"uv": [6, 0, 7.5, 3], "texture": "#1"},
				"up": {"uv": [0, 1.5, 0, 0], "texture": "#1"},
				"down": {"uv": [0, 0, 0, 1.5], "texture": "#1"}
			}
		},
		{
			"from": [9.499, 19, 6.5],
			"to": [9.499, 25, 9.5],
			"rotation": {"angle": -22.5, "axis": "z", "origin": [9.5, 21, 6.5]},
			"faces": {
				"north": {"uv": [0, 0, 0, 3], "texture": "#1"},
				"east": {"uv": [1.5, 6, 3, 9], "texture": "#1"},
				"south": {"uv": [0, 0, 0, 3], "texture": "#1"},
				"west": {"uv": [3, 6, 4.5, 9], "texture": "#1"},
				"up": {"uv": [0, 1.5, 0, 0], "texture": "#1"},
				"down": {"uv": [0, 0, 0, 1.5], "texture": "#1"}
			}
		},
		{
			"name": "corn",
			"from": [7.5, 1, 7.5],
			"to": [8.5, 21, 8.5],
			"rotation": {"angle": 0, "axis": "y", "origin": [0, 21, 0]},
			"faces": {
				"north": {"uv": [7.5, 0, 8, 10], "texture": "#1"},
				"east": {"uv": [7.5, 0, 8, 10], "texture": "#1"},
				"south": {"uv": [7.5, 0, 8, 10], "texture": "#1"},
				"west": {"uv": [7.5, 0, 8, 10], "texture": "#1"},
				"up": {"uv": [8, 0.5, 7.5, 0], "texture": "#1"},
				"down": {"uv": [8, 10, 7.5, 10.5], "texture": "#1"}
			}
		}
	],
	"display": {
		"thirdperson_righthand": {
			"translation": [0.25, -4, 1]
		},
		"thirdperson_lefthand": {
			"rotation": [66, 0, 31],
			"translation": [-4, -9, 5]
		},
		"firstperson_righthand": {
			"rotation": [0, -6, -10],
			"translation": [0.75, -4.25, 0],
			"scale": [0.75, 0.75, 0.75]
		},
		"firstperson_lefthand": {
			"rotation": [0, -6, -10],
			"translation": [0.75, -4.25, 0],
			"scale": [0, 0, 0]
		},
		"ground": {
			"rotation": [0, 0, 59],
			"translation": [5.5, 1.75, 0]
		},
		"gui": {
			"rotation": [0, 30, -48],
			"translation": [-2.5, -3, 0],
			"scale": [0.75, 0.66, 0.88]
		},
		"head": {
			"rotation": [0, 180, 0],
			"translation": [0, 16.25, 0]
		},
		"fixed": {
			"rotation": [-90, 0, 0],
			"translation": [0, 0, 34],
			"scale": [3, 3, 3]
		}
	}
}