{
	"credit": "Made with Blockbench",
	"texture_size": [64, 64],
	"textures": {
		"0": "item/decor/bamboo/bamboo_side_table"
	},
	"elements": [
		{
			"from": [1, 0, 1],
			"to": [3, 14, 3],
			"faces": {
				"north": {"uv": [4.5, 4, 5, 7.5], "texture": "#0"},
				"east": {"uv": [0, 5, 0.5, 8.5], "texture": "#0"},
				"south": {"uv": [0.5, 5, 1, 8.5], "texture": "#0"},
				"west": {"uv": [1, 5, 1.5, 8.5], "texture": "#0"},
				"up": {"uv": [7, 2.5, 6.5, 2], "texture": "#0"},
				"down": {"uv": [7, 2.5, 6.5, 3], "texture": "#0"}
			}
		},
		{
			"from": [13, 0, 1],
			"to": [15, 14, 3],
			"faces": {
				"north": {"uv": [1.5, 5, 2, 8.5], "texture": "#0"},
				"east": {"uv": [2, 5, 2.5, 8.5], "texture": "#0"},
				"south": {"uv": [5, 4, 5.5, 7.5], "texture": "#0"},
				"west": {"uv": [5.5, 4, 6, 7.5], "texture": "#0"},
				"up": {"uv": [7.5, 2.5, 7, 2], "texture": "#0"},
				"down": {"uv": [7.5, 2.5, 7, 3], "texture": "#0"}
			}
		},
		{
			"from": [13, 0, 13],
			"to": [15, 14, 15],
			"rotation": {"angle": 0, "axis": "y", "origin": [0, 0, 16]},
			"faces": {
				"north": {"uv": [5.5, 4, 5, 7.5], "texture": "#0"},
				"east": {"uv": [2.5, 5, 2, 8.5], "texture": "#0"},
				"south": {"uv": [2, 5, 1.5, 8.5], "texture": "#0"},
				"west": {"uv": [6, 4, 5.5, 7.5], "texture": "#0"},
				"up": {"uv": [7.5, 2, 7, 2.5], "texture": "#0"},
				"down": {"uv": [7.5, 3, 7, 2.5], "texture": "#0"}
			}
		},
		{
			"from": [1, 0, 13],
			"to": [3, 14, 15],
			"rotation": {"angle": 0, "axis": "y", "origin": [0, 0, 16]},
			"faces": {
				"north": {"uv": [1, 5, 0.5, 8.5], "texture": "#0"},
				"east": {"uv": [0.5, 5, 0, 8.5], "texture": "#0"},
				"south": {"uv": [5, 4, 4.5, 7.5], "texture": "#0"},
				"west": {"uv": [1.5, 5, 1, 8.5], "texture": "#0"},
				"up": {"uv": [7, 2, 6.5, 2.5], "texture": "#0"},
				"down": {"uv": [7, 3, 6.5, 2.5], "texture": "#0"}
			}
		},
		{
			"from": [3, 14, 1],
			"to": [13, 16, 3],
			"faces": {
				"north": {"uv": [5, 0, 7.5, 0.5], "texture": "#0"},
				"east": {"uv": [8.5, 9, 9, 9.5], "texture": "#0"},
				"south": {"uv": [5, 0.5, 7.5, 1], "texture": "#0"},
				"west": {"uv": [9, 9, 9.5, 9.5], "texture": "#0"},
				"up": {"uv": [7.5, 1.5, 5, 1], "texture": "#0"},
				"down": {"uv": [7.5, 1.5, 5, 2], "texture": "#0"}
			}
		},
		{
			"from": [3, 4, 4],
			"to": [13, 6, 6],
			"faces": {
				"north": {"uv": [5, 0, 7.5, 0.5], "texture": "#0"},
				"east": {"uv": [8.5, 9, 9, 9.5], "texture": "#0"},
				"south": {"uv": [5, 0.5, 7.5, 1], "texture": "#0"},
				"west": {"uv": [9, 9, 9.5, 9.5], "texture": "#0"},
				"up": {"uv": [7.5, 1.5, 5, 1], "texture": "#0"},
				"down": {"uv": [7.5, 1.5, 5, 2], "texture": "#0"}
			}
		},
		{
			"from": [3, 4, 10],
			"to": [13, 6, 12],
			"rotation": {"angle": 0, "axis": "y", "origin": [0, 0, 16]},
			"faces": {
				"north": {"uv": [7.5, 0.5, 5, 1], "texture": "#0"},
				"east": {"uv": [9, 9, 8.5, 9.5], "texture": "#0"},
				"south": {"uv": [7.5, 0, 5, 0.5], "texture": "#0"},
				"west": {"uv": [9.5, 9, 9, 9.5], "texture": "#0"},
				"up": {"uv": [7.5, 1, 5, 1.5], "texture": "#0"},
				"down": {"uv": [7.5, 2, 5, 1.5], "texture": "#0"}
			}
		},
		{
			"from": [3, 2, 13],
			"to": [13, 4, 15],
			"rotation": {"angle": 0, "axis": "y", "origin": [0, 0, 16]},
			"faces": {
				"north": {"uv": [7.5, 0.5, 5, 1], "texture": "#0"},
				"east": {"uv": [9, 9, 8.5, 9.5], "texture": "#0"},
				"south": {"uv": [7.5, 0, 5, 0.5], "texture": "#0"},
				"west": {"uv": [9.5, 9, 9, 9.5], "texture": "#0"},
				"up": {"uv": [7.5, 1, 5, 1.5], "texture": "#0"},
				"down": {"uv": [7.5, 2, 5, 1.5], "texture": "#0"}
			}
		},
		{
			"from": [3, 2, 1],
			"to": [13, 4, 3],
			"faces": {
				"north": {"uv": [5, 0, 7.5, 0.5], "texture": "#0"},
				"east": {"uv": [8.5, 9, 9, 9.5], "texture": "#0"},
				"south": {"uv": [5, 0.5, 7.5, 1], "texture": "#0"},
				"west": {"uv": [9, 9, 9.5, 9.5], "texture": "#0"},
				"up": {"uv": [7.5, 1.5, 5, 1], "texture": "#0"},
				"down": {"uv": [7.5, 1.5, 5, 2], "texture": "#0"}
			}
		},
		{
			"from": [3, 14, 1],
			"to": [13, 16, 3],
			"faces": {
				"north": {"uv": [5, 0, 7.5, 0.5], "texture": "#0"},
				"east": {"uv": [8.5, 9, 9, 9.5], "texture": "#0"},
				"south": {"uv": [5, 0.5, 7.5, 1], "texture": "#0"},
				"west": {"uv": [9, 9, 9.5, 9.5], "texture": "#0"},
				"up": {"uv": [7.5, 1.5, 5, 1], "texture": "#0"},
				"down": {"uv": [7.5, 1.5, 5, 2], "texture": "#0"}
			}
		},
		{
			"from": [3, 14, 13],
			"to": [13, 16, 15],
			"rotation": {"angle": 0, "axis": "y", "origin": [0, 0, 16]},
			"faces": {
				"north": {"uv": [7.5, 0.5, 5, 1], "texture": "#0"},
				"east": {"uv": [9, 9, 8.5, 9.5], "texture": "#0"},
				"south": {"uv": [7.5, 0, 5, 0.5], "texture": "#0"},
				"west": {"uv": [9.5, 9, 9, 9.5], "texture": "#0"},
				"up": {"uv": [7.5, 1, 5, 1.5], "texture": "#0"},
				"down": {"uv": [7.5, 2, 5, 1.5], "texture": "#0"}
			}
		},
		{
			"from": [3, 15.5, 3],
			"to": [13, 15.5, 13],
			"faces": {
				"north": {"uv": [0, 0, 2.5, 0], "texture": "#0"},
				"east": {"uv": [0, 0, 2.5, 0], "texture": "#0"},
				"south": {"uv": [0, 0, 2.5, 0], "texture": "#0"},
				"west": {"uv": [0, 0, 2.5, 0], "texture": "#0"},
				"up": {"uv": [2.5, 2.5, 0, 0], "texture": "#0"},
				"down": {"uv": [2.5, 2.5, 0, 5], "texture": "#0"}
			}
		},
		{
			"from": [3, 5.5, 6],
			"to": [13, 5.5, 10],
			"faces": {
				"north": {"uv": [0, 0, 2.5, 0], "texture": "#0"},
				"east": {"uv": [0, 0, 1, 0], "texture": "#0"},
				"south": {"uv": [0, 0, 2.5, 0], "texture": "#0"},
				"west": {"uv": [0, 0, 1, 0], "texture": "#0"},
				"up": {"uv": [5, 1, 2.5, 0], "texture": "#0"},
				"down": {"uv": [5, 1, 2.5, 2], "texture": "#0"}
			}
		},
		{
			"from": [1, 4, 3],
			"to": [3, 6, 13],
			"faces": {
				"north": {"uv": [0, 10, 0.5, 10.5], "texture": "#0"},
				"east": {"uv": [5, 8.5, 7.5, 9], "texture": "#0"},
				"south": {"uv": [0.5, 10, 1, 10.5], "texture": "#0"},
				"west": {"uv": [7.5, 8.5, 10, 9], "texture": "#0"},
				"up": {"uv": [4, 10.5, 3.5, 8], "texture": "#0"},
				"down": {"uv": [4.5, 8, 4, 10.5], "texture": "#0"}
			}
		},
		{
			"from": [13, 4, 3],
			"to": [15, 6, 13],
			"faces": {
				"north": {"uv": [1, 10, 1.5, 10.5], "texture": "#0"},
				"east": {"uv": [0, 9, 2.5, 9.5], "texture": "#0"},
				"south": {"uv": [1.5, 10, 2, 10.5], "texture": "#0"},
				"west": {"uv": [5, 9, 7.5, 9.5], "texture": "#0"},
				"up": {"uv": [8, 11.5, 7.5, 9], "texture": "#0"},
				"down": {"uv": [8.5, 9, 8, 11.5], "texture": "#0"}
			}
		},
		{
			"from": [13, 14, 0],
			"to": [15, 16, 16],
			"faces": {
				"north": {"uv": [2, 10, 2.5, 10.5], "texture": "#0"},
				"east": {"uv": [2.5, 2, 6.5, 2.5], "texture": "#0"},
				"south": {"uv": [5, 10, 5.5, 10.5], "texture": "#0"},
				"west": {"uv": [2.5, 2.5, 6.5, 3], "texture": "#0"},
				"up": {"uv": [3, 7, 2.5, 3], "texture": "#0"},
				"down": {"uv": [3.5, 3, 3, 7], "texture": "#0"}
			}
		},
		{
			"from": [1, 14, 0],
			"to": [3, 16, 16],
			"faces": {
				"north": {"uv": [5.5, 10, 6, 10.5], "texture": "#0"},
				"east": {"uv": [3.5, 3, 7.5, 3.5], "texture": "#0"},
				"south": {"uv": [6, 10, 6.5, 10.5], "texture": "#0"},
				"west": {"uv": [3.5, 3.5, 7.5, 4], "texture": "#0"},
				"up": {"uv": [4, 8, 3.5, 4], "texture": "#0"},
				"down": {"uv": [4.5, 4, 4, 8], "texture": "#0"}
			}
		}
	],
	"display": {
		"thirdperson_righthand": {
			"rotation": [75, 125, 0],
			"translation": [0, 2.5, 0],
			"scale": [0.375, 0.375, 0.375]
		},
		"thirdperson_lefthand": {
			"rotation": [75, 125, 0],
			"translation": [0, 2.5, 0],
			"scale": [0.375, 0.375, 0.375]
		},
		"firstperson_righthand": {
			"rotation": [0, 125, 0],
			"scale": [0.4, 0.4, 0.4]
		},
		"firstperson_lefthand": {
			"rotation": [0, 125, 0],
			"scale": [0.4, 0.4, 0.4]
		},
		"ground": {
			"translation": [0, 3, 0],
			"scale": [0.25, 0.25, 0.25]
		},
		"gui": {
			"rotation": [30, 225, 0],
			"translation": [0, -2.75, 0],
			"scale": [0.45, 0.45, 0.45]
		},
		"head": {
			"translation": [0, -30.2, 0],
			"scale": [1.6, 1.6, 1.6]
		},
		"fixed": {
			"rotation": [-90, 0, 0],
			"translation": [0, 0, -15.5],
			"scale": [2, 2, 2]
		}
	},
	"groups": [
		{
			"name": "group",
			"origin": [8, 8, 16],
			"color": 0,
			"children": [0, 1, 2, 3, 4, 5, 6, 7, 8, 9, 10, 11, 12, 13, 14, 15, 16]
		}
	]
}