{
	"credit": "Made by LZLeon with Blockbench, Contact - Discord: LZBlocks#0261 - E-Mail: lzblocks@outlook.com",
	"texture_size": [128, 128],
	"textures": {
		"0": "item/decor/cozy2/cozy_luggage",
		"particle": "item/decor/cozy2/cozy_luggage"
	},
	"elements": [
		{
			"from": [-2, 0, 1],
			"to": [18, 6, 15],
			"rotation": {"angle": -22.5, "axis": "y", "origin": [8, 4, 8]},
			"faces": {
				"north": {"uv": [1.75, 1.75, 4.25, 2.5], "texture": "#0"},
				"east": {"uv": [0, 1.75, 1.75, 2.5], "texture": "#0"},
				"south": {"uv": [6, 1.75, 8.5, 2.5], "texture": "#0"},
				"west": {"uv": [4.25, 1.75, 6, 2.5], "texture": "#0"},
				"up": {"uv": [4.25, 1.75, 1.75, 0], "texture": "#0"},
				"down": {"uv": [6.75, 0, 4.25, 1.75], "texture": "#0"}
			}
		},
		{
			"from": [4, 6, 5],
			"to": [12, 8, 11],
			"rotation": {"angle": -45, "axis": "y", "origin": [8, 4, 8]},
			"faces": {
				"north": {"uv": [0.75, 3.25, 1.75, 3.5], "texture": "#0"},
				"east": {"uv": [0, 3.25, 0.75, 3.5], "texture": "#0"},
				"south": {"uv": [2.5, 3.25, 3.5, 3.5], "texture": "#0"},
				"west": {"uv": [1.75, 3.25, 2.5, 3.5], "texture": "#0"},
				"up": {"uv": [1.75, 3.25, 0.75, 2.5], "texture": "#0"},
				"down": {"uv": [2.75, 2.5, 1.75, 3.25], "texture": "#0"}
			}
		},
		{
			"from": [4, 8, 5],
			"to": [12, 10, 11],
			"rotation": {"angle": -22.5, "axis": "y", "origin": [8, 4, 8]},
			"faces": {
				"north": {"uv": [0.75, 3.25, 1.75, 3.5], "texture": "#0"},
				"east": {"uv": [0, 3.25, 0.75, 3.5], "texture": "#0"},
				"south": {"uv": [2.5, 3.25, 3.5, 3.5], "texture": "#0"},
				"west": {"uv": [1.75, 3.25, 2.5, 3.5], "texture": "#0"},
				"up": {"uv": [1.75, 3.25, 0.75, 2.5], "texture": "#0"},
				"down": {"uv": [2.75, 2.5, 1.75, 3.25], "texture": "#0"}
			}
		},
		{
			"from": [5, 2, 15],
			"to": [6, 4, 16],
			"rotation": {"angle": -22.5, "axis": "y", "origin": [8, 4, 8]},
			"faces": {
				"north": {"uv": [0.625, 0.5, 0.75, 0.75], "texture": "#0"},
				"east": {"uv": [0.5, 0.5, 0.625, 0.75], "texture": "#0"},
				"south": {"uv": [0.875, 0.5, 1, 0.75], "texture": "#0"},
				"west": {"uv": [0.75, 0.5, 0.875, 0.75], "texture": "#0"},
				"up": {"uv": [0.75, 0.5, 0.625, 0.375], "texture": "#0"},
				"down": {"uv": [0.875, 0.375, 0.75, 0.5], "texture": "#0"}
			}
		},
		{
			"from": [5, 2, 16],
			"to": [11, 4, 17],
			"rotation": {"angle": -22.5, "axis": "y", "origin": [8, 4, 8]},
			"faces": {
				"north": {"uv": [0.125, 0.125, 0.875, 0.375], "texture": "#0"},
				"east": {"uv": [0, 0.125, 0.125, 0.375], "texture": "#0"},
				"south": {"uv": [1, 0.125, 1.75, 0.375], "texture": "#0"},
				"west": {"uv": [0.875, 0.125, 1, 0.375], "texture": "#0"},
				"up": {"uv": [0.875, 0.125, 0.125, 0], "texture": "#0"},
				"down": {"uv": [1.625, 0, 0.875, 0.125], "texture": "#0"}
			}
		},
		{
			"from": [10, 2, 15],
			"to": [11, 4, 16],
			"rotation": {"angle": -22.5, "axis": "y", "origin": [8, 4, 8]},
			"faces": {
				"north": {"uv": [0.125, 0.5, 0.25, 0.75], "texture": "#0"},
				"east": {"uv": [0, 0.5, 0.125, 0.75], "texture": "#0"},
				"south": {"uv": [0.375, 0.5, 0.5, 0.75], "texture": "#0"},
				"west": {"uv": [0.25, 0.5, 0.375, 0.75], "texture": "#0"},
				"up": {"uv": [0.25, 0.5, 0.125, 0.375], "texture": "#0"},
				"down": {"uv": [0.375, 0.375, 0.25, 0.5], "texture": "#0"}
			}
		}
	],
	"display": {
		"thirdperson_righthand": {
			"rotation": [60, -160, 0],
			"translation": [0, 3.25, 0.5],
			"scale": [0.6, 0.6, 0.6]
		},
		"thirdperson_lefthand": {
			"rotation": [60, -160, 0],
			"translation": [-1.75, 5.75, 0.75],
			"scale": [0.6, 0.6, 0.6]
		},
		"firstperson_righthand": {
			"rotation": [0, -54, 6],
			"translation": [0, 2.75, 0],
			"scale": [0.4, 0.4, 0.4]
		},
		"firstperson_lefthand": {
			"rotation": [0, -54, 6],
			"translation": [0, 2.75, 0],
			"scale": [0.4, 0.4, 0.4]
		},
		"ground": {
			"translation": [0, 1.5, 0],
			"scale": [0.35, 0.35, 0.35]
		},
		"gui": {
			"rotation": [30, -18, 0],
			"translation": [0.25, 2.5, 0],
			"scale": [0.55, 0.55, 0.55]
		},
		"head": {
			"rotation": [0, 180, 0],
			"translation": [0, -30.4, 0],
			"scale": [-1.6, 1.6, -1.6]
		},
		"fixed": {
			"rotation": [-90, 0, 0],
			"translation": [0, 0, -16],
			"scale": [-2, 2, -2]
		}
	}
}