{
	"credit": "Made by LZLeon with Blockbench, Contact - Discord: LZBlocks#0261 - E-Mail: lzblocks@outlook.com",
	"texture_size": [128, 128],
	"textures": {
		"0": "item/decor/cozy2/cozy_radiator",
		"particle": "item/decor/cozy2/cozy_radiator"
	},
	"elements": [
		{
			"from": [1, 10, 6],
			"to": [31, 14, 10],
			"rotation": {"angle": 45, "axis": "x", "origin": [1, 12, 8]},
			"faces": {
				"north": {"uv": [0.5, 1.5, 4.25, 2], "texture": "#0"},
				"east": {"uv": [0, 1.5, 0.5, 2], "texture": "#0"},
				"south": {"uv": [4.75, 1.5, 8.5, 2], "texture": "#0"},
				"west": {"uv": [4.25, 1.5, 4.75, 2], "texture": "#0"},
				"up": {"uv": [4.25, 1.5, 0.5, 1], "texture": "#0"},
				"down": {"uv": [8, 1, 4.25, 1.5], "texture": "#0"}
			}
		},
		{
			"from": [1, 3, 6],
			"to": [31, 7, 10],
			"rotation": {"angle": 45, "axis": "x", "origin": [1, 5, 8]},
			"faces": {
				"north": {"uv": [0.5, 1.5, 4.25, 2], "texture": "#0"},
				"east": {"uv": [0, 1.5, 0.5, 2], "texture": "#0"},
				"south": {"uv": [4.75, 1.5, 8.5, 2], "texture": "#0"},
				"west": {"uv": [4.25, 1.5, 4.75, 2], "texture": "#0"},
				"up": {"uv": [4.25, 1.5, 0.5, 1], "texture": "#0"},
				"down": {"uv": [8, 1, 4.25, 1.5], "texture": "#0"}
			}
		},
		{
			"from": [3, 0, 10],
			"to": [5, 1, 12],
			"rotation": {"angle": 0, "axis": "y", "origin": [0, 0, 1]},
			"faces": {
				"north": {"uv": [0.25, 2.25, 0.5, 2.375], "texture": "#0"},
				"east": {"uv": [0, 2.25, 0.25, 2.375], "texture": "#0"},
				"south": {"uv": [0.75, 2.25, 1, 2.375], "texture": "#0"},
				"west": {"uv": [0.5, 2.25, 0.75, 2.375], "texture": "#0"},
				"up": {"uv": [0.5, 2.25, 0.25, 2], "texture": "#0"},
				"down": {"uv": [0.75, 2, 0.5, 2.25], "texture": "#0"}
			}
		},
		{
			"from": [3, 0, 4],
			"to": [5, 1, 6],
			"rotation": {"angle": 0, "axis": "y", "origin": [0, 0, 1]},
			"faces": {
				"north": {"uv": [0.25, 2.25, 0.5, 2.375], "texture": "#0"},
				"east": {"uv": [0, 2.25, 0.25, 2.375], "texture": "#0"},
				"south": {"uv": [0.75, 2.25, 1, 2.375], "texture": "#0"},
				"west": {"uv": [0.5, 2.25, 0.75, 2.375], "texture": "#0"},
				"up": {"uv": [0.5, 2.25, 0.25, 2], "texture": "#0"},
				"down": {"uv": [0.75, 2, 0.5, 2.25], "texture": "#0"}
			}
		},
		{
			"from": [27, 0, 4],
			"to": [29, 1, 6],
			"rotation": {"angle": 0, "axis": "y", "origin": [0, 0, 1]},
			"faces": {
				"north": {"uv": [0.25, 2.25, 0.5, 2.375], "texture": "#0"},
				"east": {"uv": [0, 2.25, 0.25, 2.375], "texture": "#0"},
				"south": {"uv": [0.75, 2.25, 1, 2.375], "texture": "#0"},
				"west": {"uv": [0.5, 2.25, 0.75, 2.375], "texture": "#0"},
				"up": {"uv": [0.5, 2.25, 0.25, 2], "texture": "#0"},
				"down": {"uv": [0.75, 2, 0.5, 2.25], "texture": "#0"}
			}
		},
		{
			"from": [27, 0, 10],
			"to": [29, 1, 12],
			"rotation": {"angle": 0, "axis": "y", "origin": [0, 0, 1]},
			"faces": {
				"north": {"uv": [0.25, 2.25, 0.5, 2.375], "texture": "#0"},
				"east": {"uv": [0, 2.25, 0.25, 2.375], "texture": "#0"},
				"south": {"uv": [0.75, 2.25, 1, 2.375], "texture": "#0"},
				"west": {"uv": [0.5, 2.25, 0.75, 2.375], "texture": "#0"},
				"up": {"uv": [0.5, 2.25, 0.25, 2], "texture": "#0"},
				"down": {"uv": [0.75, 2, 0.5, 2.25], "texture": "#0"}
			}
		},
		{
			"from": [15, 1, 3],
			"to": [17, 16, 13],
			"rotation": {"angle": 0, "axis": "y", "origin": [0, 0, 1]},
			"faces": {
				"north": {"uv": [4.25, 3.25, 4.5, 5.125], "texture": "#0"},
				"east": {"uv": [3, 3.25, 4.25, 5.125], "texture": "#0"},
				"south": {"uv": [5.75, 3.25, 6, 5.125], "texture": "#0"},
				"west": {"uv": [4.5, 3.25, 5.75, 5.125], "texture": "#0"},
				"up": {"uv": [4.5, 3.25, 4.25, 2], "texture": "#0"},
				"down": {"uv": [4.75, 2, 4.5, 3.25], "texture": "#0"}
			}
		},
		{
			"from": [12, 1, 3],
			"to": [14, 16, 13],
			"rotation": {"angle": 0, "axis": "y", "origin": [0, 0, 1]},
			"faces": {
				"north": {"uv": [4.25, 3.25, 4.5, 5.125], "texture": "#0"},
				"east": {"uv": [3, 3.25, 4.25, 5.125], "texture": "#0"},
				"south": {"uv": [5.75, 3.25, 6, 5.125], "texture": "#0"},
				"west": {"uv": [4.5, 3.25, 5.75, 5.125], "texture": "#0"},
				"up": {"uv": [4.5, 3.25, 4.25, 2], "texture": "#0"},
				"down": {"uv": [4.75, 2, 4.5, 3.25], "texture": "#0"}
			}
		},
		{
			"from": [3, 1, 3],
			"to": [5, 16, 13],
			"rotation": {"angle": 0, "axis": "y", "origin": [0, 0, 1]},
			"faces": {
				"north": {"uv": [4.25, 3.25, 4.5, 5.125], "texture": "#0"},
				"east": {"uv": [3, 3.25, 4.25, 5.125], "texture": "#0"},
				"south": {"uv": [5.75, 3.25, 6, 5.125], "texture": "#0"},
				"west": {"uv": [4.5, 3.25, 5.75, 5.125], "texture": "#0"},
				"up": {"uv": [4.5, 3.25, 4.25, 2], "texture": "#0"},
				"down": {"uv": [4.75, 2, 4.5, 3.25], "texture": "#0"}
			}
		},
		{
			"from": [24, 1, 3],
			"to": [26, 16, 13],
			"rotation": {"angle": 0, "axis": "y", "origin": [0, 0, 1]},
			"faces": {
				"north": {"uv": [4.25, 3.25, 4.5, 5.125], "texture": "#0"},
				"east": {"uv": [3, 3.25, 4.25, 5.125], "texture": "#0"},
				"south": {"uv": [5.75, 3.25, 6, 5.125], "texture": "#0"},
				"west": {"uv": [4.5, 3.25, 5.75, 5.125], "texture": "#0"},
				"up": {"uv": [4.5, 3.25, 4.25, 2], "texture": "#0"},
				"down": {"uv": [4.75, 2, 4.5, 3.25], "texture": "#0"}
			}
		},
		{
			"from": [21, 1, 3],
			"to": [23, 16, 13],
			"rotation": {"angle": 0, "axis": "y", "origin": [0, 0, 1]},
			"faces": {
				"north": {"uv": [4.25, 3.25, 4.5, 5.125], "texture": "#0"},
				"east": {"uv": [3, 3.25, 4.25, 5.125], "texture": "#0"},
				"south": {"uv": [5.75, 3.25, 6, 5.125], "texture": "#0"},
				"west": {"uv": [4.5, 3.25, 5.75, 5.125], "texture": "#0"},
				"up": {"uv": [4.5, 3.25, 4.25, 2], "texture": "#0"},
				"down": {"uv": [4.75, 2, 4.5, 3.25], "texture": "#0"}
			}
		},
		{
			"from": [27, 1, 3],
			"to": [29, 16, 13],
			"rotation": {"angle": 0, "axis": "y", "origin": [0, 0, 1]},
			"faces": {
				"north": {"uv": [1.25, 3.25, 1.5, 5.125], "texture": "#0"},
				"east": {"uv": [0, 3.25, 1.25, 5.125], "texture": "#0"},
				"south": {"uv": [2.75, 3.25, 3, 5.125], "texture": "#0"},
				"west": {"uv": [1.5, 3.25, 2.75, 5.125], "texture": "#0"},
				"up": {"uv": [1.5, 3.25, 1.25, 2], "texture": "#0"},
				"down": {"uv": [1.75, 2, 1.5, 3.25], "texture": "#0"}
			}
		},
		{
			"from": [18, 1, 3],
			"to": [20, 16, 13],
			"rotation": {"angle": 0, "axis": "y", "origin": [0, 0, 1]},
			"faces": {
				"north": {"uv": [1.25, 3.25, 1.5, 5.125], "texture": "#0"},
				"east": {"uv": [0, 3.25, 1.25, 5.125], "texture": "#0"},
				"south": {"uv": [2.75, 3.25, 3, 5.125], "texture": "#0"},
				"west": {"uv": [1.5, 3.25, 2.75, 5.125], "texture": "#0"},
				"up": {"uv": [1.5, 3.25, 1.25, 2], "texture": "#0"},
				"down": {"uv": [1.75, 2, 1.5, 3.25], "texture": "#0"}
			}
		},
		{
			"from": [9, 1, 3],
			"to": [11, 16, 13],
			"rotation": {"angle": 0, "axis": "y", "origin": [0, 0, 1]},
			"faces": {
				"north": {"uv": [1.25, 3.25, 1.5, 5.125], "texture": "#0"},
				"east": {"uv": [0, 3.25, 1.25, 5.125], "texture": "#0"},
				"south": {"uv": [2.75, 3.25, 3, 5.125], "texture": "#0"},
				"west": {"uv": [1.5, 3.25, 2.75, 5.125], "texture": "#0"},
				"up": {"uv": [1.5, 3.25, 1.25, 2], "texture": "#0"},
				"down": {"uv": [1.75, 2, 1.5, 3.25], "texture": "#0"}
			}
		},
		{
			"from": [6, 1, 3],
			"to": [8, 16, 13],
			"rotation": {"angle": 0, "axis": "y", "origin": [0, 0, 1]},
			"faces": {
				"north": {"uv": [1.25, 3.25, 1.5, 5.125], "texture": "#0"},
				"east": {"uv": [0, 3.25, 1.25, 5.125], "texture": "#0"},
				"south": {"uv": [2.75, 3.25, 3, 5.125], "texture": "#0"},
				"west": {"uv": [1.5, 3.25, 2.75, 5.125], "texture": "#0"},
				"up": {"uv": [1.5, 3.25, 1.25, 2], "texture": "#0"},
				"down": {"uv": [1.75, 2, 1.5, 3.25], "texture": "#0"}
			}
		}
	],
	"display": {
		"thirdperson_righthand": {
			"rotation": [60, -160, 0],
			"translation": [5.25, 6, -1],
			"scale": [0.6, 0.6, 0.6]
		},
		"thirdperson_lefthand": {
			"rotation": [60, -160, 0],
			"translation": [-4.25, 2.75, -1],
			"scale": [0.6, 0.6, 0.6]
		},
		"firstperson_righthand": {
			"rotation": [0, -73, 6],
			"translation": [-2, 0.75, 0],
			"scale": [0.4, 0.4, 0.4]
		},
		"firstperson_lefthand": {
			"rotation": [0, -73, 6],
			"translation": [1.5, 0.75, 4],
			"scale": [0.4, 0.4, 0.4]
		},
		"ground": {
			"translation": [-3.25, 1.5, 0],
			"scale": [0.35, 0.35, 0.35]
		},
		"gui": {
			"rotation": [30, -40, 0],
			"translation": [-3, 1.25, 0],
			"scale": [0.5, 0.5, 0.5]
		},
		"head": {
			"translation": [0, -30.4, 0],
			"scale": [1.6, 1.6, 1.6]
		},
		"fixed": {
			"rotation": [90, 0, -180],
			"translation": [0, 0, -15],
			"scale": [2, 2, 2]
		}
	}
}