{
	"credit": "Made by LZLeon with Blockbench, Contact - Discord: LZBlocks#0261 - E-Mail: lzblocks@outlook.com",
	"texture_size": [128, 128],
	"textures": {
		"0": "item/decor/cozy2/cozy_piano",
		"particle": "item/decor/cozy2/cozy_piano"
	},
	"elements": [
		{
			"from": [1, 0, 1],
			"to": [31, 23, 8],
			"faces": {
				"north": {"uv": [0.875, 0.875, 4.625, 3.75], "texture": "#0"},
				"east": {"uv": [0, 0.875, 0.875, 3.75], "texture": "#0"},
				"south": {"uv": [5.5, 0.875, 9.25, 3.75], "texture": "#0"},
				"west": {"uv": [4.625, 0.875, 5.5, 3.75], "texture": "#0"},
				"up": {"uv": [4.625, 0.875, 0.875, 0], "texture": "#0"},
				"down": {"uv": [8.375, 0, 4.625, 0.875], "texture": "#0"}
			}
		},
		{
			"from": [1, 0, 8],
			"to": [6, 2, 14],
			"faces": {
				"north": {"uv": [2.75, 8.25, 3.375, 8.5], "texture": "#0"},
				"east": {"uv": [2, 8.25, 2.75, 8.5], "texture": "#0"},
				"south": {"uv": [4.125, 8.25, 4.75, 8.5], "texture": "#0"},
				"west": {"uv": [3.375, 8.25, 4.125, 8.5], "texture": "#0"},
				"up": {"uv": [3.375, 8.25, 2.75, 7.5], "texture": "#0"},
				"down": {"uv": [4, 7.5, 3.375, 8.25], "texture": "#0"}
			}
		},
		{
			"from": [12, 1, 8],
			"to": [14, 2, 12],
			"faces": {
				"north": {"uv": [3, 9, 3.25, 9.125], "texture": "#0"},
				"east": {"uv": [2.5, 9, 3, 9.125], "texture": "#0"},
				"south": {"uv": [3.75, 9, 4, 9.125], "texture": "#0"},
				"west": {"uv": [3.25, 9, 3.75, 9.125], "texture": "#0"},
				"up": {"uv": [3.25, 9, 3, 8.5], "texture": "#0"},
				"down": {"uv": [3.5, 8.5, 3.25, 9], "texture": "#0"}
			}
		},
		{
			"from": [15, 1, 8],
			"to": [17, 2, 12],
			"faces": {
				"north": {"uv": [3, 9, 3.25, 9.125], "texture": "#0"},
				"east": {"uv": [2.5, 9, 3, 9.125], "texture": "#0"},
				"south": {"uv": [3.75, 9, 4, 9.125], "texture": "#0"},
				"west": {"uv": [3.25, 9, 3.75, 9.125], "texture": "#0"},
				"up": {"uv": [3.25, 9, 3, 8.5], "texture": "#0"},
				"down": {"uv": [3.5, 8.5, 3.25, 9], "texture": "#0"}
			}
		},
		{
			"from": [18, 1, 8],
			"to": [20, 2, 12],
			"faces": {
				"north": {"uv": [3, 9, 3.25, 9.125], "texture": "#0"},
				"east": {"uv": [2.5, 9, 3, 9.125], "texture": "#0"},
				"south": {"uv": [3.75, 9, 4, 9.125], "texture": "#0"},
				"west": {"uv": [3.25, 9, 3.75, 9.125], "texture": "#0"},
				"up": {"uv": [3.25, 9, 3, 8.5], "texture": "#0"},
				"down": {"uv": [3.5, 8.5, 3.25, 9], "texture": "#0"}
			}
		},
		{
			"from": [2, 2, 9],
			"to": [5, 13, 12],
			"rotation": {"angle": 45, "axis": "y", "origin": [3.5, 0, 10.5]},
			"faces": {
				"north": {"uv": [5.125, 7.875, 5.5, 9.25], "texture": "#0"},
				"east": {"uv": [4.75, 7.875, 5.125, 9.25], "texture": "#0"},
				"south": {"uv": [5.875, 7.875, 6.25, 9.25], "texture": "#0"},
				"west": {"uv": [5.5, 7.875, 5.875, 9.25], "texture": "#0"},
				"up": {"uv": [5.5, 7.875, 5.125, 7.5], "texture": "#0"},
				"down": {"uv": [5.875, 7.5, 5.5, 7.875], "texture": "#0"}
			}
		},
		{
			"from": [27, 2, 9],
			"to": [30, 13, 12],
			"rotation": {"angle": 45, "axis": "y", "origin": [28.5, 0, 10.5]},
			"faces": {
				"north": {"uv": [5.125, 7.875, 5.5, 9.25], "texture": "#0"},
				"east": {"uv": [4.75, 7.875, 5.125, 9.25], "texture": "#0"},
				"south": {"uv": [5.875, 7.875, 6.25, 9.25], "texture": "#0"},
				"west": {"uv": [5.5, 7.875, 5.875, 9.25], "texture": "#0"},
				"up": {"uv": [5.5, 7.875, 5.125, 7.5], "texture": "#0"},
				"down": {"uv": [5.875, 7.5, 5.5, 7.875], "texture": "#0"}
			}
		},
		{
			"from": [26, 0, 8],
			"to": [31, 2, 14],
			"rotation": {"angle": 0, "axis": "y", "origin": [25, 0, 0]},
			"faces": {
				"north": {"uv": [2.75, 8.25, 3.375, 8.5], "texture": "#0"},
				"east": {"uv": [2, 8.25, 2.75, 8.5], "texture": "#0"},
				"south": {"uv": [4.125, 8.25, 4.75, 8.5], "texture": "#0"},
				"west": {"uv": [3.375, 8.25, 4.125, 8.5], "texture": "#0"},
				"up": {"uv": [3.375, 8.25, 2.75, 7.5], "texture": "#0"},
				"down": {"uv": [4, 7.5, 3.375, 8.25], "texture": "#0"}
			}
		},
		{
			"from": [1, 13, 8],
			"to": [5, 16, 16],
			"faces": {
				"north": {"uv": [7.5, 8.25, 8, 8.625], "texture": "#0"},
				"east": {"uv": [6.5, 8.25, 7.5, 8.625], "texture": "#0"},
				"south": {"uv": [9, 8.25, 9.5, 8.625], "texture": "#0"},
				"west": {"uv": [8, 8.25, 9, 8.625], "texture": "#0"},
				"up": {"uv": [8, 8.25, 7.5, 7.25], "texture": "#0"},
				"down": {"uv": [8.5, 7.25, 8, 8.25], "texture": "#0"}
			}
		},
		{
			"from": [5, 13, 8],
			"to": [27, 15, 16],
			"faces": {
				"north": {"uv": [1, 6, 3.75, 6.25], "texture": "#0"},
				"east": {"uv": [0, 6, 1, 6.25], "texture": "#0"},
				"south": {"uv": [4.75, 6, 7.5, 6.25], "texture": "#0"},
				"west": {"uv": [3.75, 6, 4.75, 6.25], "texture": "#0"},
				"up": {"uv": [3.75, 6, 1, 5], "texture": "#0"},
				"down": {"uv": [6.5, 5, 3.75, 6], "texture": "#0"}
			}
		},
		{
			"from": [5, 15, 8],
			"to": [27, 22, 9],
			"faces": {
				"north": {"uv": [6.625, 6.375, 9.375, 7.25], "texture": "#0"},
				"east": {"uv": [6.5, 6.375, 6.625, 7.25], "texture": "#0"},
				"south": {"uv": [9.5, 6.375, 12.25, 7.25], "texture": "#0"},
				"west": {"uv": [9.375, 6.375, 9.5, 7.25], "texture": "#0"},
				"up": {"uv": [9.375, 6.375, 6.625, 6.25], "texture": "#0"},
				"down": {"uv": [12.125, 6.25, 9.375, 6.375], "texture": "#0"}
			}
		},
		{
			"from": [27, 13, 8],
			"to": [31, 16, 16],
			"faces": {
				"north": {"uv": [1, 8.5, 1.5, 8.875], "texture": "#0"},
				"east": {"uv": [0, 8.5, 1, 8.875], "texture": "#0"},
				"south": {"uv": [2.5, 8.5, 3, 8.875], "texture": "#0"},
				"west": {"uv": [1.5, 8.5, 2.5, 8.875], "texture": "#0"},
				"up": {"uv": [1.5, 8.5, 1, 7.5], "texture": "#0"},
				"down": {"uv": [2, 7.5, 1.5, 8.5], "texture": "#0"}
			}
		},
		{
			"from": [0, 23, 0],
			"to": [32, 24, 9],
			"faces": {
				"north": {"uv": [1.125, 4.875, 5.125, 5], "texture": "#0"},
				"east": {"uv": [0, 4.875, 1.125, 5], "texture": "#0"},
				"south": {"uv": [6.25, 4.875, 10.25, 5], "texture": "#0"},
				"west": {"uv": [5.125, 4.875, 6.25, 5], "texture": "#0"},
				"up": {"uv": [5.125, 4.875, 1.125, 3.75], "texture": "#0"},
				"down": {"uv": [9.125, 3.75, 5.125, 4.875], "texture": "#0"}
			}
		}
	],
	"display": {
		"thirdperson_righthand": {
			"rotation": [60, -160, 0],
			"translation": [5.75, 5.75, -2],
			"scale": [0.6, 0.6, 0.6]
		},
		"thirdperson_lefthand": {
			"rotation": [60, -160, 0],
			"translation": [-2.75, 2.5, -1.25],
			"scale": [0.6, 0.6, 0.6]
		},
		"firstperson_righthand": {
			"rotation": [0, -73, 6],
			"translation": [0, -0.75, 0],
			"scale": [0.4, 0.4, 0.4]
		},
		"firstperson_lefthand": {
			"rotation": [0, -73, 6],
			"translation": [0, -0.75, 6],
			"scale": [0.4, 0.4, 0.4]
		},
		"ground": {
			"translation": [-3, 1.5, 0],
			"scale": [0.35, 0.35, 0.35]
		},
		"gui": {
			"rotation": [30, -40, 0],
			"translation": [-2.5, -0.75, 0],
			"scale": [0.38, 0.38, 0.38]
		},
		"head": {
			"translation": [0, -30.4, 0],
			"scale": [1.6, 1.6, 1.6]
		},
		"fixed": {
			"rotation": [90, 0, -180],
			"translation": [0, 0, -15],
			"scale": [2, 2, 2]
		}
	}
}