{
	"credit": "Made by LZLeon with Blockbench, Contact - Discord: LZBlocks#0261 - E-Mail: lzblocks@outlook.com",
	"texture_size": [256, 256],
	"textures": {
		"0": "item/decor/cozy2/cozy_rug",
		"particle": "item/decor/cozy2/cozy_rug"
	},
	"elements": [
		{
			"from": [-16, 0.0625, -16],
			"to": [32, 0.0625, 32],
			"faces": {
				"north": {"uv": [3, 3, 6, 3], "texture": "#0"},
				"east": {"uv": [0, 3, 3, 3], "texture": "#0"},
				"south": {"uv": [9, 3, 12, 3], "texture": "#0"},
				"west": {"uv": [6, 3, 9, 3], "texture": "#0"},
				"up": {"uv": [6, 3, 3, 0], "texture": "#0"},
				"down": {"uv": [9, 0, 6, 3], "texture": "#0"}
			}
		}
	],
	"display": {
		"thirdperson_righthand": {
			"rotation": [60, -160, 0],
			"translation": [0, 10.5, -1],
			"scale": [0.4, 0.4, 0.4]
		},
		"thirdperson_lefthand": {
			"rotation": [60, -160, 0],
			"translation": [0, 10.5, -1],
			"scale": [0.4, 0.4, 0.4]
		},
		"firstperson_righthand": {
			"rotation": [0, -73, 6],
			"translation": [2.75, 2.5, 0],
			"scale": [0.4, 0.4, 0.4]
		},
		"firstperson_lefthand": {
			"rotation": [0, -73, 6],
			"translation": [2.75, 2.5, 0],
			"scale": [0.4, 0.4, 0.4]
		},
		"ground": {
			"translation": [0, 1.5, 0],
			"scale": [0.25, 0.25, 0.25]
		},
		"gui": {
			"rotation": [30, -40, 0],
			"translation": [0, 1.5, 0],
			"scale": [0.23, 0.23, 0.23]
		},
		"head": {
			"translation": [0, -30.4, 0],
			"scale": [1.6, 1.6, 1.6]
		},
		"fixed": {
			"rotation": [-90, 0, 0],
			"translation": [0, 0, -16],
			"scale": [2, 2, 2]
		}
	}
}