{
	"credit": "Made by LZLeon with Blockbench, Contact - Discord: LZBlocks#0261 - E-Mail: lzblocks@outlook.com",
	"texture_size": [64, 64],
	"textures": {
		"0": "item/decor/cozy2/cozy_armchair",
		"particle": "item/decor/cozy2/cozy_armchair"
	},
	"elements": [
		{
			"from": [0, 2, 0],
			"to": [16, 9, 16],
			"rotation": {"angle": 0, "axis": "y", "origin": [8, 8.75, 8]},
			"faces": {
				"north": {"uv": [4, 4, 8, 5.75], "texture": "#0"},
				"east": {"uv": [0, 4, 4, 5.75], "texture": "#0"},
				"south": {"uv": [12, 4, 16, 5.75], "texture": "#0"},
				"west": {"uv": [8, 4, 12, 5.75], "texture": "#0"},
				"up": {"uv": [8, 4, 4, 0], "texture": "#0"},
				"down": {"uv": [12, 0, 8, 4], "texture": "#0"}
			}
		},
		{
			"from": [0, 9, 0],
			"to": [16, 24, 5],
			"rotation": {"angle": 0, "axis": "y", "origin": [8, 8.75, 8]},
			"faces": {
				"north": {"uv": [1.25, 7, 5.25, 10.75], "texture": "#0"},
				"east": {"uv": [0, 7, 1.25, 10.75], "texture": "#0"},
				"south": {"uv": [6.5, 7, 10.5, 10.75], "texture": "#0"},
				"west": {"uv": [5.25, 7, 6.5, 10.75], "texture": "#0"},
				"up": {"uv": [5.25, 7, 1.25, 5.75], "texture": "#0"},
				"down": {"uv": [9.25, 5.75, 5.25, 7], "texture": "#0"}
			}
		},
		{
			"from": [-1, 5, 5],
			"to": [2, 14, 15],
			"rotation": {"angle": 0, "axis": "y", "origin": [8, 8.75, 8]},
			"faces": {
				"north": {"uv": [10.5, 10.75, 11.25, 13], "texture": "#0"},
				"east": {"uv": [8, 10.75, 10.5, 13], "texture": "#0"},
				"south": {"uv": [13.75, 10.75, 14.5, 13], "texture": "#0"},
				"west": {"uv": [11.25, 10.75, 13.75, 13], "texture": "#0"},
				"up": {"uv": [11.25, 10.75, 10.5, 8.25], "texture": "#0"},
				"down": {"uv": [12, 8.25, 11.25, 10.75], "texture": "#0"}
			}
		},
		{
			"from": [3.46967, 16.70495, 5.00391],
			"to": [7.46967, 20.70495, 15.00391],
			"rotation": {"angle": 45, "axis": "z", "origin": [8, 8.75, 8]},
			"faces": {
				"north": {"uv": [2.5, 13.25, 3.5, 14.25], "texture": "#0"},
				"east": {"uv": [0, 13.25, 2.5, 14.25], "texture": "#0"},
				"south": {"uv": [6, 13.25, 7, 14.25], "texture": "#0"},
				"west": {"uv": [3.5, 13.25, 6, 14.25], "texture": "#0"},
				"up": {"uv": [3.5, 13.25, 2.5, 10.75], "texture": "#0"},
				"down": {"uv": [4.5, 10.75, 3.5, 13.25], "texture": "#0"}
			}
		},
		{
			"from": [8.53033, 16.70495, 5.00391],
			"to": [12.53033, 20.70495, 15.00391],
			"shade": false,
			"rotation": {"angle": -45, "axis": "z", "origin": [8, 8.75, 8]},
			"faces": {
				"north": {"uv": [3.5, 13.25, 2.5, 14.25], "texture": "#0"},
				"east": {"uv": [6, 13.25, 3.5, 14.25], "texture": "#0"},
				"south": {"uv": [7, 13.25, 6, 14.25], "texture": "#0"},
				"west": {"uv": [2.5, 13.25, 0, 14.25], "texture": "#0"},
				"up": {"uv": [2.5, 13.25, 3.5, 10.75], "texture": "#0"},
				"down": {"uv": [3.5, 10.75, 4.5, 13.25], "texture": "#0"}
			}
		},
		{
			"from": [14, 5, 5],
			"to": [17, 14, 15],
			"shade": false,
			"rotation": {"angle": 0, "axis": "y", "origin": [8, 8.75, 8]},
			"faces": {
				"north": {"uv": [11.25, 10.75, 10.5, 13], "texture": "#0"},
				"east": {"uv": [13.75, 10.75, 11.25, 13], "texture": "#0"},
				"south": {"uv": [14.5, 10.75, 13.75, 13], "texture": "#0"},
				"west": {"uv": [10.5, 10.75, 8, 13], "texture": "#0"},
				"up": {"uv": [10.5, 10.75, 11.25, 8.25], "texture": "#0"},
				"down": {"uv": [11.25, 8.25, 12, 10.75], "texture": "#0"}
			}
		},
		{
			"from": [1, 0, 12],
			"to": [4, 2, 15],
			"rotation": {"angle": 0, "axis": "y", "origin": [8, 8.75, 8]},
			"faces": {
				"north": {"uv": [0.75, 0.75, 1.5, 1.25], "texture": "#0"},
				"east": {"uv": [0, 0.75, 0.75, 1.25], "texture": "#0"},
				"south": {"uv": [2.25, 0.75, 3, 1.25], "texture": "#0"},
				"west": {"uv": [1.5, 0.75, 2.25, 1.25], "texture": "#0"},
				"up": {"uv": [1.5, 0.75, 0.75, 0], "texture": "#0"},
				"down": {"uv": [2.25, 0, 1.5, 0.75], "texture": "#0"}
			}
		},
		{
			"from": [1, 0, 1],
			"to": [4, 2, 4],
			"rotation": {"angle": 0, "axis": "y", "origin": [8, 8.75, 8]},
			"faces": {
				"north": {"uv": [0.75, 0.75, 1.5, 1.25], "texture": "#0"},
				"east": {"uv": [0, 0.75, 0.75, 1.25], "texture": "#0"},
				"south": {"uv": [2.25, 0.75, 3, 1.25], "texture": "#0"},
				"west": {"uv": [1.5, 0.75, 2.25, 1.25], "texture": "#0"},
				"up": {"uv": [1.5, 0.75, 0.75, 0], "texture": "#0"},
				"down": {"uv": [2.25, 0, 1.5, 0.75], "texture": "#0"}
			}
		},
		{
			"from": [12, 0, 1],
			"to": [15, 2, 4],
			"rotation": {"angle": 0, "axis": "y", "origin": [8, 8.75, 8]},
			"faces": {
				"north": {"uv": [0.75, 0.75, 1.5, 1.25], "texture": "#0"},
				"east": {"uv": [0, 0.75, 0.75, 1.25], "texture": "#0"},
				"south": {"uv": [2.25, 0.75, 3, 1.25], "texture": "#0"},
				"west": {"uv": [1.5, 0.75, 2.25, 1.25], "texture": "#0"},
				"up": {"uv": [1.5, 0.75, 0.75, 0], "texture": "#0"},
				"down": {"uv": [2.25, 0, 1.5, 0.75], "texture": "#0"}
			}
		},
		{
			"from": [12, 0, 12],
			"to": [15, 2, 15],
			"rotation": {"angle": 0, "axis": "y", "origin": [8, 8.75, 8]},
			"faces": {
				"north": {"uv": [0.75, 0.75, 1.5, 1.25], "texture": "#0"},
				"east": {"uv": [0, 0.75, 0.75, 1.25], "texture": "#0"},
				"south": {"uv": [2.25, 0.75, 3, 1.25], "texture": "#0"},
				"west": {"uv": [1.5, 0.75, 2.25, 1.25], "texture": "#0"},
				"up": {"uv": [1.5, 0.75, 0.75, 0], "texture": "#0"},
				"down": {"uv": [2.25, 0, 1.5, 0.75], "texture": "#0"}
			}
		}
	],
	"display": {
		"thirdperson_righthand": {
			"rotation": [60, -160, 0],
			"translation": [0.25, 3.25, -2.5],
			"scale": [0.6, 0.6, 0.6]
		},
		"thirdperson_lefthand": {
			"rotation": [60, -160, 0],
			"translation": [0.25, 3.25, -2.5],
			"scale": [0.6, 0.6, 0.6]
		},
		"firstperson_righthand": {
			"rotation": [0, -73, 6],
			"translation": [0, -1.25, 0],
			"scale": [0.4, 0.4, 0.4]
		},
		"firstperson_lefthand": {
			"rotation": [0, -73, 6],
			"translation": [0, -1.25, 0],
			"scale": [0.4, 0.4, 0.4]
		},
		"ground": {
			"translation": [0, 1.5, 0],
			"scale": [0.35, 0.35, 0.35]
		},
		"gui": {
			"rotation": [30, -40, 0],
			"translation": [0.5, -1.75, 0],
			"scale": [0.4, 0.4, 0.4]
		},
		"head": {
			"translation": [0, -30.4, 0],
			"scale": [1.6, 1.6, 1.6]
		},
		"fixed": {
			"rotation": [-90, -180, 0],
			"translation": [0, 0, -15],
			"scale": [2, 2, 2]
		}
	}
}