{
	"credit": "Made by LZLeon with Blockbench, Contact - Discord: LZBlocks#0261 - E-Mail: lzblocks@outlook.com",
	"texture_size": [128, 128],
	"textures": {
		"2": "item/decor/cozy2/cozy_fireplace",
		"particle": "item/decor/cozy2/cozy_fireplace"
	},
	"elements": [
		{
			"from": [-4, 0, 0],
			"to": [20, 1, 9],
			"rotation": {"angle": 0, "axis": "y", "origin": [14, 0, 11]},
			"faces": {
				"north": {"uv": [1.125, 2.375, 4.125, 2.5], "texture": "#2"},
				"east": {"uv": [0, 2.375, 1.125, 2.5], "texture": "#2"},
				"south": {"uv": [5.25, 2.375, 8.25, 2.5], "texture": "#2"},
				"west": {"uv": [4.125, 2.375, 5.25, 2.5], "texture": "#2"},
				"up": {"uv": [4.125, 2.375, 1.125, 1.25], "texture": "#2"},
				"down": {"uv": [7.125, 1.25, 4.125, 2.375], "texture": "#2"}
			}
		},
		{
			"from": [-3, 12, 0],
			"to": [19, 15, 8],
			"faces": {
				"north": {"uv": [1, 3.5, 3.75, 3.875], "texture": "#2"},
				"east": {"uv": [0, 3.5, 1, 3.875], "texture": "#2"},
				"south": {"uv": [4.75, 3.5, 7.5, 3.875], "texture": "#2"},
				"west": {"uv": [3.75, 3.5, 4.75, 3.875], "texture": "#2"},
				"up": {"uv": [3.75, 3.5, 1, 2.5], "texture": "#2"},
				"down": {"uv": [6.5, 2.5, 3.75, 3.5], "texture": "#2"}
			}
		},
		{
			"from": [15, 1, 0],
			"to": [19, 12, 8],
			"faces": {
				"north": {"uv": [4, 4.875, 4.5, 6.25], "texture": "#2"},
				"east": {"uv": [3, 4.875, 4, 6.25], "texture": "#2"},
				"south": {"uv": [5.5, 4.875, 6, 6.25], "texture": "#2"},
				"west": {"uv": [4.5, 4.875, 5.5, 6.25], "texture": "#2"},
				"up": {"uv": [4.5, 4.875, 4, 3.875], "texture": "#2"},
				"down": {"uv": [5, 3.875, 4.5, 4.875], "texture": "#2"}
			}
		},
		{
			"from": [-3, 1, 0],
			"to": [1, 12, 8],
			"faces": {
				"north": {"uv": [1, 4.875, 1.5, 6.25], "texture": "#2"},
				"east": {"uv": [0, 4.875, 1, 6.25], "texture": "#2"},
				"south": {"uv": [2.5, 4.875, 3, 6.25], "texture": "#2"},
				"west": {"uv": [1.5, 4.875, 2.5, 6.25], "texture": "#2"},
				"up": {"uv": [1.5, 4.875, 1, 3.875], "texture": "#2"},
				"down": {"uv": [2, 3.875, 1.5, 4.875], "texture": "#2"}
			}
		},
		{
			"from": [1, 1, 0],
			"to": [15, 12, 1],
			"faces": {
				"north": {"uv": [6.125, 4, 7.875, 5.375], "texture": "#2"},
				"east": {"uv": [6, 4, 6.125, 5.375], "texture": "#2"},
				"south": {"uv": [8, 4, 9.75, 5.375], "texture": "#2"},
				"west": {"uv": [7.875, 4, 8, 5.375], "texture": "#2"},
				"up": {"uv": [7.875, 4, 6.125, 3.875], "texture": "#2"},
				"down": {"uv": [9.625, 3.875, 7.875, 4], "texture": "#2"}
			}
		},
		{
			"from": [2, 1, 10.8],
			"to": [14, 8, 10.8],
			"rotation": {"angle": 0, "axis": "y", "origin": [0, 0, -0.2]},
			"faces": {
				"north": {"uv": [6, 5.375, 7.5, 6.25], "texture": "#2"},
				"east": {"uv": [6, 5.375, 6, 6.25], "texture": "#2"},
				"south": {"uv": [7.5, 5.375, 9, 6.25], "texture": "#2"},
				"west": {"uv": [7.5, 5.375, 7.5, 6.25], "texture": "#2"},
				"up": {"uv": [7.5, 5.375, 6, 5.375], "texture": "#2"},
				"down": {"uv": [9, 5.375, 7.5, 5.375], "texture": "#2"}
			}
		},
		{
			"from": [14, 1, 10.8],
			"to": [18, 8, 10.8],
			"rotation": {"angle": 45, "axis": "y", "origin": [14, 4.5, 10.8]},
			"faces": {
				"north": {"uv": [0, 1.25, 0.5, 2.125], "texture": "#2"},
				"east": {"uv": [0, 1.25, 0, 2.125], "texture": "#2"},
				"south": {"uv": [0.5, 1.25, 1, 2.125], "texture": "#2"},
				"west": {"uv": [0.5, 1.25, 0.5, 2.125], "texture": "#2"},
				"up": {"uv": [0.5, 1.25, 0, 1.25], "texture": "#2"},
				"down": {"uv": [1, 1.25, 0.5, 1.25], "texture": "#2"}
			}
		},
		{
			"from": [-2, 1, 10.8],
			"to": [2, 8, 10.8],
			"rotation": {"angle": -45, "axis": "y", "origin": [2, 4.5, 10.8]},
			"faces": {
				"north": {"uv": [0, 0, 0.5, 0.875], "texture": "#2"},
				"east": {"uv": [0, 0, 0, 0.875], "texture": "#2"},
				"south": {"uv": [0.5, 0, 1, 0.875], "texture": "#2"},
				"west": {"uv": [0.5, 0, 0.5, 0.875], "texture": "#2"},
				"up": {"uv": [0.5, 0, 0, 0], "texture": "#2"},
				"down": {"uv": [1, 0, 0.5, 0], "texture": "#2"}
			}
		},
		{
			"from": [-4, 15, 0],
			"to": [20, 16, 9],
			"faces": {
				"north": {"uv": [1.125, 1.125, 4.125, 1.25], "texture": "#2"},
				"east": {"uv": [0, 1.125, 1.125, 1.25], "texture": "#2"},
				"south": {"uv": [5.25, 1.125, 8.25, 1.25], "texture": "#2"},
				"west": {"uv": [4.125, 1.125, 5.25, 1.25], "texture": "#2"},
				"up": {"uv": [4.125, 1.125, 1.125, 0], "texture": "#2"},
				"down": {"uv": [7.125, 0, 4.125, 1.125], "texture": "#2"}
			}
		},
		{
			"from": [5, 1, 4],
			"to": [11, 2, 5],
			"rotation": {"angle": -45, "axis": "y", "origin": [8, 2, 4.5]},
			"faces": {
				"north": {"uv": [2.625, 6.375, 3.375, 6.5], "texture": "#2"},
				"east": {"uv": [2.5, 6.375, 2.625, 6.5], "texture": "#2"},
				"south": {"uv": [3.5, 6.375, 4.25, 6.5], "texture": "#2"},
				"west": {"uv": [3.375, 6.375, 3.5, 6.5], "texture": "#2"},
				"up": {"uv": [3.375, 6.375, 2.625, 6.25], "texture": "#2"},
				"down": {"uv": [4.125, 6.25, 3.375, 6.375], "texture": "#2"}
			}
		},
		{
			"from": [7.5, 1, 1.5],
			"to": [8.5, 2, 7.5],
			"rotation": {"angle": -45, "axis": "y", "origin": [8, 2, 4.5]},
			"faces": {
				"north": {"uv": [2.75, 4.625, 2.875, 4.75], "texture": "#2"},
				"east": {"uv": [2, 4.625, 2.75, 4.75], "texture": "#2"},
				"south": {"uv": [3.625, 4.625, 3.75, 4.75], "texture": "#2"},
				"west": {"uv": [2.875, 4.625, 3.625, 4.75], "texture": "#2"},
				"up": {"uv": [2.875, 4.625, 2.75, 3.875], "texture": "#2"},
				"down": {"uv": [3, 3.875, 2.875, 4.625], "texture": "#2"}
			}
		},
		{
			"from": [3, 1, 4.5],
			"to": [13, 11, 4.5],
			"faces": {
				"north": {"uv": [0, 6.25, 1.25, 7.5], "texture": "#2"},
				"east": {"uv": [0, 6.25, 0, 7.5], "texture": "#2"},
				"south": {"uv": [1.25, 6.25, 2.5, 7.5], "texture": "#2"},
				"west": {"uv": [1.25, 6.25, 1.25, 7.5], "texture": "#2"},
				"up": {"uv": [1.25, 6.25, 0, 6.25], "texture": "#2"},
				"down": {"uv": [2.5, 6.25, 1.25, 6.25], "texture": "#2"}
			}
		}
	],
	"display": {
		"thirdperson_righthand": {
			"rotation": [60, -160, 0],
			"translation": [0, 6, 0],
			"scale": [0.6, 0.6, 0.6]
		},
		"thirdperson_lefthand": {
			"rotation": [60, -160, 0],
			"translation": [0, 6, 0],
			"scale": [0.6, 0.6, 0.6]
		},
		"firstperson_righthand": {
			"rotation": [0, -73, 6],
			"translation": [0, 1, 0],
			"scale": [0.4, 0.4, 0.4]
		},
		"firstperson_lefthand": {
			"rotation": [0, -73, 6],
			"translation": [0, 1, 0],
			"scale": [0.4, 0.4, 0.4]
		},
		"ground": {
			"translation": [0, 1.5, 1],
			"scale": [0.35, 0.35, 0.35]
		},
		"gui": {
			"rotation": [30, -40, 0],
			"translation": [-1.25, -0.75, 0],
			"scale": [0.55, 0.55, 0.55]
		},
		"head": {
			"translation": [0, -23.15, 9.25],
			"scale": [2.5, 2.5, 2.5]
		},
		"fixed": {
			"rotation": [90, 0, -180],
			"translation": [0, 0, -15],
			"scale": [2, 2, 2]
		}
	}
}