{
	"credit": "Made by LZLeon with Blockbench, Contact - Discord: LZBlocks#0261 - E-Mail: lzblocks@outlook.com",
	"texture_size": [128, 128],
	"textures": {
		"0": "item/decor/cozy2/cozy_sideboard",
		"particle": "item/decor/cozy2/cozy_sideboard"
	},
	"elements": [
		{
			"from": [0, 14, 0],
			"to": [32, 16, 16],
			"faces": {
				"north": {"uv": [2, 2, 6, 2.25], "texture": "#0"},
				"east": {"uv": [0, 2, 2, 2.25], "texture": "#0"},
				"south": {"uv": [8, 2, 12, 2.25], "texture": "#0"},
				"west": {"uv": [6, 2, 8, 2.25], "texture": "#0"},
				"up": {"uv": [6, 2, 2, 0], "texture": "#0"},
				"down": {"uv": [10, 0, 6, 2], "texture": "#0"}
			}
		},
		{
			"from": [1.5, 0, 1.5],
			"to": [30.5, 14, 14.5],
			"faces": {
				"north": {"uv": [1.625, 3.875, 5.25, 5.625], "texture": "#0"},
				"east": {"uv": [0, 3.875, 1.625, 5.625], "texture": "#0"},
				"south": {"uv": [6.875, 3.875, 10.5, 5.625], "texture": "#0"},
				"west": {"uv": [5.25, 3.875, 6.875, 5.625], "texture": "#0"},
				"up": {"uv": [5.25, 3.875, 1.625, 2.25], "texture": "#0"},
				"down": {"uv": [8.875, 2.25, 5.25, 3.875], "texture": "#0"}
			}
		},
		{
			"from": [0.5, 0.05859, 12.5],
			"to": [3.5, 14.05859, 15.5],
			"faces": {
				"north": {"uv": [0.375, 6, 0.75, 7.75], "texture": "#0"},
				"east": {"uv": [0, 6, 0.375, 7.75], "texture": "#0"},
				"south": {"uv": [1.125, 6, 1.5, 7.75], "texture": "#0"},
				"west": {"uv": [0.75, 6, 1.125, 7.75], "texture": "#0"},
				"up": {"uv": [0.75, 6, 0.375, 5.625], "texture": "#0"},
				"down": {"uv": [1.125, 5.625, 0.75, 6], "texture": "#0"}
			}
		},
		{
			"from": [28.5, 0.05859, 12.5],
			"to": [31.5, 14.05859, 15.5],
			"faces": {
				"north": {"uv": [0.375, 6, 0.75, 7.75], "texture": "#0"},
				"east": {"uv": [0, 6, 0.375, 7.75], "texture": "#0"},
				"south": {"uv": [1.125, 6, 1.5, 7.75], "texture": "#0"},
				"west": {"uv": [0.75, 6, 1.125, 7.75], "texture": "#0"},
				"up": {"uv": [0.75, 6, 0.375, 5.625], "texture": "#0"},
				"down": {"uv": [1.125, 5.625, 0.75, 6], "texture": "#0"}
			}
		},
		{
			"from": [28.5, 0.05859, 0.5],
			"to": [31.5, 14.05859, 3.5],
			"faces": {
				"north": {"uv": [0.375, 6, 0.75, 7.75], "texture": "#0"},
				"east": {"uv": [0, 6, 0.375, 7.75], "texture": "#0"},
				"south": {"uv": [1.125, 6, 1.5, 7.75], "texture": "#0"},
				"west": {"uv": [0.75, 6, 1.125, 7.75], "texture": "#0"},
				"up": {"uv": [0.75, 6, 0.375, 5.625], "texture": "#0"},
				"down": {"uv": [1.125, 5.625, 0.75, 6], "texture": "#0"}
			}
		},
		{
			"from": [0.5, 0.05859, 0.5],
			"to": [3.5, 14.05859, 3.5],
			"faces": {
				"north": {"uv": [0.375, 6, 0.75, 7.75], "texture": "#0"},
				"east": {"uv": [0, 6, 0.375, 7.75], "texture": "#0"},
				"south": {"uv": [1.125, 6, 1.5, 7.75], "texture": "#0"},
				"west": {"uv": [0.75, 6, 1.125, 7.75], "texture": "#0"},
				"up": {"uv": [0.75, 6, 0.375, 5.625], "texture": "#0"},
				"down": {"uv": [1.125, 5.625, 0.75, 6], "texture": "#0"}
			}
		}
	],
	"display": {
		"thirdperson_righthand": {
			"rotation": [60, -160, 0],
			"translation": [5.25, 6, -1],
			"scale": [0.6, 0.6, 0.6]
		},
		"thirdperson_lefthand": {
			"rotation": [60, -160, 0],
			"translation": [-4.25, 2.75, -1],
			"scale": [0.6, 0.6, 0.6]
		},
		"firstperson_righthand": {
			"rotation": [0, -73, 6],
			"translation": [-2, 0.75, 0],
			"scale": [0.4, 0.4, 0.4]
		},
		"firstperson_lefthand": {
			"rotation": [0, -73, 6],
			"translation": [1.5, 0.75, 4],
			"scale": [0.4, 0.4, 0.4]
		},
		"ground": {
			"translation": [-3, 1.5, 0],
			"scale": [0.35, 0.35, 0.35]
		},
		"gui": {
			"rotation": [30, -40, 0],
			"translation": [-2.25, 1, 0],
			"scale": [0.4, 0.4, 0.4]
		},
		"head": {
			"translation": [0, -30.4, 0],
			"scale": [1.6, 1.6, 1.6]
		},
		"fixed": {
			"rotation": [90, 0, -180],
			"translation": [0, 0, -15],
			"scale": [2, 2, 2]
		}
	}
}