{
	"credit": "Made by LZLeon with Blockbench, Contact - Discord: LZBlocks#0261 - E-Mail: lzblocks@outlook.com",
	"texture_size": [128, 128],
	"textures": {
		"0": "item/decor/cozy2/cozy_bench",
		"particle": "item/decor/cozy2/cozy_bench"
	},
	"elements": [
		{
			"from": [1, 7, 1],
			"to": [31, 10, 15],
			"faces": {
				"north": {"uv": [1.75, 1.75, 5.5, 2.125], "texture": "#0"},
				"east": {"uv": [0, 1.75, 1.75, 2.125], "texture": "#0"},
				"south": {"uv": [7.25, 1.75, 11, 2.125], "texture": "#0"},
				"west": {"uv": [5.5, 1.75, 7.25, 2.125], "texture": "#0"},
				"up": {"uv": [5.5, 1.75, 1.75, 0], "texture": "#0"},
				"down": {"uv": [9.25, 0, 5.5, 1.75], "texture": "#0"}
			}
		},
		{
			"from": [2, 0, 11],
			"to": [5, 7, 14],
			"faces": {
				"north": {"uv": [0.375, 0.375, 0.75, 1.25], "texture": "#0"},
				"east": {"uv": [0, 0.375, 0.375, 1.25], "texture": "#0"},
				"south": {"uv": [1.125, 0.375, 1.5, 1.25], "texture": "#0"},
				"west": {"uv": [0.75, 0.375, 1.125, 1.25], "texture": "#0"},
				"up": {"uv": [0.75, 0.375, 0.375, 0], "texture": "#0"},
				"down": {"uv": [1.125, 0, 0.75, 0.375], "texture": "#0"}
			}
		},
		{
			"from": [27, 0, 11],
			"to": [30, 7, 14],
			"faces": {
				"north": {"uv": [0.375, 0.375, 0.75, 1.25], "texture": "#0"},
				"east": {"uv": [0, 0.375, 0.375, 1.25], "texture": "#0"},
				"south": {"uv": [1.125, 0.375, 1.5, 1.25], "texture": "#0"},
				"west": {"uv": [0.75, 0.375, 1.125, 1.25], "texture": "#0"},
				"up": {"uv": [0.75, 0.375, 0.375, 0], "texture": "#0"},
				"down": {"uv": [1.125, 0, 0.75, 0.375], "texture": "#0"}
			}
		},
		{
			"from": [27, 0, 2],
			"to": [30, 7, 5],
			"faces": {
				"north": {"uv": [0.375, 0.375, 0.75, 1.25], "texture": "#0"},
				"east": {"uv": [0, 0.375, 0.375, 1.25], "texture": "#0"},
				"south": {"uv": [1.125, 0.375, 1.5, 1.25], "texture": "#0"},
				"west": {"uv": [0.75, 0.375, 1.125, 1.25], "texture": "#0"},
				"up": {"uv": [0.75, 0.375, 0.375, 0], "texture": "#0"},
				"down": {"uv": [1.125, 0, 0.75, 0.375], "texture": "#0"}
			}
		},
		{
			"from": [2, 0, 2],
			"to": [5, 7, 5],
			"faces": {
				"north": {"uv": [0.375, 0.375, 0.75, 1.25], "texture": "#0"},
				"east": {"uv": [0, 0.375, 0.375, 1.25], "texture": "#0"},
				"south": {"uv": [1.125, 0.375, 1.5, 1.25], "texture": "#0"},
				"west": {"uv": [0.75, 0.375, 1.125, 1.25], "texture": "#0"},
				"up": {"uv": [0.75, 0.375, 0.375, 0], "texture": "#0"},
				"down": {"uv": [1.125, 0, 0.75, 0.375], "texture": "#0"}
			}
		}
	],
	"display": {
		"thirdperson_righthand": {
			"rotation": [60, -170, 0],
			"translation": [6.75, 4.5, -1.75],
			"scale": [0.6, 0.6, 0.6]
		},
		"thirdperson_lefthand": {
			"rotation": [60, -170, 0],
			"translation": [-2.25, 3, -0.5],
			"scale": [0.6, 0.6, 0.6]
		},
		"firstperson_righthand": {
			"rotation": [0, -73, 6],
			"translation": [-1.25, 2.25, 0],
			"scale": [0.4, 0.4, 0.4]
		},
		"firstperson_lefthand": {
			"rotation": [0, -73, 6],
			"translation": [-1.25, 2.25, 4.75],
			"scale": [0.4, 0.4, 0.4]
		},
		"ground": {
			"translation": [-3, 1.5, 0],
			"scale": [0.35, 0.35, 0.35]
		},
		"gui": {
			"rotation": [30, -40, 0],
			"translation": [-2.75, 2.25, 0],
			"scale": [0.45, 0.45, 0.45]
		},
		"head": {
			"translation": [0, -30.4, 0],
			"scale": [1.6, 1.6, 1.6]
		},
		"fixed": {
			"rotation": [90, 0, -180],
			"translation": [0, 0, -14],
			"scale": [2, 2, 2]
		}
	}
}