{
	"credit": "Made by LZLeon with Blockbench, Contact - Discord: LZBlocks#0261 - E-Mail: lzblocks@outlook.com",
	"texture_size": [64, 64],
	"textures": {
		"0": "item/decor/cozy2/cozy_book",
		"particle": "item/decor/cozy2/cozy_book"
	},
	"elements": [
		{
			"from": [4.5, 0, 2.5],
			"to": [5.5, 4, 13.5],
			"rotation": {"angle": 0, "axis": "y", "origin": [8, 0, 8]},
			"faces": {
				"north": {"uv": [9, 3, 9.25, 4], "texture": "#0"},
				"east": {"uv": [6.25, 3, 9, 4], "texture": "#0"},
				"south": {"uv": [12, 3, 12.25, 4], "texture": "#0"},
				"west": {"uv": [9.25, 3, 12, 4], "texture": "#0"},
				"up": {"uv": [9.25, 3, 9, 0.25], "texture": "#0"},
				"down": {"uv": [9.5, 0.25, 9.25, 3], "texture": "#0"}
			}
		},
		{
			"from": [5.5, 0, 2.5],
			"to": [12.5, 1, 13.5],
			"rotation": {"angle": 0, "axis": "y", "origin": [8, 0, 8]},
			"faces": {
				"north": {"uv": [2.75, 5.75, 4.5, 6], "texture": "#0"},
				"east": {"uv": [0, 5.75, 2.75, 6], "texture": "#0"},
				"south": {"uv": [7.25, 5.75, 9, 6], "texture": "#0"},
				"west": {"uv": [4.5, 5.75, 7.25, 6], "texture": "#0"},
				"up": {"uv": [4.5, 5.75, 2.75, 3], "texture": "#0"},
				"down": {"uv": [6.25, 3, 4.5, 5.75], "texture": "#0"}
			}
		},
		{
			"from": [11.5, 1, 6.5],
			"to": [12.5, 3, 9.5],
			"rotation": {"angle": 0, "axis": "y", "origin": [8, 0, 8]},
			"faces": {
				"north": {"uv": [0.75, 0.75, 1, 1.25], "texture": "#0"},
				"east": {"uv": [0, 0.75, 0.75, 1.25], "texture": "#0"},
				"south": {"uv": [1.75, 0.75, 2, 1.25], "texture": "#0"},
				"west": {"uv": [1, 0.75, 1.75, 1.25], "texture": "#0"},
				"up": {"uv": [1, 0.75, 0.75, 0], "texture": "#0"},
				"down": {"uv": [1.25, 0, 1, 0.75], "texture": "#0"}
			}
		},
		{
			"from": [5.5, 3, 2.5],
			"to": [12.5, 4, 13.5],
			"rotation": {"angle": 0, "axis": "y", "origin": [8, 0, 8]},
			"faces": {
				"north": {"uv": [2.75, 2.75, 4.5, 3], "texture": "#0"},
				"east": {"uv": [0, 2.75, 2.75, 3], "texture": "#0"},
				"south": {"uv": [7.25, 2.75, 9, 3], "texture": "#0"},
				"west": {"uv": [4.5, 2.75, 7.25, 3], "texture": "#0"},
				"up": {"uv": [4.5, 2.75, 2.75, 0], "texture": "#0"},
				"down": {"uv": [6.25, 0, 4.5, 2.75], "texture": "#0"}
			}
		},
		{
			"from": [5, 1, 3],
			"to": [12, 3, 13],
			"rotation": {"angle": 0, "axis": "y", "origin": [8, 0, 8]},
			"faces": {
				"north": {"uv": [2.5, 8.5, 4.25, 9], "texture": "#0"},
				"east": {"uv": [0, 8.5, 2.5, 9], "texture": "#0"},
				"south": {"uv": [6.75, 8.5, 8.5, 9], "texture": "#0"},
				"west": {"uv": [4.25, 8.5, 6.75, 9], "texture": "#0"},
				"up": {"uv": [4.25, 8.5, 2.5, 6], "texture": "#0"},
				"down": {"uv": [6, 6, 4.25, 8.5], "texture": "#0"}
			}
		}
	],
	"display": {
		"thirdperson_righthand": {
			"rotation": [60, 122, 0],
			"translation": [-1, 6, 5]
		},
		"thirdperson_lefthand": {
			"rotation": [60, -58, 0],
			"translation": [-1, 6, 5]
		},
		"firstperson_righthand": {
			"rotation": [0, -73, 6],
			"translation": [0, 3.75, 0],
			"scale": [-0.6, 0.6, -0.6]
		},
		"firstperson_lefthand": {
			"rotation": [0, -73, 6],
			"translation": [0, 3.75, 0],
			"scale": [-0.6, 0.6, -0.6]
		},
		"ground": {
			"translation": [0, 3.75, 0],
			"scale": [0.8, 0.8, 0.8]
		},
		"gui": {
			"rotation": [30, -40, 0],
			"translation": [-0.25, 4.75, 0]
		},
		"head": {
			"translation": [0, -30.4, 0],
			"scale": [1.6, 1.6, 1.6]
		},
		"fixed": {
			"rotation": [-90, -180, 0],
			"translation": [0, 0, -16],
			"scale": [2, 2, 2]
		}
	}
}