{
	"credit": "Made by LZLeon with Blockbench, Contact - Discord: LZBlocks#0261 - E-Mail: lzblocks@outlook.com",
	"texture_size": [128, 128],
	"textures": {
		"1": "item/decor/cozy2/cozy_television"
	},
	"elements": [
		{
			"from": [-3, 0, 2],
			"to": [19, 15, 14],
			"faces": {
				"north": {"uv": [1.5, 1.5, 4.25, 3.375], "texture": "#1"},
				"east": {"uv": [0, 1.5, 1.5, 3.375], "texture": "#1"},
				"south": {"uv": [5.75, 1.5, 8.5, 3.375], "texture": "#1"},
				"west": {"uv": [4.25, 1.5, 5.75, 3.375], "texture": "#1"},
				"up": {"uv": [4.25, 1.5, 1.5, 0], "texture": "#1"},
				"down": {"uv": [7, 0, 4.25, 1.5], "texture": "#1"}
			}
		},
		{
			"from": [3, 14, 8],
			"to": [3, 27, 9],
			"rotation": {"angle": 22.5, "axis": "z", "origin": [3, 15, 8.5]},
			"faces": {
				"north": {"uv": [0.125, 3.375, 0.125, 5], "texture": "#1"},
				"east": {"uv": [0, 3.375, 0.125, 5], "texture": "#1"},
				"south": {"uv": [0.25, 3.375, 0.25, 5], "texture": "#1"},
				"west": {"uv": [0.125, 3.375, 0.25, 5], "texture": "#1"},
				"up": {"uv": [0.125, 3.375, 0.125, 3.25], "texture": "#1"},
				"down": {"uv": [0.125, 3.25, 0.125, 3.375], "texture": "#1"}
			}
		},
		{
			"from": [3, 14, 8],
			"to": [3, 27, 9],
			"rotation": {"angle": -22.5, "axis": "z", "origin": [3, 15, 8.5]},
			"faces": {
				"north": {"uv": [0.125, 3.375, 0.125, 5], "texture": "#1"},
				"east": {"uv": [0, 3.375, 0.125, 5], "texture": "#1"},
				"south": {"uv": [0.25, 3.375, 0.25, 5], "texture": "#1"},
				"west": {"uv": [0.125, 3.375, 0.25, 5], "texture": "#1"},
				"up": {"uv": [0.125, 3.375, 0.125, 3.25], "texture": "#1"},
				"down": {"uv": [0.125, 3.25, 0.125, 3.375], "texture": "#1"}
			}
		}
	],
	"display": {
		"thirdperson_righthand": {
			"rotation": [60, -160, 0],
			"translation": [0.75, 4.25, 0.75],
			"scale": [0.6, 0.6, 0.6]
		},
		"thirdperson_lefthand": {
			"rotation": [60, -160, 0],
			"translation": [0.75, 4.25, 0.75],
			"scale": [0.6, 0.6, 0.6]
		},
		"firstperson_righthand": {
			"rotation": [0, -73, 6],
			"translation": [-1.75, 0, 0],
			"scale": [0.4, 0.4, 0.4]
		},
		"firstperson_lefthand": {
			"rotation": [0, -73, 6],
			"translation": [-1.75, 0, 0],
			"scale": [0.4, 0.4, 0.4]
		},
		"ground": {
			"translation": [0, 1.5, 0],
			"scale": [0.35, 0.35, 0.35]
		},
		"gui": {
			"rotation": [30, -40, 0],
			"translation": [-0.25, -1, 0],
			"scale": [0.45, 0.45, 0.45]
		},
		"head": {
			"translation": [0, -30.4, 0],
			"scale": [1.6, 1.6, 1.6]
		},
		"fixed": {
			"rotation": [90, 0, -180],
			"translation": [0, 0, -14],
			"scale": [2, 2, 2]
		}
	}
}