{
	"credit": "Made by LZLeon with Blockbench, Contact - Discord: LZBlocks#0261 - E-Mail: lzblocks@outlook.com",
	"texture_size": [128, 128],
	"textures": {
		"0": "item/decor/cozy2/cozy_sofa",
		"particle": "item/decor/cozy2/cozy_sofa"
	},
	"elements": [
		{
			"from": [0, 2, 0],
			"to": [32, 9, 16],
			"faces": {
				"north": {"uv": [2, 2, 6, 2.875], "texture": "#0"},
				"east": {"uv": [0, 2, 2, 2.875], "texture": "#0"},
				"south": {"uv": [8, 2, 12, 2.875], "texture": "#0"},
				"west": {"uv": [6, 2, 8, 2.875], "texture": "#0"},
				"up": {"uv": [6, 2, 2, 0], "texture": "#0"},
				"down": {"uv": [10, 0, 6, 2], "texture": "#0"}
			}
		},
		{
			"from": [5, 9, 0],
			"to": [27, 17, 7],
			"faces": {
				"north": {"uv": [0.875, 3.75, 3.625, 4.75], "texture": "#0"},
				"east": {"uv": [0, 3.75, 0.875, 4.75], "texture": "#0"},
				"south": {"uv": [4.5, 3.75, 7.25, 4.75], "texture": "#0"},
				"west": {"uv": [3.625, 3.75, 4.5, 4.75], "texture": "#0"},
				"up": {"uv": [3.625, 3.75, 0.875, 2.875], "texture": "#0"},
				"down": {"uv": [6.375, 2.875, 3.625, 3.75], "texture": "#0"}
			}
		},
		{
			"from": [0, 9, 0],
			"to": [5, 15, 16],
			"faces": {
				"north": {"uv": [2, 6.75, 2.625, 7.5], "texture": "#0"},
				"east": {"uv": [0, 6.75, 2, 7.5], "texture": "#0"},
				"south": {"uv": [4.625, 6.75, 5.25, 7.5], "texture": "#0"},
				"west": {"uv": [2.625, 6.75, 4.625, 7.5], "texture": "#0"},
				"up": {"uv": [2.625, 6.75, 2, 4.75], "texture": "#0"},
				"down": {"uv": [3.25, 4.75, 2.625, 6.75], "texture": "#0"}
			}
		},
		{
			"from": [27, 9, 0],
			"to": [32, 15, 16],
			"shade": false,
			"rotation": {"angle": 0, "axis": "y", "origin": [16, 0, 0]},
			"faces": {
				"north": {"uv": [2.625, 6.75, 2, 7.5], "texture": "#0"},
				"east": {"uv": [4.625, 6.75, 2.625, 7.5], "texture": "#0"},
				"south": {"uv": [5.25, 6.75, 4.625, 7.5], "texture": "#0"},
				"west": {"uv": [2, 6.75, 0, 7.5], "texture": "#0"},
				"up": {"uv": [2, 6.75, 2.625, 4.75], "texture": "#0"},
				"down": {"uv": [2.625, 4.75, 3.25, 6.75], "texture": "#0"}
			}
		},
		{
			"from": [1, 0, 12],
			"to": [4, 2, 15],
			"faces": {
				"north": {"uv": [0.375, 0.375, 0.75, 0.625], "texture": "#0"},
				"east": {"uv": [0, 0.375, 0.375, 0.625], "texture": "#0"},
				"south": {"uv": [1.125, 0.375, 1.5, 0.625], "texture": "#0"},
				"west": {"uv": [0.75, 0.375, 1.125, 0.625], "texture": "#0"},
				"up": {"uv": [0.75, 0.375, 0.375, 0], "texture": "#0"},
				"down": {"uv": [1.125, 0, 0.75, 0.375], "texture": "#0"}
			}
		},
		{
			"from": [1, 0, 1],
			"to": [4, 2, 4],
			"faces": {
				"north": {"uv": [0.375, 0.375, 0.75, 0.625], "texture": "#0"},
				"east": {"uv": [0, 0.375, 0.375, 0.625], "texture": "#0"},
				"south": {"uv": [1.125, 0.375, 1.5, 0.625], "texture": "#0"},
				"west": {"uv": [0.75, 0.375, 1.125, 0.625], "texture": "#0"},
				"up": {"uv": [0.75, 0.375, 0.375, 0], "texture": "#0"},
				"down": {"uv": [1.125, 0, 0.75, 0.375], "texture": "#0"}
			}
		},
		{
			"from": [28, 0, 1],
			"to": [31, 2, 4],
			"faces": {
				"north": {"uv": [0.375, 0.375, 0.75, 0.625], "texture": "#0"},
				"east": {"uv": [0, 0.375, 0.375, 0.625], "texture": "#0"},
				"south": {"uv": [1.125, 0.375, 1.5, 0.625], "texture": "#0"},
				"west": {"uv": [0.75, 0.375, 1.125, 0.625], "texture": "#0"},
				"up": {"uv": [0.75, 0.375, 0.375, 0], "texture": "#0"},
				"down": {"uv": [1.125, 0, 0.75, 0.375], "texture": "#0"}
			}
		},
		{
			"from": [28, 0, 12],
			"to": [31, 2, 15],
			"faces": {
				"north": {"uv": [0.375, 0.375, 0.75, 0.625], "texture": "#0"},
				"east": {"uv": [0, 0.375, 0.375, 0.625], "texture": "#0"},
				"south": {"uv": [1.125, 0.375, 1.5, 0.625], "texture": "#0"},
				"west": {"uv": [0.75, 0.375, 1.125, 0.625], "texture": "#0"},
				"up": {"uv": [0.75, 0.375, 0.375, 0], "texture": "#0"},
				"down": {"uv": [1.125, 0, 0.75, 0.375], "texture": "#0"}
			}
		}
	],
	"display": {
		"thirdperson_righthand": {
			"rotation": [60, -170, 0],
			"translation": [6.25, 4.25, -3],
			"scale": [0.6, 0.6, 0.6]
		},
		"thirdperson_lefthand": {
			"rotation": [60, -170, 0],
			"translation": [-4, 3, -2],
			"scale": [0.6, 0.6, 0.6]
		},
		"firstperson_righthand": {
			"rotation": [0, -73, 6],
			"translation": [-1.25, 0, -2.5],
			"scale": [0.35, 0.35, 0.35]
		},
		"firstperson_lefthand": {
			"rotation": [0, -73, 6],
			"translation": [0.75, 0.25, 2.5],
			"scale": [0.35, 0.35, 0.35]
		},
		"ground": {
			"translation": [-3, 1.5, 0],
			"scale": [0.35, 0.35, 0.35]
		},
		"gui": {
			"rotation": [30, -40, 0],
			"translation": [-2.25, 0.75, 0],
			"scale": [0.38, 0.38, 0.38]
		},
		"head": {
			"translation": [0, -30.4, 0],
			"scale": [1.6, 1.6, 1.6]
		},
		"fixed": {
			"rotation": [90, 0, -180],
			"translation": [0, 0, -15],
			"scale": [2, 2, 2]
		}
	}
}