{
	"credit": "Made by LZLeon with Blockbench, Contact - Discord: LZBlocks#0261 - E-Mail: lzblocks@outlook.com",
	"texture_size": [128, 128],
	"textures": {
		"0": "item/decor/cozy2/cozy_painting",
		"particle": "item/decor/cozy2/cozy_painting"
	},
	"elements": [
		{
			"from": [13, -15.74556, 1.8518],
			"to": [19, -12.74556, 2.8518],
			"rotation": {"angle": -22.5, "axis": "x", "origin": [-18, -15.00025, 0.0518]},
			"faces": {
				"north": {"uv": [2.125, 6.625, 2.875, 7], "texture": "#0"},
				"east": {"uv": [2, 6.625, 2.125, 7], "texture": "#0"},
				"south": {"uv": [3, 6.625, 3.75, 7], "texture": "#0"},
				"west": {"uv": [2.875, 6.625, 3, 7], "texture": "#0"},
				"up": {"uv": [2.875, 6.625, 2.125, 6.5], "texture": "#0"},
				"down": {"uv": [3.625, 6.5, 2.875, 6.625], "texture": "#0"}
			}
		},
		{
			"from": [-1, 30, 0],
			"to": [32, 32, 2],
			"rotation": {"angle": 0, "axis": "y", "origin": [0, -15, 0]},
			"faces": {
				"north": {"uv": [0.25, 6.25, 4.375, 6.5], "texture": "#0"},
				"east": {"uv": [0, 6.25, 0.25, 6.5], "texture": "#0"},
				"south": {"uv": [4.625, 6.25, 8.75, 6.5], "texture": "#0"},
				"west": {"uv": [4.375, 6.25, 4.625, 6.5], "texture": "#0"},
				"up": {"uv": [4.375, 6.25, 0.25, 6], "texture": "#0"},
				"down": {"uv": [8.5, 6, 4.375, 6.25], "texture": "#0"}
			}
		},
		{
			"from": [-1, -15, 0],
			"to": [32, -13, 2],
			"rotation": {"angle": 0, "axis": "y", "origin": [0, -15, 0]},
			"faces": {
				"north": {"uv": [0.25, 6.25, 4.375, 6.5], "texture": "#0"},
				"east": {"uv": [0, 6.25, 0.25, 6.5], "texture": "#0"},
				"south": {"uv": [4.625, 6.25, 8.75, 6.5], "texture": "#0"},
				"west": {"uv": [4.375, 6.25, 4.625, 6.5], "texture": "#0"},
				"up": {"uv": [4.375, 6.25, 0.25, 6], "texture": "#0"},
				"down": {"uv": [8.5, 6, 4.375, 6.25], "texture": "#0"}
			}
		},
		{
			"from": [30, -13, 0],
			"to": [32, 30, 2],
			"rotation": {"angle": 0, "axis": "y", "origin": [0, -15, 0]},
			"faces": {
				"north": {"uv": [1.25, 6.75, 1.5, 12.125], "texture": "#0"},
				"east": {"uv": [1, 6.75, 1.25, 12.125], "texture": "#0"},
				"south": {"uv": [1.75, 6.75, 2, 12.125], "texture": "#0"},
				"west": {"uv": [1.5, 6.75, 1.75, 12.125], "texture": "#0"},
				"up": {"uv": [1.5, 6.75, 1.25, 6.5], "texture": "#0"},
				"down": {"uv": [1.75, 6.5, 1.5, 6.75], "texture": "#0"}
			}
		},
		{
			"from": [-1, -13, 0],
			"to": [1, 30, 2],
			"rotation": {"angle": 0, "axis": "y", "origin": [0, -15, 0]},
			"faces": {
				"north": {"uv": [1.25, 6.75, 1.5, 12.125], "texture": "#0"},
				"east": {"uv": [1, 6.75, 1.25, 12.125], "texture": "#0"},
				"south": {"uv": [1.75, 6.75, 2, 12.125], "texture": "#0"},
				"west": {"uv": [1.5, 6.75, 1.75, 12.125], "texture": "#0"},
				"up": {"uv": [1.5, 6.75, 1.25, 6.5], "texture": "#0"},
				"down": {"uv": [1.75, 6.5, 1.5, 6.75], "texture": "#0"}
			}
		},
		{
			"from": [1, -13, 0.5],
			"to": [30, 30, 1.5],
			"rotation": {"angle": 0, "axis": "y", "origin": [0, -15, 0]},
			"faces": {
				"north": {"uv": [0.125, 0.125, 3.75, 5.5], "texture": "#0"},
				"east": {"uv": [0, 0.125, 0.125, 5.5], "texture": "#0"},
				"south": {"uv": [3.875, 0.125, 7.5, 5.5], "texture": "#0"},
				"west": {"uv": [3.75, 0.125, 3.875, 5.5], "texture": "#0"},
				"up": {"uv": [3.75, 0.125, 0.125, 0], "texture": "#0"},
				"down": {"uv": [7.375, 0, 3.75, 0.125], "texture": "#0"}
			}
		}
	],
	"display": {
		"thirdperson_righthand": {
			"rotation": [60, -160, 0],
			"translation": [6, 7.75, -1.25],
			"scale": [0.6, 0.6, 0.6]
		},
		"thirdperson_lefthand": {
			"rotation": [60, -160, 0],
			"translation": [-1.5, 4.5, -1.25],
			"scale": [0.6, 0.6, 0.6]
		},
		"firstperson_righthand": {
			"rotation": [0, -73, 6],
			"translation": [-5.5, -4.5, 0],
			"scale": [0.4, 0.4, 0.4]
		},
		"firstperson_lefthand": {
			"rotation": [0, -73, 6],
			"translation": [2.5, -4.5, 0],
			"scale": [0.4, 0.4, 0.4]
		},
		"ground": {
			"translation": [-3.25, 5.25, 3],
			"scale": [0.35, 0.35, 0.35]
		},
		"gui": {
			"rotation": [30, -40, 0],
			"translation": [-3, -0.25, 0],
			"scale": [0.3, 0.3, 0.3]
		},
		"head": {
			"translation": [0, -6.4, 0],
			"scale": [1.6, 1.6, 1.6]
		},
		"fixed": {
			"rotation": [0, -180, 0],
			"translation": [-2, 30, -16],
			"scale": [2, 2, 2]
		}
	}
}