{
  "variants": {
    "": [
      { "model": "minecraft:block/lily_pad", "weight": 7 },
      { "model": "minecraft:block/lily_pad", "y": 90, "weight": 7 },
      { "model": "minecraft:block/lily_pad", "y": 180, "weight": 7 },
	  { "model": "minecraft:block/lily_pad", "y": 270, "weight": 7 },
	  { "model": "minecraft:block/lily_pad_1", "weight": 7 },
      { "model": "minecraft:block/lily_pad_1", "y": 90, "weight": 7 },
      { "model": "minecraft:block/lily_pad_1", "y": 180, "weight": 7 },
	  { "model": "minecraft:block/lily_pad_1", "y": 270, "weight": 7 },
	  { "model": "minecraft:block/lily_pad_2", "weight": 5 },
      { "model": "minecraft:block/lily_pad_2", "y": 90, "weight": 5 },
      { "model": "minecraft:block/lily_pad_2", "y": 180, "weight": 5 },
	  { "model": "minecraft:block/lily_pad_2", "y": 270, "weight": 5 },
	  { "model": "minecraft:block/lily_pad_3", "weight": 5 },
      { "model": "minecraft:block/lily_pad_3", "y": 90, "weight": 5 },
      { "model": "minecraft:block/lily_pad_3", "y": 180, "weight": 5 },
	  { "model": "minecraft:block/lily_pad_3", "y": 270, "weight": 5 },
	  { "model": "minecraft:block/lily_pad_4", "y": 270, "weight": 2 },
	  { "model": "minecraft:block/lily_pad_5", "y": 270, "weight": 2 }
    ]
  }
}
