{
	"credit": "Made with Blockbench",
	"texture_size": [32, 32],
	"textures": {
		"0": "item/etc/bubble_tea",
		"particle": "item/etc/bubble_tea"
	},
	"gui_light": "front",
	"elements": [
		{
			"name": "뚜껑",
			"from": [5.75, 5, 6.75],
			"to": [9.25, 5.35, 10.25],
			"faces": {
				"north": {"uv": [8.5, 8.5, 10.5, 9], "texture": "#0"},
				"east": {"uv": [9, 0, 11, 0.5], "texture": "#0"},
				"south": {"uv": [9, 0.5, 11, 1], "texture": "#0"},
				"west": {"uv": [9, 1, 11, 1.5], "texture": "#0"},
				"up": {"uv": [6, 6, 4, 4], "texture": "#0"},
				"down": {"uv": [2, 5, 0, 7], "texture": "#0"}
			}
		},
		{
			"name": "바닥",
			"from": [5.75, -0.15, 6.75],
			"to": [9.25, 0, 10.25],
			"faces": {
				"north": {"uv": [8.5, 6.5, 10.5, 7], "texture": "#0"},
				"east": {"uv": [8.5, 7, 10.5, 7.5], "texture": "#0"},
				"south": {"uv": [8.5, 7.5, 10.5, 8], "texture": "#0"},
				"west": {"uv": [8.5, 8, 10.5, 8.5], "texture": "#0"},
				"up": {"uv": [6, 2, 4, 0], "texture": "#0"},
				"down": {"uv": [6, 2, 4, 4], "texture": "#0"}
			}
		},
		{
			"name": "속",
			"from": [6, 0, 7],
			"to": [9, 5, 10],
			"faces": {
				"north": {"uv": [2, 5, 3.5, 7.5], "texture": "#0"},
				"east": {"uv": [6, 0, 7.5, 2.5], "texture": "#0"},
				"south": {"uv": [6, 2.5, 7.5, 5], "texture": "#0"},
				"west": {"uv": [3.5, 6, 5, 8.5], "texture": "#0"},
				"up": {"uv": [3, 9, 1.5, 7.5], "texture": "#0"},
				"down": {"uv": [9, 2.5, 7.5, 4], "texture": "#0"}
			}
		},
		{
			"from": [5.75, 0, 10],
			"to": [9.25, 5, 10.25],
			"faces": {
				"north": {"uv": [0, 2.5, 2, 5], "texture": "#0"},
				"east": {"uv": [3.5, 8.5, 4, 11], "texture": "#0"},
				"south": {"uv": [2, 2.5, 4, 5], "texture": "#0"},
				"west": {"uv": [4, 8.5, 4.5, 11], "texture": "#0"},
				"up": {"uv": [11, 3, 9, 2.5], "texture": "#0"},
				"down": {"uv": [11, 3, 9, 3.5], "texture": "#0"}
			}
		},
		{
			"from": [5.75, 0, 7],
			"to": [6, 5, 10],
			"faces": {
				"north": {"uv": [8.5, 4, 9, 6.5], "texture": "#0"},
				"east": {"uv": [5, 6, 6.5, 8.5], "texture": "#0"},
				"south": {"uv": [4.5, 8.5, 5, 11], "texture": "#0"},
				"west": {"uv": [6.5, 5, 8, 7.5], "texture": "#0"},
				"up": {"uv": [0.5, 12, 0, 10.5], "texture": "#0"},
				"down": {"uv": [1, 10.5, 0.5, 12], "texture": "#0"}
			}
		},
		{
			"from": [9, 0, 7],
			"to": [9.25, 5, 10],
			"faces": {
				"north": {"uv": [5, 8.5, 5.5, 11], "texture": "#0"},
				"east": {"uv": [0, 7, 1.5, 9.5], "texture": "#0"},
				"south": {"uv": [5.5, 8.5, 6, 11], "texture": "#0"},
				"west": {"uv": [7.5, 0, 9, 2.5], "texture": "#0"},
				"up": {"uv": [1.5, 12, 1, 10.5], "texture": "#0"},
				"down": {"uv": [2, 10.5, 1.5, 12], "texture": "#0"}
			}
		},
		{
			"from": [5.75, 0, 6.75],
			"to": [9.25, 5, 7],
			"faces": {
				"north": {"uv": [0, 0, 2, 2.5], "texture": "#0"},
				"east": {"uv": [8, 4, 8.5, 6.5], "texture": "#0"},
				"south": {"uv": [2, 0, 4, 2.5], "texture": "#0"},
				"west": {"uv": [8, 6.5, 8.5, 9], "texture": "#0"},
				"up": {"uv": [11, 2, 9, 1.5], "texture": "#0"},
				"down": {"uv": [11, 2, 9, 2.5], "texture": "#0"}
			}
		},
		{
			"from": [5.75, 4.75, 10.25],
			"to": [9.25, 5, 10.4],
			"faces": {
				"north": {"uv": [9, 3.5, 11, 4], "texture": "#0"},
				"east": {"uv": [3.5, 5, 4, 5.5], "texture": "#0"},
				"south": {"uv": [9, 4, 11, 4.5], "texture": "#0"},
				"west": {"uv": [3.5, 5.5, 4, 6], "texture": "#0"},
				"up": {"uv": [11, 5, 9, 4.5], "texture": "#0"},
				"down": {"uv": [11, 5, 9, 5.5], "texture": "#0"}
			}
		},
		{
			"from": [5.75, 4.75, 6.6],
			"to": [9.25, 5, 6.75],
			"faces": {
				"north": {"uv": [9, 5.5, 11, 6], "texture": "#0"},
				"east": {"uv": [6, 5, 6.5, 5.5], "texture": "#0"},
				"south": {"uv": [9, 6, 11, 6.5], "texture": "#0"},
				"west": {"uv": [6, 5.5, 6.5, 6], "texture": "#0"},
				"up": {"uv": [10, 9.5, 8, 9], "texture": "#0"},
				"down": {"uv": [2, 9.5, 0, 10], "texture": "#0"}
			}
		},
		{
			"from": [5.6, 4.75, 6.6],
			"to": [5.75, 5, 10.4],
			"rotation": {"angle": 0, "axis": "y", "origin": [7.5, 7, 5.875]},
			"faces": {
				"north": {"uv": [1.5, 7, 2, 7.5], "texture": "#0"},
				"east": {"uv": [8, 9.5, 10, 10], "texture": "#0"},
				"south": {"uv": [7.5, 4, 8, 4.5], "texture": "#0"},
				"west": {"uv": [0, 10, 2, 10.5], "texture": "#0"},
				"up": {"uv": [6.5, 10.5, 6, 8.5], "texture": "#0"},
				"down": {"uv": [2.5, 9, 2, 11], "texture": "#0"}
			}
		},
		{
			"from": [9.25, 4.75, 6.6],
			"to": [9.4, 5, 10.4],
			"rotation": {"angle": 0, "axis": "y", "origin": [7.5, 7, 5.875]},
			"faces": {
				"north": {"uv": [7.5, 4.5, 8, 5], "texture": "#0"},
				"east": {"uv": [8, 10, 10, 10.5], "texture": "#0"},
				"south": {"uv": [1.5, 9, 2, 9.5], "texture": "#0"},
				"west": {"uv": [10, 9, 12, 9.5], "texture": "#0"},
				"up": {"uv": [3, 11, 2.5, 9], "texture": "#0"},
				"down": {"uv": [10.5, 9.5, 10, 11.5], "texture": "#0"}
			}
		},
		{
			"from": [7.25, 2.9, 7.05],
			"to": [7.8, 8.9, 7.6],
			"rotation": {"angle": -22.5, "axis": "x", "origin": [8.125, 6, 7.875]},
			"faces": {
				"north": {"uv": [3, 7.5, 3.5, 10.5], "texture": "#0"},
				"east": {"uv": [6.5, 7.5, 7, 10.5], "texture": "#0"},
				"south": {"uv": [7, 7.5, 7.5, 10.5], "texture": "#0"},
				"west": {"uv": [7.5, 7.5, 8, 10.5], "texture": "#0"},
				"up": {"uv": [3.5, 11, 3, 10.5], "texture": "#0"},
				"down": {"uv": [6.5, 10.5, 6, 11], "texture": "#0"}
			}
		}
	],
	"display": {
		"thirdperson_righthand": {
			"rotation": [0, -180, 0],
			"translation": [-0.75, 5, -1.25]
		},
		"thirdperson_lefthand": {
			"rotation": [0, -180, 0],
			"translation": [0.5, 5, -1.25]
		},
		"firstperson_righthand": {
			"rotation": [0, -180, 0],
			"translation": [0, 5.5, 0],
			"scale": [1, 1, 0.65]
		},
		"firstperson_lefthand": {
			"rotation": [0, -180, 0],
			"translation": [0, 5.5, 0],
			"scale": [1, 1, 0.65]
		},
		"ground": {
			"translation": [0, 4.5, 0]
		},
		"gui": {
			"rotation": [18, 30.5, 0],
			"translation": [0.25, 6.25, 0],
			"scale": [1.6, 1.6, 1.6]
		},
		"head": {
			"rotation": [0, -180, 0],
			"translation": [-0.75, -6, -9],
			"scale": [1.4, 1.4, 1.4]
		},
		"fixed": {
			"translation": [1, 8.5, -1],
			"scale": [2, 2, 1.5]
		}
	},
	"groups": [0, 1,
		{
			"name": "통",
			"origin": [0, 0, 0],
			"color": 0,
			"children": [2, 3, 4, 5, 6]
		},
		{
			"name": "틀",
			"origin": [7.5, 7, 5.875],
			"color": 0,
			"children": [7, 8, 9, 10]
		}, 11]
}