{
	"credit": "Made with Blockbench",
	"texture_size": [32, 32],
	"textures": {
		"0": "item/etc/korea",
		"particle": "item/etc/korea"
	},
	"elements": [
		{
			"from": [4.353, 5.68071, 8.02898],
			"to": [11.721, 10.71271, 8.22898],
			"rotation": {"angle": 22.5, "axis": "z", "origin": [7.96024, 8.09137, 8]},
			"faces": {
				"north": {"uv": [0, 0, 3.5, 2.5], "texture": "#0"},
				"east": {"uv": [7, 3.5, 7.5, 6], "texture": "#0"},
				"south": {"uv": [0, 2.5, 3.5, 5], "texture": "#0"},
				"west": {"uv": [7.5, 3.5, 8, 6], "texture": "#0"},
				"up": {"uv": [3.5, 5.5, 0, 5], "texture": "#0"},
				"down": {"uv": [3.5, 5.5, 0, 6], "texture": "#0"}
			}
		},
		{
			"from": [6.81568, 7.94276, 7.83698],
			"to": [8.27168, 8.43076, 8.03698],
			"rotation": {"angle": 22.5, "axis": "z", "origin": [7.96024, 8.09137, 8]},
			"faces": {
				"north": {"uv": [8.5, 2, 9, 2.5], "texture": "#0"},
				"east": {"uv": [8.5, 3.5, 9, 4], "texture": "#0"},
				"south": {"uv": [8.5, 4, 9, 4.5], "texture": "#0"},
				"west": {"uv": [8.5, 4.5, 9, 5], "texture": "#0"},
				"up": {"uv": [9, 5.5, 8.5, 5], "texture": "#0"},
				"down": {"uv": [9, 5.5, 8.5, 6], "texture": "#0"}
			}
		},
		{
			"from": [6.77293, 7.96693, 7.83698],
			"to": [8.22893, 8.45493, 8.03698],
			"rotation": {"angle": 0, "axis": "y", "origin": [7.96024, 8.09137, 8]},
			"faces": {
				"north": {"uv": [8.5, 6.5, 9, 7], "texture": "#0"},
				"east": {"uv": [8.5, 7, 9, 7.5], "texture": "#0"},
				"south": {"uv": [8.5, 7.5, 9, 8], "texture": "#0"},
				"west": {"uv": [8.5, 8, 9, 8.5], "texture": "#0"},
				"up": {"uv": [9, 9.5, 8.5, 9], "texture": "#0"},
				"down": {"uv": [9.5, 9, 9, 9.5], "texture": "#0"}
			}
		},
		{
			"from": [7.7556, 7.9816, 7.83698],
			"to": [8.2436, 9.4376, 8.03698],
			"rotation": {"angle": 0, "axis": "y", "origin": [7.96024, 8.09137, 8]},
			"faces": {
				"north": {"uv": [9.5, 1, 10, 1.5], "texture": "#0"},
				"east": {"uv": [9.5, 1.5, 10, 2], "texture": "#0"},
				"south": {"uv": [9.5, 2, 10, 2.5], "texture": "#0"},
				"west": {"uv": [9.5, 3.5, 10, 4], "texture": "#0"},
				"up": {"uv": [10, 4.5, 9.5, 4], "texture": "#0"},
				"down": {"uv": [10, 4.5, 9.5, 5], "texture": "#0"}
			}
		},
		{
			"from": [7.77027, 7.96693, 7.83698],
			"to": [9.22627, 8.45493, 8.03698],
			"rotation": {"angle": 0, "axis": "y", "origin": [7.96024, 8.09137, 8]},
			"faces": {
				"north": {"uv": [10, 3.5, 10.5, 4], "texture": "#0"},
				"east": {"uv": [10, 4, 10.5, 4.5], "texture": "#0"},
				"south": {"uv": [10, 4.5, 10.5, 5], "texture": "#0"},
				"west": {"uv": [10, 5, 10.5, 5.5], "texture": "#0"},
				"up": {"uv": [10.5, 6, 10, 5.5], "texture": "#0"},
				"down": {"uv": [10.5, 6, 10, 6.5], "texture": "#0"}
			}
		},
		{
			"from": [7.7556, 6.98426, 7.83698],
			"to": [8.2436, 8.44026, 8.03698],
			"rotation": {"angle": 0, "axis": "y", "origin": [7.96024, 8.09137, 8]},
			"faces": {
				"north": {"uv": [10.5, 8.5, 11, 9], "texture": "#0"},
				"east": {"uv": [10.5, 9, 11, 9.5], "texture": "#0"},
				"south": {"uv": [10.5, 9.5, 11, 10], "texture": "#0"},
				"west": {"uv": [10.5, 10, 11, 10.5], "texture": "#0"},
				"up": {"uv": [4, 11.5, 3.5, 11], "texture": "#0"},
				"down": {"uv": [4.5, 11, 4, 11.5], "texture": "#0"}
			}
		},
		{
			"from": [7.8286, 7.91875, 7.83698],
			"to": [8.3166, 9.37475, 8.03698],
			"rotation": {"angle": 45, "axis": "z", "origin": [7.96024, 8.09137, 8]},
			"faces": {
				"north": {"uv": [9, 0.5, 9.5, 1], "texture": "#0"},
				"east": {"uv": [9, 1, 9.5, 1.5], "texture": "#0"},
				"south": {"uv": [9, 1.5, 9.5, 2], "texture": "#0"},
				"west": {"uv": [9, 2, 9.5, 2.5], "texture": "#0"},
				"up": {"uv": [9.5, 4, 9, 3.5], "texture": "#0"},
				"down": {"uv": [9.5, 4, 9, 4.5], "texture": "#0"}
			}
		},
		{
			"from": [7.84328, 7.90408, 7.83698],
			"to": [9.29928, 8.39208, 8.03698],
			"rotation": {"angle": 45, "axis": "z", "origin": [7.96024, 8.09137, 8]},
			"faces": {
				"north": {"uv": [9.5, 5, 10, 5.5], "texture": "#0"},
				"east": {"uv": [9.5, 5.5, 10, 6], "texture": "#0"},
				"south": {"uv": [9.5, 6.5, 10, 7], "texture": "#0"},
				"west": {"uv": [9.5, 7, 10, 7.5], "texture": "#0"},
				"up": {"uv": [10, 8, 9.5, 7.5], "texture": "#0"},
				"down": {"uv": [10, 8, 9.5, 8.5], "texture": "#0"}
			}
		},
		{
			"from": [7.79835, 7.95743, 7.83698],
			"to": [8.28635, 9.41343, 8.03698],
			"rotation": {"angle": 22.5, "axis": "z", "origin": [7.96024, 8.09137, 8]},
			"faces": {
				"north": {"uv": [9, 8, 9.5, 8.5], "texture": "#0"},
				"east": {"uv": [9, 8.5, 9.5, 9], "texture": "#0"},
				"south": {"uv": [8.5, 9.5, 9, 10], "texture": "#0"},
				"west": {"uv": [9, 9.5, 9.5, 10], "texture": "#0"},
				"up": {"uv": [10, 10, 9.5, 9.5], "texture": "#0"},
				"down": {"uv": [10, 0.5, 9.5, 1], "texture": "#0"}
			}
		},
		{
			"from": [7.8286, 6.92141, 7.83698],
			"to": [8.3166, 8.37741, 8.03698],
			"rotation": {"angle": 45, "axis": "z", "origin": [7.96024, 8.09137, 8]},
			"faces": {
				"north": {"uv": [10, 9.5, 10.5, 10], "texture": "#0"},
				"east": {"uv": [8, 10.5, 8.5, 11], "texture": "#0"},
				"south": {"uv": [8.5, 10.5, 9, 11], "texture": "#0"},
				"west": {"uv": [9, 10.5, 9.5, 11], "texture": "#0"},
				"up": {"uv": [10, 11, 9.5, 10.5], "texture": "#0"},
				"down": {"uv": [10.5, 10.5, 10, 11], "texture": "#0"}
			}
		},
		{
			"from": [6.84593, 7.90408, 7.83698],
			"to": [8.30193, 8.39208, 8.03698],
			"rotation": {"angle": 45, "axis": "z", "origin": [7.96024, 8.09137, 8]},
			"faces": {
				"north": {"uv": [10.5, 2.5, 11, 3], "texture": "#0"},
				"east": {"uv": [10.5, 3, 11, 3.5], "texture": "#0"},
				"south": {"uv": [10.5, 3.5, 11, 4], "texture": "#0"},
				"west": {"uv": [10.5, 4, 11, 4.5], "texture": "#0"},
				"up": {"uv": [11, 5, 10.5, 4.5], "texture": "#0"},
				"down": {"uv": [11, 5, 10.5, 5.5], "texture": "#0"}
			}
		},
		{
			"from": [7.81302, 7.94276, 7.83698],
			"to": [9.26902, 8.43076, 8.03698],
			"rotation": {"angle": 22.5, "axis": "z", "origin": [7.96024, 8.09137, 8]},
			"faces": {
				"north": {"uv": [9.5, 8.5, 10, 9], "texture": "#0"},
				"east": {"uv": [9.5, 9, 10, 9.5], "texture": "#0"},
				"south": {"uv": [8.5, 10, 9, 10.5], "texture": "#0"},
				"west": {"uv": [9, 10, 9.5, 10.5], "texture": "#0"},
				"up": {"uv": [10, 10.5, 9.5, 10], "texture": "#0"},
				"down": {"uv": [10.5, 10, 10, 10.5], "texture": "#0"}
			}
		},
		{
			"from": [7.79835, 6.96009, 7.83698],
			"to": [8.28635, 8.41609, 8.03698],
			"rotation": {"angle": 22.5, "axis": "z", "origin": [7.96024, 8.09137, 8]},
			"faces": {
				"north": {"uv": [10.5, 10.5, 11, 11], "texture": "#0"},
				"east": {"uv": [10.5, 0, 11, 0.5], "texture": "#0"},
				"south": {"uv": [10.5, 0.5, 11, 1], "texture": "#0"},
				"west": {"uv": [10.5, 1, 11, 1.5], "texture": "#0"},
				"up": {"uv": [11, 2, 10.5, 1.5], "texture": "#0"},
				"down": {"uv": [11, 2, 10.5, 2.5], "texture": "#0"}
			}
		},
		{
			"from": [6.72418, 7.97289, 7.83698],
			"to": [8.18018, 8.46089, 8.03698],
			"rotation": {"angle": -22.5, "axis": "z", "origin": [7.96024, 8.09137, 8]},
			"faces": {
				"north": {"uv": [9, 4.5, 9.5, 5], "texture": "#0"},
				"east": {"uv": [9, 5, 9.5, 5.5], "texture": "#0"},
				"south": {"uv": [9, 5.5, 9.5, 6], "texture": "#0"},
				"west": {"uv": [9, 6.5, 9.5, 7], "texture": "#0"},
				"up": {"uv": [9.5, 7.5, 9, 7], "texture": "#0"},
				"down": {"uv": [9.5, 7.5, 9, 8], "texture": "#0"}
			}
		},
		{
			"from": [7.70685, 7.98756, 7.83698],
			"to": [8.19485, 9.44356, 8.03698],
			"rotation": {"angle": -22.5, "axis": "z", "origin": [7.96024, 8.09137, 8]},
			"faces": {
				"north": {"uv": [10, 0.5, 10.5, 1], "texture": "#0"},
				"east": {"uv": [10, 1, 10.5, 1.5], "texture": "#0"},
				"south": {"uv": [10, 1.5, 10.5, 2], "texture": "#0"},
				"west": {"uv": [10, 2, 10.5, 2.5], "texture": "#0"},
				"up": {"uv": [10.5, 3, 10, 2.5], "texture": "#0"},
				"down": {"uv": [10.5, 3, 10, 3.5], "texture": "#0"}
			}
		},
		{
			"from": [7.72152, 7.97289, 7.83698],
			"to": [9.17752, 8.46089, 8.03698],
			"rotation": {"angle": -22.5, "axis": "z", "origin": [7.96024, 8.09137, 8]},
			"faces": {
				"north": {"uv": [10, 6.5, 10.5, 7], "texture": "#0"},
				"east": {"uv": [10, 7, 10.5, 7.5], "texture": "#0"},
				"south": {"uv": [10, 7.5, 10.5, 8], "texture": "#0"},
				"west": {"uv": [10, 8, 10.5, 8.5], "texture": "#0"},
				"up": {"uv": [10.5, 9, 10, 8.5], "texture": "#0"},
				"down": {"uv": [10.5, 9, 10, 9.5], "texture": "#0"}
			}
		},
		{
			"from": [7.70685, 6.99022, 7.83698],
			"to": [8.19485, 8.44622, 8.03698],
			"rotation": {"angle": -22.5, "axis": "z", "origin": [7.96024, 8.09137, 8]},
			"faces": {
				"north": {"uv": [10.5, 5.5, 11, 6], "texture": "#0"},
				"east": {"uv": [10.5, 6, 11, 6.5], "texture": "#0"},
				"south": {"uv": [10.5, 6.5, 11, 7], "texture": "#0"},
				"west": {"uv": [10.5, 7, 11, 7.5], "texture": "#0"},
				"up": {"uv": [11, 8, 10.5, 7.5], "texture": "#0"},
				"down": {"uv": [11, 8, 10.5, 8.5], "texture": "#0"}
			}
		},
		{
			"from": [6.833, 6.99271, 7.82098],
			"to": [9.241, 9.40071, 7.82098],
			"rotation": {"angle": 22.5, "axis": "z", "origin": [7.96024, 8.09137, 8]},
			"faces": {
				"north": {"uv": [7, 0.5, 8, 1.5], "texture": "#0"},
				"east": {"uv": [0, 0, 0, 1], "texture": "#0"},
				"south": {"uv": [7, 1.5, 8, 2.5], "texture": "#0"},
				"west": {"uv": [0, 0, 0, 1], "texture": "#0"},
				"up": {"uv": [1, 0, 0, 0], "texture": "#0"},
				"down": {"uv": [1, 0, 0, 0], "texture": "#0"}
			}
		},
		{
			"from": [7.62219, 10.77321, 7.80898],
			"to": [8.78219, 10.97321, 8.00898],
			"rotation": {"angle": -22.5, "axis": "z", "origin": [7.96024, 8.09137, 8]},
			"faces": {
				"north": {"uv": [4.5, 11, 5, 11.5], "texture": "#0"},
				"east": {"uv": [5, 11, 5.5, 11.5], "texture": "#0"},
				"south": {"uv": [5.5, 11, 6, 11.5], "texture": "#0"},
				"west": {"uv": [6, 11, 6.5, 11.5], "texture": "#0"},
				"up": {"uv": [7, 11.5, 6.5, 11], "texture": "#0"},
				"down": {"uv": [7.5, 11, 7, 11.5], "texture": "#0"}
			}
		},
		{
			"from": [7.62219, 10.45642, 7.80898],
			"to": [8.78219, 10.65642, 8.00898],
			"rotation": {"angle": -22.5, "axis": "z", "origin": [7.96024, 8.09137, 8]},
			"faces": {
				"north": {"uv": [8, 11, 8.5, 11.5], "texture": "#0"},
				"east": {"uv": [8.5, 11, 9, 11.5], "texture": "#0"},
				"south": {"uv": [9, 11, 9.5, 11.5], "texture": "#0"},
				"west": {"uv": [9.5, 11, 10, 11.5], "texture": "#0"},
				"up": {"uv": [10.5, 11.5, 10, 11], "texture": "#0"},
				"down": {"uv": [11, 11, 10.5, 11.5], "texture": "#0"}
			}
		},
		{
			"from": [7.62219, 10.13964, 7.80898],
			"to": [8.78219, 10.33964, 8.00898],
			"rotation": {"angle": -22.5, "axis": "z", "origin": [7.96024, 8.09137, 8]},
			"faces": {
				"north": {"uv": [11, 11, 11.5, 11.5], "texture": "#0"},
				"east": {"uv": [11, 0, 11.5, 0.5], "texture": "#0"},
				"south": {"uv": [11, 0.5, 11.5, 1], "texture": "#0"},
				"west": {"uv": [11, 1, 11.5, 1.5], "texture": "#0"},
				"up": {"uv": [11.5, 2, 11, 1.5], "texture": "#0"},
				"down": {"uv": [11.5, 2, 11, 2.5], "texture": "#0"}
			}
		},
		{
			"from": [5.18697, 8.04999, 7.80898],
			"to": [5.38697, 8.53799, 8.00898],
			"rotation": {"angle": -22.5, "axis": "z", "origin": [7.96024, 8.09137, 8]},
			"faces": {
				"north": {"uv": [11, 2.5, 11.5, 3], "texture": "#0"},
				"east": {"uv": [11, 3, 11.5, 3.5], "texture": "#0"},
				"south": {"uv": [11, 3.5, 11.5, 4], "texture": "#0"},
				"west": {"uv": [11, 4, 11.5, 4.5], "texture": "#0"},
				"up": {"uv": [11.5, 5, 11, 4.5], "texture": "#0"},
				"down": {"uv": [11.5, 5, 11, 5.5], "texture": "#0"}
			}
		},
		{
			"from": [5.18697, 7.37116, 7.80898],
			"to": [5.38697, 7.85916, 8.00898],
			"rotation": {"angle": -22.5, "axis": "z", "origin": [7.96024, 8.09137, 8]},
			"faces": {
				"north": {"uv": [11, 8.5, 11.5, 9], "texture": "#0"},
				"east": {"uv": [11, 9, 11.5, 9.5], "texture": "#0"},
				"south": {"uv": [11, 9.5, 11.5, 10], "texture": "#0"},
				"west": {"uv": [11, 10, 11.5, 10.5], "texture": "#0"},
				"up": {"uv": [11.5, 11, 11, 10.5], "texture": "#0"},
				"down": {"uv": [0.5, 11.5, 0, 12], "texture": "#0"}
			}
		},
		{
			"from": [5.82054, 8.04999, 7.80898],
			"to": [6.02054, 8.53799, 8.00898],
			"rotation": {"angle": -22.5, "axis": "z", "origin": [7.96024, 8.09137, 8]},
			"faces": {
				"north": {"uv": [0.5, 11.5, 1, 12], "texture": "#0"},
				"east": {"uv": [1, 11.5, 1.5, 12], "texture": "#0"},
				"south": {"uv": [1.5, 11.5, 2, 12], "texture": "#0"},
				"west": {"uv": [2, 11.5, 2.5, 12], "texture": "#0"},
				"up": {"uv": [3, 12, 2.5, 11.5], "texture": "#0"},
				"down": {"uv": [3.5, 11.5, 3, 12], "texture": "#0"}
			}
		},
		{
			"from": [5.82054, 7.37116, 7.80898],
			"to": [6.02054, 7.85916, 8.00898],
			"rotation": {"angle": -22.5, "axis": "z", "origin": [7.96024, 8.09137, 8]},
			"faces": {
				"north": {"uv": [3.5, 11.5, 4, 12], "texture": "#0"},
				"east": {"uv": [4, 11.5, 4.5, 12], "texture": "#0"},
				"south": {"uv": [4.5, 11.5, 5, 12], "texture": "#0"},
				"west": {"uv": [5, 11.5, 5.5, 12], "texture": "#0"},
				"up": {"uv": [6, 12, 5.5, 11.5], "texture": "#0"},
				"down": {"uv": [6.5, 11.5, 6, 12], "texture": "#0"}
			}
		},
		{
			"from": [5.50375, 7.37799, 7.80898],
			"to": [5.70375, 8.53799, 8.00898],
			"rotation": {"angle": -22.5, "axis": "z", "origin": [7.96024, 8.09137, 8]},
			"faces": {
				"north": {"uv": [11, 5.5, 11.5, 6], "texture": "#0"},
				"east": {"uv": [11, 6, 11.5, 6.5], "texture": "#0"},
				"south": {"uv": [11, 6.5, 11.5, 7], "texture": "#0"},
				"west": {"uv": [11, 7, 11.5, 7.5], "texture": "#0"},
				"up": {"uv": [11.5, 8, 11, 7.5], "texture": "#0"},
				"down": {"uv": [11.5, 8, 11, 8.5], "texture": "#0"}
			}
		},
		{
			"from": [10.19894, 7.98893, 7.80898],
			"to": [10.39894, 8.47693, 8.00898],
			"rotation": {"angle": -22.5, "axis": "z", "origin": [7.96024, 8.09137, 8]},
			"faces": {
				"north": {"uv": [6.5, 11.5, 7, 12], "texture": "#0"},
				"east": {"uv": [7, 11.5, 7.5, 12], "texture": "#0"},
				"south": {"uv": [7.5, 11.5, 8, 12], "texture": "#0"},
				"west": {"uv": [8, 11.5, 8.5, 12], "texture": "#0"},
				"up": {"uv": [9, 12, 8.5, 11.5], "texture": "#0"},
				"down": {"uv": [9.5, 11.5, 9, 12], "texture": "#0"}
			}
		},
		{
			"from": [10.19894, 8.66775, 7.80898],
			"to": [10.39894, 9.15575, 8.00898],
			"rotation": {"angle": -22.5, "axis": "z", "origin": [7.96024, 8.09137, 8]},
			"faces": {
				"north": {"uv": [9.5, 11.5, 10, 12], "texture": "#0"},
				"east": {"uv": [10, 11.5, 10.5, 12], "texture": "#0"},
				"south": {"uv": [10.5, 11.5, 11, 12], "texture": "#0"},
				"west": {"uv": [11, 11.5, 11.5, 12], "texture": "#0"},
				"up": {"uv": [12, 12, 11.5, 11.5], "texture": "#0"},
				"down": {"uv": [12, 0, 11.5, 0.5], "texture": "#0"}
			}
		},
		{
			"from": [9.88216, 7.98893, 7.80898],
			"to": [10.08216, 9.14893, 8.00898],
			"rotation": {"angle": -22.5, "axis": "z", "origin": [7.96024, 8.09137, 8]},
			"faces": {
				"north": {"uv": [11.5, 3.5, 12, 4], "texture": "#0"},
				"east": {"uv": [11.5, 4, 12, 4.5], "texture": "#0"},
				"south": {"uv": [11.5, 4.5, 12, 5], "texture": "#0"},
				"west": {"uv": [11.5, 5, 12, 5.5], "texture": "#0"},
				"up": {"uv": [12, 6, 11.5, 5.5], "texture": "#0"},
				"down": {"uv": [12, 6, 11.5, 6.5], "texture": "#0"}
			}
		},
		{
			"from": [10.51573, 7.98893, 7.80898],
			"to": [10.71573, 9.14893, 8.00898],
			"rotation": {"angle": -22.5, "axis": "z", "origin": [7.96024, 8.09137, 8]},
			"faces": {
				"north": {"uv": [11.5, 0.5, 12, 1], "texture": "#0"},
				"east": {"uv": [11.5, 1, 12, 1.5], "texture": "#0"},
				"south": {"uv": [11.5, 1.5, 12, 2], "texture": "#0"},
				"west": {"uv": [11.5, 2, 12, 2.5], "texture": "#0"},
				"up": {"uv": [12, 3, 11.5, 2.5], "texture": "#0"},
				"down": {"uv": [12, 3, 11.5, 3.5], "texture": "#0"}
			}
		},
		{
			"from": [7.68325, 5.44445, 7.80898],
			"to": [8.17125, 5.64445, 8.00898],
			"rotation": {"angle": -22.5, "axis": "z", "origin": [7.96024, 8.09137, 8]},
			"faces": {
				"north": {"uv": [11.5, 6.5, 12, 7], "texture": "#0"},
				"east": {"uv": [11.5, 7, 12, 7.5], "texture": "#0"},
				"south": {"uv": [11.5, 7.5, 12, 8], "texture": "#0"},
				"west": {"uv": [11.5, 8, 12, 8.5], "texture": "#0"},
				"up": {"uv": [12, 9, 11.5, 8.5], "texture": "#0"},
				"down": {"uv": [12, 9, 11.5, 9.5], "texture": "#0"}
			}
		},
		{
			"from": [7.00443, 5.44445, 7.80898],
			"to": [7.49243, 5.64445, 8.00898],
			"rotation": {"angle": -22.5, "axis": "z", "origin": [7.96024, 8.09137, 8]},
			"faces": {
				"north": {"uv": [11.5, 9.5, 12, 10], "texture": "#0"},
				"east": {"uv": [11.5, 10, 12, 10.5], "texture": "#0"},
				"south": {"uv": [11.5, 10.5, 12, 11], "texture": "#0"},
				"west": {"uv": [11.5, 11, 12, 11.5], "texture": "#0"},
				"up": {"uv": [0.5, 12.5, 0, 12], "texture": "#0"},
				"down": {"uv": [1, 12, 0.5, 12.5], "texture": "#0"}
			}
		},
		{
			"from": [7.68325, 6.07802, 7.80898],
			"to": [8.17125, 6.27802, 8.00898],
			"rotation": {"angle": -22.5, "axis": "z", "origin": [7.96024, 8.09137, 8]},
			"faces": {
				"north": {"uv": [1, 12, 1.5, 12.5], "texture": "#0"},
				"east": {"uv": [1.5, 12, 2, 12.5], "texture": "#0"},
				"south": {"uv": [2, 12, 2.5, 12.5], "texture": "#0"},
				"west": {"uv": [2.5, 12, 3, 12.5], "texture": "#0"},
				"up": {"uv": [3.5, 12.5, 3, 12], "texture": "#0"},
				"down": {"uv": [4, 12, 3.5, 12.5], "texture": "#0"}
			}
		},
		{
			"from": [7.00443, 6.07802, 7.80898],
			"to": [7.49243, 6.27802, 8.00898],
			"rotation": {"angle": -22.5, "axis": "z", "origin": [7.96024, 8.09137, 8]},
			"faces": {
				"north": {"uv": [4, 12, 4.5, 12.5], "texture": "#0"},
				"east": {"uv": [4.5, 12, 5, 12.5], "texture": "#0"},
				"south": {"uv": [5, 12, 5.5, 12.5], "texture": "#0"},
				"west": {"uv": [5.5, 12, 6, 12.5], "texture": "#0"},
				"up": {"uv": [6.5, 12.5, 6, 12], "texture": "#0"},
				"down": {"uv": [7, 12, 6.5, 12.5], "texture": "#0"}
			}
		},
		{
			"from": [7.68325, 5.76123, 7.80898],
			"to": [8.17125, 5.96123, 8.00898],
			"rotation": {"angle": -22.5, "axis": "z", "origin": [7.96024, 8.09137, 8]},
			"faces": {
				"north": {"uv": [7, 12, 7.5, 12.5], "texture": "#0"},
				"east": {"uv": [7.5, 12, 8, 12.5], "texture": "#0"},
				"south": {"uv": [8, 12, 8.5, 12.5], "texture": "#0"},
				"west": {"uv": [8.5, 12, 9, 12.5], "texture": "#0"},
				"up": {"uv": [9.5, 12.5, 9, 12], "texture": "#0"},
				"down": {"uv": [10, 12, 9.5, 12.5], "texture": "#0"}
			}
		},
		{
			"from": [7.00443, 5.76123, 7.80898],
			"to": [7.49243, 5.96123, 8.00898],
			"rotation": {"angle": -22.5, "axis": "z", "origin": [7.96024, 8.09137, 8]},
			"faces": {
				"north": {"uv": [10, 12, 10.5, 12.5], "texture": "#0"},
				"east": {"uv": [10.5, 12, 11, 12.5], "texture": "#0"},
				"south": {"uv": [11, 12, 11.5, 12.5], "texture": "#0"},
				"west": {"uv": [11.5, 12, 12, 12.5], "texture": "#0"},
				"up": {"uv": [12.5, 12.5, 12, 12], "texture": "#0"},
				"down": {"uv": [12.5, 0, 12, 0.5], "texture": "#0"}
			}
		},
		{
			"from": [11.70836, 0.00479, 7.94898],
			"to": [12.13236, 11.11679, 8.30898],
			"rotation": {"angle": 22.5, "axis": "z", "origin": [7.96024, 8.09137, 8]},
			"faces": {
				"north": {"uv": [3.5, 7, 4, 11], "texture": "#0"},
				"east": {"uv": [4, 7, 4.5, 11], "texture": "#0"},
				"south": {"uv": [4.5, 7, 5, 11], "texture": "#0"},
				"west": {"uv": [5, 7, 5.5, 11], "texture": "#0"},
				"up": {"uv": [12.5, 4, 12, 3.5], "texture": "#0"},
				"down": {"uv": [12.5, 4, 12, 4.5], "texture": "#0"}
			}
		},
		{
			"from": [6.56645, 8.65126, 8.23698],
			"to": [7.56645, 8.91526, 8.40498],
			"rotation": {"angle": 22.5, "axis": "z", "origin": [7.96024, 8.09137, 8]},
			"faces": {
				"north": {"uv": [13.28125, 13.03125, 13.78125, 13.5625], "texture": "#0"},
				"east": {"uv": [11.21875, 1.59375, 11.65625, 2.1875], "texture": "#0"},
				"south": {"uv": [13.21875, 3.34375, 13.71875, 3.96875], "texture": "#0"},
				"west": {"uv": [11.21875, 2.65625, 11.84375, 3.375], "texture": "#0"},
				"up": {"uv": [13.1875, 2.21875, 13.8125, 3.0625], "texture": "#0"},
				"down": {"uv": [13.125, 2.15625, 13.8125, 3.25], "texture": "#0"}
			}
		},
		{
			"from": [7.33445, 7.74726, 8.23698],
			"to": [7.56645, 8.74726, 8.40498],
			"rotation": {"angle": 22.5, "axis": "z", "origin": [7.96024, 8.09137, 8]},
			"faces": {
				"north": {"uv": [6.0625, 11.21875, 6.78125, 11.9375], "rotation": 270, "texture": "#0"},
				"east": {"uv": [5.53125, 11.21875, 6.625, 12.03125], "rotation": 90, "texture": "#0"},
				"south": {"uv": [5.625, 11.0625, 6.53125, 11.71875], "rotation": 90, "texture": "#0"},
				"west": {"uv": [5.75, 11.46875, 6.78125, 11.96875], "rotation": 90, "texture": "#0"},
				"up": {"uv": [5.8125, 11.15625, 6.375, 12.15625], "rotation": 90, "texture": "#0"},
				"down": {"uv": [5.53125, 11.25, 6.625, 12.03125], "rotation": 90, "texture": "#0"}
			}
		},
		{
			"from": [6.9024, 8.14934, 8.23698],
			"to": [7.4224, 8.38134, 8.40498],
			"rotation": {"angle": 22.5, "axis": "z", "origin": [7.96024, 8.09137, 8]},
			"faces": {
				"north": {"uv": [5.75, 11.375, 6.65625, 11.90625], "texture": "#0"},
				"east": {"uv": [5.59375, 11.28125, 6.5625, 12.28125], "texture": "#0"},
				"south": {"uv": [5.4375, 11.28125, 6.6875, 12.21875], "texture": "#0"},
				"west": {"uv": [5.4375, 11.53125, 6.40625, 12.3125], "texture": "#0"},
				"up": {"uv": [5.46875, 11.15625, 6.59375, 12.0625], "texture": "#0"},
				"down": {"uv": [5.25, 11.34375, 6.15625, 11.90625], "texture": "#0"}
			}
		},
		{
			"from": [6.56645, 7.57926, 8.23698],
			"to": [7.56645, 7.87526, 8.40498],
			"rotation": {"angle": 22.5, "axis": "z", "origin": [7.96024, 8.09137, 8]},
			"faces": {
				"north": {"uv": [5.5625, 11.34375, 6.28125, 11.96875], "texture": "#0"},
				"east": {"uv": [5.625, 11.15625, 6.46875, 12.09375], "texture": "#0"},
				"south": {"uv": [5.4375, 11.28125, 6.40625, 12], "texture": "#0"},
				"west": {"uv": [5.40625, 11.25, 6.03125, 11.96875], "texture": "#0"},
				"up": {"uv": [5.84375, 11.40625, 6.625, 11.96875], "texture": "#0"},
				"down": {"uv": [5.40625, 11.21875, 6.09375, 11.96875], "texture": "#0"}
			}
		},
		{
			"from": [8.84825, 8.67206, 8.23698],
			"to": [9.27225, 8.93606, 8.40498],
			"rotation": {"angle": 22.5, "axis": "z", "origin": [7.96024, 8.09137, 8]},
			"faces": {
				"north": {"uv": [5.625, 11.46875, 6.25, 12.15625], "texture": "#0"},
				"east": {"uv": [5.46875, 11.21875, 6.1875, 12.0625], "texture": "#0"},
				"south": {"uv": [5.34375, 11.46875, 5.90625, 11.9375], "texture": "#0"},
				"west": {"uv": [6, 11.34375, 6.6875, 11.9375], "texture": "#0"},
				"up": {"uv": [5.625, 11.21875, 6.28125, 11.90625], "texture": "#0"},
				"down": {"uv": [5.53125, 11.34375, 6.28125, 12.15625], "texture": "#0"}
			}
		},
		{
			"from": [9.04025, 7.76806, 8.23698],
			"to": [9.27225, 8.76806, 8.40498],
			"rotation": {"angle": 22.5, "axis": "z", "origin": [7.96024, 8.09137, 8]},
			"faces": {
				"north": {"uv": [5.375, 11.4375, 6.09375, 11.9375], "rotation": 270, "texture": "#0"},
				"east": {"uv": [5.40625, 11.28125, 6.03125, 11.96875], "rotation": 90, "texture": "#0"},
				"south": {"uv": [5.25, 11.5625, 5.96875, 12.15625], "rotation": 90, "texture": "#0"},
				"west": {"uv": [5.28125, 11.40625, 6.15625, 11.9375], "rotation": 90, "texture": "#0"},
				"up": {"uv": [5.71875, 11.25, 6.46875, 12.03125], "rotation": 90, "texture": "#0"},
				"down": {"uv": [5.28125, 11.4375, 5.78125, 11.96875], "rotation": 90, "texture": "#0"}
			}
		},
		{
			"from": [8.81625, 7.60006, 8.23698],
			"to": [9.49625, 7.89606, 8.40498],
			"rotation": {"angle": 22.5, "axis": "z", "origin": [7.96024, 8.09137, 8]},
			"faces": {
				"north": {"uv": [5.25, 11.21875, 5.78125, 11.71875], "texture": "#0"},
				"east": {"uv": [5.28125, 11.25, 5.84375, 12.03125], "texture": "#0"},
				"south": {"uv": [5.40625, 11.40625, 6.15625, 11.96875], "texture": "#0"},
				"west": {"uv": [5.53125, 11.375, 5.84375, 11.8125], "texture": "#0"},
				"up": {"uv": [5.34375, 11.1875, 5.90625, 11.84375], "texture": "#0"},
				"down": {"uv": [5.9375, 11.4375, 6.46875, 12.0625], "texture": "#0"}
			}
		},
		{
			"from": [8.16137, 8.14038, 8.23698],
			"to": [8.39337, 8.37238, 8.40498],
			"rotation": {"angle": 22.5, "axis": "z", "origin": [7.96024, 8.09137, 8]},
			"faces": {
				"north": {"uv": [5.84375, 11.34375, 6.59375, 12.0625], "rotation": 270, "texture": "#0"},
				"east": {"uv": [5.625, 11.1875, 6.40625, 11.875], "rotation": 90, "texture": "#0"},
				"south": {"uv": [5.5625, 11.28125, 6.28125, 12.0625], "rotation": 90, "texture": "#0"},
				"west": {"uv": [5.4375, 11.28125, 5.96875, 11.8125], "rotation": 90, "texture": "#0"},
				"up": {"uv": [5.78125, 11.25, 6.40625, 11.9375], "rotation": 90, "texture": "#0"},
				"down": {"uv": [5.46875, 11.1875, 6.28125, 12.25], "rotation": 90, "texture": "#0"}
			}
		}
	],
	"display": {
		"thirdperson_righthand": {
			"rotation": [-0.5, -139, 0],
			"translation": [5, 5, -4.5]
		},
		"thirdperson_lefthand": {
			"rotation": [-0.5, 39, 0],
			"translation": [5, 5, -4.5]
		},
		"firstperson_righthand": {
			"rotation": [138, -11, -180],
			"translation": [5, 1.5, 0]
		},
		"firstperson_lefthand": {
			"rotation": [138, -180, -180],
			"translation": [5, 1.5, 0]
		},
		"gui": {
			"rotation": [0, -180, 0],
			"translation": [1.75, 1, 0],
			"scale": [1.3, 1.3, 1.3]
		},
		"head": {
			"rotation": [0, 26, 0],
			"translation": [-5.5, 11, 2.5]
		},
		"fixed": {
			"translation": [-1.75, 1, -0.25],
			"scale": [1.5, 1.5, 1.5]
		}
	},
	"groups": [
		{
			"name": "태극기",
			"origin": [8, 8, 8],
			"children": [0, 1, 2, 3, 4, 5, 6, 7, 8, 9, 10, 11, 12, 13, 14, 15, 16, 17, 18, 19, 20, 21, 22, 23, 24, 25, 26, 27, 28, 29,
				{
					"name": "circle",
					"origin": [8, 12, 8],
					"children": []
				},
				{
					"name": "건",
					"origin": [8, 8, 8],
					"children": []
				},
				{
					"name": "감",
					"origin": [8, 8, 8],
					"children": [
						{
							"name": "group",
							"origin": [4.988, 9.316, 7.78],
							"children": []
						},
						{
							"name": "group",
							"origin": [4.988, 9.316, 7.78],
							"children": []
						}
					]
				},
				{
					"name": "리",
					"origin": [8, 8, 8],
					"children": [
						{
							"name": "group",
							"origin": [4.988, 9.316, 7.78],
							"children": []
						}
					]
				},
				{
					"name": "곤",
					"origin": [8, 8, 8],
					"children": [
						{
							"name": "group",
							"origin": [4.988, 9.316, 7.78],
							"children": [30, 31]
						},
						{
							"name": "group",
							"origin": [4.988, 9.316, 7.78],
							"children": [32, 33]
						},
						{
							"name": "group",
							"origin": [4.988, 9.316, 7.78],
							"children": [34, 35]
						}
					]
				}, 36]
		},
		{
			"name": "3.1",
			"origin": [8, 8, 8],
			"children": [
				{
					"name": "3",
					"origin": [-1.18503, 12.71291, 8],
					"children": [37, 38, 39, 40]
				},
				{
					"name": "1",
					"origin": [1.11897, 13.67291, 8],
					"children": [41, 42, 43]
				}, 44]
		}
	]
}