{
	"credit": "Made with Blockbench",
	"texture_size": [32, 32],
	"textures": {
		"0": "item/etc/8bit",
		"particle": "item/etc/8bit"
	},
	"gui_light": "front",
	"elements": [
		{
			"from": [-3, 3, 0],
			"to": [7, 4, 1],
			"faces": {
				"north": {"uv": [2, 4, 7, 4.5], "texture": "#0"},
				"east": {"uv": [1.5, 10, 2, 10.5], "texture": "#0"},
				"south": {"uv": [2, 4.5, 7, 5], "texture": "#0"},
				"west": {"uv": [2, 10, 2.5, 10.5], "texture": "#0"},
				"up": {"uv": [7, 5.5, 2, 5], "texture": "#0"},
				"down": {"uv": [7, 5.5, 2, 6], "texture": "#0"}
			}
		},
		{
			"from": [0, 0, 0],
			"to": [5, 1, 1],
			"faces": {
				"north": {"uv": [2, 9, 4.5, 9.5], "texture": "#0"},
				"east": {"uv": [2.5, 10, 3, 10.5], "texture": "#0"},
				"south": {"uv": [4.5, 9, 7, 9.5], "texture": "#0"},
				"west": {"uv": [3, 10, 3.5, 10.5], "texture": "#0"},
				"up": {"uv": [9.5, 9.5, 7, 9], "texture": "#0"},
				"down": {"uv": [11.5, 7.5, 9, 8], "texture": "#0"}
			}
		},
		{
			"from": [-1, 1, 0],
			"to": [6, 2, 1],
			"faces": {
				"north": {"uv": [6.5, 7, 10, 7.5], "texture": "#0"},
				"east": {"uv": [3.5, 10, 4, 10.5], "texture": "#0"},
				"south": {"uv": [7, 6.5, 10.5, 7], "texture": "#0"},
				"west": {"uv": [4, 10, 4.5, 10.5], "texture": "#0"},
				"up": {"uv": [5.5, 8, 2, 7.5], "texture": "#0"},
				"down": {"uv": [9, 7.5, 5.5, 8], "texture": "#0"}
			}
		},
		{
			"from": [-2, 2, 0],
			"to": [7, 3, 1],
			"faces": {
				"north": {"uv": [7, 4.5, 11.5, 5], "texture": "#0"},
				"east": {"uv": [4.5, 10, 5, 10.5], "texture": "#0"},
				"south": {"uv": [7, 5, 11.5, 5.5], "texture": "#0"},
				"west": {"uv": [5, 10, 5.5, 10.5], "texture": "#0"},
				"up": {"uv": [11.5, 6, 7, 5.5], "texture": "#0"},
				"down": {"uv": [11.5, 6, 7, 6.5], "texture": "#0"}
			}
		},
		{
			"from": [10, 3, 0],
			"to": [20, 4, 1],
			"faces": {
				"north": {"uv": [2, 6, 7, 6.5], "texture": "#0"},
				"east": {"uv": [5.5, 10, 6, 10.5], "texture": "#0"},
				"south": {"uv": [6, 2, 11, 2.5], "texture": "#0"},
				"west": {"uv": [6, 10, 6.5, 10.5], "texture": "#0"},
				"up": {"uv": [11, 3, 6, 2.5], "texture": "#0"},
				"down": {"uv": [7, 6.5, 2, 7], "texture": "#0"}
			}
		},
		{
			"from": [12, 0, 0],
			"to": [17, 1, 1],
			"faces": {
				"north": {"uv": [9, 8, 11.5, 8.5], "texture": "#0"},
				"east": {"uv": [6.5, 10, 7, 10.5], "texture": "#0"},
				"south": {"uv": [9, 8.5, 11.5, 9], "texture": "#0"},
				"west": {"uv": [10, 7, 10.5, 7.5], "texture": "#0"},
				"up": {"uv": [4.5, 10, 2, 9.5], "texture": "#0"},
				"down": {"uv": [7, 9.5, 4.5, 10], "texture": "#0"}
			}
		},
		{
			"from": [11, 1, 0],
			"to": [18, 2, 1],
			"faces": {
				"north": {"uv": [2, 8, 5.5, 8.5], "texture": "#0"},
				"east": {"uv": [8, 10, 8.5, 10.5], "texture": "#0"},
				"south": {"uv": [5.5, 8, 9, 8.5], "texture": "#0"},
				"west": {"uv": [8.5, 10, 9, 10.5], "texture": "#0"},
				"up": {"uv": [5.5, 9, 2, 8.5], "texture": "#0"},
				"down": {"uv": [9, 8.5, 5.5, 9], "texture": "#0"}
			}
		},
		{
			"from": [10, 2, 0],
			"to": [19, 3, 1],
			"faces": {
				"north": {"uv": [2, 7, 6.5, 7.5], "texture": "#0"},
				"east": {"uv": [9.5, 9, 10, 9.5], "texture": "#0"},
				"south": {"uv": [7, 3, 11.5, 3.5], "texture": "#0"},
				"west": {"uv": [1, 10, 1.5, 10.5], "texture": "#0"},
				"up": {"uv": [11.5, 4, 7, 3.5], "texture": "#0"},
				"down": {"uv": [11.5, 4, 7, 4.5], "texture": "#0"}
			}
		},
		{
			"from": [-3, 4, 0],
			"to": [20, 5, 1],
			"faces": {
				"north": {"uv": [0, 0, 11.5, 0.5], "texture": "#0"},
				"east": {"uv": [9, 10, 9.5, 10.5], "texture": "#0"},
				"south": {"uv": [0, 0.5, 11.5, 1], "texture": "#0"},
				"west": {"uv": [10, 9, 10.5, 9.5], "texture": "#0"},
				"up": {"uv": [11.5, 1.5, 0, 1], "texture": "#0"},
				"down": {"uv": [11.5, 1.5, 0, 2], "texture": "#0"}
			}
		},
		{
			"from": [-3.5, 4, 0],
			"to": [-3, 5, 12],
			"rotation": {"angle": 0, "axis": "y", "origin": [-0.25, 0, 0]},
			"faces": {
				"north": {"uv": [9.5, 10, 10, 10.5], "texture": "#0"},
				"east": {"uv": [0, 2, 6, 2.5], "texture": "#0"},
				"south": {"uv": [10, 9.5, 10.5, 10], "texture": "#0"},
				"west": {"uv": [0, 2.5, 6, 3], "texture": "#0"},
				"up": {"uv": [0.5, 9, 0, 3], "texture": "#0"},
				"down": {"uv": [1, 3, 0.5, 9], "texture": "#0"}
			}
		},
		{
			"from": [-3.5, 3.61732, 11.92388],
			"to": [-3, 4.61732, 13.92388],
			"rotation": {"angle": 22.5, "axis": "x", "origin": [-3.25, 4.61732, 12.92388]},
			"faces": {
				"north": {"uv": [10, 10, 10.5, 10.5], "texture": "#0"},
				"east": {"uv": [0, 9, 1, 9.5], "texture": "#0"},
				"south": {"uv": [1, 10.5, 1.5, 11], "texture": "#0"},
				"west": {"uv": [0, 9.5, 1, 10], "texture": "#0"},
				"up": {"uv": [7.5, 10.5, 7, 9.5], "texture": "#0"},
				"down": {"uv": [8, 9.5, 7.5, 10.5], "texture": "#0"}
			}
		},
		{
			"from": [20, 4, 0],
			"to": [20.5, 5, 12],
			"rotation": {"angle": 0, "axis": "y", "origin": [23.25, 0, 0]},
			"faces": {
				"north": {"uv": [2.5, 10.5, 3, 11], "texture": "#0"},
				"east": {"uv": [1, 3, 7, 3.5], "texture": "#0"},
				"south": {"uv": [3, 10.5, 3.5, 11], "texture": "#0"},
				"west": {"uv": [1, 3.5, 7, 4], "texture": "#0"},
				"up": {"uv": [1.5, 10, 1, 4], "texture": "#0"},
				"down": {"uv": [2, 4, 1.5, 10], "texture": "#0"}
			}
		},
		{
			"from": [20, 3.61732, 11.92388],
			"to": [20.5, 4.61732, 13.92388],
			"rotation": {"angle": 22.5, "axis": "x", "origin": [20.25, 4.61732, 12.92388]},
			"faces": {
				"north": {"uv": [1.5, 10.5, 2, 11], "texture": "#0"},
				"east": {"uv": [8, 9.5, 9, 10], "texture": "#0"},
				"south": {"uv": [2, 10.5, 2.5, 11], "texture": "#0"},
				"west": {"uv": [9, 9.5, 10, 10], "texture": "#0"},
				"up": {"uv": [0.5, 11, 0, 10], "texture": "#0"},
				"down": {"uv": [1, 10, 0.5, 11], "texture": "#0"}
			}
		}
	],
	"display": {
		"thirdperson_righthand": {
			"rotation": [0, 55, 0],
			"translation": [0, -0.5, -3.25],
			"scale": [0.23, 0.23, 0.23]
		},
		"thirdperson_lefthand": {
			"rotation": [0, 55, 0],
			"translation": [0, -0.5, -3.25],
			"scale": [0.23, 0.23, 0.23]
		},
		"firstperson_righthand": {
			"translation": [0, -4.5, 0]
		},
		"firstperson_lefthand": {
			"translation": [0, -4.25, 0]
		},
		"ground": {
			"translation": [0, -1.5, 0],
			"scale": [0.3, 0.3, 0.3]
		},
		"gui": {
			"rotation": [24, 148.5, 0],
			"translation": [0.5, 2, 0],
			"scale": [0.55, 0.55, 0.55]
		},
		"head": {
			"translation": [-0.25, 0.25, -3.25],
			"scale": [0.65, 0.6, 0.6]
		},
		"fixed": {
			"translation": [-0.5, 3.75, 4],
			"scale": [0.8, 0.8, 0.8]
		}
	},
	"groups": [
		{
			"name": "group",
			"origin": [0, 0, 0],
			"color": 0,
			"children": [0, 1, 2, 3]
		},
		{
			"name": "group",
			"origin": [0, 0, 0],
			"color": 0,
			"children": [4, 5, 6, 7]
		}, 8, 9, 10, 11, 12]
}