{
	"credit": "Made with Blockbench",
	"texture_size": [32, 32],
	"textures": {
		"0": "item/etc/brigitte",
		"particle": "item/etc/brigitte"
	},
	"elements": [
		{
			"from": [7, -7, 7],
			"to": [9, -5, 9],
			"rotation": {"angle": 0, "axis": "y", "origin": [15, 1, 15]},
			"faces": {
				"north": {"uv": [1, 1.5, 2, 2.5], "rotation": 90, "texture": "#0"},
				"east": {"uv": [1, 0, 2, 1], "rotation": 270, "texture": "#0"},
				"south": {"uv": [1, 0, 2, 1], "rotation": 180, "texture": "#0"},
				"west": {"uv": [1, 1.5, 2, 2.5], "texture": "#0"},
				"up": {"uv": [1, 1.5, 2, 2.5], "texture": "#0"},
				"down": {"uv": [1, 0, 2, 1], "rotation": 90, "texture": "#0"}
			}
		},
		{
			"from": [7, 11, 7],
			"to": [9, 13, 9],
			"rotation": {"angle": 0, "axis": "y", "origin": [15, 19, 15]},
			"faces": {
				"north": {"uv": [1, 0, 2, 1], "rotation": 180, "texture": "#0"},
				"east": {"uv": [1, 0, 2, 1], "rotation": 180, "texture": "#0"},
				"south": {"uv": [1, 0, 2, 1], "rotation": 270, "texture": "#0"},
				"west": {"uv": [1, 0, 2, 1], "rotation": 180, "texture": "#0"},
				"up": {"uv": [0, 0, 1, 1], "texture": "#0"},
				"down": {"uv": [1, 0, 1.5, 0.5], "texture": "#0"}
			}
		},
		{
			"from": [6.5, 12, 8.5],
			"to": [8, 13, 10],
			"rotation": {"angle": 0, "axis": "y", "origin": [14.5, 19, 16]},
			"faces": {
				"north": {"uv": [1.5, 2, 2, 2.5], "texture": "#0"},
				"east": {"uv": [1.5, 1.5, 1.75, 2], "texture": "#0"},
				"south": {"uv": [1, 1.5, 1.25, 2], "texture": "#0"},
				"west": {"uv": [1.5, 1.5, 1.75, 2], "texture": "#0"},
				"up": {"uv": [1, 1.5, 1.25, 1.75], "texture": "#0"},
				"down": {"uv": [1.5, 2, 1.75, 2.25], "texture": "#0"}
			}
		},
		{
			"from": [8.5, 12, 7.25],
			"to": [10, 13, 8.75],
			"rotation": {"angle": 0, "axis": "y", "origin": [9.25, 12, 8]},
			"faces": {
				"north": {"uv": [1.5, 1.5, 1.75, 2], "texture": "#0"},
				"east": {"uv": [1, 1.5, 1.25, 2], "texture": "#0"},
				"south": {"uv": [1.5, 1.5, 1.75, 2], "texture": "#0"},
				"west": {"uv": [1.5, 2, 2, 2.5], "texture": "#0"},
				"up": {"uv": [1, 1.5, 1.25, 1.75], "rotation": 270, "texture": "#0"},
				"down": {"uv": [1.5, 2, 1.75, 2.25], "rotation": 90, "texture": "#0"}
			}
		},
		{
			"from": [6.5, 12, 6],
			"to": [8, 13, 7.5],
			"rotation": {"angle": 0, "axis": "y", "origin": [7.25, 12, 6.75]},
			"faces": {
				"north": {"uv": [1, 1.5, 1.25, 2], "texture": "#0"},
				"east": {"uv": [1.5, 1.5, 1.75, 2], "texture": "#0"},
				"south": {"uv": [1.5, 2, 2, 2.5], "texture": "#0"},
				"west": {"uv": [1.5, 1.5, 1.75, 2], "texture": "#0"},
				"up": {"uv": [1, 1.5, 1.25, 1.75], "rotation": 180, "texture": "#0"},
				"down": {"uv": [1.5, 2, 1.75, 2.25], "rotation": 180, "texture": "#0"}
			}
		},
		{
			"from": [6.75, 11, 8.75],
			"to": [7.75, 12, 9.75],
			"rotation": {"angle": 0, "axis": "y", "origin": [14.5, 18, 16]},
			"faces": {
				"north": {"uv": [1, 0, 1.5, 0.5], "texture": "#0"},
				"east": {"uv": [1.5, 2, 2, 2.5], "texture": "#0"},
				"south": {"uv": [1.5, 1.5, 2, 2], "texture": "#0"},
				"west": {"uv": [1.5, 2, 2, 2.5], "texture": "#0"},
				"up": {"uv": [0, 0, 0.5, 0.5], "texture": "#0"},
				"down": {"uv": [1, 0, 1.5, 0.5], "texture": "#0"}
			}
		},
		{
			"from": [8.75, 11, 7.5],
			"to": [9.75, 12, 8.5],
			"rotation": {"angle": 0, "axis": "y", "origin": [9.25, 12, 8]},
			"faces": {
				"north": {"uv": [1.5, 2, 2, 2.5], "texture": "#0"},
				"east": {"uv": [1.5, 1.5, 2, 2], "texture": "#0"},
				"south": {"uv": [1.5, 2, 2, 2.5], "texture": "#0"},
				"west": {"uv": [1, 0, 1.5, 0.5], "texture": "#0"},
				"up": {"uv": [0, 0, 0.5, 0.5], "rotation": 270, "texture": "#0"},
				"down": {"uv": [1, 0, 1.5, 0.5], "rotation": 90, "texture": "#0"}
			}
		},
		{
			"from": [6.75, 11, 6.25],
			"to": [7.75, 12, 7.25],
			"rotation": {"angle": 0, "axis": "y", "origin": [7.25, 12, 6.75]},
			"faces": {
				"north": {"uv": [1.5, 1.5, 2, 2], "texture": "#0"},
				"east": {"uv": [1.5, 2, 2, 2.5], "texture": "#0"},
				"south": {"uv": [1, 0, 1.5, 0.5], "texture": "#0"},
				"west": {"uv": [1.5, 2, 2, 2.5], "texture": "#0"},
				"up": {"uv": [0, 0, 0.5, 0.5], "rotation": 180, "texture": "#0"},
				"down": {"uv": [1, 0, 1.5, 0.5], "rotation": 180, "texture": "#0"}
			}
		},
		{
			"from": [7, -2, 7],
			"to": [9, 10, 9],
			"rotation": {"angle": 0, "axis": "y", "origin": [15, 6, 15]},
			"faces": {
				"north": {"uv": [0, 0, 1, 6], "texture": "#0"},
				"east": {"uv": [0, 0, 1, 6], "texture": "#0"},
				"south": {"uv": [0, 0, 1, 6], "texture": "#0"},
				"west": {"uv": [0, 0, 1, 6], "texture": "#0"},
				"up": {"uv": [0, 6, 1, 7], "texture": "#0"},
				"down": {"uv": [0, 6, 1, 7], "texture": "#0"}
			}
		},
		{
			"from": [7, -4.5, 7],
			"to": [9, -4, 9],
			"rotation": {"angle": 0, "axis": "y", "origin": [15, 3.5, 15]},
			"faces": {
				"north": {"uv": [1, 1.5, 2, 1.75], "rotation": 180, "texture": "#0"},
				"east": {"uv": [1, 2, 2, 2.25], "rotation": 180, "texture": "#0"},
				"south": {"uv": [1, 2, 2, 2.25], "texture": "#0"},
				"west": {"uv": [1, 1.5, 2, 1.75], "texture": "#0"},
				"up": {"uv": [1, 1.5, 2, 2.5], "texture": "#0"},
				"down": {"uv": [1, 0, 2, 1], "texture": "#0"}
			}
		},
		{
			"from": [7, 13, 7],
			"to": [9, 13.5, 9],
			"rotation": {"angle": 0, "axis": "y", "origin": [15, 21, 15]},
			"faces": {
				"north": {"uv": [1, 1, 2, 1.25], "texture": "#0"},
				"east": {"uv": [1, 1, 2, 1.25], "rotation": 180, "texture": "#0"},
				"south": {"uv": [1, 1, 2, 1.25], "texture": "#0"},
				"west": {"uv": [1, 1, 2, 1.25], "rotation": 180, "texture": "#0"},
				"up": {"uv": [0, 0, 1, 1], "texture": "#0"},
				"down": {"uv": [0, 0, 1, 1], "texture": "#0"}
			}
		},
		{
			"from": [6.5, 13.5, 6.5],
			"to": [9.5, 14.5, 9.5],
			"rotation": {"angle": 0, "axis": "y", "origin": [15.5, 21.5, 15.5]},
			"faces": {
				"north": {"uv": [2.5, 1, 4, 1.5], "texture": "#0"},
				"east": {"uv": [2.5, 1, 4, 1.5], "texture": "#0"},
				"south": {"uv": [2.5, 1, 4, 1.5], "texture": "#0"},
				"west": {"uv": [2.5, 1, 4, 1.5], "texture": "#0"},
				"up": {"uv": [0, 0, 1.5, 1.5], "texture": "#0"},
				"down": {"uv": [2, 1.5, 3.5, 3], "texture": "#0"}
			}
		},
		{
			"from": [6.5, 24, 6.5],
			"to": [9.5, 25, 9.5],
			"rotation": {"angle": 0, "axis": "y", "origin": [15.5, 32, 15.5]},
			"faces": {
				"north": {"uv": [4, 3.5, 5.5, 4], "rotation": 180, "texture": "#0"},
				"east": {"uv": [4, 4.5, 5.5, 5], "rotation": 180, "texture": "#0"},
				"south": {"uv": [4, 4.5, 5.5, 5], "texture": "#0"},
				"west": {"uv": [4, 3.5, 5.5, 4], "texture": "#0"},
				"up": {"uv": [4, 3.5, 5.5, 5], "texture": "#0"},
				"down": {"uv": [0, 0, 1.5, 1.5], "texture": "#0"}
			}
		},
		{
			"from": [7, 24.5, 7],
			"to": [9, 25.5, 9],
			"rotation": {"angle": 0, "axis": "y", "origin": [15, 32.5, 16]},
			"faces": {
				"north": {"uv": [1, 1, 2, 1.5], "texture": "#0"},
				"east": {"uv": [1, 1, 2, 1.5], "rotation": 180, "texture": "#0"},
				"south": {"uv": [1, 1, 2, 1.5], "texture": "#0"},
				"west": {"uv": [1, 1, 2, 1.5], "rotation": 180, "texture": "#0"},
				"up": {"uv": [1, 1.5, 2, 2.5], "texture": "#0"},
				"down": {"uv": [0, 0, 1, 1], "texture": "#0"}
			}
		},
		{
			"from": [6.5, 17, 9.5],
			"to": [9.5, 22, 11.5],
			"rotation": {"angle": 22.5, "axis": "x", "origin": [8, 17, 10.5]},
			"faces": {
				"north": {"uv": [3, 5.5, 4.5, 8], "texture": "#0"},
				"east": {"uv": [1.5, 8, 2.5, 10.5], "texture": "#0"},
				"south": {"uv": [0, 8, 1.5, 10.5], "texture": "#0"},
				"west": {"uv": [2, 8, 3, 10.5], "texture": "#0"},
				"up": {"uv": [4.5, 8, 6, 9], "texture": "#0"},
				"down": {"uv": [3, 8, 4.5, 9], "texture": "#0"}
			}
		},
		{
			"from": [6, 23, 7.5],
			"to": [10, 24, 8],
			"rotation": {"angle": -22.5, "axis": "x", "origin": [8, 17, 5.5]},
			"faces": {
				"north": {"uv": [0, 0, 2, 0.5], "texture": "#0"},
				"east": {"uv": [3.5, 6.5, 3.75, 7], "texture": "#0"},
				"south": {"uv": [3, 5.5, 4.5, 6], "texture": "#0"},
				"west": {"uv": [3.5, 6.5, 3.75, 7], "texture": "#0"},
				"up": {"uv": [4.5, 7, 6.5, 7.25], "texture": "#0"},
				"down": {"uv": [1, 5.5, 3, 5.75], "texture": "#0"}
			}
		},
		{
			"from": [6, 23, 8],
			"to": [10, 24, 8.5],
			"rotation": {"angle": 22.5, "axis": "x", "origin": [8, 17, 10.5]},
			"faces": {
				"north": {"uv": [3, 6, 4.5, 6.5], "texture": "#0"},
				"east": {"uv": [3, 7, 3.25, 7.5], "texture": "#0"},
				"south": {"uv": [2, 0, 4, 0.5], "texture": "#0"},
				"west": {"uv": [3.5, 6.5, 3.75, 7], "texture": "#0"},
				"up": {"uv": [4.5, 7, 6.5, 7.25], "texture": "#0"},
				"down": {"uv": [2, 6, 4, 6.25], "texture": "#0"}
			}
		},
		{
			"from": [6, 22, 5.5],
			"to": [10, 24, 7.5],
			"rotation": {"angle": -22.5, "axis": "x", "origin": [8, 17, 5.5]},
			"faces": {
				"north": {"uv": [0, 7, 2, 8], "texture": "#0"},
				"east": {"uv": [0, 6, 1, 7], "rotation": 180, "texture": "#0"},
				"south": {"uv": [3, 5.5, 4.5, 6.5], "texture": "#0"},
				"west": {"uv": [0, 6, 1, 7], "rotation": 90, "texture": "#0"},
				"up": {"uv": [4.5, 6, 6.5, 7], "texture": "#0"},
				"down": {"uv": [1, 6, 3, 7], "texture": "#0"}
			}
		},
		{
			"from": [7, 23.5, 8],
			"to": [9, 24.5, 9],
			"rotation": {"angle": 22.5, "axis": "x", "origin": [8, 17, 10.5]},
			"faces": {
				"north": {"uv": [1.5, 0, 2.5, 0.5], "texture": "#0"},
				"east": {"uv": [1, 3, 1.5, 3.5], "texture": "#0"},
				"south": {"uv": [1, 3, 2, 3.5], "rotation": 180, "texture": "#0"},
				"west": {"uv": [1, 2.5, 1.5, 3], "texture": "#0"},
				"up": {"uv": [1, 2.5, 2, 3], "rotation": 180, "texture": "#0"},
				"down": {"uv": [0, 0.5, 1, 1], "texture": "#0"}
			}
		},
		{
			"from": [7, 23.88581, 10.06043],
			"to": [9, 24.88581, 11.06043],
			"rotation": {"angle": 0, "axis": "y", "origin": [8, 24.38581, 10.56043]},
			"faces": {
				"north": {"uv": [1, 3, 2, 3.5], "texture": "#0"},
				"east": {"uv": [1, 3, 1.5, 3.5], "texture": "#0"},
				"south": {"uv": [1.5, 0, 2.5, 0.5], "texture": "#0"},
				"west": {"uv": [1, 2.5, 1.5, 3], "texture": "#0"},
				"up": {"uv": [1, 3, 2, 3.5], "rotation": 180, "texture": "#0"},
				"down": {"uv": [0, 0.5, 1, 1], "texture": "#0"}
			}
		},
		{
			"from": [7, 23.5, 7],
			"to": [9, 24.5, 8],
			"rotation": {"angle": -22.5, "axis": "x", "origin": [8, 17, 5.5]},
			"faces": {
				"north": {"uv": [1, 3, 2, 3.5], "rotation": 180, "texture": "#0"},
				"east": {"uv": [1, 2.5, 1.5, 3], "texture": "#0"},
				"south": {"uv": [2.5, 0, 3.5, 0.5], "texture": "#0"},
				"west": {"uv": [1, 3, 1.5, 3.5], "texture": "#0"},
				"up": {"uv": [1, 2.5, 2, 3], "texture": "#0"},
				"down": {"uv": [0, 1, 1, 1.5], "texture": "#0"}
			}
		},
		{
			"from": [7, 23.88581, 4.93957],
			"to": [9, 24.88581, 5.93957],
			"rotation": {"angle": 0, "axis": "y", "origin": [8, 24.38581, 5.43957]},
			"faces": {
				"north": {"uv": [2.5, 0, 3.5, 0.5], "texture": "#0"},
				"east": {"uv": [1, 2.5, 1.5, 3], "texture": "#0"},
				"south": {"uv": [1, 3, 2, 3.5], "texture": "#0"},
				"west": {"uv": [1, 3, 1.5, 3.5], "texture": "#0"},
				"up": {"uv": [1, 3, 2, 3.5], "texture": "#0"},
				"down": {"uv": [0, 1, 1, 1.5], "texture": "#0"}
			}
		},
		{
			"from": [6, 22, 8.5],
			"to": [10, 24, 10.5],
			"rotation": {"angle": 22.5, "axis": "x", "origin": [8, 17, 10.5]},
			"faces": {
				"north": {"uv": [3, 5.5, 4.5, 6.5], "texture": "#0"},
				"east": {"uv": [0, 6, 1, 7], "rotation": 90, "texture": "#0"},
				"south": {"uv": [0, 7, 2, 8], "texture": "#0"},
				"west": {"uv": [0, 6, 1, 7], "rotation": 180, "texture": "#0"},
				"up": {"uv": [4.5, 6, 6.5, 7], "rotation": 180, "texture": "#0"},
				"down": {"uv": [1, 5, 3, 6], "texture": "#0"}
			}
		},
		{
			"from": [6.5, 17, 4.5],
			"to": [9.5, 22, 6.5],
			"rotation": {"angle": -22.5, "axis": "x", "origin": [8, 17, 5.5]},
			"faces": {
				"north": {"uv": [0, 8, 1.5, 10.5], "texture": "#0"},
				"east": {"uv": [2, 8, 3, 10.5], "texture": "#0"},
				"south": {"uv": [3, 5.5, 4.5, 8], "texture": "#0"},
				"west": {"uv": [1.5, 8, 2.5, 10.5], "texture": "#0"},
				"up": {"uv": [4.5, 8.5, 6, 9.5], "texture": "#0"},
				"down": {"uv": [3, 8.5, 4.5, 9.5], "texture": "#0"}
			}
		},
		{
			"from": [5.5, 22, 6],
			"to": [7.5, 24, 10],
			"rotation": {"angle": 22.5, "axis": "z", "origin": [5.5, 17, 8]},
			"faces": {
				"north": {"uv": [0, 6, 1, 7], "rotation": 180, "texture": "#0"},
				"east": {"uv": [3, 5.5, 4.5, 6.5], "texture": "#0"},
				"south": {"uv": [0, 6, 1, 7], "rotation": 90, "texture": "#0"},
				"west": {"uv": [0, 7, 2, 8], "texture": "#0"},
				"up": {"uv": [4.5, 6, 6.5, 7], "rotation": 270, "texture": "#0"},
				"down": {"uv": [1, 5, 2, 7], "texture": "#0"}
			}
		},
		{
			"from": [8, 23, 6],
			"to": [8.5, 24, 10],
			"rotation": {"angle": -22.5, "axis": "z", "origin": [10.5, 17, 8]},
			"faces": {
				"north": {"uv": [3.5, 6, 3.75, 6.5], "texture": "#0"},
				"east": {"uv": [1.5, 0, 3.5, 0.5], "texture": "#0"},
				"south": {"uv": [3.5, 7, 3.75, 7.5], "texture": "#0"},
				"west": {"uv": [3, 6, 4.5, 6.5], "texture": "#0"},
				"up": {"uv": [5, 7, 5.25, 7.5], "texture": "#0"},
				"down": {"uv": [3.5, 5.5, 3.75, 7.5], "texture": "#0"}
			}
		},
		{
			"from": [7.5, 23, 6],
			"to": [8, 24, 10],
			"rotation": {"angle": 22.5, "axis": "z", "origin": [5.5, 17, 8]},
			"faces": {
				"north": {"uv": [4, 8.5, 4.25, 9], "texture": "#0"},
				"east": {"uv": [3, 7, 4.5, 7.5], "texture": "#0"},
				"south": {"uv": [3.5, 6.5, 3.75, 7], "texture": "#0"},
				"west": {"uv": [3.5, 0, 5.5, 0.5], "texture": "#0"},
				"up": {"uv": [4.5, 7, 6.25, 7.5], "texture": "#0"},
				"down": {"uv": [3.5, 6, 3.75, 8], "texture": "#0"}
			}
		},
		{
			"from": [8, 23.5, 7],
			"to": [9, 24.5, 9],
			"rotation": {"angle": -22.5, "axis": "z", "origin": [10.5, 17, 8]},
			"faces": {
				"north": {"uv": [1, 3, 1.5, 3.5], "texture": "#0"},
				"east": {"uv": [1, 3, 2, 3.5], "rotation": 180, "texture": "#0"},
				"south": {"uv": [1, 2.5, 1.5, 3], "texture": "#0"},
				"west": {"uv": [1.5, 0, 2.5, 0.5], "texture": "#0"},
				"up": {"uv": [1.5, 2.5, 2, 3.5], "rotation": 180, "texture": "#0"},
				"down": {"uv": [0.5, 0, 1, 1], "texture": "#0"}
			}
		},
		{
			"from": [10.06043, 23.88581, 7],
			"to": [11.06043, 24.88581, 9],
			"rotation": {"angle": 0, "axis": "y", "origin": [10.56043, 24.38581, 8]},
			"faces": {
				"north": {"uv": [1, 3, 1.5, 3.5], "texture": "#0"},
				"east": {"uv": [1.5, 0, 2.5, 0.5], "texture": "#0"},
				"south": {"uv": [1, 2.5, 1.5, 3], "texture": "#0"},
				"west": {"uv": [1, 3, 2, 3.5], "texture": "#0"},
				"up": {"uv": [1, 2.5, 1.5, 3.5], "rotation": 180, "texture": "#0"},
				"down": {"uv": [0.5, 0, 1, 1], "texture": "#0"}
			}
		},
		{
			"from": [7, 23.5, 7],
			"to": [8, 24.5, 9],
			"rotation": {"angle": 22.5, "axis": "z", "origin": [5.5, 17, 8]},
			"faces": {
				"north": {"uv": [1, 2.5, 1.5, 3], "texture": "#0"},
				"east": {"uv": [2.5, 0, 3.5, 0.5], "texture": "#0"},
				"south": {"uv": [1, 3, 1.5, 3.5], "texture": "#0"},
				"west": {"uv": [1, 3, 2, 3.5], "rotation": 180, "texture": "#0"},
				"up": {"uv": [1.5, 2.5, 2, 3.5], "texture": "#0"},
				"down": {"uv": [1, 0, 1.5, 1], "texture": "#0"}
			}
		},
		{
			"from": [4.93957, 23.88581, 7],
			"to": [5.93957, 24.88581, 9],
			"rotation": {"angle": 0, "axis": "y", "origin": [5.43957, 24.38581, 8]},
			"faces": {
				"north": {"uv": [1, 2.5, 1.5, 3], "texture": "#0"},
				"east": {"uv": [1, 3, 2, 3.5], "texture": "#0"},
				"south": {"uv": [1, 3, 1.5, 3.5], "texture": "#0"},
				"west": {"uv": [2.5, 0, 3.5, 0.5], "texture": "#0"},
				"up": {"uv": [1, 2.5, 1.5, 3.5], "texture": "#0"},
				"down": {"uv": [1, 0, 1.5, 1], "texture": "#0"}
			}
		},
		{
			"from": [8.5, 22, 6],
			"to": [10.5, 24, 10],
			"rotation": {"angle": -22.5, "axis": "z", "origin": [10.5, 17, 8]},
			"faces": {
				"north": {"uv": [0, 6, 1, 7], "rotation": 90, "texture": "#0"},
				"east": {"uv": [0, 7, 2, 8], "texture": "#0"},
				"south": {"uv": [0, 6, 1, 7], "rotation": 180, "texture": "#0"},
				"west": {"uv": [3, 5.5, 4.5, 6.5], "texture": "#0"},
				"up": {"uv": [4.5, 6, 6.5, 7], "rotation": 90, "texture": "#0"},
				"down": {"uv": [2, 5, 3, 7], "texture": "#0"}
			}
		},
		{
			"from": [4.5, 17, 6.5],
			"to": [6.5, 22, 9.5],
			"rotation": {"angle": 22.5, "axis": "z", "origin": [5.5, 17, 8]},
			"faces": {
				"north": {"uv": [2, 8, 3, 10.5], "texture": "#0"},
				"east": {"uv": [3, 5.5, 4.5, 8], "texture": "#0"},
				"south": {"uv": [1.5, 8, 2.5, 10.5], "texture": "#0"},
				"west": {"uv": [0, 8, 1.5, 10.5], "texture": "#0"},
				"up": {"uv": [5, 8, 6, 9.5], "texture": "#0"},
				"down": {"uv": [3, 8, 4, 9.5], "texture": "#0"}
			}
		},
		{
			"from": [9.5, 17, 6.5],
			"to": [11.5, 22, 9.5],
			"rotation": {"angle": -22.5, "axis": "z", "origin": [10.5, 17, 8]},
			"faces": {
				"north": {"uv": [1.5, 8, 2.5, 10.5], "texture": "#0"},
				"east": {"uv": [0, 8, 1.5, 10.5], "texture": "#0"},
				"south": {"uv": [2, 8, 3, 10.5], "texture": "#0"},
				"west": {"uv": [3, 5.5, 4.5, 8], "texture": "#0"},
				"up": {"uv": [4.5, 8, 5.5, 9.5], "texture": "#0"},
				"down": {"uv": [3.5, 8, 4.5, 9.5], "texture": "#0"}
			}
		},
		{
			"from": [6, 14.5, 6],
			"to": [10, 16.5, 10],
			"rotation": {"angle": 0, "axis": "y", "origin": [15.5, 22.5, 15.5]},
			"faces": {
				"north": {"uv": [2, 0, 4, 1], "texture": "#0"},
				"east": {"uv": [2, 0, 4, 1], "texture": "#0"},
				"south": {"uv": [2, 0, 4, 1], "texture": "#0"},
				"west": {"uv": [2, 0, 4, 1], "texture": "#0"},
				"up": {"uv": [0, 0, 2, 2], "texture": "#0"},
				"down": {"uv": [4, 0, 6, 2], "texture": "#0"}
			}
		},
		{
			"from": [6, 17.5, 6],
			"to": [10, 22.5, 10],
			"rotation": {"angle": 0, "axis": "y", "origin": [15.5, 24.5, 15.5]},
			"faces": {
				"north": {"uv": [8.5, 0, 10.5, 2.5], "texture": "#0"},
				"east": {"uv": [8.5, 0, 10.5, 2.5], "texture": "#0"},
				"south": {"uv": [8.5, 0, 10.5, 2.5], "texture": "#0"},
				"west": {"uv": [8.5, 0, 10.5, 2.5], "texture": "#0"},
				"up": {"uv": [0, 0, 2, 2], "texture": "#0"},
				"down": {"uv": [0, 0, 2, 2], "texture": "#0"}
			}
		},
		{
			"from": [4, 20.5, 7],
			"to": [6, 23.5, 9],
			"rotation": {"angle": 0, "axis": "y", "origin": [15.5, 25.5, 15.5]},
			"faces": {
				"north": {"uv": [10.5, 0, 11.5, 1.5], "texture": "#0"},
				"east": {"uv": [0, 0, 1, 1.5], "texture": "#0"},
				"south": {"uv": [10.5, 0, 11.5, 1.5], "texture": "#0"},
				"west": {"uv": [0, 0, 1, 1.5], "texture": "#0"},
				"up": {"uv": [0, 0, 1, 1], "texture": "#0"},
				"down": {"uv": [0, 6, 1, 7], "texture": "#0"}
			}
		},
		{
			"from": [10, 20.5, 7],
			"to": [12, 23.5, 9],
			"rotation": {"angle": 0, "axis": "y", "origin": [20.5, 25.5, 15.5]},
			"faces": {
				"north": {"uv": [10.5, 0, 11.5, 1.5], "texture": "#0"},
				"east": {"uv": [0, 0, 1, 1.5], "texture": "#0"},
				"south": {"uv": [10.5, 0, 11.5, 1.5], "texture": "#0"},
				"west": {"uv": [0, 0, 1, 1.5], "texture": "#0"},
				"up": {"uv": [0, 0, 1, 1], "texture": "#0"},
				"down": {"uv": [0, 6, 1, 7], "texture": "#0"}
			}
		},
		{
			"from": [7, 20.5, 10],
			"to": [9, 23.5, 12],
			"rotation": {"angle": 0, "axis": "y", "origin": [18.5, 25.5, 17.5]},
			"faces": {
				"north": {"uv": [0, 0, 1, 1.5], "texture": "#0"},
				"east": {"uv": [10.5, 0, 11.5, 1.5], "texture": "#0"},
				"south": {"uv": [0, 0, 1, 1.5], "texture": "#0"},
				"west": {"uv": [10.5, 0, 11.5, 1.5], "texture": "#0"},
				"up": {"uv": [0, 0, 1, 1], "texture": "#0"},
				"down": {"uv": [0, 6, 1, 7], "texture": "#0"}
			}
		},
		{
			"from": [7, 20.5, 4],
			"to": [9, 23.5, 6],
			"rotation": {"angle": 0, "axis": "y", "origin": [18.5, 25.5, 12.5]},
			"faces": {
				"north": {"uv": [0, 0, 1, 1.5], "texture": "#0"},
				"east": {"uv": [10.5, 0, 11.5, 1.5], "texture": "#0"},
				"south": {"uv": [0, 0, 1, 1.5], "texture": "#0"},
				"west": {"uv": [10.5, 0, 11.5, 1.5], "texture": "#0"},
				"up": {"uv": [0, 0, 1, 1], "texture": "#0"},
				"down": {"uv": [0, 6, 1, 7], "texture": "#0"}
			}
		},
		{
			"from": [5.5, 16.5, 5.5],
			"to": [10.5, 17.5, 10.5],
			"rotation": {"angle": 0, "axis": "y", "origin": [16, 24.5, 15]},
			"faces": {
				"north": {"uv": [6, 2.5, 8.5, 3], "texture": "#0"},
				"east": {"uv": [6, 2.5, 8.5, 3], "texture": "#0"},
				"south": {"uv": [6, 2.5, 8.5, 3], "texture": "#0"},
				"west": {"uv": [6, 2.5, 8.5, 3], "texture": "#0"},
				"up": {"uv": [6, 0, 8.5, 2.5], "texture": "#0"},
				"down": {"uv": [6, 0, 8.5, 2.5], "texture": "#0"}
			}
		},
		{
			"from": [5.5, 22.5, 5.5],
			"to": [10.5, 24.5, 10.5],
			"rotation": {"angle": 0, "axis": "y", "origin": [16, 30.5, 15]},
			"faces": {
				"north": {"uv": [1, 3.5, 3.5, 4.5], "texture": "#0"},
				"east": {"uv": [1, 3.5, 3.5, 4.5], "texture": "#0"},
				"south": {"uv": [1, 3.5, 3.5, 4.5], "texture": "#0"},
				"west": {"uv": [1, 3.5, 3.5, 4.5], "texture": "#0"},
				"up": {"uv": [3.5, 3, 6, 5.5], "texture": "#0"},
				"down": {"uv": [6, 3, 8.5, 5.5], "texture": "#0"}
			}
		},
		{
			"from": [7.25, -5, 7.25],
			"to": [8.75, -2, 8.75],
			"rotation": {"angle": 0, "axis": "y", "origin": [15, 3, 15]},
			"faces": {
				"north": {"uv": [1.5, 0, 1.75, 1.5], "texture": "#0"},
				"east": {"uv": [1, 0, 1.25, 1.5], "texture": "#0"},
				"south": {"uv": [1.5, 0, 1.75, 1.5], "texture": "#0"},
				"west": {"uv": [1, 0, 1.25, 1.5], "texture": "#0"},
				"up": {"uv": [0, 0, 0.75, 0.75], "texture": "#0"},
				"down": {"uv": [0, 0, 0.75, 0.75], "texture": "#0"}
			}
		},
		{
			"from": [7.25, 10, 7.25],
			"to": [8.75, 11, 8.75],
			"rotation": {"angle": 0, "axis": "y", "origin": [15, 18, 15]},
			"faces": {
				"north": {"uv": [1.5, 0, 1.75, 0.5], "texture": "#0"},
				"east": {"uv": [1, 0, 1.25, 0.5], "texture": "#0"},
				"south": {"uv": [1.5, 0, 2, 0.5], "texture": "#0"},
				"west": {"uv": [1, 0, 1.25, 0.5], "texture": "#0"},
				"up": {"uv": [0, 0, 0.75, 0.75], "texture": "#0"},
				"down": {"uv": [0, 0, 0.75, 0.75], "texture": "#0"}
			}
		},
		{
			"from": [7.25, -7.25, 7.25],
			"to": [8.75, -7, 8.75],
			"rotation": {"angle": 0, "axis": "y", "origin": [15, 0.75, 15]},
			"faces": {
				"north": {"uv": [1, 0, 1.25, 0.125], "texture": "#0"},
				"east": {"uv": [1, 0, 1.25, 0.125], "texture": "#0"},
				"south": {"uv": [1, 0, 1.25, 0.125], "texture": "#0"},
				"west": {"uv": [1, 0, 1.25, 0.5], "texture": "#0"},
				"up": {"uv": [0, 0, 0.75, 0.75], "texture": "#0"},
				"down": {"uv": [1, 0.5, 1.25, 0.75], "texture": "#0"}
			}
		}
	],
	"display": {
		"thirdperson_righthand": {
			"translation": [0, 1, 0],
			"scale": [0.7, 0.7, 0.7]
		},
		"thirdperson_lefthand": {
			"translation": [0, 1, 0],
			"scale": [0.7, 0.7, 0.7]
		},
		"firstperson_righthand": {
			"rotation": [15, -24, 0],
			"translation": [2, -0.75, 0],
			"scale": [0.6, 0.6, 0.6]
		},
		"firstperson_lefthand": {
			"rotation": [15, -24, 0],
			"translation": [2, -0.75, 0],
			"scale": [0.6, 0.6, 0.6]
		},
		"ground": {
			"rotation": [45, 0, 0],
			"translation": [0, 5, 0],
			"scale": [0.7, 0.7, 0.7]
		},
		"gui": {
			"rotation": [-46, 15, 36],
			"translation": [1, -1, 0],
			"scale": [0.6, 0.6, 0.6]
		},
		"fixed": {
			"translation": [0, -0.75, -1.5],
			"scale": [0.6, 0.6, 0.6]
		}
	}
}