{
	"credit": "Made with Blockbench",
	"textures": {
		"0": "item/etc/delluna_yut2.png",
		"particle": "item/etc/delluna_yut2.png"
	},
	"gui_light": "front",
	"elements": [
		{
			"from": [2, 0, -16],
			"to": [13, 5, 32],
			"faces": {
				"north": {"uv": [0, 0, 11, 16], "texture": "#0"},
				"east": {"uv": [0, 0, 11, 16], "texture": "#0"},
				"south": {"uv": [0, 0, 11, 16], "texture": "#0"},
				"west": {"uv": [0, 0, 11, 16], "texture": "#0"},
				"up": {"uv": [0, 0, 11, 16], "texture": "#0"},
				"down": {"uv": [0, 0, 11, 16], "texture": "#0"}
			}
		},
		{
			"from": [3, 5, -16],
			"to": [12, 6, 32],
			"faces": {
				"north": {"uv": [0, 0, 9, 16], "texture": "#0"},
				"east": {"uv": [0, 0, 9, 16], "texture": "#0"},
				"south": {"uv": [0, 0, 9, 16], "texture": "#0"},
				"west": {"uv": [0, 0, 9, 16], "texture": "#0"},
				"up": {"uv": [0, 0, 9, 16], "texture": "#0"},
				"down": {"uv": [0, 0, 9, 16], "texture": "#0"}
			}
		}
	],
	"display": {
		"thirdperson_righthand": {
			"rotation": [-22, 45, -180],
			"translation": [-5.25, -12, 9.25],
			"scale": [0.7, 0.7, 0.7]
		},
		"thirdperson_lefthand": {
			"rotation": [-22, 45, -180],
			"translation": [-5.25, -12, 9.25],
			"scale": [0.7, 0.7, 0.7]
		},
		"firstperson_righthand": {
			"scale": [0, 0, 0]
		},
		"firstperson_lefthand": {
			"scale": [0, 0, 0]
		},
		"ground": {
			"scale": [0.3, 0.3, 0.3]
		},
		"gui": {
			"rotation": [60, 45, 0],
			"translation": [0, 1.5, 0],
			"scale": [0.4, 0.4, 0.4]
		},
		"head": {
			"scale": [4, 4, 4]
		},
		"fixed": {
			"rotation": [90, 49, -180],
			"translation": [0, -0.5, -9.75]
		}
	}
}