{
	"credit": "Made with Blockbench",
	"texture_size": [64, 64],
	"textures": {
		"0": "item/decor/area_stool_blue",
		"particle": "item/decor/area_stool_blue"
	},
	"elements": [
		{
			"from": [7, 2, 7],
			"to": [9, 7, 9],
			"faces": {
				"north": {"uv": [0.5, 0.5, 1, 1.75], "texture": "#0"},
				"east": {"uv": [0, 0.5, 0.5, 1.75], "texture": "#0"},
				"south": {"uv": [1.5, 0.5, 2, 1.75], "texture": "#0"},
				"west": {"uv": [1, 0.5, 1.5, 1.75], "texture": "#0"},
				"up": {"uv": [1, 0.5, 0.5, 0], "texture": "#0"},
				"down": {"uv": [1.5, 0, 1, 0.5], "texture": "#0"}
			}
		},
		{
			"from": [3, 0, 3],
			"to": [13, 1, 13],
			"faces": {
				"north": {"uv": [2.5, 8.75, 5, 9], "texture": "#0"},
				"east": {"uv": [0, 8.75, 2.5, 9], "texture": "#0"},
				"south": {"uv": [7.5, 8.75, 10, 9], "texture": "#0"},
				"west": {"uv": [5, 8.75, 7.5, 9], "texture": "#0"},
				"up": {"uv": [5, 8.75, 2.5, 6.25], "texture": "#0"},
				"down": {"uv": [7.5, 6.25, 5, 8.75], "texture": "#0"}
			}
		},
		{
			"from": [4, 1, 4],
			"to": [12, 2, 12],
			"faces": {
				"north": {"uv": [9.75, 8.25, 11.75, 8.5], "texture": "#0"},
				"east": {"uv": [7.75, 8.25, 9.75, 8.5], "texture": "#0"},
				"south": {"uv": [13.75, 8.25, 15.75, 8.5], "texture": "#0"},
				"west": {"uv": [11.75, 8.25, 13.75, 8.5], "texture": "#0"},
				"up": {"uv": [11.75, 8.25, 9.75, 6.25], "texture": "#0"},
				"down": {"uv": [13.75, 6.25, 11.75, 8.25], "texture": "#0"}
			}
		},
		{
			"from": [4, 7, 4],
			"to": [12, 8, 12],
			"faces": {
				"north": {"uv": [9.75, 5.25, 11.75, 5.5], "texture": "#0"},
				"east": {"uv": [7.75, 5.25, 9.75, 5.5], "texture": "#0"},
				"south": {"uv": [13.75, 5.25, 15.75, 5.5], "texture": "#0"},
				"west": {"uv": [11.75, 5.25, 13.75, 5.5], "texture": "#0"},
				"up": {"uv": [11.75, 5.25, 9.75, 3.25], "texture": "#0"},
				"down": {"uv": [13.75, 3.25, 11.75, 5.25], "texture": "#0"}
			}
		},
		{
			"from": [2.5, 8, 2.5],
			"to": [13.5, 9, 13.5],
			"faces": {
				"north": {"uv": [2.75, 2.75, 5.5, 3], "texture": "#0"},
				"east": {"uv": [0, 2.75, 2.75, 3], "texture": "#0"},
				"south": {"uv": [8.25, 2.75, 11, 3], "texture": "#0"},
				"west": {"uv": [5.5, 2.75, 8.25, 3], "texture": "#0"},
				"up": {"uv": [5.5, 2.75, 2.75, 0], "texture": "#0"},
				"down": {"uv": [8.25, 0, 5.5, 2.75], "texture": "#0"}
			}
		},
		{
			"from": [3, 9, 3],
			"to": [13, 10, 13],
			"faces": {
				"north": {"uv": [2.5, 5.75, 5, 6], "texture": "#0", "tintindex": 0},
				"east": {"uv": [0, 5.75, 2.5, 6], "texture": "#0", "tintindex": 0},
				"south": {"uv": [7.5, 5.75, 10, 6], "texture": "#0", "tintindex": 0},
				"west": {"uv": [5, 5.75, 7.5, 6], "texture": "#0", "tintindex": 0},
				"up": {"uv": [5, 5.75, 2.5, 3.25], "texture": "#0", "tintindex": 0},
				"down": {"uv": [7.5, 3.25, 5, 5.75], "texture": "#0"}
			}
		}
	],
	"display": {
		"thirdperson_righthand": {
			"rotation": [60, -160, 0],
			"translation": [0, 3.25, 0],
			"scale": [0.6, 0.6, 0.6]
		},
		"thirdperson_lefthand": {
			"rotation": [60, -160, 0],
			"translation": [0, 3.25, 0],
			"scale": [0.6, 0.6, 0.6]
		},
		"firstperson_righthand": {
			"rotation": [0, -73, 6],
			"translation": [0, 1.5, 0],
			"scale": [0.4, 0.4, 0.4]
		},
		"firstperson_lefthand": {
			"rotation": [0, -73, 6],
			"translation": [0, 1.5, 0],
			"scale": [0.4, 0.4, 0.4]
		},
		"ground": {
			"translation": [0, 1.5, 0],
			"scale": [0.35, 0.35, 0.35]
		},
		"gui": {
			"rotation": [30, -40, 0],
			"translation": [0.5, 0.25, 0],
			"scale": [0.6, 0.6, 0.6]
		},
		"head": {
			"translation": [0, -30.4, 0],
			"scale": [-1.6, 1.6, -1.6]
		},
		"fixed": {
			"rotation": [90, 0, 0],
			"translation": [0, 0, -15],
			"scale": [-2, -2, -2]
		}
	}
}