{
	"credit": "Made with Blockbench",
	"texture_size": [64, 64],
	"textures": {
		"0": "item/decor/area_paper_feather",
		"particle": "item/decor/area_paper_feather"
	},
	"elements": [
		{
			"from": [6, 0.00781, 2],
			"to": [14, 0.00781, 13],
			"rotation": {"angle": 0, "axis": "y", "origin": [16, 0, 16]},
			"faces": {
				"north": {"uv": [7.5, 2.75, 9.5, 2.75], "texture": "#0"},
				"east": {"uv": [4.75, 2.75, 7.5, 2.75], "texture": "#0"},
				"south": {"uv": [2.75, 2.75, 4.75, 2.75], "texture": "#0"},
				"west": {"uv": [0, 2.75, 2.75, 2.75], "texture": "#0"},
				"up": {"uv": [2.75, 0, 4.75, 2.75], "texture": "#0"},
				"down": {"uv": [4.75, 2.75, 6.75, 0], "texture": "#0"}
			}
		},
		{
			"from": [2, 0, 11],
			"to": [5, 3, 14],
			"rotation": {"angle": 0, "axis": "y", "origin": [16, 0, 16]},
			"faces": {
				"north": {"uv": [2.25, 3.75, 3, 4.5], "texture": "#0"},
				"east": {"uv": [1.5, 3.75, 2.25, 4.5], "texture": "#0"},
				"south": {"uv": [0.75, 3.75, 1.5, 4.5], "texture": "#0"},
				"west": {"uv": [0, 3.75, 0.75, 4.5], "texture": "#0"},
				"up": {"uv": [0.75, 3, 1.5, 3.75], "texture": "#0"},
				"down": {"uv": [1.5, 3.75, 2.25, 3], "texture": "#0"}
			}
		},
		{
			"from": [2.5, 3, 11.5],
			"to": [4.5, 4, 13.5],
			"rotation": {"angle": 0, "axis": "y", "origin": [16, 0, 16]},
			"faces": {
				"north": {"uv": [4.25, 5, 4.75, 5.25], "texture": "#0"},
				"east": {"uv": [3.75, 5, 4.25, 5.25], "texture": "#0"},
				"south": {"uv": [3.25, 5, 3.75, 5.25], "texture": "#0"},
				"west": {"uv": [2.75, 5, 3.25, 5.25], "texture": "#0"},
				"up": {"uv": [3.25, 4.5, 3.75, 5], "texture": "#0"},
				"down": {"uv": [3.75, 5, 4.25, 4.5], "texture": "#0"}
			}
		},
		{
			"from": [2, 4, 12.5],
			"to": [5, 9, 12.5],
			"rotation": {"angle": 0, "axis": "y", "origin": [3, 0, 16]},
			"faces": {
				"north": {"uv": [4, 3, 4.75, 4.25], "texture": "#0"},
				"east": {"uv": [4, 3, 4, 4.25], "texture": "#0"},
				"south": {"uv": [3.25, 3, 4, 4.25], "texture": "#0"},
				"west": {"uv": [3.25, 3, 3.25, 4.25], "texture": "#0"},
				"up": {"uv": [3.25, 3, 4, 3], "texture": "#0"},
				"down": {"uv": [4, 3, 4.75, 3], "texture": "#0"}
			}
		},
		{
			"from": [3.5, 4, 11],
			"to": [3.5, 9, 14],
			"rotation": {"angle": 0, "axis": "y", "origin": [16, 0, 16]},
			"faces": {
				"north": {"uv": [1.5, 0.75, 1.5, 2], "texture": "#0"},
				"east": {"uv": [0.75, 0.75, 1.5, 2], "texture": "#0"},
				"south": {"uv": [0.75, 0.75, 0.75, 2], "texture": "#0"},
				"west": {"uv": [0, 0.75, 0.75, 2], "texture": "#0"},
				"up": {"uv": [0.75, 0, 0.75, 0.75], "texture": "#0"},
				"down": {"uv": [0.75, 0.75, 0.75, 0], "texture": "#0"}
			}
		}
	],
	"display": {
		"thirdperson_righthand": {
			"rotation": [60, 121, 0],
			"translation": [-2.25, 3.25, 4],
			"scale": [0.6, 0.6, 0.6]
		},
		"thirdperson_lefthand": {
			"rotation": [60, -121, 0],
			"translation": [1, 3.25, 4],
			"scale": [0.6, 0.6, 0.6]
		},
		"firstperson_righthand": {
			"rotation": [0, -47, 6],
			"translation": [0, 5.5, 0],
			"scale": [-0.7, 0.7, -0.7]
		},
		"firstperson_lefthand": {
			"rotation": [0, -47, 6],
			"translation": [0, 5.5, 0],
			"scale": [-0.7, 0.7, -0.7]
		},
		"ground": {
			"translation": [0, 3, 0],
			"scale": [0.7, 0.7, 0.7]
		},
		"gui": {
			"rotation": [30, -40, 0],
			"translation": [-0.25, 3, 0],
			"scale": [-0.8, 0.8, -0.8]
		},
		"head": {
			"translation": [0, -30.4, 0],
			"scale": [1.6, 1.6, 1.6]
		},
		"fixed": {
			"rotation": [90, 0, 0],
			"translation": [0, 0, -17.6],
			"scale": [2, -2, -2]
		}
	}
}