{
	"credit": "Made with Blockbench",
	"texture_size": [128, 128],
	"textures": {
		"0": "item/decor/area_desk_blue",
		"particle": "item/decor/area_desk_blue"
	},
	"elements": [
		{
			"from": [13, 0, 1],
			"to": [15, 3, 3],
			"faces": {
				"north": {"uv": [0.25, 8.5, 0.5, 8.875], "texture": "#0"},
				"east": {"uv": [0, 8.5, 0.25, 8.875], "texture": "#0"},
				"south": {"uv": [0.75, 8.5, 1, 8.875], "texture": "#0"},
				"west": {"uv": [0.5, 8.5, 0.75, 8.875], "texture": "#0"},
				"up": {"uv": [0.5, 8.5, 0.25, 8.25], "texture": "#0"},
				"down": {"uv": [0.75, 8.25, 0.5, 8.5], "texture": "#0"}
			}
		},
		{
			"from": [13, 0, 13],
			"to": [15, 3, 15],
			"faces": {
				"north": {"uv": [8.125, 8.25, 8.375, 8.625], "texture": "#0"},
				"east": {"uv": [7.875, 8.25, 8.125, 8.625], "texture": "#0"},
				"south": {"uv": [8.625, 8.25, 8.875, 8.625], "texture": "#0"},
				"west": {"uv": [8.375, 8.25, 8.625, 8.625], "texture": "#0"},
				"up": {"uv": [8.375, 8.25, 8.125, 8], "texture": "#0"},
				"down": {"uv": [8.625, 8, 8.375, 8.25], "texture": "#0"}
			}
		},
		{
			"from": [-15, 0, 1],
			"to": [-13, 3, 3],
			"faces": {
				"north": {"uv": [0.25, 1, 0.5, 1.375], "texture": "#0"},
				"east": {"uv": [0, 1, 0.25, 1.375], "texture": "#0"},
				"south": {"uv": [0.75, 1, 1, 1.375], "texture": "#0"},
				"west": {"uv": [0.5, 1, 0.75, 1.375], "texture": "#0"},
				"up": {"uv": [0.5, 1, 0.25, 0.75], "texture": "#0"},
				"down": {"uv": [0.75, 0.75, 0.5, 1], "texture": "#0"}
			}
		},
		{
			"from": [-15, 0, 13],
			"to": [-13, 3, 15],
			"faces": {
				"north": {"uv": [0.25, 0.25, 0.5, 0.625], "texture": "#0"},
				"east": {"uv": [0, 0.25, 0.25, 0.625], "texture": "#0"},
				"south": {"uv": [0.75, 0.25, 1, 0.625], "texture": "#0"},
				"west": {"uv": [0.5, 0.25, 0.75, 0.625], "texture": "#0"},
				"up": {"uv": [0.5, 0.25, 0.25, 0], "texture": "#0"},
				"down": {"uv": [0.75, 0, 0.5, 0.25], "texture": "#0"}
			}
		},
		{
			"from": [-15.5, 3, 0.5],
			"to": [15.5, 4, 15.5],
			"faces": {
				"north": {"uv": [1.875, 7.25, 5.75, 7.375], "texture": "#0"},
				"east": {"uv": [0, 7.25, 1.875, 7.375], "texture": "#0"},
				"south": {"uv": [7.625, 7.25, 11.5, 7.375], "texture": "#0"},
				"west": {"uv": [5.75, 7.25, 7.625, 7.375], "texture": "#0"},
				"up": {"uv": [5.75, 7.25, 1.875, 5.375], "texture": "#0"},
				"down": {"uv": [9.625, 5.375, 5.75, 7.25], "texture": "#0"}
			}
		},
		{
			"from": [-15.5, 14, 0.5],
			"to": [15.5, 16, 15.5],
			"faces": {
				"north": {"uv": [1.875, 5, 5.75, 5.25], "texture": "#0"},
				"east": {"uv": [0, 5, 1.875, 5.25], "texture": "#0"},
				"south": {"uv": [7.625, 5, 11.5, 5.25], "texture": "#0"},
				"west": {"uv": [5.75, 5, 7.625, 5.25], "texture": "#0"},
				"up": {"uv": [5.75, 5, 1.875, 3.125], "texture": "#0"},
				"down": {"uv": [9.625, 3.125, 5.75, 5], "texture": "#0"}
			}
		},
		{
			"from": [-15.5, 16, 14.5],
			"to": [15.5, 20, 15.5],
			"faces": {
				"north": {"uv": [0.125, 7.625, 4, 8.125], "texture": "#0"},
				"east": {"uv": [0, 7.625, 0.125, 8.125], "texture": "#0"},
				"south": {"uv": [4.125, 7.625, 8, 8.125], "texture": "#0"},
				"west": {"uv": [4, 7.625, 4.125, 8.125], "texture": "#0"},
				"up": {"uv": [4, 7.625, 0.125, 7.5], "texture": "#0"},
				"down": {"uv": [7.875, 7.5, 4, 7.625], "texture": "#0"}
			}
		},
		{
			"from": [14.5, 16, 8.5],
			"to": [15.5, 20, 14.5],
			"faces": {
				"north": {"uv": [0.75, 6.125, 0.875, 6.625], "texture": "#0"},
				"east": {"uv": [0, 6.125, 0.75, 6.625], "texture": "#0"},
				"south": {"uv": [1.625, 6.125, 1.75, 6.625], "texture": "#0"},
				"west": {"uv": [0.875, 6.125, 1.625, 6.625], "texture": "#0"},
				"up": {"uv": [0.875, 6.125, 0.75, 5.375], "texture": "#0"},
				"down": {"uv": [1, 5.375, 0.875, 6.125], "texture": "#0"}
			}
		},
		{
			"from": [-15.5, 16, 8.5],
			"to": [-14.5, 20, 14.5],
			"faces": {
				"north": {"uv": [0.75, 3.875, 0.875, 4.375], "texture": "#0"},
				"east": {"uv": [0, 3.875, 0.75, 4.375], "texture": "#0"},
				"south": {"uv": [1.625, 3.875, 1.75, 4.375], "texture": "#0"},
				"west": {"uv": [0.875, 3.875, 1.625, 4.375], "texture": "#0"},
				"up": {"uv": [0.875, 3.875, 0.75, 3.125], "texture": "#0"},
				"down": {"uv": [1, 3.125, 0.875, 3.875], "texture": "#0"}
			}
		},
		{
			"from": [-15, 6, 1],
			"to": [15, 14, 15],
			"faces": {
				"north": {"uv": [1.75, 1.75, 5.5, 2.75], "texture": "#0"},
				"east": {"uv": [0, 1.75, 1.75, 2.75], "texture": "#0"},
				"south": {"uv": [7.25, 1.75, 11, 2.75], "texture": "#0"},
				"west": {"uv": [5.5, 1.75, 7.25, 2.75], "texture": "#0"},
				"up": {"uv": [5.5, 1.75, 1.75, 0], "texture": "#0"},
				"down": {"uv": [9.25, 0, 5.5, 1.75], "texture": "#0"}
			}
		},
		{
			"from": [7, 9, 0.5],
			"to": [10, 11, 2.5],
			"faces": {
				"north": {"uv": [2.875, 0.375, 3.25, 0.625], "texture": "#0", "tintindex": 0},
				"east": {"uv": [2.875, 0.375, 3.25, 0.625], "texture": "#0", "tintindex": 0},
				"south": {"uv": [2.875, 0.375, 3.25, 0.625], "texture": "#0", "tintindex": 0},
				"west": {"uv": [2.875, 0.375, 3.25, 0.625], "texture": "#0", "tintindex": 0},
				"up": {"uv": [3.25, 0.625, 2.875, 0.375], "texture": "#0", "tintindex": 0},
				"down": {"uv": [3.25, 0.375, 2.875, 0.625], "texture": "#0", "tintindex": 0}
			}
		},
		{
			"from": [-10, 9, 0.5],
			"to": [-7, 11, 2.5],
			"faces": {
				"north": {"uv": [2.875, 0.375, 3.25, 0.625], "texture": "#0", "tintindex": 0},
				"east": {"uv": [2.875, 0.375, 3.25, 0.625], "texture": "#0", "tintindex": 0},
				"south": {"uv": [2.875, 0.375, 3.25, 0.625], "texture": "#0", "tintindex": 0},
				"west": {"uv": [2.875, 0.375, 3.25, 0.625], "texture": "#0", "tintindex": 0},
				"up": {"uv": [3.25, 0.625, 2.875, 0.375], "texture": "#0", "tintindex": 0},
				"down": {"uv": [3.25, 0.375, 2.875, 0.625], "texture": "#0", "tintindex": 0}
			}
		},
		{
			"from": [-15, 4, 1],
			"to": [15, 6, 15],
			"faces": {
				"north": {"uv": [1.75, 2.75, 5.5, 3], "texture": "#0", "tintindex": 0},
				"east": {"uv": [0, 2.75, 1.75, 3], "texture": "#0", "tintindex": 0},
				"south": {"uv": [7.25, 2.75, 11, 3], "texture": "#0", "tintindex": 0},
				"west": {"uv": [5.5, 2.75, 7.25, 3], "texture": "#0", "tintindex": 0},
				"up": {"uv": [9.25, 1.75, 5.5, 0], "texture": "#0", "tintindex": 0},
				"down": {"uv": [9.25, 0, 5.5, 1.75], "texture": "#0", "tintindex": 0}
			}
		}
	],
	"display": {
		"thirdperson_righthand": {
			"rotation": [60, -160, 0],
			"translation": [5, 4.5, -3.25],
			"scale": [-0.6, 0.6, -0.6]
		},
		"thirdperson_lefthand": {
			"rotation": [60, -160, 0],
			"translation": [-3.25, 1.5, -2.5],
			"scale": [-0.6, 0.6, -0.6]
		},
		"firstperson_righthand": {
			"rotation": [0, -73, 6],
			"translation": [0, -1, 0],
			"scale": [-0.4, 0.4, -0.4]
		},
		"firstperson_lefthand": {
			"rotation": [0, -73, 6],
			"translation": [0, -1, 7.5],
			"scale": [-0.4, 0.4, -0.4]
		},
		"ground": {
			"translation": [2.25, 1.5, 0],
			"scale": [0.35, 0.35, 0.35]
		},
		"gui": {
			"rotation": [30, -40, 0],
			"translation": [-2.75, 0.25, 0],
			"scale": [-0.45, 0.45, -0.45]
		},
		"head": {
			"translation": [0, -30.4, 0],
			"scale": [-1.6, 1.6, -1.6]
		},
		"fixed": {
			"rotation": [90, 0, 0],
			"translation": [0, 0, -15],
			"scale": [2, -2, -2]
		}
	}
}