{
	"credit": "Made with Blockbench",
	"texture_size": [128, 128],
	"textures": {
		"0": "item/decor/bedroom_clothing_cabinet",
		"particle": "item/decor/bedroom_clothing_cabinet"
	},
	"elements": [
		{
			"from": [-15, 0, 13],
			"to": [-13, 2, 15],
			"faces": {
				"north": {"uv": [12.5, 3.25, 12.75, 3.5], "texture": "#0", "tintindex": 0},
				"east": {"uv": [12.25, 3.25, 12.5, 3.5], "texture": "#0", "tintindex": 0},
				"south": {"uv": [13, 3.25, 13.25, 3.5], "texture": "#0", "tintindex": 0},
				"west": {"uv": [12.75, 3.25, 13, 3.5], "texture": "#0", "tintindex": 0},
				"up": {"uv": [12.75, 3.25, 12.5, 3], "texture": "#0", "tintindex": 0},
				"down": {"uv": [13, 3, 12.75, 3.25], "texture": "#0", "tintindex": 0}
			}
		},
		{
			"from": [13, 0, 13],
			"to": [15, 2, 15],
			"faces": {
				"north": {"uv": [8.875, 11.625, 9.125, 11.875], "texture": "#0", "tintindex": 0},
				"east": {"uv": [8.625, 11.625, 8.875, 11.875], "texture": "#0", "tintindex": 0},
				"south": {"uv": [9.375, 11.625, 9.625, 11.875], "texture": "#0", "tintindex": 0},
				"west": {"uv": [9.125, 11.625, 9.375, 11.875], "texture": "#0", "tintindex": 0},
				"up": {"uv": [9.125, 11.625, 8.875, 11.375], "texture": "#0", "tintindex": 0},
				"down": {"uv": [9.375, 11.375, 9.125, 11.625], "texture": "#0", "tintindex": 0}
			}
		},
		{
			"from": [-15, 2, 1],
			"to": [0, 31, 15],
			"faces": {
				"north": {"uv": [1.75, 3.875, 3.625, 7.5], "texture": "#0", "tintindex": 0},
				"east": {"uv": [0, 3.875, 1.75, 7.5], "texture": "#0", "tintindex": 0},
				"south": {"uv": [5.375, 3.875, 7.25, 7.5], "texture": "#0", "tintindex": 0},
				"west": {"uv": [3.625, 3.875, 5.375, 7.5], "texture": "#0", "tintindex": 0},
				"up": {"uv": [3.625, 3.875, 1.75, 2.125], "texture": "#0", "tintindex": 0},
				"down": {"uv": [5.5, 2.125, 3.625, 3.875], "texture": "#0", "tintindex": 0}
			}
		},
		{
			"from": [0, 2, 1],
			"to": [13, 4, 13],
			"faces": {
				"north": {"uv": [8.875, 5.5, 10.5, 5.75], "texture": "#0", "tintindex": 0},
				"east": {"uv": [7.375, 5.5, 8.875, 5.75], "texture": "#0", "tintindex": 0},
				"south": {"uv": [12, 5.5, 13.625, 5.75], "texture": "#0", "tintindex": 0},
				"west": {"uv": [10.5, 5.5, 12, 5.75], "texture": "#0", "tintindex": 0},
				"up": {"uv": [10.5, 5.5, 8.875, 4], "texture": "#0", "tintindex": 0},
				"down": {"uv": [12.125, 4, 10.5, 5.5], "texture": "#0", "tintindex": 0}
			}
		},
		{
			"from": [1, 25, 2],
			"to": [12, 30, 9],
			"faces": {
				"north": {"uv": [8.875, 6.75, 10.25, 7.375], "texture": "#0"},
				"east": {"uv": [8, 6.75, 8.875, 7.375], "texture": "#0"},
				"south": {"uv": [11.125, 6.75, 12.5, 7.375], "texture": "#0"},
				"west": {"uv": [10.25, 6.75, 11.125, 7.375], "texture": "#0"},
				"up": {"uv": [10.25, 6.75, 8.875, 5.875], "texture": "#0"},
				"down": {"uv": [11.625, 5.875, 10.25, 6.75], "texture": "#0"}
			}
		},
		{
			"from": [0.2, 4.1, 2],
			"to": [6.2, 4.1, 9],
			"faces": {
				"north": {"uv": [10.625, 8.375, 11.375, 8.375], "texture": "#0"},
				"east": {"uv": [9.75, 8.375, 10.625, 8.375], "texture": "#0"},
				"south": {"uv": [12.25, 8.375, 13, 8.375], "texture": "#0"},
				"west": {"uv": [11.375, 8.375, 12.25, 8.375], "texture": "#0"},
				"up": {"uv": [11.375, 8.375, 10.625, 7.5], "texture": "#0"},
				"down": {"uv": [12.125, 7.5, 11.375, 8.375], "texture": "#0"}
			}
		},
		{
			"from": [0.7, 5.1, 2.5],
			"to": [5.7, 7.1, 8.5],
			"faces": {
				"north": {"uv": [10.5, 9.25, 11.125, 9.5], "texture": "#0"},
				"east": {"uv": [9.75, 9.25, 10.5, 9.5], "texture": "#0"},
				"south": {"uv": [11.875, 9.25, 12.5, 9.5], "texture": "#0"},
				"west": {"uv": [11.125, 9.25, 11.875, 9.5], "texture": "#0"},
				"up": {"uv": [11.125, 9.25, 10.5, 8.5], "texture": "#0"},
				"down": {"uv": [11.75, 8.5, 11.125, 9.25], "texture": "#0"}
			}
		},
		{
			"from": [7.2, 5.1, 2.5],
			"to": [12.2, 7.1, 8.5],
			"faces": {
				"north": {"uv": [6.375, 2.875, 7, 3.125], "texture": "#0"},
				"east": {"uv": [5.625, 2.875, 6.375, 3.125], "texture": "#0"},
				"south": {"uv": [7.75, 2.875, 8.375, 3.125], "texture": "#0"},
				"west": {"uv": [7, 2.875, 7.75, 3.125], "texture": "#0"},
				"up": {"uv": [7, 2.875, 6.375, 2.125], "texture": "#0"},
				"down": {"uv": [7.625, 2.125, 7, 2.875], "texture": "#0"}
			}
		},
		{
			"from": [0.2, 3.1, 2],
			"to": [0.2, 8.1, 9],
			"faces": {
				"north": {"uv": [12.875, 13, 12.875, 13.625], "texture": "#0"},
				"east": {"uv": [12, 13, 12.875, 13.625], "texture": "#0"},
				"south": {"uv": [13.75, 13, 13.75, 13.625], "texture": "#0"},
				"west": {"uv": [12.875, 13, 13.75, 13.625], "texture": "#0"},
				"up": {"uv": [12.875, 13, 12.875, 12.125], "texture": "#0"},
				"down": {"uv": [12.875, 12.125, 12.875, 13], "texture": "#0"}
			}
		},
		{
			"from": [6.2, 3.1, 2],
			"to": [6.2, 8.1, 9],
			"faces": {
				"north": {"uv": [9.5, 13, 9.5, 13.625], "texture": "#0"},
				"east": {"uv": [8.625, 13, 9.5, 13.625], "texture": "#0"},
				"south": {"uv": [10.375, 13, 10.375, 13.625], "texture": "#0"},
				"west": {"uv": [9.5, 13, 10.375, 13.625], "texture": "#0"},
				"up": {"uv": [9.5, 13, 9.5, 12.125], "texture": "#0"},
				"down": {"uv": [9.5, 12.125, 9.5, 13], "texture": "#0"}
			}
		},
		{
			"from": [0.2, 3.1, 2],
			"to": [6.2, 8.1, 2],
			"faces": {
				"north": {"uv": [12.25, 4, 13, 4.625], "texture": "#0"},
				"east": {"uv": [12.25, 4, 12.25, 4.625], "texture": "#0"},
				"south": {"uv": [13, 4, 13.75, 4.625], "texture": "#0"},
				"west": {"uv": [13, 4, 13, 4.625], "texture": "#0"},
				"up": {"uv": [13, 4, 12.25, 4], "texture": "#0"},
				"down": {"uv": [13.75, 4, 13, 4], "texture": "#0"}
			}
		},
		{
			"from": [0.2, 3.1, 9],
			"to": [6.2, 8.1, 9],
			"faces": {
				"north": {"uv": [12.25, 0, 13, 0.625], "texture": "#0"},
				"east": {"uv": [12.25, 0, 12.25, 0.625], "texture": "#0"},
				"south": {"uv": [13, 0, 13.75, 0.625], "texture": "#0"},
				"west": {"uv": [13, 0, 13, 0.625], "texture": "#0"},
				"up": {"uv": [13, 0, 12.25, 0], "texture": "#0"},
				"down": {"uv": [13.75, 0, 13, 0], "texture": "#0"}
			}
		},
		{
			"from": [12.7, 3.1, 2],
			"to": [12.7, 8.1, 9],
			"faces": {
				"north": {"uv": [12.625, 9.625, 12.625, 10.25], "texture": "#0"},
				"east": {"uv": [11.75, 9.625, 12.625, 10.25], "texture": "#0"},
				"south": {"uv": [13.5, 9.625, 13.5, 10.25], "texture": "#0"},
				"west": {"uv": [12.625, 9.625, 13.5, 10.25], "texture": "#0"},
				"up": {"uv": [12.625, 9.625, 12.625, 8.75], "texture": "#0"},
				"down": {"uv": [12.625, 8.75, 12.625, 9.625], "texture": "#0"}
			}
		},
		{
			"from": [6.7, 3.1, 9],
			"to": [12.7, 8.1, 9],
			"faces": {
				"north": {"uv": [1, 11.625, 1.75, 12.25], "texture": "#0"},
				"east": {"uv": [1, 11.625, 1, 12.25], "texture": "#0"},
				"south": {"uv": [1.75, 11.625, 2.5, 12.25], "texture": "#0"},
				"west": {"uv": [1.75, 11.625, 1.75, 12.25], "texture": "#0"},
				"up": {"uv": [1.75, 11.625, 1, 11.625], "texture": "#0"},
				"down": {"uv": [2.5, 11.625, 1.75, 11.625], "texture": "#0"}
			}
		},
		{
			"from": [6.7, 4.1, 2],
			"to": [12.7, 4.1, 9],
			"faces": {
				"north": {"uv": [10.625, 0.875, 11.375, 0.875], "texture": "#0"},
				"east": {"uv": [9.75, 0.875, 10.625, 0.875], "texture": "#0"},
				"south": {"uv": [12.25, 0.875, 13, 0.875], "texture": "#0"},
				"west": {"uv": [11.375, 0.875, 12.25, 0.875], "texture": "#0"},
				"up": {"uv": [11.375, 0.875, 10.625, 0], "texture": "#0"},
				"down": {"uv": [12.125, 0, 11.375, 0.875], "texture": "#0"}
			}
		},
		{
			"from": [6.7, 3.1, 2],
			"to": [6.7, 8.1, 9],
			"faces": {
				"north": {"uv": [2.75, 12.5, 2.75, 13.125], "texture": "#0"},
				"east": {"uv": [1.875, 12.5, 2.75, 13.125], "texture": "#0"},
				"south": {"uv": [3.625, 12.5, 3.625, 13.125], "texture": "#0"},
				"west": {"uv": [2.75, 12.5, 3.625, 13.125], "texture": "#0"},
				"up": {"uv": [2.75, 12.5, 2.75, 11.625], "texture": "#0"},
				"down": {"uv": [2.75, 11.625, 2.75, 12.5], "texture": "#0"}
			}
		},
		{
			"from": [6.7, 3.1, 2],
			"to": [12.7, 8.1, 2],
			"faces": {
				"north": {"uv": [6.75, 11.375, 7.5, 12], "texture": "#0"},
				"east": {"uv": [6.75, 11.375, 6.75, 12], "texture": "#0"},
				"south": {"uv": [7.5, 11.375, 8.25, 12], "texture": "#0"},
				"west": {"uv": [7.5, 11.375, 7.5, 12], "texture": "#0"},
				"up": {"uv": [7.5, 11.375, 6.75, 11.375], "texture": "#0"},
				"down": {"uv": [8.25, 11.375, 7.5, 11.375], "texture": "#0"}
			}
		},
		{
			"from": [0, 20.5, 7],
			"to": [13, 21.5, 8],
			"faces": {
				"north": {"uv": [9.875, 1.125, 11.5, 1.25], "texture": "#0", "tintindex": 0},
				"east": {"uv": [9.75, 1.125, 9.875, 1.25], "texture": "#0", "tintindex": 0},
				"south": {"uv": [11.625, 1.125, 13.25, 1.25], "texture": "#0", "tintindex": 0},
				"west": {"uv": [11.5, 1.125, 11.625, 1.25], "texture": "#0", "tintindex": 0},
				"up": {"uv": [11.5, 1.125, 9.875, 1], "texture": "#0", "tintindex": 0},
				"down": {"uv": [13.125, 1, 11.5, 1.125], "texture": "#0", "tintindex": 0}
			}
		},
		{
			"from": [11, 17.6, 4],
			"to": [11, 22.6, 11],
			"faces": {
				"north": {"uv": [0.875, 12.5, 0.875, 13.125], "texture": "#0"},
				"east": {"uv": [0, 12.5, 0.875, 13.125], "texture": "#0"},
				"south": {"uv": [1.75, 12.5, 1.75, 13.125], "texture": "#0"},
				"west": {"uv": [0.875, 12.5, 1.75, 13.125], "texture": "#0"},
				"up": {"uv": [0.875, 12.5, 0.875, 11.625], "texture": "#0"},
				"down": {"uv": [0.875, 11.625, 0.875, 12.5], "texture": "#0"}
			}
		},
		{
			"from": [8, 17.6, 4],
			"to": [8, 22.6, 11],
			"faces": {
				"north": {"uv": [0.875, 12.5, 0.875, 13.125], "texture": "#0"},
				"east": {"uv": [0, 12.5, 0.875, 13.125], "texture": "#0"},
				"south": {"uv": [1.75, 12.5, 1.75, 13.125], "texture": "#0"},
				"west": {"uv": [0.875, 12.5, 1.75, 13.125], "texture": "#0"},
				"up": {"uv": [0.875, 12.5, 0.875, 11.625], "texture": "#0"},
				"down": {"uv": [0.875, 11.625, 0.875, 12.5], "texture": "#0"}
			}
		},
		{
			"from": [2, 17.6, 4],
			"to": [2, 22.6, 11],
			"faces": {
				"north": {"uv": [0.875, 12.5, 0.875, 13.125], "texture": "#0"},
				"east": {"uv": [0, 12.5, 0.875, 13.125], "texture": "#0"},
				"south": {"uv": [1.75, 12.5, 1.75, 13.125], "texture": "#0"},
				"west": {"uv": [0.875, 12.5, 1.75, 13.125], "texture": "#0"},
				"up": {"uv": [0.875, 12.5, 0.875, 11.625], "texture": "#0"},
				"down": {"uv": [0.875, 11.625, 0.875, 12.5], "texture": "#0"}
			}
		},
		{
			"from": [5, 17.6, 4],
			"to": [5, 22.6, 11],
			"faces": {
				"north": {"uv": [0.875, 12.5, 0.875, 13.125], "texture": "#0"},
				"east": {"uv": [0, 12.5, 0.875, 13.125], "texture": "#0"},
				"south": {"uv": [1.75, 12.5, 1.75, 13.125], "texture": "#0"},
				"west": {"uv": [0.875, 12.5, 1.75, 13.125], "texture": "#0"},
				"up": {"uv": [0.875, 12.5, 0.875, 11.625], "texture": "#0"},
				"down": {"uv": [0.875, 11.625, 0.875, 12.5], "texture": "#0"}
			}
		},
		{
			"from": [10, 9.6, 5],
			"to": [12, 19.6, 10],
			"faces": {
				"north": {"uv": [11.625, 11.625, 11.875, 12.875], "texture": "#0"},
				"east": {"uv": [11, 11.625, 11.625, 12.875], "texture": "#0"},
				"south": {"uv": [12.5, 11.625, 12.75, 12.875], "texture": "#0"},
				"west": {"uv": [11.875, 11.625, 12.5, 12.875], "texture": "#0"},
				"up": {"uv": [11.875, 11.625, 11.625, 11], "texture": "#0"},
				"down": {"uv": [12.125, 11, 11.875, 11.625], "texture": "#0"}
			}
		},
		{
			"from": [10, 9.6, 10],
			"to": [12, 20.6, 11],
			"faces": {
				"north": {"uv": [12.75, 6, 13, 7.375], "texture": "#0"},
				"east": {"uv": [12.625, 6, 12.75, 7.375], "texture": "#0"},
				"south": {"uv": [13.125, 6, 13.375, 7.375], "texture": "#0"},
				"west": {"uv": [13, 6, 13.125, 7.375], "texture": "#0"},
				"up": {"uv": [13, 6, 12.75, 5.875], "texture": "#0"},
				"down": {"uv": [13.25, 5.875, 13, 6], "texture": "#0"}
			}
		},
		{
			"from": [10, 9.6, 4],
			"to": [12, 20.6, 5],
			"faces": {
				"north": {"uv": [12.375, 1.5, 12.625, 2.875], "texture": "#0"},
				"east": {"uv": [12.25, 1.5, 12.375, 2.875], "texture": "#0"},
				"south": {"uv": [12.75, 1.5, 13, 2.875], "texture": "#0"},
				"west": {"uv": [12.625, 1.5, 12.75, 2.875], "texture": "#0"},
				"up": {"uv": [12.625, 1.5, 12.375, 1.375], "texture": "#0"},
				"down": {"uv": [12.875, 1.375, 12.625, 1.5], "texture": "#0"}
			}
		},
		{
			"from": [10, 16.6, 11],
			"to": [12, 20.6, 13],
			"faces": {
				"north": {"uv": [4, 13, 4.25, 13.5], "texture": "#0"},
				"east": {"uv": [3.75, 13, 4, 13.5], "texture": "#0"},
				"south": {"uv": [4.5, 13, 4.75, 13.5], "texture": "#0"},
				"west": {"uv": [4.25, 13, 4.5, 13.5], "texture": "#0"},
				"up": {"uv": [4.25, 13, 4, 12.75], "texture": "#0"},
				"down": {"uv": [4.5, 12.75, 4.25, 13], "texture": "#0"}
			}
		},
		{
			"from": [10, 16.6, 1],
			"to": [12, 20.6, 4],
			"faces": {
				"north": {"uv": [10, 12, 10.25, 12.5], "texture": "#0"},
				"east": {"uv": [9.625, 12, 10, 12.5], "texture": "#0"},
				"south": {"uv": [10.625, 12, 10.875, 12.5], "texture": "#0"},
				"west": {"uv": [10.25, 12, 10.625, 12.5], "texture": "#0"},
				"up": {"uv": [10.25, 12, 10, 11.625], "texture": "#0"},
				"down": {"uv": [10.5, 11.625, 10.25, 12], "texture": "#0"}
			}
		},
		{
			"from": [7, 9.6, 5],
			"to": [9, 19.6, 10],
			"faces": {
				"north": {"uv": [4.5, 11.375, 4.75, 12.625], "texture": "#0"},
				"east": {"uv": [3.875, 11.375, 4.5, 12.625], "texture": "#0"},
				"south": {"uv": [5.375, 11.375, 5.625, 12.625], "texture": "#0"},
				"west": {"uv": [4.75, 11.375, 5.375, 12.625], "texture": "#0"},
				"up": {"uv": [4.75, 11.375, 4.5, 10.75], "texture": "#0"},
				"down": {"uv": [5, 10.75, 4.75, 11.375], "texture": "#0"}
			}
		},
		{
			"from": [7, 9.6, 10],
			"to": [9, 20.6, 11],
			"faces": {
				"north": {"uv": [4.875, 7.75, 5.125, 9.125], "texture": "#0"},
				"east": {"uv": [4.75, 7.75, 4.875, 9.125], "texture": "#0"},
				"south": {"uv": [5.25, 7.75, 5.5, 9.125], "texture": "#0"},
				"west": {"uv": [5.125, 7.75, 5.25, 9.125], "texture": "#0"},
				"up": {"uv": [5.125, 7.75, 4.875, 7.625], "texture": "#0"},
				"down": {"uv": [5.375, 7.625, 5.125, 7.75], "texture": "#0"}
			}
		},
		{
			"from": [7, 16.6, 11],
			"to": [9, 20.6, 13],
			"faces": {
				"north": {"uv": [12.5, 10.625, 12.75, 11.125], "texture": "#0"},
				"east": {"uv": [12.25, 10.625, 12.5, 11.125], "texture": "#0"},
				"south": {"uv": [13, 10.625, 13.25, 11.125], "texture": "#0"},
				"west": {"uv": [12.75, 10.625, 13, 11.125], "texture": "#0"},
				"up": {"uv": [12.75, 10.625, 12.5, 10.375], "texture": "#0"},
				"down": {"uv": [13, 10.375, 12.75, 10.625], "texture": "#0"}
			}
		},
		{
			"from": [7, 9.6, 4],
			"to": [9, 20.6, 5],
			"faces": {
				"north": {"uv": [4, 7.75, 4.25, 9.125], "texture": "#0"},
				"east": {"uv": [3.875, 7.75, 4, 9.125], "texture": "#0"},
				"south": {"uv": [4.375, 7.75, 4.625, 9.125], "texture": "#0"},
				"west": {"uv": [4.25, 7.75, 4.375, 9.125], "texture": "#0"},
				"up": {"uv": [4.25, 7.75, 4, 7.625], "texture": "#0"},
				"down": {"uv": [4.5, 7.625, 4.25, 7.75], "texture": "#0"}
			}
		},
		{
			"from": [7, 16.6, 1],
			"to": [9, 20.6, 4],
			"faces": {
				"north": {"uv": [4.25, 9.625, 4.5, 10.125], "texture": "#0"},
				"east": {"uv": [3.875, 9.625, 4.25, 10.125], "texture": "#0"},
				"south": {"uv": [4.875, 9.625, 5.125, 10.125], "texture": "#0"},
				"west": {"uv": [4.5, 9.625, 4.875, 10.125], "texture": "#0"},
				"up": {"uv": [4.5, 9.625, 4.25, 9.25], "texture": "#0"},
				"down": {"uv": [4.75, 9.25, 4.5, 9.625], "texture": "#0"}
			}
		},
		{
			"from": [1, 9.6, 5],
			"to": [3, 19.6, 10],
			"faces": {
				"north": {"uv": [10.375, 10.25, 10.625, 11.5], "texture": "#0"},
				"east": {"uv": [9.75, 10.25, 10.375, 11.5], "texture": "#0"},
				"south": {"uv": [11.25, 10.25, 11.5, 11.5], "texture": "#0"},
				"west": {"uv": [10.625, 10.25, 11.25, 11.5], "texture": "#0"},
				"up": {"uv": [10.625, 10.25, 10.375, 9.625], "texture": "#0"},
				"down": {"uv": [10.875, 9.625, 10.625, 10.25], "texture": "#0"}
			}
		},
		{
			"from": [1, 9.6, 10],
			"to": [3, 20.6, 11],
			"faces": {
				"north": {"uv": [1, 2.25, 1.25, 3.625], "texture": "#0"},
				"east": {"uv": [0.875, 2.25, 1, 3.625], "texture": "#0"},
				"south": {"uv": [1.375, 2.25, 1.625, 3.625], "texture": "#0"},
				"west": {"uv": [1.25, 2.25, 1.375, 3.625], "texture": "#0"},
				"up": {"uv": [1.25, 2.25, 1, 2.125], "texture": "#0"},
				"down": {"uv": [1.5, 2.125, 1.25, 2.25], "texture": "#0"}
			}
		},
		{
			"from": [1, 16.6, 11],
			"to": [3, 20.6, 13],
			"faces": {
				"north": {"uv": [12.5, 7.75, 12.75, 8.25], "texture": "#0"},
				"east": {"uv": [12.25, 7.75, 12.5, 8.25], "texture": "#0"},
				"south": {"uv": [13, 7.75, 13.25, 8.25], "texture": "#0"},
				"west": {"uv": [12.75, 7.75, 13, 8.25], "texture": "#0"},
				"up": {"uv": [12.75, 7.75, 12.5, 7.5], "texture": "#0"},
				"down": {"uv": [13, 7.5, 12.75, 7.75], "texture": "#0"}
			}
		},
		{
			"from": [1, 9.6, 4],
			"to": [3, 20.6, 5],
			"faces": {
				"north": {"uv": [0.125, 2.25, 0.375, 3.625], "texture": "#0"},
				"east": {"uv": [0, 2.25, 0.125, 3.625], "texture": "#0"},
				"south": {"uv": [0.5, 2.25, 0.75, 3.625], "texture": "#0"},
				"west": {"uv": [0.375, 2.25, 0.5, 3.625], "texture": "#0"},
				"up": {"uv": [0.375, 2.25, 0.125, 2.125], "texture": "#0"},
				"down": {"uv": [0.625, 2.125, 0.375, 2.25], "texture": "#0"}
			}
		},
		{
			"from": [1, 16.6, 1],
			"to": [3, 20.6, 4],
			"faces": {
				"north": {"uv": [7.75, 4.375, 8, 4.875], "texture": "#0"},
				"east": {"uv": [7.375, 4.375, 7.75, 4.875], "texture": "#0"},
				"south": {"uv": [8.375, 4.375, 8.625, 4.875], "texture": "#0"},
				"west": {"uv": [8, 4.375, 8.375, 4.875], "texture": "#0"},
				"up": {"uv": [8, 4.375, 7.75, 4], "texture": "#0"},
				"down": {"uv": [8.25, 4, 8, 4.375], "texture": "#0"}
			}
		},
		{
			"from": [0, 23, 1],
			"to": [13, 25, 13],
			"faces": {
				"north": {"uv": [8.875, 3.625, 10.5, 3.875], "texture": "#0", "tintindex": 0},
				"east": {"uv": [7.375, 3.625, 8.875, 3.875], "texture": "#0", "tintindex": 0},
				"south": {"uv": [12, 3.625, 13.625, 3.875], "texture": "#0", "tintindex": 0},
				"west": {"uv": [10.5, 3.625, 12, 3.875], "texture": "#0", "tintindex": 0},
				"up": {"uv": [10.5, 3.625, 8.875, 2.125], "texture": "#0", "tintindex": 0},
				"down": {"uv": [12.125, 2.125, 10.5, 3.625], "texture": "#0", "tintindex": 0}
			}
		},
		{
			"from": [0, 2, 13],
			"to": [13, 31, 15],
			"faces": {
				"north": {"uv": [0.25, 7.875, 1.875, 11.5], "texture": "#0", "tintindex": 0},
				"east": {"uv": [0, 7.875, 0.25, 11.5], "texture": "#0", "tintindex": 0},
				"south": {"uv": [2.125, 7.875, 3.75, 11.5], "texture": "#0", "tintindex": 0},
				"west": {"uv": [1.875, 7.875, 2.125, 11.5], "texture": "#0", "tintindex": 0},
				"up": {"uv": [1.875, 7.875, 0.25, 7.625], "texture": "#0", "tintindex": 0},
				"down": {"uv": [3.5, 7.625, 1.875, 7.875], "texture": "#0", "tintindex": 0}
			}
		},
		{
			"from": [13, 2, 1],
			"to": [15, 31, 15],
			"faces": {
				"north": {"uv": [7.375, 7.625, 7.625, 11.25], "texture": "#0", "tintindex": 0},
				"east": {"uv": [5.625, 7.625, 7.375, 11.25], "texture": "#0", "tintindex": 0},
				"south": {"uv": [9.375, 7.625, 9.625, 11.25], "texture": "#0", "tintindex": 0},
				"west": {"uv": [7.625, 7.625, 9.375, 11.25], "texture": "#0", "tintindex": 0},
				"up": {"uv": [7.625, 7.625, 7.375, 5.875], "texture": "#0", "tintindex": 0},
				"down": {"uv": [7.875, 5.875, 7.625, 7.625], "texture": "#0", "tintindex": 0}
			}
		},
		{
			"from": [-15.5, 31, 0.5],
			"to": [15.5, 32, 15.5],
			"faces": {
				"north": {"uv": [1.875, 1.875, 5.75, 2], "texture": "#0", "tintindex": 0},
				"east": {"uv": [0, 1.875, 1.875, 2], "texture": "#0", "tintindex": 0},
				"south": {"uv": [7.625, 1.875, 11.5, 2], "texture": "#0", "tintindex": 0},
				"west": {"uv": [5.75, 1.875, 7.625, 2], "texture": "#0", "tintindex": 0},
				"up": {"uv": [5.75, 1.875, 1.875, 0], "texture": "#0", "tintindex": 0},
				"down": {"uv": [9.625, 0, 5.75, 1.875], "texture": "#0", "tintindex": 0}
			}
		},
		{
			"from": [13, 0, 1],
			"to": [15, 2, 3],
			"faces": {
				"north": {"uv": [8, 2.375, 8.25, 2.625], "texture": "#0", "tintindex": 0},
				"east": {"uv": [7.75, 2.375, 8, 2.625], "texture": "#0", "tintindex": 0},
				"south": {"uv": [8.5, 2.375, 8.75, 2.625], "texture": "#0", "tintindex": 0},
				"west": {"uv": [8.25, 2.375, 8.5, 2.625], "texture": "#0", "tintindex": 0},
				"up": {"uv": [8.25, 2.375, 8, 2.125], "texture": "#0", "tintindex": 0},
				"down": {"uv": [8.5, 2.125, 8.25, 2.375], "texture": "#0", "tintindex": 0}
			}
		},
		{
			"from": [-15, 0, 1],
			"to": [-13, 2, 3],
			"faces": {
				"north": {"uv": [5.875, 3.5, 6.125, 3.75], "texture": "#0", "tintindex": 0},
				"east": {"uv": [5.625, 3.5, 5.875, 3.75], "texture": "#0", "tintindex": 0},
				"south": {"uv": [6.375, 3.5, 6.625, 3.75], "texture": "#0", "tintindex": 0},
				"west": {"uv": [6.125, 3.5, 6.375, 3.75], "texture": "#0", "tintindex": 0},
				"up": {"uv": [6.125, 3.5, 5.875, 3.25], "texture": "#0", "tintindex": 0},
				"down": {"uv": [6.375, 3.25, 6.125, 3.5], "texture": "#0", "tintindex": 0}
			}
		},
		{
			"from": [-3, 14, 0.9],
			"to": [-2, 18, 0.9],
			"faces": {
				"north": {"uv": [0, 0, 0.125, 0.5], "texture": "#0"},
				"east": {"uv": [0, 0, 0, 0.5], "texture": "#0"},
				"south": {"uv": [0.125, 0, 0.25, 0.5], "texture": "#0"},
				"west": {"uv": [0.125, 0, 0.125, 0.5], "texture": "#0"},
				"up": {"uv": [0.125, 0, 0, 0], "texture": "#0"},
				"down": {"uv": [0.25, 0, 0.125, 0], "texture": "#0"}
			}
		}
	],
	"display": {
		"thirdperson_righthand": {
			"rotation": [60, -160, 0],
			"translation": [5, 2.75, -7.75],
			"scale": [-0.6, 0.6, -0.6]
		},
		"thirdperson_lefthand": {
			"rotation": [60, -160, 0],
			"translation": [-2.75, -1.25, -5.25],
			"scale": [-0.6, 0.6, -0.6]
		},
		"firstperson_righthand": {
			"rotation": [0, -73, 6],
			"translation": [0, -0.75, 0],
			"scale": [-0.4, 0.4, -0.4]
		},
		"firstperson_lefthand": {
			"rotation": [0, -73, 6],
			"translation": [0, -0.25, 6],
			"scale": [-0.4, 0.4, -0.4]
		},
		"ground": {
			"translation": [2.75, 1.5, 0],
			"scale": [0.35, 0.35, 0.35]
		},
		"gui": {
			"rotation": [30, -40, 0],
			"translation": [-2.5, -2, 0],
			"scale": [-0.4, 0.4, -0.4]
		},
		"head": {
			"translation": [0, -30.4, 0],
			"scale": [-1.6, 1.6, -1.6]
		},
		"fixed": {
			"rotation": [90, 0, 0],
			"translation": [0, 0, -15],
			"scale": [2, -2, -2]
		}
	}
}