{
	"credit": "Made with Blockbench",
	"texture_size": [64, 64],
	"textures": {
		"0": "item/decor/kitchen_chair",
		"particle": "item/decor/kitchen_chair"
	},
	"elements": [
		{
			"name": "Element",
			"from": [1, 8, 1],
			"to": [15, 10, 15],
			"rotation": {"angle": 0, "axis": "y", "origin": [0, 0, 16]},
			"faces": {
				"north": {"uv": [3.5, 3.5, 7, 4], "texture": "#0"},
				"east": {"uv": [0, 3.5, 3.5, 4], "texture": "#0"},
				"south": {"uv": [10.5, 3.5, 14, 4], "texture": "#0"},
				"west": {"uv": [7, 3.5, 10.5, 4], "texture": "#0"},
				"up": {"uv": [7, 3.5, 3.5, 0], "texture": "#0"},
				"down": {"uv": [10.5, 0, 7, 3.5], "texture": "#0"}
			}
		},
		{
			"name": "Element",
			"from": [1.5, 0, 12.5],
			"to": [3.5, 24, 14.5],
			"rotation": {"angle": 0, "axis": "y", "origin": [0, 0, 16]},
			"faces": {
				"north": {"uv": [2.75, 4.75, 3.25, 10.75], "texture": "#0", "tintindex": 0},
				"east": {"uv": [2.25, 4.75, 2.75, 10.75], "texture": "#0", "tintindex": 0},
				"south": {"uv": [3.75, 4.75, 4.25, 10.75], "texture": "#0", "tintindex": 0},
				"west": {"uv": [3.25, 4.75, 3.75, 10.75], "texture": "#0", "tintindex": 0},
				"up": {"uv": [3.25, 4.75, 2.75, 4.25], "texture": "#0", "tintindex": 0},
				"down": {"uv": [3.75, 4.25, 3.25, 4.75], "texture": "#0", "tintindex": 0}
			}
		},
		{
			"name": "Element",
			"from": [1.5, 0, 1.5],
			"to": [3.5, 8, 3.5],
			"rotation": {"angle": 0, "axis": "y", "origin": [0, 0, 16]},
			"faces": {
				"north": {"uv": [9.75, 10.25, 10.25, 12.25], "texture": "#0", "tintindex": 0},
				"east": {"uv": [9.25, 10.25, 9.75, 12.25], "texture": "#0", "tintindex": 0},
				"south": {"uv": [10.75, 10.25, 11.25, 12.25], "texture": "#0", "tintindex": 0},
				"west": {"uv": [10.25, 10.25, 10.75, 12.25], "texture": "#0", "tintindex": 0},
				"up": {"uv": [10.25, 10.25, 9.75, 9.75], "texture": "#0", "tintindex": 0},
				"down": {"uv": [10.75, 9.75, 10.25, 10.25], "texture": "#0", "tintindex": 0}
			}
		},
		{
			"name": "Element",
			"from": [12.5, 0, 12.5],
			"to": [14.5, 24, 14.5],
			"rotation": {"angle": 0, "axis": "y", "origin": [0, 0, 16]},
			"faces": {
				"north": {"uv": [0.5, 4.75, 1, 10.75], "texture": "#0", "tintindex": 0},
				"east": {"uv": [0, 4.75, 0.5, 10.75], "texture": "#0", "tintindex": 0},
				"south": {"uv": [1.5, 4.75, 2, 10.75], "texture": "#0", "tintindex": 0},
				"west": {"uv": [1, 4.75, 1.5, 10.75], "texture": "#0", "tintindex": 0},
				"up": {"uv": [1, 4.75, 0.5, 4.25], "texture": "#0", "tintindex": 0},
				"down": {"uv": [1.5, 4.25, 1, 4.75], "texture": "#0", "tintindex": 0}
			}
		},
		{
			"name": "Element",
			"from": [12.5, 0, 1.5],
			"to": [14.5, 8, 3.5],
			"rotation": {"angle": 0, "axis": "y", "origin": [0, 0, 16]},
			"faces": {
				"north": {"uv": [0.5, 0.5, 1, 2.5], "texture": "#0", "tintindex": 0},
				"east": {"uv": [0, 0.5, 0.5, 2.5], "texture": "#0", "tintindex": 0},
				"south": {"uv": [1.5, 0.5, 2, 2.5], "texture": "#0", "tintindex": 0},
				"west": {"uv": [1, 0.5, 1.5, 2.5], "texture": "#0", "tintindex": 0},
				"up": {"uv": [1, 0.5, 0.5, 0], "texture": "#0", "tintindex": 0},
				"down": {"uv": [1.5, 0, 1, 0.5], "texture": "#0", "tintindex": 0}
			}
		},
		{
			"name": "Element",
			"from": [3.5, 20, 13],
			"to": [12.5, 23, 14],
			"rotation": {"angle": 0, "axis": "y", "origin": [0, -2, 16]},
			"faces": {
				"north": {"uv": [7.75, 4.5, 10, 5.25], "texture": "#0", "tintindex": 0},
				"east": {"uv": [7.5, 4.5, 7.75, 5.25], "texture": "#0", "tintindex": 0},
				"south": {"uv": [10.25, 4.5, 12.5, 5.25], "texture": "#0", "tintindex": 0},
				"west": {"uv": [10, 4.5, 10.25, 5.25], "texture": "#0", "tintindex": 0},
				"up": {"uv": [10, 4.5, 7.75, 4.25], "texture": "#0", "tintindex": 0},
				"down": {"uv": [12.25, 4.25, 10, 4.5], "texture": "#0", "tintindex": 0}
			}
		},
		{
			"name": "Element",
			"from": [3.5, 15, 13],
			"to": [12.5, 17, 14],
			"rotation": {"angle": 0, "axis": "y", "origin": [0, -2, 16]},
			"faces": {
				"north": {"uv": [7.75, 8.5, 10, 9], "texture": "#0", "tintindex": 0},
				"east": {"uv": [7.5, 8.5, 7.75, 9], "texture": "#0", "tintindex": 0},
				"south": {"uv": [10.25, 8.5, 12.5, 9], "texture": "#0", "tintindex": 0},
				"west": {"uv": [10, 8.5, 10.25, 9], "texture": "#0", "tintindex": 0},
				"up": {"uv": [10, 8.5, 7.75, 8.25], "texture": "#0", "tintindex": 0},
				"down": {"uv": [12.25, 8.25, 10, 8.5], "texture": "#0", "tintindex": 0}
			}
		},
		{
			"name": "Element",
			"from": [2, 6, 3.5],
			"to": [3, 8, 12.5],
			"rotation": {"angle": 0, "axis": "y", "origin": [0, -2, 16]},
			"faces": {
				"north": {"uv": [6.75, 9.5, 7, 10], "texture": "#0", "tintindex": 0},
				"east": {"uv": [4.5, 9.5, 6.75, 10], "texture": "#0", "tintindex": 0},
				"south": {"uv": [9.25, 9.5, 9.5, 10], "texture": "#0", "tintindex": 0},
				"west": {"uv": [7, 9.5, 9.25, 10], "texture": "#0", "tintindex": 0},
				"up": {"uv": [7, 9.5, 6.75, 7.25], "texture": "#0", "tintindex": 0},
				"down": {"uv": [7.25, 7.25, 7, 9.5], "texture": "#0", "tintindex": 0}
			}
		},
		{
			"name": "Element",
			"from": [13, 6, 3.5],
			"to": [14, 8, 12.5],
			"rotation": {"angle": 0, "axis": "y", "origin": [0, -2, 16]},
			"faces": {
				"north": {"uv": [6.75, 6.5, 7, 7], "texture": "#0", "tintindex": 0},
				"east": {"uv": [4.5, 6.5, 6.75, 7], "texture": "#0", "tintindex": 0},
				"south": {"uv": [9.25, 6.5, 9.5, 7], "texture": "#0", "tintindex": 0},
				"west": {"uv": [7, 6.5, 9.25, 7], "texture": "#0", "tintindex": 0},
				"up": {"uv": [7, 6.5, 6.75, 4.25], "texture": "#0", "tintindex": 0},
				"down": {"uv": [7.25, 4.25, 7, 6.5], "texture": "#0", "tintindex": 0}
			}
		},
		{
			"name": "Element",
			"from": [3.5, 6, 2],
			"to": [12.5, 8, 3],
			"rotation": {"angle": 0, "axis": "y", "origin": [0, -2, 16]},
			"faces": {
				"north": {"uv": [7.75, 7.5, 10, 8], "texture": "#0", "tintindex": 0},
				"east": {"uv": [7.5, 7.5, 7.75, 8], "texture": "#0", "tintindex": 0},
				"south": {"uv": [10.25, 7.5, 12.5, 8], "texture": "#0", "tintindex": 0},
				"west": {"uv": [10, 7.5, 10.25, 8], "texture": "#0", "tintindex": 0},
				"up": {"uv": [10, 7.5, 7.75, 7.25], "texture": "#0", "tintindex": 0},
				"down": {"uv": [12.25, 7.25, 10, 7.5], "texture": "#0", "tintindex": 0}
			}
		},
		{
			"name": "Element",
			"from": [3.5, 6, 13],
			"to": [12.5, 8, 14],
			"rotation": {"angle": 0, "axis": "y", "origin": [0, -2, 16]},
			"faces": {
				"north": {"uv": [7.75, 5.75, 10, 6.25], "texture": "#0", "tintindex": 0},
				"east": {"uv": [7.5, 5.75, 7.75, 6.25], "texture": "#0", "tintindex": 0},
				"south": {"uv": [10.25, 5.75, 12.5, 6.25], "texture": "#0", "tintindex": 0},
				"west": {"uv": [10, 5.75, 10.25, 6.25], "texture": "#0", "tintindex": 0},
				"up": {"uv": [10, 5.75, 7.75, 5.5], "texture": "#0", "tintindex": 0},
				"down": {"uv": [12.25, 5.5, 10, 5.75], "texture": "#0", "tintindex": 0}
			}
		}
	],
	"display": {
		"thirdperson_righthand": {
			"rotation": [60, -160, 0],
			"translation": [0, 3.25, 0],
			"scale": [-0.6, 0.6, -0.6]
		},
		"thirdperson_lefthand": {
			"rotation": [60, -160, 0],
			"translation": [0, 3.25, 0],
			"scale": [-0.6, 0.6, -0.6]
		},
		"firstperson_righthand": {
			"rotation": [0, -73, 6],
			"translation": [0, 1.5, 0],
			"scale": [-0.4, 0.4, -0.4]
		},
		"firstperson_lefthand": {
			"rotation": [0, -73, 6],
			"translation": [0, 1.5, 0],
			"scale": [-0.4, 0.4, -0.4]
		},
		"ground": {
			"translation": [0, 1.5, 0],
			"scale": [0.35, 0.35, 0.35]
		},
		"gui": {
			"rotation": [30, -40, 0],
			"translation": [0, -1.75, 0],
			"scale": [-0.5, 0.5, -0.5]
		},
		"head": {
			"rotation": [0, -180, 0],
			"translation": [0, -30.4, 0],
			"scale": [1.6, 1.6, 1.6]
		},
		"fixed": {
			"rotation": [90, -180, -180],
			"translation": [0, 0, -15],
			"scale": [2, 2, 2]
		}
	}
}