{
	"credit": "Made with Blockbench",
	"texture_size": [128, 128],
	"textures": {
		"0": "item/decor/kitchen_fridge",
		"particle": "item/decor/kitchen_fridge"
	},
	"elements": [
		{
			"from": [0, 0, 1],
			"to": [16, 32, 16],
			"faces": {
				"north": {"uv": [1.875, 1.875, 3.875, 5.875], "texture": "#0", "tintindex": 0},
				"east": {"uv": [0, 1.875, 1.875, 5.875], "texture": "#0", "tintindex": 0},
				"south": {"uv": [5.75, 1.875, 7.75, 5.875], "texture": "#0", "tintindex": 0},
				"west": {"uv": [3.875, 1.875, 5.75, 5.875], "texture": "#0", "tintindex": 0},
				"up": {"uv": [3.875, 1.875, 1.875, 0], "texture": "#0", "tintindex": 0},
				"down": {"uv": [5.875, 0, 3.875, 1.875], "texture": "#0", "tintindex": 0}
			}
		},
		{
			"from": [0.5, 12.5, 0],
			"to": [15.5, 31.5, 1],
			"faces": {
				"north": {"uv": [0.125, 6.125, 2, 8.5], "texture": "#0", "tintindex": 0},
				"east": {"uv": [0, 6.125, 0.125, 8.5], "texture": "#0", "tintindex": 0},
				"south": {"uv": [2.125, 6.125, 4, 8.5], "texture": "#0", "tintindex": 0},
				"west": {"uv": [2, 6.125, 2.125, 8.5], "texture": "#0", "tintindex": 0},
				"up": {"uv": [2, 6.125, 0.125, 6], "texture": "#0", "tintindex": 0},
				"down": {"uv": [3.875, 6, 2, 6.125], "texture": "#0", "tintindex": 0}
			}
		},
		{
			"from": [0.5, 1, 0],
			"to": [15.5, 12, 1],
			"faces": {
				"north": {"uv": [6.125, 0.125, 8, 1.5], "texture": "#0", "tintindex": 0},
				"east": {"uv": [6, 0.125, 6.125, 1.5], "texture": "#0", "tintindex": 0},
				"south": {"uv": [8.125, 0.125, 10, 1.5], "texture": "#0", "tintindex": 0},
				"west": {"uv": [8, 0.125, 8.125, 1.5], "texture": "#0", "tintindex": 0},
				"up": {"uv": [8, 0.125, 6.125, 0], "texture": "#0", "tintindex": 0},
				"down": {"uv": [9.875, 0, 8, 0.125], "texture": "#0", "tintindex": 0}
			}
		},
		{
			"from": [2.5, 4.5, -0.1],
			"to": [3.5, 9.5, -0.1],
			"faces": {
				"north": {"uv": [0, 0, 0.125, 0.625], "texture": "#0"},
				"east": {"uv": [0, 0, 0, 0.625], "texture": "#0"},
				"south": {"uv": [0.125, 0, 0.25, 0.625], "texture": "#0"},
				"west": {"uv": [0.125, 0, 0.125, 0.625], "texture": "#0"},
				"up": {"uv": [0.125, 0, 0, 0], "texture": "#0"},
				"down": {"uv": [0.25, 0, 0.125, 0], "texture": "#0"}
			}
		},
		{
			"from": [2.5, 19.5, -0.1],
			"to": [3.5, 24.5, -0.1],
			"faces": {
				"north": {"uv": [0.375, 0, 0.5, 0.625], "texture": "#0"},
				"east": {"uv": [0.375, 0, 0.375, 0.625], "texture": "#0"},
				"south": {"uv": [0.5, 0, 0.625, 0.625], "texture": "#0"},
				"west": {"uv": [0.5, 0, 0.5, 0.625], "texture": "#0"},
				"up": {"uv": [0.5, 0, 0.375, 0], "texture": "#0"},
				"down": {"uv": [0.625, 0, 0.5, 0], "texture": "#0"}
			}
		}
	],
	"display": {
		"thirdperson_righthand": {
			"rotation": [60, -160, 0],
			"translation": [0, 2.5, -4],
			"scale": [-0.6, 0.6, -0.6]
		},
		"thirdperson_lefthand": {
			"rotation": [60, -160, 0],
			"translation": [0, 2.5, -4],
			"scale": [-0.6, 0.6, -0.6]
		},
		"firstperson_righthand": {
			"rotation": [0, -73, 6],
			"translation": [0, -5.5, 0],
			"scale": [-0.4, 0.4, -0.4]
		},
		"firstperson_lefthand": {
			"rotation": [0, -73, 6],
			"translation": [0, -5.5, 0],
			"scale": [-0.4, 0.4, -0.4]
		},
		"ground": {
			"translation": [0, 1.5, 0],
			"scale": [0.35, 0.35, 0.35]
		},
		"gui": {
			"rotation": [30, -40, 0],
			"translation": [-0.25, -3, 0],
			"scale": [-0.4, 0.4, -0.4]
		},
		"head": {
			"rotation": [0, -180, 0],
			"translation": [0, -30.4, 0],
			"scale": [1.6, 1.6, 1.6]
		},
		"fixed": {
			"rotation": [90, 0, 0],
			"translation": [0, 0, -15],
			"scale": [2, -2, -2]
		}
	}
}