{
	"credit": "Made with Blockbench",
	"texture_size": [64, 64],
	"textures": {
		"0": "item/decor/kitchen_microwave",
		"particle": "item/decor/kitchen_microwave"
	},
	"elements": [
		{
			"from": [1, 0, 5],
			"to": [15, 9, 14],
			"faces": {
				"north": {"uv": [2.25, 2.25, 5.75, 4.5], "texture": "#0", "tintindex": 0},
				"east": {"uv": [0, 2.25, 2.25, 4.5], "texture": "#0", "tintindex": 0},
				"south": {"uv": [8, 2.25, 11.5, 4.5], "texture": "#0", "tintindex": 0},
				"west": {"uv": [5.75, 2.25, 8, 4.5], "texture": "#0", "tintindex": 0},
				"up": {"uv": [5.75, 2.25, 2.25, 0], "texture": "#0", "tintindex": 0},
				"down": {"uv": [9.25, 0, 5.75, 2.25], "texture": "#0", "tintindex": 0}
			}
		},
		{
			"from": [9, 3, 13.25],
			"to": [13, 7, 14.25],
			"faces": {
				"north": {"uv": [10, 2.75, 11, 3.75], "texture": "#0"},
				"east": {"uv": [10, 2.75, 11, 3.75], "texture": "#0"},
				"south": {"uv": [10, 2.75, 11, 3.75], "texture": "#0"},
				"west": {"uv": [10, 2.75, 11, 3.75], "texture": "#0"},
				"up": {"uv": [11, 3.75, 10, 2.75], "texture": "#0"},
				"down": {"uv": [11, 2.75, 10, 3.75], "texture": "#0"}
			}
		},
		{
			"from": [2, 1, 4.75],
			"to": [14, 8, 5.75],
			"faces": {
				"north": {"uv": [2.5, 2.5, 5.5, 4.25], "texture": "#0"},
				"east": {"uv": [2.5, 2.5, 2.75, 4.25], "texture": "#0"},
				"south": {"uv": [5.25, 2.5, 5.5, 4.25], "texture": "#0"},
				"west": {"uv": [2.75, 2.5, 5, 2.75], "texture": "#0"},
				"up": {"uv": [5.5, 2.75, 2.5, 2.5], "texture": "#0"},
				"down": {"uv": [5.5, 4, 2.5, 4.25], "texture": "#0"}
			}
		}
	],
	"display": {
		"thirdperson_righthand": {
			"rotation": [60, -160, 0],
			"translation": [-1, 3.75, 0.75],
			"scale": [-0.6, 0.6, -0.6]
		},
		"thirdperson_lefthand": {
			"rotation": [60, -160, 0],
			"translation": [-1, 3.75, 0.75],
			"scale": [-0.6, 0.6, -0.6]
		},
		"firstperson_righthand": {
			"rotation": [0, -73, 6],
			"translation": [-1, 2.5, 0],
			"scale": [-0.5, 0.5, -0.5]
		},
		"firstperson_lefthand": {
			"rotation": [0, -73, 6],
			"translation": [-1, 2.5, 0],
			"scale": [-0.5, 0.5, -0.5]
		},
		"ground": {
			"translation": [0, 1.5, 0],
			"scale": [0.35, 0.35, 0.35]
		},
		"gui": {
			"rotation": [30, -40, 0],
			"translation": [-0.5, 1.5, 0],
			"scale": [-0.7, 0.7, -0.7]
		},
		"head": {
			"rotation": [0, -180, 0],
			"translation": [0, -30.4, 0],
			"scale": [1.6, 1.6, 1.6]
		},
		"fixed": {
			"rotation": [90, -180, -180],
			"translation": [0, 0, -15],
			"scale": [2, 2, 2]
		}
	}
}