{
	"credit": "Made with Blockbench",
	"texture_size": [128, 128],
	"textures": {
		"0": "item/decor/medievalroyal_sofa_big",
		"particle": "item/decor/medievalroyal_sofa_big"
	},
	"elements": [
		{
			"name": "Element",
			"from": [-9, 3, 5],
			"to": [25, 8, 15],
			"faces": {
				"north": {"uv": [1.25, 1.25, 5.5, 1.875], "texture": "#0"},
				"east": {"uv": [0, 1.25, 1.25, 1.875], "texture": "#0"},
				"south": {"uv": [6.75, 1.25, 11, 1.875], "texture": "#0"},
				"west": {"uv": [5.5, 1.25, 6.75, 1.875], "texture": "#0"},
				"up": {"uv": [5.5, 1.25, 1.25, 0], "texture": "#0"},
				"down": {"uv": [9.75, 0, 5.5, 1.25], "texture": "#0"}
			}
		},
		{
			"name": "Element",
			"from": [-9, 3, 1],
			"to": [25, 18, 5],
			"faces": {
				"north": {"uv": [0.5, 2.5, 4.75, 4.375], "texture": "#0"},
				"east": {"uv": [0, 2.5, 0.5, 4.375], "texture": "#0"},
				"south": {"uv": [5.25, 2.5, 9.5, 4.375], "texture": "#0"},
				"west": {"uv": [4.75, 2.5, 5.25, 4.375], "texture": "#0"},
				"up": {"uv": [4.75, 2.5, 0.5, 2], "texture": "#0"},
				"down": {"uv": [9, 2, 4.75, 2.5], "texture": "#0"}
			}
		},
		{
			"name": "Element",
			"from": [-9, 3, 1.125],
			"to": [-4, 13, 14.125],
			"rotation": {"angle": 22.5, "axis": "z", "origin": [-9, 3, 1]},
			"faces": {
				"north": {"uv": [6.25, 7.125, 6.875, 8.375], "texture": "#0"},
				"east": {"uv": [4.625, 7.125, 6.25, 8.375], "texture": "#0"},
				"south": {"uv": [8.5, 7.125, 9.125, 8.375], "texture": "#0"},
				"west": {"uv": [6.875, 7.125, 8.5, 8.375], "texture": "#0"},
				"up": {"uv": [6.875, 7.125, 6.25, 5.5], "texture": "#0"},
				"down": {"uv": [7.5, 5.5, 6.875, 7.125], "texture": "#0"}
			}
		},
		{
			"name": "Element",
			"from": [-8.5, 0, 12.5],
			"to": [-6.5, 3, 14.5],
			"rotation": {"angle": 0, "axis": "y", "origin": [-8, 0, 0]},
			"faces": {
				"north": {"uv": [4.5, 5.75, 4.75, 6.125], "texture": "#0"},
				"east": {"uv": [4.25, 5.75, 4.5, 6.125], "texture": "#0"},
				"south": {"uv": [5, 5.75, 5.25, 6.125], "texture": "#0"},
				"west": {"uv": [4.75, 5.75, 5, 6.125], "texture": "#0"},
				"up": {"uv": [4.75, 5.75, 4.5, 5.5], "texture": "#0"},
				"down": {"uv": [5, 5.5, 4.75, 5.75], "texture": "#0"}
			}
		},
		{
			"name": "Element",
			"from": [22.5, 0, 12.5],
			"to": [24.5, 3, 14.5],
			"rotation": {"angle": 0, "axis": "y", "origin": [8, 0, 0]},
			"faces": {
				"north": {"uv": [3.25, 5.75, 3.5, 6.125], "texture": "#0"},
				"east": {"uv": [3, 5.75, 3.25, 6.125], "texture": "#0"},
				"south": {"uv": [3.75, 5.75, 4, 6.125], "texture": "#0"},
				"west": {"uv": [3.5, 5.75, 3.75, 6.125], "texture": "#0"},
				"up": {"uv": [3.5, 5.75, 3.25, 5.5], "texture": "#0"},
				"down": {"uv": [3.75, 5.5, 3.5, 5.75], "texture": "#0"}
			}
		},
		{
			"name": "Element",
			"from": [-8.5, 0, 1.5],
			"to": [-6.5, 3, 3.5],
			"rotation": {"angle": 0, "axis": "y", "origin": [-8, 0, 0]},
			"faces": {
				"north": {"uv": [0.25, 5.75, 0.5, 6.125], "texture": "#0"},
				"east": {"uv": [0, 5.75, 0.25, 6.125], "texture": "#0"},
				"south": {"uv": [0.75, 5.75, 1, 6.125], "texture": "#0"},
				"west": {"uv": [0.5, 5.75, 0.75, 6.125], "texture": "#0"},
				"up": {"uv": [0.5, 5.75, 0.25, 5.5], "texture": "#0"},
				"down": {"uv": [0.75, 5.5, 0.5, 5.75], "texture": "#0"}
			}
		},
		{
			"name": "Element",
			"from": [22.5, 0, 1.5],
			"to": [24.5, 3, 3.5],
			"rotation": {"angle": 0, "axis": "y", "origin": [8, 0, 0]},
			"faces": {
				"north": {"uv": [0.25, 0.25, 0.5, 0.625], "texture": "#0"},
				"east": {"uv": [0, 0.25, 0.25, 0.625], "texture": "#0"},
				"south": {"uv": [0.75, 0.25, 1, 0.625], "texture": "#0"},
				"west": {"uv": [0.5, 0.25, 0.75, 0.625], "texture": "#0"},
				"up": {"uv": [0.5, 0.25, 0.25, 0], "texture": "#0"},
				"down": {"uv": [0.75, 0, 0.5, 0.25], "texture": "#0"}
			}
		},
		{
			"name": "Element",
			"from": [20.3806, 4.9134, 1.125],
			"to": [25.3806, 14.9134, 14.125],
			"rotation": {"angle": -22.5, "axis": "z", "origin": [20.3806, 4.91342, 1.125]},
			"faces": {
				"north": {"uv": [1.625, 7.125, 2.25, 8.375], "texture": "#0"},
				"east": {"uv": [0, 7.125, 1.625, 8.375], "texture": "#0"},
				"south": {"uv": [3.875, 7.125, 4.5, 8.375], "texture": "#0"},
				"west": {"uv": [2.25, 7.125, 3.875, 8.375], "texture": "#0"},
				"up": {"uv": [2.25, 7.125, 1.625, 5.5], "texture": "#0"},
				"down": {"uv": [2.875, 5.5, 2.25, 7.125], "texture": "#0"}
			}
		},
		{
			"name": "Element",
			"from": [-6.5, 0, 1.5],
			"to": [22.5, 3, 1.501],
			"faces": {
				"north": {"uv": [0, 5, 3.625, 5.375], "texture": "#0"},
				"east": {"uv": [0, 5, 0, 5.375], "texture": "#0"},
				"south": {"uv": [3.625, 5, 7.25, 5.375], "texture": "#0"},
				"west": {"uv": [3.625, 5, 3.625, 5.375], "texture": "#0"},
				"up": {"uv": [3.625, 5, 0, 5], "texture": "#0"},
				"down": {"uv": [7.25, 5, 3.625, 5], "texture": "#0"}
			}
		},
		{
			"name": "Element",
			"from": [-6.5, 0, 14.5],
			"to": [22.5, 3, 14.501],
			"faces": {
				"north": {"uv": [0, 4.5, 3.625, 4.875], "texture": "#0"},
				"east": {"uv": [0, 4.5, 0, 4.875], "texture": "#0"},
				"south": {"uv": [3.625, 4.5, 7.25, 4.875], "texture": "#0"},
				"west": {"uv": [3.625, 4.5, 3.625, 4.875], "texture": "#0"},
				"up": {"uv": [3.625, 4.5, 0, 4.5], "texture": "#0"},
				"down": {"uv": [7.25, 4.5, 3.625, 4.5], "texture": "#0"}
			}
		},
		{
			"name": "Element",
			"from": [-8.5, 0, 3.5],
			"to": [-8.499, 3, 12.5],
			"rotation": {"angle": 0, "axis": "y", "origin": [-8, 0, 0]},
			"faces": {
				"north": {"uv": [8.75, 5.625, 8.75, 6], "texture": "#0"},
				"east": {"uv": [7.625, 5.625, 8.75, 6], "texture": "#0"},
				"south": {"uv": [9.875, 5.625, 9.875, 6], "texture": "#0"},
				"west": {"uv": [8.75, 5.625, 9.875, 6], "texture": "#0"},
				"up": {"uv": [8.75, 5.625, 8.75, 4.5], "texture": "#0"},
				"down": {"uv": [8.75, 4.5, 8.75, 5.625], "texture": "#0"}
			}
		},
		{
			"name": "Element",
			"from": [24.5, 0, 3.5],
			"to": [24.501, 3, 12.5],
			"rotation": {"angle": 0, "axis": "y", "origin": [8, 0, 0]},
			"faces": {
				"north": {"uv": [4.125, 6.625, 4.125, 7], "texture": "#0"},
				"east": {"uv": [3, 6.625, 4.125, 7], "texture": "#0"},
				"south": {"uv": [5.25, 6.625, 5.25, 7], "texture": "#0"},
				"west": {"uv": [4.125, 6.625, 5.25, 7], "texture": "#0"},
				"up": {"uv": [4.125, 6.625, 4.125, 5.5], "texture": "#0"},
				"down": {"uv": [4.125, 5.5, 4.125, 6.625], "texture": "#0"}
			}
		}
	],
	"display": {
		"thirdperson_righthand": {
			"rotation": [60, -160, 0],
			"translation": [2.75, 4.75, 0],
			"scale": [0.6, 0.6, 0.6]
		},
		"thirdperson_lefthand": {
			"rotation": [60, -160, 0],
			"translation": [2.75, 4.75, 0],
			"scale": [0.6, 0.6, 0.6]
		},
		"firstperson_righthand": {
			"rotation": [0, -73, 6],
			"translation": [0, 1.5, 0],
			"scale": [0.4, 0.4, 0.4]
		},
		"firstperson_lefthand": {
			"rotation": [0, -73, 6],
			"translation": [0, 1.5, 0],
			"scale": [0.4, 0.4, 0.4]
		},
		"ground": {
			"translation": [0, 1.5, 0],
			"scale": [0.35, 0.35, 0.35]
		},
		"gui": {
			"rotation": [30, -40, 0],
			"translation": [0, -0.75, 0],
			"scale": [0.35, 0.35, 0.35]
		},
		"head": {
			"translation": [12.5, -30.4, 0],
			"scale": [1.6, 1.6, 1.6]
		},
		"fixed": {
			"rotation": [90, 0, -180],
			"translation": [-16.5, 0, -15],
			"scale": [2, 2, 2]
		}
	}
}