{
	"credit": "Made with Blockbench",
	"texture_size": [64, 64],
	"textures": {
		"0": "item/decor/modern_tv",
		"particle": "item/decor/modern_tv"
	},
	"elements": [
		{
			"from": [2, 0, 4],
			"to": [14, 1, 11],
			"faces": {
				"north": {"uv": [1.75, 6.5, 4.75, 6.75], "texture": "#0", "tintindex": 0},
				"east": {"uv": [0, 6.5, 1.75, 6.75], "texture": "#0", "tintindex": 0},
				"south": {"uv": [6.5, 6.5, 9.5, 6.75], "texture": "#0", "tintindex": 0},
				"west": {"uv": [4.75, 6.5, 6.5, 6.75], "texture": "#0", "tintindex": 0},
				"up": {"uv": [4.75, 6.5, 1.75, 4.75], "texture": "#0", "tintindex": 0},
				"down": {"uv": [7.75, 4.75, 4.75, 6.5], "texture": "#0", "tintindex": 0}
			}
		},
		{
			"from": [6, 1, 6],
			"to": [10, 9, 8],
			"faces": {
				"north": {"uv": [0.5, 7.5, 1.5, 9.5], "texture": "#0", "tintindex": 0},
				"east": {"uv": [0, 7.5, 0.5, 9.5], "texture": "#0", "tintindex": 0},
				"south": {"uv": [2, 7.5, 3, 9.5], "texture": "#0", "tintindex": 0},
				"west": {"uv": [1.5, 7.5, 2, 9.5], "texture": "#0", "tintindex": 0},
				"up": {"uv": [1.5, 7.5, 0.5, 7], "texture": "#0", "tintindex": 0},
				"down": {"uv": [2.5, 7, 1.5, 7.5], "texture": "#0", "tintindex": 0}
			}
		},
		{
			"from": [-7, 3, 7],
			"to": [23, 19, 8],
			"faces": {
				"north": {"uv": [0.5, 0.5, 8, 4.5], "texture": "#0", "tintindex": 0},
				"east": {"uv": [0.25, 0.5, 0.5, 4.5], "texture": "#0", "tintindex": 0},
				"south": {"uv": [8.5, 0.5, 16, 4.5], "texture": "#0", "tintindex": 0},
				"west": {"uv": [8, 0.5, 8.25, 4.5], "texture": "#0", "tintindex": 0},
				"up": {"uv": [8, 0.5, 0.5, 0.25], "texture": "#0", "tintindex": 0},
				"down": {"uv": [15.5, 0.25, 8, 0.5], "texture": "#0", "tintindex": 0}
			}
		},
		{
			"from": [-7, 3, 8],
			"to": [23, 19, 9],
			"faces": {
				"north": {"uv": [0.5, 0.5, 8, 4.5], "texture": "#0"},
				"east": {"uv": [0, 0.5, 0.25, 4.5], "texture": "#0"},
				"south": {"uv": [8.5, 0.5, 16, 4.5], "texture": "#0"},
				"west": {"uv": [8.25, 0.5, 8.5, 4.5], "texture": "#0"},
				"up": {"uv": [8, 0.25, 0.5, 0], "texture": "#0"},
				"down": {"uv": [15.5, 0, 8, 0.25], "texture": "#0"}
			}
		}
	],
	"display": {
		"thirdperson_righthand": {
			"rotation": [60, -160, 0],
			"translation": [1, 1.5, 0],
			"scale": [0.7, 0.7, 0.7]
		},
		"thirdperson_lefthand": {
			"rotation": [60, -160, 0],
			"translation": [1, 1.5, 0],
			"scale": [0.7, 0.7, 0.7]
		},
		"firstperson_righthand": {
			"rotation": [0, -73, 6],
			"translation": [0, -5, 0],
			"scale": [0.8, 0.8, 0.8]
		},
		"firstperson_lefthand": {
			"rotation": [0, -73, 6],
			"translation": [0, -5, 0],
			"scale": [0.8, 0.8, 0.8]
		},
		"ground": {
			"translation": [0, 1.5, 0],
			"scale": [0.4, 0.4, 0.4]
		},
		"gui": {
			"rotation": [30, -40, 0],
			"translation": [0, -1.25, 0],
			"scale": [0.55, 0.55, 0.55]
		},
		"head": {
			"translation": [0, -30.4, 0],
			"scale": [1.6, 1.6, 1.6]
		},
		"fixed": {
			"rotation": [90, 0, -180],
			"translation": [0, 0, -15],
			"scale": [2, 2, 2]
		}
	}
}