{
	"credit": "Made with Blockbench",
	"texture_size": [64, 64],
	"textures": {
		"0": "item/decor/modern_chair",
		"particle": "item/decor/modern_chair"
	},
	"elements": [
		{
			"from": [1.5, 0, 1.5],
			"to": [3.5, 8, 2.5],
			"faces": {
				"north": {"uv": [7, 9.75, 7.5, 11.75], "texture": "#0"},
				"east": {"uv": [6.75, 9.75, 7, 11.75], "texture": "#0"},
				"south": {"uv": [7.75, 9.75, 8.25, 11.75], "texture": "#0"},
				"west": {"uv": [7.5, 9.75, 7.75, 11.75], "texture": "#0"},
				"up": {"uv": [7.5, 9.75, 7, 9.5], "texture": "#0"},
				"down": {"uv": [8, 9.5, 7.5, 9.75], "texture": "#0"}
			}
		},
		{
			"from": [1.5, 0, 13.5],
			"to": [3.5, 8, 14.5],
			"faces": {
				"north": {"uv": [9.25, 5.25, 9.75, 7.25], "texture": "#0"},
				"east": {"uv": [9, 5.25, 9.25, 7.25], "texture": "#0"},
				"south": {"uv": [10, 5.25, 10.5, 7.25], "texture": "#0"},
				"west": {"uv": [9.75, 5.25, 10, 7.25], "texture": "#0"},
				"up": {"uv": [9.75, 5.25, 9.25, 5], "texture": "#0"},
				"down": {"uv": [10.25, 5, 9.75, 5.25], "texture": "#0"}
			}
		},
		{
			"from": [12.5, 0, 13.5],
			"to": [14.5, 8, 14.5],
			"faces": {
				"north": {"uv": [0.25, 8.25, 0.75, 10.25], "texture": "#0"},
				"east": {"uv": [0, 8.25, 0.25, 10.25], "texture": "#0"},
				"south": {"uv": [1, 8.25, 1.5, 10.25], "texture": "#0"},
				"west": {"uv": [0.75, 8.25, 1, 10.25], "texture": "#0"},
				"up": {"uv": [0.75, 8.25, 0.25, 8], "texture": "#0"},
				"down": {"uv": [1.25, 8, 0.75, 8.25], "texture": "#0"}
			}
		},
		{
			"from": [12.5, 0, 2.5],
			"to": [14.5, 1, 13.5],
			"faces": {
				"north": {"uv": [2.75, 10.75, 3.25, 11], "texture": "#0"},
				"east": {"uv": [0, 10.75, 2.75, 11], "texture": "#0"},
				"south": {"uv": [6, 10.75, 6.5, 11], "texture": "#0"},
				"west": {"uv": [3.25, 10.75, 6, 11], "texture": "#0"},
				"up": {"uv": [3.25, 10.75, 2.75, 8], "texture": "#0"},
				"down": {"uv": [3.75, 8, 3.25, 10.75], "texture": "#0"}
			}
		},
		{
			"from": [3.5, 0, 4.5],
			"to": [12.5, 1, 6.5],
			"faces": {
				"north": {"uv": [4.5, 9, 6.75, 9.25], "texture": "#0"},
				"east": {"uv": [4, 9, 4.5, 9.25], "texture": "#0"},
				"south": {"uv": [7.25, 9, 9.5, 9.25], "texture": "#0"},
				"west": {"uv": [6.75, 9, 7.25, 9.25], "texture": "#0"},
				"up": {"uv": [6.75, 9, 4.5, 8.5], "texture": "#0"},
				"down": {"uv": [9, 8.5, 6.75, 9], "texture": "#0"}
			}
		},
		{
			"from": [3.5, 0, 9.5],
			"to": [12.5, 1, 11.5],
			"faces": {
				"north": {"uv": [8.25, 4.5, 10.5, 4.75], "texture": "#0"},
				"east": {"uv": [7.75, 4.5, 8.25, 4.75], "texture": "#0"},
				"south": {"uv": [11, 4.5, 13.25, 4.75], "texture": "#0"},
				"west": {"uv": [10.5, 4.5, 11, 4.75], "texture": "#0"},
				"up": {"uv": [10.5, 4.5, 8.25, 4], "texture": "#0"},
				"down": {"uv": [12.75, 4, 10.5, 4.5], "texture": "#0"}
			}
		},
		{
			"from": [1.5, 0, 2.5],
			"to": [3.5, 1, 13.5],
			"faces": {
				"north": {"uv": [7.75, 8, 8.25, 8.25], "texture": "#0"},
				"east": {"uv": [5, 8, 7.75, 8.25], "texture": "#0"},
				"south": {"uv": [11, 8, 11.5, 8.25], "texture": "#0"},
				"west": {"uv": [8.25, 8, 11, 8.25], "texture": "#0"},
				"up": {"uv": [8.25, 8, 7.75, 5.25], "texture": "#0"},
				"down": {"uv": [8.75, 5.25, 8.25, 8], "texture": "#0"}
			}
		},
		{
			"from": [12.5, 0, 1.5],
			"to": [14.5, 8, 2.5],
			"faces": {
				"north": {"uv": [0.25, 0.25, 0.75, 2.25], "texture": "#0"},
				"east": {"uv": [0, 0.25, 0.25, 2.25], "texture": "#0"},
				"south": {"uv": [1, 0.25, 1.5, 2.25], "texture": "#0"},
				"west": {"uv": [0.75, 0.25, 1, 2.25], "texture": "#0"},
				"up": {"uv": [0.75, 0.25, 0.25, 0], "texture": "#0"},
				"down": {"uv": [1.25, 0, 0.75, 0.25], "texture": "#0"}
			}
		},
		{
			"from": [1.5, 9, 2.5],
			"to": [14.5, 10, 14.5],
			"faces": {
				"north": {"uv": [3.25, 3.25, 6.5, 3.75], "texture": "#0", "tintindex": 0},
				"east": {"uv": [0, 3.25, 3, 3.5], "texture": "#0", "tintindex": 0},
				"south": {"uv": [9.75, 3.25, 13, 3.5], "texture": "#0", "tintindex": 0},
				"west": {"uv": [6.75, 3.25, 9.75, 3.5], "texture": "#0", "tintindex": 0},
				"up": {"uv": [6.5, 3.25, 3.25, 0], "texture": "#0", "tintindex": 0},
				"down": {"uv": [9.75, 0, 6.5, 3.25], "texture": "#0", "tintindex": 0}
			}
		},
		{
			"from": [1.5, 8, 2.5],
			"to": [14.5, 9, 14.5],
			"faces": {
				"north": {"uv": [3.25, 3.25, 6.5, 3.75], "texture": "#0"},
				"east": {"uv": [0, 3.5, 3, 3.75], "texture": "#0"},
				"south": {"uv": [9.75, 3.5, 13, 3.75], "texture": "#0"},
				"west": {"uv": [6.75, 3.5, 9.75, 3.75], "texture": "#0"},
				"up": {"uv": [6.5, 3.25, 3.25, 0], "texture": "#0"},
				"down": {"uv": [9.75, 0, 6.5, 3.25], "texture": "#0"}
			}
		},
		{
			"from": [1.5, 10, 2.5],
			"to": [14.5, 23, 3.5],
			"faces": {
				"north": {"uv": [0.5, 4.5, 3.75, 7.75], "texture": "#0", "tintindex": 0},
				"east": {"uv": [0, 4.5, 0.25, 7.75], "texture": "#0", "tintindex": 0},
				"south": {"uv": [4.25, 4.5, 7.5, 7.75], "texture": "#0", "tintindex": 0},
				"west": {"uv": [4, 4.5, 4.25, 7.75], "texture": "#0", "tintindex": 0},
				"up": {"uv": [3.75, 4.5, 0.5, 4], "texture": "#0", "tintindex": 0},
				"down": {"uv": [7, 4, 3.75, 4.5], "texture": "#0", "tintindex": 0}
			}
		},
		{
			"from": [1.5, 8, 1.5],
			"to": [14.5, 22, 2.5],
			"faces": {
				"north": {"uv": [0.5, 4.75, 3.75, 7.75], "texture": "#0"},
				"east": {"uv": [0.25, 4.75, 0.5, 7.75], "texture": "#0"},
				"south": {"uv": [4.25, 4.5, 7.5, 7.75], "texture": "#0"},
				"west": {"uv": [3.75, 4.75, 4, 7.75], "texture": "#0"},
				"up": {"uv": [3.75, 4.5, 0.5, 4], "texture": "#0"},
				"down": {"uv": [7, 4, 3.75, 4.5], "texture": "#0"}
			}
		},
		{
			"from": [1.5, 22, 1.5],
			"to": [14.5, 23, 2.5],
			"faces": {
				"north": {"uv": [0.5, 4.5, 3.75, 4.75], "texture": "#0", "tintindex": 0},
				"east": {"uv": [0.25, 4.5, 0.5, 4.75], "texture": "#0", "tintindex": 0},
				"south": {"uv": [4.25, 4.5, 7.5, 7.75], "texture": "#0", "tintindex": 0},
				"west": {"uv": [3.75, 4.5, 4, 4.75], "texture": "#0", "tintindex": 0},
				"up": {"uv": [3.75, 4.5, 0.5, 4], "texture": "#0", "tintindex": 0},
				"down": {"uv": [7, 4, 3.75, 4.5], "texture": "#0", "tintindex": 0}
			}
		}
	],
	"display": {
		"thirdperson_righthand": {
			"rotation": [60, -160, 0],
			"translation": [0, 3.25, 0],
			"scale": [0.6, 0.6, 0.6]
		},
		"thirdperson_lefthand": {
			"rotation": [60, -160, 0],
			"translation": [0, 3.25, 0],
			"scale": [0.6, 0.6, 0.6]
		},
		"firstperson_righthand": {
			"rotation": [0, -73, 6],
			"translation": [0, 0.25, 0],
			"scale": [0.4, 0.4, 0.4]
		},
		"firstperson_lefthand": {
			"rotation": [0, -73, 6],
			"translation": [0, 0.25, 0],
			"scale": [0.4, 0.4, 0.4]
		},
		"ground": {
			"translation": [0, 1.5, 0],
			"scale": [0.35, 0.35, 0.35]
		},
		"gui": {
			"rotation": [30, -40, 0],
			"translation": [0, -1.75, 0],
			"scale": [0.55, 0.55, 0.55]
		},
		"head": {
			"translation": [0, -30.4, 0],
			"scale": [1.6, 1.6, 1.6]
		},
		"fixed": {
			"rotation": [90, 0, -180],
			"translation": [0, 0, -15],
			"scale": [2, 2, 2]
		}
	}
}