{
	"credit": "Made with Blockbench",
	"texture_size": [128, 128],
	"textures": {
		"0": "item/decor/modern_armchair",
		"particle": "item/decor/modern_armchair"
	},
	"elements": [
		{
			"from": [-2, 0, 1],
			"to": [1, 1, 15],
			"faces": {
				"north": {"uv": [4.375, 8.5, 4.75, 8.625], "texture": "#0"},
				"east": {"uv": [2.625, 8.5, 4.375, 8.625], "texture": "#0"},
				"south": {"uv": [6.5, 8.5, 6.875, 8.625], "texture": "#0"},
				"west": {"uv": [4.75, 8.5, 6.5, 8.625], "texture": "#0"},
				"up": {"uv": [4.75, 8.5, 4.375, 6.75], "texture": "#0"},
				"down": {"uv": [5.125, 6.75, 4.75, 8.5], "texture": "#0"}
			}
		},
		{
			"from": [1, 2, 0],
			"to": [15, 4, 16],
			"faces": {
				"north": {"uv": [2, 2, 3.75, 2.25], "texture": "#0", "tintindex": 0},
				"east": {"uv": [0, 2, 2, 2.25], "texture": "#0", "tintindex": 0},
				"south": {"uv": [5.75, 2, 7.5, 2.25], "texture": "#0", "tintindex": 0},
				"west": {"uv": [3.75, 2, 5.75, 2.25], "texture": "#0", "tintindex": 0},
				"up": {"uv": [3.75, 2, 2, 0], "texture": "#0", "tintindex": 0},
				"down": {"uv": [5.5, 0, 3.75, 2], "texture": "#0", "tintindex": 0}
			}
		},
		{
			"from": [1.5, 4, 0.5],
			"to": [14.5, 5, 15.5],
			"faces": {
				"north": {"uv": [1.875, 4.25, 3.5, 4.375], "texture": "#0"},
				"east": {"uv": [0, 4.25, 1.875, 4.375], "texture": "#0"},
				"south": {"uv": [5.375, 4.25, 7, 4.375], "texture": "#0"},
				"west": {"uv": [3.5, 4.25, 5.375, 4.375], "texture": "#0"},
				"up": {"uv": [3.5, 4.25, 1.875, 2.375], "texture": "#0"},
				"down": {"uv": [5.125, 2.375, 3.5, 4.25], "texture": "#0"}
			}
		},
		{
			"from": [1, 5, 4],
			"to": [15, 8, 16],
			"faces": {
				"north": {"uv": [1.5, 6, 3.25, 6.375], "texture": "#0", "tintindex": 0},
				"east": {"uv": [0, 6, 1.5, 6.375], "texture": "#0", "tintindex": 0},
				"south": {"uv": [4.75, 6, 6.5, 6.375], "texture": "#0", "tintindex": 0},
				"west": {"uv": [3.25, 6, 4.75, 6.375], "texture": "#0", "tintindex": 0},
				"up": {"uv": [3.25, 6, 1.5, 4.5], "texture": "#0", "tintindex": 0},
				"down": {"uv": [5, 4.5, 3.25, 6], "texture": "#0", "tintindex": 0}
			}
		},
		{
			"from": [1, 5, 0],
			"to": [15, 18, 4],
			"faces": {
				"north": {"uv": [6.625, 6.5, 8.375, 8.125], "texture": "#0", "tintindex": 0},
				"east": {"uv": [6.125, 6.5, 6.625, 8.125], "texture": "#0", "tintindex": 0},
				"south": {"uv": [8.875, 6.5, 10.625, 8.125], "texture": "#0", "tintindex": 0},
				"west": {"uv": [8.375, 6.5, 8.875, 8.125], "texture": "#0", "tintindex": 0},
				"up": {"uv": [8.375, 6.5, 6.625, 6], "texture": "#0", "tintindex": 0},
				"down": {"uv": [10.125, 6, 8.375, 6.5], "texture": "#0", "tintindex": 0}
			}
		},
		{
			"from": [15, 0, 1],
			"to": [18, 1, 15],
			"faces": {
				"north": {"uv": [1.75, 8.25, 2.125, 8.375], "texture": "#0"},
				"east": {"uv": [0, 8.25, 1.75, 8.375], "texture": "#0"},
				"south": {"uv": [3.875, 8.25, 4.25, 8.375], "texture": "#0"},
				"west": {"uv": [2.125, 8.25, 3.875, 8.375], "texture": "#0"},
				"up": {"uv": [2.125, 8.25, 1.75, 6.5], "texture": "#0"},
				"down": {"uv": [2.5, 6.5, 2.125, 8.25], "texture": "#0"}
			}
		},
		{
			"from": [15, 10, 1],
			"to": [18, 11, 15],
			"faces": {
				"north": {"uv": [7.375, 1.75, 7.75, 1.875], "texture": "#0"},
				"east": {"uv": [5.625, 1.75, 7.375, 1.875], "texture": "#0"},
				"south": {"uv": [9.5, 1.75, 9.875, 1.875], "texture": "#0"},
				"west": {"uv": [7.75, 1.75, 9.5, 1.875], "texture": "#0"},
				"up": {"uv": [7.75, 1.75, 7.375, 0], "texture": "#0"},
				"down": {"uv": [8.125, 0, 7.75, 1.75], "texture": "#0"}
			}
		},
		{
			"from": [-2, 10, 1],
			"to": [1, 11, 15],
			"faces": {
				"north": {"uv": [7.125, 4.5, 7.5, 4.625], "texture": "#0"},
				"east": {"uv": [5.375, 4.5, 7.125, 4.625], "texture": "#0"},
				"south": {"uv": [9.25, 4.5, 9.625, 4.625], "texture": "#0"},
				"west": {"uv": [7.5, 4.5, 9.25, 4.625], "texture": "#0"},
				"up": {"uv": [7.5, 4.5, 7.125, 2.75], "texture": "#0"},
				"down": {"uv": [7.875, 2.75, 7.5, 4.5], "texture": "#0"}
			}
		},
		{
			"from": [-2, 0, 0],
			"to": [1, 11, 1],
			"faces": {
				"north": {"uv": [5.75, 0.125, 6.125, 1.5], "texture": "#0"},
				"east": {"uv": [5.625, 0.125, 5.75, 1.5], "texture": "#0"},
				"south": {"uv": [6.25, 0.125, 6.625, 1.5], "texture": "#0"},
				"west": {"uv": [6.125, 0.125, 6.25, 1.5], "texture": "#0"},
				"up": {"uv": [6.125, 0.125, 5.75, 0], "texture": "#0"},
				"down": {"uv": [6.5, 0, 6.125, 0.125], "texture": "#0"}
			}
		},
		{
			"from": [15, 0, 0],
			"to": [18, 11, 1],
			"faces": {
				"north": {"uv": [5.375, 2.5, 5.75, 3.875], "texture": "#0"},
				"east": {"uv": [5.25, 2.5, 5.375, 3.875], "texture": "#0"},
				"south": {"uv": [5.875, 2.5, 6.25, 3.875], "texture": "#0"},
				"west": {"uv": [5.75, 2.5, 5.875, 3.875], "texture": "#0"},
				"up": {"uv": [5.75, 2.5, 5.375, 2.375], "texture": "#0"},
				"down": {"uv": [6.125, 2.375, 5.75, 2.5], "texture": "#0"}
			}
		},
		{
			"from": [15, 0, 15],
			"to": [18, 11, 16],
			"faces": {
				"north": {"uv": [0.125, 2.5, 0.5, 3.875], "texture": "#0"},
				"east": {"uv": [0, 2.5, 0.125, 3.875], "texture": "#0"},
				"south": {"uv": [0.625, 2.5, 1, 3.875], "texture": "#0"},
				"west": {"uv": [0.5, 2.5, 0.625, 3.875], "texture": "#0"},
				"up": {"uv": [0.5, 2.5, 0.125, 2.375], "texture": "#0"},
				"down": {"uv": [0.875, 2.375, 0.5, 2.5], "texture": "#0"}
			}
		},
		{
			"from": [-2, 0, 15],
			"to": [1, 11, 16],
			"faces": {
				"north": {"uv": [0.125, 0.125, 0.5, 1.5], "texture": "#0"},
				"east": {"uv": [0, 0.125, 0.125, 1.5], "texture": "#0"},
				"south": {"uv": [0.625, 0.125, 1, 1.5], "texture": "#0"},
				"west": {"uv": [0.5, 0.125, 0.625, 1.5], "texture": "#0"},
				"up": {"uv": [0.5, 0.125, 0.125, 0], "texture": "#0"},
				"down": {"uv": [0.875, 0, 0.5, 0.125], "texture": "#0"}
			}
		}
	],
	"display": {
		"thirdperson_righthand": {
			"rotation": [60, -160, 0],
			"translation": [0, 4.75, 0],
			"scale": [0.6, 0.6, 0.6]
		},
		"thirdperson_lefthand": {
			"rotation": [60, -160, 0],
			"translation": [0, 4.75, 0],
			"scale": [0.6, 0.6, 0.6]
		},
		"firstperson_righthand": {
			"rotation": [0, -73, 6],
			"translation": [0, 0.75, 0],
			"scale": [0.4, 0.4, 0.4]
		},
		"firstperson_lefthand": {
			"rotation": [0, -73, 6],
			"translation": [0, 0.75, 0],
			"scale": [0.4, 0.4, 0.4]
		},
		"ground": {
			"translation": [0, 1.5, 0],
			"scale": [0.35, 0.35, 0.35]
		},
		"gui": {
			"rotation": [30, -40, 0],
			"translation": [0, -0.5, 0],
			"scale": [0.55, 0.55, 0.55]
		},
		"head": {
			"translation": [0, -30.4, 0],
			"scale": [1.6, 1.6, 1.6]
		},
		"fixed": {
			"rotation": [90, 0, -180],
			"translation": [0, 0, -15],
			"scale": [2, 2, 2]
		}
	}
}