{
	"credit": "Made with Blockbench",
	"texture_size": [128, 128],
	"textures": {
		"0": "item/decor/modern_wardrobe",
		"particle": "item/decor/modern_wardrobe"
	},
	"elements": [
		{
			"from": [0, 4, 0],
			"to": [16, 32, 16],
			"rotation": {"angle": 0, "axis": "y", "origin": [8, 0, 8]},
			"faces": {
				"north": {"uv": [2, 2, 4, 5.5], "texture": "#0"},
				"east": {"uv": [0, 2, 2, 5.5], "texture": "#0"},
				"south": {"uv": [6, 2, 8, 5.5], "texture": "#0"},
				"west": {"uv": [4, 2, 6, 5.5], "texture": "#0"},
				"up": {"uv": [4, 2, 2, 0], "texture": "#0"},
				"down": {"uv": [6, 0, 4, 2], "texture": "#0"}
			}
		},
		{
			"from": [1, 5, -1],
			"to": [15, 9, 0],
			"rotation": {"angle": 0, "axis": "y", "origin": [8, 0, 8]},
			"faces": {
				"north": {"uv": [4, 6.375, 5.75, 6.875], "texture": "#0", "tintindex": 0},
				"east": {"uv": [3.875, 6.375, 4, 6.875], "texture": "#0", "tintindex": 0},
				"south": {"uv": [5.875, 6.375, 7.625, 6.875], "texture": "#0", "tintindex": 0},
				"west": {"uv": [5.75, 6.375, 5.875, 6.875], "texture": "#0", "tintindex": 0},
				"up": {"uv": [5.75, 6.375, 4, 6.25], "texture": "#0", "tintindex": 0},
				"down": {"uv": [7.5, 6.25, 5.75, 6.375], "texture": "#0", "tintindex": 0}
			}
		},
		{
			"from": [1, 10, -1],
			"to": [15, 31, 0],
			"rotation": {"angle": 0, "axis": "y", "origin": [8, 0, 8]},
			"faces": {
				"north": {"uv": [0.125, 5.75, 1.875, 8.375], "texture": "#0", "tintindex": 0},
				"east": {"uv": [0, 5.75, 0.125, 8.375], "texture": "#0", "tintindex": 0},
				"south": {"uv": [2, 5.75, 3.75, 8.375], "texture": "#0", "tintindex": 0},
				"west": {"uv": [1.875, 5.75, 2, 8.375], "texture": "#0", "tintindex": 0},
				"up": {"uv": [1.875, 5.75, 0.125, 5.625], "texture": "#0", "tintindex": 0},
				"down": {"uv": [3.625, 5.625, 1.875, 5.75], "texture": "#0", "tintindex": 0}
			}
		},
		{
			"from": [0, 0, 13],
			"to": [16, 1, 16],
			"rotation": {"angle": 0, "axis": "y", "origin": [8, 0, 8]},
			"faces": {
				"north": {"uv": [6.5, 1.625, 8.5, 1.75], "texture": "#0"},
				"east": {"uv": [6.125, 1.625, 6.5, 1.75], "texture": "#0"},
				"south": {"uv": [8.875, 1.625, 10.875, 1.75], "texture": "#0"},
				"west": {"uv": [8.5, 1.625, 8.875, 1.75], "texture": "#0"},
				"up": {"uv": [8.5, 1.625, 6.5, 1.25], "texture": "#0"},
				"down": {"uv": [10.5, 1.25, 8.5, 1.625], "texture": "#0"}
			}
		},
		{
			"from": [0, 0, 0],
			"to": [16, 1, 3],
			"rotation": {"angle": 0, "axis": "y", "origin": [8, 0, 8]},
			"faces": {
				"north": {"uv": [6.5, 1, 8.5, 1.125], "texture": "#0"},
				"east": {"uv": [6.125, 1, 6.5, 1.125], "texture": "#0"},
				"south": {"uv": [8.875, 1, 10.875, 1.125], "texture": "#0"},
				"west": {"uv": [8.5, 1, 8.875, 1.125], "texture": "#0"},
				"up": {"uv": [8.5, 1, 6.5, 0.625], "texture": "#0"},
				"down": {"uv": [10.5, 0.625, 8.5, 1], "texture": "#0"}
			}
		},
		{
			"from": [0, 3, 0],
			"to": [16, 4, 3],
			"rotation": {"angle": 0, "axis": "y", "origin": [8, 0, 8]},
			"faces": {
				"north": {"uv": [6.5, 0.375, 8.5, 0.5], "texture": "#0"},
				"east": {"uv": [6.125, 0.375, 6.5, 0.5], "texture": "#0"},
				"south": {"uv": [8.875, 0.375, 10.875, 0.5], "texture": "#0"},
				"west": {"uv": [8.5, 0.375, 8.875, 0.5], "texture": "#0"},
				"up": {"uv": [8.5, 0.375, 6.5, 0], "texture": "#0"},
				"down": {"uv": [10.5, 0, 8.5, 0.375], "texture": "#0"}
			}
		},
		{
			"from": [0, 3, 13],
			"to": [16, 4, 16],
			"rotation": {"angle": 0, "axis": "y", "origin": [8, 0, 8]},
			"faces": {
				"north": {"uv": [4.25, 6, 6.25, 6.125], "texture": "#0"},
				"east": {"uv": [3.875, 6, 4.25, 6.125], "texture": "#0"},
				"south": {"uv": [6.625, 6, 8.625, 6.125], "texture": "#0"},
				"west": {"uv": [6.25, 6, 6.625, 6.125], "texture": "#0"},
				"up": {"uv": [6.25, 6, 4.25, 5.625], "texture": "#0"},
				"down": {"uv": [8.25, 5.625, 6.25, 6], "texture": "#0"}
			}
		},
		{
			"from": [15, 1, 0],
			"to": [16, 3, 3],
			"rotation": {"angle": 0, "axis": "y", "origin": [8, 0, 8]},
			"faces": {
				"north": {"uv": [1.125, 1.5, 1.25, 1.75], "texture": "#0"},
				"east": {"uv": [0.75, 1.5, 1.125, 1.75], "texture": "#0"},
				"south": {"uv": [1.625, 1.5, 1.75, 1.75], "texture": "#0"},
				"west": {"uv": [1.25, 1.5, 1.625, 1.75], "texture": "#0"},
				"up": {"uv": [1.25, 1.5, 1.125, 1.125], "texture": "#0"},
				"down": {"uv": [1.375, 1.125, 1.25, 1.5], "texture": "#0"}
			}
		},
		{
			"from": [0, 1, 0],
			"to": [1, 3, 3],
			"rotation": {"angle": 0, "axis": "y", "origin": [8, 0, 8]},
			"faces": {
				"north": {"uv": [1.125, 0.75, 1.25, 1], "texture": "#0"},
				"east": {"uv": [0.75, 0.75, 1.125, 1], "texture": "#0"},
				"south": {"uv": [1.625, 0.75, 1.75, 1], "texture": "#0"},
				"west": {"uv": [1.25, 0.75, 1.625, 1], "texture": "#0"},
				"up": {"uv": [1.25, 0.75, 1.125, 0.375], "texture": "#0"},
				"down": {"uv": [1.375, 0.375, 1.25, 0.75], "texture": "#0"}
			}
		},
		{
			"from": [0, 1, 13],
			"to": [1, 3, 16],
			"rotation": {"angle": 0, "axis": "y", "origin": [8, 0, 8]},
			"faces": {
				"north": {"uv": [0.375, 1.125, 0.5, 1.375], "texture": "#0"},
				"east": {"uv": [0, 1.125, 0.375, 1.375], "texture": "#0"},
				"south": {"uv": [0.875, 1.125, 1, 1.375], "texture": "#0"},
				"west": {"uv": [0.5, 1.125, 0.875, 1.375], "texture": "#0"},
				"up": {"uv": [0.5, 1.125, 0.375, 0.75], "texture": "#0"},
				"down": {"uv": [0.625, 0.75, 0.5, 1.125], "texture": "#0"}
			}
		},
		{
			"from": [15, 1, 13],
			"to": [16, 3, 16],
			"rotation": {"angle": 0, "axis": "y", "origin": [8, 0, 8]},
			"faces": {
				"north": {"uv": [0.375, 0.375, 0.5, 0.625], "texture": "#0"},
				"east": {"uv": [0, 0.375, 0.375, 0.625], "texture": "#0"},
				"south": {"uv": [0.875, 0.375, 1, 0.625], "texture": "#0"},
				"west": {"uv": [0.5, 0.375, 0.875, 0.625], "texture": "#0"},
				"up": {"uv": [0.5, 0.375, 0.375, 0], "texture": "#0"},
				"down": {"uv": [0.625, 0, 0.5, 0.375], "texture": "#0"}
			}
		}
	],
	"display": {
		"thirdperson_righthand": {
			"rotation": [60, -160, 0],
			"translation": [0, 1.75, -4.5],
			"scale": [-0.6, 0.6, -0.6]
		},
		"thirdperson_lefthand": {
			"rotation": [60, -160, 0],
			"translation": [0, 1.75, -4.5],
			"scale": [-0.6, 0.6, -0.6]
		},
		"firstperson_righthand": {
			"rotation": [0, -73, 6],
			"translation": [1, -0.75, 0],
			"scale": [-0.4, 0.4, -0.4]
		},
		"firstperson_lefthand": {
			"rotation": [0, -73, 6],
			"translation": [1, -0.75, 0],
			"scale": [-0.4, 0.4, -0.4]
		},
		"ground": {
			"translation": [0, 1.5, 0],
			"scale": [0.35, 0.35, 0.35]
		},
		"gui": {
			"rotation": [30, -40, 0],
			"translation": [0, -2.75, 0],
			"scale": [-0.4, 0.4, -0.4]
		},
		"head": {
			"rotation": [0, -180, 0],
			"translation": [0, -30.4, 0],
			"scale": [1.6, 1.6, 1.6]
		},
		"fixed": {
			"rotation": [90, -180, -180],
			"translation": [0, 0, -15],
			"scale": [2, 2, 2]
		}
	}
}