{
	"credit": "Made with Blockbench",
	"texture_size": [64, 64],
	"textures": {
		"0": "item/decor/modern_mac",
		"particle": "item/decor/modern_mac"
	},
	"elements": [
		{
			"from": [0, 2, 3.9],
			"to": [16, 12, 4.9],
			"rotation": {"angle": 0, "axis": "y", "origin": [0, 0, -5]},
			"faces": {
				"north": {"uv": [0.25, 0.25, 4.25, 2.75], "texture": "#0", "tintindex": 0},
				"east": {"uv": [0, 0.25, 0.25, 2.75], "texture": "#0", "tintindex": 0},
				"south": {"uv": [4.5, 0.25, 8.5, 2.75], "texture": "#0", "tintindex": 0},
				"west": {"uv": [4.25, 0.25, 4.5, 2.75], "texture": "#0", "tintindex": 0},
				"up": {"uv": [4.25, 0.25, 0.25, 0], "texture": "#0", "tintindex": 0},
				"down": {"uv": [8.25, 0, 4.25, 0.25], "texture": "#0", "tintindex": 0}
			}
		},
		{
			"from": [0, 3, 4.91],
			"to": [16, 12, 4.91],
			"rotation": {"angle": 0, "axis": "y", "origin": [0, 0, -5]},
			"faces": {
				"north": {"uv": [0.25, 0.25, 4.25, 2.75], "texture": "#0"},
				"east": {"uv": [0, 0.25, 0.25, 2.75], "texture": "#0"},
				"south": {"uv": [4.5, 0.25, 8.5, 2.5], "texture": "#0"},
				"west": {"uv": [4.25, 0.25, 4.5, 2.75], "texture": "#0"},
				"up": {"uv": [4.25, 0.25, 0.25, 0], "texture": "#0"},
				"down": {"uv": [8.25, 0, 4.25, 0.25], "texture": "#0"}
			}
		},
		{
			"from": [6, 0, 1],
			"to": [10, 1, 6],
			"rotation": {"angle": 0, "axis": "y", "origin": [0, 0, -5]},
			"faces": {
				"north": {"uv": [1.25, 5.75, 2.25, 6], "texture": "#0", "tintindex": 0},
				"east": {"uv": [0, 5.75, 1.25, 6], "texture": "#0", "tintindex": 0},
				"south": {"uv": [3.5, 5.75, 4.5, 6], "texture": "#0", "tintindex": 0},
				"west": {"uv": [2.25, 5.75, 3.5, 6], "texture": "#0", "tintindex": 0},
				"up": {"uv": [2.25, 5.75, 1.25, 4.5], "texture": "#0", "tintindex": 0},
				"down": {"uv": [3.25, 4.5, 2.25, 5.75], "texture": "#0", "tintindex": 0}
			}
		},
		{
			"from": [3, 0, 10],
			"to": [13, 1, 14],
			"rotation": {"angle": 0, "axis": "y", "origin": [0, 0, -3]},
			"faces": {
				"north": {"uv": [1, 4, 3.5, 4.25], "texture": "#0", "tintindex": 0},
				"east": {"uv": [0, 4, 1, 4.25], "texture": "#0", "tintindex": 0},
				"south": {"uv": [4.5, 4, 7, 4.25], "texture": "#0", "tintindex": 0},
				"west": {"uv": [3.5, 4, 4.5, 4.25], "texture": "#0", "tintindex": 0},
				"up": {"uv": [3.5, 4, 1, 3], "texture": "#0", "tintindex": 0},
				"down": {"uv": [6, 3, 3.5, 4], "texture": "#0", "tintindex": 0}
			}
		},
		{
			"from": [14, 0, 10],
			"to": [16, 1, 13],
			"rotation": {"angle": 0, "axis": "y", "origin": [0, 0, -3]},
			"faces": {
				"north": {"uv": [0.75, 7, 1.25, 7.25], "texture": "#0", "tintindex": 0},
				"east": {"uv": [0, 7, 0.75, 7.25], "texture": "#0", "tintindex": 0},
				"south": {"uv": [2, 7, 2.5, 7.25], "texture": "#0", "tintindex": 0},
				"west": {"uv": [1.25, 7, 2, 7.25], "texture": "#0", "tintindex": 0},
				"up": {"uv": [1.25, 7, 0.75, 6.25], "texture": "#0", "tintindex": 0},
				"down": {"uv": [1.75, 6.25, 1.25, 7], "texture": "#0", "tintindex": 0}
			}
		},
		{
			"from": [6, 4.6194, 2.91342],
			"to": [10, 5.6194, 3.91342],
			"rotation": {"angle": 0, "axis": "y", "origin": [0, -1.3806, -5.08658]},
			"faces": {
				"north": {"uv": [2.25, 6.5, 3.25, 6.75], "texture": "#0", "tintindex": 0},
				"east": {"uv": [2, 6.5, 2.25, 6.75], "texture": "#0", "tintindex": 0},
				"south": {"uv": [3.5, 6.5, 4.5, 6.75], "texture": "#0", "tintindex": 0},
				"west": {"uv": [3.25, 6.5, 3.5, 6.75], "texture": "#0", "tintindex": 0},
				"up": {"uv": [3.25, 6.5, 2.25, 6.25], "texture": "#0", "tintindex": 0},
				"down": {"uv": [4.25, 6.25, 3.25, 6.5], "texture": "#0", "tintindex": 0}
			}
		},
		{
			"from": [6, 3.2179, -0.15013],
			"to": [10, 8.2179, 0.84987],
			"rotation": {"angle": 22.5, "axis": "x", "origin": [0, -0.7821, -5.15013]},
			"faces": {
				"north": {"uv": [5, 4.75, 6, 6], "texture": "#0", "tintindex": 0},
				"east": {"uv": [4.75, 4.75, 5, 6], "texture": "#0", "tintindex": 0},
				"south": {"uv": [6.25, 4.75, 7.25, 6], "texture": "#0", "tintindex": 0},
				"west": {"uv": [6, 4.75, 6.25, 6], "texture": "#0", "tintindex": 0},
				"up": {"uv": [6, 4.75, 5, 4.5], "texture": "#0", "tintindex": 0},
				"down": {"uv": [7, 4.5, 6, 4.75], "texture": "#0", "tintindex": 0}
			}
		}
	],
	"display": {
		"thirdperson_righthand": {
			"rotation": [60, -160, 0],
			"translation": [0, 3.25, 0],
			"scale": [0.6, 0.6, 0.6]
		},
		"thirdperson_lefthand": {
			"rotation": [60, -160, 0],
			"translation": [0, 3.25, 0],
			"scale": [0.6, 0.6, 0.6]
		},
		"firstperson_righthand": {
			"rotation": [0, -73, 6],
			"translation": [0, 2.5, -1.25],
			"scale": [0.6, 0.6, 0.6]
		},
		"firstperson_lefthand": {
			"rotation": [0, -73, 6],
			"translation": [0, 2.5, -1.25],
			"scale": [0.6, 0.6, 0.6]
		},
		"ground": {
			"translation": [0, 1.5, 0],
			"scale": [0.35, 0.35, 0.35]
		},
		"gui": {
			"rotation": [30, -40, 0],
			"translation": [-0.25, 1.25, 0],
			"scale": [0.8, 0.8, 0.8]
		},
		"head": {
			"translation": [0, -30.4, 0],
			"scale": [1.6, 1.6, 1.6]
		},
		"fixed": {
			"rotation": [90, 0, -180],
			"translation": [0, 0, -15],
			"scale": [2, 2, 2]
		}
	}
}