{
	"credit": "Made with Blockbench",
	"texture_size": [128, 128],
	"textures": {
		"0": "item/decor/modular_sofa_right_white",
		"particle": "item/decor/modular_sofa_right_white"
	},
	"elements": [
		{
			"from": [0, 0, 1],
			"to": [16, 12, 7],
			"rotation": {"angle": -22.5, "axis": "x", "origin": [0, 0, -9]},
			"faces": {
				"north": {"uv": [0.75, 3.625, 2.75, 5.125], "texture": "#0", "tintindex": 0},
				"east": {"uv": [0, 3.625, 0.75, 5.125], "texture": "#0", "tintindex": 0},
				"south": {"uv": [3.5, 3.625, 5.5, 5.125], "texture": "#0", "tintindex": 0},
				"west": {"uv": [2.75, 3.625, 3.5, 5.125], "texture": "#0", "tintindex": 0},
				"up": {"uv": [2.75, 3.625, 0.75, 2.875], "texture": "#0", "tintindex": 0},
				"down": {"uv": [4.75, 2.875, 2.75, 3.625], "texture": "#0", "tintindex": 0}
			}
		},
		{
			"from": [13, 0, 1],
			"to": [15, 1, 3],
			"faces": {
				"north": {"uv": [0.25, 1, 0.5, 1.125], "texture": "#0"},
				"east": {"uv": [0, 1, 0.25, 1.125], "texture": "#0"},
				"south": {"uv": [0.75, 1, 1, 1.125], "texture": "#0"},
				"west": {"uv": [0.5, 1, 0.75, 1.125], "texture": "#0"},
				"up": {"uv": [0.5, 1, 0.25, 0.75], "texture": "#0"},
				"down": {"uv": [0.75, 0.75, 0.5, 1], "texture": "#0"}
			}
		},
		{
			"from": [1, 0, 1],
			"to": [3, 1, 3],
			"faces": {
				"north": {"uv": [0.25, 1, 0.5, 1.125], "texture": "#0"},
				"east": {"uv": [0, 1, 0.25, 1.125], "texture": "#0"},
				"south": {"uv": [0.75, 1, 1, 1.125], "texture": "#0"},
				"west": {"uv": [0.5, 1, 0.75, 1.125], "texture": "#0"},
				"up": {"uv": [0.5, 1, 0.25, 0.75], "texture": "#0"},
				"down": {"uv": [0.75, 0.75, 0.5, 1], "texture": "#0"}
			}
		},
		{
			"from": [13, 0, 13],
			"to": [15, 1, 15],
			"faces": {
				"north": {"uv": [0.25, 1, 0.5, 1.125], "texture": "#0"},
				"east": {"uv": [0, 1, 0.25, 1.125], "texture": "#0"},
				"south": {"uv": [0.75, 1, 1, 1.125], "texture": "#0"},
				"west": {"uv": [0.5, 1, 0.75, 1.125], "texture": "#0"},
				"up": {"uv": [0.5, 1, 0.25, 0.75], "texture": "#0"},
				"down": {"uv": [0.75, 0.75, 0.5, 1], "texture": "#0"}
			}
		},
		{
			"from": [1, 0, 13],
			"to": [3, 1, 15],
			"faces": {
				"north": {"uv": [0.25, 1, 0.5, 1.125], "texture": "#0"},
				"east": {"uv": [0, 1, 0.25, 1.125], "texture": "#0"},
				"south": {"uv": [0.75, 1, 1, 1.125], "texture": "#0"},
				"west": {"uv": [0.5, 1, 0.75, 1.125], "texture": "#0"},
				"up": {"uv": [0.5, 1, 0.25, 0.75], "texture": "#0"},
				"down": {"uv": [0.75, 0.75, 0.5, 1], "texture": "#0"}
			}
		},
		{
			"from": [-0.00391, 4, 0],
			"to": [16.002, 8, 16],
			"faces": {
				"north": {"uv": [2, 2, 4, 2.5], "texture": "#0", "tintindex": 0},
				"east": {"uv": [0, 2, 2, 2.5], "texture": "#0", "tintindex": 0},
				"south": {"uv": [6, 2, 8, 2.5], "texture": "#0", "tintindex": 0},
				"west": {"uv": [4, 2, 6, 2.5], "texture": "#0", "tintindex": 0},
				"up": {"uv": [4, 2, 2, 0], "texture": "#0", "tintindex": 0},
				"down": {"uv": [6, 0, 4, 2], "texture": "#0", "tintindex": 0}
			}
		},
		{
			"from": [-0.00391, 1, 0],
			"to": [16.002, 4, 16],
			"faces": {
				"north": {"uv": [2, 2.5, 4, 2.875], "texture": "#0"},
				"east": {"uv": [0, 2.5, 2, 2.875], "texture": "#0"},
				"south": {"uv": [6, 2.5, 8, 2.875], "texture": "#0"},
				"west": {"uv": [4, 2.5, 6, 2.875], "texture": "#0"},
				"up": {"uv": [6, 2, 4, 0], "texture": "#0"},
				"down": {"uv": [6, 0, 4, 2], "texture": "#0"}
			}
		},
		{
			"from": [7.5, 11, 2.03516],
			"to": [12.5, 17, 16.03516],
			"rotation": {"angle": -22.5, "axis": "z", "origin": [0, 0, 0]},
			"faces": {
				"north": {"uv": [5.5, 5.125, 6.125, 5.875], "texture": "#0", "tintindex": 0},
				"east": {"uv": [3.75, 5.125, 5.5, 5.875], "texture": "#0", "tintindex": 0},
				"south": {"uv": [7.875, 5.125, 8.5, 5.875], "texture": "#0", "tintindex": 0},
				"west": {"uv": [6.125, 5.125, 7.875, 5.875], "texture": "#0", "tintindex": 0},
				"up": {"uv": [6.125, 5.125, 5.5, 3.375], "texture": "#0", "tintindex": 0},
				"down": {"uv": [6.75, 3.375, 6.125, 5.125], "texture": "#0", "tintindex": 0}
			}
		},
		{
			"from": [8.5, 11, 15.28516],
			"to": [11.5, 16, 16.28516],
			"rotation": {"angle": -22.5, "axis": "z", "origin": [0, 0, 0]},
			"faces": {
				"north": {"uv": [8, 5.25, 8.375, 5.75], "texture": "#0"},
				"east": {"uv": [8, 5.25, 8.375, 5.875], "texture": "#0"},
				"south": {"uv": [8, 5.375, 8.375, 5.875], "texture": "#0"},
				"west": {"uv": [8, 5.25, 8.375, 5.875], "texture": "#0"},
				"up": {"uv": [8.375, 5.875, 8, 5.25], "texture": "#0"},
				"down": {"uv": [8.375, 5.25, 8, 5.875], "texture": "#0"}
			}
		}
	],
	"display": {
		"thirdperson_righthand": {
			"rotation": [60, -160, 0],
			"translation": [0.25, 4.25, -0.25],
			"scale": [0.6, 0.6, 0.6]
		},
		"thirdperson_lefthand": {
			"rotation": [60, -160, 0],
			"translation": [0.25, 4.25, -0.25],
			"scale": [0.6, 0.6, 0.6]
		},
		"firstperson_righthand": {
			"rotation": [0, -73, 6],
			"translation": [0, 1.5, 0],
			"scale": [0.4, 0.4, 0.4]
		},
		"firstperson_lefthand": {
			"rotation": [0, -73, 6],
			"translation": [0, 1.5, 0],
			"scale": [0.4, 0.4, 0.4]
		},
		"ground": {
			"translation": [0, 1.5, 0],
			"scale": [0.35, 0.35, 0.35]
		},
		"gui": {
			"rotation": [30, -40, 0],
			"translation": [-0.5, -0.5, 0],
			"scale": [0.55, 0.55, 0.55]
		},
		"head": {
			"translation": [0, -30.4, 0],
			"scale": [1.6, 1.6, 1.6]
		},
		"fixed": {
			"rotation": [-90, -180, 0],
			"translation": [0, 0, -15],
			"scale": [2, 2, 2]
		}
	}
}