{
	"credit": "Made with Blockbench",
	"texture_size": [64, 64],
	"textures": {
		"0": "item/decor/modular_sofa_ottoman_white",
		"particle": "item/decor/modular_sofa_ottoman_white"
	},
	"elements": [
		{
			"from": [1, 0, 1],
			"to": [3, 1, 3],
			"faces": {
				"north": {"uv": [0.5, 2, 1, 2.25], "texture": "#0"},
				"east": {"uv": [0, 2, 0.5, 2.25], "texture": "#0"},
				"south": {"uv": [1.5, 2, 2, 2.25], "texture": "#0"},
				"west": {"uv": [1, 2, 1.5, 2.25], "texture": "#0"},
				"up": {"uv": [1, 2, 0.5, 1.5], "texture": "#0"},
				"down": {"uv": [1.5, 1.5, 1, 2], "texture": "#0"}
			}
		},
		{
			"from": [13, 0, 1],
			"to": [15, 1, 3],
			"faces": {
				"north": {"uv": [0.5, 2, 1, 2.25], "texture": "#0"},
				"east": {"uv": [0, 2, 0.5, 2.25], "texture": "#0"},
				"south": {"uv": [1.5, 2, 2, 2.25], "texture": "#0"},
				"west": {"uv": [1, 2, 1.5, 2.25], "texture": "#0"},
				"up": {"uv": [1, 2, 0.5, 1.5], "texture": "#0"},
				"down": {"uv": [1.5, 1.5, 1, 2], "texture": "#0"}
			}
		},
		{
			"from": [13, 0, 13],
			"to": [15, 1, 15],
			"faces": {
				"north": {"uv": [0.5, 2, 1, 2.25], "texture": "#0"},
				"east": {"uv": [0, 2, 0.5, 2.25], "texture": "#0"},
				"south": {"uv": [1.5, 2, 2, 2.25], "texture": "#0"},
				"west": {"uv": [1, 2, 1.5, 2.25], "texture": "#0"},
				"up": {"uv": [1, 2, 0.5, 1.5], "texture": "#0"},
				"down": {"uv": [1.5, 1.5, 1, 2], "texture": "#0"}
			}
		},
		{
			"from": [1, 0, 13],
			"to": [3, 1, 15],
			"faces": {
				"north": {"uv": [0.5, 2, 1, 2.25], "texture": "#0"},
				"east": {"uv": [0, 2, 0.5, 2.25], "texture": "#0"},
				"south": {"uv": [1.5, 2, 2, 2.25], "texture": "#0"},
				"west": {"uv": [1, 2, 1.5, 2.25], "texture": "#0"},
				"up": {"uv": [1, 2, 0.5, 1.5], "texture": "#0"},
				"down": {"uv": [1.5, 1.5, 1, 2], "texture": "#0"}
			}
		},
		{
			"from": [0, 4, 0],
			"to": [16.00491, 8, 16],
			"faces": {
				"north": {"uv": [4, 4, 8, 5], "texture": "#0", "tintindex": 0},
				"east": {"uv": [0, 4, 4, 5], "texture": "#0", "tintindex": 0},
				"south": {"uv": [12, 4, 16, 5], "texture": "#0", "tintindex": 0},
				"west": {"uv": [8, 4, 12, 5], "texture": "#0", "tintindex": 0},
				"up": {"uv": [8, 4, 4, 0], "texture": "#0", "tintindex": 0},
				"down": {"uv": [8, 0, 4, 4], "texture": "#0", "tintindex": 0}
			}
		},
		{
			"from": [0, 1, 0],
			"to": [16.00491, 4, 16],
			"faces": {
				"north": {"uv": [4, 5, 8, 5.75], "texture": "#0"},
				"east": {"uv": [0, 5, 4, 5.75], "texture": "#0"},
				"south": {"uv": [12, 5, 16, 5.75], "texture": "#0"},
				"west": {"uv": [8, 5, 12, 5.75], "texture": "#0"},
				"up": {"uv": [12, 4, 8, 0], "texture": "#0"},
				"down": {"uv": [12, 0, 8, 4], "texture": "#0"}
			}
		}
	],
	"display": {
		"thirdperson_righthand": {
			"rotation": [60, -160, 0],
			"translation": [0.25, 4.25, -0.25],
			"scale": [0.6, 0.6, 0.6]
		},
		"thirdperson_lefthand": {
			"rotation": [60, -160, 0],
			"translation": [0.25, 4.25, -0.25],
			"scale": [0.6, 0.6, 0.6]
		},
		"firstperson_righthand": {
			"rotation": [0, -73, 6],
			"translation": [0, 1.5, 0],
			"scale": [0.4, 0.4, 0.4]
		},
		"firstperson_lefthand": {
			"rotation": [0, -73, 6],
			"translation": [0, 1.5, 0],
			"scale": [0.4, 0.4, 0.4]
		},
		"ground": {
			"translation": [0, 1.5, 0],
			"scale": [0.35, 0.35, 0.35]
		},
		"gui": {
			"rotation": [30, -40, 0],
			"translation": [0, 1.5, 0],
			"scale": [0.55, 0.55, 0.55]
		},
		"head": {
			"translation": [0, -30.4, 0],
			"scale": [1.6, 1.6, 1.6]
		},
		"fixed": {
			"rotation": [-90, -180, 0],
			"translation": [0, 0, -15],
			"scale": [2, 2, 2]
		}
	}
}