{
	"credit": "Made with Blockbench",
	"texture_size": [128, 128],
	"textures": {
		"0": "item/decor/outdoor_trampolin",
		"particle": "item/decor/outdoor_trampolin"
	},
	"elements": [
		{
			"from": [12, 0, 2],
			"to": [14, 4, 4],
			"faces": {
				"north": {"uv": [1.375, 1.125, 1.625, 1.625], "texture": "#0"},
				"east": {"uv": [1.125, 1.125, 1.375, 1.625], "texture": "#0"},
				"south": {"uv": [1.875, 1.125, 2.125, 1.625], "texture": "#0"},
				"west": {"uv": [1.625, 1.125, 1.875, 1.625], "texture": "#0"},
				"up": {"uv": [1.625, 1.125, 1.375, 0.875], "texture": "#0"},
				"down": {"uv": [1.875, 0.875, 1.625, 1.125], "texture": "#0"}
			}
		},
		{
			"from": [12, 0, 24],
			"to": [14, 4, 26],
			"faces": {
				"north": {"uv": [1.375, 1.125, 1.625, 1.625], "texture": "#0"},
				"east": {"uv": [1.125, 1.125, 1.375, 1.625], "texture": "#0"},
				"south": {"uv": [1.875, 1.125, 2.125, 1.625], "texture": "#0"},
				"west": {"uv": [1.625, 1.125, 1.875, 1.625], "texture": "#0"},
				"up": {"uv": [1.625, 1.125, 1.375, 0.875], "texture": "#0"},
				"down": {"uv": [1.875, 0.875, 1.625, 1.125], "texture": "#0"}
			}
		},
		{
			"from": [-10, 0, 24],
			"to": [-8, 4, 26],
			"faces": {
				"north": {"uv": [1.375, 1.125, 1.625, 1.625], "texture": "#0"},
				"east": {"uv": [1.125, 1.125, 1.375, 1.625], "texture": "#0"},
				"south": {"uv": [1.875, 1.125, 2.125, 1.625], "texture": "#0"},
				"west": {"uv": [1.625, 1.125, 1.875, 1.625], "texture": "#0"},
				"up": {"uv": [1.625, 1.125, 1.375, 0.875], "texture": "#0"},
				"down": {"uv": [1.875, 0.875, 1.625, 1.125], "texture": "#0"}
			}
		},
		{
			"from": [-10, 0, 2],
			"to": [-8, 4, 4],
			"faces": {
				"north": {"uv": [1.375, 1.125, 1.625, 1.625], "texture": "#0"},
				"east": {"uv": [1.125, 1.125, 1.375, 1.625], "texture": "#0"},
				"south": {"uv": [1.875, 1.125, 2.125, 1.625], "texture": "#0"},
				"west": {"uv": [1.625, 1.125, 1.875, 1.625], "texture": "#0"},
				"up": {"uv": [1.625, 1.125, 1.375, 0.875], "texture": "#0"},
				"down": {"uv": [1.875, 0.875, 1.625, 1.125], "texture": "#0"}
			}
		},
		{
			"from": [-12, 4, 0],
			"to": [16, 6, 5],
			"faces": {
				"north": {"uv": [0.625, 4, 4.125, 4.25], "texture": "#0"},
				"east": {"uv": [0, 4, 0.625, 4.25], "texture": "#0"},
				"south": {"uv": [4.75, 4, 8.25, 4.25], "texture": "#0"},
				"west": {"uv": [4.125, 4, 4.75, 4.25], "texture": "#0"},
				"up": {"uv": [4.125, 4, 0.625, 3.375], "texture": "#0"},
				"down": {"uv": [7.625, 3.375, 4.125, 4], "texture": "#0"}
			}
		},
		{
			"from": [-12, 4, 23],
			"to": [16, 6, 28],
			"faces": {
				"north": {"uv": [0.625, 3, 4.125, 3.25], "texture": "#0"},
				"east": {"uv": [0, 3, 0.625, 3.25], "texture": "#0"},
				"south": {"uv": [4.75, 3, 8.25, 3.25], "texture": "#0"},
				"west": {"uv": [4.125, 3, 4.75, 3.25], "texture": "#0"},
				"up": {"uv": [4.125, 3, 0.625, 2.375], "texture": "#0"},
				"down": {"uv": [7.625, 2.375, 4.125, 3], "texture": "#0"}
			}
		},
		{
			"from": [11, 4, 5],
			"to": [16, 6, 23],
			"faces": {
				"north": {"uv": [5.875, 7, 6.5, 7.25], "texture": "#0"},
				"east": {"uv": [3.625, 7, 5.875, 7.25], "texture": "#0"},
				"south": {"uv": [8.75, 7, 9.375, 7.25], "texture": "#0"},
				"west": {"uv": [6.5, 7, 8.75, 7.25], "texture": "#0"},
				"up": {"uv": [6.5, 7, 5.875, 4.75], "texture": "#0"},
				"down": {"uv": [7.125, 4.75, 6.5, 7], "texture": "#0"}
			}
		},
		{
			"from": [-12, 4, 5],
			"to": [-7, 6, 23],
			"faces": {
				"north": {"uv": [2.25, 6.625, 2.875, 6.875], "texture": "#0"},
				"east": {"uv": [0, 6.625, 2.25, 6.875], "texture": "#0"},
				"south": {"uv": [5.125, 6.625, 5.75, 6.875], "texture": "#0"},
				"west": {"uv": [2.875, 6.625, 5.125, 6.875], "texture": "#0"},
				"up": {"uv": [2.875, 6.625, 2.25, 4.375], "texture": "#0"},
				"down": {"uv": [3.5, 4.375, 2.875, 6.625], "texture": "#0"}
			}
		},
		{
			"from": [-7, 5, 5],
			"to": [11, 5, 23],
			"faces": {
				"north": {"uv": [2.25, 2.25, 4.5, 2.25], "texture": "#0"},
				"east": {"uv": [0, 2.25, 2.25, 2.25], "texture": "#0"},
				"south": {"uv": [6.75, 2.25, 9, 2.25], "texture": "#0"},
				"west": {"uv": [4.5, 2.25, 6.75, 2.25], "texture": "#0"},
				"up": {"uv": [4.5, 2.25, 2.25, 0], "texture": "#0"},
				"down": {"uv": [6.75, 0, 4.5, 2.25], "texture": "#0"}
			}
		}
	],
	"display": {
		"thirdperson_righthand": {
			"rotation": [60, -160, 0],
			"translation": [3, 14.25, -4.25],
			"scale": [-0.6, 0.6, -0.6]
		},
		"thirdperson_lefthand": {
			"rotation": [60, -160, 0],
			"translation": [3, 14.25, -4.25],
			"scale": [-0.6, 0.6, -0.6]
		},
		"firstperson_righthand": {
			"rotation": [0, -73, 6],
			"translation": [-3, 1.5, -2],
			"scale": [-0.4, 0.4, -0.4]
		},
		"firstperson_lefthand": {
			"rotation": [0, -73, 6],
			"translation": [-3, 1.5, 2.5],
			"scale": [-0.4, 0.4, -0.4]
		},
		"ground": {
			"translation": [3, 1.5, -2.75],
			"scale": [0.35, 0.35, 0.35]
		},
		"gui": {
			"rotation": [30, -40, 0],
			"translation": [-4.5, 0.75, 0],
			"scale": [-0.4, 0.4, -0.4]
		},
		"head": {
			"rotation": [0, -180, 0],
			"translation": [-13, -30.4, 12.75],
			"scale": [1.6, 1.6, 1.6]
		},
		"fixed": {
			"rotation": [90, -180, -180],
			"translation": [12, -11.75, -17],
			"scale": [2, 2, 2]
		}
	}
}