{
	"credit": "Made with Blockbench",
	"texture_size": [128, 128],
	"textures": {
		"0": "item/decor/outdoor_picnictable",
		"particle": "item/decor/outdoor_picnictable"
	},
	"elements": [
		{
			"from": [-8, 14, -1],
			"to": [24, 16, 17],
			"faces": {
				"north": {"uv": [2.25, 2.25, 6.25, 2.5], "texture": "#0"},
				"east": {"uv": [0, 2.25, 2.25, 2.5], "texture": "#0"},
				"south": {"uv": [8.5, 2.25, 12.5, 2.5], "texture": "#0"},
				"west": {"uv": [6.25, 2.25, 8.5, 2.5], "texture": "#0"},
				"up": {"uv": [6.25, 2.25, 2.25, 0], "texture": "#0"},
				"down": {"uv": [10.25, 0, 6.25, 2.25], "texture": "#0"}
			}
		},
		{
			"from": [22, -5.93906, 9.16406],
			"to": [23, 10.06094, 13.16406],
			"rotation": {"angle": -22.5, "axis": "x", "origin": [29, 16, 0]},
			"faces": {
				"north": {"uv": [0.5, 3.125, 0.625, 5.125], "texture": "#0"},
				"east": {"uv": [0, 3.125, 0.5, 5.125], "texture": "#0"},
				"south": {"uv": [1.125, 3.125, 1.25, 5.125], "texture": "#0"},
				"west": {"uv": [0.625, 3.125, 1.125, 5.125], "texture": "#0"},
				"up": {"uv": [0.625, 3.125, 0.5, 2.625], "texture": "#0"},
				"down": {"uv": [0.75, 2.625, 0.625, 3.125], "texture": "#0"}
			}
		},
		{
			"from": [22, -1.03125, -4.53125],
			"to": [23, 14.96875, -0.53125],
			"rotation": {"angle": 22.5, "axis": "x", "origin": [29, 0, 0]},
			"faces": {
				"north": {"uv": [0.5, 3.125, 0.625, 5.125], "texture": "#0"},
				"east": {"uv": [0, 3.125, 0.5, 5.125], "texture": "#0"},
				"south": {"uv": [1.125, 3.125, 1.25, 5.125], "texture": "#0"},
				"west": {"uv": [0.625, 3.125, 1.125, 5.125], "texture": "#0"},
				"up": {"uv": [0.625, 3.125, 0.5, 2.625], "texture": "#0"},
				"down": {"uv": [0.75, 2.625, 0.625, 3.125], "texture": "#0"}
			}
		},
		{
			"from": [-7, -1.03125, -4.53125],
			"to": [-6, 14.96875, -0.53125],
			"rotation": {"angle": 22.5, "axis": "x", "origin": [0, 0, 0]},
			"faces": {
				"north": {"uv": [0.5, 3.125, 0.625, 5.125], "texture": "#0"},
				"east": {"uv": [0, 3.125, 0.5, 5.125], "texture": "#0"},
				"south": {"uv": [1.125, 3.125, 1.25, 5.125], "texture": "#0"},
				"west": {"uv": [0.625, 3.125, 1.125, 5.125], "texture": "#0"},
				"up": {"uv": [0.625, 3.125, 0.5, 2.625], "texture": "#0"},
				"down": {"uv": [0.75, 2.625, 0.625, 3.125], "texture": "#0"}
			}
		},
		{
			"from": [-7, -5.93906, 9.16406],
			"to": [-6, 10.06094, 13.16406],
			"rotation": {"angle": -22.5, "axis": "x", "origin": [0, 16, 0]},
			"faces": {
				"north": {"uv": [0.5, 3.125, 0.625, 5.125], "texture": "#0"},
				"east": {"uv": [0, 3.125, 0.5, 5.125], "texture": "#0"},
				"south": {"uv": [1.125, 3.125, 1.25, 5.125], "texture": "#0"},
				"west": {"uv": [0.625, 3.125, 1.125, 5.125], "texture": "#0"},
				"up": {"uv": [0.625, 3.125, 0.5, 2.625], "texture": "#0"},
				"down": {"uv": [0.75, 2.625, 0.625, 3.125], "texture": "#0"}
			}
		},
		{
			"from": [-6, 12, 0],
			"to": [-5, 14, 16],
			"faces": {
				"north": {"uv": [11.25, 5.125, 11.375, 5.375], "texture": "#0"},
				"east": {"uv": [9.25, 5.125, 11.25, 5.375], "texture": "#0"},
				"south": {"uv": [13.375, 5.125, 13.5, 5.375], "texture": "#0"},
				"west": {"uv": [11.375, 5.125, 13.375, 5.375], "texture": "#0"},
				"up": {"uv": [11.375, 5.125, 11.25, 3.125], "texture": "#0"},
				"down": {"uv": [11.5, 3.125, 11.375, 5.125], "texture": "#0"}
			}
		},
		{
			"from": [-6, 4, -9],
			"to": [-5, 7, 25],
			"faces": {
				"north": {"uv": [8.875, 7.375, 9, 7.75], "texture": "#0"},
				"east": {"uv": [4.625, 7.375, 8.875, 7.75], "texture": "#0"},
				"south": {"uv": [13.25, 7.375, 13.375, 7.75], "texture": "#0"},
				"west": {"uv": [9, 7.375, 13.25, 7.75], "texture": "#0"},
				"up": {"uv": [9, 7.375, 8.875, 3.125], "texture": "#0"},
				"down": {"uv": [9.125, 3.125, 9, 7.375], "texture": "#0"}
			}
		},
		{
			"from": [-8, 7, 18],
			"to": [24, 8, 26],
			"faces": {
				"north": {"uv": [1, 10.125, 5, 10.25], "texture": "#0"},
				"east": {"uv": [0, 10.125, 1, 10.25], "texture": "#0"},
				"south": {"uv": [6, 10.125, 10, 10.25], "texture": "#0"},
				"west": {"uv": [5, 10.125, 6, 10.25], "texture": "#0"},
				"up": {"uv": [5, 10.125, 1, 9.125], "texture": "#0"},
				"down": {"uv": [9, 9.125, 5, 10.125], "texture": "#0"}
			}
		},
		{
			"from": [-8, 7, -10],
			"to": [24, 8, -2],
			"faces": {
				"north": {"uv": [1, 10.125, 5, 10.25], "texture": "#0"},
				"east": {"uv": [0, 10.125, 1, 10.25], "texture": "#0"},
				"south": {"uv": [6, 10.125, 10, 10.25], "texture": "#0"},
				"west": {"uv": [5, 10.125, 6, 10.25], "texture": "#0"},
				"up": {"uv": [5, 10.125, 1, 9.125], "texture": "#0"},
				"down": {"uv": [9, 9.125, 5, 10.125], "texture": "#0"}
			}
		},
		{
			"from": [21, 4, -9],
			"to": [22, 7, 25],
			"faces": {
				"north": {"uv": [8.875, 7.375, 9, 7.75], "texture": "#0"},
				"east": {"uv": [4.625, 7.375, 8.875, 7.75], "texture": "#0"},
				"south": {"uv": [13.25, 7.375, 13.375, 7.75], "texture": "#0"},
				"west": {"uv": [9, 7.375, 13.25, 7.75], "texture": "#0"},
				"up": {"uv": [9, 7.375, 8.875, 3.125], "texture": "#0"},
				"down": {"uv": [9.125, 3.125, 9, 7.375], "texture": "#0"}
			}
		},
		{
			"from": [21, 12, 0],
			"to": [22, 14, 16],
			"faces": {
				"north": {"uv": [10.125, 10.375, 10.25, 10.625], "texture": "#0"},
				"east": {"uv": [8.125, 10.375, 10.125, 10.625], "texture": "#0"},
				"south": {"uv": [12.25, 10.375, 12.375, 10.625], "texture": "#0"},
				"west": {"uv": [10.25, 10.375, 12.25, 10.625], "texture": "#0"},
				"up": {"uv": [10.25, 10.375, 10.125, 8.375], "texture": "#0"},
				"down": {"uv": [10.375, 8.375, 10.25, 10.375], "texture": "#0"}
			}
		},
		{
			"from": [-5, 12, 15],
			"to": [21, 14, 16],
			"faces": {
				"north": {"uv": [9.25, 8, 12.5, 8.25], "texture": "#0"},
				"east": {"uv": [9.125, 8, 9.25, 8.25], "texture": "#0"},
				"south": {"uv": [12.625, 8, 15.875, 8.25], "texture": "#0"},
				"west": {"uv": [12.5, 8, 12.625, 8.25], "texture": "#0"},
				"up": {"uv": [12.5, 8, 9.25, 7.875], "texture": "#0"},
				"down": {"uv": [15.75, 7.875, 12.5, 8], "texture": "#0"}
			}
		},
		{
			"from": [-5, 12, 0],
			"to": [21, 14, 1],
			"faces": {
				"north": {"uv": [4.75, 2.75, 8, 3], "texture": "#0"},
				"east": {"uv": [4.625, 2.75, 4.75, 3], "texture": "#0"},
				"south": {"uv": [8.125, 2.75, 11.375, 3], "texture": "#0"},
				"west": {"uv": [8, 2.75, 8.125, 3], "texture": "#0"},
				"up": {"uv": [8, 2.75, 4.75, 2.625], "texture": "#0"},
				"down": {"uv": [11.25, 2.625, 8, 2.75], "texture": "#0"}
			}
		}
	],
	"display": {
		"thirdperson_righthand": {
			"rotation": [60, -160, 0],
			"translation": [0.5, 9.5, -3.5],
			"scale": [-0.6, 0.6, -0.6]
		},
		"thirdperson_lefthand": {
			"rotation": [60, -160, 0],
			"translation": [0.5, 9.5, -3.5],
			"scale": [-0.6, 0.6, -0.6]
		},
		"firstperson_righthand": {
			"rotation": [0, -73, 6],
			"translation": [0, -0.75, 0],
			"scale": [-0.4, 0.4, -0.4]
		},
		"firstperson_lefthand": {
			"rotation": [0, -73, 6],
			"translation": [0, -0.75, 0],
			"scale": [-0.4, 0.4, -0.4]
		},
		"ground": {
			"translation": [0, 1.5, 0],
			"scale": [0.35, 0.35, 0.35]
		},
		"gui": {
			"rotation": [30, -40, 0],
			"scale": [-0.35, 0.35, -0.35]
		},
		"head": {
			"translation": [0, -30.4, 0],
			"scale": [1.6, 1.6, 1.6]
		},
		"fixed": {
			"rotation": [90, 0, -180],
			"translation": [0, 0, -15],
			"scale": [2, 2, 2]
		}
	}
}