{
	"credit": "Made with Blockbench",
	"texture_size": [64, 64],
	"textures": {
		"0": "item/decor/outdoor_lawnmower",
		"particle": "item/decor/outdoor_lawnmower"
	},
	"elements": [
		{
			"from": [2, 1, 2],
			"to": [14, 6, 18],
			"rotation": {"angle": 0, "axis": "y", "origin": [0, 0, 3]},
			"faces": {
				"north": {"uv": [4, 4, 7, 5.25], "texture": "#0"},
				"east": {"uv": [0, 4, 4, 5.25], "texture": "#0"},
				"south": {"uv": [11, 4, 14, 5.25], "texture": "#0"},
				"west": {"uv": [7, 4, 11, 5.25], "texture": "#0"},
				"up": {"uv": [7, 4, 4, 0], "texture": "#0"},
				"down": {"uv": [10, 0, 7, 4], "texture": "#0"}
			}
		},
		{
			"from": [3, 1.5, -5.5],
			"to": [13, 7.5, 4],
			"rotation": {"angle": 0, "axis": "y", "origin": [0, 0, 3]},
			"faces": {
				"north": {"uv": [2.25, 7.75, 4.75, 9.25], "texture": "#0"},
				"east": {"uv": [0, 7.75, 2.25, 9.25], "texture": "#0"},
				"south": {"uv": [7, 7.75, 9.5, 9.25], "texture": "#0"},
				"west": {"uv": [4.75, 7.75, 7, 9.25], "texture": "#0"},
				"up": {"uv": [4.75, 7.75, 2.25, 5.5], "texture": "#0"},
				"down": {"uv": [7.25, 5.5, 4.75, 7.75], "texture": "#0"}
			}
		},
		{
			"from": [4, 6, 5],
			"to": [12, 10, 13],
			"rotation": {"angle": 0, "axis": "y", "origin": [0, 0, 3]},
			"faces": {
				"north": {"uv": [9.75, 9.5, 11.75, 10.5], "texture": "#0"},
				"east": {"uv": [7.75, 9.5, 9.75, 10.5], "texture": "#0"},
				"south": {"uv": [13.75, 9.5, 15.75, 10.5], "texture": "#0"},
				"west": {"uv": [11.75, 9.5, 13.75, 10.5], "texture": "#0"},
				"up": {"uv": [11.75, 9.5, 9.75, 7.5], "texture": "#0"},
				"down": {"uv": [13.75, 7.5, 11.75, 9.5], "texture": "#0"}
			}
		},
		{
			"from": [0, 0, 13],
			"to": [2, 4, 17],
			"rotation": {"angle": 0, "axis": "y", "origin": [0, 0, 3]},
			"faces": {
				"north": {"uv": [7.25, 11.75, 7.75, 12.75], "texture": "#0"},
				"east": {"uv": [6.25, 11.75, 7.25, 12.75], "texture": "#0"},
				"south": {"uv": [8.75, 11.75, 9.25, 12.75], "texture": "#0"},
				"west": {"uv": [7.75, 11.75, 8.75, 12.75], "texture": "#0"},
				"up": {"uv": [7.75, 11.75, 7.25, 10.75], "texture": "#0"},
				"down": {"uv": [8.25, 10.75, 7.75, 11.75], "texture": "#0"}
			}
		},
		{
			"from": [14, 0, 13],
			"to": [16, 4, 17],
			"rotation": {"angle": 0, "axis": "y", "origin": [0, 0, 3]},
			"faces": {
				"north": {"uv": [11.25, 1, 11.75, 2], "texture": "#0"},
				"east": {"uv": [10.25, 1, 11.25, 2], "texture": "#0"},
				"south": {"uv": [12.75, 1, 13.25, 2], "texture": "#0"},
				"west": {"uv": [11.75, 1, 12.75, 2], "texture": "#0"},
				"up": {"uv": [11.75, 1, 11.25, 0], "texture": "#0"},
				"down": {"uv": [12.25, 0, 11.75, 1], "texture": "#0"}
			}
		},
		{
			"from": [14, 0, 4],
			"to": [16, 5, 9],
			"rotation": {"angle": 0, "axis": "y", "origin": [0, 0, 3]},
			"faces": {
				"north": {"uv": [3.75, 10.75, 4.25, 12], "texture": "#0"},
				"east": {"uv": [2.5, 10.75, 3.75, 12], "texture": "#0"},
				"south": {"uv": [5.5, 10.75, 6, 12], "texture": "#0"},
				"west": {"uv": [4.25, 10.75, 5.5, 12], "texture": "#0"},
				"up": {"uv": [4.25, 10.75, 3.75, 9.5], "texture": "#0"},
				"down": {"uv": [4.75, 9.5, 4.25, 10.75], "texture": "#0"}
			}
		},
		{
			"from": [0, 0, 4],
			"to": [2, 5, 9],
			"rotation": {"angle": 0, "axis": "y", "origin": [0, 0, 3]},
			"faces": {
				"north": {"uv": [1.25, 1.25, 1.75, 2.5], "texture": "#0"},
				"east": {"uv": [0, 1.25, 1.25, 2.5], "texture": "#0"},
				"south": {"uv": [3, 1.25, 3.5, 2.5], "texture": "#0"},
				"west": {"uv": [1.75, 1.25, 3, 2.5], "texture": "#0"},
				"up": {"uv": [1.75, 1.25, 1.25, 0], "texture": "#0"},
				"down": {"uv": [2.25, 0, 1.75, 1.25], "texture": "#0"}
			}
		},
		{
			"from": [2, 2, 1],
			"to": [3, 5, 2],
			"rotation": {"angle": 0, "axis": "y", "origin": [1, 0, 2]},
			"faces": {
				"north": {"uv": [2.75, 0.25, 3, 1], "texture": "#0"},
				"east": {"uv": [2.5, 0.25, 2.75, 1], "texture": "#0"},
				"south": {"uv": [3.25, 0.25, 3.5, 1], "texture": "#0"},
				"west": {"uv": [3, 0.25, 3.25, 1], "texture": "#0"},
				"up": {"uv": [3, 0.25, 2.75, 0], "texture": "#0"},
				"down": {"uv": [3.25, 0, 3, 0.25], "texture": "#0"}
			}
		},
		{
			"from": [13, 2, 1],
			"to": [14, 5, 2],
			"rotation": {"angle": 0, "axis": "y", "origin": [-1, 0, 2]},
			"faces": {
				"north": {"uv": [0.25, 0.25, 0.5, 1], "texture": "#0"},
				"east": {"uv": [0, 0.25, 0.25, 1], "texture": "#0"},
				"south": {"uv": [0.75, 0.25, 1, 1], "texture": "#0"},
				"west": {"uv": [0.5, 0.25, 0.75, 1], "texture": "#0"},
				"up": {"uv": [0.5, 0.25, 0.25, 0], "texture": "#0"},
				"down": {"uv": [0.75, 0, 0.5, 0.25], "texture": "#0"}
			}
		},
		{
			"from": [2, 4.87868, 2.70711],
			"to": [3, 24.87868, 3.70711],
			"rotation": {"angle": -45, "axis": "x", "origin": [5, 2.87868, 2.70711]},
			"faces": {
				"north": {"uv": [1.5, 9.75, 1.75, 14.75], "texture": "#0"},
				"east": {"uv": [1.25, 9.75, 1.5, 14.75], "texture": "#0"},
				"south": {"uv": [2, 9.75, 2.25, 14.75], "texture": "#0"},
				"west": {"uv": [1.75, 9.75, 2, 14.75], "texture": "#0"},
				"up": {"uv": [1.75, 9.75, 1.5, 9.5], "texture": "#0"},
				"down": {"uv": [2, 9.5, 1.75, 9.75], "texture": "#0"}
			}
		},
		{
			"from": [13, 4.87868, 2.70711],
			"to": [14, 24.87868, 3.70711],
			"rotation": {"angle": -45, "axis": "x", "origin": [3, 2.87868, 2.70711]},
			"faces": {
				"north": {"uv": [0.25, 9.75, 0.5, 14.75], "texture": "#0"},
				"east": {"uv": [0, 9.75, 0.25, 14.75], "texture": "#0"},
				"south": {"uv": [0.75, 9.75, 1, 14.75], "texture": "#0"},
				"west": {"uv": [0.5, 9.75, 0.75, 14.75], "texture": "#0"},
				"up": {"uv": [0.5, 9.75, 0.25, 9.5], "texture": "#0"},
				"down": {"uv": [0.75, 9.5, 0.5, 9.75], "texture": "#0"}
			}
		},
		{
			"from": [3, -1.69239, -12.15685],
			"to": [13, -0.69239, -10.15685],
			"rotation": {"angle": 45, "axis": "x", "origin": [2, 9.20711, 11.79289]},
			"faces": {
				"north": {"uv": [8, 6, 10.5, 6.25], "texture": "#0"},
				"east": {"uv": [7.5, 6, 8, 6.25], "texture": "#0"},
				"south": {"uv": [11, 6, 13.5, 6.25], "texture": "#0"},
				"west": {"uv": [10.5, 6, 11, 6.25], "texture": "#0"},
				"up": {"uv": [10.5, 6, 8, 5.5], "texture": "#0"},
				"down": {"uv": [13, 5.5, 10.5, 6], "texture": "#0"}
			}
		},
		{
			"from": [3, -1.69239, -2.15685],
			"to": [13, -0.69239, -1.15685],
			"rotation": {"angle": 45, "axis": "x", "origin": [2, 9.20711, 11.79289]},
			"faces": {
				"north": {"uv": [7.75, 6.75, 10.25, 7], "texture": "#0"},
				"east": {"uv": [7.5, 6.75, 7.75, 7], "texture": "#0"},
				"south": {"uv": [10.5, 6.75, 13, 7], "texture": "#0"},
				"west": {"uv": [10.25, 6.75, 10.5, 7], "texture": "#0"},
				"up": {"uv": [10.25, 6.75, 7.75, 6.5], "texture": "#0"},
				"down": {"uv": [12.75, 6.5, 10.25, 6.75], "texture": "#0"}
			}
		}
	],
	"display": {
		"thirdperson_righthand": {
			"rotation": [60, -132, 0],
			"translation": [0, 6, -0.5],
			"scale": [0.6, 0.6, 0.6]
		},
		"thirdperson_lefthand": {
			"rotation": [60, -132, 0],
			"translation": [0, 6, -0.5],
			"scale": [0.6, 0.6, 0.6]
		},
		"firstperson_righthand": {
			"rotation": [0, 1, 6],
			"translation": [0.5, 2.75, 1],
			"scale": [-0.4, 0.4, -0.4]
		},
		"firstperson_lefthand": {
			"rotation": [0, 1, 6],
			"translation": [0.5, 2.75, 1],
			"scale": [-0.4, 0.4, -0.4]
		},
		"ground": {
			"translation": [0, 1.5, 1.25],
			"scale": [0.35, 0.35, 0.35]
		},
		"gui": {
			"rotation": [30, 140, 0],
			"translation": [-1.25, -2, 0],
			"scale": [-0.45, 0.45, -0.45]
		},
		"head": {
			"rotation": [0, -180, 0],
			"translation": [0, -30.4, 0],
			"scale": [1.6, 1.6, 1.6]
		},
		"fixed": {
			"rotation": [90, -180, -180],
			"translation": [0, 0, -15],
			"scale": [2, 2, 2]
		}
	}
}