{
	"credit": "Made with Blockbench",
	"texture_size": [64, 64],
	"textures": {
		"2": "item/decor/wood_cushion_chair",
		"particle": "item/decor/wood_cushion_chair"
	},
	"elements": [
		{
			"from": [13, 14, -0.5],
			"to": [17, 16, 17.5],
			"rotation": {"angle": 0, "axis": "y", "origin": [8, 11.5, 8.25]},
			"faces": {
				"north": {"uv": [12, 4, 13, 4.5], "texture": "#2"},
				"east": {"uv": [11.5, 3.5, 16, 4], "texture": "#2"},
				"south": {"uv": [3.25, 12, 4.25, 12.5], "texture": "#2"},
				"west": {"uv": [11.5, 3, 16, 3.5], "texture": "#2"},
				"up": {"uv": [5.5, 12, 4.5, 7.5], "rotation": 180, "texture": "#2"},
				"down": {"uv": [5.5, 7.5, 4.5, 12], "rotation": 180, "texture": "#2"}
			}
		},
		{
			"from": [-1, 14, -0.5],
			"to": [3, 16, 17.5],
			"rotation": {"angle": 0, "axis": "y", "origin": [8, 11.5, 8.25]},
			"faces": {
				"north": {"uv": [12, 4, 13, 4.5], "texture": "#2"},
				"east": {"uv": [11.5, 3.5, 16, 4], "texture": "#2"},
				"south": {"uv": [3.25, 12, 4.25, 12.5], "texture": "#2"},
				"west": {"uv": [11.5, 3, 16, 3.5], "texture": "#2"},
				"up": {"uv": [5.5, 12, 4.5, 7.5], "rotation": 180, "texture": "#2"},
				"down": {"uv": [5.5, 7.5, 4.5, 12], "rotation": 180, "texture": "#2"}
			}
		},
		{
			"from": [3, 14, -0.5],
			"to": [13, 16, 3.5],
			"rotation": {"angle": 0, "axis": "y", "origin": [8, 11.5, 8.25]},
			"faces": {
				"north": {"uv": [11.75, 8, 14.25, 8.5], "texture": "#2"},
				"east": {"uv": [12, 4.5, 13, 5], "texture": "#2"},
				"south": {"uv": [11.75, 7.5, 14.25, 8], "texture": "#2"},
				"west": {"uv": [4.25, 12, 5.25, 12.5], "texture": "#2"},
				"up": {"uv": [13, 1, 10.5, 0], "rotation": 180, "texture": "#2"},
				"down": {"uv": [13, 0, 10.5, 1], "rotation": 180, "texture": "#2"}
			}
		},
		{
			"from": [13, 0, 13.5],
			"to": [16, 14, 16.5],
			"rotation": {"angle": 0, "axis": "y", "origin": [8, 11.5, 8.25]},
			"faces": {
				"north": {"uv": [1, 8.5, 1.75, 12], "texture": "#2"},
				"east": {"uv": [1, 8.5, 1.75, 12], "texture": "#2"},
				"south": {"uv": [1, 8.5, 1.75, 12], "texture": "#2"},
				"west": {"uv": [1, 8.5, 1.75, 12], "texture": "#2"},
				"up": {"uv": [0.75, 12.25, 0, 11.5], "rotation": 180, "texture": "#2"},
				"down": {"uv": [12.5, 8.5, 11.75, 9.25], "rotation": 180, "texture": "#2"}
			}
		},
		{
			"from": [0, 0, 13.5],
			"to": [3, 14, 16.5],
			"rotation": {"angle": 0, "axis": "y", "origin": [8, 11.5, 8.25]},
			"faces": {
				"north": {"uv": [1, 8.5, 1.75, 12], "texture": "#2"},
				"east": {"uv": [1, 8.5, 1.75, 12], "texture": "#2"},
				"south": {"uv": [1, 8.5, 1.75, 12], "texture": "#2"},
				"west": {"uv": [1, 8.5, 1.75, 12], "texture": "#2"},
				"up": {"uv": [0.75, 12.25, 0, 11.5], "rotation": 180, "texture": "#2"},
				"down": {"uv": [12.5, 8.5, 11.75, 9.25], "rotation": 180, "texture": "#2"}
			}
		},
		{
			"from": [0, 0, 0.5],
			"to": [3, 14, 3.5],
			"rotation": {"angle": 0, "axis": "y", "origin": [8, 11.5, 8.25]},
			"faces": {
				"north": {"uv": [1, 8.5, 1.75, 12], "texture": "#2"},
				"east": {"uv": [1, 8.5, 1.75, 12], "texture": "#2"},
				"south": {"uv": [1, 8.5, 1.75, 12], "texture": "#2"},
				"west": {"uv": [1, 8.5, 1.75, 12], "texture": "#2"},
				"up": {"uv": [0.75, 12.25, 0, 11.5], "rotation": 180, "texture": "#2"},
				"down": {"uv": [12.5, 8.5, 11.75, 9.25], "rotation": 180, "texture": "#2"}
			}
		},
		{
			"from": [13, 0, 0.5],
			"to": [16, 14, 3.5],
			"rotation": {"angle": 0, "axis": "y", "origin": [8, 11.5, 8.25]},
			"faces": {
				"north": {"uv": [1, 8.5, 1.75, 12], "texture": "#2"},
				"east": {"uv": [1, 8.5, 1.75, 12], "texture": "#2"},
				"south": {"uv": [1, 8.5, 1.75, 12], "texture": "#2"},
				"west": {"uv": [1, 8.5, 1.75, 12], "texture": "#2"},
				"up": {"uv": [0.75, 12.25, 0, 11.5], "rotation": 180, "texture": "#2"},
				"down": {"uv": [12.5, 8.5, 11.75, 9.25], "rotation": 180, "texture": "#2"}
			}
		},
		{
			"from": [1, 5, 1.5],
			"to": [15, 7, 15.5],
			"rotation": {"angle": 0, "axis": "y", "origin": [8, 11.5, 8.25]},
			"faces": {
				"north": {"uv": [7, 2.5, 10.5, 3], "texture": "#2"},
				"east": {"uv": [7, 2.5, 10.5, 3], "texture": "#2"},
				"south": {"uv": [7, 2.5, 10.5, 3], "texture": "#2"},
				"west": {"uv": [7, 2.5, 10.5, 3], "texture": "#2"},
				"up": {"uv": [3.5, 7, 0, 3.5], "rotation": 180, "texture": "#2"},
				"down": {"uv": [3.5, 3.5, 0, 7], "rotation": 180, "texture": "#2"}
			}
		},
		{
			"from": [1, 7, 1.5],
			"to": [15, 11, 15.5],
			"rotation": {"angle": 0, "axis": "y", "origin": [8, 11.5, 8.25]},
			"faces": {
				"north": {"uv": [7, 1.5, 10.5, 2.5], "texture": "#2", "tintindex": 0},
				"east": {"uv": [7, 1.5, 10.5, 2.5], "texture": "#2", "tintindex": 0},
				"south": {"uv": [7, 1.5, 10.5, 2.5], "texture": "#2", "tintindex": 0},
				"west": {"uv": [7, 1.5, 10.5, 2.5], "texture": "#2", "tintindex": 0},
				"up": {"uv": [3.5, 3.5, 0, 0], "rotation": 180, "texture": "#2", "tintindex": 0},
				"down": {"uv": [3.5, 0, 0, 3.5], "rotation": 180, "texture": "#2", "tintindex": 0}
			}
		},
		{
			"from": [1, 11, 1.5],
			"to": [15, 23, 5.5],
			"rotation": {"angle": 0, "axis": "y", "origin": [8, 11.5, 8.25]},
			"faces": {
				"north": {"uv": [3.5, 0, 7, 3], "texture": "#2", "tintindex": 0},
				"east": {"uv": [0, 8.5, 1, 11.5], "texture": "#2", "tintindex": 0},
				"south": {"uv": [3.5, 0, 7, 3], "texture": "#2", "tintindex": 0},
				"west": {"uv": [8, 4, 9, 7], "texture": "#2", "tintindex": 0},
				"up": {"uv": [10, 8.5, 6.5, 7.5], "rotation": 180, "texture": "#2", "tintindex": 0},
				"down": {"uv": [11.5, 3, 8, 4], "rotation": 180, "texture": "#2"}
			}
		}
	],
	"gui_light": "front",
	"display": {
		"thirdperson_righthand": {
			"rotation": [-125, 20, 180],
			"translation": [0, 2, 1.25],
			"scale": [0.3, 0.3, 0.3]
		},
		"thirdperson_lefthand": {
			"rotation": [-125, 20, 180],
			"translation": [0, 2, 1.25],
			"scale": [0.3, 0.3, 0.3]
		},
		"firstperson_righthand": {
			"rotation": [0, 145, 0],
			"translation": [-0.75, 2.25, 1.5],
			"scale": [0.3, 0.3, 0.3]
		},
		"firstperson_lefthand": {
			"rotation": [0, 145, 0],
			"translation": [-0.75, 2.25, 1.5],
			"scale": [0.3, 0.3, 0.3]
		},
		"ground": {
			"translation": [0, 1.75, 0],
			"scale": [0.3, 0.3, 0.3]
		},
		"gui": {
			"rotation": [-165, 45, -180],
			"translation": [-0.25, -1.5, 0],
			"scale": [0.4, 0.4, 0.4]
		},
		"head": {
			"translation": [0, -34.25, 0],
			"scale": [1.1, 1.1, 1.1]
		},
		"fixed": {
			"rotation": [-90, 0, 0],
			"translation": [0, 0, -16],
			"scale": [2, 2, 2]
		}
	}
}