{
	"credit": "Made with Blockbench",
	"texture_size": [64, 64],
	"textures": {
		"0": "item/decor/wood_stool"
	},
	"elements": [
		{
			"from": [0, 12, 0],
			"to": [16, 14, 16],
			"faces": {
				"north": {"uv": [7.75, 3, 11.75, 3.5], "texture": "#0"},
				"east": {"uv": [7.75, 3.5, 11.75, 4], "texture": "#0"},
				"south": {"uv": [7.75, 4, 11.75, 4.5], "texture": "#0"},
				"west": {"uv": [7.75, 4.5, 11.75, 5], "texture": "#0"},
				"up": {"uv": [4, 4, 0, 0], "texture": "#0"},
				"down": {"uv": [4, 0, 0, 4], "texture": "#0"}
			}
		},
		{
			"from": [1, 0, 1],
			"to": [4, 12, 4],
			"faces": {
				"north": {"uv": [4, 0, 4.75, 3], "texture": "#0"},
				"east": {"uv": [4, 3, 4.75, 6], "texture": "#0"},
				"south": {"uv": [4.75, 0, 5.5, 3], "texture": "#0"},
				"west": {"uv": [4.75, 3, 5.5, 6], "texture": "#0"},
				"up": {"uv": [8.5, 8.75, 7.75, 8], "texture": "#0"},
				"down": {"uv": [0.75, 8.5, 0, 9.25], "texture": "#0"}
			}
		},
		{
			"from": [12, 0, 1],
			"to": [15, 12, 4],
			"rotation": {"angle": 0, "axis": "y", "origin": [11, 0, 0]},
			"faces": {
				"north": {"uv": [5.5, 0, 6.25, 3], "texture": "#0"},
				"east": {"uv": [5.5, 3, 6.25, 6], "texture": "#0"},
				"south": {"uv": [4, 6, 4.75, 9], "texture": "#0"},
				"west": {"uv": [4.75, 6, 5.5, 9], "texture": "#0"},
				"up": {"uv": [9.25, 0.75, 8.5, 0], "texture": "#0"},
				"down": {"uv": [1.5, 8.5, 0.75, 9.25], "texture": "#0"}
			}
		},
		{
			"from": [1, 0, 12],
			"to": [4, 12, 15],
			"rotation": {"angle": 0, "axis": "y", "origin": [0, 0, 11]},
			"faces": {
				"north": {"uv": [7, 0, 7.75, 3], "texture": "#0"},
				"east": {"uv": [7, 3, 7.75, 6], "texture": "#0"},
				"south": {"uv": [7, 6, 7.75, 9], "texture": "#0"},
				"west": {"uv": [7.75, 0, 8.5, 3], "texture": "#0"},
				"up": {"uv": [9.25, 2.25, 8.5, 1.5], "texture": "#0"},
				"down": {"uv": [3, 8.5, 2.25, 9.25], "texture": "#0"}
			}
		},
		{
			"from": [12, 0, 12],
			"to": [15, 12, 15],
			"rotation": {"angle": 0, "axis": "y", "origin": [11, 0, 11]},
			"faces": {
				"north": {"uv": [5.5, 6, 6.25, 9], "texture": "#0"},
				"east": {"uv": [6.25, 0, 7, 3], "texture": "#0"},
				"south": {"uv": [6.25, 3, 7, 6], "texture": "#0"},
				"west": {"uv": [6.25, 6, 7, 9], "texture": "#0"},
				"up": {"uv": [9.25, 1.5, 8.5, 0.75], "texture": "#0"},
				"down": {"uv": [2.25, 8.5, 1.5, 9.25], "texture": "#0"}
			}
		},
		{
			"from": [4, 5, 2],
			"to": [12, 7, 3],
			"rotation": {"angle": 0, "axis": "y", "origin": [-3, 0, 0]},
			"faces": {
				"north": {"uv": [7.75, 5, 9.75, 5.5], "texture": "#0"},
				"east": {"uv": [8.5, 8.25, 8.75, 8.75], "texture": "#0"},
				"south": {"uv": [7.75, 5.5, 9.75, 6], "texture": "#0"},
				"west": {"uv": [7.75, 8.75, 8, 9.25], "texture": "#0"},
				"up": {"uv": [10.5, 2.5, 8.5, 2.25], "texture": "#0"},
				"down": {"uv": [10.5, 2.5, 8.5, 2.75], "texture": "#0"}
			}
		},
		{
			"from": [4, 5, 13],
			"to": [12, 7, 14],
			"rotation": {"angle": 0, "axis": "y", "origin": [-3, 0, 11]},
			"faces": {
				"north": {"uv": [7.75, 6, 9.75, 6.5], "texture": "#0"},
				"east": {"uv": [8, 8.75, 8.25, 9.25], "texture": "#0"},
				"south": {"uv": [7.75, 6.5, 9.75, 7], "texture": "#0"},
				"west": {"uv": [8.25, 8.75, 8.5, 9.25], "texture": "#0"},
				"up": {"uv": [10.5, 3, 8.5, 2.75], "texture": "#0"},
				"down": {"uv": [10.5, 8, 8.5, 8.25], "texture": "#0"}
			}
		},
		{
			"from": [2, 5, 4],
			"to": [3, 7, 12],
			"rotation": {"angle": 0, "axis": "y", "origin": [8, 6, 8]},
			"faces": {
				"north": {"uv": [8.75, 8.75, 9, 9.25], "texture": "#0"},
				"east": {"uv": [0, 8, 2, 8.5], "texture": "#0"},
				"south": {"uv": [4, 9, 4.25, 9.5], "texture": "#0"},
				"west": {"uv": [2, 8, 4, 8.5], "texture": "#0"},
				"up": {"uv": [3.75, 10.5, 3.5, 8.5], "texture": "#0"},
				"down": {"uv": [4, 8.5, 3.75, 10.5], "texture": "#0"}
			}
		},
		{
			"from": [13, 5, 4],
			"to": [14, 7, 12],
			"rotation": {"angle": 0, "axis": "y", "origin": [8, 6, 8]},
			"faces": {
				"north": {"uv": [8.75, 8.25, 9, 8.75], "texture": "#0"},
				"east": {"uv": [7.75, 7, 9.75, 7.5], "texture": "#0"},
				"south": {"uv": [8.5, 8.75, 8.75, 9.25], "texture": "#0"},
				"west": {"uv": [7.75, 7.5, 9.75, 8], "texture": "#0"},
				"up": {"uv": [3.25, 10.5, 3, 8.5], "texture": "#0"},
				"down": {"uv": [3.5, 8.5, 3.25, 10.5], "texture": "#0"}
			}
		}
	],
	"display": {
		"thirdperson_righthand": {
			"rotation": [-125, 20, 180],
			"translation": [1, 2, 1.25],
			"scale": [0.3, 0.3, 0.3]
		},
		"thirdperson_lefthand": {
			"rotation": [-125, 20, 180],
			"translation": [1, 2, 1.25],
			"scale": [0.3, 0.3, 0.3]
		},
		"firstperson_righthand": {
			"rotation": [0, 145, 0],
			"translation": [-0.75, 2.25, 1.5],
			"scale": [0.3, 0.3, 0.3]
		},
		"firstperson_lefthand": {
			"rotation": [0, 145, 0],
			"translation": [-0.75, 2.25, 1.5],
			"scale": [0.3, 0.3, 0.3]
		},
		"ground": {
			"translation": [0, 1, 0],
			"scale": [0.3, 0.3, 0.3]
		},
		"gui": {
			"rotation": [-165, 45, -180],
			"translation": [0, -0.5, 0],
			"scale": [0.5, 0.5, 0.5]
		},
		"head": {
			"translation": [0, -33.5, 0],
			"scale": [1.2, 1.2, 1.2]
		},
		"fixed": {
			"rotation": [-90, 0, 0],
			"translation": [0, 0, -16],
			"scale": [2, 2, 2]
		}
	}
}