{
	"credit": "Made with Blockbench",
	"texture_size": [64, 64],
	"textures": {
		"0": "item/decor/wood_nightstand"
	},
	"elements": [
		{
			"from": [1.025, 10, 1.025],
			"to": [14.975, 14, 14.975],
			"rotation": {"angle": 0, "axis": "y", "origin": [0, 10, 0]},
			"faces": {
				"north": {"uv": [3.5, 8, 7, 9], "texture": "#0"},
				"east": {"uv": [8, 3.5, 11.5, 4.5], "texture": "#0"},
				"south": {"uv": [8, 4.5, 11.5, 5.5], "texture": "#0"},
				"west": {"uv": [8, 5.5, 11.5, 6.5], "texture": "#0"},
				"up": {"uv": [3.5, 11.5, 0, 8], "texture": "#0"},
				"down": {"uv": [11.5, 0, 8, 3.5], "texture": "#0"}
			}
		},
		{
			"from": [0, 14, 0],
			"to": [16, 16, 16],
			"rotation": {"angle": 0, "axis": "y", "origin": [0, 12, 0]},
			"faces": {
				"north": {"uv": [11.5, 2, 15.5, 2.5], "texture": "#0"},
				"east": {"uv": [11.5, 2.5, 15.5, 3], "texture": "#0"},
				"south": {"uv": [11.5, 3, 15.5, 3.5], "texture": "#0"},
				"west": {"uv": [11.5, 3.5, 15.5, 4], "texture": "#0"},
				"up": {"uv": [8, 4, 4, 0], "texture": "#0"},
				"down": {"uv": [8, 4, 4, 8], "texture": "#0"}
			}
		},
		{
			"from": [0, 2, 0],
			"to": [16, 4, 16],
			"faces": {
				"north": {"uv": [11.5, 2, 15.5, 2.5], "texture": "#0"},
				"east": {"uv": [11.5, 2.5, 15.5, 3], "texture": "#0"},
				"south": {"uv": [11.5, 3, 15.5, 3.5], "texture": "#0"},
				"west": {"uv": [11.5, 3.5, 15.5, 4], "texture": "#0"},
				"up": {"uv": [8, 4, 4, 0], "texture": "#0"},
				"down": {"uv": [8, 4, 4, 8], "texture": "#0"}
			}
		},
		{
			"from": [12, 0, 12],
			"to": [15, 14, 15],
			"faces": {
				"north": {"uv": [10.25, 6.5, 11, 10], "texture": "#0"},
				"east": {"uv": [10.75, 10, 11.5, 13.5], "texture": "#0"},
				"south": {"uv": [11, 6.5, 11.75, 10], "texture": "#0"},
				"west": {"uv": [0, 11.5, 0.75, 15], "texture": "#0"},
				"up": {"uv": [7.25, 12.25, 6.5, 11.5], "texture": "#0"},
				"down": {"uv": [12.25, 10, 11.5, 10.75], "texture": "#0"}
			}
		},
		{
			"from": [1, 0, 12],
			"to": [4, 14, 15],
			"rotation": {"angle": 0, "axis": "y", "origin": [16, 0, 0]},
			"faces": {
				"north": {"uv": [7.75, 10, 8.5, 13.5], "texture": "#0"},
				"east": {"uv": [8.5, 10, 9.25, 13.5], "texture": "#0"},
				"south": {"uv": [9.25, 10, 10, 13.5], "texture": "#0"},
				"west": {"uv": [10, 10, 10.75, 13.5], "texture": "#0"},
				"up": {"uv": [12.25, 5.5, 11.5, 4.75], "texture": "#0"},
				"down": {"uv": [12.25, 5.5, 11.5, 6.25], "texture": "#0"}
			}
		},
		{
			"from": [12, 0, 1],
			"to": [15, 14, 4],
			"faces": {
				"north": {"uv": [4.25, 9, 5, 12.5], "texture": "#0"},
				"east": {"uv": [5, 9, 5.75, 12.5], "texture": "#0"},
				"south": {"uv": [5.75, 9, 6.5, 12.5], "texture": "#0"},
				"west": {"uv": [9.5, 6.5, 10.25, 10], "texture": "#0"},
				"up": {"uv": [3, 12.25, 2.25, 11.5], "texture": "#0"},
				"down": {"uv": [12.25, 4, 11.5, 4.75], "texture": "#0"}
			}
		},
		{
			"from": [1, 0, 1],
			"to": [4, 14, 4],
			"rotation": {"angle": 0, "axis": "y", "origin": [16, 0, 0]},
			"faces": {
				"north": {"uv": [8, 6.5, 8.75, 10], "texture": "#0"},
				"east": {"uv": [7, 8, 7.75, 11.5], "texture": "#0"},
				"south": {"uv": [8.75, 6.5, 9.5, 10], "texture": "#0"},
				"west": {"uv": [3.5, 9, 4.25, 12.5], "texture": "#0"},
				"up": {"uv": [1.5, 12.25, 0.75, 11.5], "texture": "#0"},
				"down": {"uv": [2.25, 11.5, 1.5, 12.25], "texture": "#0"}
			}
		}
	],
	"gui_light": "front",
	"display": {
		"thirdperson_righthand": {
			"rotation": [-125, 20, 180],
			"translation": [0, 2, 1.25],
			"scale": [0.3, 0.3, 0.3]
		},
		"thirdperson_lefthand": {
			"rotation": [-125, 20, 180],
			"translation": [0, 2, 1.25],
			"scale": [0.3, 0.3, 0.3]
		},
		"firstperson_righthand": {
			"rotation": [0, 145, 0],
			"translation": [-0.75, 2.25, 1.5],
			"scale": [0.3, 0.3, 0.3]
		},
		"firstperson_lefthand": {
			"rotation": [0, 145, 0],
			"translation": [-0.75, 2.25, 1.5],
			"scale": [0.3, 0.3, 0.3]
		},
		"ground": {
			"translation": [0, 0.75, 0],
			"scale": [0.3, 0.3, 0.3]
		},
		"gui": {
			"rotation": [-165, 45, -180],
			"translation": [0, -0.75, 0],
			"scale": [0.55, 0.55, 0.55]
		},
		"head": {
			"translation": [0, -33.5, 0],
			"scale": [1.2, 1.2, 1.2]
		},
		"fixed": {
			"rotation": [-90, 0, 0],
			"translation": [0, 0, -16],
			"scale": [2, 2, 2]
		}
	}
}