{"credit":"Made with Blockbench by yungwilder","texture_size":[64,64],"textures":{"0":"item/decor/wooden_ladder_paint","particle":"item/decor/wooden_ladder_paint"},"elements":[{"from":[3,-1.09776,2.98463],"to":[4,18.15224,4.98463],"rotation":{"angle":22.5,"axis":"x","origin":[1,8.90224,3.48463]},"faces":{"north":{"uv":[3.5,4,3.75,8.75],"texture":"#0"},"east":{"uv":[0,4,0.5,8.75],"texture":"#0"},"south":{"uv":[3.75,4,4,8.75],"texture":"#0"},"west":{"uv":[4,0,4.5,4.75],"texture":"#0"},"up":{"uv":[7.25,3.5,7,3],"texture":"#0"},"down":{"uv":[7.25,3.5,7,4],"texture":"#0"}}},{"from":[12,-1.25,3.75],"to":[13,18,5.75],"rotation":{"angle":22.5,"axis":"x","origin":[15,10.75,4.25]},"faces":{"north":{"uv":[4.5,0,4.75,4.75],"texture":"#0"},"east":{"uv":[0.5,4,1,8.75],"texture":"#0"},"south":{"uv":[4.75,0,5,4.75],"texture":"#0"},"west":{"uv":[1,4,1.5,8.75],"texture":"#0"},"up":{"uv":[7.25,4.5,7,4],"texture":"#0"},"down":{"uv":[7.25,4.5,7,5],"texture":"#0"}}},{"from":[4,0.75,4.25],"to":[12,1.75,5.25],"rotation":{"angle":22.5,"axis":"x","origin":[15,10.75,4.25]},"faces":{"north":{"uv":[5,2.5,7,2.75],"texture":"#0"},"east":{"uv":[6,7,6.25,7.25],"texture":"#0"},"south":{"uv":[5,2.75,7,3],"texture":"#0"},"west":{"uv":[7,6,7.25,6.25],"texture":"#0"},"up":{"uv":[7,3.25,5,3],"texture":"#0"},"down":{"uv":[7,3.25,5,3.5],"texture":"#0"}}},{"from":[4,6.75,4.25],"to":[12,7.75,5.25],"rotation":{"angle":22.5,"axis":"x","origin":[15,10.75,4.25]},"faces":{"north":{"uv":[5,3.5,7,3.75],"texture":"#0"},"east":{"uv":[6.25,7,6.5,7.25],"texture":"#0"},"south":{"uv":[5,3.75,7,4],"texture":"#0"},"west":{"uv":[7,6.25,7.25,6.5],"texture":"#0"},"up":{"uv":[7,4.25,5,4],"texture":"#0"},"down":{"uv":[7,4.25,5,4.5],"texture":"#0"}}},{"from":[4,12.75,4.25],"to":[12,13.75,5.25],"rotation":{"angle":22.5,"axis":"x","origin":[15,10.75,4.25]},"faces":{"north":{"uv":[5,4.5,7,4.75],"texture":"#0"},"east":{"uv":[6.5,7,6.75,7.25],"texture":"#0"},"south":{"uv":[5,4.75,7,5],"texture":"#0"},"west":{"uv":[7,6.5,7.25,6.75],"texture":"#0"},"up":{"uv":[7,5.25,5,5],"texture":"#0"},"down":{"uv":[7,5.25,5,5.5],"texture":"#0"}}},{"from":[3,-1.09776,11.01537],"to":[4,18.15224,13.01537],"rotation":{"angle":-22.5,"axis":"x","origin":[1,8.90224,12.51537]},"faces":{"north":{"uv":[4.5,4.75,4.75,9.5],"texture":"#0"},"east":{"uv":[2.5,4,3,8.75],"texture":"#0"},"south":{"uv":[4.75,4.75,5,9.5],"texture":"#0"},"west":{"uv":[3,4,3.5,8.75],"texture":"#0"},"up":{"uv":[7.25,6,7,5.5],"texture":"#0"},"down":{"uv":[6,7,5.75,7.5],"texture":"#0"}}},{"from":[12,-1.25,10.25],"to":[13,18,12.25],"rotation":{"angle":-22.5,"axis":"x","origin":[15,10.75,11.75]},"faces":{"north":{"uv":[4,4.75,4.25,9.5],"texture":"#0"},"east":{"uv":[1.5,4,2,8.75],"texture":"#0"},"south":{"uv":[4.25,4.75,4.5,9.5],"texture":"#0"},"west":{"uv":[2,4,2.5,8.75],"texture":"#0"},"up":{"uv":[5.5,7.5,5.25,7],"texture":"#0"},"down":{"uv":[5.75,7,5.5,7.5],"texture":"#0"}}},{"from":[4,0.75,10.75],"to":[12,2.75,11.75],"rotation":{"angle":-22.5,"axis":"x","origin":[15,10.75,11.75]},"faces":{"north":{"uv":[5,0,7,0.5],"texture":"#0"},"east":{"uv":[5,7,5.25,7.5],"texture":"#0"},"south":{"uv":[5,0.5,7,1],"texture":"#0"},"west":{"uv":[7,5,7.25,5.5],"texture":"#0"},"up":{"uv":[7,5.75,5,5.5],"texture":"#0"},"down":{"uv":[7,5.75,5,6],"texture":"#0"}}},{"from":[2,17,5.5],"to":[14,18,10.5],"rotation":{"angle":0,"axis":"y","origin":[0,0,1]},"faces":{"north":{"uv":[5,1,8,1.25],"texture":"#0"},"east":{"uv":[7,2.5,8.25,2.75],"texture":"#0"},"south":{"uv":[5,1.25,8,1.5],"texture":"#0"},"west":{"uv":[7,2.75,8.25,3],"texture":"#0"},"up":{"uv":[3,1.25,0,0],"texture":"#0"},"down":{"uv":[3,1.25,0,2.5],"texture":"#0"}}},{"from":[3.5,8,4],"to":[3.5,9,12],"rotation":{"angle":0,"axis":"y","origin":[0,0,1]},"faces":{"north":{"uv":[0,0,0,0.25],"texture":"#0"},"east":{"uv":[5,6,7,6.25],"texture":"#0"},"south":{"uv":[0,0,0,0.25],"texture":"#0"},"west":{"uv":[5,6.25,7,6.5],"texture":"#0"},"up":{"uv":[0,2,0,0],"texture":"#0"},"down":{"uv":[0,0,0,2],"texture":"#0"}}},{"from":[12.5,8,4],"to":[12.5,9,12],"rotation":{"angle":0,"axis":"y","origin":[0,0,1]},"faces":{"north":{"uv":[0,0,0,0.25],"texture":"#0"},"east":{"uv":[5,6.5,7,6.75],"texture":"#0"},"south":{"uv":[0,0,0,0.25],"texture":"#0"},"west":{"uv":[5,6.75,7,7],"texture":"#0"},"up":{"uv":[0,2,0,0],"texture":"#0"},"down":{"uv":[0,0,0,2],"texture":"#0"}}},{"from":[11,11.75,5.5],"to":[12,12.75,15.5],"rotation":{"angle":0,"axis":"y","origin":[0,0,1]},"faces":{"north":{"uv":[6.75,7,7,7.25],"texture":"#0"},"east":{"uv":[5,1.5,7.5,1.75],"texture":"#0"},"south":{"uv":[7,6.75,7.25,7],"texture":"#0"},"west":{"uv":[5,1.75,7.5,2],"texture":"#0"},"up":{"uv":[3.25,2.5,3,0],"texture":"#0"},"down":{"uv":[3.5,0,3.25,2.5],"texture":"#0"}}},{"from":[4,12.75,11.5],"to":[12,13.75,17.5],"rotation":{"angle":0,"axis":"y","origin":[0,0,1]},"faces":{"north":{"uv":[7,0,9,0.25],"texture":"#0"},"east":{"uv":[7,0.5,8.5,0.75],"texture":"#0"},"south":{"uv":[7,0.25,9,0.5],"texture":"#0"},"west":{"uv":[7,0.75,8.5,1],"texture":"#0"},"up":{"uv":[2,4,0,2.5],"texture":"#0"},"down":{"uv":[4,2.5,2,4],"texture":"#0"}}},{"from":[4,11.75,5.5],"to":[5,12.75,15.5],"rotation":{"angle":0,"axis":"y","origin":[0,0,1]},"faces":{"north":{"uv":[7,7,7.25,7.25],"texture":"#0"},"east":{"uv":[5,2,7.5,2.25],"texture":"#0"},"south":{"uv":[7.25,3,7.5,3.25],"texture":"#0"},"west":{"uv":[5,2.25,7.5,2.5],"texture":"#0"},"up":{"uv":[3.75,2.5,3.5,0],"texture":"#0"},"down":{"uv":[4,0,3.75,2.5],"texture":"#0"}}}],"gui_light":"front","display":{"thirdperson_righthand":{"translation":[0,3,0],"scale":[0.35,0.35,0.35]},"thirdperson_lefthand":{"translation":[0,3,0],"scale":[0.35,0.35,0.35]},"firstperson_righthand":{"rotation":[0,115,0],"translation":[0,3,0],"scale":[0.35,0.35,0.35]},"firstperson_lefthand":{"rotation":[0,115,0],"translation":[0,3,0],"scale":[0.35,0.35,0.35]},"ground":{"scale":[0.35,0.35,0.35]},"gui":{"rotation":[15,145,0],"scale":[0.6,0.6,0.6]},"head":{"translation":[0,-29,0],"scale":[1.6,1.6,1.6]},"fixed":{"rotation":[-90,0,0],"translation":[0,0,-17.75],"scale":[2,2,2]}}}