{
	"credit": "Made with Blockbench",
	"texture_size": [64, 64],
	"textures": {
		"0": "item/decor/wood_coffee_table",
		"particle": "item/decor/wood_coffee_table"
	},
	"elements": [
		{
			"from": [-8, 7, -8],
			"to": [24, 9, 24],
			"rotation": {"angle": 0, "axis": "y", "origin": [0, -7, 0]},
			"faces": {
				"north": {"uv": [8, 0, 16, 0.5], "texture": "#0"},
				"east": {"uv": [8, 0.5, 16, 1], "texture": "#0"},
				"south": {"uv": [8, 1, 16, 1.5], "texture": "#0"},
				"west": {"uv": [8, 1.5, 16, 2], "texture": "#0"},
				"up": {"uv": [8, 8, 0, 0], "texture": "#0"},
				"down": {"uv": [8, 8, 0, 16], "texture": "#0"}
			}
		},
		{
			"from": [-8, 2, -8],
			"to": [24, 4, 24],
			"rotation": {"angle": 0, "axis": "y", "origin": [0, -12, 0]},
			"faces": {
				"north": {"uv": [8, 0, 16, 0.5], "texture": "#0"},
				"east": {"uv": [8, 0.5, 16, 1], "texture": "#0"},
				"south": {"uv": [8, 1, 16, 1.5], "texture": "#0"},
				"west": {"uv": [8, 1.5, 16, 2], "texture": "#0"},
				"up": {"uv": [8, 8, 0, 0], "texture": "#0"},
				"down": {"uv": [8, 8, 0, 16], "texture": "#0"}
			}
		},
		{
			"from": [20, 0, -7],
			"to": [23, 7, -4],
			"faces": {
				"north": {"uv": [8, 2, 8.75, 3.75], "texture": "#0"},
				"east": {"uv": [8, 3.75, 8.75, 5.5], "texture": "#0"},
				"south": {"uv": [8, 5.5, 8.75, 7.25], "texture": "#0"},
				"west": {"uv": [8, 7.25, 8.75, 9], "texture": "#0"},
				"up": {"uv": [9.5, 2.75, 8.75, 2], "texture": "#0"},
				"down": {"uv": [9.5, 2.75, 8.75, 3.5], "texture": "#0"}
			}
		},
		{
			"from": [-7, 0, -7],
			"to": [-4, 7, -4],
			"rotation": {"angle": 0, "axis": "y", "origin": [-27, 0, 0]},
			"faces": {
				"north": {"uv": [8, 2, 8.75, 3.75], "texture": "#0"},
				"east": {"uv": [8, 3.75, 8.75, 5.5], "texture": "#0"},
				"south": {"uv": [8, 5.5, 8.75, 7.25], "texture": "#0"},
				"west": {"uv": [8, 7.25, 8.75, 9], "texture": "#0"},
				"up": {"uv": [9.5, 2.75, 8.75, 2], "texture": "#0"},
				"down": {"uv": [9.5, 2.75, 8.75, 3.5], "texture": "#0"}
			}
		},
		{
			"from": [-7, 0, 20],
			"to": [-4, 7, 23],
			"rotation": {"angle": 0, "axis": "y", "origin": [-27, 0, 27]},
			"faces": {
				"north": {"uv": [8, 2, 8.75, 3.75], "texture": "#0"},
				"east": {"uv": [8, 3.75, 8.75, 5.5], "texture": "#0"},
				"south": {"uv": [8, 5.5, 8.75, 7.25], "texture": "#0"},
				"west": {"uv": [8, 7.25, 8.75, 9], "texture": "#0"},
				"up": {"uv": [9.5, 2.75, 8.75, 2], "texture": "#0"},
				"down": {"uv": [9.5, 2.75, 8.75, 3.5], "texture": "#0"}
			}
		},
		{
			"from": [20, 0, 20],
			"to": [23, 7, 23],
			"rotation": {"angle": 0, "axis": "y", "origin": [0, 0, 27]},
			"faces": {
				"north": {"uv": [8, 2, 8.75, 3.75], "texture": "#0"},
				"east": {"uv": [8, 3.75, 8.75, 5.5], "texture": "#0"},
				"south": {"uv": [8, 5.5, 8.75, 7.25], "texture": "#0"},
				"west": {"uv": [8, 7.25, 8.75, 9], "texture": "#0"},
				"up": {"uv": [9.5, 2.75, 8.75, 2], "texture": "#0"},
				"down": {"uv": [9.5, 2.75, 8.75, 3.5], "texture": "#0"}
			}
		}
	],
	"gui_light": "front",
	"display": {
		"thirdperson_righthand": {
			"rotation": [-125, 20, 180],
			"translation": [2, 2, 1.25],
			"scale": [0.3, 0.3, 0.3]
		},
		"thirdperson_lefthand": {
			"rotation": [-125, 20, 180],
			"translation": [2, 2, 1.25],
			"scale": [0.3, 0.3, 0.3]
		},
		"firstperson_righthand": {
			"rotation": [0, 145, 0],
			"translation": [-0.75, 2.25, 1.5],
			"scale": [0.3, 0.3, 0.3]
		},
		"firstperson_lefthand": {
			"rotation": [0, 145, 0],
			"translation": [-0.75, 2.25, 1.5],
			"scale": [0.3, 0.3, 0.3]
		},
		"ground": {
			"translation": [0, 2.75, 0],
			"scale": [0.3, 0.3, 0.3]
		},
		"gui": {
			"rotation": [-165, 45, -180],
			"scale": [0.35, 0.35, 0.35]
		},
		"head": {
			"translation": [0, -35, 0]
		},
		"fixed": {
			"rotation": [-90, 0, 0],
			"translation": [0, -0.75, -16],
			"scale": [2, 2, 2]
		}
	}
}