{
	"credit": "Made with Blockbench",
	"texture_size": [128, 128],
	"textures": {
		"0": "item/decor/wood_cushion_loveseat"
	},
	"elements": [
		{
			"from": [28, 14, 0],
			"to": [32, 16, 18],
			"rotation": {"angle": 0, "axis": "y", "origin": [1, 11.5, 8.5]},
			"faces": {
				"north": {"uv": [7.5, 0.25, 8, 0.5], "texture": "#0"},
				"east": {"uv": [7, 4.25, 9.25, 4.5], "texture": "#0"},
				"south": {"uv": [7.5, 0, 8, 0.25], "texture": "#0"},
				"west": {"uv": [7, 4, 9.25, 4.25], "texture": "#0"},
				"up": {"uv": [4, 7.25, 3.5, 5], "rotation": 180, "texture": "#0"},
				"down": {"uv": [4, 7.25, 3.5, 5], "rotation": 180, "texture": "#0"}
			}
		},
		{
			"from": [-2, 14, 0],
			"to": [2, 16, 18],
			"rotation": {"angle": 0, "axis": "y", "origin": [1, 11.5, 8.5]},
			"faces": {
				"north": {"uv": [7.5, 0.25, 8, 0.5], "texture": "#0"},
				"east": {"uv": [7, 4.25, 9.25, 4.5], "texture": "#0"},
				"south": {"uv": [7.5, 0, 8, 0.25], "texture": "#0"},
				"west": {"uv": [7, 4, 9.25, 4.25], "texture": "#0"},
				"up": {"uv": [4, 7.25, 3.5, 5], "rotation": 180, "texture": "#0"},
				"down": {"uv": [4, 7.25, 3.5, 5], "rotation": 180, "texture": "#0"}
			}
		},
		{
			"from": [2, 14, 0],
			"to": [28, 16, 4],
			"rotation": {"angle": 0, "axis": "y", "origin": [1, 11.5, 8.5]},
			"faces": {
				"north": {"uv": [5.5, 5.25, 8.75, 5.5], "texture": "#0"},
				"east": {"uv": [0.875, 7.5, 1.375, 7.75], "texture": "#0"},
				"south": {"uv": [5.5, 5, 8.75, 5.25], "texture": "#0"},
				"west": {"uv": [7.5, 0.75, 8, 1], "texture": "#0"},
				"up": {"uv": [7, 4.5, 3.75, 4], "rotation": 180, "texture": "#0"},
				"down": {"uv": [7, 4, 3.75, 4.5], "rotation": 180, "texture": "#0"}
			}
		},
		{
			"from": [28, 0, 14],
			"to": [31, 14, 17],
			"rotation": {"angle": 0, "axis": "y", "origin": [1, 11.5, 8.5]},
			"faces": {
				"north": {"uv": [3.5, 7.25, 3.875, 9], "texture": "#0"},
				"east": {"uv": [3.875, 7.25, 4.25, 9], "texture": "#0"},
				"south": {"uv": [7.125, 5.5, 7.5, 7.25], "texture": "#0"},
				"west": {"uv": [0, 7.25, 0.375, 9], "texture": "#0"},
				"up": {"uv": [7.375, 7.625, 7, 7.25], "rotation": 180, "texture": "#0"},
				"down": {"uv": [7.75, 7.25, 7.375, 7.625], "rotation": 180, "texture": "#0"}
			}
		},
		{
			"from": [-1, 0, 14],
			"to": [2, 14, 17],
			"rotation": {"angle": 0, "axis": "y", "origin": [1, 11.5, 8.5]},
			"faces": {
				"north": {"uv": [3.5, 7.25, 3.875, 9], "texture": "#0"},
				"east": {"uv": [3.875, 7.25, 4.25, 9], "texture": "#0"},
				"south": {"uv": [7.125, 5.5, 7.5, 7.25], "texture": "#0"},
				"west": {"uv": [0, 7.25, 0.375, 9], "texture": "#0"},
				"up": {"uv": [7.375, 7.625, 7, 7.25], "rotation": 180, "texture": "#0"},
				"down": {"uv": [7.75, 7.25, 7.375, 7.625], "rotation": 180, "texture": "#0"}
			}
		},
		{
			"from": [-1, 0, 0],
			"to": [2, 14, 3],
			"rotation": {"angle": 0, "axis": "y", "origin": [1, 11.5, 8.5]},
			"faces": {
				"north": {"uv": [3.5, 7.25, 3.875, 9], "texture": "#0"},
				"east": {"uv": [3.875, 7.25, 4.25, 9], "texture": "#0"},
				"south": {"uv": [7.125, 5.5, 7.5, 7.25], "texture": "#0"},
				"west": {"uv": [0, 7.25, 0.375, 9], "texture": "#0"},
				"up": {"uv": [7.375, 7.625, 7, 7.25], "rotation": 180, "texture": "#0"},
				"down": {"uv": [7.75, 7.25, 7.375, 7.625], "rotation": 180, "texture": "#0"}
			}
		},
		{
			"from": [28, 0, 0],
			"to": [31, 14, 3],
			"rotation": {"angle": 0, "axis": "y", "origin": [1, 11.5, 8.5]},
			"faces": {
				"north": {"uv": [3.5, 7.25, 3.875, 9], "texture": "#0"},
				"east": {"uv": [3.875, 7.25, 4.25, 9], "texture": "#0"},
				"south": {"uv": [7.125, 5.5, 7.5, 7.25], "texture": "#0"},
				"west": {"uv": [0, 7.25, 0.375, 9], "texture": "#0"},
				"up": {"uv": [7.375, 7.625, 7, 7.25], "rotation": 180, "texture": "#0"},
				"down": {"uv": [7.75, 7.25, 7.375, 7.625], "rotation": 180, "texture": "#0"}
			}
		},
		{
			"from": [0, 11, 2],
			"to": [30, 23, 6],
			"rotation": {"angle": 0, "axis": "y", "origin": [1, 11.5, 8.5]},
			"faces": {
				"north": {"uv": [3.75, 3.5, 0, 5], "texture": "#0", "tintindex": 0},
				"east": {"uv": [0, 5.75, 0.5, 7.25], "texture": "#0", "tintindex": 0},
				"south": {"uv": [0, 3.5, 3.75, 5], "texture": "#0", "tintindex": 0},
				"west": {"uv": [0, 5.75, 0.5, 7.25], "texture": "#0", "tintindex": 0},
				"up": {"uv": [7.5, 3.5, 3.75, 3], "rotation": 180, "texture": "#0", "tintindex": 0},
				"down": {"uv": [7.5, 3.5, 3.75, 4], "rotation": 180, "texture": "#0"}
			}
		},
		{
			"from": [0, 7, 2],
			"to": [30, 11, 16],
			"rotation": {"angle": 0, "axis": "y", "origin": [1, 11.5, 8.5]},
			"faces": {
				"north": {"uv": [3.75, 1.5, 7.5, 2], "texture": "#0", "tintindex": 0},
				"east": {"uv": [0, 5, 1.75, 5.5], "texture": "#0", "tintindex": 0},
				"south": {"uv": [3.75, 1.5, 7.5, 2], "texture": "#0", "tintindex": 0},
				"west": {"uv": [0, 5, 1.75, 5.5], "texture": "#0", "tintindex": 0},
				"up": {"uv": [3.75, 1.75, 0, 0], "rotation": 180, "texture": "#0", "tintindex": 0},
				"down": {"uv": [3.75, 0, 0, 1.75], "rotation": 180, "texture": "#0", "tintindex": 0}
			}
		},
		{
			"from": [0, 5, 2],
			"to": [30, 7, 16],
			"rotation": {"angle": 0, "axis": "y", "origin": [1, 11.5, 8.5]},
			"faces": {
				"north": {"uv": [3.75, 2, 7.5, 2.25], "texture": "#0"},
				"east": {"uv": [0, 5.5, 1.75, 5.75], "texture": "#0"},
				"south": {"uv": [3.75, 2, 7.5, 2.25], "texture": "#0"},
				"west": {"uv": [0, 5.5, 1.75, 5.75], "texture": "#0"},
				"up": {"uv": [3.75, 3.5, 0, 1.75], "rotation": 180, "texture": "#0"},
				"down": {"uv": [3.75, 1.75, 0, 3.5], "rotation": 180, "texture": "#0"}
			}
		}
	],
	"gui_light": "front",
	"display": {
		"thirdperson_righthand": {
			"rotation": [-125, 20, 180],
			"translation": [0, 2, 1.25],
			"scale": [0.3, 0.3, 0.3]
		},
		"thirdperson_lefthand": {
			"rotation": [-125, 20, 180],
			"translation": [0, 2, 1.25],
			"scale": [0.3, 0.3, 0.3]
		},
		"firstperson_righthand": {
			"rotation": [0, 145, 0],
			"translation": [4.25, 2.25, 1.5],
			"scale": [0.3, 0.3, 0.3]
		},
		"firstperson_lefthand": {
			"rotation": [0, 145, 0],
			"translation": [-0.75, 2.25, 1.5],
			"scale": [0.3, 0.3, 0.3]
		},
		"ground": {
			"translation": [-2, 4, 0],
			"scale": [0.3, 0.3, 0.3]
		},
		"gui": {
			"rotation": [-165, 45, -180],
			"translation": [1.75, -1.5, 0],
			"scale": [0.35, 0.35, 0.35]
		},
		"head": {
			"translation": [-0.75, -35, -0.25],
			"scale": [1.1, 1.1, 1.1]
		},
		"fixed": {
			"rotation": [-90, 0, 0],
			"translation": [-2.25, 0, -16],
			"scale": [2, 2, 2]
		}
	}
}