{
	"credit": "Made with Blockbench",
	"texture_size": [128, 128],
	"textures": {
		"1": "item/decor/wood_pet_house",
		"particle": "item/decor/wood_pet_house"
	},
	"elements": [
		{
			"from": [1, 0, 0],
			"to": [15, 17, 16],
			"rotation": {"angle": 0, "axis": "y", "origin": [8, 10.81802, 8]},
			"faces": {
				"north": {"uv": [5, 0, 6.75, 2.125], "texture": "#1"},
				"east": {"uv": [2, 4, 4, 6.125], "texture": "#1"},
				"south": {"uv": [4, 4, 5.75, 6.125], "texture": "#1"},
				"west": {"uv": [2, 4, 4, 6.125], "texture": "#1"},
				"up": {"uv": [7.5, 4.125, 5.75, 2.125], "rotation": 180, "texture": "#1"},
				"down": {"uv": [7.5, 4.125, 5.75, 6.125], "rotation": 180, "texture": "#1"}
			}
		},
		{
			"from": [1, 0, 0],
			"to": [15, 17, 16],
			"rotation": {"angle": 0, "axis": "y", "origin": [8, 10.81802, 8]},
			"faces": {
				"north": {"uv": [5, 0, 6.75, 2.125], "texture": "#1"},
				"east": {"uv": [2, 4, 4, 6.125], "texture": "#1"},
				"south": {"uv": [4, 4, 5.75, 6.125], "texture": "#1"},
				"west": {"uv": [2, 4, 4, 6.125], "texture": "#1"},
				"up": {"uv": [7.5, 4.125, 5.75, 2.125], "rotation": 180, "texture": "#1"},
				"down": {"uv": [7.5, 4.125, 5.75, 6.125], "rotation": 180, "texture": "#1"}
			}
		},
		{
			"from": [1.48236, 1.28566, -2.025],
			"to": [3.53236, 17.33566, 18.025],
			"rotation": {"angle": -45, "axis": "z", "origin": [8, 10.81802, 8]},
			"faces": {
				"north": {"uv": [6.75, 0, 7, 2], "texture": "#1", "tintindex": 0},
				"east": {"uv": [0, 2, 2.5, 4], "texture": "#1", "tintindex": 0},
				"south": {"uv": [7, 0, 6.75, 2], "texture": "#1", "tintindex": 0},
				"west": {"uv": [0, 2, 2.5, 4], "texture": "#1", "tintindex": 0},
				"up": {"uv": [6.25, 8.625, 6, 6.125], "texture": "#1", "tintindex": 0},
				"down": {"uv": [6.5, 6.125, 6.25, 8.625], "texture": "#1", "tintindex": 0}
			}
		},
		{
			"from": [12.49264, 1.31066, -1.975],
			"to": [14.49264, 17.31066, 17.975],
			"rotation": {"angle": 45, "axis": "z", "origin": [8, 10.81802, 8]},
			"faces": {
				"north": {"uv": [7, 0, 6.75, 2], "texture": "#1", "tintindex": 0},
				"east": {"uv": [2.5, 2, 0, 4], "texture": "#1", "tintindex": 0},
				"south": {"uv": [6.75, 0, 7, 2], "texture": "#1", "tintindex": 0},
				"west": {"uv": [2.5, 2, 0, 4], "texture": "#1", "tintindex": 0},
				"up": {"uv": [6, 8.625, 6.25, 6.125], "texture": "#1"},
				"down": {"uv": [6.25, 6.125, 6.5, 8.625], "texture": "#1", "tintindex": 0}
			}
		},
		{
			"from": [0, 0, 14],
			"to": [3, 16, 17],
			"rotation": {"angle": 0, "axis": "y", "origin": [8, 10.81802, 8]},
			"faces": {
				"north": {"uv": [0.75, 6.125, 1.125, 8.125], "texture": "#1"},
				"east": {"uv": [1.125, 6.125, 1.5, 8.125], "texture": "#1"},
				"south": {"uv": [0, 6.125, 0.375, 8.125], "texture": "#1"},
				"west": {"uv": [0.375, 6.125, 0.75, 8.125], "texture": "#1"},
				"up": {"uv": [5.375, 2.5, 5, 2.125], "rotation": 180, "texture": "#1"},
				"down": {"uv": [5.375, 2.5, 5, 2.875], "rotation": 180, "texture": "#1"}
			}
		},
		{
			"from": [13, 0, 14],
			"to": [16, 16, 17],
			"rotation": {"angle": 0, "axis": "y", "origin": [8, 10.81802, 8]},
			"faces": {
				"north": {"uv": [2.25, 6.125, 2.625, 8.125], "texture": "#1"},
				"east": {"uv": [2.625, 6.125, 3, 8.125], "texture": "#1"},
				"south": {"uv": [1.5, 6.125, 1.875, 8.125], "texture": "#1"},
				"west": {"uv": [1.875, 6.125, 2.25, 8.125], "texture": "#1"},
				"up": {"uv": [5.375, 3.25, 5, 2.875], "rotation": 180, "texture": "#1"},
				"down": {"uv": [5.375, 3.25, 5, 3.625], "rotation": 180, "texture": "#1"}
			}
		},
		{
			"from": [13, 0, -1],
			"to": [16, 16, 2],
			"rotation": {"angle": 0, "axis": "y", "origin": [8, 10.81802, 8]},
			"faces": {
				"north": {"uv": [5.25, 6.125, 5.625, 8.125], "texture": "#1"},
				"east": {"uv": [5.625, 6.125, 6, 8.125], "texture": "#1"},
				"south": {"uv": [4.5, 6.125, 4.875, 8.125], "texture": "#1"},
				"west": {"uv": [4.875, 6.125, 5.25, 8.125], "texture": "#1"},
				"up": {"uv": [5.75, 2.875, 5.375, 2.5], "rotation": 180, "texture": "#1"},
				"down": {"uv": [5.75, 2.875, 5.375, 3.25], "rotation": 180, "texture": "#1"}
			}
		},
		{
			"from": [0, 0, -1],
			"to": [3, 16, 2],
			"rotation": {"angle": 0, "axis": "y", "origin": [8, 10.81802, 8]},
			"faces": {
				"north": {"uv": [3.75, 6.125, 4.125, 8.125], "texture": "#1"},
				"east": {"uv": [4.125, 6.125, 4.5, 8.125], "texture": "#1"},
				"south": {"uv": [3, 6.125, 3.375, 8.125], "texture": "#1"},
				"west": {"uv": [3.375, 6.125, 3.75, 8.125], "texture": "#1"},
				"up": {"uv": [5.375, 4, 5, 3.625], "rotation": 180, "texture": "#1"},
				"down": {"uv": [5.75, 2.125, 5.375, 2.5], "rotation": 180, "texture": "#1"}
			}
		},
		{
			"name": "cube_outline",
			"from": [15, 17.05, 16],
			"to": [1, 0.05, 0],
			"rotation": {"angle": 0, "axis": "y", "origin": [8, 10.81802, 8]},
			"faces": {
				"north": {"uv": [4, 4, 5.75, 6.125], "rotation": 180, "texture": "#1"},
				"east": {"uv": [2, 4, 4, 6.125], "rotation": 180, "texture": "#1"},
				"south": {"uv": [5, 0, 6.75, 2.125], "rotation": 180, "texture": "#1"},
				"west": {"uv": [2, 4, 4, 6.125], "rotation": 180, "texture": "#1"},
				"up": {"uv": [7.5, 4.125, 5.75, 6.125], "texture": "#1"},
				"down": {"uv": [7.5, 4.125, 5.75, 2.125], "texture": "#1"}
			}
		}
	],
	"gui_light": "front",
	"display": {
		"thirdperson_righthand": {
			"rotation": [-125, 20, 180],
			"translation": [1, 2, 1.25],
			"scale": [0.3, 0.3, 0.3]
		},
		"thirdperson_lefthand": {
			"rotation": [-125, 20, 180],
			"translation": [1, 2, 1.25],
			"scale": [0.3, 0.3, 0.3]
		},
		"firstperson_righthand": {
			"rotation": [0, 145, 0],
			"translation": [-0.75, 3.75, 1.5],
			"scale": [0.3, 0.3, 0.3]
		},
		"firstperson_lefthand": {
			"rotation": [0, 145, 0],
			"translation": [-0.75, 3.75, 1.5],
			"scale": [0.3, 0.3, 0.3]
		},
		"ground": {
			"scale": [0.3, 0.3, 0.3]
		},
		"gui": {
			"rotation": [-165, 45, -180],
			"translation": [0, -1, 0],
			"scale": [0.45, 0.45, 0.45]
		},
		"head": {
			"translation": [0, -34.25, 0],
			"scale": [1.1, 1.1, 1.1]
		},
		"fixed": {
			"rotation": [-90, 0, 0],
			"translation": [0, 0, -16],
			"scale": [2, 2, 2]
		}
	}
}