{
    "parent":"item/handheld",
    "textures":{
        "layer0":"item/flint"
    },
    "overrides":[
        {
            "predicate":{
                "custom_model_data":1000
            },
            "model":"item/etc/boom"
        },
        {
            "predicate":{
                "custom_model_data":1001
            },
            "model":"item/etc/socks"
        },
        {
            "predicate":{
                "custom_model_data":1002
            },
            "model":"item/etc/lovepink"
        },
        {
            "predicate":{
                "custom_model_data":1003
            },
            "model":"item/etc/crown"
        },
        {
            "predicate":{
                "custom_model_data":1004
            },
            "model":"item/etc/deer"
        },
        {
            "predicate":{
                "custom_model_data":1005
            },
            "model":"item/etc/starfish"
        },
        {
            "predicate":{
                "custom_model_data":1006
            },
            "model":"item/etc/bottle"
        },
        {
            "predicate":{
                "custom_model_data":1007
            },
            "model":"item/etc/bonobono"
        },
        {
            "predicate":{
                "custom_model_data":1009
            },
            "model":"item/etc/phone"
        },
        {
            "predicate":{
                "custom_model_data":1010
            },
            "model":"item/etc/paper"
        },
        {
            "predicate":{
                "custom_model_data":1011
            },
            "model":"item/etc/soju"
        },
        {
            "predicate":{
                "custom_model_data":1012
            },
            "model":"item/etc/beer"
        },
        {
            "predicate":{
                "custom_model_data":1013
            },
            "model":"item/etc/mussel"
        },
        {
            "predicate":{
                "custom_model_data":1014
            },
            "model":"item/etc/snail"
        },
        {
            "predicate":{
                "custom_model_data":1015
            },
            "model":"item/etc/tire"
        },
        {
            "predicate":{
                "custom_model_data":1016
            },
            "model":"item/etc/tissue"
        },
        {
            "predicate":{
                "custom_model_data":1017
            },
            "model":"item/etc/news"
        },
        {
            "predicate":{
                "custom_model_data":1018
            },
            "model":"item/etc/etc1"
        },
        {
            "predicate":{
                "custom_model_data":1019
            },
            "model":"item/etc/etc2"
        },
        {
            "predicate":{
                "custom_model_data":1020
            },
            "model":"item/etc/coin"
        },
        {
            "predicate":{
                "custom_model_data":1021
            },
            "model":"item/etc/ranbox1"
        },
        {
            "predicate":{
                "custom_model_data":1022
            },
            "model":"item/etc/ranbox2"
        },
        {
            "predicate":{
                "custom_model_data":1023
            },
            "model":"item/etc/ranbox3"
        },
        {
            "predicate":{
                "custom_model_data":1024
            },
            "model":"item/etc/ranbox4"
        },
        {
            "predicate":{
                "custom_model_data":1025
            },
            "model":"item/etc/ranbox5"
        },
        {
            "predicate":{
                "custom_model_data":1026
            },
            "model":"item/etc/ranbox6"
        },
        {
            "predicate":{
                "custom_model_data":1027
            },
            "model":"item/etc/ranbox7"
        },
        {
            "predicate":{
                "custom_model_data":1028
            },
            "model":"item/etc/ranbox8"
        },
        {
            "predicate":{
                "custom_model_data":1029
            },
            "model":"item/etc/ranbox9"
        },
        {
            "predicate":{
                "custom_model_data":1030
            },
            "model":"item/etc/ranbox10"
        },
        {
            "predicate":{
                "custom_model_data":1031
            },
            "model":"item/etc/ranbox11"
        },
        {
            "predicate":{
                "custom_model_data":1032
            },
            "model":"item/etc/trash_can"
        },
        {
            "predicate":{
                "custom_model_data":1033
            },
            "model":"item/etc/fishing"
        },
        {
            "predicate":{
                "custom_model_data":1034
            },
            "model":"item/etc/treasure"
        },
        {
            "predicate":{
                "custom_model_data":1035
            },
            "model":"item/etc/bat"
        },
        {
            "predicate":{
                "custom_model_data":1036
            },
            "model":"item/etc/coin2"
        },
        {
            "predicate":{
                "custom_model_data":1037
            },
            "model":"item/etc/ms"
        },
        {
            "predicate":{
                "custom_model_data":1038
            },
            "model":"item/etc/star"
        },
        {
            "predicate":{
                "custom_model_data":1039
            },
            "model":"item/etc/knife"
        },
        {
            "predicate":{
                "custom_model_data":1040
            },
            "model":"item/etc/magic"
        },
        {
            "predicate":{
                "custom_model_data":1041
            },
            "model":"item/etc/headset"
        },
        {
            "predicate":{
                "custom_model_data":1042
            },
            "model":"item/etc/arrow"
        },
        {
            "predicate":{
                "custom_model_data":1043
            },
            "model":"item/etc/coin3"
        },
        {
            "predicate":{
                "custom_model_data":1044
            },
            "model":"item/etc/1"
        },
        {
            "predicate":{
                "custom_model_data":1045
            },
            "model":"item/etc/torch"
        },
        {
            "predicate":{
                "custom_model_data":1046
            },
            "model":"item/etc/bee"
        },
        {
            "predicate":{
                "custom_model_data":1047
            },
            "model":"item/etc/phantom"
        },
        {
            "predicate":{
                "custom_model_data":1048
            },
            "model":"item/etc/piracy"
        },
        {
            "predicate":{
                "custom_model_data":1049
            },
            "model":"item/etc/rabbit"
        },
        {
            "predicate":{
                "custom_model_data":1050
            },
            "model":"item/etc/santa"
        },
        {
            "predicate":{
                "custom_model_data":1051
            },
            "model":"item/etc/bemo"
        },
        {
            "predicate":{
                "custom_model_data":1052
            },
            "model":"item/etc/cuuuuu"
        },
        {
            "predicate":{
                "custom_model_data":1053
            },
            "model":"item/etc/horn"
        },
        {
            "predicate":{
                "custom_model_data":1054
            },
            "model":"item/etc/enma"
        }
    ]
}